active_count_mean,arm,bit_mix,bits,bpp,byte_cap,bytes,candidate_key,candidate_revalidated,cold_decode_render_seconds,cold_decoded_field_sha256,cold_parity_atol,cold_parity_domain,cold_parity_max_abs,completed_at,coverage_fraction,decode_seconds,denominator_edge_mean,denominator_mean,edge_fraction,edge_mse,edge_pixels,effective_count_edge_mean,effective_count_mean,effective_count_texture_mean,encode_seconds,fit_key,fit_plus_search_seconds,height,image_id,in_memory_decode_seconds,in_memory_decoded_field_sha256,lpips,lpips_error,manifest_sha256,ms_ssim,n_gaussians,original_pixel_denominator,peak_vram_allocated_mb,peak_vram_reserved_mb,prediction_aligned_cross_edge_contrast,previous_stream_sha256,process_peak_rss_mb,psnr,qat_iters,qat_seconds,reconstruction_path,render_fps,render_seconds,responsibility_entropy_edge_mean,responsibility_entropy_mean,schema,selected_stream_path,selection_status,signed_cross_edge_bleed,ssim,status,stream_components,stream_path,stream_reencoded_identical,stream_sha256,target_bpp,target_cross_edge_contrast,texture_fraction,texture_mse,texture_pixels,width
45.67677643707056,tensor_wse,"[16, 8, 8, 8]",16/8/8/8,0.48231104407575,179010,172677,6820e4bb871c375d9837e2ea,True,0.011117406189441681,876017e4320ad89eb13d6c02f8bd36471782d80c3309eed2481f64757db7919b,1e-06,persisted_stream_decoded_field_state,0.0,2026-07-14T14:14:48.327156+00:00,1.0,0.0011732829734683037,2.753750801086426,2.9534244537353516,0.40736376459415674,0.0024736164424925913,1166755,6.2060465812683105,6.440901279449463,6.629197597503662,0.013670493848621845,c5455339d64634c17abe581d,40.588343281298876,1404,0001,0.0011238735169172287,876017e4320ad89eb13d6c02f8bd36471782d80c3309eed2481f64757db7919b,0.31840449571609497,,ad16c5df6888d5d76afdeb51cf1a297b898d3fa7bf3b8e9f2bed473cca748f83,0.9193989634513855,20779,2864160,535.11279296875,580.0,0.15593534366271972,136401a8c2a52e67741044be0f60ad6d4e8dcf6fb66d421e195d7acdcd53f214,1462.296875,28.4041690826416,0,0.0,reconstructions/0001/tensor_wse/target-0p5-6820e4bb871c375d9837e2ea.png,111.89863589443775,0.008936659432947636,1.9953211545944214,2.0230536460876465,structsplat.bench007.v1,streams/selected/0001/tensor_wse/target-0p5-6820e4bb871c375d9837e2ea.sspl1,ok,0.04633170569038956,0.8019447922706604,ok,"{""header_bytes"": 684, ""header_json_bytes"": 675, ""header_length_prefix_bytes"": 4, ""magic_bytes"": 5, ""streams"": {""colors"": {""framed_bytes"": 53414, ""framing_bytes"": 4, ""payload_bytes"": 53410, ""raw_bytes"": 62337}, ""means"": {""framed_bytes"": 61170, ""framing_bytes"": 4, ""payload_bytes"": 61166, ""raw_bytes"": 83116}, ""rotation"": {""framed_bytes"": 20799, ""framing_bytes"": 4, ""payload_bytes"": 20795, ""raw_bytes"": 20779}, ""scales"": {""framed_bytes"": 36610, ""framing_bytes"": 4, ""payload_bytes"": 36606, ""raw_bytes"": 41558}}, ""total_bytes"": 172677}",streams/candidates/0001/tensor_wse/n20779-b16-8-8-8-6820e4bb871c375d9837e2ea.sspl1,True,136401a8c2a52e67741044be0f60ad6d4e8dcf6fb66d421e195d7acdcd53f214,0.5,0.20226704935310924,0.14815932070834031,0.0013627921028509166,424352,2040
55.70516591251885,tensor_wse,"[16, 8, 8, 8]",16/8/8/8,0.9312021674766773,358020,333389,2dd6c434fc3a8a9b98244b72,True,0.01348127331584692,03cde972b9fb2eb17ff220b8ad74c22689e3eda2b375431296d2a93d2abdc504,1e-06,persisted_stream_decoded_field_state,0.0,2026-07-14T14:14:51.617344+00:00,1.0,0.0019501270726323128,3.5600318908691406,3.6170716285705566,0.40736376459415674,0.0012074029238831917,1166755,7.725414276123047,7.7305498123168945,7.861386299133301,0.05336103122681379,f031ebe1c178fda2122ea105,51.31867090333253,1404,0001,0.002316206693649292,03cde972b9fb2eb17ff220b8ad74c22689e3eda2b375431296d2a93d2abdc504,0.22154226899147034,,ad16c5df6888d5d76afdeb51cf1a297b898d3fa7bf3b8e9f2bed473cca748f83,0.959197998046875,41558,2864160,537.64990234375,584.0,0.18142153450214105,4e94741b6ce473bbfce2ecec457e4b2da18bda305eb55be2893644506c1f5e5f,1465.515625,31.19696617126465,0,0.0,reconstructions/0001/tensor_wse/target-1-2dd6c434fc3a8a9b98244b72.png,103.03371211964918,0.009705561213195324,2.2503206729888916,2.2343475818634033,structsplat.bench007.v1,streams/selected/0001/tensor_wse/target-1-2dd6c434fc3a8a9b98244b72.sspl1,ok,0.020845514850968232,0.8750880360603333,ok,"{""header_bytes"": 684, ""header_json_bytes"": 675, ""header_length_prefix_bytes"": 4, ""magic_bytes"": 5, ""streams"": {""colors"": {""framed_bytes"": 105068, ""framing_bytes"": 4, ""payload_bytes"": 105064, ""raw_bytes"": 124674}, ""means"": {""framed_bytes"": 113949, ""framing_bytes"": 4, ""payload_bytes"": 113945, ""raw_bytes"": 166232}, ""rotation"": {""framed_bytes"": 41583, ""framing_bytes"": 4, ""payload_bytes"": 41579, ""raw_bytes"": 41558}, ""scales"": {""framed_bytes"": 72105, ""framing_bytes"": 4, ""payload_bytes"": 72101, ""raw_bytes"": 83116}}, ""total_bytes"": 333389}",streams/candidates/0001/tensor_wse/n41558-b16-8-8-8-2dd6c434fc3a8a9b98244b72.sspl1,True,4e94741b6ce473bbfce2ecec457e4b2da18bda305eb55be2893644506c1f5e5f,1.0,0.20226704935310924,0.14815932070834031,0.0007706087588859885,424352,2040
41.8530291603821,quadtree_wse,"[16, 8, 8, 8]",16/8/8/8,0.4787833081950729,179010,171414,5a6a384a116c0cbb9484a9e5,True,0.00998351164162159,82a9781b413e0581dbf656913d239689b60554548cd9d92080312d32eb9f90cc,1e-06,persisted_stream_decoded_field_state,0.0,2026-07-14T14:14:55.382239+00:00,1.0,0.001058373600244522,2.6564650535583496,2.731518030166626,0.40736376459415674,0.00254621896133945,1166755,6.030683517456055,6.0265984535217285,6.140778541564941,0.013584152795374393,bb0bd4e1ff8609c9cd6a9a4e,41.213629104197025,1404,0001,0.0010993238538503647,82a9781b413e0581dbf656913d239689b60554548cd9d92080312d32eb9f90cc,0.3243594467639923,,ad16c5df6888d5d76afdeb51cf1a297b898d3fa7bf3b8e9f2bed473cca748f83,0.9115892052650452,20779,2864160,535.11279296875,580.0,0.155467268294911,894145aa2eaea145f813e71096a1619a8cbbe19fc27ee9c513b004cfdf7e65ab,1467.421875,28.229291915893555,0,0.0,reconstructions/0001/quadtree_wse/target-0p5-5a6a384a116c0cbb9484a9e5.png,126.53878509585084,0.007902715355157852,1.9618276357650757,1.9540598392486572,structsplat.bench007.v1,streams/selected/0001/quadtree_wse/target-0p5-5a6a384a116c0cbb9484a9e5.sspl1,ok,0.04679978105819825,0.7926217317581177,ok,"{""header_bytes"": 683, ""header_json_bytes"": 674, ""header_length_prefix_bytes"": 4, ""magic_bytes"": 5, ""streams"": {""colors"": {""framed_bytes"": 51935, ""framing_bytes"": 4, ""payload_bytes"": 51931, ""raw_bytes"": 62337}, ""means"": {""framed_bytes"": 61178, ""framing_bytes"": 4, ""payload_bytes"": 61174, ""raw_bytes"": 83116}, ""rotation"": {""framed_bytes"": 20799, ""framing_bytes"": 4, ""payload_bytes"": 20795, ""raw_bytes"": 20779}, ""scales"": {""framed_bytes"": 36819, ""framing_bytes"": 4, ""payload_bytes"": 36815, ""raw_bytes"": 41558}}, ""total_bytes"": 171414}",streams/candidates/0001/quadtree_wse/n20779-b16-8-8-8-5a6a384a116c0cbb9484a9e5.sspl1,True,894145aa2eaea145f813e71096a1619a8cbbe19fc27ee9c513b004cfdf7e65ab,0.5,0.20226704935310924,0.14815932070834031,0.0014302366084573053,424352,2040
54.39142121948495,quadtree_wse,"[16, 8, 8, 8]",16/8/8/8,0.948008491145746,358020,339406,00ffbf4cd25b61e04f741c4a,True,0.014233455061912537,7cb6ab46bc197fdad793293053e92493eb212416eaf40ed15b50fe7c9e8ddd69,1e-06,persisted_stream_decoded_field_state,0.0,2026-07-14T14:14:58.639510+00:00,1.0,0.0019262265413999557,3.6100642681121826,3.5516245365142822,0.40736376459415674,0.0011603779147687627,1166755,7.855978488922119,7.61983060836792,7.696401119232178,0.05208784434944391,c918ee707a78125dfe3a0626,51.63331445399672,1404,0001,0.002299726940691471,7cb6ab46bc197fdad793293053e92493eb212416eaf40ed15b50fe7c9e8ddd69,0.21701432764530182,,ad16c5df6888d5d76afdeb51cf1a297b898d3fa7bf3b8e9f2bed473cca748f83,0.9614633917808533,41558,2864160,537.64990234375,584.0,0.18156665580053113,8ed79971a196f24664884d886d1b24b7cb685f1d9f148eccb58d8aa993b6b027,1467.421875,31.35074806213379,0,0.0,reconstructions/0001/quadtree_wse/target-1-00ffbf4cd25b61e04f741c4a.png,95.41700092862887,0.010480312630534172,2.2677204608917236,2.2209126949310303,structsplat.bench007.v1,streams/selected/0001/quadtree_wse/target-1-00ffbf4cd25b61e04f741c4a.sspl1,ok,0.020700393552578165,0.8772408962249756,ok,"{""header_bytes"": 684, ""header_json_bytes"": 675, ""header_length_prefix_bytes"": 4, ""magic_bytes"": 5, ""streams"": {""colors"": {""framed_bytes"": 110585, ""framing_bytes"": 4, ""payload_bytes"": 110581, ""raw_bytes"": 124674}, ""means"": {""framed_bytes"": 114147, ""framing_bytes"": 4, ""payload_bytes"": 114143, ""raw_bytes"": 166232}, ""rotation"": {""framed_bytes"": 41583, ""framing_bytes"": 4, ""payload_bytes"": 41579, ""raw_bytes"": 41558}, ""scales"": {""framed_bytes"": 72407, ""framing_bytes"": 4, ""payload_bytes"": 72403, ""raw_bytes"": 83116}}, ""total_bytes"": 339406}",streams/candidates/0001/quadtree_wse/n41558-b16-8-8-8-00ffbf4cd25b61e04f741c4a.sspl1,True,8ed79971a196f24664884d886d1b24b7cb685f1d9f148eccb58d8aa993b6b027,1.0,0.20226704935310924,0.14815932070834031,0.0007662114098589582,424352,2040
30.436463395899672,local_slic_sobel_control,"[16, 8, 8, 8]",16/8/8/8,0.48046198536394613,179010,172015,5263e430cf6271bc5556a9ea,True,0.007119283080101013,cd356dbb71cee91a006bc7b2b9cba410edc4fb5c0d1a78176248ce08809cca30,1e-06,persisted_stream_decoded_field_state,0.0,2026-07-14T14:15:02.394974+00:00,1.0,0.0011158538982272148,2.1111576557159424,2.2623400688171387,0.40736376459415674,0.0028013494463189586,1166755,5.210953712463379,5.2613983154296875,5.108338356018066,0.014186925254762173,11c0550fd2a44374d3b44990,30.206615399569273,1404,0001,0.0011833831667900085,cd356dbb71cee91a006bc7b2b9cba410edc4fb5c0d1a78176248ce08809cca30,0.328303724527359,,ad16c5df6888d5d76afdeb51cf1a297b898d3fa7bf3b8e9f2bed473cca748f83,0.9092729687690735,20779,2864160,535.11279296875,580.0,0.15064630243373917,07bfc8576c283c60f5f668f7197c7b4569bbe212733b04db872dde43650e474a,1467.62109375,27.880985260009766,0,0.0,reconstructions/0001/local_slic_sobel_control/target-0p5-5263e430cf6271bc5556a9ea.png,200.12021730006092,0.004996996372938156,1.8018375635147095,1.7909022569656372,structsplat.bench007.v1,streams/selected/0001/local_slic_sobel_control/target-0p5-5263e430cf6271bc5556a9ea.sspl1,ok,0.05162074691937014,0.7885248064994812,ok,"{""header_bytes"": 685, ""header_json_bytes"": 676, ""header_length_prefix_bytes"": 4, ""magic_bytes"": 5, ""streams"": {""colors"": {""framed_bytes"": 52812, ""framing_bytes"": 4, ""payload_bytes"": 52808, ""raw_bytes"": 62337}, ""means"": {""framed_bytes"": 60961, ""framing_bytes"": 4, ""payload_bytes"": 60957, ""raw_bytes"": 83116}, ""rotation"": {""framed_bytes"": 19745, ""framing_bytes"": 4, ""payload_bytes"": 19741, ""raw_bytes"": 20779}, ""scales"": {""framed_bytes"": 37812, ""framing_bytes"": 4, ""payload_bytes"": 37808, ""raw_bytes"": 41558}}, ""total_bytes"": 172015}",streams/candidates/0001/local_slic_sobel_control/n20779-b16-8-8-8-5263e430cf6271bc5556a9ea.sspl1,True,07bfc8576c283c60f5f668f7197c7b4569bbe212733b04db872dde43650e474a,0.5,0.20226704935310924,0.14815932070834031,0.0015313394069432294,424352,2040
35.61088905647729,local_slic_sobel_control,"[16, 8, 8, 8]",16/8/8/8,0.939961454667337,358020,336525,c4c1b50aa1c00c2400d7e165,True,0.008745117112994194,b5886a28c19976c6c147a3e8a47d534a74fd0b0c011a438a8a0fe186d77ebc31,1e-06,persisted_stream_decoded_field_state,0.0,2026-07-14T14:15:05.656368+00:00,1.0,0.002053346484899521,2.6587233543395996,2.8044090270996094,0.40736376459415674,0.0013304643931255783,1166755,6.3071112632751465,6.3284502029418945,6.197070598602295,0.055691893212497234,a2640d60a37f24b14788c1fe,30.61048524826765,1404,0001,0.00252537801861763,b5886a28c19976c6c147a3e8a47d534a74fd0b0c011a438a8a0fe186d77ebc31,0.22275027632713318,,ad16c5df6888d5d76afdeb51cf1a297b898d3fa7bf3b8e9f2bed473cca748f83,0.9559163451194763,41558,2864160,537.64990234375,584.0,0.17895113056321382,cdc8991815f606c82d4d703a67e3a683c99a0b84cd5e5f20446dca052e842a61,1467.62109375,30.786657333374023,0,0.0,reconstructions/0001/local_slic_sobel_control/target-1-c4c1b50aa1c00c2400d7e165.png,206.19728107491102,0.004849724471569061,2.027984857559204,2.0086007118225098,structsplat.bench007.v1,streams/selected/0001/local_slic_sobel_control/target-1-c4c1b50aa1c00c2400d7e165.sspl1,ok,0.0233159187898955,0.8695856332778931,ok,"{""header_bytes"": 684, ""header_json_bytes"": 675, ""header_length_prefix_bytes"": 4, ""magic_bytes"": 5, ""streams"": {""colors"": {""framed_bytes"": 107542, ""framing_bytes"": 4, ""payload_bytes"": 107538, ""raw_bytes"": 124674}, ""means"": {""framed_bytes"": 113745, ""framing_bytes"": 4, ""payload_bytes"": 113741, ""raw_bytes"": 166232}, ""rotation"": {""framed_bytes"": 39312, ""framing_bytes"": 4, ""payload_bytes"": 39308, ""raw_bytes"": 41558}, ""scales"": {""framed_bytes"": 75242, ""framing_bytes"": 4, ""payload_bytes"": 75238, ""raw_bytes"": 83116}}, ""total_bytes"": 336525}",streams/candidates/0001/local_slic_sobel_control/n41558-b16-8-8-8-c4c1b50aa1c00c2400d7e165.sspl1,True,cdc8991815f606c82d4d703a67e3a683c99a0b84cd5e5f20446dca052e842a61,1.0,0.20226704935310924,0.14815932070834031,0.0008794210104282043,424352,2040
31.85291638735266,local_gradient_control,"[16, 8, 8, 8]",16/8/8/8,0.4783391989274342,179010,171255,01b62de61e4c81753e263808,True,0.00792363379150629,272165889d919e639c2ec4587758fdc41ccf83838ca55665da186686f0f677ea,1e-06,persisted_stream_decoded_field_state,0.0,2026-07-14T14:15:09.442152+00:00,1.0,0.0012157540768384933,2.1582655906677246,2.3413326740264893,0.40736376459415674,0.002804730219312929,1166755,5.26801061630249,5.395625114440918,5.567238807678223,0.014021802693605423,ff22050c17950cd7bbce49d8,33.60962357651442,1404,0001,0.0011637844145298004,272165889d919e639c2ec4587758fdc41ccf83838ca55665da186686f0f677ea,0.31874915957450867,,ad16c5df6888d5d76afdeb51cf1a297b898d3fa7bf3b8e9f2bed473cca748f83,0.9156316518783569,20779,2864160,535.11279296875,580.0,0.1489737450135508,7f0827a8cb8e02a820b1bf14c10e802a423be4a976729fb61aa034459bdb313a,1468.03515625,28.030590057373047,0,0.0,reconstructions/0001/local_gradient_control/target-0p5-01b62de61e4c81753e263808.png,175.70441832680993,0.005691376514732838,1.8081128597259521,1.82318913936615,structsplat.bench007.v1,streams/selected/0001/local_gradient_control/target-0p5-01b62de61e4c81753e263808.sspl1,ok,0.05329330433955852,0.7956768870353699,ok,"{""header_bytes"": 678, ""header_json_bytes"": 669, ""header_length_prefix_bytes"": 4, ""magic_bytes"": 5, ""streams"": {""colors"": {""framed_bytes"": 53037, ""framing_bytes"": 4, ""payload_bytes"": 53033, ""raw_bytes"": 62337}, ""means"": {""framed_bytes"": 61111, ""framing_bytes"": 4, ""payload_bytes"": 61107, ""raw_bytes"": 83116}, ""rotation"": {""framed_bytes"": 19743, ""framing_bytes"": 4, ""payload_bytes"": 19739, ""raw_bytes"": 20779}, ""scales"": {""framed_bytes"": 36686, ""framing_bytes"": 4, ""payload_bytes"": 36682, ""raw_bytes"": 41558}}, ""total_bytes"": 171255}",streams/candidates/0001/local_gradient_control/n20779-b16-8-8-8-01b62de61e4c81753e263808.sspl1,True,7f0827a8cb8e02a820b1bf14c10e802a423be4a976729fb61aa034459bdb313a,0.5,0.20226704935310924,0.14815932070834031,0.0013547302064098128,424352,2040
36.16005181274789,local_gradient_control,"[16, 8, 8, 8]",16/8/8/8,0.9377129769286632,358020,335720,c1b13d6cc83144d55e4dfed5,True,0.008937408216297626,9ef015cf27dc6bcaed462c615f4a303abbd37d718a57ed73414b0b3ebd43bff2,1e-06,persisted_stream_decoded_field_state,0.0,2026-07-14T14:15:12.672166+00:00,1.0,0.0020570866763591766,2.66210675239563,2.851271390914917,0.40736376459415674,0.0012782992474701777,1166755,6.234642505645752,6.396429061889648,6.555534839630127,0.05418998561799526,21f078571c0f0ded27b741b9,31.71646017022431,1404,0001,0.0024301474913954735,9ef015cf27dc6bcaed462c615f4a303abbd37d718a57ed73414b0b3ebd43bff2,0.21103601157665253,,ad16c5df6888d5d76afdeb51cf1a297b898d3fa7bf3b8e9f2bed473cca748f83,0.960132360458374,41558,2864160,537.64990234375,584.0,0.1793882023974173,93e7d884b9b9147cb1793ec2a5504db84b1fd8a940c32ecdc3c18f5da606ada9,1468.03515625,31.110017776489258,0,0.0,reconstructions/0001/local_gradient_control/target-1-c1b13d6cc83144d55e4dfed5.png,198.4542030748576,0.005038945935666561,2.0175669193267822,2.02397084236145,structsplat.bench007.v1,streams/selected/0001/local_gradient_control/target-1-c1b13d6cc83144d55e4dfed5.sspl1,ok,0.022878846955691926,0.8761872053146362,ok,"{""header_bytes"": 686, ""header_json_bytes"": 677, ""header_length_prefix_bytes"": 4, ""magic_bytes"": 5, ""streams"": {""colors"": {""framed_bytes"": 106497, ""framing_bytes"": 4, ""payload_bytes"": 106493, ""raw_bytes"": 124674}, ""means"": {""framed_bytes"": 113922, ""framing_bytes"": 4, ""payload_bytes"": 113918, ""raw_bytes"": 166232}, ""rotation"": {""framed_bytes"": 39349, ""framing_bytes"": 4, ""payload_bytes"": 39345, ""raw_bytes"": 41558}, ""scales"": {""framed_bytes"": 75266, ""framing_bytes"": 4, ""payload_bytes"": 75262, ""raw_bytes"": 83116}}, ""total_bytes"": 335720}",streams/candidates/0001/local_gradient_control/n41558-b16-8-8-8-c1b13d6cc83144d55e4dfed5.sspl1,True,93e7d884b9b9147cb1793ec2a5504db84b1fd8a940c32ecdc3c18f5da606ada9,1.0,0.20226704935310924,0.14815932070834031,0.0007296991496008204,424352,2040
42.419894489134684,uniform_wse,"[16, 8, 8, 8]",16/8/8/8,0.47711580358639183,179010,170817,29c5b1e30f5a2c8494fe6a7d,True,0.010107271373271942,90ac0517c395e9cfef61a71acb4aa32dc8896dc02b0d220f81c8dc51e8914881,1e-06,persisted_stream_decoded_field_state,0.0,2026-07-14T14:15:16.406592+00:00,1.0,0.0010987035930156708,2.1985228061676025,2.9737629890441895,0.40736376459415674,0.0033106633692794075,1166755,5.439988136291504,6.591061115264893,6.086662292480469,0.012384387664496899,27b9dc31219a13e9ccf2e8b8,38.3607277283445,1404,0001,0.001140933483839035,90ac0517c395e9cfef61a71acb4aa32dc8896dc02b0d220f81c8dc51e8914881,0.31893885135650635,,ad16c5df6888d5d76afdeb51cf1a297b898d3fa7bf3b8e9f2bed473cca748f83,0.9137381315231323,20779,2864160,535.11279296875,580.0,0.1390018131607681,44d8497235d0463283fbea5c2a0378597942341289b399f30c9047a076a9a8b3,1468.2578125,27.52978515625,0,0.0,reconstructions/0001/uniform_wse/target-0p5-29c5b1e30f5a2c8494fe6a7d.png,125.02023905332499,0.00799870491027832,1.874455213546753,2.0237412452697754,structsplat.bench007.v1,streams/selected/0001/uniform_wse/target-0p5-29c5b1e30f5a2c8494fe6a7d.sspl1,ok,0.0632652361923412,0.7894880771636963,ok,"{""header_bytes"": 686, ""header_json_bytes"": 677, ""header_length_prefix_bytes"": 4, ""magic_bytes"": 5, ""streams"": {""colors"": {""framed_bytes"": 51712, ""framing_bytes"": 4, ""payload_bytes"": 51708, ""raw_bytes"": 62337}, ""means"": {""framed_bytes"": 61282, ""framing_bytes"": 4, ""payload_bytes"": 61278, ""raw_bytes"": 83116}, ""rotation"": {""framed_bytes"": 19751, ""framing_bytes"": 4, ""payload_bytes"": 19747, ""raw_bytes"": 20779}, ""scales"": {""framed_bytes"": 37386, ""framing_bytes"": 4, ""payload_bytes"": 37382, ""raw_bytes"": 41558}}, ""total_bytes"": 170817}",streams/candidates/0001/uniform_wse/n20779-b16-8-8-8-29c5b1e30f5a2c8494fe6a7d.sspl1,True,44d8497235d0463283fbea5c2a0378597942341289b399f30c9047a076a9a8b3,0.5,0.20226704935310924,0.14815932070834031,0.0013633690692450755,424352,2040
50.55527170269817,uniform_wse,"[16, 8, 8, 8]",16/8/8/8,0.9386011954639406,358020,336038,1e4532257bdab67468aa2fb4,True,0.011400184594094753,6069571bf03fbce09fc2aefd0b589178b31fff391a576956a7bbfa901572244f,1e-06,persisted_stream_decoded_field_state,0.0,2026-07-14T14:15:19.727187+00:00,1.0,0.002023225650191307,2.9273176193237305,3.744377851486206,0.40736376459415674,0.001548646043238974,1166755,6.879720211029053,8.105246543884277,7.254528522491455,0.04509714525192976,66b1773b423028d67d636873,43.54147439543158,1404,0001,0.002329557202756405,6069571bf03fbce09fc2aefd0b589178b31fff391a576956a7bbfa901572244f,0.21085324883460999,,ad16c5df6888d5d76afdeb51cf1a297b898d3fa7bf3b8e9f2bed473cca748f83,0.9618304967880249,41558,2864160,537.64990234375,584.0,0.17193141259962208,77c4147cdf213dcd0d87e92f99219412545841ec43dc82af111713201837e2de,1468.2578125,30.61273956298828,0,0.0,reconstructions/0001/uniform_wse/target-1-1e4532257bdab67468aa2fb4.png,131.92119437782296,0.007580283097922802,2.1511590480804443,2.2510669231414795,structsplat.bench007.v1,streams/selected/0001/uniform_wse/target-1-1e4532257bdab67468aa2fb4.sspl1,ok,0.030335636753487258,0.874907910823822,ok,"{""header_bytes"": 686, ""header_json_bytes"": 677, ""header_length_prefix_bytes"": 4, ""magic_bytes"": 5, ""streams"": {""colors"": {""framed_bytes"": 106866, ""framing_bytes"": 4, ""payload_bytes"": 106862, ""raw_bytes"": 124674}, ""means"": {""framed_bytes"": 114029, ""framing_bytes"": 4, ""payload_bytes"": 114025, ""raw_bytes"": 166232}, ""rotation"": {""framed_bytes"": 39314, ""framing_bytes"": 4, ""payload_bytes"": 39310, ""raw_bytes"": 41558}, ""scales"": {""framed_bytes"": 75143, ""framing_bytes"": 4, ""payload_bytes"": 75139, ""raw_bytes"": 83116}}, ""total_bytes"": 336038}",streams/candidates/0001/uniform_wse/n41558-b16-8-8-8-1e4532257bdab67468aa2fb4.sspl1,True,77c4147cdf213dcd0d87e92f99219412545841ec43dc82af111713201837e2de,1.0,0.20226704935310924,0.14815932070834031,0.0007338473388539485,424352,2040
37.98220001675884,random,"[16, 8, 8, 8]",16/8/8/8,0.4807105748282219,179010,172104,8f40589cf378431eff216b49,True,0.008441065438091755,d33d380698898127d1ff8e7d26e2b2f3d6c441ae3e45537a523056ee0f831a13,1e-06,persisted_stream_decoded_field_state,0.0,2026-07-14T14:15:23.480084+00:00,0.9999888274398079,0.001108843833208084,2.0188941955566406,2.74715518951416,0.40736376459415674,0.0033673067443955413,1166755,5.143467426300049,6.230367660522461,5.8769707679748535,0.013507749885320663,dcce180797ef0a0366efa44f,30.23761870712042,1404,0001,0.0011801831424236298,d33d380698898127d1ff8e7d26e2b2f3d6c441ae3e45537a523056ee0f831a13,0.3207469582557678,,ad16c5df6888d5d76afdeb51cf1a297b898d3fa7bf3b8e9f2bed473cca748f83,0.9115968346595764,20779,2864160,535.11279296875,580.0,0.1377889477465629,0de1e933a3a3d46d89001d4f9cfc1b112eca928935eb13a6d03689db28d9cc9a,1470.5390625,27.4503173828125,0,0.0,reconstructions/0001/random/target-0p5-8f40589cf378431eff216b49.png,159.25471990830417,0.006279248744249344,1.7924175262451172,1.9506862163543701,structsplat.bench007.v1,streams/selected/0001/random/target-0p5-8f40589cf378431eff216b49.sspl1,ok,0.06447810160654636,0.7869377732276917,ok,"{""header_bytes"": 683, ""header_json_bytes"": 674, ""header_length_prefix_bytes"": 4, ""magic_bytes"": 5, ""streams"": {""colors"": {""framed_bytes"": 52090, ""framing_bytes"": 4, ""payload_bytes"": 52086, ""raw_bytes"": 62337}, ""means"": {""framed_bytes"": 61097, ""framing_bytes"": 4, ""payload_bytes"": 61093, ""raw_bytes"": 83116}, ""rotation"": {""framed_bytes"": 19743, ""framing_bytes"": 4, ""payload_bytes"": 19739, ""raw_bytes"": 20779}, ""scales"": {""framed_bytes"": 38491, ""framing_bytes"": 4, ""payload_bytes"": 38487, ""raw_bytes"": 41558}}, ""total_bytes"": 172104}",streams/candidates/0001/random/n20779-b16-8-8-8-8f40589cf378431eff216b49.sspl1,True,0de1e933a3a3d46d89001d4f9cfc1b112eca928935eb13a6d03689db28d9cc9a,0.5,0.20226704935310924,0.14815932070834031,0.0013965137248271545,424352,2040
45.197271800458076,random,"[16, 8, 8, 8]",16/8/8/8,0.9347634210379309,358020,334664,624726e6635c85e98b45fb70,True,0.010209869593381882,62c6b487019464d74b5a2c5256673baf54a998dfc1998e4a5b9cc7230fe2c25f,1e-06,persisted_stream_decoded_field_state,0.0,2026-07-14T14:15:26.724137+00:00,1.0,0.0020396560430526733,2.625377893447876,3.4794344902038574,0.40736376459415674,0.0016186634025549594,1166755,6.365496635437012,7.672480583190918,6.965936660766602,0.05023287795484066,c197c1328d8a3162e9ae735a,36.114191313274205,1404,0001,0.002442467026412487,62c6b487019464d74b5a2c5256673baf54a998dfc1998e4a5b9cc7230fe2c25f,0.21584168076515198,,ad16c5df6888d5d76afdeb51cf1a297b898d3fa7bf3b8e9f2bed473cca748f83,0.9600740671157837,41558,2864160,537.64990234375,584.0,0.17103217951444896,fd139c2f46a04583797e36bf0eb93fc816e6eaea6f30211a348bb969a19f2c3e,1470.5390625,30.438730239868164,0,0.0,reconstructions/0001/random/target-1-624726e6635c85e98b45fb70.png,157.30275241991708,0.006357167847454548,2.0520405769348145,2.1783649921417236,structsplat.bench007.v1,streams/selected/0001/random/target-1-624726e6635c85e98b45fb70.sspl1,ok,0.031234869838660324,0.8726711869239807,ok,"{""header_bytes"": 685, ""header_json_bytes"": 676, ""header_length_prefix_bytes"": 4, ""magic_bytes"": 5, ""streams"": {""colors"": {""framed_bytes"": 106596, ""framing_bytes"": 4, ""payload_bytes"": 106592, ""raw_bytes"": 124674}, ""means"": {""framed_bytes"": 114003, ""framing_bytes"": 4, ""payload_bytes"": 113999, ""raw_bytes"": 166232}, ""rotation"": {""framed_bytes"": 39277, ""framing_bytes"": 4, ""payload_bytes"": 39273, ""raw_bytes"": 41558}, ""scales"": {""framed_bytes"": 74103, ""framing_bytes"": 4, ""payload_bytes"": 74099, ""raw_bytes"": 83116}}, ""total_bytes"": 334664}",streams/candidates/0001/random/n41558-b16-8-8-8-624726e6635c85e98b45fb70.sspl1,True,fd139c2f46a04583797e36bf0eb93fc816e6eaea6f30211a348bb969a19f2c3e,1.0,0.20226704935310924,0.14815932070834031,0.0007496682390727003,424352,2040
46.644760071997545,tensor_wse,"[16, 8, 8, 8]",16/8/8/8,0.441796875,195840,173043,d198abe6bdb622ad95fb210e,True,0.008027223870158195,4af7e6b506594e7ba0bc2d083d7db0cc78eea8eab3a05173d706cbea6e0f4ea1,1e-06,persisted_stream_decoded_field_state,0.0,2026-07-14T14:15:30.449708+00:00,0.9999968086192811,0.0011877845972776413,1.530745267868042,6.451151371002197,0.17775160845588237,0.003050192125383562,556974,3.968503952026367,13.167820930480957,4.0646257400512695,0.02123831305652857,bf6bcc70d2057fe413f75197,38.850360814481974,1536,0115,0.0012366743758320808,4af7e6b506594e7ba0bc2d083d7db0cc78eea8eab3a05173d706cbea6e0f4ea1,0.1219385415315628,,ad16c5df6888d5d76afdeb51cf1a297b898d3fa7bf3b8e9f2bed473cca748f83,0.9662660360336304,22733,3133440,586.90576171875,612.0,0.20051354486652545,75cdb527638491c3fe0b960d77e31b83dad50c8c5ab99ea25565af7e5b0cf34b,1657.15625,30.8333683013916,0,0.0,reconstructions/0115/tensor_wse/target-0p5-d198abe6bdb622ad95fb210e.png,173.85510566342074,0.005751916207373142,1.4523231983184814,2.4765965938568115,structsplat.bench007.v1,streams/selected/0115/tensor_wse/target-0p5-d198abe6bdb622ad95fb210e.sspl1,ok,0.014087914258962284,0.8942016363143921,ok,"{""header_bytes"": 682, ""header_json_bytes"": 673, ""header_length_prefix_bytes"": 4, ""magic_bytes"": 5, ""streams"": {""colors"": {""framed_bytes"": 41931, ""framing_bytes"": 4, ""payload_bytes"": 41927, ""raw_bytes"": 68199}, ""means"": {""framed_bytes"": 65690, ""framing_bytes"": 4, ""payload_bytes"": 65686, ""raw_bytes"": 90932}, ""rotation"": {""framed_bytes"": 22313, ""framing_bytes"": 4, ""payload_bytes"": 22309, ""raw_bytes"": 22733}, ""scales"": {""framed_bytes"": 42427, ""framing_bytes"": 4, ""payload_bytes"": 42423, ""raw_bytes"": 45466}}, ""total_bytes"": 173043}",streams/candidates/0115/tensor_wse/n22733-b16-8-8-8-d198abe6bdb622ad95fb210e.sspl1,True,75cdb527638491c3fe0b960d77e31b83dad50c8c5ab99ea25565af7e5b0cf34b,0.5,0.21460145912548778,0.20556225745506537,0.0013680857696014772,644117,2040
53.78226900786356,tensor_wse,"[16, 8, 8, 8]",16/8/8/8,0.8551751429738562,391680,334955,02eafe7308c2516b12554d1e,True,0.011400262825191021,7eb4d9634200f50ea65b3939dc68d8fc82e726c69b7e0132e20c28e5e055a214,1e-06,persisted_stream_decoded_field_state,0.0,2026-07-14T14:15:33.155068+00:00,1.0,0.002350296825170517,2.1989166736602783,7.100252151489258,0.17775160845588237,0.0017538947251658863,556974,5.250886917114258,14.45016098022461,4.618272304534912,0.07146605756133795,345fd6b1d09724b42aa2c41f,53.47799789439887,1536,0115,0.002434687688946724,7eb4d9634200f50ea65b3939dc68d8fc82e726c69b7e0132e20c28e5e055a214,0.08715768903493881,,ad16c5df6888d5d76afdeb51cf1a297b898d3fa7bf3b8e9f2bed473cca748f83,0.9536757469177246,45465,3133440,589.68115234375,616.0,0.2085582058860375,e013da0f6aa060a4586ad37c6446ba49869fafe0272fea319f01e9c01b20ce96,1657.15625,32.806373596191406,0,0.0,reconstructions/0115/tensor_wse/target-1-02eafe7308c2516b12554d1e.png,139.53986568982603,0.00716641079634428,1.7721678018569946,2.634176015853882,structsplat.bench007.v1,streams/selected/0115/tensor_wse/target-1-02eafe7308c2516b12554d1e.sspl1,ok,0.006043253239450235,0.8991875052452087,ok,"{""header_bytes"": 688, ""header_json_bytes"": 679, ""header_length_prefix_bytes"": 4, ""magic_bytes"": 5, ""streams"": {""colors"": {""framed_bytes"": 86519, ""framing_bytes"": 4, ""payload_bytes"": 86515, ""raw_bytes"": 136395}, ""means"": {""framed_bytes"": 124096, ""framing_bytes"": 4, ""payload_bytes"": 124092, ""raw_bytes"": 181860}, ""rotation"": {""framed_bytes"": 44081, ""framing_bytes"": 4, ""payload_bytes"": 44077, ""raw_bytes"": 45465}, ""scales"": {""framed_bytes"": 79571, ""framing_bytes"": 4, ""payload_bytes"": 79567, ""raw_bytes"": 90930}}, ""total_bytes"": 334955}",streams/candidates/0115/tensor_wse/n45465-b16-8-8-8-02eafe7308c2516b12554d1e.sspl1,True,e013da0f6aa060a4586ad37c6446ba49869fafe0272fea319f01e9c01b20ce96,1.0,0.21460145912548778,0.20556225745506537,0.0010089044834222841,644117,2040
44.85914841196895,quadtree_wse,"[16, 8, 8, 8]",16/8/8/8,0.4420189950980392,195840,173130,05e6322439dcfab3a30620f7,True,0.007861882448196411,b04f49a6ec4dbcf16145e312788f0127818fff4b74081c22008122603d73df25,1e-06,persisted_stream_decoded_field_state,0.0,2026-07-14T14:15:36.412339+00:00,0.9999961703431373,0.001169934868812561,1.661912441253662,6.087083339691162,0.17775160845588237,0.0031078049369526167,556974,4.234673500061035,12.474957466125488,4.228139400482178,0.019841346889734268,7067dccf90476de39d707bcf,42.774966625496745,1536,0115,0.0012101028114557266,b04f49a6ec4dbcf16145e312788f0127818fff4b74081c22008122603d73df25,0.1279604583978653,,ad16c5df6888d5d76afdeb51cf1a297b898d3fa7bf3b8e9f2bed473cca748f83,0.9000174403190613,22733,3133440,586.90576171875,612.0,0.19996309650760458,f6eb18eb089964aa0b70768aef9f7bcc8aa5e95eba0f1d64c993541c69d40a31,1657.15625,30.717947006225586,0,0.0,reconstructions/0115/quadtree_wse/target-0p5-05e6322439dcfab3a30620f7.png,178.49538160982365,0.005602385848760605,1.5206493139266968,2.4590351581573486,structsplat.bench007.v1,streams/selected/0115/quadtree_wse/target-0p5-05e6322439dcfab3a30620f7.sspl1,ok,0.01463836261788315,0.8225733041763306,ok,"{""header_bytes"": 684, ""header_json_bytes"": 675, ""header_length_prefix_bytes"": 4, ""magic_bytes"": 5, ""streams"": {""colors"": {""framed_bytes"": 42840, ""framing_bytes"": 4, ""payload_bytes"": 42836, ""raw_bytes"": 68199}, ""means"": {""framed_bytes"": 65888, ""framing_bytes"": 4, ""payload_bytes"": 65884, ""raw_bytes"": 90932}, ""rotation"": {""framed_bytes"": 22323, ""framing_bytes"": 4, ""payload_bytes"": 22319, ""raw_bytes"": 22733}, ""scales"": {""framed_bytes"": 41395, ""framing_bytes"": 4, ""payload_bytes"": 41391, ""raw_bytes"": 45466}}, ""total_bytes"": 173130}",streams/candidates/0115/quadtree_wse/n22733-b16-8-8-8-05e6322439dcfab3a30620f7.sspl1,True,f6eb18eb089964aa0b70768aef9f7bcc8aa5e95eba0f1d64c993541c69d40a31,0.5,0.21460145912548778,0.20556225745506537,0.0013713702009652106,644117,2040
49.75893746170343,quadtree_wse,"[16, 8, 8, 8]",16/8/8/8,0.8664547589869281,391680,339373,f28332e77ac3c8c55a3e7aac,True,0.011093311943113804,9f4cc0d6b576cc7a7379d4b49a0f707ff796ba28442c6dde1a2369ff4ab2d3a3,1e-06,persisted_stream_decoded_field_state,0.0,2026-07-14T14:15:39.086564+00:00,0.9999996808619281,0.002211896702647209,2.2992939949035645,6.422585964202881,0.17775160845588237,0.0017223727638736351,556974,5.4633355140686035,13.157325744628906,4.616145610809326,0.07264392916113138,3994bd9749e5d0b4199b7586,46.465273602865636,1536,0115,0.0024818163365125656,9f4cc0d6b576cc7a7379d4b49a0f707ff796ba28442c6dde1a2369ff4ab2d3a3,0.08767823129892349,,ad16c5df6888d5d76afdeb51cf1a297b898d3fa7bf3b8e9f2bed473cca748f83,0.9490200281143188,45465,3133440,589.68115234375,616.0,0.20865701156042513,82fb68228a6608ac383c719839c9b7a28069850fc4623d314bdeea797b29d14d,1657.29296875,32.83076477050781,0,0.0,reconstructions/0115/quadtree_wse/target-1-f28332e77ac3c8c55a3e7aac.png,145.83044316358652,0.006857278756797314,1.827547550201416,2.579740047454834,structsplat.bench007.v1,streams/selected/0115/quadtree_wse/target-1-f28332e77ac3c8c55a3e7aac.sspl1,ok,0.0059444475650626185,0.8941817283630371,ok,"{""header_bytes"": 685, ""header_json_bytes"": 676, ""header_length_prefix_bytes"": 4, ""magic_bytes"": 5, ""streams"": {""colors"": {""framed_bytes"": 89121, ""framing_bytes"": 4, ""payload_bytes"": 89117, ""raw_bytes"": 136395}, ""means"": {""framed_bytes"": 123951, ""framing_bytes"": 4, ""payload_bytes"": 123947, ""raw_bytes"": 181860}, ""rotation"": {""framed_bytes"": 44195, ""framing_bytes"": 4, ""payload_bytes"": 44191, ""raw_bytes"": 45465}, ""scales"": {""framed_bytes"": 81421, ""framing_bytes"": 4, ""payload_bytes"": 81417, ""raw_bytes"": 90930}}, ""total_bytes"": 339373}",streams/candidates/0115/quadtree_wse/n45465-b16-8-8-8-f28332e77ac3c8c55a3e7aac.sspl1,True,82fb68228a6608ac383c719839c9b7a28069850fc4623d314bdeea797b29d14d,1.0,0.21460145912548778,0.20556225745506537,0.0010051481359949327,644117,2040
43.778047130310455,local_slic_sobel_control,"[16, 8, 8, 8]",16/8/8/8,0.4357562295751634,195840,170677,cdf088d2574f6f53ca330cde,True,0.008011232130229473,a74ab92fcb6d236cd7c0d247854067f25c079e8d9071fe830717030696da82a9,1e-06,persisted_stream_decoded_field_state,0.0,2026-07-14T14:15:42.335404+00:00,0.9999971277573529,0.001181422732770443,1.3518977165222168,6.151115894317627,0.17775160845588237,0.004872746974004235,556974,3.8399295806884766,12.729890823364258,5.011541366577148,0.019962726160883904,778c1d875bc5614fe30d13f8,33.56631198618561,1536,0115,0.0012153638526797295,a74ab92fcb6d236cd7c0d247854067f25c079e8d9071fe830717030696da82a9,0.13547499477863312,,ad16c5df6888d5d76afdeb51cf1a297b898d3fa7bf3b8e9f2bed473cca748f83,0.8655126094818115,22733,3133440,586.90576171875,612.0,0.1844350432937761,71f8bca0987261a4f4b11238f616bfa6c6fa882b8ba3d9e3c85d162fbcf9002b,1657.29296875,29.35890007019043,0,0.0,reconstructions/0115/local_slic_sobel_control/target-0p5-cdf088d2574f6f53ca330cde.png,174.50434683683577,0.005730516277253628,1.4120792150497437,2.489729404449463,structsplat.bench007.v1,streams/selected/0115/local_slic_sobel_control/target-0p5-cdf088d2574f6f53ca330cde.sspl1,ok,0.030166415831711656,0.777665913105011,ok,"{""header_bytes"": 688, ""header_json_bytes"": 679, ""header_length_prefix_bytes"": 4, ""magic_bytes"": 5, ""streams"": {""colors"": {""framed_bytes"": 40968, ""framing_bytes"": 4, ""payload_bytes"": 40964, ""raw_bytes"": 68199}, ""means"": {""framed_bytes"": 65830, ""framing_bytes"": 4, ""payload_bytes"": 65826, ""raw_bytes"": 90932}, ""rotation"": {""framed_bytes"": 21220, ""framing_bytes"": 4, ""payload_bytes"": 21216, ""raw_bytes"": 22733}, ""scales"": {""framed_bytes"": 41971, ""framing_bytes"": 4, ""payload_bytes"": 41967, ""raw_bytes"": 45466}}, ""total_bytes"": 170677}",streams/candidates/0115/local_slic_sobel_control/n22733-b16-8-8-8-cdf088d2574f6f53ca330cde.sspl1,True,71f8bca0987261a4f4b11238f616bfa6c6fa882b8ba3d9e3c85d162fbcf9002b,0.5,0.21460145912548778,0.20556225745506537,0.001288027575359304,644117,2040
46.11249170241013,local_slic_sobel_control,"[16, 8, 8, 8]",16/8/8/8,0.8461294934640523,391680,331412,8f7cce90c4e1919ccb68f9fd,True,0.010199039243161678,a36865cd01eabb27bb27ab8212b3f242a71f350690cf632fd89608fe8660352e,1e-06,persisted_stream_decoded_field_state,0.0,2026-07-14T14:15:45.024485+00:00,0.9999901067197713,0.0023505371063947678,1.482698678970337,6.434046745300293,0.17775160845588237,0.002633726967266505,556974,4.096505641937256,13.349926948547363,4.707186698913574,0.07797155063599348,99673b57959258ad89d996e1,35.334275625646114,1536,0115,0.0024597076699137688,a36865cd01eabb27bb27ab8212b3f242a71f350690cf632fd89608fe8660352e,0.0879596620798111,,ad16c5df6888d5d76afdeb51cf1a297b898d3fa7bf3b8e9f2bed473cca748f83,0.8009582757949829,45465,3133440,589.68115234375,616.0,0.20749030390408618,11b5353b62f14ebd88c9189c2b1a5aef38ee8138d7ede2609d58a874b318874d,1657.29296875,31.367145538330078,0,0.0,reconstructions/0115/local_slic_sobel_control/target-1-8f7cce90c4e1919ccb68f9fd.png,168.58950298415505,0.005931567400693893,1.5018911361694336,2.535109281539917,structsplat.bench007.v1,streams/selected/0115/local_slic_sobel_control/target-1-8f7cce90c4e1919ccb68f9fd.sspl1,ok,0.00711115522140158,0.7377826571464539,ok,"{""header_bytes"": 686, ""header_json_bytes"": 677, ""header_length_prefix_bytes"": 4, ""magic_bytes"": 5, ""streams"": {""colors"": {""framed_bytes"": 81378, ""framing_bytes"": 4, ""payload_bytes"": 81374, ""raw_bytes"": 136395}, ""means"": {""framed_bytes"": 124595, ""framing_bytes"": 4, ""payload_bytes"": 124591, ""raw_bytes"": 181860}, ""rotation"": {""framed_bytes"": 41858, ""framing_bytes"": 4, ""payload_bytes"": 41854, ""raw_bytes"": 45465}, ""scales"": {""framed_bytes"": 82895, ""framing_bytes"": 4, ""payload_bytes"": 82891, ""raw_bytes"": 90930}}, ""total_bytes"": 331412}",streams/candidates/0115/local_slic_sobel_control/n45465-b16-8-8-8-8f7cce90c4e1919ccb68f9fd.sspl1,True,11b5353b62f14ebd88c9189c2b1a5aef38ee8138d7ede2609d58a874b318874d,1.0,0.21460145912548778,0.20556225745506537,0.000940993180755903,644117,2040
37.40538609323938,local_gradient_control,"[16, 8, 8, 8]",16/8/8/8,0.45859630310457516,195840,179623,0b585a4745429bc18875c983,True,0.006790159270167351,a2fe1da422b86f07106d87c5828d0c2afdb890312ee92a1a34ee4a502f988fcf,1e-06,persisted_stream_decoded_field_state,0.0,2026-07-14T14:15:48.307809+00:00,0.9999639373978758,0.0011997232213616371,1.5504854917526245,5.4426751136779785,0.17775160845588237,0.0033795782584365394,556974,4.106349468231201,11.399279594421387,4.593528747558594,0.024703378789126873,5f3184864b45ca0d5999170d,30.08534847293049,1536,0115,0.001232074573636055,a2fe1da422b86f07106d87c5828d0c2afdb890312ee92a1a34ee4a502f988fcf,0.11595626175403595,,ad16c5df6888d5d76afdeb51cf1a297b898d3fa7bf3b8e9f2bed473cca748f83,0.9488295316696167,22733,3133440,586.90576171875,612.0,0.20200257453669385,555ea31b00886661a1ccaa6be34eb459e66bb2d8a6d6f3959bb9096a41daba42,1657.29296875,30.537700653076172,0,0.0,reconstructions/0115/local_gradient_control/target-0p5-0b585a4745429bc18875c983.png,223.22061391281534,0.004479872994124889,1.4913079738616943,2.390009641647339,structsplat.bench007.v1,streams/selected/0115/local_gradient_control/target-0p5-0b585a4745429bc18875c983.sspl1,ok,0.012598884588793905,0.8736084699630737,ok,"{""header_bytes"": 681, ""header_json_bytes"": 672, ""header_length_prefix_bytes"": 4, ""magic_bytes"": 5, ""streams"": {""colors"": {""framed_bytes"": 48496, ""framing_bytes"": 4, ""payload_bytes"": 48492, ""raw_bytes"": 68199}, ""means"": {""framed_bytes"": 65018, ""framing_bytes"": 4, ""payload_bytes"": 65014, ""raw_bytes"": 90932}, ""rotation"": {""framed_bytes"": 21563, ""framing_bytes"": 4, ""payload_bytes"": 21559, ""raw_bytes"": 22733}, ""scales"": {""framed_bytes"": 43865, ""framing_bytes"": 4, ""payload_bytes"": 43861, ""raw_bytes"": 45466}}, ""total_bytes"": 179623}",streams/candidates/0115/local_gradient_control/n22733-b16-8-8-8-0b585a4745429bc18875c983.sspl1,True,555ea31b00886661a1ccaa6be34eb459e66bb2d8a6d6f3959bb9096a41daba42,0.5,0.21460145912548778,0.20556225745506537,0.0013457556148487842,644117,2040
41.32040856055964,local_gradient_control,"[16, 8, 8, 8]",16/8/8/8,0.8851511437908497,391680,346696,cab346e961ee31b693754379,True,0.009268926456570625,c96375b3fbf441f1543ea00545c1a26f801c9da741036e55314367616fe6e2ba,1e-06,persisted_stream_decoded_field_state,0.0,2026-07-14T14:15:51.002416+00:00,0.9999993617238562,0.0022903867065906525,1.7845321893692017,5.926339149475098,0.17775160845588237,0.0016422925230831227,556974,4.561746120452881,12.347373008728027,4.5894341468811035,0.08692031353712082,a86e53ae6304e74e99c68288,38.94049051403999,1536,0115,0.00231181550770998,c96375b3fbf441f1543ea00545c1a26f801c9da741036e55314367616fe6e2ba,0.06930283457040787,,ad16c5df6888d5d76afdeb51cf1a297b898d3fa7bf3b8e9f2bed473cca748f83,0.8811315894126892,45465,3133440,589.68115234375,616.0,0.21259708655222131,474224015378ebf009d6e84b65bf6bc56f649151c4621f8e8abc043d0312aca5,1657.29296875,33.01469421386719,0,0.0,reconstructions/0115/local_gradient_control/target-1-cab346e961ee31b693754379.png,196.51251439653865,0.005088734440505505,1.6263700723648071,2.4826042652130127,structsplat.bench007.v1,streams/selected/0115/local_gradient_control/target-1-cab346e961ee31b693754379.sspl1,ok,0.0020043725732664833,0.8247615098953247,ok,"{""header_bytes"": 686, ""header_json_bytes"": 677, ""header_length_prefix_bytes"": 4, ""magic_bytes"": 5, ""streams"": {""colors"": {""framed_bytes"": 95014, ""framing_bytes"": 4, ""payload_bytes"": 95010, ""raw_bytes"": 136395}, ""means"": {""framed_bytes"": 123214, ""framing_bytes"": 4, ""payload_bytes"": 123210, ""raw_bytes"": 181860}, ""rotation"": {""framed_bytes"": 42714, ""framing_bytes"": 4, ""payload_bytes"": 42710, ""raw_bytes"": 45465}, ""scales"": {""framed_bytes"": 85068, ""framing_bytes"": 4, ""payload_bytes"": 85064, ""raw_bytes"": 90930}}, ""total_bytes"": 346696}",streams/candidates/0115/local_gradient_control/n45465-b16-8-8-8-cab346e961ee31b693754379.sspl1,True,474224015378ebf009d6e84b65bf6bc56f649151c4621f8e8abc043d0312aca5,1.0,0.21460145912548778,0.20556225745506537,0.0008828240266506534,644117,2040
46.084973703022875,uniform_wse,"[16, 8, 8, 8]",16/8/8/8,0.39609630310457516,195840,155143,900128c0bfaefc5f8d9ef68a,True,0.007788940332829952,23ab6f5182e56e2785168abe7fe2bab7b59e0e0c6283590fad1b3130f633aa42,1e-06,persisted_stream_decoded_field_state,0.0,2026-07-14T14:15:54.282916+00:00,0.9999932981004902,0.001166422851383686,1.0930664539337158,6.57643985748291,0.17775160845588237,0.00669592187250602,556974,3.285858154296875,13.475679397583008,5.0513129234313965,0.02317027375102043,57774ec396e5ed570d313f3c,33.8211902435869,1536,0115,0.0013641146942973137,23ab6f5182e56e2785168abe7fe2bab7b59e0e0c6283590fad1b3130f633aa42,0.17232340574264526,,ad16c5df6888d5d76afdeb51cf1a297b898d3fa7bf3b8e9f2bed473cca748f83,0.8239011168479919,22733,3133440,586.90576171875,614.0,0.15759861824938934,2859a857f33478f15c796282deb20940b77cf25cfe75bed03e6e48ad23a6925c,1657.29296875,28.135793685913086,0,0.0,reconstructions/0115/uniform_wse/target-0p5-900128c0bfaefc5f8d9ef68a.png,181.2009633973798,0.005518734455108643,1.2368403673171997,2.5123870372772217,structsplat.bench007.v1,streams/selected/0115/uniform_wse/target-0p5-900128c0bfaefc5f8d9ef68a.sspl1,ok,0.05700284087609844,0.7196772694587708,ok,"{""header_bytes"": 686, ""header_json_bytes"": 677, ""header_length_prefix_bytes"": 4, ""magic_bytes"": 5, ""streams"": {""colors"": {""framed_bytes"": 29678, ""framing_bytes"": 4, ""payload_bytes"": 29674, ""raw_bytes"": 68199}, ""means"": {""framed_bytes"": 65618, ""framing_bytes"": 4, ""payload_bytes"": 65614, ""raw_bytes"": 90932}, ""rotation"": {""framed_bytes"": 20100, ""framing_bytes"": 4, ""payload_bytes"": 20096, ""raw_bytes"": 22733}, ""scales"": {""framed_bytes"": 39061, ""framing_bytes"": 4, ""payload_bytes"": 39057, ""raw_bytes"": 45466}}, ""total_bytes"": 155143}",streams/candidates/0115/uniform_wse/n22733-b16-8-8-8-900128c0bfaefc5f8d9ef68a.sspl1,True,2859a857f33478f15c796282deb20940b77cf25cfe75bed03e6e48ad23a6925c,0.5,0.21460145912548778,0.20556225745506537,0.00153266469681494,644117,2040
47.970742059844774,uniform_wse,"[16, 8, 8, 8]",16/8/8/8,0.9658803104575163,391680,378316,3229cc6c48847f12dd8faebe,True,0.012107732705771923,64e769724e485280d15d4b9e486288aaa5bd83b69640efe71709dd7466e96b12,1e-06,persisted_stream_decoded_field_state,0.0,2026-07-14T14:15:58.284177+00:00,0.9999850005106209,0.0027938680723309517,1.2227736711502075,6.696926593780518,0.17775160845588237,0.003273923546378679,556974,3.5469770431518555,13.746942520141602,4.726945400238037,0.09465567022562027,534dda6bd80149b15c3eae34,44.709793262183666,1536,0115,0.003174589015543461,64e769724e485280d15d4b9e486288aaa5bd83b69640efe71709dd7466e96b12,0.08805806189775467,,ad16c5df6888d5d76afdeb51cf1a297b898d3fa7bf3b8e9f2bed473cca748f83,0.9183034896850586,60620,3133440,591.53076171875,618.0,0.20344877087572813,33da26d3adc81b86119026b2e72baab883a6dfe32690e1b2d0a7af9ba3710c8e,1657.359375,30.950681686401367,0,0.0,reconstructions/0115/uniform_wse/target-1-3229cc6c48847f12dd8faebe.png,145.7681403468378,0.006860209628939629,1.339582920074463,2.551089286804199,structsplat.bench007.v1,streams/selected/0115/uniform_wse/target-1-3229cc6c48847f12dd8faebe.sspl1,ok,0.011152688249759608,0.853631854057312,ok,"{""header_bytes"": 690, ""header_json_bytes"": 681, ""header_length_prefix_bytes"": 4, ""magic_bytes"": 5, ""streams"": {""colors"": {""framed_bytes"": 66690, ""framing_bytes"": 4, ""payload_bytes"": 66686, ""raw_bytes"": 181860}, ""means"": {""framed_bytes"": 161454, ""framing_bytes"": 4, ""payload_bytes"": 161450, ""raw_bytes"": 242480}, ""rotation"": {""framed_bytes"": 50933, ""framing_bytes"": 4, ""payload_bytes"": 50929, ""raw_bytes"": 60620}, ""scales"": {""framed_bytes"": 98549, ""framing_bytes"": 4, ""payload_bytes"": 98545, ""raw_bytes"": 121240}}, ""total_bytes"": 378316}",streams/candidates/0115/uniform_wse/n60620-b16-8-8-8-3229cc6c48847f12dd8faebe.sspl1,True,33da26d3adc81b86119026b2e72baab883a6dfe32690e1b2d0a7af9ba3710c8e,1.0,0.21460145912548778,0.20556225745506537,0.0010258053372638706,644117,2040
46.509106285743464,random,"[16, 8, 8, 8]",16/8/8/8,0.3926342933006536,195840,153787,3feda41a670f4c74f9debf65,True,0.007828720845282078,6df0e86886c7dabea61744f9908421655a74d058137c89418f7ce7865cb2dd71,1e-06,persisted_stream_decoded_field_state,0.0,2026-07-14T14:16:00.413087+00:00,0.9999556398080065,0.001154312863945961,1.2913392782211304,6.592684745788574,0.17775160845588237,0.0069371577323936685,556974,3.720986843109131,13.707723617553711,5.61641263961792,0.022797591984272003,3e97b48d8f0abdefd3ede1d4,28.357644912786782,1536,0115,0.0012124329805374146,6df0e86886c7dabea61744f9908421655a74d058137c89418f7ce7865cb2dd71,0.1828191578388214,,ad16c5df6888d5d76afdeb51cf1a297b898d3fa7bf3b8e9f2bed473cca748f83,0.8402296900749207,22733,3133440,586.90576171875,612.0,0.15193749716733285,fa6faf20614019de887c6f2d3efaa9c094c0c8490ea4348a7c652bd1db196591,1657.359375,28.043479919433594,0,0.0,reconstructions/0115/random/target-0p5-3feda41a670f4c74f9debf65.png,178.70050565763034,0.005595955066382885,1.3741649389266968,2.5619451999664307,structsplat.bench007.v1,streams/selected/0115/random/target-0p5-3feda41a670f4c74f9debf65.sspl1,ok,0.06266396195815493,0.7330607771873474,ok,"{""header_bytes"": 686, ""header_json_bytes"": 677, ""header_length_prefix_bytes"": 4, ""magic_bytes"": 5, ""streams"": {""colors"": {""framed_bytes"": 29172, ""framing_bytes"": 4, ""payload_bytes"": 29168, ""raw_bytes"": 68199}, ""means"": {""framed_bytes"": 65984, ""framing_bytes"": 4, ""payload_bytes"": 65980, ""raw_bytes"": 90932}, ""rotation"": {""framed_bytes"": 19949, ""framing_bytes"": 4, ""payload_bytes"": 19945, ""raw_bytes"": 22733}, ""scales"": {""framed_bytes"": 37996, ""framing_bytes"": 4, ""payload_bytes"": 37992, ""raw_bytes"": 45466}}, ""total_bytes"": 153787}",streams/candidates/0115/random/n22733-b16-8-8-8-3feda41a670f4c74f9debf65.sspl1,True,fa6faf20614019de887c6f2d3efaa9c094c0c8490ea4348a7c652bd1db196591,0.5,0.21460145912548778,0.20556225745506537,0.0015212250000825082,644117,2040
47.72331622753268,random,"[16, 8, 8, 8]",16/8/8/8,0.9602175245098039,391680,376098,0d05245cf5b11ed17e496ba2,True,0.012109692208468914,9ad75373c90a84ac1b754579980a3192e1d6750193633366f8a54fbc4fe56519,1e-06,persisted_stream_decoded_field_state,0.0,2026-07-14T14:16:04.432091+00:00,0.9999250025531046,0.0029259175062179565,1.2259454727172852,6.681408882141113,0.17775160845588237,0.0035691201886672635,556974,3.598578691482544,13.915974617004395,4.916826248168945,0.10687972046434879,98042fbe8bff76d860d2ffbb,34.178613937459886,1536,0115,0.003083048388361931,9ad75373c90a84ac1b754579980a3192e1d6750193633366f8a54fbc4fe56519,0.09407693147659302,,ad16c5df6888d5d76afdeb51cf1a297b898d3fa7bf3b8e9f2bed473cca748f83,0.9020680785179138,60620,3133440,591.53076171875,618.0,0.20182854780189308,d60a11c3a83a75b9aaa9ace4a169b8d7bbaac99106636ec0e243f0bf122c515c,1657.359375,30.593416213989258,0,0.0,reconstructions/0115/random/target-1-0d05245cf5b11ed17e496ba2.png,148.60435731361136,0.006729277782142162,1.3442965745925903,2.5539472103118896,structsplat.bench007.v1,streams/selected/0115/random/target-1-0d05245cf5b11ed17e496ba2.sspl1,ok,0.012772911323594635,0.8349912166595459,ok,"{""header_bytes"": 687, ""header_json_bytes"": 678, ""header_length_prefix_bytes"": 4, ""magic_bytes"": 5, ""streams"": {""colors"": {""framed_bytes"": 66822, ""framing_bytes"": 4, ""payload_bytes"": 66818, ""raw_bytes"": 181860}, ""means"": {""framed_bytes"": 162437, ""framing_bytes"": 4, ""payload_bytes"": 162433, ""raw_bytes"": 242480}, ""rotation"": {""framed_bytes"": 50364, ""framing_bytes"": 4, ""payload_bytes"": 50360, ""raw_bytes"": 60620}, ""scales"": {""framed_bytes"": 95788, ""framing_bytes"": 4, ""payload_bytes"": 95784, ""raw_bytes"": 121240}}, ""total_bytes"": 376098}",streams/candidates/0115/random/n60620-b16-8-8-8-0d05245cf5b11ed17e496ba2.sspl1,True,d60a11c3a83a75b9aaa9ace4a169b8d7bbaac99106636ec0e243f0bf122c515c,1.0,0.21460145912548778,0.20556225745506537,0.0010870612857148837,644117,2040
54.009142383805376,tensor_wse,"[16, 8, 8, 8]",16/8/8/8,0.4781560154926168,165240,158021,8385270873abbb50e7689354,True,0.008602824062108994,efd2888f9c6fa4badafb6107735595fe599e1139c8a9bfded0354593f352ad19,1e-06,persisted_stream_decoded_field_state,0.0,2026-07-14T14:16:06.659005+00:00,0.9999984870491406,0.001077672466635704,1.3403409719467163,4.611627101898193,0.3073994644153958,0.00598030761596194,812715,3.467343807220459,9.658843040466309,5.372056484222412,0.012546303682029247,103eaa28064449c63cc2ad35,30.837585110217333,1296,0229,0.0010841712355613708,efd2888f9c6fa4badafb6107735595fe599e1139c8a9bfded0354593f352ad19,0.24905121326446533,,ad16c5df6888d5d76afdeb51cf1a297b898d3fa7bf3b8e9f2bed473cca748f83,0.9528263807296753,19181,2643840,494.57177734375,546.0,0.20255212027979258,4d60979c6b5efdd8fd09a8e31f60403d897ef420e2e55f0ef485f28783d47e84,1657.359375,26.873750686645508,0,0.0,reconstructions/0229/tensor_wse/target-0p5-8385270873abbb50e7689354.png,152.36055642853637,0.006563378497958183,1.33098304271698,2.1358397006988525,structsplat.bench007.v1,streams/selected/0229/tensor_wse/target-0p5-8385270873abbb50e7689354.sspl1,ok,0.0430009303880395,0.8412879109382629,ok,"{""header_bytes"": 685, ""header_json_bytes"": 676, ""header_length_prefix_bytes"": 4, ""magic_bytes"": 5, ""streams"": {""colors"": {""framed_bytes"": 46208, ""framing_bytes"": 4, ""payload_bytes"": 46204, ""raw_bytes"": 57543}, ""means"": {""framed_bytes"": 56778, ""framing_bytes"": 4, ""payload_bytes"": 56774, ""raw_bytes"": 76724}, ""rotation"": {""framed_bytes"": 18686, ""framing_bytes"": 4, ""payload_bytes"": 18682, ""raw_bytes"": 19181}, ""scales"": {""framed_bytes"": 35664, ""framing_bytes"": 4, ""payload_bytes"": 35660, ""raw_bytes"": 38362}}, ""total_bytes"": 158021}",streams/candidates/0229/tensor_wse/n19181-b16-8-8-8-8385270873abbb50e7689354.sspl1,True,4d60979c6b5efdd8fd09a8e31f60403d897ef420e2e55f0ef485f28783d47e84,0.5,0.24555305066783206,0.1731504175744372,0.0010467661007619667,457782,2040
62.84909185124667,tensor_wse,"[16, 8, 8, 8]",16/8/8/8,0.9260923505204551,330480,306055,f9af715f3f5e056f6757a38e,True,0.011291190050542355,5bb522a86b461aac8f602722c8daa3aa438ddd16c70cdb30b45987d70ae24318,1e-06,persisted_stream_decoded_field_state,0.0,2026-07-14T14:16:09.030620+00:00,1.0,0.0019318852573633194,1.5888912677764893,5.067086696624756,0.3073994644153958,0.003740597931937012,812715,3.9984219074249268,10.590826988220215,5.879886627197266,0.05000023543834686,d91a2978be795adcd89bd625,39.88395624794066,1296,0229,0.0023658964782953262,5bb522a86b461aac8f602722c8daa3aa438ddd16c70cdb30b45987d70ae24318,0.17693692445755005,,ad16c5df6888d5d76afdeb51cf1a297b898d3fa7bf3b8e9f2bed473cca748f83,0.9719744324684143,38361,2643840,496.91552734375,550.0,0.22960073140222942,5055c15fba67e3a54ef8d2dbb5023bc09b0f2670392494c2b5b1df46d7e2cad4,1657.359375,28.821821212768555,0,0.0,reconstructions/0229/tensor_wse/target-1-f9af715f3f5e056f6757a38e.png,131.580154461266,0.00759993027895689,1.4821110963821411,2.255516290664673,structsplat.bench007.v1,streams/selected/0229/tensor_wse/target-1-f9af715f3f5e056f6757a38e.sspl1,ok,0.015952319265602668,0.8897080421447754,ok,"{""header_bytes"": 685, ""header_json_bytes"": 676, ""header_length_prefix_bytes"": 4, ""magic_bytes"": 5, ""streams"": {""colors"": {""framed_bytes"": 92638, ""framing_bytes"": 4, ""payload_bytes"": 92634, ""raw_bytes"": 115083}, ""means"": {""framed_bytes"": 105785, ""framing_bytes"": 4, ""payload_bytes"": 105781, ""raw_bytes"": 153444}, ""rotation"": {""framed_bytes"": 37339, ""framing_bytes"": 4, ""payload_bytes"": 37335, ""raw_bytes"": 38361}, ""scales"": {""framed_bytes"": 69608, ""framing_bytes"": 4, ""payload_bytes"": 69604, ""raw_bytes"": 76722}}, ""total_bytes"": 306055}",streams/candidates/0229/tensor_wse/n38361-b16-8-8-8-f9af715f3f5e056f6757a38e.sspl1,True,5055c15fba67e3a54ef8d2dbb5023bc09b0f2670392494c2b5b1df46d7e2cad4,1.0,0.24555305066783206,0.1731504175744372,0.0007806920530725557,457782,2040
47.72338227729363,quadtree_wse,"[16, 8, 8, 8]",16/8/8/8,0.48207455821834905,165240,159316,885c29961dd29acfbe1a342b,True,0.007835021242499352,43a22114934698f40139440829afe83f269b7731b0c40b6dd4d5d7c69b7f81a6,1e-06,persisted_stream_decoded_field_state,0.0,2026-07-14T14:16:11.900411+00:00,1.0,0.0011547831818461418,1.331708550453186,4.068180084228516,0.3073994644153958,0.005785584988618882,812715,3.4935598373413086,8.5999116897583,5.176595687866211,0.013041605241596699,e25dd9f5244c3170cfd26b20,31.97570944391191,1296,0229,0.0011016735807061195,43a22114934698f40139440829afe83f269b7731b0c40b6dd4d5d7c69b7f81a6,0.2479691505432129,,ad16c5df6888d5d76afdeb51cf1a297b898d3fa7bf3b8e9f2bed473cca748f83,0.9543736577033997,19181,2643840,494.57177734375,546.0,0.2048508664515369,1a48daa762fce82aec2f0696775a43cb29f99708b9fa29c14756f16ec70695f4,1657.359375,26.99944305419922,0,0.0,reconstructions/0229/quadtree_wse/target-0p5-885c29961dd29acfbe1a342b.png,175.5770251441296,0.005695505999028683,1.3409299850463867,2.06803560256958,structsplat.bench007.v1,streams/selected/0229/quadtree_wse/target-0p5-885c29961dd29acfbe1a342b.sspl1,ok,0.04070218421629518,0.8446750640869141,ok,"{""header_bytes"": 685, ""header_json_bytes"": 676, ""header_length_prefix_bytes"": 4, ""magic_bytes"": 5, ""streams"": {""colors"": {""framed_bytes"": 47587, ""framing_bytes"": 4, ""payload_bytes"": 47583, ""raw_bytes"": 57543}, ""means"": {""framed_bytes"": 56670, ""framing_bytes"": 4, ""payload_bytes"": 56666, ""raw_bytes"": 76724}, ""rotation"": {""framed_bytes"": 18649, ""framing_bytes"": 4, ""payload_bytes"": 18645, ""raw_bytes"": 19181}, ""scales"": {""framed_bytes"": 35725, ""framing_bytes"": 4, ""payload_bytes"": 35721, ""raw_bytes"": 38362}}, ""total_bytes"": 159316}",streams/candidates/0229/quadtree_wse/n19181-b16-8-8-8-885c29961dd29acfbe1a342b.sspl1,True,1a48daa762fce82aec2f0696775a43cb29f99708b9fa29c14756f16ec70695f4,0.5,0.24555305066783206,0.1731504175744372,0.0010407498516467814,457782,2040
54.38174133079158,quadtree_wse,"[16, 8, 8, 8]",16/8/8/8,0.93430464778504,330480,308769,5a47cc8001b067041bb26a0d,True,0.010363796725869179,5e46567f7f889dfe3e8a11135f007b71171f79e5ce38b5faf730b4705b3c4277,1e-06,persisted_stream_decoded_field_state,0.0,2026-07-14T14:16:14.287522+00:00,0.9999894093439845,0.0020756153389811516,1.6648513078689575,4.339661598205566,0.3073994644153958,0.003625371811125426,812715,4.162894248962402,9.172839164733887,5.407890319824219,0.05259078927338123,fe3bee931db7e3ba60f787a3,38.037291426211596,1296,0229,0.0022452659904956818,5e46567f7f889dfe3e8a11135f007b71171f79e5ce38b5faf730b4705b3c4277,0.17601278424263,,ad16c5df6888d5d76afdeb51cf1a297b898d3fa7bf3b8e9f2bed473cca748f83,0.9716705679893494,38361,2643840,496.91552734375,548.0,0.2306881380290304,0340c641b28d7a6ee2ae1da8914654f554d458b7badba9e48a315f9dcedb0db3,1657.359375,28.93943977355957,0,0.0,reconstructions/0229/quadtree_wse/target-1-5a47cc8001b067041bb26a0d.png,150.9445969014054,0.006624947302043438,1.5388879776000977,2.175647020339966,structsplat.bench007.v1,streams/selected/0229/quadtree_wse/target-1-5a47cc8001b067041bb26a0d.sspl1,ok,0.014864912638801705,0.8910143375396729,ok,"{""header_bytes"": 687, ""header_json_bytes"": 678, ""header_length_prefix_bytes"": 4, ""magic_bytes"": 5, ""streams"": {""colors"": {""framed_bytes"": 95029, ""framing_bytes"": 4, ""payload_bytes"": 95025, ""raw_bytes"": 115083}, ""means"": {""framed_bytes"": 105769, ""framing_bytes"": 4, ""payload_bytes"": 105765, ""raw_bytes"": 153444}, ""rotation"": {""framed_bytes"": 37302, ""framing_bytes"": 4, ""payload_bytes"": 37298, ""raw_bytes"": 38361}, ""scales"": {""framed_bytes"": 69982, ""framing_bytes"": 4, ""payload_bytes"": 69978, ""raw_bytes"": 76722}}, ""total_bytes"": 308769}",streams/candidates/0229/quadtree_wse/n38361-b16-8-8-8-5a47cc8001b067041bb26a0d.sspl1,True,0340c641b28d7a6ee2ae1da8914654f554d458b7badba9e48a315f9dcedb0db3,1.0,0.24555305066783206,0.1731504175744372,0.0007702033560540904,457782,2040
32.290432477003144,local_slic_sobel_control,"[16, 8, 8, 8]",16/8/8/8,0.4823226821592835,165240,159398,9575eb52f82ba51138477aca,True,0.005783775821328163,23fd9619a607091eb4e7f252942570a5445032677b9da852d9b4213cc0ad50bd,1e-06,persisted_stream_decoded_field_state,0.0,2026-07-14T14:16:17.112739+00:00,0.9999943264342774,0.0011695828288793564,1.3615608215332031,3.556370973587036,0.3073994644153958,0.007835509420522586,812715,3.673527240753174,7.674935817718506,5.317133903503418,0.01206104177981615,475c8c531ff36e0a333009a0,24.20079705491662,1296,0229,0.0011073630303144455,23fd9619a607091eb4e7f252942570a5445032677b9da852d9b4213cc0ad50bd,0.2652956545352936,,ad16c5df6888d5d76afdeb51cf1a297b898d3fa7bf3b8e9f2bed473cca748f83,0.9490974545478821,19181,2643840,494.57177734375,546.0,0.17484105067304107,10df990d6751223c5a52a428a2b96ae74b7b9626cf47c66afa46e57fe3db1a9c,1657.359375,25.830705642700195,0,0.0,reconstructions/0229/local_slic_sobel_control/target-0p5-9575eb52f82ba51138477aca.png,272.33571189794645,0.0036719385534524918,1.394362211227417,2.0483922958374023,structsplat.bench007.v1,streams/selected/0229/local_slic_sobel_control/target-0p5-9575eb52f82ba51138477aca.sspl1,ok,0.07071199999479104,0.8251513838768005,ok,"{""header_bytes"": 685, ""header_json_bytes"": 676, ""header_length_prefix_bytes"": 4, ""magic_bytes"": 5, ""streams"": {""colors"": {""framed_bytes"": 47822, ""framing_bytes"": 4, ""payload_bytes"": 47818, ""raw_bytes"": 57543}, ""means"": {""framed_bytes"": 56887, ""framing_bytes"": 4, ""payload_bytes"": 56883, ""raw_bytes"": 76724}, ""rotation"": {""framed_bytes"": 17860, ""framing_bytes"": 4, ""payload_bytes"": 17856, ""raw_bytes"": 19181}, ""scales"": {""framed_bytes"": 36144, ""framing_bytes"": 4, ""payload_bytes"": 36140, ""raw_bytes"": 38362}}, ""total_bytes"": 159398}",streams/candidates/0229/local_slic_sobel_control/n19181-b16-8-8-8-9575eb52f82ba51138477aca.sspl1,True,10df990d6751223c5a52a428a2b96ae74b7b9626cf47c66afa46e57fe3db1a9c,0.5,0.24555305066783206,0.1731504175744372,0.0010004672290531188,457782,2040
35.67262050653595,local_slic_sobel_control,"[16, 8, 8, 8]",16/8/8/8,0.9266249092229485,330480,306231,413d8c38d9cff6700481b1d5,True,0.00783446989953518,5c9359ff6a6f96ed6cd6ba69fa7ad9dfd986018fbe21baeccf7a627c40d8e140,1e-06,persisted_stream_decoded_field_state,0.0,2026-07-14T14:16:19.433621+00:00,0.9999761710239652,0.0020862650126218796,1.3458895683288574,3.852672576904297,0.3073994644153958,0.005138200022887997,812715,3.698153018951416,8.3226900100708,5.391839981079102,0.04791801515966654,86743f37dcce9c3e4c5082d3,24.72504087816924,1296,0229,0.002206285484135151,5c9359ff6a6f96ed6cd6ba69fa7ad9dfd986018fbe21baeccf7a627c40d8e140,0.17885860800743103,,ad16c5df6888d5d76afdeb51cf1a297b898d3fa7bf3b8e9f2bed473cca748f83,0.9706826210021973,38361,2643840,496.91552734375,550.0,0.21742315717436664,6c01a4e25ab55ccf2c921cb6cf9178feb36814f03106125e7d57b2f9ad953c02,1657.359375,27.627628326416016,0,0.0,reconstructions/0229/local_slic_sobel_control/target-1-413d8c38d9cff6700481b1d5.png,248.74879250219678,0.004020120017230511,1.3989323377609253,2.1048433780670166,structsplat.bench007.v1,streams/selected/0229/local_slic_sobel_control/target-1-413d8c38d9cff6700481b1d5.sspl1,ok,0.02812989349346547,0.8813834190368652,ok,"{""header_bytes"": 686, ""header_json_bytes"": 677, ""header_length_prefix_bytes"": 4, ""magic_bytes"": 5, ""streams"": {""colors"": {""framed_bytes"": 91850, ""framing_bytes"": 4, ""payload_bytes"": 91846, ""raw_bytes"": 115083}, ""means"": {""framed_bytes"": 105974, ""framing_bytes"": 4, ""payload_bytes"": 105970, ""raw_bytes"": 153444}, ""rotation"": {""framed_bytes"": 35770, ""framing_bytes"": 4, ""payload_bytes"": 35766, ""raw_bytes"": 38361}, ""scales"": {""framed_bytes"": 71951, ""framing_bytes"": 4, ""payload_bytes"": 71947, ""raw_bytes"": 76722}}, ""total_bytes"": 306231}",streams/candidates/0229/local_slic_sobel_control/n38361-b16-8-8-8-413d8c38d9cff6700481b1d5.sspl1,True,6c01a4e25ab55ccf2c921cb6cf9178feb36814f03106125e7d57b2f9ad953c02,1.0,0.24555305066783206,0.1731504175744372,0.000712287381215233,457782,2040
31.222049745824254,local_gradient_control,"[16, 8, 8, 8]",16/8/8/8,0.48498547567175015,165240,160278,a941317289c6df46f481c3dc,True,0.005618174560368061,9667ba6a8448535124fa98f5dd6863e2697e5627e39b5129743ac7d9c079168b,1e-06,persisted_stream_decoded_field_state,0.0,2026-07-14T14:16:22.220528+00:00,0.99998827463084,0.0010671932250261307,1.4831637144088745,3.4874043464660645,0.3073994644153958,0.006627341851968436,812715,3.843474864959717,7.515815734863281,5.575732707977295,0.013288404792547226,6c6741736982f88f7a085a44,21.108119527809322,1296,0229,0.001085353083908558,9667ba6a8448535124fa98f5dd6863e2697e5627e39b5129743ac7d9c079168b,0.26340746879577637,,ad16c5df6888d5d76afdeb51cf1a297b898d3fa7bf3b8e9f2bed473cca748f83,0.9535765051841736,19181,2643840,494.57177734375,546.0,0.19344827759542352,8205be38ceb0480afedbae9bbc6f582f3cb0dc5b633b72b317d3100c026166b0,1657.359375,26.4937686920166,0,0.0,reconstructions/0229/local_gradient_control/target-0p5-a941317289c6df46f481c3dc.png,278.750405700129,0.0035874387249350548,1.4466549158096313,2.0478322505950928,structsplat.bench007.v1,streams/selected/0229/local_gradient_control/target-0p5-a941317289c6df46f481c3dc.sspl1,ok,0.052104773072408565,0.8345797657966614,ok,"{""header_bytes"": 685, ""header_json_bytes"": 676, ""header_length_prefix_bytes"": 4, ""magic_bytes"": 5, ""streams"": {""colors"": {""framed_bytes"": 48585, ""framing_bytes"": 4, ""payload_bytes"": 48581, ""raw_bytes"": 57543}, ""means"": {""framed_bytes"": 56458, ""framing_bytes"": 4, ""payload_bytes"": 56454, ""raw_bytes"": 76724}, ""rotation"": {""framed_bytes"": 17922, ""framing_bytes"": 4, ""payload_bytes"": 17918, ""raw_bytes"": 19181}, ""scales"": {""framed_bytes"": 36628, ""framing_bytes"": 4, ""payload_bytes"": 36624, ""raw_bytes"": 38362}}, ""total_bytes"": 160278}",streams/candidates/0229/local_gradient_control/n19181-b16-8-8-8-a941317289c6df46f481c3dc.sspl1,True,8205be38ceb0480afedbae9bbc6f582f3cb0dc5b633b72b317d3100c026166b0,0.5,0.24555305066783206,0.1731504175744372,0.0009858231462681359,457782,2040
32.98779162127814,local_gradient_control,"[16, 8, 8, 8]",16/8/8/8,0.9441085693536674,330480,312009,1cf817d2da53c3a3d760baf7,True,0.007512959651648998,749f87bdc922c0a62077569492a1899df78fdd3e91f2073af3d5b6c0dde8a808,1e-06,persisted_stream_decoded_field_state,0.0,2026-07-14T14:16:24.544105+00:00,0.9999818445896878,0.0020734649151563644,1.3982434272766113,3.5533549785614014,0.3073994644153958,0.004094224241450652,812715,3.735602617263794,7.719667434692383,5.388258934020996,0.05344324745237827,1ab3e82b01c484fd43ed88d8,23.06607481185347,1296,0229,0.002198665402829647,749f87bdc922c0a62077569492a1899df78fdd3e91f2073af3d5b6c0dde8a808,0.16785480082035065,,ad16c5df6888d5d76afdeb51cf1a297b898d3fa7bf3b8e9f2bed473cca748f83,0.9741455912590027,38361,2643840,496.91552734375,550.0,0.23038212796497484,0bf46006e99e3076a1f0c194d5cab7f081d48cb770d6df720706854213fd9420,1657.359375,28.524677276611328,0,0.0,reconstructions/0229/local_gradient_control/target-1-1cf817d2da53c3a3d760baf7.png,269.56730170804667,0.003709648735821247,1.4075530767440796,2.0399169921875,structsplat.bench007.v1,streams/selected/0229/local_gradient_control/target-1-1cf817d2da53c3a3d760baf7.sspl1,ok,0.015170922702857232,0.8916735649108887,ok,"{""header_bytes"": 688, ""header_json_bytes"": 679, ""header_length_prefix_bytes"": 4, ""magic_bytes"": 5, ""streams"": {""colors"": {""framed_bytes"": 97633, ""framing_bytes"": 4, ""payload_bytes"": 97629, ""raw_bytes"": 115083}, ""means"": {""framed_bytes"": 105484, ""framing_bytes"": 4, ""payload_bytes"": 105480, ""raw_bytes"": 153444}, ""rotation"": {""framed_bytes"": 35957, ""framing_bytes"": 4, ""payload_bytes"": 35953, ""raw_bytes"": 38361}, ""scales"": {""framed_bytes"": 72247, ""framing_bytes"": 4, ""payload_bytes"": 72243, ""raw_bytes"": 76722}}, ""total_bytes"": 312009}",streams/candidates/0229/local_gradient_control/n38361-b16-8-8-8-1cf817d2da53c3a3d760baf7.sspl1,True,0bf46006e99e3076a1f0c194d5cab7f081d48cb770d6df720706854213fd9420,1.0,0.24555305066783206,0.1731504175744372,0.0007017446895768015,457782,2040
37.083499379690146,uniform_wse,"[16, 8, 8, 8]",16/8/8/8,0.4774419026870007,165240,157785,223f9b08bd24d93990260643,True,0.006321095861494541,18d979667b5d530d79fdd90747c8ee0733478396070af3133225af586babd25e,1e-06,persisted_stream_decoded_field_state,0.0,2026-07-14T14:16:27.332540+00:00,0.9999913005325587,0.0010451525449752808,1.1328997611999512,3.9797627925872803,0.3073994644153958,0.009352213000330723,812715,3.199178695678711,8.472929000854492,5.259652137756348,0.009997035376727581,9c70fb3c84fc298303aea2fd,24.535316480323672,1296,0229,0.0011240625753998756,18d979667b5d530d79fdd90747c8ee0733478396070af3133225af586babd25e,0.2760574519634247,,ad16c5df6888d5d76afdeb51cf1a297b898d3fa7bf3b8e9f2bed473cca748f83,0.9384804368019104,19181,2643840,494.57177734375,546.0,0.1461692233699413,5784c5031a02112dc587c17bbe01cfb6aed808c8f8bad3a00ce83c132883c8e2,1657.359375,25.11072540283203,0,0.0,reconstructions/0229/uniform_wse/target-0p5-223f9b08bd24d93990260643.png,231.32078744673117,0.004323001019656658,1.248324990272522,2.0739641189575195,structsplat.bench007.v1,streams/selected/0229/uniform_wse/target-0p5-223f9b08bd24d93990260643.sspl1,ok,0.09938382729789083,0.8012265563011169,ok,"{""header_bytes"": 688, ""header_json_bytes"": 679, ""header_length_prefix_bytes"": 4, ""magic_bytes"": 5, ""streams"": {""colors"": {""framed_bytes"": 46314, ""framing_bytes"": 4, ""payload_bytes"": 46310, ""raw_bytes"": 57543}, ""means"": {""framed_bytes"": 56849, ""framing_bytes"": 4, ""payload_bytes"": 56845, ""raw_bytes"": 76724}, ""rotation"": {""framed_bytes"": 17700, ""framing_bytes"": 4, ""payload_bytes"": 17696, ""raw_bytes"": 19181}, ""scales"": {""framed_bytes"": 36234, ""framing_bytes"": 4, ""payload_bytes"": 36230, ""raw_bytes"": 38362}}, ""total_bytes"": 157785}",streams/candidates/0229/uniform_wse/n19181-b16-8-8-8-223f9b08bd24d93990260643.sspl1,True,5784c5031a02112dc587c17bbe01cfb6aed808c8f8bad3a00ce83c132883c8e2,0.5,0.24555305066783206,0.1731504175744372,0.0010623966361234612,457782,2040
39.25328083393851,uniform_wse,"[16, 8, 8, 8]",16/8/8/8,0.9082334785766158,330480,300153,b30b6df1bbcb3b5a25a2a818,True,0.008603072725236416,50ea9d14361455a7bd797bd0282117daf2ce8aa5468311c38006e7f6bbb496c6,1e-06,persisted_stream_decoded_field_state,0.0,2026-07-14T14:16:29.709314+00:00,0.9999837357782619,0.0022007962688803673,1.2037862539291382,4.2879838943481445,0.3073994644153958,0.006606055892884578,812715,3.367264747619629,9.108305931091309,5.452574253082275,0.03753132466226816,ba8878d8c67bae9b64ddce13,30.442798892967403,1296,0229,0.0022122953087091446,50ea9d14361455a7bd797bd0282117daf2ce8aa5468311c38006e7f6bbb496c6,0.20230191946029663,,ad16c5df6888d5d76afdeb51cf1a297b898d3fa7bf3b8e9f2bed473cca748f83,0.96354079246521,38361,2643840,496.91552734375,550.0,0.1950531554326064,29c65ca03c0f14c69d48e9fab84422805a5d5e22f6b8fbed2c1b40305faa48af,1657.359375,26.610172271728516,0,0.0,reconstructions/0229/uniform_wse/target-1-b30b6df1bbcb3b5a25a2a818.png,220.60344495319166,0.004533020779490471,1.3075217008590698,2.1499688625335693,structsplat.bench007.v1,streams/selected/0229/uniform_wse/target-1-b30b6df1bbcb3b5a25a2a818.sspl1,ok,0.05049989523522569,0.8573151230812073,ok,"{""header_bytes"": 691, ""header_json_bytes"": 682, ""header_length_prefix_bytes"": 4, ""magic_bytes"": 5, ""streams"": {""colors"": {""framed_bytes"": 86314, ""framing_bytes"": 4, ""payload_bytes"": 86310, ""raw_bytes"": 115083}, ""means"": {""framed_bytes"": 106349, ""framing_bytes"": 4, ""payload_bytes"": 106345, ""raw_bytes"": 153444}, ""rotation"": {""framed_bytes"": 35126, ""framing_bytes"": 4, ""payload_bytes"": 35122, ""raw_bytes"": 38361}, ""scales"": {""framed_bytes"": 71673, ""framing_bytes"": 4, ""payload_bytes"": 71669, ""raw_bytes"": 76722}}, ""total_bytes"": 300153}",streams/candidates/0229/uniform_wse/n38361-b16-8-8-8-b30b6df1bbcb3b5a25a2a818.sspl1,True,29c65ca03c0f14c69d48e9fab84422805a5d5e22f6b8fbed2c1b40305faa48af,1.0,0.24555305066783206,0.1731504175744372,0.00076967230959599,457782,2040
38.2761521120794,random,"[16, 8, 8, 8]",16/8/8/8,0.46365286855482934,165240,153228,8438d62478aa8b91670e5b90,True,0.006652367301285267,5e8bb81c91619c5163e9083e05bf70d4d797f901a24bf8090d1e6a65aac1115e,1e-06,persisted_stream_decoded_field_state,0.0,2026-07-14T14:16:32.592583+00:00,0.9999595285645122,0.0010586325079202652,1.351279616355896,4.347740173339844,0.3073994644153958,0.009710192788471461,812715,3.6460647583007812,9.295161247253418,5.725387096405029,0.011584250256419182,fdac30bdedf5f69f89d8a65a,25.005700862966478,1296,0229,0.0010987436398863792,5e8bb81c91619c5163e9083e05bf70d4d797f901a24bf8090d1e6a65aac1115e,0.29930102825164795,,ad16c5df6888d5d76afdeb51cf1a297b898d3fa7bf3b8e9f2bed473cca748f83,0.9347906112670898,19181,2643840,494.57177734375,546.0,0.1402829303820794,71c48c639380a217b1497fbb7bb227e0cdee0c0c0152ac35b9580a84c4b0417b,1657.359375,24.946704864501953,0,0.0,reconstructions/0229/random/target-0p5-8438d62478aa8b91670e5b90.png,216.26381183505296,0.00462398212403059,1.3856602907180786,2.179579257965088,structsplat.bench007.v1,streams/selected/0229/random/target-0p5-8438d62478aa8b91670e5b90.sspl1,ok,0.10527012028575268,0.7943845987319946,ok,"{""header_bytes"": 684, ""header_json_bytes"": 675, ""header_length_prefix_bytes"": 4, ""magic_bytes"": 5, ""streams"": {""colors"": {""framed_bytes"": 42531, ""framing_bytes"": 4, ""payload_bytes"": 42527, ""raw_bytes"": 57543}, ""means"": {""framed_bytes"": 57101, ""framing_bytes"": 4, ""payload_bytes"": 57097, ""raw_bytes"": 76724}, ""rotation"": {""framed_bytes"": 17505, ""framing_bytes"": 4, ""payload_bytes"": 17501, ""raw_bytes"": 19181}, ""scales"": {""framed_bytes"": 35407, ""framing_bytes"": 4, ""payload_bytes"": 35403, ""raw_bytes"": 38362}}, ""total_bytes"": 153228}",streams/candidates/0229/random/n19181-b16-8-8-8-8438d62478aa8b91670e5b90.sspl1,True,71c48c639380a217b1497fbb7bb227e0cdee0c0c0152ac35b9580a84c4b0417b,0.5,0.24555305066783206,0.1731504175744372,0.0010884033214901094,457782,2040
38.64158685850884,random,"[16, 8, 8, 8]",16/8/8/8,0.9103667392883079,330480,300858,fcf923dca06563fe8e52533c,True,0.008192510344088078,a26324745f06e69bed5829c7be2504dfc0c43e7f0cbb346f05f300039c46d543,1e-06,persisted_stream_decoded_field_state,0.0,2026-07-14T14:16:34.950460+00:00,0.9999848704914064,0.002088624984025955,1.191146731376648,4.357504844665527,0.3073994644153958,0.006810537273785251,812715,3.395681858062744,9.370250701904297,5.483020782470703,0.042884417809545994,a69d8540c337f37b92ab6039,23.84912046790123,1296,0229,0.0021941959857940674,a26324745f06e69bed5829c7be2504dfc0c43e7f0cbb346f05f300039c46d543,0.2060498297214508,,ad16c5df6888d5d76afdeb51cf1a297b898d3fa7bf3b8e9f2bed473cca748f83,0.9611126184463501,38361,2643840,496.91552734375,550.0,0.19326888731308312,39506f551aad59643f974c8bc54e02b8c85b95afae657aab277f90c4e63e3c69,1657.359375,26.472381591796875,0,0.0,reconstructions/0229/random/target-1-fcf923dca06563fe8e52533c.png,228.4319405917129,0.004377671517431736,1.3058897256851196,2.1572701930999756,structsplat.bench007.v1,streams/selected/0229/random/target-1-fcf923dca06563fe8e52533c.sspl1,ok,0.052284163354749,0.8536854982376099,ok,"{""header_bytes"": 689, ""header_json_bytes"": 680, ""header_length_prefix_bytes"": 4, ""magic_bytes"": 5, ""streams"": {""colors"": {""framed_bytes"": 87048, ""framing_bytes"": 4, ""payload_bytes"": 87044, ""raw_bytes"": 115083}, ""means"": {""framed_bytes"": 106505, ""framing_bytes"": 4, ""payload_bytes"": 106501, ""raw_bytes"": 153444}, ""rotation"": {""framed_bytes"": 35089, ""framing_bytes"": 4, ""payload_bytes"": 35085, ""raw_bytes"": 38361}, ""scales"": {""framed_bytes"": 71527, ""framing_bytes"": 4, ""payload_bytes"": 71523, ""raw_bytes"": 76722}}, ""total_bytes"": 300858}",streams/candidates/0229/random/n38361-b16-8-8-8-fcf923dca06563fe8e52533c.sspl1,True,39506f551aad59643f974c8bc54e02b8c85b95afae657aab277f90c4e63e3c69,1.0,0.24555305066783206,0.1731504175744372,0.0008058949953003446,457782,2040
38.92949183006536,tensor_wse,"[16, 8, 8, 8]",16/8/8/8,0.47519934640522876,153000,145411,fef1234818ac4271bfabc43b,True,0.00762264896184206,6bde7dd4d1d5efd6a54e30aa9013c35e6cde01c9486a0e3bff1c8f42a934cec7,1e-06,persisted_stream_decoded_field_state,0.0,2026-07-14T14:16:37.984050+00:00,1.0,0.0009279735386371613,1.529661774635315,3.344024419784546,0.39560375816993465,0.003798458778241297,968438,3.8855550289154053,7.23453426361084,3.6450400352478027,0.01032930612564087,8f2b7c37053ea0d09781822e,31.751132554374635,1200,0343,0.0009666914120316505,6bde7dd4d1d5efd6a54e30aa9013c35e6cde01c9486a0e3bff1c8f42a934cec7,0.3914288282394409,,ad16c5df6888d5d76afdeb51cf1a297b898d3fa7bf3b8e9f2bed473cca748f83,0.9293060302734375,17760,2448000,458.54052734375,522.0,0.15788566934820322,bd7a76c0ade7725365257eae43d9da22f2b5f551311fe6ef22ae27bc98e30ee0,1657.359375,27.394969940185547,0,0.0,reconstructions/0343/tensor_wse/target-0p5-fef1234818ac4271bfabc43b.png,172.42438544992066,0.005799643695354462,1.480723261833191,1.7965151071548462,structsplat.bench007.v1,streams/selected/0343/tensor_wse/target-0p5-fef1234818ac4271bfabc43b.sspl1,ok,0.056055415321971044,0.7565965056419373,ok,"{""header_bytes"": 683, ""header_json_bytes"": 674, ""header_length_prefix_bytes"": 4, ""magic_bytes"": 5, ""streams"": {""colors"": {""framed_bytes"": 41867, ""framing_bytes"": 4, ""payload_bytes"": 41863, ""raw_bytes"": 53280}, ""means"": {""framed_bytes"": 52673, ""framing_bytes"": 4, ""payload_bytes"": 52669, ""raw_bytes"": 71040}, ""rotation"": {""framed_bytes"": 17780, ""framing_bytes"": 4, ""payload_bytes"": 17776, ""raw_bytes"": 17760}, ""scales"": {""framed_bytes"": 32408, ""framing_bytes"": 4, ""payload_bytes"": 32404, ""raw_bytes"": 35520}}, ""total_bytes"": 145411}",streams/candidates/0343/tensor_wse/n17760-b16-8-8-8-fef1234818ac4271bfabc43b.sspl1,True,bd7a76c0ade7725365257eae43d9da22f2b5f551311fe6ef22ae27bc98e30ee0,0.5,0.21394108467017434,0.15109926470588236,0.0013986150193799442,369891,2040
43.81461928104575,tensor_wse,"[16, 8, 8, 8]",16/8/8/8,0.9329771241830065,306000,285491,df4e341be436bb61f5726ca2,True,0.009007762186229229,68bbb602973e520480f39d103f282c00c6f3d20d43aa2f2997d52c7db81bdfd6,1e-06,persisted_stream_decoded_field_state,0.0,2026-07-14T14:16:40.268615+00:00,0.9999971405228758,0.0019085435196757317,1.6341862678527832,3.5254154205322266,0.39560375816993465,0.002449802287021157,968438,4.122467994689941,7.624073505401611,3.7871253490448,0.03977024927735329,1dff4b47c753593190758d28,36.068013734184206,1200,0343,0.0019144155085086823,68bbb602973e520480f39d103f282c00c6f3d20d43aa2f2997d52c7db81bdfd6,0.2887650430202484,,ad16c5df6888d5d76afdeb51cf1a297b898d3fa7bf3b8e9f2bed473cca748f83,0.9560179114341736,35520,2448000,460.70654296875,524.0,0.18831804838334182,e0a3840ea66c69982e74d7122be29d05f9b11c08bafa514b85e2c6c4a4559a96,1657.359375,29.167747497558594,0,0.0,reconstructions/0343/tensor_wse/target-1-df4e341be436bb61f5726ca2.png,180.0512622213607,0.005553973838686943,1.5418672561645508,1.8606399297714233,structsplat.bench007.v1,streams/selected/0343/tensor_wse/target-1-df4e341be436bb61f5726ca2.sspl1,ok,0.025623036286832466,0.8204602599143982,ok,"{""header_bytes"": 685, ""header_json_bytes"": 676, ""header_length_prefix_bytes"": 4, ""magic_bytes"": 5, ""streams"": {""colors"": {""framed_bytes"": 85775, ""framing_bytes"": 4, ""payload_bytes"": 85771, ""raw_bytes"": 106560}, ""means"": {""framed_bytes"": 99455, ""framing_bytes"": 4, ""payload_bytes"": 99451, ""raw_bytes"": 142080}, ""rotation"": {""framed_bytes"": 35545, ""framing_bytes"": 4, ""payload_bytes"": 35541, ""raw_bytes"": 35520}, ""scales"": {""framed_bytes"": 64031, ""framing_bytes"": 4, ""payload_bytes"": 64027, ""raw_bytes"": 71040}}, ""total_bytes"": 285491}",streams/candidates/0343/tensor_wse/n35520-b16-8-8-8-df4e341be436bb61f5726ca2.sspl1,True,e0a3840ea66c69982e74d7122be29d05f9b11c08bafa514b85e2c6c4a4559a96,1.0,0.21394108467017434,0.15109926470588236,0.0010328679164976502,369891,2040
31.46198161764706,quadtree_wse,"[16, 8, 8, 8]",16/8/8/8,0.4759281045751634,153000,145634,65e038a318909349d4eaec93,True,0.006252964958548546,f9f95417bbb604216b4c74f9e324c5d30b509154c5b3a4ad59d32af09d214bc2,1e-06,persisted_stream_decoded_field_state,0.0,2026-07-14T14:16:42.998498+00:00,0.9999979575163399,0.0010492028668522835,1.4523769617080688,2.725102424621582,0.39560375816993465,0.0037936689970553624,968438,3.7526230812072754,6.049090385437012,3.5444881916046143,0.010415456257760525,fe411d15e0e7d9af775c04ab,28.982923395000398,1200,0343,0.000977473333477974,f9f95417bbb604216b4c74f9e324c5d30b509154c5b3a4ad59d32af09d214bc2,0.38841134309768677,,ad16c5df6888d5d76afdeb51cf1a297b898d3fa7bf3b8e9f2bed473cca748f83,0.9297865033149719,17760,2448000,458.54052734375,522.0,0.15746080067125662,5db8cad4f04c776aa846efe10824aed7e8b5725051256fa5914c02e8ce1baef4,1657.359375,27.4110050201416,0,0.0,reconstructions/0343/quadtree_wse/target-0p5-65e038a318909349d4eaec93.png,232.9383833963944,0.004292980767786503,1.4384905099868774,1.7065612077713013,structsplat.bench007.v1,streams/selected/0343/quadtree_wse/target-0p5-65e038a318909349d4eaec93.sspl1,ok,0.05648028399891771,0.7571164965629578,ok,"{""header_bytes"": 683, ""header_json_bytes"": 674, ""header_length_prefix_bytes"": 4, ""magic_bytes"": 5, ""streams"": {""colors"": {""framed_bytes"": 41876, ""framing_bytes"": 4, ""payload_bytes"": 41872, ""raw_bytes"": 53280}, ""means"": {""framed_bytes"": 52623, ""framing_bytes"": 4, ""payload_bytes"": 52619, ""raw_bytes"": 71040}, ""rotation"": {""framed_bytes"": 17780, ""framing_bytes"": 4, ""payload_bytes"": 17776, ""raw_bytes"": 17760}, ""scales"": {""framed_bytes"": 32672, ""framing_bytes"": 4, ""payload_bytes"": 32668, ""raw_bytes"": 35520}}, ""total_bytes"": 145634}",streams/candidates/0343/quadtree_wse/n17760-b16-8-8-8-65e038a318909349d4eaec93.sspl1,True,5db8cad4f04c776aa846efe10824aed7e8b5725051256fa5914c02e8ce1baef4,0.5,0.21394108467017434,0.15109926470588236,0.001377519638287689,369891,2040
39.43091993464052,quadtree_wse,"[16, 8, 8, 8]",16/8/8/8,0.9343398692810457,306000,285908,24f4008fab3d8cbbf23d46df,True,0.009359583258628845,8d9d00a59df03e64274b548cc8273f1c1f4a6354aa1be9ee49f78f7ea9da65a6,1e-06,persisted_stream_decoded_field_state,0.0,2026-07-14T14:16:45.264260+00:00,0.9999938725490196,0.0019094739109277725,1.6384954452514648,3.2531726360321045,0.39560375816993465,0.0024258838430621854,968438,4.147396087646484,7.100191116333008,3.723719358444214,0.04012389853596687,7de59413e9b1a32e69c1b2cc,36.77108154632151,1200,0343,0.001960654743015766,8d9d00a59df03e64274b548cc8273f1c1f4a6354aa1be9ee49f78f7ea9da65a6,0.290151983499527,,ad16c5df6888d5d76afdeb51cf1a297b898d3fa7bf3b8e9f2bed473cca748f83,0.9556885957717896,35520,2448000,460.70654296875,524.0,0.18862320822961734,d09287abc5d9776d010f718093feb711e91b6b170ac527f18eb4cd1b91cf5a15,1657.359375,29.18657684326172,0,0.0,reconstructions/0343/quadtree_wse/target-1-24f4008fab3d8cbbf23d46df.png,170.06643593946524,0.005880055017769337,1.5432502031326294,1.8188228607177734,structsplat.bench007.v1,streams/selected/0343/quadtree_wse/target-1-24f4008fab3d8cbbf23d46df.sspl1,ok,0.02531787644055698,0.8207488656044006,ok,"{""header_bytes"": 686, ""header_json_bytes"": 677, ""header_length_prefix_bytes"": 4, ""magic_bytes"": 5, ""streams"": {""colors"": {""framed_bytes"": 86781, ""framing_bytes"": 4, ""payload_bytes"": 86777, ""raw_bytes"": 106560}, ""means"": {""framed_bytes"": 99476, ""framing_bytes"": 4, ""payload_bytes"": 99472, ""raw_bytes"": 142080}, ""rotation"": {""framed_bytes"": 35545, ""framing_bytes"": 4, ""payload_bytes"": 35541, ""raw_bytes"": 35520}, ""scales"": {""framed_bytes"": 63420, ""framing_bytes"": 4, ""payload_bytes"": 63416, ""raw_bytes"": 71040}}, ""total_bytes"": 285908}",streams/candidates/0343/quadtree_wse/n35520-b16-8-8-8-24f4008fab3d8cbbf23d46df.sspl1,True,d09287abc5d9776d010f718093feb711e91b6b170ac527f18eb4cd1b91cf5a15,1.0,0.21394108467017434,0.15109926470588236,0.001055164423270014,369891,2040
26.636390522875818,local_slic_sobel_control,"[16, 8, 8, 8]",16/8/8/8,0.48630065359477126,153000,148808,7caabb693801c7a372a73f74,True,0.005420442670583725,4c8ea711930f97480075d4f89175599bef9e2d51cf1afc9f605563d137e48616,1e-06,persisted_stream_decoded_field_state,0.0,2026-07-14T14:16:47.993562+00:00,1.0,0.0010892124846577644,1.5056507587432861,2.8461520671844482,0.39560375816993465,0.004525155066264995,968438,3.99298095703125,6.325572490692139,3.920186996459961,0.010587026365101337,36a1eef0bbd4b01f03d795f1,26.342574310489,1200,0343,0.001015673391520977,4c8ea711930f97480075d4f89175599bef9e2d51cf1afc9f605563d137e48616,0.4115145206451416,,ad16c5df6888d5d76afdeb51cf1a297b898d3fa7bf3b8e9f2bed473cca748f83,0.9252905249595642,17760,2448000,458.54052734375,522.0,0.14216971311290558,fc021a6fcee15fae63bff924d80ea48eae3d6cd4af31e0a682c7f1e0b45dfc11,1657.359375,26.76858901977539,0,0.0,reconstructions/0343/local_slic_sobel_control/target-0p5-7caabb693801c7a372a73f74.png,293.35853726972715,0.0034087980166077614,1.4950790405273438,1.7715502977371216,structsplat.bench007.v1,streams/selected/0343/local_slic_sobel_control/target-0p5-7caabb693801c7a372a73f74.sspl1,ok,0.07177137155726877,0.7416643500328064,ok,"{""header_bytes"": 686, ""header_json_bytes"": 677, ""header_length_prefix_bytes"": 4, ""magic_bytes"": 5, ""streams"": {""colors"": {""framed_bytes"": 45597, ""framing_bytes"": 4, ""payload_bytes"": 45593, ""raw_bytes"": 53280}, ""means"": {""framed_bytes"": 52500, ""framing_bytes"": 4, ""payload_bytes"": 52496, ""raw_bytes"": 71040}, ""rotation"": {""framed_bytes"": 16644, ""framing_bytes"": 4, ""payload_bytes"": 16640, ""raw_bytes"": 17760}, ""scales"": {""framed_bytes"": 33381, ""framing_bytes"": 4, ""payload_bytes"": 33377, ""raw_bytes"": 35520}}, ""total_bytes"": 148808}",streams/candidates/0343/local_slic_sobel_control/n17760-b16-8-8-8-7caabb693801c7a372a73f74.sspl1,True,fc021a6fcee15fae63bff924d80ea48eae3d6cd4af31e0a682c7f1e0b45dfc11,0.5,0.21394108467017434,0.15109926470588236,0.001409319062050161,369891,2040
31.397224264705883,local_slic_sobel_control,"[16, 8, 8, 8]",16/8/8/8,0.9446993464052288,306000,289078,ee3e9266951e968dfa61e3a7,True,0.007079047150909901,643baa3b31e7bd45706d334d57c42f34071967e80c8c59c47ac410017868bf1b,1e-06,persisted_stream_decoded_field_state,0.0,2026-07-14T14:16:50.233151+00:00,0.999985294117647,0.0019820649176836014,1.4709359407424927,3.389061212539673,0.39560375816993465,0.002936830507509456,968438,4.006031036376953,7.455575942993164,4.048267364501953,0.04118188004940748,a74f4eab7b917c93a5cbdeb3,24.913378911092877,1200,0343,0.0020797448232769966,643baa3b31e7bd45706d334d57c42f34071967e80c8c59c47ac410017868bf1b,0.29977259039878845,,ad16c5df6888d5d76afdeb51cf1a297b898d3fa7bf3b8e9f2bed473cca748f83,0.954574704170227,35520,2448000,460.70654296875,524.0,0.18077663622802578,18fb21b4f591871076168ffa4edf4080baadc488d07ffbee09828cb657cca58b,1657.359375,28.531707763671875,0,0.0,reconstructions/0343/local_slic_sobel_control/target-1-ee3e9266951e968dfa61e3a7.png,283.95066215550804,0.003521738573908806,1.4962129592895508,1.8465092182159424,structsplat.bench007.v1,streams/selected/0343/local_slic_sobel_control/target-1-ee3e9266951e968dfa61e3a7.sspl1,ok,0.03316444844214855,0.8111686110496521,ok,"{""header_bytes"": 687, ""header_json_bytes"": 678, ""header_length_prefix_bytes"": 4, ""magic_bytes"": 5, ""streams"": {""colors"": {""framed_bytes"": 89247, ""framing_bytes"": 4, ""payload_bytes"": 89243, ""raw_bytes"": 106560}, ""means"": {""framed_bytes"": 99296, ""framing_bytes"": 4, ""payload_bytes"": 99292, ""raw_bytes"": 142080}, ""rotation"": {""framed_bytes"": 33243, ""framing_bytes"": 4, ""payload_bytes"": 33239, ""raw_bytes"": 35520}, ""scales"": {""framed_bytes"": 66605, ""framing_bytes"": 4, ""payload_bytes"": 66601, ""raw_bytes"": 71040}}, ""total_bytes"": 289078}",streams/candidates/0343/local_slic_sobel_control/n35520-b16-8-8-8-ee3e9266951e968dfa61e3a7.sspl1,True,18fb21b4f591871076168ffa4edf4080baadc488d07ffbee09828cb657cca58b,1.0,0.21394108467017434,0.15109926470588236,0.0010459966606393013,369891,2040
25.58256658496732,local_gradient_control,"[16, 8, 8, 8]",16/8/8/8,0.48333006535947715,153000,147899,4061782fab21d3443b5484c8,True,0.00484154187142849,0bd2a77fac8e2582ce380424726ad78466d9653bdadfb32bdcdc0fd24e4670ae,1e-06,persisted_stream_decoded_field_state,0.0,2026-07-14T14:16:52.928463+00:00,0.9999730392156863,0.0010887924581766129,1.433005690574646,2.7730319499969482,0.39560375816993465,0.00425208630293637,968438,3.8231730461120605,6.227831840515137,3.7946441173553467,0.010395854711532593,cfa78227de3d98acdabd323c,21.263712911866605,1200,0343,0.0010047927498817444,0bd2a77fac8e2582ce380424726ad78466d9653bdadfb32bdcdc0fd24e4670ae,0.39735186100006104,,ad16c5df6888d5d76afdeb51cf1a297b898d3fa7bf3b8e9f2bed473cca748f83,0.9303840398788452,17760,2448000,458.54052734375,522.0,0.1482296258049447,a4013be8f93e2edaf0bf1cfe348bdcb4a4bbd67ed55d880ef43c945aec74bdc7,1657.359375,27.024316787719727,0,0.0,reconstructions/0343/local_gradient_control/target-0p5-4061782fab21d3443b5484c8.png,350.1552023594526,0.002855876460671425,1.4502296447753906,1.7175511121749878,structsplat.bench007.v1,streams/selected/0343/local_gradient_control/target-0p5-4061782fab21d3443b5484c8.sspl1,ok,0.0657114588652296,0.7505642771720886,ok,"{""header_bytes"": 688, ""header_json_bytes"": 679, ""header_length_prefix_bytes"": 4, ""magic_bytes"": 5, ""streams"": {""colors"": {""framed_bytes"": 44225, ""framing_bytes"": 4, ""payload_bytes"": 44221, ""raw_bytes"": 53280}, ""means"": {""framed_bytes"": 52498, ""framing_bytes"": 4, ""payload_bytes"": 52494, ""raw_bytes"": 71040}, ""rotation"": {""framed_bytes"": 16728, ""framing_bytes"": 4, ""payload_bytes"": 16724, ""raw_bytes"": 17760}, ""scales"": {""framed_bytes"": 33760, ""framing_bytes"": 4, ""payload_bytes"": 33756, ""raw_bytes"": 35520}}, ""total_bytes"": 147899}",streams/candidates/0343/local_gradient_control/n17760-b16-8-8-8-4061782fab21d3443b5484c8.sspl1,True,a4013be8f93e2edaf0bf1cfe348bdcb4a4bbd67ed55d880ef43c945aec74bdc7,0.5,0.21394108467017434,0.15109926470588236,0.001345685982073521,369891,2040
29.45891748366013,local_gradient_control,"[16, 8, 8, 8]",16/8/8/8,0.9336372549019608,306000,285693,8334aea702f117318755c646,True,0.0067577064037323,d7fb79a85897e94127fc4e97a0b67211c9d4f174deba48206a90f0e64cf3accc,1e-06,persisted_stream_decoded_field_state,0.0,2026-07-14T14:16:55.188282+00:00,0.9999105392156863,0.0018154634162783623,1.297519564628601,3.1834936141967773,0.39560375816993465,0.0026899887745254376,968438,3.602684497833252,7.074803829193115,3.5973000526428223,0.041362738236784935,12d4f8d671db3d2e817490f5,21.22548690252006,1200,0343,0.0022414661943912506,d7fb79a85897e94127fc4e97a0b67211c9d4f174deba48206a90f0e64cf3accc,0.27669182419776917,,ad16c5df6888d5d76afdeb51cf1a297b898d3fa7bf3b8e9f2bed473cca748f83,0.9569371342658997,35520,2448000,460.70654296875,524.0,0.18757712179503935,9578a2881c4c915ad2dcd98ffa25728c57bc928a7805ad0a416e971d53ee30f2,1657.359375,28.870113372802734,0,0.0,reconstructions/0343/local_gradient_control/target-1-8334aea702f117318755c646.png,295.6552524742988,0.0033823177218437195,1.37642502784729,1.7228803634643555,structsplat.bench007.v1,streams/selected/0343/local_gradient_control/target-1-8334aea702f117318755c646.sspl1,ok,0.026363962875134976,0.821278989315033,ok,"{""header_bytes"": 685, ""header_json_bytes"": 676, ""header_length_prefix_bytes"": 4, ""magic_bytes"": 5, ""streams"": {""colors"": {""framed_bytes"": 86390, ""framing_bytes"": 4, ""payload_bytes"": 86386, ""raw_bytes"": 106560}, ""means"": {""framed_bytes"": 99252, ""framing_bytes"": 4, ""payload_bytes"": 99248, ""raw_bytes"": 142080}, ""rotation"": {""framed_bytes"": 33391, ""framing_bytes"": 4, ""payload_bytes"": 33387, ""raw_bytes"": 35520}, ""scales"": {""framed_bytes"": 65975, ""framing_bytes"": 4, ""payload_bytes"": 65971, ""raw_bytes"": 71040}}, ""total_bytes"": 285693}",streams/candidates/0343/local_gradient_control/n35520-b16-8-8-8-8334aea702f117318755c646.sspl1,True,9578a2881c4c915ad2dcd98ffa25728c57bc928a7805ad0a416e971d53ee30f2,1.0,0.21394108467017434,0.15109926470588236,0.0009952005375334604,369891,2040
32.82006209150327,uniform_wse,"[16, 8, 8, 8]",16/8/8/8,0.4753267973856209,153000,145450,7161c64b7671204f800fed4d,True,0.0061807651072740555,3546758814fc1c6891d12345a909087506018a15e6a7fc46f632cdd314dde2d3,1e-06,persisted_stream_decoded_field_state,0.0,2026-07-14T14:16:57.892139+00:00,1.0,0.0009755128994584084,1.2429289817810059,3.507716178894043,0.39560375816993465,0.005045666697547684,968438,3.500065565109253,7.61047887802124,3.832718849182129,0.009041611105203629,cb893f54e51fd5f17196b7dd,25.90616740938276,1200,0343,0.0010149627923965454,3546758814fc1c6891d12345a909087506018a15e6a7fc46f632cdd314dde2d3,0.40120232105255127,,ad16c5df6888d5d76afdeb51cf1a297b898d3fa7bf3b8e9f2bed473cca748f83,0.9234887361526489,17760,2448000,458.54052734375,522.0,0.12999187431644896,99f634afa4de2d33de15ae4f879a70ed3529e8ef0dca46fa3e9298d1dc301628,1657.359375,26.38037872314453,0,0.0,reconstructions/0343/uniform_wse/target-0p5-7161c64b7671204f800fed4d.png,233.67648742881653,0.0042794207111001015,1.3677281141281128,1.829856038093567,structsplat.bench007.v1,streams/selected/0343/uniform_wse/target-0p5-7161c64b7671204f800fed4d.sspl1,ok,0.08394921035372531,0.7335617542266846,ok,"{""header_bytes"": 687, ""header_json_bytes"": 678, ""header_length_prefix_bytes"": 4, ""magic_bytes"": 5, ""streams"": {""colors"": {""framed_bytes"": 42698, ""framing_bytes"": 4, ""payload_bytes"": 42694, ""raw_bytes"": 53280}, ""means"": {""framed_bytes"": 52545, ""framing_bytes"": 4, ""payload_bytes"": 52541, ""raw_bytes"": 71040}, ""rotation"": {""framed_bytes"": 16623, ""framing_bytes"": 4, ""payload_bytes"": 16619, ""raw_bytes"": 17760}, ""scales"": {""framed_bytes"": 32897, ""framing_bytes"": 4, ""payload_bytes"": 32893, ""raw_bytes"": 35520}}, ""total_bytes"": 145450}",streams/candidates/0343/uniform_wse/n17760-b16-8-8-8-7161c64b7671204f800fed4d.sspl1,True,99f634afa4de2d33de15ae4f879a70ed3529e8ef0dca46fa3e9298d1dc301628,0.5,0.21394108467017434,0.15109926470588236,0.001391913499083799,369891,2040
35.83493096405229,uniform_wse,"[16, 8, 8, 8]",16/8/8/8,0.9291928104575163,306000,284333,69a3e0cd32b43390acc3fb39,True,0.007987518794834614,f83807048d23893ec5d0648b7738fc62981249660e7cea8935298dfecdc8f710,1e-06,persisted_stream_decoded_field_state,0.0,2026-07-14T14:17:00.150133+00:00,0.9999950980392157,0.002009074203670025,1.2861741781234741,3.869293212890625,0.39560375816993465,0.00345059296573473,968438,3.6438162326812744,8.352734565734863,4.1037092208862305,0.03326903935521841,d0c5463f558a6681e15c7092,29.572549004107714,1200,0343,0.0020305439829826355,f83807048d23893ec5d0648b7738fc62981249660e7cea8935298dfecdc8f710,0.3008546829223633,,ad16c5df6888d5d76afdeb51cf1a297b898d3fa7bf3b8e9f2bed473cca748f83,0.9547264575958252,35520,2448000,460.70654296875,524.0,0.1702377557645933,ca76d36810d53f05d20e9ef540cf5db84c5723dcd8a32f3f313fa6de611c90c8,1657.359375,27.98752212524414,0,0.0,reconstructions/0343/uniform_wse/target-1-69a3e0cd32b43390acc3fb39.png,230.69487091838852,0.0043347300961613655,1.4127014875411987,1.9061709642410278,structsplat.bench007.v1,streams/selected/0343/uniform_wse/target-1-69a3e0cd32b43390acc3fb39.sspl1,ok,0.04370332890558106,0.803959846496582,ok,"{""header_bytes"": 688, ""header_json_bytes"": 679, ""header_length_prefix_bytes"": 4, ""magic_bytes"": 5, ""streams"": {""colors"": {""framed_bytes"": 85939, ""framing_bytes"": 4, ""payload_bytes"": 85935, ""raw_bytes"": 106560}, ""means"": {""framed_bytes"": 99309, ""framing_bytes"": 4, ""payload_bytes"": 99305, ""raw_bytes"": 142080}, ""rotation"": {""framed_bytes"": 32914, ""framing_bytes"": 4, ""payload_bytes"": 32910, ""raw_bytes"": 35520}, ""scales"": {""framed_bytes"": 65483, ""framing_bytes"": 4, ""payload_bytes"": 65479, ""raw_bytes"": 71040}}, ""total_bytes"": 284333}",streams/candidates/0343/uniform_wse/n35520-b16-8-8-8-69a3e0cd32b43390acc3fb39.sspl1,True,ca76d36810d53f05d20e9ef540cf5db84c5723dcd8a32f3f313fa6de611c90c8,1.0,0.21394108467017434,0.15109926470588236,0.001008054363059143,369891,2040
32.52037704248366,random,"[16, 8, 8, 8]",16/8/8/8,0.47868954248366014,153000,146479,16db775a927b9f81494e16c6,True,0.005738843232393265,ed838f5504226f7453b32af14f9652bbb6d3ef7ac5edc4324de03e12606392dd,1e-06,persisted_stream_decoded_field_state,0.0,2026-07-14T14:17:02.874175+00:00,0.9999669117647059,0.0009948117658495903,1.3585671186447144,3.595907211303711,0.39560375816993465,0.005320816455405542,968438,3.767883539199829,7.88125467300415,4.141507148742676,0.009886413812637329,4ea8107f6ea5a235596d1d98,20.766547021456063,1200,0343,0.001017402857542038,ed838f5504226f7453b32af14f9652bbb6d3ef7ac5edc4324de03e12606392dd,0.41759660840034485,,ad16c5df6888d5d76afdeb51cf1a297b898d3fa7bf3b8e9f2bed473cca748f83,0.9198447465896606,17760,2448000,458.54052734375,522.0,0.1242524322331215,dc4304239cf6fe051a128869d80756163b7b7c28571a1873c7c0bcffd8fadddf,1657.359375,26.166461944580078,0,0.0,reconstructions/0343/random/target-0p5-16db775a927b9f81494e16c6.png,260.3821612308319,0.003840508870780468,1.435357928276062,1.8807750940322876,structsplat.bench007.v1,streams/selected/0343/random/target-0p5-16db775a927b9f81494e16c6.sspl1,ok,0.0896886524370528,0.7266426682472229,ok,"{""header_bytes"": 686, ""header_json_bytes"": 677, ""header_length_prefix_bytes"": 4, ""magic_bytes"": 5, ""streams"": {""colors"": {""framed_bytes"": 44029, ""framing_bytes"": 4, ""payload_bytes"": 44025, ""raw_bytes"": 53280}, ""means"": {""framed_bytes"": 52617, ""framing_bytes"": 4, ""payload_bytes"": 52613, ""raw_bytes"": 71040}, ""rotation"": {""framed_bytes"": 16497, ""framing_bytes"": 4, ""payload_bytes"": 16493, ""raw_bytes"": 17760}, ""scales"": {""framed_bytes"": 32650, ""framing_bytes"": 4, ""payload_bytes"": 32646, ""raw_bytes"": 35520}}, ""total_bytes"": 146479}",streams/candidates/0343/random/n17760-b16-8-8-8-16db775a927b9f81494e16c6.sspl1,True,dc4304239cf6fe051a128869d80756163b7b7c28571a1873c7c0bcffd8fadddf,0.5,0.21394108467017434,0.15109926470588236,0.0014280889857202332,369891,2040
34.5368852124183,random,"[16, 8, 8, 8]",16/8/8/8,0.926718954248366,306000,283576,868b939b7b33287523821b0b,True,0.007431067526340485,2a13afcee4189693c54f82b53d3e9fb217e5750c1d5d4f4ddfef733e82ebf6bd,1e-06,persisted_stream_decoded_field_state,0.0,2026-07-14T14:17:05.126842+00:00,0.9999628267973856,0.0019886642694473267,1.3373067378997803,3.8320024013519287,0.39560375816993465,0.0036782387107635317,968438,3.789506435394287,8.383810997009277,4.234926223754883,0.03670420590788126,44cf756b208809671139f6ec,21.337072156369686,1200,0343,0.002035224810242653,2a13afcee4189693c54f82b53d3e9fb217e5750c1d5d4f4ddfef733e82ebf6bd,0.3153671622276306,,ad16c5df6888d5d76afdeb51cf1a297b898d3fa7bf3b8e9f2bed473cca748f83,0.9516777396202087,35520,2448000,460.70654296875,524.0,0.16594491819884852,a939b4a7651ac7ed9676c680736b068ea862e9232515b55ca53f8f2572b5d05c,1657.359375,27.724658966064453,0,0.0,reconstructions/0343/random/target-1-868b939b7b33287523821b0b.png,255.5212218088637,0.003913569264113903,1.4387930631637573,1.921805500984192,structsplat.bench007.v1,streams/selected/0343/random/target-1-868b939b7b33287523821b0b.sspl1,ok,0.04799616647132585,0.7969783544540405,ok,"{""header_bytes"": 690, ""header_json_bytes"": 681, ""header_length_prefix_bytes"": 4, ""magic_bytes"": 5, ""streams"": {""colors"": {""framed_bytes"": 85107, ""framing_bytes"": 4, ""payload_bytes"": 85103, ""raw_bytes"": 106560}, ""means"": {""framed_bytes"": 99547, ""framing_bytes"": 4, ""payload_bytes"": 99543, ""raw_bytes"": 142080}, ""rotation"": {""framed_bytes"": 32704, ""framing_bytes"": 4, ""payload_bytes"": 32700, ""raw_bytes"": 35520}, ""scales"": {""framed_bytes"": 65528, ""framing_bytes"": 4, ""payload_bytes"": 65524, ""raw_bytes"": 71040}}, ""total_bytes"": 283576}",streams/candidates/0343/random/n35520-b16-8-8-8-868b939b7b33287523821b0b.sspl1,True,a939b4a7651ac7ed9676c680736b068ea862e9232515b55ca53f8f2572b5d05c,1.0,0.21394108467017434,0.15109926470588236,0.0010478175313691574,369891,2040
44.22041178155111,tensor_wse,"[16, 8, 8, 8]",16/8/8/8,0.46407923994340006,148410,137748,d5fd0c33d2454d8d1ab0639a,True,0.005752152763307095,4687d63bab54f52bc6594316209d754712f0784926c2a7f08fdda94959fdc624,1e-06,persisted_stream_decoded_field_state,0.0,2026-07-14T14:17:07.966010+00:00,0.9997810120611819,0.0010758833959698677,1.890036940574646,4.933021545410156,0.2878596455764436,0.006766813148259213,683540,4.6763153076171875,10.244626998901367,4.185952663421631,0.010745194740593433,ff9897955db506d051969961,23.707254188135266,2040,0457,0.0010021813213825226,4687d63bab54f52bc6594316209d754712f0784926c2a7f08fdda94959fdc624,0.19844681024551392,,ad16c5df6888d5d76afdeb51cf1a297b898d3fa7bf3b8e9f2bed473cca748f83,0.9525022506713867,17227,2374560,458.23388671875,490.0,0.3568313972224284,81daf67c4ebe9af00e2c62270dc6792b8c05b6f6363d02d5c8a4f1d23c5cde90,1657.359375,26.317575454711914,0,0.0,reconstructions/0457/tensor_wse/target-0p5-d5fd0c33d2454d8d1ab0639a.png,264.9253932336984,0.0037746476009488106,1.5266915559768677,2.1202051639556885,structsplat.bench007.v1,streams/selected/0457/tensor_wse/target-0p5-d5fd0c33d2454d8d1ab0639a.sspl1,ok,0.05346623039185543,0.8488571047782898,ok,"{""header_bytes"": 681, ""header_json_bytes"": 672, ""header_length_prefix_bytes"": 4, ""magic_bytes"": 5, ""streams"": {""colors"": {""framed_bytes"": 39163, ""framing_bytes"": 4, ""payload_bytes"": 39159, ""raw_bytes"": 51681}, ""means"": {""framed_bytes"": 50656, ""framing_bytes"": 4, ""payload_bytes"": 50652, ""raw_bytes"": 68908}, ""rotation"": {""framed_bytes"": 15168, ""framing_bytes"": 4, ""payload_bytes"": 15164, ""raw_bytes"": 17227}, ""scales"": {""framed_bytes"": 32080, ""framing_bytes"": 4, ""payload_bytes"": 32076, ""raw_bytes"": 34454}}, ""total_bytes"": 137748}",streams/candidates/0457/tensor_wse/n17227-b16-8-8-8-d5fd0c33d2454d8d1ab0639a.sspl1,True,81daf67c4ebe9af00e2c62270dc6792b8c05b6f6363d02d5c8a4f1d23c5cde90,0.5,0.4102976276142839,0.1780350886058891,0.0018243041272234745,422755,1164
54.38666237113402,tensor_wse,"[16, 8, 8, 8]",16/8/8/8,0.905127686813557,296820,268660,fcc0741d4c21af004b3dc3ea,True,0.008211148902773857,404c72c54796f07ed88ea6a8b463aa1fa1caac6f8470a33a76e5dffc5bc500cd,1e-06,persisted_stream_decoded_field_state,0.0,2026-07-14T14:17:10.087422+00:00,0.9995569705545448,0.001939644105732441,2.085514545440674,5.65603494644165,0.2878596455764436,0.003762497652862381,683540,5.114157676696777,11.704492568969727,4.11599063873291,0.042923878878355026,3d178d0d8802d02aed21fd8c,31.65977728459984,2040,0457,0.001975654624402523,404c72c54796f07ed88ea6a8b463aa1fa1caac6f8470a33a76e5dffc5bc500cd,0.12837840616703033,,ad16c5df6888d5d76afdeb51cf1a297b898d3fa7bf3b8e9f2bed473cca748f83,0.969446063041687,34454,2374560,460.33740234375,492.0,0.3851608606930394,3f9c2c7af76ab9963bf53301c02c74fa4329c2cf9c49825ae336304505682d71,1657.359375,28.66937255859375,0,0.0,reconstructions/0457/tensor_wse/target-1-fcc0741d4c21af004b3dc3ea.png,210.76900385344618,0.004744530655443668,1.619675874710083,2.19938588142395,structsplat.bench007.v1,streams/selected/0457/tensor_wse/target-1-fcc0741d4c21af004b3dc3ea.sspl1,ok,0.02513676692124446,0.8899558782577515,ok,"{""header_bytes"": 687, ""header_json_bytes"": 678, ""header_length_prefix_bytes"": 4, ""magic_bytes"": 5, ""streams"": {""colors"": {""framed_bytes"": 78540, ""framing_bytes"": 4, ""payload_bytes"": 78536, ""raw_bytes"": 103362}, ""means"": {""framed_bytes"": 96083, ""framing_bytes"": 4, ""payload_bytes"": 96079, ""raw_bytes"": 137816}, ""rotation"": {""framed_bytes"": 30735, ""framing_bytes"": 4, ""payload_bytes"": 30731, ""raw_bytes"": 34454}, ""scales"": {""framed_bytes"": 62615, ""framing_bytes"": 4, ""payload_bytes"": 62611, ""raw_bytes"": 68908}}, ""total_bytes"": 268660}",streams/candidates/0457/tensor_wse/n34454-b16-8-8-8-fcc0741d4c21af004b3dc3ea.sspl1,True,3f9c2c7af76ab9963bf53301c02c74fa4329c2cf9c49825ae336304505682d71,1.0,0.4102976276142839,0.1780350886058891,0.0012735503094767977,422755,1164
37.272367091166366,quadtree_wse,"[16, 8, 8, 8]",16/8/8/8,0.466582440536352,148410,138491,39f6b959f69fa813f5844561,True,0.0051799314096570015,d1e150ad21813537f688c983ca45fe2d28cbdcb2aec3045bc4899dd96f86f89e,1e-06,persisted_stream_decoded_field_state,0.0,2026-07-14T14:17:12.648489+00:00,0.9999465164072502,0.0009775618091225624,2.0123276710510254,4.270059108734131,0.2878596455764436,0.006717294601365985,683540,4.946407794952393,8.946356773376465,4.28878927230835,0.010789595544338226,45956888199027ec982a6814,24.783586781471968,2040,0457,0.001032581552863121,d1e150ad21813537f688c983ca45fe2d28cbdcb2aec3045bc4899dd96f86f89e,0.20875757932662964,,ad16c5df6888d5d76afdeb51cf1a297b898d3fa7bf3b8e9f2bed473cca748f83,0.9499250054359436,17227,2374560,458.23388671875,490.0,0.3566584654454538,ebf610a1b92d263bb56fe78b0beb7f795cf7ea25a266b4d0e972203e47db7a28,1657.359375,26.331987380981445,0,0.0,reconstructions/0457/quadtree_wse/target-0p5-39f6b959f69fa813f5844561.png,303.85551337469667,0.003291037864983082,1.6107829809188843,2.081336498260498,structsplat.bench007.v1,streams/selected/0457/quadtree_wse/target-0p5-39f6b959f69fa813f5844561.sspl1,ok,0.05363916216883005,0.8473672270774841,ok,"{""header_bytes"": 686, ""header_json_bytes"": 677, ""header_length_prefix_bytes"": 4, ""magic_bytes"": 5, ""streams"": {""colors"": {""framed_bytes"": 39721, ""framing_bytes"": 4, ""payload_bytes"": 39717, ""raw_bytes"": 51681}, ""means"": {""framed_bytes"": 50752, ""framing_bytes"": 4, ""payload_bytes"": 50748, ""raw_bytes"": 68908}, ""rotation"": {""framed_bytes"": 15093, ""framing_bytes"": 4, ""payload_bytes"": 15089, ""raw_bytes"": 17227}, ""scales"": {""framed_bytes"": 32239, ""framing_bytes"": 4, ""payload_bytes"": 32235, ""raw_bytes"": 34454}}, ""total_bytes"": 138491}",streams/candidates/0457/quadtree_wse/n17227-b16-8-8-8-39f6b959f69fa813f5844561.sspl1,True,ebf610a1b92d263bb56fe78b0beb7f795cf7ea25a266b4d0e972203e47db7a28,0.5,0.4102976276142839,0.1780350886058891,0.001820707622287889,422755,1164
46.84562697931406,quadtree_wse,"[16, 8, 8, 8]",16/8/8/8,0.9101408260898861,296820,270148,0c618036f6edd4a150ad0816,True,0.007621128112077713,190bd8cd817f8ba99d009aca0d78c83b3cdcdf143a3126868194feda50867a84,1e-06,persisted_stream_decoded_field_state,0.0,2026-07-14T14:17:14.752295+00:00,0.9999347247490061,0.001971675083041191,2.3278017044067383,5.083410263061523,0.2878596455764436,0.0037010789288507173,683540,5.639456748962402,10.592260360717773,4.616089820861816,0.04288452863693237,e25d549f26128fac1fa86666,31.77981816418469,2040,0457,0.0020628953352570534,190bd8cd817f8ba99d009aca0d78c83b3cdcdf143a3126868194feda50867a84,0.13721001148223877,,ad16c5df6888d5d76afdeb51cf1a297b898d3fa7bf3b8e9f2bed473cca748f83,0.9709295034408569,34454,2374560,460.33740234375,492.0,0.3845626377847272,fa479525a32d5112fa4064648c6e4ffa6d3e7dc558104de4d77cd61f6fa66c3f,1657.359375,28.717838287353516,0,0.0,reconstructions/0457/quadtree_wse/target-1-0c618036f6edd4a150ad0816.png,242.0592299493402,0.004131220281124115,1.7477478981018066,2.230595111846924,structsplat.bench007.v1,streams/selected/0457/quadtree_wse/target-1-0c618036f6edd4a150ad0816.sspl1,ok,0.02573498982955672,0.8920301198959351,ok,"{""header_bytes"": 687, ""header_json_bytes"": 678, ""header_length_prefix_bytes"": 4, ""magic_bytes"": 5, ""streams"": {""colors"": {""framed_bytes"": 80091, ""framing_bytes"": 4, ""payload_bytes"": 80087, ""raw_bytes"": 103362}, ""means"": {""framed_bytes"": 96100, ""framing_bytes"": 4, ""payload_bytes"": 96096, ""raw_bytes"": 137816}, ""rotation"": {""framed_bytes"": 30640, ""framing_bytes"": 4, ""payload_bytes"": 30636, ""raw_bytes"": 34454}, ""scales"": {""framed_bytes"": 62630, ""framing_bytes"": 4, ""payload_bytes"": 62626, ""raw_bytes"": 68908}}, ""total_bytes"": 270148}",streams/candidates/0457/quadtree_wse/n34454-b16-8-8-8-0c618036f6edd4a150ad0816.sspl1,True,fa479525a32d5112fa4064648c6e4ffa6d3e7dc558104de4d77cd61f6fa66c3f,1.0,0.4102976276142839,0.1780350886058891,0.001298382999037113,422755,1164
41.74247018394987,local_slic_sobel_control,"[16, 8, 8, 8]",16/8/8/8,0.4632302405498282,148410,137496,4fb537525ba5d6729f8e9373,True,0.005555931478738785,50dbca6af4ddefe026ba7e93e9ab0e947ff49d30d520c8b4c1f628b279e4d08d,1e-06,persisted_stream_decoded_field_state,0.0,2026-07-14T14:17:17.342303+00:00,0.9990680378680682,0.0010719820857048035,1.9844388961791992,5.42065954208374,0.2878596455764436,0.011600754698395188,683540,5.164370536804199,11.327747344970703,5.89507532119751,0.010573074221611023,cf2bce1f4952b286c7c52390,20.618269588798285,2040,0457,0.001004612073302269,50dbca6af4ddefe026ba7e93e9ab0e947ff49d30d520c8b4c1f628b279e4d08d,0.1986350268125534,,ad16c5df6888d5d76afdeb51cf1a297b898d3fa7bf3b8e9f2bed473cca748f83,0.9478040337562561,17227,2374560,458.23388671875,490.0,0.33597511757851195,7f2428ef2647f3afd6b9d5323702afc1d41bd42dffe4b2aa010ac1e8d1833199,1657.359375,24.306739807128906,0,0.0,reconstructions/0457/local_slic_sobel_control/target-0p5-4fb537525ba5d6729f8e9373.png,277.8018222385965,0.003599688410758972,1.6749656200408936,2.3226897716522217,structsplat.bench007.v1,streams/selected/0457/local_slic_sobel_control/target-0p5-4fb537525ba5d6729f8e9373.sspl1,ok,0.07432251003577198,0.8411398530006409,ok,"{""header_bytes"": 682, ""header_json_bytes"": 673, ""header_length_prefix_bytes"": 4, ""magic_bytes"": 5, ""streams"": {""colors"": {""framed_bytes"": 37950, ""framing_bytes"": 4, ""payload_bytes"": 37946, ""raw_bytes"": 51681}, ""means"": {""framed_bytes"": 50765, ""framing_bytes"": 4, ""payload_bytes"": 50761, ""raw_bytes"": 68908}, ""rotation"": {""framed_bytes"": 14962, ""framing_bytes"": 4, ""payload_bytes"": 14958, ""raw_bytes"": 17227}, ""scales"": {""framed_bytes"": 33137, ""framing_bytes"": 4, ""payload_bytes"": 33133, ""raw_bytes"": 34454}}, ""total_bytes"": 137496}",streams/candidates/0457/local_slic_sobel_control/n17227-b16-8-8-8-4fb537525ba5d6729f8e9373.sspl1,True,7f2428ef2647f3afd6b9d5323702afc1d41bd42dffe4b2aa010ac1e8d1833199,0.5,0.4102976276142839,0.1780350886058891,0.0016976854423485207,422755,1164
44.96740617209083,local_slic_sobel_control,"[16, 8, 8, 8]",16/8/8/8,0.9014992251196011,296820,267583,79dfa9242367262b8a2c325a,True,0.007511267438530922,4096bd46e2537687780cacff75c0f34fb0179243aa8ddead26568861a9b3dbd4,1e-06,persisted_stream_decoded_field_state,0.0,2026-07-14T14:17:19.458117+00:00,0.9997506906542686,0.0019469838589429855,2.0073206424713135,5.983858108520508,0.2878596455764436,0.006371883136470552,683540,5.238733768463135,12.491610527038574,5.6062397956848145,0.03950410895049572,9e6b6bb5118a269463c5d44b,22.431919345632195,2040,0457,0.0020471345633268356,4096bd46e2537687780cacff75c0f34fb0179243aa8ddead26568861a9b3dbd4,0.12342643737792969,,ad16c5df6888d5d76afdeb51cf1a297b898d3fa7bf3b8e9f2bed473cca748f83,0.9684417843818665,34454,2374560,460.33740234375,492.0,0.37194904223611674,f0142b40ad3ac247c17e3c9ce57730c8f319d2ed9a9a46b9accffd67d0a83026,1657.359375,26.816795349121094,0,0.0,reconstructions/0457/local_slic_sobel_control/target-1-79dfa9242367262b8a2c325a.png,248.21660048277485,0.004028739407658577,1.7027900218963623,2.389439821243286,structsplat.bench007.v1,streams/selected/0457/local_slic_sobel_control/target-1-79dfa9242367262b8a2c325a.sspl1,ok,0.038348585378167155,0.8895764350891113,ok,"{""header_bytes"": 688, ""header_json_bytes"": 679, ""header_length_prefix_bytes"": 4, ""magic_bytes"": 5, ""streams"": {""colors"": {""framed_bytes"": 75892, ""framing_bytes"": 4, ""payload_bytes"": 75888, ""raw_bytes"": 103362}, ""means"": {""framed_bytes"": 96363, ""framing_bytes"": 4, ""payload_bytes"": 96359, ""raw_bytes"": 137816}, ""rotation"": {""framed_bytes"": 29812, ""framing_bytes"": 4, ""payload_bytes"": 29808, ""raw_bytes"": 34454}, ""scales"": {""framed_bytes"": 64828, ""framing_bytes"": 4, ""payload_bytes"": 64824, ""raw_bytes"": 68908}}, ""total_bytes"": 267583}",streams/candidates/0457/local_slic_sobel_control/n34454-b16-8-8-8-79dfa9242367262b8a2c325a.sspl1,True,f0142b40ad3ac247c17e3c9ce57730c8f319d2ed9a9a46b9accffd67d0a83026,1.0,0.4102976276142839,0.1780350886058891,0.0011323065165301834,422755,1164
29.56517460076814,local_gradient_control,"[16, 8, 8, 8]",16/8/8/8,0.46649484536082475,148410,138465,1716c101d7e66269b120e91d,True,0.004729109816253185,ec4b8ff3749fb330f8935c9f8cbd000128562e45074e18ae4220fffe3263696a,1e-06,persisted_stream_decoded_field_state,0.0,2026-07-14T14:17:22.020782+00:00,0.9997709049255441,0.0010750023648142815,1.9690971374511719,3.9688961505889893,0.2878596455764436,0.007613981741874422,683540,5.004836082458496,8.47355842590332,4.6780104637146,0.011738446541130543,43908165f944e757585035a0,18.131086316891015,2040,0457,0.001027112826704979,ec4b8ff3749fb330f8935c9f8cbd000128562e45074e18ae4220fffe3263696a,0.194998636841774,,ad16c5df6888d5d76afdeb51cf1a297b898d3fa7bf3b8e9f2bed473cca748f83,0.948898196220398,17227,2374560,458.23388671875,490.0,0.3540116964865829,ac1391e603b704f0ab04de1d2a196a61fe07f51c8707360d1a31da5746fcf19c,1657.359375,25.90224266052246,0,0.0,reconstructions/0457/local_gradient_control/target-0p5-1716c101d7e66269b120e91d.png,362.01374701831577,0.0027623260393738747,1.6294587850570679,2.065051794052124,structsplat.bench007.v1,streams/selected/0457/local_gradient_control/target-0p5-1716c101d7e66269b120e91d.sspl1,ok,0.05628593112770107,0.8469351530075073,ok,"{""header_bytes"": 684, ""header_json_bytes"": 675, ""header_length_prefix_bytes"": 4, ""magic_bytes"": 5, ""streams"": {""colors"": {""framed_bytes"": 39329, ""framing_bytes"": 4, ""payload_bytes"": 39325, ""raw_bytes"": 51681}, ""means"": {""framed_bytes"": 50403, ""framing_bytes"": 4, ""payload_bytes"": 50399, ""raw_bytes"": 68908}, ""rotation"": {""framed_bytes"": 14792, ""framing_bytes"": 4, ""payload_bytes"": 14788, ""raw_bytes"": 17227}, ""scales"": {""framed_bytes"": 33257, ""framing_bytes"": 4, ""payload_bytes"": 33253, ""raw_bytes"": 34454}}, ""total_bytes"": 138465}",streams/candidates/0457/local_gradient_control/n17227-b16-8-8-8-1716c101d7e66269b120e91d.sspl1,True,ac1391e603b704f0ab04de1d2a196a61fe07f51c8707360d1a31da5746fcf19c,0.5,0.4102976276142839,0.1780350886058891,0.0017032211498236222,422755,1164
34.01516702041641,local_gradient_control,"[16, 8, 8, 8]",16/8/8/8,0.9095209217707702,296820,269964,d0bd2c74bcc5cec01d02d73a,True,0.006564234383404255,96677124e27256e122804f94868613aa95a912055f1b667b08abaaee792d343d,1e-06,persisted_stream_decoded_field_state,0.0,2026-07-14T14:17:24.126654+00:00,0.9998985075129708,0.0019393544644117355,2.1134400367736816,4.692004680633545,0.2878596455764436,0.003679921392709531,683540,5.3815598487854,9.94899845123291,4.785387992858887,0.04664339404553175,ece55b2520a1934bbd3796f4,20.054278316907585,2040,0457,0.001993265002965927,96677124e27256e122804f94868613aa95a912055f1b667b08abaaee792d343d,0.12096922099590302,,ad16c5df6888d5d76afdeb51cf1a297b898d3fa7bf3b8e9f2bed473cca748f83,0.9702833890914917,34454,2374560,460.33740234375,492.0,0.38737712169252564,6451eb1b46dc78f134d8e56b90ad2e48c0c117dd636da45f1e9a56bd3672e6ed,1657.359375,28.832035064697266,0,0.0,reconstructions/0457/local_gradient_control/target-1-d0bd2c74bcc5cec01d02d73a.png,320.4936382834245,0.0031201867386698723,1.7097644805908203,2.1803035736083984,structsplat.bench007.v1,streams/selected/0457/local_gradient_control/target-1-d0bd2c74bcc5cec01d02d73a.sspl1,ok,0.02292050592175827,0.8942623138427734,ok,"{""header_bytes"": 685, ""header_json_bytes"": 676, ""header_length_prefix_bytes"": 4, ""magic_bytes"": 5, ""streams"": {""colors"": {""framed_bytes"": 79497, ""framing_bytes"": 4, ""payload_bytes"": 79493, ""raw_bytes"": 103362}, ""means"": {""framed_bytes"": 95672, ""framing_bytes"": 4, ""payload_bytes"": 95668, ""raw_bytes"": 137816}, ""rotation"": {""framed_bytes"": 29265, ""framing_bytes"": 4, ""payload_bytes"": 29261, ""raw_bytes"": 34454}, ""scales"": {""framed_bytes"": 64845, ""framing_bytes"": 4, ""payload_bytes"": 64841, ""raw_bytes"": 68908}}, ""total_bytes"": 269964}",streams/candidates/0457/local_gradient_control/n34454-b16-8-8-8-d0bd2c74bcc5cec01d02d73a.sspl1,True,6451eb1b46dc78f134d8e56b90ad2e48c0c117dd636da45f1e9a56bd3672e6ed,1.0,0.4102976276142839,0.1780350886058891,0.0011324546845812827,422755,1164
51.68283555690317,uniform_wse,"[16, 8, 8, 8]",16/8/8/8,0.44632774071828046,148410,132479,57dfa10e9e655498f2577c62,True,0.006359283812344074,0eba3064512e53fe81a041e603c72b870254fd06085fc985af31751ef07b1164,1e-06,persisted_stream_decoded_field_state,0.0,2026-07-14T14:17:26.690679+00:00,0.9992908159827505,0.0009624920785427094,1.4848145246505737,6.8813700675964355,0.2878596455764436,0.014031557139337469,683540,4.195232391357422,14.2454252243042,5.280784606933594,0.011445404961705208,b747bc75bdfc358ef5e0fd8c,22.099618980661035,2040,0457,0.0009879814460873604,0eba3064512e53fe81a041e603c72b870254fd06085fc985af31751ef07b1164,0.2167620062828064,,ad16c5df6888d5d76afdeb51cf1a297b898d3fa7bf3b8e9f2bed473cca748f83,0.9374906420707703,17227,2374560,458.23388671875,490.0,0.31818613895375264,3d40bcdbbf2ad61dcef79794ab293d94a726a526b63e3fd8c437f4ff715b349d,1657.359375,23.520029067993164,0,0.0,reconstructions/0457/uniform_wse/target-0p5-57dfa10e9e655498f2577c62.png,221.68918722498975,0.004510819911956787,1.4429118633270264,2.322481632232666,structsplat.bench007.v1,streams/selected/0457/uniform_wse/target-0p5-57dfa10e9e655498f2577c62.sspl1,ok,0.09211148866053126,0.8237468600273132,ok,"{""header_bytes"": 683, ""header_json_bytes"": 674, ""header_length_prefix_bytes"": 4, ""magic_bytes"": 5, ""streams"": {""colors"": {""framed_bytes"": 33119, ""framing_bytes"": 4, ""payload_bytes"": 33115, ""raw_bytes"": 51681}, ""means"": {""framed_bytes"": 50891, ""framing_bytes"": 4, ""payload_bytes"": 50887, ""raw_bytes"": 68908}, ""rotation"": {""framed_bytes"": 15060, ""framing_bytes"": 4, ""payload_bytes"": 15056, ""raw_bytes"": 17227}, ""scales"": {""framed_bytes"": 32726, ""framing_bytes"": 4, ""payload_bytes"": 32722, ""raw_bytes"": 34454}}, ""total_bytes"": 132479}",streams/candidates/0457/uniform_wse/n17227-b16-8-8-8-57dfa10e9e655498f2577c62.sspl1,True,3d40bcdbbf2ad61dcef79794ab293d94a726a526b63e3fd8c437f4ff715b349d,0.5,0.4102976276142839,0.1780350886058891,0.0019122246030766708,422755,1164
55.16963690115222,uniform_wse,"[16, 8, 8, 8]",16/8/8/8,0.872444579206253,296820,258959,d666ee56f4bb6ff89f4c452a,True,0.008561409078538418,ab84e8fa92c153f9578766f2117abad3e3a3284e0b21767d1613a2f2499a41da,1e-06,persisted_stream_decoded_field_state,0.0,2026-07-14T14:17:28.858776+00:00,0.9998757664577859,0.0019546933472156525,1.6640758514404297,7.809673309326172,0.2878596455764436,0.007024129144903554,683540,4.558461666107178,16.045557022094727,4.977975368499756,0.03580069914460182,af390dec53a35c38ca536e25,28.266119169071317,2040,0457,0.0020520249381661415,ab84e8fa92c153f9578766f2117abad3e3a3284e0b21767d1613a2f2499a41da,0.130191832780838,,ad16c5df6888d5d76afdeb51cf1a297b898d3fa7bf3b8e9f2bed473cca748f83,0.9694012999534607,34454,2374560,460.33740234375,492.0,0.365042797131251,a53c8f26476e8ad974b060586d016a9b33167a53ea013628c9095b94832c1408,1657.359375,26.456130981445312,0,0.0,reconstructions/0457/uniform_wse/target-1-d666ee56f4bb6ff89f4c452a.png,196.69899009069198,0.005083910189568996,1.5519607067108154,2.418994903564453,structsplat.bench007.v1,streams/selected/0457/uniform_wse/target-1-d666ee56f4bb6ff89f4c452a.sspl1,ok,0.0452548304830328,0.8863251805305481,ok,"{""header_bytes"": 685, ""header_json_bytes"": 676, ""header_length_prefix_bytes"": 4, ""magic_bytes"": 5, ""streams"": {""colors"": {""framed_bytes"": 69092, ""framing_bytes"": 4, ""payload_bytes"": 69088, ""raw_bytes"": 103362}, ""means"": {""framed_bytes"": 96391, ""framing_bytes"": 4, ""payload_bytes"": 96387, ""raw_bytes"": 137816}, ""rotation"": {""framed_bytes"": 29156, ""framing_bytes"": 4, ""payload_bytes"": 29152, ""raw_bytes"": 34454}, ""scales"": {""framed_bytes"": 63635, ""framing_bytes"": 4, ""payload_bytes"": 63631, ""raw_bytes"": 68908}}, ""total_bytes"": 258959}",streams/candidates/0457/uniform_wse/n34454-b16-8-8-8-d666ee56f4bb6ff89f4c452a.sspl1,True,a53c8f26476e8ad974b060586d016a9b33167a53ea013628c9095b94832c1408,1.0,0.4102976276142839,0.1780350886058891,0.0011194711886921142,422755,1164
50.30830595984098,random,"[16, 8, 8, 8]",16/8/8/8,0.44886800080857087,148410,133233,ba0aa26bead5f32f62830f60,True,0.006157384254038334,f64aa6a3472385192769e4e9c0329317fc63e8fd576317554f940c600fbd2ab0,1e-06,persisted_stream_decoded_field_state,0.0,2026-07-14T14:17:31.499846+00:00,0.9991349976416684,0.0009465012699365616,1.5822038650512695,6.718596935272217,0.2878596455764436,0.01383505127462071,683540,4.383670806884766,13.996074676513672,5.512195110321045,0.011962955817580223,1c994136da079bd405fac5a7,19.873679948970675,2040,0457,0.001004282385110855,f64aa6a3472385192769e4e9c0329317fc63e8fd576317554f940c600fbd2ab0,0.2209886908531189,,ad16c5df6888d5d76afdeb51cf1a297b898d3fa7bf3b8e9f2bed473cca748f83,0.9386250376701355,17227,2374560,458.23388671875,490.0,0.31862103904282413,3adf7e8f163dd3beca903f098e186015ef2989a6d1018926232a815251bee9ac,1657.359375,23.550565719604492,0,0.0,reconstructions/0457/random/target-0p5-ba0aa26bead5f32f62830f60.png,230.41101432046204,0.004340070299804211,1.5027152299880981,2.3327345848083496,structsplat.bench007.v1,streams/selected/0457/random/target-0p5-ba0aa26bead5f32f62830f60.sspl1,ok,0.09167658857145977,0.8284454345703125,ok,"{""header_bytes"": 684, ""header_json_bytes"": 675, ""header_length_prefix_bytes"": 4, ""magic_bytes"": 5, ""streams"": {""colors"": {""framed_bytes"": 33964, ""framing_bytes"": 4, ""payload_bytes"": 33960, ""raw_bytes"": 51681}, ""means"": {""framed_bytes"": 50924, ""framing_bytes"": 4, ""payload_bytes"": 50920, ""raw_bytes"": 68908}, ""rotation"": {""framed_bytes"": 15106, ""framing_bytes"": 4, ""payload_bytes"": 15102, ""raw_bytes"": 17227}, ""scales"": {""framed_bytes"": 32555, ""framing_bytes"": 4, ""payload_bytes"": 32551, ""raw_bytes"": 34454}}, ""total_bytes"": 133233}",streams/candidates/0457/random/n17227-b16-8-8-8-ba0aa26bead5f32f62830f60.sspl1,True,3adf7e8f163dd3beca903f098e186015ef2989a6d1018926232a815251bee9ac,0.5,0.4102976276142839,0.1780350886058891,0.002049442001362559,422755,1164
56.99062563169598,random,"[16, 8, 8, 8]",16/8/8/8,0.8800956808840374,296820,261230,1268f2e4390163c27a7dbd6e,True,0.008449677377939224,9fac038750fc4e7508a0af7fcb9fe73ae20c4a01df3883d81ed435e2d19595b5,1e-06,persisted_stream_decoded_field_state,0.0,2026-07-14T14:17:33.659066+00:00,0.9996323529411765,0.0019389037042856216,1.6604785919189453,7.810537338256836,0.2878596455764436,0.00717905492968885,683540,4.603616714477539,16.133724212646484,5.271092414855957,0.03999365773051977,7538531a3b360c9691f00bf8,21.52461179625243,2040,0457,0.0020210053771734238,9fac038750fc4e7508a0af7fcb9fe73ae20c4a01df3883d81ed435e2d19595b5,0.13324016332626343,,ad16c5df6888d5d76afdeb51cf1a297b898d3fa7bf3b8e9f2bed473cca748f83,0.968279242515564,34454,2374560,460.33740234375,492.0,0.364500888939705,305525e036f5dba1f941062d625913d316b27f43bb4e3636c34a36a67d072773,1657.359375,26.339712142944336,0,0.0,reconstructions/0457/random/target-1-1268f2e4390163c27a7dbd6e.png,200.46787532679545,0.004988330416381359,1.5558619499206543,2.4269518852233887,structsplat.bench007.v1,streams/selected/0457/random/target-1-1268f2e4390163c27a7dbd6e.sspl1,ok,0.045796738674578875,0.8860220313072205,ok,"{""header_bytes"": 686, ""header_json_bytes"": 677, ""header_length_prefix_bytes"": 4, ""magic_bytes"": 5, ""streams"": {""colors"": {""framed_bytes"": 71155, ""framing_bytes"": 4, ""payload_bytes"": 71151, ""raw_bytes"": 103362}, ""means"": {""framed_bytes"": 96569, ""framing_bytes"": 4, ""payload_bytes"": 96565, ""raw_bytes"": 137816}, ""rotation"": {""framed_bytes"": 29387, ""framing_bytes"": 4, ""payload_bytes"": 29383, ""raw_bytes"": 34454}, ""scales"": {""framed_bytes"": 63433, ""framing_bytes"": 4, ""payload_bytes"": 63429, ""raw_bytes"": 68908}}, ""total_bytes"": 261230}",streams/candidates/0457/random/n34454-b16-8-8-8-1268f2e4390163c27a7dbd6e.sspl1,True,305525e036f5dba1f941062d625913d316b27f43bb4e3636c34a36a67d072773,1.0,0.4102976276142839,0.1780350886058891,0.0011714343719920002,422755,1164
30.659220819596275,tensor_wse,"[16, 8, 8, 8]",16/8/8/8,0.48727803805888137,172890,168491,79d888d65a5245258cbfeccf,True,0.005636022426187992,7ebc08b3d3f2e827c662bbaa5084f645857a5b439e8d816f6af1fb87248597aa,1e-06,persisted_stream_decoded_field_state,0.0,2026-07-14T14:17:36.675219+00:00,0.9999667418589855,0.0011842027306556702,2.148716449737549,2.7887158393859863,0.31619418416334083,0.0028403746719352684,874669,5.144516468048096,6.073426246643066,5.639394283294678,0.012956558726727962,8c57fe22a5ac5fe6c173bb6b,26.055880749598145,1356,0571,0.0011161230504512787,7ebc08b3d3f2e827c662bbaa5084f645857a5b439e8d816f6af1fb87248597aa,0.24009311199188232,,ad16c5df6888d5d76afdeb51cf1a297b898d3fa7bf3b8e9f2bed473cca748f83,0.9510205984115601,20069,2766240,522.57958984375,546.0,0.2750285882669439,eed9a5c4d59636b4cd6c17b9f1d0557229ee18fadbb23ed6365c0ddfe0694dc5,1657.359375,28.759075164794922,0,0.0,reconstructions/0571/tensor_wse/target-0p5-79d888d65a5245258cbfeccf.png,288.6862167312648,0.0034639686346054077,1.7537165880203247,1.8980622291564941,structsplat.bench007.v1,streams/selected/0571/tensor_wse/target-0p5-79d888d65a5245258cbfeccf.sspl1,ok,0.04357693461688627,0.8463460803031921,ok,"{""header_bytes"": 684, ""header_json_bytes"": 675, ""header_length_prefix_bytes"": 4, ""magic_bytes"": 5, ""streams"": {""colors"": {""framed_bytes"": 51963, ""framing_bytes"": 4, ""payload_bytes"": 51959, ""raw_bytes"": 60207}, ""means"": {""framed_bytes"": 59457, ""framing_bytes"": 4, ""payload_bytes"": 59453, ""raw_bytes"": 80276}, ""rotation"": {""framed_bytes"": 20007, ""framing_bytes"": 4, ""payload_bytes"": 20003, ""raw_bytes"": 20069}, ""scales"": {""framed_bytes"": 36380, ""framing_bytes"": 4, ""payload_bytes"": 36376, ""raw_bytes"": 40138}}, ""total_bytes"": 168491}",streams/candidates/0571/tensor_wse/n20069-b16-8-8-8-79d888d65a5245258cbfeccf.sspl1,True,eed9a5c4d59636b4cd6c17b9f1d0557229ee18fadbb23ed6365c0ddfe0694dc5,0.5,0.31860552288383015,0.17095154433454798,0.0013791545087059214,472893,2040
37.84832154838337,tensor_wse,"[16, 8, 8, 8]",16/8/8/8,0.9418792295679334,345780,325683,91c63f9aba052ed7899c7baf,True,0.008234207518398762,8312a01c70b76b826a6f2be0babca013a5072b96c63ec3fbaeed579006ecbbe3,1e-06,persisted_stream_decoded_field_state,0.0,2026-07-14T14:17:39.222309+00:00,1.0,0.0020096739754080772,2.7050440311431885,3.2875263690948486,0.31619418416334083,0.0012838631183052871,874669,6.25518274307251,7.070267200469971,6.297797679901123,0.050186638720333576,a1c5a702294be09b12325939,35.484044034965336,1356,0571,0.002464595250785351,8312a01c70b76b826a6f2be0babca013a5072b96c63ec3fbaeed579006ecbbe3,0.16267333924770355,,ad16c5df6888d5d76afdeb51cf1a297b898d3fa7bf3b8e9f2bed473cca748f83,0.9748609662055969,40137,2766240,525.03076171875,550.0,0.3013924299195474,5485383ccc6dfde0cd2f42d17c830707ddb31a764e4541c48920fae7bf883a0b,1657.359375,31.863460540771484,0,0.0,reconstructions/0571/tensor_wse/target-1-91c63f9aba052ed7899c7baf.png,226.90555606390302,0.004407119937241077,1.9665862321853638,2.0674996376037598,structsplat.bench007.v1,streams/selected/0571/tensor_wse/target-1-91c63f9aba052ed7899c7baf.sspl1,ok,0.017213092964282816,0.900736391544342,ok,"{""header_bytes"": 687, ""header_json_bytes"": 678, ""header_length_prefix_bytes"": 4, ""magic_bytes"": 5, ""streams"": {""colors"": {""framed_bytes"": 102940, ""framing_bytes"": 4, ""payload_bytes"": 102936, ""raw_bytes"": 120411}, ""means"": {""framed_bytes"": 110230, ""framing_bytes"": 4, ""payload_bytes"": 110226, ""raw_bytes"": 160548}, ""rotation"": {""framed_bytes"": 40009, ""framing_bytes"": 4, ""payload_bytes"": 40005, ""raw_bytes"": 40137}, ""scales"": {""framed_bytes"": 71817, ""framing_bytes"": 4, ""payload_bytes"": 71813, ""raw_bytes"": 80274}}, ""total_bytes"": 325683}",streams/candidates/0571/tensor_wse/n40137-b16-8-8-8-91c63f9aba052ed7899c7baf.sspl1,True,5485383ccc6dfde0cd2f42d17c830707ddb31a764e4541c48920fae7bf883a0b,1.0,0.31860552288383015,0.17095154433454798,0.0008129988174627946,472893,2040
25.165258618196543,quadtree_wse,"[16, 8, 8, 8]",16/8/8/8,0.4841286367054196,172890,167402,6e0ddc83d6fca4f6bb44d66e,True,0.005281741730868816,6c8069011878bef5825d0f356adf34f91bc5ff69f791f83cf113391e7418da8d,1e-06,persisted_stream_decoded_field_state,0.0,2026-07-14T14:17:42.270000+00:00,0.9999819249233617,0.001174652948975563,1.845243215560913,2.3249192237854004,0.31619418416334083,0.0028404075492671093,874669,4.6074676513671875,5.240025997161865,4.834019660949707,0.013060906901955605,40b5ba47e1cbe7e4f507e336,27.4651882564649,1356,0571,0.0011277217417955399,6c8069011878bef5825d0f356adf34f91bc5ff69f791f83cf113391e7418da8d,0.2305845320224762,,ad16c5df6888d5d76afdeb51cf1a297b898d3fa7bf3b8e9f2bed473cca748f83,0.9511095881462097,20069,2766240,522.57958984375,546.0,0.27801299484672687,6a2792882be506059bd50647775e55566caff108bfc495b80833a950f1b99aec,1657.359375,28.793041229248047,0,0.0,reconstructions/0571/quadtree_wse/target-0p5-6e0ddc83d6fca4f6bb44d66e.png,321.0152692318386,0.0031151166185736656,1.6205627918243408,1.7288941144943237,structsplat.bench007.v1,streams/selected/0571/quadtree_wse/target-0p5-6e0ddc83d6fca4f6bb44d66e.sspl1,ok,0.0405925280371033,0.8496503233909607,ok,"{""header_bytes"": 683, ""header_json_bytes"": 674, ""header_length_prefix_bytes"": 4, ""magic_bytes"": 5, ""streams"": {""colors"": {""framed_bytes"": 50742, ""framing_bytes"": 4, ""payload_bytes"": 50738, ""raw_bytes"": 60207}, ""means"": {""framed_bytes"": 59377, ""framing_bytes"": 4, ""payload_bytes"": 59373, ""raw_bytes"": 80276}, ""rotation"": {""framed_bytes"": 19993, ""framing_bytes"": 4, ""payload_bytes"": 19989, ""raw_bytes"": 20069}, ""scales"": {""framed_bytes"": 36607, ""framing_bytes"": 4, ""payload_bytes"": 36603, ""raw_bytes"": 40138}}, ""total_bytes"": 167402}",streams/candidates/0571/quadtree_wse/n20069-b16-8-8-8-6e0ddc83d6fca4f6bb44d66e.sspl1,True,6a2792882be506059bd50647775e55566caff108bfc495b80833a950f1b99aec,0.5,0.31860552288383015,0.17095154433454798,0.0013675313140260022,472893,2040
33.173398548209846,quadtree_wse,"[16, 8, 8, 8]",16/8/8/8,0.9347272832436809,345780,323210,0a8c9b2a454cddb3747cacbf,True,0.008766558952629566,aa65c8fd80f4513b93e54d410d1ef06e78952ec3dee96d052e74f592491e8472,1e-06,persisted_stream_decoded_field_state,0.0,2026-07-14T14:17:44.808727+00:00,1.0,0.0024398956447839737,2.518369436264038,2.905968427658081,0.31619418416334083,0.0012493184201692932,874669,5.948819160461426,6.4050493240356445,5.74283504486084,0.05271866172552109,f236032433b1dae5bede7bcb,36.826866772025824,1356,0571,0.0029765358194708824,aa65c8fd80f4513b93e54d410d1ef06e78952ec3dee96d052e74f592491e8472,0.15895801782608032,,ad16c5df6888d5d76afdeb51cf1a297b898d3fa7bf3b8e9f2bed473cca748f83,0.9737942814826965,40137,2766240,525.03076171875,550.0,0.30261097838518447,3d1d21a529050f6b092a64324443fa32ae4efc8bacdd9e6cd35e5a689e4d839e,1657.359375,31.7945556640625,0,0.0,reconstructions/0571/quadtree_wse/target-1-0a8c9b2a454cddb3747cacbf.png,228.05748005557106,0.004384859465062618,1.9013376235961914,1.9569802284240723,structsplat.bench007.v1,streams/selected/0571/quadtree_wse/target-1-0a8c9b2a454cddb3747cacbf.sspl1,ok,0.01599454449864559,0.901290237903595,ok,"{""header_bytes"": 685, ""header_json_bytes"": 676, ""header_length_prefix_bytes"": 4, ""magic_bytes"": 5, ""streams"": {""colors"": {""framed_bytes"": 100422, ""framing_bytes"": 4, ""payload_bytes"": 100418, ""raw_bytes"": 120411}, ""means"": {""framed_bytes"": 110279, ""framing_bytes"": 4, ""payload_bytes"": 110275, ""raw_bytes"": 160548}, ""rotation"": {""framed_bytes"": 39965, ""framing_bytes"": 4, ""payload_bytes"": 39961, ""raw_bytes"": 40137}, ""scales"": {""framed_bytes"": 71859, ""framing_bytes"": 4, ""payload_bytes"": 71855, ""raw_bytes"": 80274}}, ""total_bytes"": 323210}",streams/candidates/0571/quadtree_wse/n40137-b16-8-8-8-0a8c9b2a454cddb3747cacbf.sspl1,True,3d1d21a529050f6b092a64324443fa32ae4efc8bacdd9e6cd35e5a689e4d839e,1.0,0.31860552288383015,0.17095154433454798,0.0008296485032486147,472893,2040
24.673112238995895,local_slic_sobel_control,"[16, 8, 8, 8]",16/8/8/8,0.4868847243912314,172890,168355,c06e6073225c9519a563dba3,True,0.004927610047161579,3de75051e0b04cd9d19bea15a53c2ba030046f56ad1e31d09901b9eee40f92c2,1e-06,persisted_stream_decoded_field_state,0.0,2026-07-14T14:17:47.839308+00:00,0.9998572068945573,0.0010828617960214615,1.765676498413086,2.726438045501709,0.31619418416334083,0.006044370075582327,874669,4.77324914932251,6.121584415435791,5.448614120483398,0.013168287463486195,b7d45a78ec9e8c320362b3df,21.804580193944275,1356,0571,0.0011199228465557098,3de75051e0b04cd9d19bea15a53c2ba030046f56ad1e31d09901b9eee40f92c2,0.2673760652542114,,ad16c5df6888d5d76afdeb51cf1a297b898d3fa7bf3b8e9f2bed473cca748f83,0.9400367140769958,20069,2766240,522.57958984375,546.0,0.22996621859402272,26bba11bdbf3361ed6fba4b40b13266d24da9b319ffd27aa9627aa1e823d6dc1,1657.359375,26.338794708251953,0,0.0,reconstructions/0571/local_slic_sobel_control/target-0p5-c06e6073225c9519a563dba3.png,351.15732327617644,0.002847726456820965,1.664306879043579,1.8730946779251099,structsplat.bench007.v1,streams/selected/0571/local_slic_sobel_control/target-0p5-c06e6073225c9519a563dba3.sspl1,ok,0.08863930428980733,0.8243430852890015,ok,"{""header_bytes"": 688, ""header_json_bytes"": 679, ""header_length_prefix_bytes"": 4, ""magic_bytes"": 5, ""streams"": {""colors"": {""framed_bytes"": 52584, ""framing_bytes"": 4, ""payload_bytes"": 52580, ""raw_bytes"": 60207}, ""means"": {""framed_bytes"": 59357, ""framing_bytes"": 4, ""payload_bytes"": 59353, ""raw_bytes"": 80276}, ""rotation"": {""framed_bytes"": 18528, ""framing_bytes"": 4, ""payload_bytes"": 18524, ""raw_bytes"": 20069}, ""scales"": {""framed_bytes"": 37198, ""framing_bytes"": 4, ""payload_bytes"": 37194, ""raw_bytes"": 40138}}, ""total_bytes"": 168355}",streams/candidates/0571/local_slic_sobel_control/n20069-b16-8-8-8-c06e6073225c9519a563dba3.sspl1,True,26bba11bdbf3361ed6fba4b40b13266d24da9b319ffd27aa9627aa1e823d6dc1,0.5,0.31860552288383015,0.17095154433454798,0.0013751962499531098,472893,2040
27.928717681762972,local_slic_sobel_control,"[16, 8, 8, 8]",16/8/8/8,0.9421279426224767,345780,325769,5846dee6717234442762e64d,True,0.007023214362561703,200fd9c759cb6d196694ace6807b5a9b5c331211aaf5bd77a957e50365196066,1e-06,persisted_stream_decoded_field_state,0.0,2026-07-14T14:17:50.360550+00:00,0.99985756839609,0.002031814306974411,1.9076271057128906,2.967501163482666,0.31619418416334083,0.0029355563958056853,874669,5.152110576629639,6.646185398101807,5.8704304695129395,0.05135545786470175,f5bf1a5a4d29af2044f485e2,24.477836604230106,1356,0571,0.002440064214169979,200fd9c759cb6d196694ace6807b5a9b5c331211aaf5bd77a957e50365196066,0.17138263583183289,,ad16c5df6888d5d76afdeb51cf1a297b898d3fa7bf3b8e9f2bed473cca748f83,0.9703383445739746,40137,2766240,525.03076171875,550.0,0.28053736163695703,ffb908ced20e299d744948b06b06441de447427033a4b04263e347f5c4293399,1657.359375,29.320878982543945,0,0.0,reconstructions/0571/local_slic_sobel_control/target-1-5846dee6717234442762e64d.png,313.8636948651655,0.0031860964372754097,1.748156189918518,1.9682486057281494,structsplat.bench007.v1,streams/selected/0571/local_slic_sobel_control/target-1-5846dee6717234442762e64d.sspl1,ok,0.038068161246873226,0.8904327154159546,ok,"{""header_bytes"": 690, ""header_json_bytes"": 681, ""header_length_prefix_bytes"": 4, ""magic_bytes"": 5, ""streams"": {""colors"": {""framed_bytes"": 103868, ""framing_bytes"": 4, ""payload_bytes"": 103864, ""raw_bytes"": 120411}, ""means"": {""framed_bytes"": 110069, ""framing_bytes"": 4, ""payload_bytes"": 110065, ""raw_bytes"": 160548}, ""rotation"": {""framed_bytes"": 37036, ""framing_bytes"": 4, ""payload_bytes"": 37032, ""raw_bytes"": 40137}, ""scales"": {""framed_bytes"": 74106, ""framing_bytes"": 4, ""payload_bytes"": 74102, ""raw_bytes"": 80274}}, ""total_bytes"": 325769}",streams/candidates/0571/local_slic_sobel_control/n40137-b16-8-8-8-5846dee6717234442762e64d.sspl1,True,ffb908ced20e299d744948b06b06441de447427033a4b04263e347f5c4293399,1.0,0.31860552288383015,0.17095154433454798,0.0008000668464835419,472893,2040
23.82312344554341,local_gradient_control,"[16, 8, 8, 8]",16/8/8/8,0.48889467291341315,172890,169050,3a594bd518986345c490d1ba,True,0.004811829887330532,306bd5c8932b27b45990faf501572d136cc4b0a6540a32c2f398fa23dc721d34,1e-06,persisted_stream_decoded_field_state,0.0,2026-07-14T14:17:53.376302+00:00,0.9999880704494187,0.0010825125500559807,1.911623239517212,2.6929593086242676,0.31619418416334083,0.0039857748246279485,874669,4.903591156005859,6.029026985168457,5.516388893127441,0.012956527061760426,3cb610de57c4b0afcc2c8e97,19.89717533905059,1356,0571,0.0011399127542972565,306bd5c8932b27b45990faf501572d136cc4b0a6540a32c2f398fa23dc721d34,0.2559492588043213,,ad16c5df6888d5d76afdeb51cf1a297b898d3fa7bf3b8e9f2bed473cca748f83,0.9476578235626221,20069,2766240,522.57958984375,546.0,0.253678123434204,f580f87089c833ef8269c37d5a9b49e205f1206f7dfe1b0f1fc698c8d8b0d9f8,1657.359375,27.792316436767578,0,0.0,reconstructions/0571/local_gradient_control/target-0p5-3a594bd518986345c490d1ba.png,364.36044930948293,0.002744534984230995,1.7161353826522827,1.8773045539855957,structsplat.bench007.v1,streams/selected/0571/local_gradient_control/target-0p5-3a594bd518986345c490d1ba.sspl1,ok,0.06492739944962618,0.8349452018737793,ok,"{""header_bytes"": 684, ""header_json_bytes"": 675, ""header_length_prefix_bytes"": 4, ""magic_bytes"": 5, ""streams"": {""colors"": {""framed_bytes"": 53019, ""framing_bytes"": 4, ""payload_bytes"": 53015, ""raw_bytes"": 60207}, ""means"": {""framed_bytes"": 59442, ""framing_bytes"": 4, ""payload_bytes"": 59438, ""raw_bytes"": 80276}, ""rotation"": {""framed_bytes"": 18528, ""framing_bytes"": 4, ""payload_bytes"": 18524, ""raw_bytes"": 20069}, ""scales"": {""framed_bytes"": 37377, ""framing_bytes"": 4, ""payload_bytes"": 37373, ""raw_bytes"": 40138}}, ""total_bytes"": 169050}",streams/candidates/0571/local_gradient_control/n20069-b16-8-8-8-3a594bd518986345c490d1ba.sspl1,True,f580f87089c833ef8269c37d5a9b49e205f1206f7dfe1b0f1fc698c8d8b0d9f8,0.5,0.31860552288383015,0.17095154433454798,0.0013232871008997797,472893,2040
23.885189643704088,local_gradient_control,"[16, 8, 8, 8]",16/8/8/8,0.9391202498698594,345780,324729,113e661d4273705841cf93cb,True,0.006658724509179592,fc2abd7d961d162fb1d533a4aa96833abbedd9e2c71c02988d34f5e7395950bb,1e-06,persisted_stream_decoded_field_state,0.0,2026-07-14T14:17:55.888420+00:00,0.9999725258835097,0.0020136935636401176,1.809664011001587,2.5866408348083496,0.31619418416334083,0.001464717546331071,874669,4.831142425537109,5.895752906799316,5.3645219802856445,0.05016075447201729,b2a71121031955ea494e8c1c,22.040010372176766,1356,0571,0.0024403855204582214,fc2abd7d961d162fb1d533a4aa96833abbedd9e2c71c02988d34f5e7395950bb,0.14665432274341583,,ad16c5df6888d5d76afdeb51cf1a297b898d3fa7bf3b8e9f2bed473cca748f83,0.9771016836166382,40137,2766240,525.03076171875,550.0,0.3003782252012967,b3f8b2bc47cbad6c03309d197e52313e799c0e5dcd5bbf0962b0081e0facfd3c,1657.359375,31.662689208984375,0,0.0,reconstructions/0571/local_gradient_control/target-1-113e661d4273705841cf93cb.png,355.0182937897528,0.0028167562559247017,1.694717288017273,1.8546955585479736,structsplat.bench007.v1,streams/selected/0571/local_gradient_control/target-1-113e661d4273705841cf93cb.sspl1,ok,0.018227297682533446,0.9065535664558411,ok,"{""header_bytes"": 684, ""header_json_bytes"": 675, ""header_length_prefix_bytes"": 4, ""magic_bytes"": 5, ""streams"": {""colors"": {""framed_bytes"": 102004, ""framing_bytes"": 4, ""payload_bytes"": 102000, ""raw_bytes"": 120411}, ""means"": {""framed_bytes"": 110176, ""framing_bytes"": 4, ""payload_bytes"": 110172, ""raw_bytes"": 160548}, ""rotation"": {""framed_bytes"": 37497, ""framing_bytes"": 4, ""payload_bytes"": 37493, ""raw_bytes"": 40137}, ""scales"": {""framed_bytes"": 74368, ""framing_bytes"": 4, ""payload_bytes"": 74364, ""raw_bytes"": 80274}}, ""total_bytes"": 324729}",streams/candidates/0571/local_gradient_control/n40137-b16-8-8-8-113e661d4273705841cf93cb.sspl1,True,b3f8b2bc47cbad6c03309d197e52313e799c0e5dcd5bbf0962b0081e0facfd3c,1.0,0.31860552288383015,0.17095154433454798,0.0007268944950158821,472893,2040
25.429956909017296,uniform_wse,"[12, 6, 6, 6]",12/6/6/6,0.4697524437503615,172890,162431,7348e95a7509b53bd69a9e06,True,0.005558112636208534,ec2f8e6a0ccd7aff122095324278c76b2e7bdbd2b09c56a02e8fd0533426af15,1e-06,persisted_stream_decoded_field_state,0.0,2026-07-14T14:18:00.133657+00:00,0.9999096246168083,0.001449553295969963,1.4006344079971313,2.738133192062378,0.31619418416334083,0.006314122431102892,874669,4.07907772064209,6.087430477142334,5.219597339630127,0.11085909698158503,a2caddeba879b1ac5f5d64a0,24.96866561099887,1356,0571,0.0017212629318237305,ec2f8e6a0ccd7aff122095324278c76b2e7bdbd2b09c56a02e8fd0533426af15,0.23744133114814758,,ad16c5df6888d5d76afdeb51cf1a297b898d3fa7bf3b8e9f2bed473cca748f83,0.940443217754364,26758,2766240,523.39990234375,548.0,0.2376729995135713,ed1fb052f9d9ff8f643a51b7658dbf304999e67b4fd0b042c8594a6508ef9ba7,1657.359375,26.106342315673828,0,0.0,reconstructions/0571/uniform_wse/target-0p5-7348e95a7509b53bd69a9e06.png,357.1944326811027,0.002799595706164837,1.5323787927627563,1.8760699033737183,structsplat.bench007.v1,streams/selected/0571/uniform_wse/target-0p5-7348e95a7509b53bd69a9e06.sspl1,ok,0.08093252337025884,0.8283250331878662,ok,"{""header_bytes"": 691, ""header_json_bytes"": 682, ""header_length_prefix_bytes"": 4, ""magic_bytes"": 5, ""streams"": {""colors"": {""framed_bytes"": 52289, ""framing_bytes"": 4, ""payload_bytes"": 52285, ""raw_bytes"": 80274}, ""means"": {""framed_bytes"": 53971, ""framing_bytes"": 4, ""payload_bytes"": 53967, ""raw_bytes"": 107032}, ""rotation"": {""framed_bytes"": 18571, ""framing_bytes"": 4, ""payload_bytes"": 18567, ""raw_bytes"": 26758}, ""scales"": {""framed_bytes"": 36909, ""framing_bytes"": 4, ""payload_bytes"": 36905, ""raw_bytes"": 53516}}, ""total_bytes"": 162431}",streams/candidates/0571/uniform_wse/n26758-b12-6-6-6-7348e95a7509b53bd69a9e06.sspl1,True,ed1fb052f9d9ff8f643a51b7658dbf304999e67b4fd0b042c8594a6508ef9ba7,0.5,0.31860552288383015,0.17095154433454798,0.0013960986226064648,472893,2040
27.294307073861994,uniform_wse,"[16, 8, 8, 8]",16/8/8/8,0.9346983631210596,345780,323200,df28f7040c2d43ca8adcb4f5,True,0.006977453827857971,568e15f995cfbee7b1a50fcc9e6d5d5c79f905fa899c1c585ccdc4912baf41fb,1e-06,persisted_stream_decoded_field_state,0.0,2026-07-14T14:18:01.441956+00:00,0.9999699953727804,0.002006533555686474,1.5398064851760864,2.977992534637451,0.31619418416334083,0.0029661882472850815,874669,4.412817478179932,6.563800811767578,5.629021167755127,0.039171019569039345,4d43619452bdebf75760f978,29.55804604664445,1356,0571,0.00237178523093462,568e15f995cfbee7b1a50fcc9e6d5d5c79f905fa899c1c585ccdc4912baf41fb,0.16888074576854706,,ad16c5df6888d5d76afdeb51cf1a297b898d3fa7bf3b8e9f2bed473cca748f83,0.9735107421875,40137,2766240,525.03076171875,550.0,0.27350982064678864,29eff4fd3c4a03fc7d3ab507bb99bed1188ddaed8f39f7925ae1e045ea7b59e9,1657.359375,29.38872528076172,0,0.0,reconstructions/0571/uniform_wse/target-1-df28f7040c2d43ca8adcb4f5.png,316.5632843937756,0.0031589260324835777,1.6312907934188843,1.976353406906128,structsplat.bench007.v1,streams/selected/0571/uniform_wse/target-1-df28f7040c2d43ca8adcb4f5.sspl1,ok,0.045095702237041534,0.8904443383216858,ok,"{""header_bytes"": 690, ""header_json_bytes"": 681, ""header_length_prefix_bytes"": 4, ""magic_bytes"": 5, ""streams"": {""colors"": {""framed_bytes"": 101890, ""framing_bytes"": 4, ""payload_bytes"": 101886, ""raw_bytes"": 120411}, ""means"": {""framed_bytes"": 110138, ""framing_bytes"": 4, ""payload_bytes"": 110134, ""raw_bytes"": 160548}, ""rotation"": {""framed_bytes"": 36794, ""framing_bytes"": 4, ""payload_bytes"": 36790, ""raw_bytes"": 40137}, ""scales"": {""framed_bytes"": 73688, ""framing_bytes"": 4, ""payload_bytes"": 73684, ""raw_bytes"": 80274}}, ""total_bytes"": 323200}",streams/candidates/0571/uniform_wse/n40137-b16-8-8-8-df28f7040c2d43ca8adcb4f5.sspl1,True,29eff4fd3c4a03fc7d3ab507bb99bed1188ddaed8f39f7925ae1e045ea7b59e9,1.0,0.31860552288383015,0.17095154433454798,0.0007491166280339768,472893,2040
25.90354886054717,random,"[12, 6, 6, 6]",12/6/6/6,0.4650268957140378,172890,160797,6644f79dcddee5d738f399d4,True,0.005547702312469482,1f6fcdb66a1031bfc741ddacb60dd64cfde13f19d98eba1ebb8ec9ea1702b0e8,1e-06,persisted_stream_decoded_field_state,0.0,2026-07-14T14:18:05.669316+00:00,0.9999276996934467,0.0014898031949996948,1.4819852113723755,2.8400590419769287,0.31619418416334083,0.0067120450778046644,874669,4.314615249633789,6.409262180328369,5.541176795959473,0.1070874659344554,49da9aa8e8fd55aeaae170b2,20.539750023745,1356,0571,0.001744183711707592,1f6fcdb66a1031bfc741ddacb60dd64cfde13f19d98eba1ebb8ec9ea1702b0e8,0.24568819999694824,,ad16c5df6888d5d76afdeb51cf1a297b898d3fa7bf3b8e9f2bed473cca748f83,0.9336565136909485,26758,2766240,523.39990234375,548.0,0.23166443269646783,f203b68a9e1965b9d46d1dd48b883c69fc6eb2ec447e4236271cc87dd5ccd9ba,1657.359375,25.814735412597656,0,0.0,reconstructions/0571/random/target-0p5-6644f79dcddee5d738f399d4.png,357.3220968336113,0.0027985954657197,1.5735033750534058,1.9132195711135864,structsplat.bench007.v1,streams/selected/0571/random/target-0p5-6644f79dcddee5d738f399d4.sspl1,ok,0.08694109018736228,0.8183656334877014,ok,"{""header_bytes"": 686, ""header_json_bytes"": 677, ""header_length_prefix_bytes"": 4, ""magic_bytes"": 5, ""streams"": {""colors"": {""framed_bytes"": 51425, ""framing_bytes"": 4, ""payload_bytes"": 51421, ""raw_bytes"": 80274}, ""means"": {""framed_bytes"": 53502, ""framing_bytes"": 4, ""payload_bytes"": 53498, ""raw_bytes"": 107032}, ""rotation"": {""framed_bytes"": 18516, ""framing_bytes"": 4, ""payload_bytes"": 18512, ""raw_bytes"": 26758}, ""scales"": {""framed_bytes"": 36668, ""framing_bytes"": 4, ""payload_bytes"": 36664, ""raw_bytes"": 53516}}, ""total_bytes"": 160797}",streams/candidates/0571/random/n26758-b12-6-6-6-6644f79dcddee5d738f399d4.sspl1,True,f203b68a9e1965b9d46d1dd48b883c69fc6eb2ec447e4236271cc87dd5ccd9ba,0.5,0.31860552288383015,0.17095154433454798,0.0014984025053785223,472893,2040
27.146684307941467,random,"[16, 8, 8, 8]",16/8/8/8,0.9363468101104748,345780,323770,e674bcb7c31573eb461b891a,True,0.007014424540102482,a5a448903271bb6a920642a26ba86c7bd3ed22b0f23426fd13a94581842b71bb,1e-06,persisted_stream_decoded_field_state,0.0,2026-07-14T14:18:06.980295+00:00,0.9998611834114176,0.00198445376008749,1.5037562847137451,2.917844772338867,0.31619418416334083,0.0034741866292811348,874669,4.450305461883545,6.598897933959961,5.703702449798584,0.04622040223330259,eca6d2ddd3f2e2c369860ee9,22.07285436615348,1356,0571,0.00218193419277668,a5a448903271bb6a920642a26ba86c7bd3ed22b0f23426fd13a94581842b71bb,0.16507935523986816,,ad16c5df6888d5d76afdeb51cf1a297b898d3fa7bf3b8e9f2bed473cca748f83,0.9718726873397827,40137,2766240,525.03076171875,550.0,0.27242583045008617,09810ee13f690fca3a2a5d1bc38d75bd124a5fa56c1cf35052aba93554bf130b,1657.359375,28.797409057617188,0,0.0,reconstructions/0571/random/target-1-e674bcb7c31573eb461b891a.png,314.46172499420857,0.0031800372526049614,1.6019824743270874,1.952955961227417,structsplat.bench007.v1,streams/selected/0571/random/target-1-e674bcb7c31573eb461b891a.sspl1,ok,0.046179692433744,0.8897465467453003,ok,"{""header_bytes"": 687, ""header_json_bytes"": 678, ""header_length_prefix_bytes"": 4, ""magic_bytes"": 5, ""streams"": {""colors"": {""framed_bytes"": 102002, ""framing_bytes"": 4, ""payload_bytes"": 101998, ""raw_bytes"": 120411}, ""means"": {""framed_bytes"": 110239, ""framing_bytes"": 4, ""payload_bytes"": 110235, ""raw_bytes"": 160548}, ""rotation"": {""framed_bytes"": 36988, ""framing_bytes"": 4, ""payload_bytes"": 36984, ""raw_bytes"": 40137}, ""scales"": {""framed_bytes"": 73854, ""framing_bytes"": 4, ""payload_bytes"": 73850, ""raw_bytes"": 80274}}, ""total_bytes"": 323770}",streams/candidates/0571/random/n40137-b16-8-8-8-e674bcb7c31573eb461b891a.sspl1,True,09810ee13f690fca3a2a5d1bc38d75bd124a5fa56c1cf35052aba93554bf130b,1.0,0.31860552288383015,0.17095154433454798,0.0007618646395864469,472893,2040
49.00705337690632,tensor_wse,"[16, 8, 8, 8]",16/8/8/8,0.4765758896151053,137700,131249,9ab0dfe445d51cf752f94acc,True,0.007531004957854748,36b7cb29afbf6608e0efe07e5834a18b1ba46d79d7b24e9c3ec00688f4e2d789,1e-06,persisted_stream_decoded_field_state,0.0,2026-07-14T14:18:09.953058+00:00,1.0,0.0008884109556674957,2.4051389694213867,4.056649208068848,0.2575,0.003592507890979641,567324,5.6978607177734375,8.50593090057373,7.1709136962890625,0.008924308232963085,d42ceb442f9f3ec6a6d15fd6,27.95088721998036,1080,0685,0.0009538717567920685,36b7cb29afbf6608e0efe07e5834a18b1ba46d79d7b24e9c3ec00688f4e2d789,0.22680261731147766,,ad16c5df6888d5d76afdeb51cf1a297b898d3fa7bf3b8e9f2bed473cca748f83,0.9455469846725464,15984,2203200,426.07958984375,456.0,0.22551276998939615,17fe3ee06ac866146eaf92e10f191bc19f6a707cd9446364ead129a5d64c460c,1657.359375,29.34333610534668,0,0.0,reconstructions/0685/tensor_wse/target-0p5-9ab0dfe445d51cf752f94acc.png,173.52432882137015,0.00576288066804409,1.8354945182800293,2.2466909885406494,structsplat.bench007.v1,streams/selected/0685/tensor_wse/target-0p5-9ab0dfe445d51cf752f94acc.sspl1,ok,0.039048360339804196,0.8571376800537109,ok,"{""header_bytes"": 683, ""header_json_bytes"": 674, ""header_length_prefix_bytes"": 4, ""magic_bytes"": 5, ""streams"": {""colors"": {""framed_bytes"": 39139, ""framing_bytes"": 4, ""payload_bytes"": 39135, ""raw_bytes"": 47952}, ""means"": {""framed_bytes"": 46890, ""framing_bytes"": 4, ""payload_bytes"": 46886, ""raw_bytes"": 63936}, ""rotation"": {""framed_bytes"": 15799, ""framing_bytes"": 4, ""payload_bytes"": 15795, ""raw_bytes"": 15984}, ""scales"": {""framed_bytes"": 28738, ""framing_bytes"": 4, ""payload_bytes"": 28734, ""raw_bytes"": 31968}}, ""total_bytes"": 131249}",streams/candidates/0685/tensor_wse/n15984-b16-8-8-8-9ab0dfe445d51cf752f94acc.sspl1,True,17fe3ee06ac866146eaf92e10f191bc19f6a707cd9446364ead129a5d64c460c,0.5,0.2645611303292004,0.185625,0.0007984893529471078,408969,2040
57.939067719680466,tensor_wse,"[16, 8, 8, 8]",16/8/8/8,0.9395751633986928,275400,258759,4df45ddfc84b8dd422145097,True,0.010742210783064365,4f1a6386ab26a3ff93073ed5327369a40489c0cb34741a57ea3a9bf1eb4ec1d3,1e-06,persisted_stream_decoded_field_state,0.0,2026-07-14T14:18:11.835617+00:00,1.0,0.0017993533983826637,2.869551181793213,4.553171157836914,0.2575,0.0017933898653490284,567324,6.625113487243652,9.525578498840332,7.710868835449219,0.03466565813869238,cec6586c63f3efec0d2ba1ae,33.6953591266647,1080,0685,0.0018698731437325478,4f1a6386ab26a3ff93073ed5327369a40489c0cb34741a57ea3a9bf1eb4ec1d3,0.15153340995311737,,ad16c5df6888d5d76afdeb51cf1a297b898d3fa7bf3b8e9f2bed473cca748f83,0.9695695638656616,31968,2203200,428.03271484375,458.0,0.24902011168065782,9b4165c3420cebaa6bc11cc9deea95bf1e3a47bb584f47789a317518f353ffb2,1657.359375,32.04319763183594,0,0.0,reconstructions/0685/tensor_wse/target-1-4df45ddfc84b8dd422145097.png,133.61509053790144,0.007484184578061104,2.0106418132781982,2.3678042888641357,structsplat.bench007.v1,streams/selected/0685/tensor_wse/target-1-4df45ddfc84b8dd422145097.sspl1,ok,0.015541018648542588,0.9014055132865906,ok,"{""header_bytes"": 686, ""header_json_bytes"": 677, ""header_length_prefix_bytes"": 4, ""magic_bytes"": 5, ""streams"": {""colors"": {""framed_bytes"": 80028, ""framing_bytes"": 4, ""payload_bytes"": 80024, ""raw_bytes"": 95904}, ""means"": {""framed_bytes"": 89064, ""framing_bytes"": 4, ""payload_bytes"": 89060, ""raw_bytes"": 127872}, ""rotation"": {""framed_bytes"": 31571, ""framing_bytes"": 4, ""payload_bytes"": 31567, ""raw_bytes"": 31968}, ""scales"": {""framed_bytes"": 57410, ""framing_bytes"": 4, ""payload_bytes"": 57406, ""raw_bytes"": 63936}}, ""total_bytes"": 258759}",streams/candidates/0685/tensor_wse/n31968-b16-8-8-8-4df45ddfc84b8dd422145097.sspl1,True,9b4165c3420cebaa6bc11cc9deea95bf1e3a47bb584f47789a317518f353ffb2,1.0,0.2645611303292004,0.185625,0.0005362305201769699,408969,2040
44.846116557734206,quadtree_wse,"[16, 8, 8, 8]",16/8/8/8,0.4790305010893246,137700,131925,6142de9aa940ed85a593cfe0,True,0.0068343635648489,0eda47ae60a58ee5ddc6e404567350de2e76bcfe69f6aebdd4000946b91f3282,1e-06,persisted_stream_decoded_field_state,0.0,2026-07-14T14:18:14.115845+00:00,0.9999990922294844,0.000889832153916359,2.5592596530914307,3.7058827877044678,0.2575,0.0034071075533207065,567324,6.012213706970215,7.850481986999512,6.964141368865967,0.009646989405155182,0e6a2402c4094b4f5de42959,24.502698823809624,1080,0685,0.0009551718831062317,0eda47ae60a58ee5ddc6e404567350de2e76bcfe69f6aebdd4000946b91f3282,0.23042066395282745,,ad16c5df6888d5d76afdeb51cf1a297b898d3fa7bf3b8e9f2bed473cca748f83,0.9403396248817444,15984,2203200,426.07958984375,456.0,0.22785631021389582,461785d395dc6b67de486e16f5010cf4bb832c9d429a98cea84efbbacbd9d6f6,1657.359375,29.46146011352539,0,0.0,reconstructions/0685/quadtree_wse/target-0p5-6142de9aa940ed85a593cfe0.png,196.01730405559468,0.005101590417325497,1.8973337411880493,2.181706666946411,structsplat.bench007.v1,streams/selected/0685/quadtree_wse/target-0p5-6142de9aa940ed85a593cfe0.sspl1,ok,0.036704820115304515,0.8546161651611328,ok,"{""header_bytes"": 683, ""header_json_bytes"": 674, ""header_length_prefix_bytes"": 4, ""magic_bytes"": 5, ""streams"": {""colors"": {""framed_bytes"": 39710, ""framing_bytes"": 4, ""payload_bytes"": 39706, ""raw_bytes"": 47952}, ""means"": {""framed_bytes"": 46761, ""framing_bytes"": 4, ""payload_bytes"": 46757, ""raw_bytes"": 63936}, ""rotation"": {""framed_bytes"": 15779, ""framing_bytes"": 4, ""payload_bytes"": 15775, ""raw_bytes"": 15984}, ""scales"": {""framed_bytes"": 28992, ""framing_bytes"": 4, ""payload_bytes"": 28988, ""raw_bytes"": 31968}}, ""total_bytes"": 131925}",streams/candidates/0685/quadtree_wse/n15984-b16-8-8-8-6142de9aa940ed85a593cfe0.sspl1,True,461785d395dc6b67de486e16f5010cf4bb832c9d429a98cea84efbbacbd9d6f6,0.5,0.2645611303292004,0.185625,0.0008332917057885281,408969,2040
53.71873956063907,quadtree_wse,"[16, 8, 8, 8]",16/8/8/8,0.9392628903413217,275400,258673,2e4f4e5840d245a828acaf6e,True,0.010113059543073177,0b62689d1b8e32bbf955b0e4375d1534e38c43c45a13c857c1c8dae50d8c9c91,1e-06,persisted_stream_decoded_field_state,0.0,2026-07-14T14:18:15.997171+00:00,0.9999986383442265,0.0017691440880298615,3.00496506690979,4.249269008636475,0.2575,0.0017367853963760984,567324,6.902567386627197,8.954859733581543,7.5340423583984375,0.0364278219640255,350f11ef119dadb859b8aa38,33.7547592157498,1080,0685,0.0017320336773991585,0b62689d1b8e32bbf955b0e4375d1534e38c43c45a13c857c1c8dae50d8c9c91,0.1529775708913803,,ad16c5df6888d5d76afdeb51cf1a297b898d3fa7bf3b8e9f2bed473cca748f83,0.9654834270477295,31968,2203200,428.03271484375,458.0,0.24996627236653035,60c8dd716b330930f64c90aea32903e37322fc93b08dbb456c2d6edddf573018,1657.359375,32.06513977050781,0,0.0,reconstructions/0685/quadtree_wse/target-1-2e4f4e5840d245a828acaf6e.png,145.01490325625932,0.006895842961966991,2.0607612133026123,2.321582317352295,structsplat.bench007.v1,streams/selected/0685/quadtree_wse/target-1-2e4f4e5840d245a828acaf6e.sspl1,ok,0.01459485796267001,0.8972970247268677,ok,"{""header_bytes"": 684, ""header_json_bytes"": 675, ""header_length_prefix_bytes"": 4, ""magic_bytes"": 5, ""streams"": {""colors"": {""framed_bytes"": 79693, ""framing_bytes"": 4, ""payload_bytes"": 79689, ""raw_bytes"": 95904}, ""means"": {""framed_bytes"": 89067, ""framing_bytes"": 4, ""payload_bytes"": 89063, ""raw_bytes"": 127872}, ""rotation"": {""framed_bytes"": 31584, ""framing_bytes"": 4, ""payload_bytes"": 31580, ""raw_bytes"": 31968}, ""scales"": {""framed_bytes"": 57645, ""framing_bytes"": 4, ""payload_bytes"": 57641, ""raw_bytes"": 63936}}, ""total_bytes"": 258673}",streams/candidates/0685/quadtree_wse/n31968-b16-8-8-8-2e4f4e5840d245a828acaf6e.sspl1,True,60c8dd716b330930f64c90aea32903e37322fc93b08dbb456c2d6edddf573018,1.0,0.2645611303292004,0.185625,0.0005561586128216847,408969,2040
35.38803694625999,local_slic_sobel_control,"[16, 8, 8, 8]",16/8/8/8,0.4749636891793755,137700,130805,312e951a5b95553083f1dbc9,True,0.005528731271624565,58e83a4838aa119cc509eb3904729170c78356f63c407657a6bdd64c34dab0e8,1e-06,persisted_stream_decoded_field_state,0.0,2026-07-14T14:18:18.260638+00:00,0.9999872912127814,0.0010104626417160034,1.8473364114761353,3.4445853233337402,0.2575,0.005217120608643308,567324,4.853582859039307,7.465970993041992,6.5282416343688965,0.008703277446329594,2a0c17e6c074c8a004aab3d0,19.32114806678146,1080,0685,0.0009484216570854187,58e83a4838aa119cc509eb3904729170c78356f63c407657a6bdd64c34dab0e8,0.2099129855632782,,ad16c5df6888d5d76afdeb51cf1a297b898d3fa7bf3b8e9f2bed473cca748f83,0.9489254355430603,15984,2203200,426.07958984375,456.0,0.20537104843780676,5e33b735e313567c000a4ab97908a719b6f3bc75cd74918d9765336bf8360bda,1657.359375,28.09818458557129,0,0.0,reconstructions/0685/local_slic_sobel_control/target-0p5-312e951a5b95553083f1dbc9.png,273.09215515669314,0.003661767579615116,1.6850618124008179,2.104649543762207,structsplat.bench007.v1,streams/selected/0685/local_slic_sobel_control/target-0p5-312e951a5b95553083f1dbc9.sspl1,ok,0.05919008189139355,0.8562694191932678,ok,"{""header_bytes"": 683, ""header_json_bytes"": 674, ""header_length_prefix_bytes"": 4, ""magic_bytes"": 5, ""streams"": {""colors"": {""framed_bytes"": 38471, ""framing_bytes"": 4, ""payload_bytes"": 38467, ""raw_bytes"": 47952}, ""means"": {""framed_bytes"": 46935, ""framing_bytes"": 4, ""payload_bytes"": 46931, ""raw_bytes"": 63936}, ""rotation"": {""framed_bytes"": 15150, ""framing_bytes"": 4, ""payload_bytes"": 15146, ""raw_bytes"": 15984}, ""scales"": {""framed_bytes"": 29566, ""framing_bytes"": 4, ""payload_bytes"": 29562, ""raw_bytes"": 31968}}, ""total_bytes"": 130805}",streams/candidates/0685/local_slic_sobel_control/n15984-b16-8-8-8-312e951a5b95553083f1dbc9.sspl1,True,5e33b735e313567c000a4ab97908a719b6f3bc75cd74918d9765336bf8360bda,0.5,0.2645611303292004,0.185625,0.0006611569765502636,408969,2040
39.83688952432825,local_slic_sobel_control,"[16, 8, 8, 8]",16/8/8/8,0.9338961510530138,275400,257195,efef436c3f9d74922c65f8e4,True,0.007313443347811699,e889ea6819ce68032038bf671814c3d6a59b176f29a716ff34e8bc4a38e075e7,1e-06,persisted_stream_decoded_field_state,0.0,2026-07-14T14:18:20.123417+00:00,0.9999514342774146,0.0017663035541772842,2.150697708129883,3.9211039543151855,0.2575,0.002962616495225294,567324,5.460123538970947,8.450601577758789,7.0352325439453125,0.03360184468328953,062eb78f77c0f17388791e85,21.16677153017372,1080,0685,0.0017404239624738693,e889ea6819ce68032038bf671814c3d6a59b176f29a716ff34e8bc4a38e075e7,0.13621780276298523,,ad16c5df6888d5d76afdeb51cf1a297b898d3fa7bf3b8e9f2bed473cca748f83,0.9728859663009644,31968,2203200,428.03271484375,458.0,0.23724395106693788,bb0872da68e2df0536ffa9db9e27163dc99119ca72a0a86f97f73069d9db35ca,1657.359375,30.472267150878906,0,0.0,reconstructions/0685/local_slic_sobel_control/target-1-efef436c3f9d74922c65f8e4.png,243.20087265327774,0.004111827351152897,1.8160219192504883,2.223069667816162,structsplat.bench007.v1,streams/selected/0685/local_slic_sobel_control/target-1-efef436c3f9d74922c65f8e4.sspl1,ok,0.02731717926226246,0.9059572219848633,ok,"{""header_bytes"": 684, ""header_json_bytes"": 675, ""header_length_prefix_bytes"": 4, ""magic_bytes"": 5, ""streams"": {""colors"": {""framed_bytes"": 77404, ""framing_bytes"": 4, ""payload_bytes"": 77400, ""raw_bytes"": 95904}, ""means"": {""framed_bytes"": 89114, ""framing_bytes"": 4, ""payload_bytes"": 89110, ""raw_bytes"": 127872}, ""rotation"": {""framed_bytes"": 30150, ""framing_bytes"": 4, ""payload_bytes"": 30146, ""raw_bytes"": 31968}, ""scales"": {""framed_bytes"": 59843, ""framing_bytes"": 4, ""payload_bytes"": 59839, ""raw_bytes"": 63936}}, ""total_bytes"": 257195}",streams/candidates/0685/local_slic_sobel_control/n31968-b16-8-8-8-efef436c3f9d74922c65f8e4.sspl1,True,bb0872da68e2df0536ffa9db9e27163dc99119ca72a0a86f97f73069d9db35ca,1.0,0.2645611303292004,0.185625,0.0004100535051964055,408969,2040
33.746027596223676,local_gradient_control,"[16, 8, 8, 8]",16/8/8/8,0.4820697167755991,137700,132762,09efcbe6af80b67c3fd9a52c,True,0.0051020001992583275,96988b30d9c2b66117891b3c3f44a04be657ba88b4ee9492bd6d252b7e3fae80,1e-06,persisted_stream_decoded_field_state,0.0,2026-07-14T14:18:22.371445+00:00,0.9999954611474219,0.0009135622531175613,2.046590566635132,3.317542791366577,0.2575,0.003851373582367379,567324,5.083165645599365,7.1923933029174805,6.243110656738281,0.00916499737650156,166f52543c7eb2c221c34560,17.65418206527829,1080,0685,0.0009723920375108719,96988b30d9c2b66117891b3c3f44a04be657ba88b4ee9492bd6d252b7e3fae80,0.21455812454223633,,ad16c5df6888d5d76afdeb51cf1a297b898d3fa7bf3b8e9f2bed473cca748f83,0.9487107396125793,15984,2203200,426.07958984375,456.0,0.22289978239317826,740bab76f09515836b1ec23462732a97bdd43b95c08ccf8076b79db5ccd10855,1657.359375,29.166053771972656,0,0.0,reconstructions/0685/local_gradient_control/target-0p5-09efcbe6af80b67c3fd9a52c.png,297.7043318077632,0.0033590374514460564,1.7195466756820679,2.062584638595581,structsplat.bench007.v1,streams/selected/0685/local_gradient_control/target-0p5-09efcbe6af80b67c3fd9a52c.sspl1,ok,0.041661347936022046,0.8612246513366699,ok,"{""header_bytes"": 685, ""header_json_bytes"": 676, ""header_length_prefix_bytes"": 4, ""magic_bytes"": 5, ""streams"": {""colors"": {""framed_bytes"": 40292, ""framing_bytes"": 4, ""payload_bytes"": 40288, ""raw_bytes"": 47952}, ""means"": {""framed_bytes"": 46718, ""framing_bytes"": 4, ""payload_bytes"": 46714, ""raw_bytes"": 63936}, ""rotation"": {""framed_bytes"": 15118, ""framing_bytes"": 4, ""payload_bytes"": 15114, ""raw_bytes"": 15984}, ""scales"": {""framed_bytes"": 29949, ""framing_bytes"": 4, ""payload_bytes"": 29945, ""raw_bytes"": 31968}}, ""total_bytes"": 132762}",streams/candidates/0685/local_gradient_control/n15984-b16-8-8-8-09efcbe6af80b67c3fd9a52c.sspl1,True,740bab76f09515836b1ec23462732a97bdd43b95c08ccf8076b79db5ccd10855,0.5,0.2645611303292004,0.185625,0.000710005202570573,408969,2040
37.39561229121278,local_gradient_control,"[16, 8, 8, 8]",16/8/8/8,0.9406136528685548,275400,259045,c29187884915a9088008c1e8,True,0.007069002836942673,0e4b200748fa0472b5189824c7078de7fbd24f53d15bd775ae8ef064626f7a67,1e-06,persisted_stream_decoded_field_state,0.0,2026-07-14T14:18:24.233427+00:00,0.9999972766884532,0.0018570031970739365,2.346883535385132,3.8078086376190186,0.2575,0.0018620163884275893,567324,5.704113006591797,8.214730262756348,6.968199253082275,0.03622984979301691,0117598a7a721590da44aae0,19.22593125514686,1080,0685,0.0019792141392827034,0e4b200748fa0472b5189824c7078de7fbd24f53d15bd775ae8ef064626f7a67,0.1392507702112198,,ad16c5df6888d5d76afdeb51cf1a297b898d3fa7bf3b8e9f2bed473cca748f83,0.9712885022163391,31968,2203200,428.03271484375,458.0,0.24978732460224878,a656e4415c8d2c66b80961863be398909ea8e2e1d626136d133566ce1c4ba26c,1657.359375,32.0235710144043,0,0.0,reconstructions/0685/local_gradient_control/target-1-c29187884915a9088008c1e8.png,266.300392602311,0.0037551578134298325,1.8601034879684448,2.1963093280792236,structsplat.bench007.v1,streams/selected/0685/local_gradient_control/target-1-c29187884915a9088008c1e8.sspl1,ok,0.014773805726951566,0.9063652157783508,ok,"{""header_bytes"": 685, ""header_json_bytes"": 676, ""header_length_prefix_bytes"": 4, ""magic_bytes"": 5, ""streams"": {""colors"": {""framed_bytes"": 80123, ""framing_bytes"": 4, ""payload_bytes"": 80119, ""raw_bytes"": 95904}, ""means"": {""framed_bytes"": 88909, ""framing_bytes"": 4, ""payload_bytes"": 88905, ""raw_bytes"": 127872}, ""rotation"": {""framed_bytes"": 30073, ""framing_bytes"": 4, ""payload_bytes"": 30069, ""raw_bytes"": 31968}, ""scales"": {""framed_bytes"": 59255, ""framing_bytes"": 4, ""payload_bytes"": 59251, ""raw_bytes"": 63936}}, ""total_bytes"": 259045}",streams/candidates/0685/local_gradient_control/n31968-b16-8-8-8-c29187884915a9088008c1e8.sspl1,True,a656e4415c8d2c66b80961863be398909ea8e2e1d626136d133566ce1c4ba26c,1.0,0.2645611303292004,0.185625,0.00045522762471098807,408969,2040
39.88789941902687,uniform_wse,"[16, 8, 8, 8]",16/8/8/8,0.4674146695715323,137700,128726,4555f5882e91cbf26360a1d0,True,0.007488553412258625,8412228adc7860e59836685d3976102b8db123a3668d34ee7a423353c0dd9e34,1e-06,persisted_stream_decoded_field_state,0.0,2026-07-14T14:18:26.491553+00:00,0.9999990922294844,0.0009272415190935135,1.6677806377410889,3.783879280090332,0.2575,0.006553887605023268,567324,4.45681095123291,8.094841003417969,6.515739440917969,0.007462633773684502,59316be317b6081ee9c013a6,24.3477345937863,1080,0685,0.0009411517530679703,8412228adc7860e59836685d3976102b8db123a3668d34ee7a423353c0dd9e34,0.2328612357378006,,ad16c5df6888d5d76afdeb51cf1a297b898d3fa7bf3b8e9f2bed473cca748f83,0.9448933601379395,15984,2203200,426.07958984375,456.0,0.18299342507474156,db453849b250062ca5f904a5f5ad4a7a5f93139946e3b709f129b3f9388eba3f,1657.359375,27.236446380615234,0,0.0,reconstructions/0685/uniform_wse/target-0p5-4555f5882e91cbf26360a1d0.png,174.749981365285,0.0057224612683057785,1.5982818603515625,2.1573030948638916,structsplat.bench007.v1,streams/selected/0685/uniform_wse/target-0p5-4555f5882e91cbf26360a1d0.sspl1,ok,0.08156770525445882,0.8398787975311279,ok,"{""header_bytes"": 682, ""header_json_bytes"": 673, ""header_length_prefix_bytes"": 4, ""magic_bytes"": 5, ""streams"": {""colors"": {""framed_bytes"": 36542, ""framing_bytes"": 4, ""payload_bytes"": 36538, ""raw_bytes"": 47952}, ""means"": {""framed_bytes"": 47144, ""framing_bytes"": 4, ""payload_bytes"": 47140, ""raw_bytes"": 63936}, ""rotation"": {""framed_bytes"": 15105, ""framing_bytes"": 4, ""payload_bytes"": 15101, ""raw_bytes"": 15984}, ""scales"": {""framed_bytes"": 29253, ""framing_bytes"": 4, ""payload_bytes"": 29249, ""raw_bytes"": 31968}}, ""total_bytes"": 128726}",streams/candidates/0685/uniform_wse/n15984-b16-8-8-8-4555f5882e91cbf26360a1d0.sspl1,True,db453849b250062ca5f904a5f5ad4a7a5f93139946e3b709f129b3f9388eba3f,0.5,0.2645611303292004,0.185625,0.0007097034140132425,408969,2040
44.70112155047204,uniform_wse,"[16, 8, 8, 8]",16/8/8/8,0.9092193173565722,275400,250399,dba435950b2574511840327e,True,0.007712784223258495,bd2b369617b0c5e60cabc5b2f9c1f4619c6d735a53b2d8bd56f61769d0dba6f1,1e-06,persisted_stream_decoded_field_state,0.0,2026-07-14T14:18:28.375062+00:00,0.9999959150326797,0.0017633931711316109,1.7566602230072021,4.307467460632324,0.2575,0.00410216147806249,567324,4.682982921600342,9.191205978393555,6.782564640045166,0.027529981918632984,5c362057b40611339f006424,25.40144823025912,1080,0685,0.0017174137756228447,bd2b369617b0c5e60cabc5b2f9c1f4619c6d735a53b2d8bd56f61769d0dba6f1,0.155681312084198,,ad16c5df6888d5d76afdeb51cf1a297b898d3fa7bf3b8e9f2bed473cca748f83,0.9696404337882996,31968,2203200,428.03271484375,458.0,0.22073869690390044,7257bb6b5b953580a2721ced9afae1caf9e8f81f494ad88d190e31e6db2550b6,1657.359375,29.235713958740234,0,0.0,reconstructions/0685/uniform_wse/target-1-dba435950b2574511840327e.png,219.88176854480062,0.004547898657619953,1.6517913341522217,2.244102954864502,structsplat.bench007.v1,streams/selected/0685/uniform_wse/target-1-dba435950b2574511840327e.sspl1,ok,0.0438224334252999,0.8924131393432617,ok,"{""header_bytes"": 686, ""header_json_bytes"": 677, ""header_length_prefix_bytes"": 4, ""magic_bytes"": 5, ""streams"": {""colors"": {""framed_bytes"": 70925, ""framing_bytes"": 4, ""payload_bytes"": 70921, ""raw_bytes"": 95904}, ""means"": {""framed_bytes"": 89432, ""framing_bytes"": 4, ""payload_bytes"": 89428, ""raw_bytes"": 127872}, ""rotation"": {""framed_bytes"": 30050, ""framing_bytes"": 4, ""payload_bytes"": 30046, ""raw_bytes"": 31968}, ""scales"": {""framed_bytes"": 59306, ""framing_bytes"": 4, ""payload_bytes"": 59302, ""raw_bytes"": 63936}}, ""total_bytes"": 250399}",streams/candidates/0685/uniform_wse/n31968-b16-8-8-8-dba435950b2574511840327e.sspl1,True,7257bb6b5b953580a2721ced9afae1caf9e8f81f494ad88d190e31e6db2550b6,1.0,0.2645611303292004,0.185625,0.00045212934636860096,408969,2040
39.10941403413217,random,"[16, 8, 8, 8]",16/8/8/8,0.4740159767610748,137700,130544,1895afbece2880312cf74867,True,0.005585850216448307,8a17ad41b0379f8a41772a8d91a7b5b062ddf3e1a8ac4daf2f87d5acca4d0495,1e-06,persisted_stream_decoded_field_state,0.0,2026-07-14T14:18:30.688352+00:00,0.9999582425562817,0.001023431308567524,1.7060120105743408,3.954766273498535,0.2575,0.006828081953994245,567324,4.585747718811035,8.533195495605469,6.585710525512695,0.008006195537745953,c33e22a09635e583edf83561,17.667370146140456,1080,0685,0.0009691221639513969,8a17ad41b0379f8a41772a8d91a7b5b062ddf3e1a8ac4daf2f87d5acca4d0495,0.23518283665180206,,ad16c5df6888d5d76afdeb51cf1a297b898d3fa7bf3b8e9f2bed473cca748f83,0.9474471211433411,15984,2203200,426.07958984375,456.0,0.18185568345843037,912b365a4cec97f1b5c2de0bb3f8904fe98d05fb5ca2af88a99a801dee157bc8,1657.359375,27.07984161376953,0,0.0,reconstructions/0685/random/target-0p5-1895afbece2880312cf74867.png,268.8600532390778,0.003719407133758068,1.6203447580337524,2.180986166000366,structsplat.bench007.v1,streams/selected/0685/random/target-0p5-1895afbece2880312cf74867.sspl1,ok,0.08270544687076997,0.843837559223175,ok,"{""header_bytes"": 682, ""header_json_bytes"": 673, ""header_length_prefix_bytes"": 4, ""magic_bytes"": 5, ""streams"": {""colors"": {""framed_bytes"": 37803, ""framing_bytes"": 4, ""payload_bytes"": 37799, ""raw_bytes"": 47952}, ""means"": {""framed_bytes"": 47185, ""framing_bytes"": 4, ""payload_bytes"": 47181, ""raw_bytes"": 63936}, ""rotation"": {""framed_bytes"": 15031, ""framing_bytes"": 4, ""payload_bytes"": 15027, ""raw_bytes"": 15984}, ""scales"": {""framed_bytes"": 29843, ""framing_bytes"": 4, ""payload_bytes"": 29839, ""raw_bytes"": 31968}}, ""total_bytes"": 130544}",streams/candidates/0685/random/n15984-b16-8-8-8-1895afbece2880312cf74867.sspl1,True,912b365a4cec97f1b5c2de0bb3f8904fe98d05fb5ca2af88a99a801dee157bc8,0.5,0.2645611303292004,0.185625,0.0007094681540690147,408969,2040
43.56928286129266,random,"[16, 8, 8, 8]",16/8/8/8,0.9121387073347857,275400,251203,73d6d20341a19582a9aedae7,True,0.00747949443757534,307cead7dad48bad9372ffa4d143698dfb51c37de3a8f0210530463775ed3ddc,1e-06,persisted_stream_decoded_field_state,0.0,2026-07-14T14:18:32.562198+00:00,0.9999664124909223,0.0017999429255723953,1.8863894939422607,4.429886817932129,0.2575,0.004378065711439566,567324,4.96428108215332,9.486659049987793,7.031743049621582,0.029843255877494812,68348ec110b68136f25cb482,19.31756999436766,1080,0685,0.0018224027007818222,307cead7dad48bad9372ffa4d143698dfb51c37de3a8f0210530463775ed3ddc,0.16158929467201233,,ad16c5df6888d5d76afdeb51cf1a297b898d3fa7bf3b8e9f2bed473cca748f83,0.9692186117172241,31968,2203200,428.03271484375,458.0,0.2169388629149486,3432e852b7338badf1f445bc8825576d6d73c5db64a573d3ea733c3387e36cf4,1657.359375,28.983482360839844,0,0.0,reconstructions/0685/random/target-1-73d6d20341a19582a9aedae7.png,234.78983749686216,0.004259128123521805,1.7186172008514404,2.2854809761047363,structsplat.bench007.v1,streams/selected/0685/random/target-1-73d6d20341a19582a9aedae7.sspl1,ok,0.047622267414251816,0.8895731568336487,ok,"{""header_bytes"": 685, ""header_json_bytes"": 676, ""header_length_prefix_bytes"": 4, ""magic_bytes"": 5, ""streams"": {""colors"": {""framed_bytes"": 72611, ""framing_bytes"": 4, ""payload_bytes"": 72607, ""raw_bytes"": 95904}, ""means"": {""framed_bytes"": 89491, ""framing_bytes"": 4, ""payload_bytes"": 89487, ""raw_bytes"": 127872}, ""rotation"": {""framed_bytes"": 29803, ""framing_bytes"": 4, ""payload_bytes"": 29799, ""raw_bytes"": 31968}, ""scales"": {""framed_bytes"": 58613, ""framing_bytes"": 4, ""payload_bytes"": 58609, ""raw_bytes"": 63936}}, ""total_bytes"": 251203}",streams/candidates/0685/random/n31968-b16-8-8-8-73d6d20341a19582a9aedae7.sspl1,True,3432e852b7338badf1f445bc8825576d6d73c5db64a573d3ea733c3387e36cf4,1.0,0.2645611303292004,0.185625,0.0004627171168398355,408969,2040
81.77025999190236,tensor_wse,"[16, 8, 8, 8]",16/8/8/8,0.4618138700908092,172890,159686,2a27c30bdb1c965c7d7cf869,True,0.009673567488789558,56c949de14f3af5fc337b882943bbb95f81936b817bbc68dfc5bdc63608bf715,1e-06,persisted_stream_decoded_field_state,0.0,2026-07-14T14:18:35.264689+00:00,1.0,0.0010542217642068863,4.0991902351379395,9.244210243225098,0.19759059228411127,7.579260292551962e-05,546583,9.225191116333008,18.50796890258789,17.01450538635254,0.013888775371015072,469aa38c8f70c6ad88f38019,31.670501252636313,1356,0799,0.001099342480301857,56c949de14f3af5fc337b882943bbb95f81936b817bbc68dfc5bdc63608bf715,0.06025385856628418,,ad16c5df6888d5d76afdeb51cf1a297b898d3fa7bf3b8e9f2bed473cca748f83,0.9963453412055969,20069,2766240,522.57958984375,546.0,0.09093774425388039,ec856f46555951c944a3489e1651d8bbce25d4596d7f4921f9638a956a4f5403,1657.359375,45.71934509277344,0,0.0,reconstructions/0799/tensor_wse/target-0p5-2a27c30bdb1c965c7d7cf869.png,131.03062106729723,0.00763180386275053,2.392500400543213,3.0639748573303223,structsplat.bench007.v1,streams/selected/0799/tensor_wse/target-0p5-2a27c30bdb1c965c7d7cf869.sspl1,ok,0.0033103331792358553,0.986611008644104,ok,"{""header_bytes"": 684, ""header_json_bytes"": 675, ""header_length_prefix_bytes"": 4, ""magic_bytes"": 5, ""streams"": {""colors"": {""framed_bytes"": 42254, ""framing_bytes"": 4, ""payload_bytes"": 42250, ""raw_bytes"": 60207}, ""means"": {""framed_bytes"": 59251, ""framing_bytes"": 4, ""payload_bytes"": 59247, ""raw_bytes"": 80276}, ""rotation"": {""framed_bytes"": 20026, ""framing_bytes"": 4, ""payload_bytes"": 20022, ""raw_bytes"": 20069}, ""scales"": {""framed_bytes"": 37471, ""framing_bytes"": 4, ""payload_bytes"": 37467, ""raw_bytes"": 40138}}, ""total_bytes"": 159686}",streams/candidates/0799/tensor_wse/n20069-b16-8-8-8-2a27c30bdb1c965c7d7cf869.sspl1,True,ec856f46555951c944a3489e1651d8bbce25d4596d7f4921f9638a956a4f5403,0.5,0.09424807743311624,0.20060262305512175,2.1827347527833703e-05,554915,2040
106.44170028630921,tensor_wse,"[16, 8, 8, 8]",16/8/8/8,0.8923997917751171,345780,308574,777063d2b851ac8df35896f9,True,0.014920187182724476,5c599aca2e47445950f589dbaa97979373b37ef072b55a9972725b76cc2ae5b5,1e-06,persisted_stream_decoded_field_state,0.0,2026-07-14T14:18:37.795351+00:00,1.0,0.0020309938117861748,4.810730457305908,11.321280479431152,0.19759059228411127,4.0425201301358984e-05,546583,10.666871070861816,22.638553619384766,20.139253616333008,0.04805063921958208,4d17d1ef93c16f9f1a17ccb7,43.24263710062951,1356,0799,0.0024172235280275345,5c599aca2e47445950f589dbaa97979373b37ef072b55a9972725b76cc2ae5b5,0.05341488495469093,,ad16c5df6888d5d76afdeb51cf1a297b898d3fa7bf3b8e9f2bed473cca748f83,0.9971855282783508,40137,2766240,525.03076171875,550.0,0.09244262653067177,bce0080b01d3b1407e87e025c1525bb534f81c4c4d589deb34fab6336c694f7a,1657.359375,47.33838653564453,0,0.0,reconstructions/0799/tensor_wse/target-1-777063d2b851ac8df35896f9.png,89.99870786435861,0.011111270636320114,2.5486090183258057,3.25563645362854,structsplat.bench007.v1,streams/selected/0799/tensor_wse/target-1-777063d2b851ac8df35896f9.sspl1,ok,0.001805450902444496,0.9885692596435547,ok,"{""header_bytes"": 688, ""header_json_bytes"": 679, ""header_length_prefix_bytes"": 4, ""magic_bytes"": 5, ""streams"": {""colors"": {""framed_bytes"": 84475, ""framing_bytes"": 4, ""payload_bytes"": 84471, ""raw_bytes"": 120411}, ""means"": {""framed_bytes"": 109665, ""framing_bytes"": 4, ""payload_bytes"": 109661, ""raw_bytes"": 160548}, ""rotation"": {""framed_bytes"": 40006, ""framing_bytes"": 4, ""payload_bytes"": 40002, ""raw_bytes"": 40137}, ""scales"": {""framed_bytes"": 73740, ""framing_bytes"": 4, ""payload_bytes"": 73736, ""raw_bytes"": 80274}}, ""total_bytes"": 308574}",streams/candidates/0799/tensor_wse/n40137-b16-8-8-8-777063d2b851ac8df35896f9.sspl1,True,bce0080b01d3b1407e87e025c1525bb534f81c4c4d589deb34fab6336c694f7a,1.0,0.09424807743311624,0.20060262305512175,1.888431388478332e-05,554915,2040
77.11569820406038,quadtree_wse,"[16, 8, 8, 8]",16/8/8/8,0.46531898895251317,172890,160898,b752f9d0350e3560a6a684b1,True,0.009316867217421532,598cc07875c403749148afd43d394bb4cbd6b1c4a3463522d4727b091ebb06ca,1e-06,persisted_stream_decoded_field_state,0.0,2026-07-14T14:18:40.896307+00:00,1.0,0.0011846115812659264,4.282347679138184,8.713958740234375,0.19759059228411127,7.254007621828608e-05,546583,9.550812721252441,17.50411605834961,15.964570999145508,0.013277655467391014,f876949d5ba64c8de851f417,31.85022370982915,1356,0799,0.001130763441324234,598cc07875c403749148afd43d394bb4cbd6b1c4a3463522d4727b091ebb06ca,0.05999358743429184,,ad16c5df6888d5d76afdeb51cf1a297b898d3fa7bf3b8e9f2bed473cca748f83,0.996393084526062,20069,2766240,522.57958984375,546.0,0.09103860133009638,ae8a411bf53df598d09547e0a636a1812c2a8447986a2d0a5c2605ca69ae8d6f,1657.359375,45.78990173339844,0,0.0,reconstructions/0799/quadtree_wse/target-0p5-b752f9d0350e3560a6a684b1.png,140.0904967363069,0.007138242945075035,2.4331018924713135,3.0217387676239014,structsplat.bench007.v1,streams/selected/0799/quadtree_wse/target-0p5-b752f9d0350e3560a6a684b1.sspl1,ok,0.0032094761030198745,0.9867601990699768,ok,"{""header_bytes"": 683, ""header_json_bytes"": 674, ""header_length_prefix_bytes"": 4, ""magic_bytes"": 5, ""streams"": {""colors"": {""framed_bytes"": 43525, ""framing_bytes"": 4, ""payload_bytes"": 43521, ""raw_bytes"": 60207}, ""means"": {""framed_bytes"": 59459, ""framing_bytes"": 4, ""payload_bytes"": 59455, ""raw_bytes"": 80276}, ""rotation"": {""framed_bytes"": 19969, ""framing_bytes"": 4, ""payload_bytes"": 19965, ""raw_bytes"": 20069}, ""scales"": {""framed_bytes"": 37262, ""framing_bytes"": 4, ""payload_bytes"": 37258, ""raw_bytes"": 40138}}, ""total_bytes"": 160898}",streams/candidates/0799/quadtree_wse/n20069-b16-8-8-8-b752f9d0350e3560a6a684b1.sspl1,True,ae8a411bf53df598d09547e0a636a1812c2a8447986a2d0a5c2605ca69ae8d6f,0.5,0.09424807743311624,0.20060262305512175,2.1852214241195636e-05,554915,2040
98.05789266296489,quadtree_wse,"[16, 8, 8, 8]",16/8/8/8,0.9055382034819828,345780,313117,b83c65d15ed82845394f61f7,True,0.013660415075719357,772b4ec8c6c15b1613272102110424942bf6749d5dbe0ae7986a43d928a17b8e,1e-06,persisted_stream_decoded_field_state,0.0,2026-07-14T14:18:43.411619+00:00,1.0,0.0019912440329790115,5.233029842376709,10.652192115783691,0.19759059228411127,3.65727613862559e-05,546583,11.456473350524902,21.35002899169922,19.039295196533203,0.05014435201883316,34e9467b32320c3ae62ea1e2,40.977159295231104,1356,0799,0.0024233832955360413,772b4ec8c6c15b1613272102110424942bf6749d5dbe0ae7986a43d928a17b8e,0.053211797028779984,,ad16c5df6888d5d76afdeb51cf1a297b898d3fa7bf3b8e9f2bed473cca748f83,0.997244119644165,40137,2766240,525.03076171875,550.0,0.09258343137218647,282bdabdf091b46ad6aafb09c0564f2201be1eb09561044043b20d5a1234a3ac,1657.359375,47.51926803588867,0,0.0,reconstructions/0799/quadtree_wse/target-1-b83c65d15ed82845394f61f7.png,101.52162325400388,0.009850118309259415,2.627791166305542,3.214651584625244,structsplat.bench007.v1,streams/selected/0799/quadtree_wse/target-1-b83c65d15ed82845394f61f7.sspl1,ok,0.0016646460609297982,0.9887511730194092,ok,"{""header_bytes"": 692, ""header_json_bytes"": 683, ""header_length_prefix_bytes"": 4, ""magic_bytes"": 5, ""streams"": {""colors"": {""framed_bytes"": 88909, ""framing_bytes"": 4, ""payload_bytes"": 88905, ""raw_bytes"": 120411}, ""means"": {""framed_bytes"": 109888, ""framing_bytes"": 4, ""payload_bytes"": 109884, ""raw_bytes"": 160548}, ""rotation"": {""framed_bytes"": 39864, ""framing_bytes"": 4, ""payload_bytes"": 39860, ""raw_bytes"": 40137}, ""scales"": {""framed_bytes"": 73764, ""framing_bytes"": 4, ""payload_bytes"": 73760, ""raw_bytes"": 80274}}, ""total_bytes"": 313117}",streams/candidates/0799/quadtree_wse/n40137-b16-8-8-8-b83c65d15ed82845394f61f7.sspl1,True,282bdabdf091b46ad6aafb09c0564f2201be1eb09561044043b20d5a1234a3ac,1.0,0.09424807743311624,0.20060262305512175,1.8813824332912932e-05,554915,2040
58.74089522239574,local_slic_sobel_control,"[16, 8, 8, 8]",16/8/8/8,0.4576985366417954,172890,158263,c5852d8b57d046ae825ab9af,True,0.007575082592666149,74b0dabc5b8a610df27bad6dc6bfbdcefaa3062ed731ec3698d6b01e7a3e5522,1e-06,persisted_stream_decoded_field_state,0.0,2026-07-14T14:18:46.446099+00:00,1.0,0.0011143125593662262,3.700589895248413,8.304725646972656,0.19759059228411127,0.00016745417485577012,546583,8.579527854919434,16.8169002532959,16.720428466796875,0.013659185729920864,19e4357ad3404bf943328c1e,26.149515892378986,1356,0799,0.0011264821514487267,74b0dabc5b8a610df27bad6dc6bfbdcefaa3062ed731ec3698d6b01e7a3e5522,0.06052393838763237,,ad16c5df6888d5d76afdeb51cf1a297b898d3fa7bf3b8e9f2bed473cca748f83,0.9963436126708984,20069,2766240,522.57958984375,546.0,0.08983901347426967,7acb6a51b14a78b050df53968bf4aa1bd79a698cfb1278e60c762a7e4bf154b9,1657.359375,43.493568420410156,0,0.0,reconstructions/0799/local_slic_sobel_control/target-0p5-c5852d8b57d046ae825ab9af.png,182.45515290410492,0.00548079889267683,2.2821929454803467,2.9715867042541504,structsplat.bench007.v1,streams/selected/0799/local_slic_sobel_control/target-0p5-c5852d8b57d046ae825ab9af.sspl1,ok,0.00440906395884656,0.9859035611152649,ok,"{""header_bytes"": 685, ""header_json_bytes"": 676, ""header_length_prefix_bytes"": 4, ""magic_bytes"": 5, ""streams"": {""colors"": {""framed_bytes"": 42603, ""framing_bytes"": 4, ""payload_bytes"": 42599, ""raw_bytes"": 60207}, ""means"": {""framed_bytes"": 59276, ""framing_bytes"": 4, ""payload_bytes"": 59272, ""raw_bytes"": 80276}, ""rotation"": {""framed_bytes"": 18248, ""framing_bytes"": 4, ""payload_bytes"": 18244, ""raw_bytes"": 20069}, ""scales"": {""framed_bytes"": 37451, ""framing_bytes"": 4, ""payload_bytes"": 37447, ""raw_bytes"": 40138}}, ""total_bytes"": 158263}",streams/candidates/0799/local_slic_sobel_control/n20069-b16-8-8-8-c5852d8b57d046ae825ab9af.sspl1,True,7acb6a51b14a78b050df53968bf4aa1bd79a698cfb1278e60c762a7e4bf154b9,0.5,0.09424807743311624,0.20060262305512175,2.0528877495381598e-05,554915,2040
74.22994787147897,local_slic_sobel_control,"[16, 8, 8, 8]",16/8/8/8,0.8834981780322748,345780,305496,13fc1a88320b550e38889127,True,0.010801618918776512,e4a198f6eb078f21406bac4751fc832a31362a1f0281e56e308ffbdeb06e350b,1e-06,persisted_stream_decoded_field_state,0.0,2026-07-14T14:18:48.934486+00:00,1.0,0.0020424043759703636,4.274719715118408,10.689729690551758,0.19759059228411127,6.88544212432058e-05,546583,9.746316909790039,21.599483489990234,20.814525604248047,0.05322262644767761,dbba5fd8e8ca6cdd89b36aa7,29.262738124467432,1356,0799,0.0024550743401050568,e4a198f6eb078f21406bac4751fc832a31362a1f0281e56e308ffbdeb06e350b,0.05191662907600403,,ad16c5df6888d5d76afdeb51cf1a297b898d3fa7bf3b8e9f2bed473cca748f83,0.9973052740097046,40137,2766240,525.03076171875,550.0,0.09247259276863415,9e4df7cc2c2fbd765dc9aa29aba93be86e9f7028e6a62bacfc15d5b83574228e,1657.359375,46.163917541503906,0,0.0,reconstructions/0799/local_slic_sobel_control/target-1-13fc1a88320b550e38889127.png,143.08460972217856,0.006988871842622757,2.4332165718078613,3.207810640335083,structsplat.bench007.v1,streams/selected/0799/local_slic_sobel_control/target-1-13fc1a88320b550e38889127.sspl1,ok,0.0017754846644820966,0.9886974692344666,ok,"{""header_bytes"": 688, ""header_json_bytes"": 679, ""header_length_prefix_bytes"": 4, ""magic_bytes"": 5, ""streams"": {""colors"": {""framed_bytes"": 85194, ""framing_bytes"": 4, ""payload_bytes"": 85190, ""raw_bytes"": 120411}, ""means"": {""framed_bytes"": 110002, ""framing_bytes"": 4, ""payload_bytes"": 109998, ""raw_bytes"": 160548}, ""rotation"": {""framed_bytes"": 35934, ""framing_bytes"": 4, ""payload_bytes"": 35930, ""raw_bytes"": 40137}, ""scales"": {""framed_bytes"": 73678, ""framing_bytes"": 4, ""payload_bytes"": 73674, ""raw_bytes"": 80274}}, ""total_bytes"": 305496}",streams/candidates/0799/local_slic_sobel_control/n40137-b16-8-8-8-13fc1a88320b550e38889127.sspl1,True,9e4df7cc2c2fbd765dc9aa29aba93be86e9f7028e6a62bacfc15d5b83574228e,1.0,0.09424807743311624,0.20060262305512175,1.7874944422328528e-05,554915,2040
58.49038622823761,local_gradient_control,"[16, 8, 8, 8]",16/8/8/8,0.4631991439643704,172890,160165,dc3bf5e7804ddcef2719638d,True,0.007454482838511467,07184f639d0073f377277865a4a8a8569161cb84bca34610e599d03ff1811b1b,1e-06,persisted_stream_decoded_field_state,0.0,2026-07-14T14:18:51.978545+00:00,1.0,0.0011067520827054977,3.7439608573913574,8.451188087463379,0.19759059228411127,6.626839360260171e-05,546583,8.507147789001465,17.197345733642578,15.820082664489746,0.015998488292098045,201d94502c42dae9f9ed9488,23.649703659117222,1356,0799,0.001142682507634163,07184f639d0073f377277865a4a8a8569161cb84bca34610e599d03ff1811b1b,0.058261483907699585,,ad16c5df6888d5d76afdeb51cf1a297b898d3fa7bf3b8e9f2bed473cca748f83,0.9965783953666687,20069,2766240,522.57958984375,546.0,0.0917031189805223,d0bebccc9462219cb8c0885351f6ca523627b248fdaec49da36825c9864b7b02,1657.359375,45.933082580566406,0,0.0,reconstructions/0799/local_gradient_control/target-0p5-dc3bf5e7804ddcef2719638d.png,186.25063880769542,0.005369109101593494,2.310645818710327,2.971090078353882,structsplat.bench007.v1,streams/selected/0799/local_gradient_control/target-0p5-dc3bf5e7804ddcef2719638d.sspl1,ok,0.0025449584525939575,0.9873413443565369,ok,"{""header_bytes"": 686, ""header_json_bytes"": 677, ""header_length_prefix_bytes"": 4, ""magic_bytes"": 5, ""streams"": {""colors"": {""framed_bytes"": 44584, ""framing_bytes"": 4, ""payload_bytes"": 44580, ""raw_bytes"": 60207}, ""means"": {""framed_bytes"": 59028, ""framing_bytes"": 4, ""payload_bytes"": 59024, ""raw_bytes"": 80276}, ""rotation"": {""framed_bytes"": 18360, ""framing_bytes"": 4, ""payload_bytes"": 18356, ""raw_bytes"": 20069}, ""scales"": {""framed_bytes"": 37507, ""framing_bytes"": 4, ""payload_bytes"": 37503, ""raw_bytes"": 40138}}, ""total_bytes"": 160165}",streams/candidates/0799/local_gradient_control/n20069-b16-8-8-8-dc3bf5e7804ddcef2719638d.sspl1,True,d0bebccc9462219cb8c0885351f6ca523627b248fdaec49da36825c9864b7b02,0.5,0.09424807743311624,0.20060262305512175,2.2140327653735766e-05,554915,2040
78.09365781710915,local_gradient_control,"[16, 8, 8, 8]",16/8/8/8,0.9084620278789982,345780,314128,108708873d336a095a3b4a18,True,0.011189689859747887,ec126c966e45a17438808fe120ef4465f83e961430c164a4cce9b603598cce73,1e-06,persisted_stream_decoded_field_state,0.0,2026-07-14T14:18:54.467529+00:00,1.0,0.00215702410787344,4.580228805541992,11.620383262634277,0.19759059228411127,3.2995258464817716e-05,546583,10.28274154663086,23.497528076171875,21.0505313873291,0.0588794331997633,74be4c3ff813b72c75136898,27.45584649965167,1356,0799,0.0023399339988827705,ec126c966e45a17438808fe120ef4465f83e961430c164a4cce9b603598cce73,0.052432674914598465,,ad16c5df6888d5d76afdeb51cf1a297b898d3fa7bf3b8e9f2bed473cca748f83,0.9974168539047241,40137,2766240,525.03076171875,550.0,0.09294017699103188,7411574524936499c28b58b3b4f9ec1cc430fca45cd185432634cdf5089f9c94,1657.359375,47.79800796508789,0,0.0,reconstructions/0799/local_gradient_control/target-1-108708873d336a095a3b4a18.png,138.21139817967605,0.00723529327660799,2.5106616020202637,3.265305280685425,structsplat.bench007.v1,streams/selected/0799/local_gradient_control/target-1-108708873d336a095a3b4a18.sspl1,ok,0.00130790044208439,0.9890885949134827,ok,"{""header_bytes"": 687, ""header_json_bytes"": 678, ""header_length_prefix_bytes"": 4, ""magic_bytes"": 5, ""streams"": {""colors"": {""framed_bytes"": 93411, ""framing_bytes"": 4, ""payload_bytes"": 93407, ""raw_bytes"": 120411}, ""means"": {""framed_bytes"": 109705, ""framing_bytes"": 4, ""payload_bytes"": 109701, ""raw_bytes"": 160548}, ""rotation"": {""framed_bytes"": 35903, ""framing_bytes"": 4, ""payload_bytes"": 35899, ""raw_bytes"": 40137}, ""scales"": {""framed_bytes"": 74422, ""framing_bytes"": 4, ""payload_bytes"": 74418, ""raw_bytes"": 80274}}, ""total_bytes"": 314128}",streams/candidates/0799/local_gradient_control/n40137-b16-8-8-8-108708873d336a095a3b4a18.sspl1,True,7411574524936499c28b58b3b4f9ec1cc430fca45cd185432634cdf5089f9c94,1.0,0.09424807743311624,0.20060262305512175,1.8012256056772797e-05,554915,2040
72.92369064144832,uniform_wse,"[16, 8, 8, 8]",16/8/8/8,0.43740239458615304,172890,151245,8c91a21945d2a99bae9772f4,True,0.00902427639812231,19760a4cc6ad4904f8fed2e237d561a049ac6c5d926a3fd31190d3b9ab1cafb8,1e-06,persisted_stream_decoded_field_state,0.0,2026-07-14T14:18:57.509741+00:00,0.9999971079877379,0.0011883825063705444,3.2408928871154785,10.393253326416016,0.19759059228411127,0.00032302401652853114,546583,7.610943794250488,20.92307472229004,19.41965675354004,0.012137501500546932,9c004e28d2a4e23494e92621,31.157120214775205,1356,0799,0.0011189822107553482,19760a4cc6ad4904f8fed2e237d561a049ac6c5d926a3fd31190d3b9ab1cafb8,0.07072082161903381,,ad16c5df6888d5d76afdeb51cf1a297b898d3fa7bf3b8e9f2bed473cca748f83,0.9950752258300781,20069,2766240,522.57958984375,546.0,0.08589108786996993,c4a7c51552e07abe4f241bdebde4c1a6524309007b195cae3a355afb95127157,1657.359375,41.24720764160156,0,0.0,reconstructions/0799/uniform_wse/target-0p5-8c91a21945d2a99bae9772f4.png,145.75470480765458,0.0068608419969677925,2.1316890716552734,3.1230380535125732,structsplat.bench007.v1,streams/selected/0799/uniform_wse/target-0p5-8c91a21945d2a99bae9772f4.sspl1,ok,0.008356989563146323,0.9819677472114563,ok,"{""header_bytes"": 685, ""header_json_bytes"": 676, ""header_length_prefix_bytes"": 4, ""magic_bytes"": 5, ""streams"": {""colors"": {""framed_bytes"": 38904, ""framing_bytes"": 4, ""payload_bytes"": 38900, ""raw_bytes"": 60207}, ""means"": {""framed_bytes"": 58914, ""framing_bytes"": 4, ""payload_bytes"": 58910, ""raw_bytes"": 80276}, ""rotation"": {""framed_bytes"": 17376, ""framing_bytes"": 4, ""payload_bytes"": 17372, ""raw_bytes"": 20069}, ""scales"": {""framed_bytes"": 35366, ""framing_bytes"": 4, ""payload_bytes"": 35362, ""raw_bytes"": 40138}}, ""total_bytes"": 151245}",streams/candidates/0799/uniform_wse/n20069-b16-8-8-8-8c91a21945d2a99bae9772f4.sspl1,True,c4a7c51552e07abe4f241bdebde4c1a6524309007b195cae3a355afb95127157,0.5,0.09424807743311624,0.20060262305512175,2.1579698509148053e-05,554915,2040
101.54165003759616,uniform_wse,"[16, 8, 8, 8]",16/8/8/8,0.8557551044016427,345780,295903,da79f2e967ef603ad53396cc,True,0.013944994658231735,d8fa1d14407ad77bea1106334ed135fa92a5b91547d706a1d5cb8559606e76b8,1e-06,persisted_stream_decoded_field_state,0.0,2026-07-14T14:19:00.089728+00:00,1.0,0.0022241538390517235,3.811476945877075,14.207130432128906,0.19759059228411127,0.00012093691481873371,546583,8.812392234802246,28.5022029876709,25.340673446655273,0.040099251084029675,07c200168ed26815e2dce0b4,37.15219904202968,1356,0799,0.002294544130563736,d8fa1d14407ad77bea1106334ed135fa92a5b91547d706a1d5cb8559606e76b8,0.05715984106063843,,ad16c5df6888d5d76afdeb51cf1a297b898d3fa7bf3b8e9f2bed473cca748f83,0.9970057606697083,40137,2766240,525.03076171875,550.0,0.0909345130870642,3b8b6d6d6fce95f1639446a953c3be84c7a21a4a439c3efc850bc57a8eaf9f4e,1657.359375,44.70656967163086,0,0.0,reconstructions/0799/uniform_wse/target-1-da79f2e967ef603ad53396cc.png,100.90218507636158,0.009910588152706623,2.2722973823547363,3.391557216644287,structsplat.bench007.v1,streams/selected/0799/uniform_wse/target-1-da79f2e967ef603ad53396cc.sspl1,ok,0.0033135643460520683,0.9869946837425232,ok,"{""header_bytes"": 687, ""header_json_bytes"": 678, ""header_length_prefix_bytes"": 4, ""magic_bytes"": 5, ""streams"": {""colors"": {""framed_bytes"": 79571, ""framing_bytes"": 4, ""payload_bytes"": 79567, ""raw_bytes"": 120411}, ""means"": {""framed_bytes"": 109621, ""framing_bytes"": 4, ""payload_bytes"": 109617, ""raw_bytes"": 160548}, ""rotation"": {""framed_bytes"": 35046, ""framing_bytes"": 4, ""payload_bytes"": 35042, ""raw_bytes"": 40137}, ""scales"": {""framed_bytes"": 70978, ""framing_bytes"": 4, ""payload_bytes"": 70974, ""raw_bytes"": 80274}}, ""total_bytes"": 295903}",streams/candidates/0799/uniform_wse/n40137-b16-8-8-8-da79f2e967ef603ad53396cc.sspl1,True,3b8b6d6d6fce95f1639446a953c3be84c7a21a4a439c3efc850bc57a8eaf9f4e,1.0,0.09424807743311624,0.20060262305512175,1.7869195714443354e-05,554915,2040
71.5146028544161,random,"[16, 8, 8, 8]",16/8/8/8,0.44118803863728384,172890,152554,66a558524265fc383156d1be,True,0.008895834907889366,8dd75267a2db3d9d08f69d9bb7141b59d5596e39add2992e0d156c3e30db58ff,1e-06,persisted_stream_decoded_field_state,0.0,2026-07-14T14:19:03.287043+00:00,1.0,0.0010833917185664177,3.0640053749084473,10.329018592834473,0.19759059228411127,0.00038290835238832593,546583,7.398312091827393,21.018356323242188,19.453439712524414,0.013450413011014462,a6b24bb4128717d168c1f575,26.332320866174996,1356,0799,0.0011250320822000504,8dd75267a2db3d9d08f69d9bb7141b59d5596e39add2992e0d156c3e30db58ff,0.07081092894077301,,ad16c5df6888d5d76afdeb51cf1a297b898d3fa7bf3b8e9f2bed473cca748f83,0.9949020743370056,20069,2766240,522.57958984375,546.0,0.08557984022743613,53d94a91661565a8d0c2477161d12dbc396d42077fad1afd7320af2ebe39965a,1657.359375,40.607879638671875,0,0.0,reconstructions/0799/random/target-0p5-66a558524265fc383156d1be.png,146.26871610166893,0.006836731918156147,2.061002731323242,3.0990636348724365,structsplat.bench007.v1,streams/selected/0799/random/target-0p5-66a558524265fc383156d1be.sspl1,ok,0.00866823720568011,0.9817231297492981,ok,"{""header_bytes"": 688, ""header_json_bytes"": 679, ""header_length_prefix_bytes"": 4, ""magic_bytes"": 5, ""streams"": {""colors"": {""framed_bytes"": 39474, ""framing_bytes"": 4, ""payload_bytes"": 39470, ""raw_bytes"": 60207}, ""means"": {""framed_bytes"": 59514, ""framing_bytes"": 4, ""payload_bytes"": 59510, ""raw_bytes"": 80276}, ""rotation"": {""framed_bytes"": 17588, ""framing_bytes"": 4, ""payload_bytes"": 17584, ""raw_bytes"": 20069}, ""scales"": {""framed_bytes"": 35290, ""framing_bytes"": 4, ""payload_bytes"": 35286, ""raw_bytes"": 40138}}, ""total_bytes"": 152554}",streams/candidates/0799/random/n20069-b16-8-8-8-66a558524265fc383156d1be.sspl1,True,53d94a91661565a8d0c2477161d12dbc396d42077fad1afd7320af2ebe39965a,0.5,0.09424807743311624,0.20060262305512175,2.1747819579680652e-05,554915,2040
95.61040726762681,random,"[16, 8, 8, 8]",16/8/8/8,0.8475244375036151,345780,293057,b6b4e1bc83d481a1a8ea9c18,True,0.013476894237101078,0a43a530bfc6ba22f097316a097c493764d7fcd65e4abcd3f47197714028b78c,1e-06,persisted_stream_decoded_field_state,0.0,2026-07-14T14:19:05.873711+00:00,1.0,0.0024117939174175262,3.7918829917907715,13.535843849182129,0.19759059228411127,0.00013504416334394621,546583,8.913175582885742,27.426271438598633,24.618240356445312,0.04899332392960787,07d4c28ca85f3076bc5565dd,29.228318638168275,1356,0799,0.00231376476585865,0a43a530bfc6ba22f097316a097c493764d7fcd65e4abcd3f47197714028b78c,0.057873159646987915,,ad16c5df6888d5d76afdeb51cf1a297b898d3fa7bf3b8e9f2bed473cca748f83,0.9967570304870605,40137,2766240,525.03076171875,550.0,0.09064892047106599,cc6460be7b0e471b9fba7624055332f9b484ec3bd15623174f9f063fea997831,1657.359375,44.27975082397461,0,0.0,reconstructions/0799/random/target-1-b6b4e1bc83d481a1a8ea9c18.png,107.52196058262476,0.00930042564868927,2.272583246231079,3.3560588359832764,structsplat.bench007.v1,streams/selected/0799/random/target-1-b6b4e1bc83d481a1a8ea9c18.sspl1,ok,0.003599156962050256,0.9866809248924255,ok,"{""header_bytes"": 689, ""header_json_bytes"": 680, ""header_length_prefix_bytes"": 4, ""magic_bytes"": 5, ""streams"": {""colors"": {""framed_bytes"": 76306, ""framing_bytes"": 4, ""payload_bytes"": 76302, ""raw_bytes"": 120411}, ""means"": {""framed_bytes"": 110502, ""framing_bytes"": 4, ""payload_bytes"": 110498, ""raw_bytes"": 160548}, ""rotation"": {""framed_bytes"": 34920, ""framing_bytes"": 4, ""payload_bytes"": 34916, ""raw_bytes"": 40137}, ""scales"": {""framed_bytes"": 70640, ""framing_bytes"": 4, ""payload_bytes"": 70636, ""raw_bytes"": 80274}}, ""total_bytes"": 293057}",streams/candidates/0799/random/n40137-b16-8-8-8-b6b4e1bc83d481a1a8ea9c18.sspl1,True,cc6460be7b0e471b9fba7624055332f9b484ec3bd15623174f9f063fea997831,1.0,0.09424807743311624,0.20060262305512175,1.9177948373468427e-05,554915,2040
