action,action_family,artifacts,base_objective,cell_id,cold_render_max_abs,counter_scope,donor,extra_cell_render_evaluations,family,forward_evaluations,gradient_evaluations,immediate_gain,immediate_objective,iterations_run,lpips,magnitude,ms_ssim,n_gaussians,position_activity,position_coherence,predicted_gain,proposal_seconds,psnr,recovered_gain,seed,selected_iteration,shared_case_render_evaluations,smoke,split_min_eigenvalue,status,terminal_objective,total_cell_render_evaluations,total_seconds
noop,noop,"{""base_field.npz"":""cells/translation_s0_noop/base_field.npz"",""base_reconstruction.npy"":""cells/translation_s0_noop/base_reconstruction.npy"",""config.json"":""cells/translation_s0_noop/config.json"",""curves.png"":""cells/translation_s0_noop/curves.png"",""decision"":""decision.json"",""error.png"":""cells/translation_s0_noop/error.png"",""field.npz"":""cells/translation_s0_noop/field.npz"",""gradient_packet"":""cases/translation_s0/gradient_packet.npz"",""history.json"":""cells/translation_s0_noop/history.json"",""immediate.png"":""cells/translation_s0_noop/immediate.png"",""immediate_reconstruction.npy"":""cells/translation_s0_noop/immediate_reconstruction.npy"",""input_field.npz"":""cells/translation_s0_noop/input_field.npz"",""progress.jsonl"":""cells/translation_s0_noop/progress.jsonl"",""reconstruction.npy"":""cells/translation_s0_noop/reconstruction.npy"",""reconstruction.png"":""cells/translation_s0_noop/reconstruction.png"",""target.npy"":""cells/translation_s0_noop/target.npy"",""target.png"":""cells/translation_s0_noop/target.png""}",9.206762212006043e-05,translation_s0_noop,0.0,recovery only,,2,translation,21,20,0.0,9.206762212006043e-05,20,0.00023015172337181866,0.0,0.999611496925354,3,0.00018028123304247856,0.5003522123796658,0.0,0.0040094410032907035,55.448418423421295,9.064159376202077e-05,0,20,6,false,-5.452255663840333e-06,ok,1.426028358039667e-06,23,0.02845167800114723
move_m5,move,"{""base_field.npz"":""cells/translation_s0_move_m5/base_field.npz"",""base_reconstruction.npy"":""cells/translation_s0_move_m5/base_reconstruction.npy"",""config.json"":""cells/translation_s0_move_m5/config.json"",""curves.png"":""cells/translation_s0_move_m5/curves.png"",""decision"":""decision.json"",""error.png"":""cells/translation_s0_move_m5/error.png"",""field.npz"":""cells/translation_s0_move_m5/field.npz"",""gradient_packet"":""cases/translation_s0/gradient_packet.npz"",""history.json"":""cells/translation_s0_move_m5/history.json"",""immediate.png"":""cells/translation_s0_move_m5/immediate.png"",""immediate_reconstruction.npy"":""cells/translation_s0_move_m5/immediate_reconstruction.npy"",""input_field.npz"":""cells/translation_s0_move_m5/input_field.npz"",""progress.jsonl"":""cells/translation_s0_move_m5/progress.jsonl"",""reconstruction.npy"":""cells/translation_s0_move_m5/reconstruction.npy"",""reconstruction.png"":""cells/translation_s0_move_m5/reconstruction.png"",""target.npy"":""cells/translation_s0_move_m5/target.npy"",""target.png"":""cells/translation_s0_move_m5/target.png""}",9.206762212006043e-05,translation_s0_move_m5,0.0,recovery only,,2,translation,21,20,6.568409681389728e-05,2.638352530616316e-05,20,0.00017900473903864622,0.5,0.9993404746055603,3,0.00018028123304247856,0.5003522123796658,6.390280032064766e-05,0.0040094410032907035,53.63561641995648,8.990286905943793e-05,0,20,6,false,-5.452255663840333e-06,ok,2.1647530606225006e-06,23,0.030409757000597892
move_m10,move,"{""base_field.npz"":""cells/translation_s0_move_m10/base_field.npz"",""base_reconstruction.npy"":""cells/translation_s0_move_m10/base_reconstruction.npy"",""config.json"":""cells/translation_s0_move_m10/config.json"",""curves.png"":""cells/translation_s0_move_m10/curves.png"",""decision"":""decision.json"",""error.png"":""cells/translation_s0_move_m10/error.png"",""field.npz"":""cells/translation_s0_move_m10/field.npz"",""gradient_packet"":""cases/translation_s0/gradient_packet.npz"",""history.json"":""cells/translation_s0_move_m10/history.json"",""immediate.png"":""cells/translation_s0_move_m10/immediate.png"",""immediate_reconstruction.npy"":""cells/translation_s0_move_m10/immediate_reconstruction.npy"",""input_field.npz"":""cells/translation_s0_move_m10/input_field.npz"",""progress.jsonl"":""cells/translation_s0_move_m10/progress.jsonl"",""reconstruction.npy"":""cells/translation_s0_move_m10/reconstruction.npy"",""reconstruction.png"":""cells/translation_s0_move_m10/reconstruction.png"",""target.npy"":""cells/translation_s0_move_m10/target.npy"",""target.png"":""cells/translation_s0_move_m10/target.png""}",9.206762212006043e-05,translation_s0_move_m10,0.0,recovery only,,2,translation,21,20,9.169615196244641e-05,3.714701576140231e-07,20,3.879176438204013e-05,1.0,0.9998481869697571,3,0.00018028123304247856,0.5003522123796658,8.65470283315517e-05,0.0040094410032907035,61.66321134700563,9.1726704953995e-05,0,20,6,false,-5.452255663840333e-06,ok,3.4091716606543324e-07,23,0.026929980998829706
scale_m5,scale,"{""base_field.npz"":""cells/translation_s0_scale_m5/base_field.npz"",""base_reconstruction.npy"":""cells/translation_s0_scale_m5/base_reconstruction.npy"",""config.json"":""cells/translation_s0_scale_m5/config.json"",""curves.png"":""cells/translation_s0_scale_m5/curves.png"",""decision"":""decision.json"",""error.png"":""cells/translation_s0_scale_m5/error.png"",""field.npz"":""cells/translation_s0_scale_m5/field.npz"",""gradient_packet"":""cases/translation_s0/gradient_packet.npz"",""history.json"":""cells/translation_s0_scale_m5/history.json"",""immediate.png"":""cells/translation_s0_scale_m5/immediate.png"",""immediate_reconstruction.npy"":""cells/translation_s0_scale_m5/immediate_reconstruction.npy"",""input_field.npz"":""cells/translation_s0_scale_m5/input_field.npz"",""progress.jsonl"":""cells/translation_s0_scale_m5/progress.jsonl"",""reconstruction.npy"":""cells/translation_s0_scale_m5/reconstruction.npy"",""reconstruction.png"":""cells/translation_s0_scale_m5/reconstruction.png"",""target.npy"":""cells/translation_s0_scale_m5/target.npy"",""target.png"":""cells/translation_s0_scale_m5/target.png""}",9.206762212006043e-05,translation_s0_scale_m5,0.0,recovery only,,2,translation,21,20,1.3092962953416526e-06,9.075832582471878e-05,20,0.00019754041568376124,0.5,0.9996744394302368,3,0.00018028123304247856,0.5003522123796658,1.2899258763354737e-06,0.0040094410032907035,56.479126320445275,9.09428685708087e-05,0,20,6,false,-5.452255663840333e-06,ok,1.1247535492517297e-06,23,0.027476369999931194
scale_m10,scale,"{""base_field.npz"":""cells/translation_s0_scale_m10/base_field.npz"",""base_reconstruction.npy"":""cells/translation_s0_scale_m10/base_reconstruction.npy"",""config.json"":""cells/translation_s0_scale_m10/config.json"",""curves.png"":""cells/translation_s0_scale_m10/curves.png"",""decision"":""decision.json"",""error.png"":""cells/translation_s0_scale_m10/error.png"",""field.npz"":""cells/translation_s0_scale_m10/field.npz"",""gradient_packet"":""cases/translation_s0/gradient_packet.npz"",""history.json"":""cells/translation_s0_scale_m10/history.json"",""immediate.png"":""cells/translation_s0_scale_m10/immediate.png"",""immediate_reconstruction.npy"":""cells/translation_s0_scale_m10/immediate_reconstruction.npy"",""input_field.npz"":""cells/translation_s0_scale_m10/input_field.npz"",""progress.jsonl"":""cells/translation_s0_scale_m10/progress.jsonl"",""reconstruction.npy"":""cells/translation_s0_scale_m10/reconstruction.npy"",""reconstruction.png"":""cells/translation_s0_scale_m10/reconstruction.png"",""target.npy"":""cells/translation_s0_scale_m10/target.npy"",""target.png"":""cells/translation_s0_scale_m10/target.png""}",9.206762212006043e-05,translation_s0_scale_m10,0.0,recovery only,,2,translation,21,20,1.8127782634925804e-06,9.025484385656785e-05,20,0.0003839302225969732,1.0,0.9996349215507507,3,0.00018028123304247856,0.5003522123796658,1.736769718263531e-06,0.0040094410032907035,56.09168149339078,9.083791452609485e-05,0,20,6,false,-5.452255663840333e-06,ok,1.2297075939655875e-06,23,0.02891950799676124
rotate_m5,rotate,"{""base_field.npz"":""cells/translation_s0_rotate_m5/base_field.npz"",""base_reconstruction.npy"":""cells/translation_s0_rotate_m5/base_reconstruction.npy"",""config.json"":""cells/translation_s0_rotate_m5/config.json"",""curves.png"":""cells/translation_s0_rotate_m5/curves.png"",""decision"":""decision.json"",""error.png"":""cells/translation_s0_rotate_m5/error.png"",""field.npz"":""cells/translation_s0_rotate_m5/field.npz"",""gradient_packet"":""cases/translation_s0/gradient_packet.npz"",""history.json"":""cells/translation_s0_rotate_m5/history.json"",""immediate.png"":""cells/translation_s0_rotate_m5/immediate.png"",""immediate_reconstruction.npy"":""cells/translation_s0_rotate_m5/immediate_reconstruction.npy"",""input_field.npz"":""cells/translation_s0_rotate_m5/input_field.npz"",""progress.jsonl"":""cells/translation_s0_rotate_m5/progress.jsonl"",""reconstruction.npy"":""cells/translation_s0_rotate_m5/reconstruction.npy"",""reconstruction.png"":""cells/translation_s0_rotate_m5/reconstruction.png"",""target.npy"":""cells/translation_s0_rotate_m5/target.npy"",""target.png"":""cells/translation_s0_rotate_m5/target.png""}",9.206762212006043e-05,translation_s0_rotate_m5,0.0,recovery only,,2,translation,21,20,-2.1391579913682124e-15,9.206762212219959e-05,20,0.0002306778187630698,0.5,0.9996108412742615,3,0.00018028123304247856,0.5003522123796658,1.5955423504519702e-19,0.0040094410032907035,55.441674590487025,9.06393776694955e-05,0,20,6,false,-5.452255663840333e-06,ok,1.4282444505649375e-06,23,0.028036621999490308
rotate_m10,rotate,"{""base_field.npz"":""cells/translation_s0_rotate_m10/base_field.npz"",""base_reconstruction.npy"":""cells/translation_s0_rotate_m10/base_reconstruction.npy"",""config.json"":""cells/translation_s0_rotate_m10/config.json"",""curves.png"":""cells/translation_s0_rotate_m10/curves.png"",""decision"":""decision.json"",""error.png"":""cells/translation_s0_rotate_m10/error.png"",""field.npz"":""cells/translation_s0_rotate_m10/field.npz"",""gradient_packet"":""cases/translation_s0/gradient_packet.npz"",""history.json"":""cells/translation_s0_rotate_m10/history.json"",""immediate.png"":""cells/translation_s0_rotate_m10/immediate.png"",""immediate_reconstruction.npy"":""cells/translation_s0_rotate_m10/immediate_reconstruction.npy"",""input_field.npz"":""cells/translation_s0_rotate_m10/input_field.npz"",""progress.jsonl"":""cells/translation_s0_rotate_m10/progress.jsonl"",""reconstruction.npy"":""cells/translation_s0_rotate_m10/reconstruction.npy"",""reconstruction.png"":""cells/translation_s0_rotate_m10/reconstruction.png"",""target.npy"":""cells/translation_s0_rotate_m10/target.npy"",""target.png"":""cells/translation_s0_rotate_m10/target.png""}",9.206762212006043e-05,translation_s0_rotate_m10,0.0,recovery only,,2,translation,21,20,-1.5646877782153623e-13,9.206762227652921e-05,20,0.00023059008526615798,1.0,0.9996109008789062,3,0.00018028123304247856,0.5003522123796658,2.1413857827316713e-19,0.0040094410032907035,55.44248847601446,9.063964530323744e-05,0,20,6,false,-5.452255663840333e-06,ok,1.4279768168230023e-06,23,0.028613164999114815
color_m5,color,"{""base_field.npz"":""cells/translation_s0_color_m5/base_field.npz"",""base_reconstruction.npy"":""cells/translation_s0_color_m5/base_reconstruction.npy"",""config.json"":""cells/translation_s0_color_m5/config.json"",""curves.png"":""cells/translation_s0_color_m5/curves.png"",""decision"":""decision.json"",""error.png"":""cells/translation_s0_color_m5/error.png"",""field.npz"":""cells/translation_s0_color_m5/field.npz"",""gradient_packet"":""cases/translation_s0/gradient_packet.npz"",""history.json"":""cells/translation_s0_color_m5/history.json"",""immediate.png"":""cells/translation_s0_color_m5/immediate.png"",""immediate_reconstruction.npy"":""cells/translation_s0_color_m5/immediate_reconstruction.npy"",""input_field.npz"":""cells/translation_s0_color_m5/input_field.npz"",""progress.jsonl"":""cells/translation_s0_color_m5/progress.jsonl"",""reconstruction.npy"":""cells/translation_s0_color_m5/reconstruction.npy"",""reconstruction.png"":""cells/translation_s0_color_m5/reconstruction.png"",""target.npy"":""cells/translation_s0_color_m5/target.npy"",""target.png"":""cells/translation_s0_color_m5/target.png""}",9.206762212006043e-05,translation_s0_color_m5,0.0,recovery only,,2,translation,21,20,1.402703265893638e-06,9.06649188541668e-05,20,0.0003454855759628117,0.5,0.9995952844619751,3,0.00018028123304247856,0.5003522123796658,1.4027041288500186e-06,0.0040094410032907035,54.798118666401066,9.041124913874258e-05,0,20,6,false,-5.452255663840333e-06,ok,1.6563729813178507e-06,23,0.027402599997003563
color_m10,color,"{""base_field.npz"":""cells/translation_s0_color_m10/base_field.npz"",""base_reconstruction.npy"":""cells/translation_s0_color_m10/base_reconstruction.npy"",""config.json"":""cells/translation_s0_color_m10/config.json"",""curves.png"":""cells/translation_s0_color_m10/curves.png"",""decision"":""decision.json"",""error.png"":""cells/translation_s0_color_m10/error.png"",""field.npz"":""cells/translation_s0_color_m10/field.npz"",""gradient_packet"":""cases/translation_s0/gradient_packet.npz"",""history.json"":""cells/translation_s0_color_m10/history.json"",""immediate.png"":""cells/translation_s0_color_m10/immediate.png"",""immediate_reconstruction.npy"":""cells/translation_s0_color_m10/immediate_reconstruction.npy"",""input_field.npz"":""cells/translation_s0_color_m10/input_field.npz"",""progress.jsonl"":""cells/translation_s0_color_m10/progress.jsonl"",""reconstruction.npy"":""cells/translation_s0_color_m10/reconstruction.npy"",""reconstruction.png"":""cells/translation_s0_color_m10/reconstruction.png"",""target.npy"":""cells/translation_s0_color_m10/target.npy"",""target.png"":""cells/translation_s0_color_m10/target.png""}",9.206762212006043e-05,translation_s0_color_m10,0.0,recovery only,,2,translation,21,20,1.8825759638164556e-06,9.018504615624398e-05,20,0.00018239865312352777,1.0,0.9993405938148499,3,0.00018028123304247856,0.5003522123796658,1.882576611933473e-06,0.0040094410032907035,54.697916216344915,9.037258824207451e-05,0,20,6,false,-5.452255663840333e-06,ok,1.6950338779859273e-06,23,0.027978663998510456
split_d1_m5,split,"{""base_field.npz"":""cells/translation_s0_split_d1_m5/base_field.npz"",""base_reconstruction.npy"":""cells/translation_s0_split_d1_m5/base_reconstruction.npy"",""config.json"":""cells/translation_s0_split_d1_m5/config.json"",""curves.png"":""cells/translation_s0_split_d1_m5/curves.png"",""decision"":""decision.json"",""error.png"":""cells/translation_s0_split_d1_m5/error.png"",""field.npz"":""cells/translation_s0_split_d1_m5/field.npz"",""gradient_packet"":""cases/translation_s0/gradient_packet.npz"",""history.json"":""cells/translation_s0_split_d1_m5/history.json"",""immediate.png"":""cells/translation_s0_split_d1_m5/immediate.png"",""immediate_reconstruction.npy"":""cells/translation_s0_split_d1_m5/immediate_reconstruction.npy"",""input_field.npz"":""cells/translation_s0_split_d1_m5/input_field.npz"",""progress.jsonl"":""cells/translation_s0_split_d1_m5/progress.jsonl"",""reconstruction.npy"":""cells/translation_s0_split_d1_m5/reconstruction.npy"",""reconstruction.png"":""cells/translation_s0_split_d1_m5/reconstruction.png"",""target.npy"":""cells/translation_s0_split_d1_m5/target.npy"",""target.png"":""cells/translation_s0_split_d1_m5/target.png""}",9.206762212006043e-05,translation_s0_split_d1_m5,0.0,recovery only,1,2,translation,21,20,4.5849035470252265e-06,8.748271857303521e-05,20,0.0006156109739094973,0.5,0.9989404678344727,3,0.00018028123304247856,0.5003522123796658,6.8810145421593916e-06,0.0040094410032907035,54.770897289557816,9.040083446441256e-05,0,20,6,false,-5.452255663840333e-06,ok,1.6667876556478822e-06,23,0.02799161599978106
split_d1_m10,split,"{""base_field.npz"":""cells/translation_s0_split_d1_m10/base_field.npz"",""base_reconstruction.npy"":""cells/translation_s0_split_d1_m10/base_reconstruction.npy"",""config.json"":""cells/translation_s0_split_d1_m10/config.json"",""curves.png"":""cells/translation_s0_split_d1_m10/curves.png"",""decision"":""decision.json"",""error.png"":""cells/translation_s0_split_d1_m10/error.png"",""field.npz"":""cells/translation_s0_split_d1_m10/field.npz"",""gradient_packet"":""cases/translation_s0/gradient_packet.npz"",""history.json"":""cells/translation_s0_split_d1_m10/history.json"",""immediate.png"":""cells/translation_s0_split_d1_m10/immediate.png"",""immediate_reconstruction.npy"":""cells/translation_s0_split_d1_m10/immediate_reconstruction.npy"",""input_field.npz"":""cells/translation_s0_split_d1_m10/input_field.npz"",""progress.jsonl"":""cells/translation_s0_split_d1_m10/progress.jsonl"",""reconstruction.npy"":""cells/translation_s0_split_d1_m10/reconstruction.npy"",""reconstruction.png"":""cells/translation_s0_split_d1_m10/reconstruction.png"",""target.npy"":""cells/translation_s0_split_d1_m10/target.npy"",""target.png"":""cells/translation_s0_split_d1_m10/target.png""}",9.206762212006043e-05,translation_s0_split_d1_m10,0.0,recovery only,1,2,translation,21,20,-5.755462047615515e-06,9.782308416767595e-05,20,0.001173092401586473,1.0,0.9986357688903809,3,0.00018028123304247856,0.5003522123796658,2.7817677619168535e-05,0.0040094410032907035,52.22149758624176,8.906970069621063e-05,0,20,6,false,-5.452255663840333e-06,ok,2.9979214238497973e-06,23,0.028435166001145262
split_d2_m5,split,"{""base_field.npz"":""cells/translation_s0_split_d2_m5/base_field.npz"",""base_reconstruction.npy"":""cells/translation_s0_split_d2_m5/base_reconstruction.npy"",""config.json"":""cells/translation_s0_split_d2_m5/config.json"",""curves.png"":""cells/translation_s0_split_d2_m5/curves.png"",""decision"":""decision.json"",""error.png"":""cells/translation_s0_split_d2_m5/error.png"",""field.npz"":""cells/translation_s0_split_d2_m5/field.npz"",""gradient_packet"":""cases/translation_s0/gradient_packet.npz"",""history.json"":""cells/translation_s0_split_d2_m5/history.json"",""immediate.png"":""cells/translation_s0_split_d2_m5/immediate.png"",""immediate_reconstruction.npy"":""cells/translation_s0_split_d2_m5/immediate_reconstruction.npy"",""input_field.npz"":""cells/translation_s0_split_d2_m5/input_field.npz"",""progress.jsonl"":""cells/translation_s0_split_d2_m5/progress.jsonl"",""reconstruction.npy"":""cells/translation_s0_split_d2_m5/reconstruction.npy"",""reconstruction.png"":""cells/translation_s0_split_d2_m5/reconstruction.png"",""target.npy"":""cells/translation_s0_split_d2_m5/target.npy"",""target.png"":""cells/translation_s0_split_d2_m5/target.png""}",9.206762212006043e-05,translation_s0_split_d2_m5,0.0,recovery only,2,2,translation,21,20,-3.4466349803482125e-05,0.00012653397192354256,20,0.013790096156299114,0.5,0.9523207545280457,3,0.00018028123304247856,0.5003522123796658,-3.217023186152801e-05,0.0040094410032907035,40.891831289337055,5.134958111390521e-05,0,20,6,false,-5.452255663840333e-06,ok,4.071804100615522e-05,23,0.02917977300239727
split_d2_m10,split,"{""base_field.npz"":""cells/translation_s0_split_d2_m10/base_field.npz"",""base_reconstruction.npy"":""cells/translation_s0_split_d2_m10/base_reconstruction.npy"",""config.json"":""cells/translation_s0_split_d2_m10/config.json"",""curves.png"":""cells/translation_s0_split_d2_m10/curves.png"",""decision"":""decision.json"",""error.png"":""cells/translation_s0_split_d2_m10/error.png"",""field.npz"":""cells/translation_s0_split_d2_m10/field.npz"",""gradient_packet"":""cases/translation_s0/gradient_packet.npz"",""history.json"":""cells/translation_s0_split_d2_m10/history.json"",""immediate.png"":""cells/translation_s0_split_d2_m10/immediate.png"",""immediate_reconstruction.npy"":""cells/translation_s0_split_d2_m10/immediate_reconstruction.npy"",""input_field.npz"":""cells/translation_s0_split_d2_m10/input_field.npz"",""progress.jsonl"":""cells/translation_s0_split_d2_m10/progress.jsonl"",""reconstruction.npy"":""cells/translation_s0_split_d2_m10/reconstruction.npy"",""reconstruction.png"":""cells/translation_s0_split_d2_m10/reconstruction.png"",""target.npy"":""cells/translation_s0_split_d2_m10/target.npy"",""target.png"":""cells/translation_s0_split_d2_m10/target.png""}",9.206762212006043e-05,translation_s0_split_d2_m10,0.0,recovery only,2,2,translation,21,20,-4.480671539812285e-05,0.0001368743375181833,20,0.013776677660644054,1.0,0.9521656632423401,3,0.00018028123304247856,0.5003522123796658,-1.1233569239266217e-05,0.0040094410032907035,40.75212527257016,5.00184473457033e-05,0,20,6,false,-5.452255663840333e-06,ok,4.2049174774357134e-05,23,0.028134271000453737
birth_d1,birth,"{""base_field.npz"":""cells/translation_s0_birth_d1/base_field.npz"",""base_reconstruction.npy"":""cells/translation_s0_birth_d1/base_reconstruction.npy"",""config.json"":""cells/translation_s0_birth_d1/config.json"",""curves.png"":""cells/translation_s0_birth_d1/curves.png"",""decision"":""decision.json"",""error.png"":""cells/translation_s0_birth_d1/error.png"",""field.npz"":""cells/translation_s0_birth_d1/field.npz"",""gradient_packet"":""cases/translation_s0/gradient_packet.npz"",""history.json"":""cells/translation_s0_birth_d1/history.json"",""immediate.png"":""cells/translation_s0_birth_d1/immediate.png"",""immediate_reconstruction.npy"":""cells/translation_s0_birth_d1/immediate_reconstruction.npy"",""input_field.npz"":""cells/translation_s0_birth_d1/input_field.npz"",""progress.jsonl"":""cells/translation_s0_birth_d1/progress.jsonl"",""reconstruction.npy"":""cells/translation_s0_birth_d1/reconstruction.npy"",""reconstruction.png"":""cells/translation_s0_birth_d1/reconstruction.png"",""target.npy"":""cells/translation_s0_birth_d1/target.npy"",""target.png"":""cells/translation_s0_birth_d1/target.png""}",9.206762212006043e-05,translation_s0_birth_d1,0.0,recovery only,1,2,translation,21,20,2.3246039032847417e-05,6.882158308721302e-05,20,0.0006291507743299007,1.0,0.9984269738197327,3,0.00018028123304247856,0.5003522123796658,1.2430172091626446e-06,0.0040094410032907035,53.22411310975851,8.968772220579751e-05,0,20,6,false,-5.452255663840333e-06,ok,2.3798999142629315e-06,23,0.02776464600174222
birth_d2,birth,"{""base_field.npz"":""cells/translation_s0_birth_d2/base_field.npz"",""base_reconstruction.npy"":""cells/translation_s0_birth_d2/base_reconstruction.npy"",""config.json"":""cells/translation_s0_birth_d2/config.json"",""curves.png"":""cells/translation_s0_birth_d2/curves.png"",""decision"":""decision.json"",""error.png"":""cells/translation_s0_birth_d2/error.png"",""field.npz"":""cells/translation_s0_birth_d2/field.npz"",""gradient_packet"":""cases/translation_s0/gradient_packet.npz"",""history.json"":""cells/translation_s0_birth_d2/history.json"",""immediate.png"":""cells/translation_s0_birth_d2/immediate.png"",""immediate_reconstruction.npy"":""cells/translation_s0_birth_d2/immediate_reconstruction.npy"",""input_field.npz"":""cells/translation_s0_birth_d2/input_field.npz"",""progress.jsonl"":""cells/translation_s0_birth_d2/progress.jsonl"",""reconstruction.npy"":""cells/translation_s0_birth_d2/reconstruction.npy"",""reconstruction.png"":""cells/translation_s0_birth_d2/reconstruction.png"",""target.npy"":""cells/translation_s0_birth_d2/target.npy"",""target.png"":""cells/translation_s0_birth_d2/target.png""}",9.206762212006043e-05,translation_s0_birth_d2,0.0,recovery only,2,2,translation,21,20,-1.5805214317659934e-05,0.00010787283643772037,20,0.013945957645773888,1.0,0.9520854949951172,3,0.00018028123304247856,0.5003522123796658,-3.780822953558527e-05,0.0040094410032907035,40.81642981982572,5.0636468855290165e-05,0,20,6,false,-5.452255663840333e-06,ok,4.143115326477027e-05,23,0.027844510001159506
noop,noop,"{""base_field.npz"":""cells/translation_s1_noop/base_field.npz"",""base_reconstruction.npy"":""cells/translation_s1_noop/base_reconstruction.npy"",""config.json"":""cells/translation_s1_noop/config.json"",""curves.png"":""cells/translation_s1_noop/curves.png"",""decision"":""decision.json"",""error.png"":""cells/translation_s1_noop/error.png"",""field.npz"":""cells/translation_s1_noop/field.npz"",""gradient_packet"":""cases/translation_s1/gradient_packet.npz"",""history.json"":""cells/translation_s1_noop/history.json"",""immediate.png"":""cells/translation_s1_noop/immediate.png"",""immediate_reconstruction.npy"":""cells/translation_s1_noop/immediate_reconstruction.npy"",""input_field.npz"":""cells/translation_s1_noop/input_field.npz"",""progress.jsonl"":""cells/translation_s1_noop/progress.jsonl"",""reconstruction.npy"":""cells/translation_s1_noop/reconstruction.npy"",""reconstruction.png"":""cells/translation_s1_noop/reconstruction.png"",""target.npy"":""cells/translation_s1_noop/target.npy"",""target.png"":""cells/translation_s1_noop/target.png""}",9.206656095077023e-05,translation_s1_noop,0.0,recovery only,,2,translation,21,20,0.0,9.206656095077023e-05,20,0.00021673989249393344,0.0,0.9997256994247437,3,0.0001811095280572772,0.6058373571962546,0.0,0.003955262000090443,56.60570570760433,9.09741163223548e-05,1,20,6,false,-5.455215159599902e-06,ok,1.0924446284154318e-06,23,0.027502944998559542
move_m5,move,"{""base_field.npz"":""cells/translation_s1_move_m5/base_field.npz"",""base_reconstruction.npy"":""cells/translation_s1_move_m5/base_reconstruction.npy"",""config.json"":""cells/translation_s1_move_m5/config.json"",""curves.png"":""cells/translation_s1_move_m5/curves.png"",""decision"":""decision.json"",""error.png"":""cells/translation_s1_move_m5/error.png"",""field.npz"":""cells/translation_s1_move_m5/field.npz"",""gradient_packet"":""cases/translation_s1/gradient_packet.npz"",""history.json"":""cells/translation_s1_move_m5/history.json"",""immediate.png"":""cells/translation_s1_move_m5/immediate.png"",""immediate_reconstruction.npy"":""cells/translation_s1_move_m5/immediate_reconstruction.npy"",""input_field.npz"":""cells/translation_s1_move_m5/input_field.npz"",""progress.jsonl"":""cells/translation_s1_move_m5/progress.jsonl"",""reconstruction.npy"":""cells/translation_s1_move_m5/reconstruction.npy"",""reconstruction.png"":""cells/translation_s1_move_m5/reconstruction.png"",""target.npy"":""cells/translation_s1_move_m5/target.npy"",""target.png"":""cells/translation_s1_move_m5/target.png""}",9.206656095077023e-05,translation_s1_move_m5,0.0,recovery only,,2,translation,21,20,6.572412874198805e-05,2.6342432208782174e-05,20,0.00023192682419903576,0.5,0.9993261098861694,3,0.0001811095280572772,0.6058373571962546,6.394280353561044e-05,0.003955262000090443,53.50377775373251,8.983508490611538e-05,1,20,6,false,-5.455215159599902e-06,ok,2.231476044654854e-06,23,0.028289478999795392
move_m10,move,"{""base_field.npz"":""cells/translation_s1_move_m10/base_field.npz"",""base_reconstruction.npy"":""cells/translation_s1_move_m10/base_reconstruction.npy"",""config.json"":""cells/translation_s1_move_m10/config.json"",""curves.png"":""cells/translation_s1_move_m10/curves.png"",""decision"":""decision.json"",""error.png"":""cells/translation_s1_move_m10/error.png"",""field.npz"":""cells/translation_s1_move_m10/field.npz"",""gradient_packet"":""cases/translation_s1/gradient_packet.npz"",""history.json"":""cells/translation_s1_move_m10/history.json"",""immediate.png"":""cells/translation_s1_move_m10/immediate.png"",""immediate_reconstruction.npy"":""cells/translation_s1_move_m10/immediate_reconstruction.npy"",""input_field.npz"":""cells/translation_s1_move_m10/input_field.npz"",""progress.jsonl"":""cells/translation_s1_move_m10/progress.jsonl"",""reconstruction.npy"":""cells/translation_s1_move_m10/reconstruction.npy"",""reconstruction.png"":""cells/translation_s1_move_m10/reconstruction.png"",""target.npy"":""cells/translation_s1_move_m10/target.npy"",""target.png"":""cells/translation_s1_move_m10/target.png""}",9.206656095077023e-05,translation_s1_move_m10,0.0,recovery only,,2,translation,21,20,9.170468625395916e-05,3.618746968110658e-07,20,9.706735727377236e-05,1.0,0.9998465776443481,3,0.0001811095280572772,0.6058373571962546,8.655378042021766e-05,0.003955262000090443,61.65214420042217,9.172477391602242e-05,1,20,6,false,-5.455215159599902e-06,ok,3.417870347478179e-07,23,0.02747756499957177
scale_m5,scale,"{""base_field.npz"":""cells/translation_s1_scale_m5/base_field.npz"",""base_reconstruction.npy"":""cells/translation_s1_scale_m5/base_reconstruction.npy"",""config.json"":""cells/translation_s1_scale_m5/config.json"",""curves.png"":""cells/translation_s1_scale_m5/curves.png"",""decision"":""decision.json"",""error.png"":""cells/translation_s1_scale_m5/error.png"",""field.npz"":""cells/translation_s1_scale_m5/field.npz"",""gradient_packet"":""cases/translation_s1/gradient_packet.npz"",""history.json"":""cells/translation_s1_scale_m5/history.json"",""immediate.png"":""cells/translation_s1_scale_m5/immediate.png"",""immediate_reconstruction.npy"":""cells/translation_s1_scale_m5/immediate_reconstruction.npy"",""input_field.npz"":""cells/translation_s1_scale_m5/input_field.npz"",""progress.jsonl"":""cells/translation_s1_scale_m5/progress.jsonl"",""reconstruction.npy"":""cells/translation_s1_scale_m5/reconstruction.npy"",""reconstruction.png"":""cells/translation_s1_scale_m5/reconstruction.png"",""target.npy"":""cells/translation_s1_scale_m5/target.npy"",""target.png"":""cells/translation_s1_scale_m5/target.png""}",9.206656095077023e-05,translation_s1_scale_m5,0.0,recovery only,,2,translation,21,20,1.3121739759257783e-06,9.075438697484445e-05,20,0.00019506001262925565,0.5,0.99977707862854,3,0.0001811095280572772,0.6058373571962546,1.293970399274258e-06,0.003955262000090443,57.808722676585624,9.123843244017646e-05,1,20,6,false,-5.455215159599902e-06,ok,8.281285105937721e-07,23,0.027803232998849126
scale_m10,scale,"{""base_field.npz"":""cells/translation_s1_scale_m10/base_field.npz"",""base_reconstruction.npy"":""cells/translation_s1_scale_m10/base_reconstruction.npy"",""config.json"":""cells/translation_s1_scale_m10/config.json"",""curves.png"":""cells/translation_s1_scale_m10/curves.png"",""decision"":""decision.json"",""error.png"":""cells/translation_s1_scale_m10/error.png"",""field.npz"":""cells/translation_s1_scale_m10/field.npz"",""gradient_packet"":""cases/translation_s1/gradient_packet.npz"",""history.json"":""cells/translation_s1_scale_m10/history.json"",""immediate.png"":""cells/translation_s1_scale_m10/immediate.png"",""immediate_reconstruction.npy"":""cells/translation_s1_scale_m10/immediate_reconstruction.npy"",""input_field.npz"":""cells/translation_s1_scale_m10/input_field.npz"",""progress.jsonl"":""cells/translation_s1_scale_m10/progress.jsonl"",""reconstruction.npy"":""cells/translation_s1_scale_m10/reconstruction.npy"",""reconstruction.png"":""cells/translation_s1_scale_m10/reconstruction.png"",""target.npy"":""cells/translation_s1_scale_m10/target.npy"",""target.png"":""cells/translation_s1_scale_m10/target.png""}",9.206656095077023e-05,translation_s1_scale_m10,0.0,recovery only,,2,translation,21,20,1.8147095825802548e-06,9.025185136818998e-05,20,0.000379109667846933,1.0,0.9997289776802063,3,0.0001811095280572772,0.6058373571962546,1.7422091787011595e-06,0.003955262000090443,57.24683140869631,9.112404900471102e-05,1,20,6,false,-5.455215159599902e-06,ok,9.425119460592073e-07,23,0.027740925001126016
rotate_m5,rotate,"{""base_field.npz"":""cells/translation_s1_rotate_m5/base_field.npz"",""base_reconstruction.npy"":""cells/translation_s1_rotate_m5/base_reconstruction.npy"",""config.json"":""cells/translation_s1_rotate_m5/config.json"",""curves.png"":""cells/translation_s1_rotate_m5/curves.png"",""decision"":""decision.json"",""error.png"":""cells/translation_s1_rotate_m5/error.png"",""field.npz"":""cells/translation_s1_rotate_m5/field.npz"",""gradient_packet"":""cases/translation_s1/gradient_packet.npz"",""history.json"":""cells/translation_s1_rotate_m5/history.json"",""immediate.png"":""cells/translation_s1_rotate_m5/immediate.png"",""immediate_reconstruction.npy"":""cells/translation_s1_rotate_m5/immediate_reconstruction.npy"",""input_field.npz"":""cells/translation_s1_rotate_m5/input_field.npz"",""progress.jsonl"":""cells/translation_s1_rotate_m5/progress.jsonl"",""reconstruction.npy"":""cells/translation_s1_rotate_m5/reconstruction.npy"",""reconstruction.png"":""cells/translation_s1_rotate_m5/reconstruction.png"",""target.npy"":""cells/translation_s1_rotate_m5/target.npy"",""target.png"":""cells/translation_s1_rotate_m5/target.png""}",9.206656095077023e-05,translation_s1_rotate_m5,0.0,recovery only,,2,translation,21,20,3.407101193514915e-12,9.206655754366904e-05,20,0.00020369933918118477,0.5,0.9997313022613525,3,0.0001811095280572772,0.6058373571962546,2.285259004600193e-12,0.003955262000090443,56.65223590654753,9.098575826884748e-05,1,20,6,false,-5.455215159599902e-06,ok,1.0808026819227577e-06,23,0.028458142001909437
rotate_m10,rotate,"{""base_field.npz"":""cells/translation_s1_rotate_m10/base_field.npz"",""base_reconstruction.npy"":""cells/translation_s1_rotate_m10/base_reconstruction.npy"",""config.json"":""cells/translation_s1_rotate_m10/config.json"",""curves.png"":""cells/translation_s1_rotate_m10/curves.png"",""decision"":""decision.json"",""error.png"":""cells/translation_s1_rotate_m10/error.png"",""field.npz"":""cells/translation_s1_rotate_m10/field.npz"",""gradient_packet"":""cases/translation_s1/gradient_packet.npz"",""history.json"":""cells/translation_s1_rotate_m10/history.json"",""immediate.png"":""cells/translation_s1_rotate_m10/immediate.png"",""immediate_reconstruction.npy"":""cells/translation_s1_rotate_m10/immediate_reconstruction.npy"",""input_field.npz"":""cells/translation_s1_rotate_m10/input_field.npz"",""progress.jsonl"":""cells/translation_s1_rotate_m10/progress.jsonl"",""reconstruction.npy"":""cells/translation_s1_rotate_m10/reconstruction.npy"",""reconstruction.png"":""cells/translation_s1_rotate_m10/reconstruction.png"",""target.npy"":""cells/translation_s1_rotate_m10/target.npy"",""target.png"":""cells/translation_s1_rotate_m10/target.png""}",9.206656095077023e-05,translation_s1_rotate_m10,0.0,recovery only,,2,translation,21,20,3.338007171019286e-12,9.206655761276306e-05,20,0.0002101253194268793,1.0,0.999731719493866,3,0.0001811095280572772,0.6058373571962546,3.067058326061689e-12,0.003955262000090443,56.697546770838976,9.099697589275102e-05,1,20,6,false,-5.455215159599902e-06,ok,1.0695850580192102e-06,23,0.027696716999344062
color_m5,color,"{""base_field.npz"":""cells/translation_s1_color_m5/base_field.npz"",""base_reconstruction.npy"":""cells/translation_s1_color_m5/base_reconstruction.npy"",""config.json"":""cells/translation_s1_color_m5/config.json"",""curves.png"":""cells/translation_s1_color_m5/curves.png"",""decision"":""decision.json"",""error.png"":""cells/translation_s1_color_m5/error.png"",""field.npz"":""cells/translation_s1_color_m5/field.npz"",""gradient_packet"":""cases/translation_s1/gradient_packet.npz"",""history.json"":""cells/translation_s1_color_m5/history.json"",""immediate.png"":""cells/translation_s1_color_m5/immediate.png"",""immediate_reconstruction.npy"":""cells/translation_s1_color_m5/immediate_reconstruction.npy"",""input_field.npz"":""cells/translation_s1_color_m5/input_field.npz"",""progress.jsonl"":""cells/translation_s1_color_m5/progress.jsonl"",""reconstruction.npy"":""cells/translation_s1_color_m5/reconstruction.npy"",""reconstruction.png"":""cells/translation_s1_color_m5/reconstruction.png"",""target.npy"":""cells/translation_s1_color_m5/target.npy"",""target.png"":""cells/translation_s1_color_m5/target.png""}",9.206656095077023e-05,translation_s1_color_m5,0.0,recovery only,,2,translation,21,20,1.4026902261713142e-06,9.066387072459892e-05,20,0.00029742097831331193,0.5,0.9997076988220215,3,0.0001811095280572772,0.6058373571962546,1.4026907138031675e-06,0.003955262000090443,55.78570943087424,9.074709234568214e-05,1,20,6,false,-5.455215159599902e-06,ok,1.3194686050880842e-06,23,0.027576033000514144
color_m10,color,"{""base_field.npz"":""cells/translation_s1_color_m10/base_field.npz"",""base_reconstruction.npy"":""cells/translation_s1_color_m10/base_reconstruction.npy"",""config.json"":""cells/translation_s1_color_m10/config.json"",""curves.png"":""cells/translation_s1_color_m10/curves.png"",""decision"":""decision.json"",""error.png"":""cells/translation_s1_color_m10/error.png"",""field.npz"":""cells/translation_s1_color_m10/field.npz"",""gradient_packet"":""cases/translation_s1/gradient_packet.npz"",""history.json"":""cells/translation_s1_color_m10/history.json"",""immediate.png"":""cells/translation_s1_color_m10/immediate.png"",""immediate_reconstruction.npy"":""cells/translation_s1_color_m10/immediate_reconstruction.npy"",""input_field.npz"":""cells/translation_s1_color_m10/input_field.npz"",""progress.jsonl"":""cells/translation_s1_color_m10/progress.jsonl"",""reconstruction.npy"":""cells/translation_s1_color_m10/reconstruction.npy"",""reconstruction.png"":""cells/translation_s1_color_m10/reconstruction.png"",""target.npy"":""cells/translation_s1_color_m10/target.npy"",""target.png"":""cells/translation_s1_color_m10/target.png""}",9.206656095077023e-05,translation_s1_color_m10,0.0,recovery only,,2,translation,21,20,1.8825589962414733e-06,9.018400195452876e-05,20,0.00021760695381090045,1.0,0.9994235634803772,3,0.0001811095280572772,0.6058373571962546,1.882558649413113e-06,0.003955262000090443,55.48416869145719,9.065222319446933e-05,1,20,6,false,-5.455215159599902e-06,ok,1.4143377563009035e-06,23,0.03155127699938021
split_d1_m5,split,"{""base_field.npz"":""cells/translation_s1_split_d1_m5/base_field.npz"",""base_reconstruction.npy"":""cells/translation_s1_split_d1_m5/base_reconstruction.npy"",""config.json"":""cells/translation_s1_split_d1_m5/config.json"",""curves.png"":""cells/translation_s1_split_d1_m5/curves.png"",""decision"":""decision.json"",""error.png"":""cells/translation_s1_split_d1_m5/error.png"",""field.npz"":""cells/translation_s1_split_d1_m5/field.npz"",""gradient_packet"":""cases/translation_s1/gradient_packet.npz"",""history.json"":""cells/translation_s1_split_d1_m5/history.json"",""immediate.png"":""cells/translation_s1_split_d1_m5/immediate.png"",""immediate_reconstruction.npy"":""cells/translation_s1_split_d1_m5/immediate_reconstruction.npy"",""input_field.npz"":""cells/translation_s1_split_d1_m5/input_field.npz"",""progress.jsonl"":""cells/translation_s1_split_d1_m5/progress.jsonl"",""reconstruction.npy"":""cells/translation_s1_split_d1_m5/reconstruction.npy"",""reconstruction.png"":""cells/translation_s1_split_d1_m5/reconstruction.png"",""target.npy"":""cells/translation_s1_split_d1_m5/target.npy"",""target.png"":""cells/translation_s1_split_d1_m5/target.png""}",9.206656095077023e-05,translation_s1_split_d1_m5,0.0,recovery only,1,2,translation,21,20,2.2359020539616456e-06,8.983065889680859e-05,20,0.0017293510027229786,0.5,0.9904150366783142,3,0.0001811095280572772,0.6058373571962546,4.535856078291545e-06,0.003955262000090443,51.036338462926174,8.812801281149088e-05,1,20,6,false,-5.455215159599902e-06,ok,3.9385481392793615e-06,23,0.028127962999860756
split_d1_m10,split,"{""base_field.npz"":""cells/translation_s1_split_d1_m10/base_field.npz"",""base_reconstruction.npy"":""cells/translation_s1_split_d1_m10/base_reconstruction.npy"",""config.json"":""cells/translation_s1_split_d1_m10/config.json"",""curves.png"":""cells/translation_s1_split_d1_m10/curves.png"",""decision"":""decision.json"",""error.png"":""cells/translation_s1_split_d1_m10/error.png"",""field.npz"":""cells/translation_s1_split_d1_m10/field.npz"",""gradient_packet"":""cases/translation_s1/gradient_packet.npz"",""history.json"":""cells/translation_s1_split_d1_m10/history.json"",""immediate.png"":""cells/translation_s1_split_d1_m10/immediate.png"",""immediate_reconstruction.npy"":""cells/translation_s1_split_d1_m10/immediate_reconstruction.npy"",""input_field.npz"":""cells/translation_s1_split_d1_m10/input_field.npz"",""progress.jsonl"":""cells/translation_s1_split_d1_m10/progress.jsonl"",""reconstruction.npy"":""cells/translation_s1_split_d1_m10/reconstruction.npy"",""reconstruction.png"":""cells/translation_s1_split_d1_m10/reconstruction.png"",""target.npy"":""cells/translation_s1_split_d1_m10/target.npy"",""target.png"":""cells/translation_s1_split_d1_m10/target.png""}",9.206656095077023e-05,translation_s1_split_d1_m10,0.0,recovery only,1,2,translation,21,20,-8.105037776433407e-06,0.00010017159872720364,20,0.0037707933224737644,1.0,0.9900611639022827,3,0.0001811095280572772,0.6058373571962546,2.5483885110588744e-05,0.003955262000090443,49.71040589504725,8.672178610487228e-05,1,20,6,false,-5.455215159599902e-06,ok,5.344774845897953e-06,23,0.028908141001011245
split_d2_m5,split,"{""base_field.npz"":""cells/translation_s1_split_d2_m5/base_field.npz"",""base_reconstruction.npy"":""cells/translation_s1_split_d2_m5/base_reconstruction.npy"",""config.json"":""cells/translation_s1_split_d2_m5/config.json"",""curves.png"":""cells/translation_s1_split_d2_m5/curves.png"",""decision"":""decision.json"",""error.png"":""cells/translation_s1_split_d2_m5/error.png"",""field.npz"":""cells/translation_s1_split_d2_m5/field.npz"",""gradient_packet"":""cases/translation_s1/gradient_packet.npz"",""history.json"":""cells/translation_s1_split_d2_m5/history.json"",""immediate.png"":""cells/translation_s1_split_d2_m5/immediate.png"",""immediate_reconstruction.npy"":""cells/translation_s1_split_d2_m5/immediate_reconstruction.npy"",""input_field.npz"":""cells/translation_s1_split_d2_m5/input_field.npz"",""progress.jsonl"":""cells/translation_s1_split_d2_m5/progress.jsonl"",""reconstruction.npy"":""cells/translation_s1_split_d2_m5/reconstruction.npy"",""reconstruction.png"":""cells/translation_s1_split_d2_m5/reconstruction.png"",""target.npy"":""cells/translation_s1_split_d2_m5/target.npy"",""target.png"":""cells/translation_s1_split_d2_m5/target.png""}",9.206656095077023e-05,translation_s1_split_d2_m5,0.0,recovery only,2,2,translation,21,20,-3.446640372635877e-05,0.000126532964677129,20,0.014551603235304356,0.5,0.9523703455924988,3,0.0001811095280572772,0.6058373571962546,-3.216644472558983e-05,0.003955262000090443,40.90007179846719,5.142570703117048e-05,1,20,6,false,-5.455215159599902e-06,ok,4.0640853919599755e-05,23,0.02868841999952565
split_d2_m10,split,"{""base_field.npz"":""cells/translation_s1_split_d2_m10/base_field.npz"",""base_reconstruction.npy"":""cells/translation_s1_split_d2_m10/base_reconstruction.npy"",""config.json"":""cells/translation_s1_split_d2_m10/config.json"",""curves.png"":""cells/translation_s1_split_d2_m10/curves.png"",""decision"":""decision.json"",""error.png"":""cells/translation_s1_split_d2_m10/error.png"",""field.npz"":""cells/translation_s1_split_d2_m10/field.npz"",""gradient_packet"":""cases/translation_s1/gradient_packet.npz"",""history.json"":""cells/translation_s1_split_d2_m10/history.json"",""immediate.png"":""cells/translation_s1_split_d2_m10/immediate.png"",""immediate_reconstruction.npy"":""cells/translation_s1_split_d2_m10/immediate_reconstruction.npy"",""input_field.npz"":""cells/translation_s1_split_d2_m10/input_field.npz"",""progress.jsonl"":""cells/translation_s1_split_d2_m10/progress.jsonl"",""reconstruction.npy"":""cells/translation_s1_split_d2_m10/reconstruction.npy"",""reconstruction.png"":""cells/translation_s1_split_d2_m10/reconstruction.png"",""target.npy"":""cells/translation_s1_split_d2_m10/target.npy"",""target.png"":""cells/translation_s1_split_d2_m10/target.png""}",9.206656095077023e-05,translation_s1_split_d2_m10,0.0,recovery only,2,2,translation,21,20,-4.48073435567538e-05,0.00013687390450752403,20,0.017133653163909912,1.0,0.9520090222358704,3,0.0001811095280572772,0.6058373571962546,-1.1218415238545276e-05,0.003955262000090443,40.752341566857424,5.0019480324551885e-05,1,20,6,false,-5.455215159599902e-06,ok,4.204708062621835e-05,23,0.028228986000613077
birth_d1,birth,"{""base_field.npz"":""cells/translation_s1_birth_d1/base_field.npz"",""base_reconstruction.npy"":""cells/translation_s1_birth_d1/base_reconstruction.npy"",""config.json"":""cells/translation_s1_birth_d1/config.json"",""curves.png"":""cells/translation_s1_birth_d1/curves.png"",""decision"":""decision.json"",""error.png"":""cells/translation_s1_birth_d1/error.png"",""field.npz"":""cells/translation_s1_birth_d1/field.npz"",""gradient_packet"":""cases/translation_s1/gradient_packet.npz"",""history.json"":""cells/translation_s1_birth_d1/history.json"",""immediate.png"":""cells/translation_s1_birth_d1/immediate.png"",""immediate_reconstruction.npy"":""cells/translation_s1_birth_d1/immediate_reconstruction.npy"",""input_field.npz"":""cells/translation_s1_birth_d1/input_field.npz"",""progress.jsonl"":""cells/translation_s1_birth_d1/progress.jsonl"",""reconstruction.npy"":""cells/translation_s1_birth_d1/reconstruction.npy"",""reconstruction.png"":""cells/translation_s1_birth_d1/reconstruction.png"",""target.npy"":""cells/translation_s1_birth_d1/target.npy"",""target.png"":""cells/translation_s1_birth_d1/target.png""}",9.206656095077023e-05,translation_s1_birth_d1,0.0,recovery only,1,2,translation,21,20,2.0953478337180928e-05,7.11130826135893e-05,20,0.00195340090431273,1.0,0.9900614023208618,3,0.0001811095280572772,0.6058373571962546,-1.1067091918448568e-06,0.003955262000090443,50.473593785344065,8.758312855248547e-05,1,20,6,false,-5.455215159599902e-06,ok,4.483432398284758e-06,23,0.027786324000771856
birth_d2,birth,"{""base_field.npz"":""cells/translation_s1_birth_d2/base_field.npz"",""base_reconstruction.npy"":""cells/translation_s1_birth_d2/base_reconstruction.npy"",""config.json"":""cells/translation_s1_birth_d2/config.json"",""curves.png"":""cells/translation_s1_birth_d2/curves.png"",""decision"":""decision.json"",""error.png"":""cells/translation_s1_birth_d2/error.png"",""field.npz"":""cells/translation_s1_birth_d2/field.npz"",""gradient_packet"":""cases/translation_s1/gradient_packet.npz"",""history.json"":""cells/translation_s1_birth_d2/history.json"",""immediate.png"":""cells/translation_s1_birth_d2/immediate.png"",""immediate_reconstruction.npy"":""cells/translation_s1_birth_d2/immediate_reconstruction.npy"",""input_field.npz"":""cells/translation_s1_birth_d2/input_field.npz"",""progress.jsonl"":""cells/translation_s1_birth_d2/progress.jsonl"",""reconstruction.npy"":""cells/translation_s1_birth_d2/reconstruction.npy"",""reconstruction.png"":""cells/translation_s1_birth_d2/reconstruction.png"",""target.npy"":""cells/translation_s1_birth_d2/target.npy"",""target.png"":""cells/translation_s1_birth_d2/target.png""}",9.206656095077023e-05,translation_s1_birth_d2,0.0,recovery only,2,2,translation,21,20,-1.5748827443139464e-05,0.0001078153883939097,20,0.013562951236963272,1.0,0.9521848559379578,3,0.0001811095280572772,0.6058373571962546,-3.780900806304999e-05,0.003955262000090443,40.84223150016755,5.088082277216507e-05,1,20,6,false,-5.455215159599902e-06,ok,4.118573817860516e-05,23,0.028201273002196103
noop,noop,"{""base_field.npz"":""cells/translation_s2_noop/base_field.npz"",""base_reconstruction.npy"":""cells/translation_s2_noop/base_reconstruction.npy"",""config.json"":""cells/translation_s2_noop/config.json"",""curves.png"":""cells/translation_s2_noop/curves.png"",""decision"":""decision.json"",""error.png"":""cells/translation_s2_noop/error.png"",""field.npz"":""cells/translation_s2_noop/field.npz"",""gradient_packet"":""cases/translation_s2/gradient_packet.npz"",""history.json"":""cells/translation_s2_noop/history.json"",""immediate.png"":""cells/translation_s2_noop/immediate.png"",""immediate_reconstruction.npy"":""cells/translation_s2_noop/immediate_reconstruction.npy"",""input_field.npz"":""cells/translation_s2_noop/input_field.npz"",""progress.jsonl"":""cells/translation_s2_noop/progress.jsonl"",""reconstruction.npy"":""cells/translation_s2_noop/reconstruction.npy"",""reconstruction.png"":""cells/translation_s2_noop/reconstruction.png"",""target.npy"":""cells/translation_s2_noop/target.npy"",""target.png"":""cells/translation_s2_noop/target.png""}",9.20707374765493e-05,translation_s2_noop,0.0,recovery only,,2,translation,21,20,0.0,9.20707374765493e-05,20,0.00016215989307966083,0.0,0.999871015548706,3,0.00017834780737757683,0.6863504375990538,0.0,0.00415702500322368,59.32714377085405,9.14869488533588e-05,2,20,6,false,-5.451573088066652e-06,ok,5.837886231905094e-07,23,0.028673726999841165
move_m5,move,"{""base_field.npz"":""cells/translation_s2_move_m5/base_field.npz"",""base_reconstruction.npy"":""cells/translation_s2_move_m5/base_reconstruction.npy"",""config.json"":""cells/translation_s2_move_m5/config.json"",""curves.png"":""cells/translation_s2_move_m5/curves.png"",""decision"":""decision.json"",""error.png"":""cells/translation_s2_move_m5/error.png"",""field.npz"":""cells/translation_s2_move_m5/field.npz"",""gradient_packet"":""cases/translation_s2/gradient_packet.npz"",""history.json"":""cells/translation_s2_move_m5/history.json"",""immediate.png"":""cells/translation_s2_move_m5/immediate.png"",""immediate_reconstruction.npy"":""cells/translation_s2_move_m5/immediate_reconstruction.npy"",""input_field.npz"":""cells/translation_s2_move_m5/input_field.npz"",""progress.jsonl"":""cells/translation_s2_move_m5/progress.jsonl"",""reconstruction.npy"":""cells/translation_s2_move_m5/reconstruction.npy"",""reconstruction.png"":""cells/translation_s2_move_m5/reconstruction.png"",""target.npy"":""cells/translation_s2_move_m5/target.npy"",""target.png"":""cells/translation_s2_move_m5/target.png""}",9.20707374765493e-05,translation_s2_move_m5,0.0,recovery only,,2,translation,21,20,6.583707450777461e-05,2.623366296877469e-05,20,0.00021259926143102348,0.5,0.9993438124656677,3,0.00017834780737757683,0.6863504375990538,6.404383748304099e-05,0.00415702500322368,53.74577557122684,8.996020301814956e-05,2,20,6,false,-5.451573088066652e-06,ok,2.110534458399748e-06,23,0.0313911770026607
move_m10,move,"{""base_field.npz"":""cells/translation_s2_move_m10/base_field.npz"",""base_reconstruction.npy"":""cells/translation_s2_move_m10/base_reconstruction.npy"",""config.json"":""cells/translation_s2_move_m10/config.json"",""curves.png"":""cells/translation_s2_move_m10/curves.png"",""decision"":""decision.json"",""error.png"":""cells/translation_s2_move_m10/error.png"",""field.npz"":""cells/translation_s2_move_m10/field.npz"",""gradient_packet"":""cases/translation_s2/gradient_packet.npz"",""history.json"":""cells/translation_s2_move_m10/history.json"",""immediate.png"":""cells/translation_s2_move_m10/immediate.png"",""immediate_reconstruction.npy"":""cells/translation_s2_move_m10/immediate_reconstruction.npy"",""input_field.npz"":""cells/translation_s2_move_m10/input_field.npz"",""progress.jsonl"":""cells/translation_s2_move_m10/progress.jsonl"",""reconstruction.npy"":""cells/translation_s2_move_m10/reconstruction.npy"",""reconstruction.png"":""cells/translation_s2_move_m10/reconstruction.png"",""target.npy"":""cells/translation_s2_move_m10/target.npy"",""target.png"":""cells/translation_s2_move_m10/target.png""}",9.20707374765493e-05,translation_s2_move_m10,0.0,recovery only,,2,translation,21,20,9.173444736577877e-05,3.3629011077054056e-07,20,0.0001144033158197999,1.0,0.9998428225517273,3,0.00017834780737757683,0.6863504375990538,8.656029967823997e-05,0.00415702500322368,61.52780472797556,9.171902357716872e-05,2,20,6,false,-5.451573088066652e-06,ok,3.5171389938057807e-07,23,0.027607157000602456
scale_m5,scale,"{""base_field.npz"":""cells/translation_s2_scale_m5/base_field.npz"",""base_reconstruction.npy"":""cells/translation_s2_scale_m5/base_reconstruction.npy"",""config.json"":""cells/translation_s2_scale_m5/config.json"",""curves.png"":""cells/translation_s2_scale_m5/curves.png"",""decision"":""decision.json"",""error.png"":""cells/translation_s2_scale_m5/error.png"",""field.npz"":""cells/translation_s2_scale_m5/field.npz"",""gradient_packet"":""cases/translation_s2/gradient_packet.npz"",""history.json"":""cells/translation_s2_scale_m5/history.json"",""immediate.png"":""cells/translation_s2_scale_m5/immediate.png"",""immediate_reconstruction.npy"":""cells/translation_s2_scale_m5/immediate_reconstruction.npy"",""input_field.npz"":""cells/translation_s2_scale_m5/input_field.npz"",""progress.jsonl"":""cells/translation_s2_scale_m5/progress.jsonl"",""reconstruction.npy"":""cells/translation_s2_scale_m5/reconstruction.npy"",""reconstruction.png"":""cells/translation_s2_scale_m5/reconstruction.png"",""target.npy"":""cells/translation_s2_scale_m5/target.npy"",""target.png"":""cells/translation_s2_scale_m5/target.png""}",9.20707374765493e-05,translation_s2_scale_m5,0.0,recovery only,,2,translation,21,20,1.308672079625061e-06,9.076206539692424e-05,20,0.0001030990169965662,0.5,0.9999246001243591,3,0.00017834780737757683,0.6863504375990538,1.2897328360850224e-06,0.00415702500322368,61.62028202635685,9.172643368783605e-05,2,20,6,false,-5.451573088066652e-06,ok,3.443037887132523e-07,23,0.02795794900157489
scale_m10,scale,"{""base_field.npz"":""cells/translation_s2_scale_m10/base_field.npz"",""base_reconstruction.npy"":""cells/translation_s2_scale_m10/base_reconstruction.npy"",""config.json"":""cells/translation_s2_scale_m10/config.json"",""curves.png"":""cells/translation_s2_scale_m10/curves.png"",""decision"":""decision.json"",""error.png"":""cells/translation_s2_scale_m10/error.png"",""field.npz"":""cells/translation_s2_scale_m10/field.npz"",""gradient_packet"":""cases/translation_s2/gradient_packet.npz"",""history.json"":""cells/translation_s2_scale_m10/history.json"",""immediate.png"":""cells/translation_s2_scale_m10/immediate.png"",""immediate_reconstruction.npy"":""cells/translation_s2_scale_m10/immediate_reconstruction.npy"",""input_field.npz"":""cells/translation_s2_scale_m10/input_field.npz"",""progress.jsonl"":""cells/translation_s2_scale_m10/progress.jsonl"",""reconstruction.npy"":""cells/translation_s2_scale_m10/reconstruction.npy"",""reconstruction.png"":""cells/translation_s2_scale_m10/reconstruction.png"",""target.npy"":""cells/translation_s2_scale_m10/target.npy"",""target.png"":""cells/translation_s2_scale_m10/target.png""}",9.20707374765493e-05,translation_s2_scale_m10,0.0,recovery only,,2,translation,21,20,1.8134092019870239e-06,9.025732827456228e-05,20,0.00029947608709335327,1.0,0.999860405921936,3,0.00017834780737757683,0.6863504375990538,1.7365091480314732e-06,0.00415702500322368,59.82000271542694,9.154957908770712e-05,2,20,6,false,-5.451573088066652e-06,ok,5.21158388842185e-07,23,0.027923683999688365
rotate_m5,rotate,"{""base_field.npz"":""cells/translation_s2_rotate_m5/base_field.npz"",""base_reconstruction.npy"":""cells/translation_s2_rotate_m5/base_reconstruction.npy"",""config.json"":""cells/translation_s2_rotate_m5/config.json"",""curves.png"":""cells/translation_s2_rotate_m5/curves.png"",""decision"":""decision.json"",""error.png"":""cells/translation_s2_rotate_m5/error.png"",""field.npz"":""cells/translation_s2_rotate_m5/field.npz"",""gradient_packet"":""cases/translation_s2/gradient_packet.npz"",""history.json"":""cells/translation_s2_rotate_m5/history.json"",""immediate.png"":""cells/translation_s2_rotate_m5/immediate.png"",""immediate_reconstruction.npy"":""cells/translation_s2_rotate_m5/immediate_reconstruction.npy"",""input_field.npz"":""cells/translation_s2_rotate_m5/input_field.npz"",""progress.jsonl"":""cells/translation_s2_rotate_m5/progress.jsonl"",""reconstruction.npy"":""cells/translation_s2_rotate_m5/reconstruction.npy"",""reconstruction.png"":""cells/translation_s2_rotate_m5/reconstruction.png"",""target.npy"":""cells/translation_s2_rotate_m5/target.npy"",""target.png"":""cells/translation_s2_rotate_m5/target.png""}",9.20707374765493e-05,translation_s2_rotate_m5,0.0,recovery only,,2,translation,21,20,1.599841407354946e-12,9.20707358767079e-05,20,0.00016346736811101437,0.5,0.9998771548271179,3,0.00017834780737757683,0.6863504375990538,4.0158650601966606e-13,0.00415702500322368,59.48077597787524,9.150723944075516e-05,2,20,6,false,-5.451573088066652e-06,ok,5.634980357941449e-07,23,0.027944065997871803
rotate_m10,rotate,"{""base_field.npz"":""cells/translation_s2_rotate_m10/base_field.npz"",""base_reconstruction.npy"":""cells/translation_s2_rotate_m10/base_reconstruction.npy"",""config.json"":""cells/translation_s2_rotate_m10/config.json"",""curves.png"":""cells/translation_s2_rotate_m10/curves.png"",""decision"":""decision.json"",""error.png"":""cells/translation_s2_rotate_m10/error.png"",""field.npz"":""cells/translation_s2_rotate_m10/field.npz"",""gradient_packet"":""cases/translation_s2/gradient_packet.npz"",""history.json"":""cells/translation_s2_rotate_m10/history.json"",""immediate.png"":""cells/translation_s2_rotate_m10/immediate.png"",""immediate_reconstruction.npy"":""cells/translation_s2_rotate_m10/immediate_reconstruction.npy"",""input_field.npz"":""cells/translation_s2_rotate_m10/input_field.npz"",""progress.jsonl"":""cells/translation_s2_rotate_m10/progress.jsonl"",""reconstruction.npy"":""cells/translation_s2_rotate_m10/reconstruction.npy"",""reconstruction.png"":""cells/translation_s2_rotate_m10/reconstruction.png"",""target.npy"":""cells/translation_s2_rotate_m10/target.npy"",""target.png"":""cells/translation_s2_rotate_m10/target.png""}",9.20707374765493e-05,translation_s2_rotate_m10,0.0,recovery only,,2,translation,21,20,1.1063015602349666e-12,9.207073637024774e-05,20,0.00016232344205491245,1.0,0.9998705983161926,3,0.00017834780737757683,0.6863504375990538,5.389714282516556e-13,0.00415702500322368,59.31371129533315,9.148514043390341e-05,2,20,6,false,-5.451573088066652e-06,ok,5.855970426458924e-07,23,0.0283151280018501
color_m5,color,"{""base_field.npz"":""cells/translation_s2_color_m5/base_field.npz"",""base_reconstruction.npy"":""cells/translation_s2_color_m5/base_reconstruction.npy"",""config.json"":""cells/translation_s2_color_m5/config.json"",""curves.png"":""cells/translation_s2_color_m5/curves.png"",""decision"":""decision.json"",""error.png"":""cells/translation_s2_color_m5/error.png"",""field.npz"":""cells/translation_s2_color_m5/field.npz"",""gradient_packet"":""cases/translation_s2/gradient_packet.npz"",""history.json"":""cells/translation_s2_color_m5/history.json"",""immediate.png"":""cells/translation_s2_color_m5/immediate.png"",""immediate_reconstruction.npy"":""cells/translation_s2_color_m5/immediate_reconstruction.npy"",""input_field.npz"":""cells/translation_s2_color_m5/input_field.npz"",""progress.jsonl"":""cells/translation_s2_color_m5/progress.jsonl"",""reconstruction.npy"":""cells/translation_s2_color_m5/reconstruction.npy"",""reconstruction.png"":""cells/translation_s2_color_m5/reconstruction.png"",""target.npy"":""cells/translation_s2_color_m5/target.npy"",""target.png"":""cells/translation_s2_color_m5/target.png""}",9.20707374765493e-05,translation_s2_color_m5,0.0,recovery only,,2,translation,21,20,1.402800633734262e-06,9.066793684281504e-05,20,0.00027458256226964295,0.5,0.9998489022254944,3,0.00017834780737757683,0.6863504375990538,1.4027997394805425e-06,0.00415702500322368,57.91308057714248,9.126227112987145e-05,2,20,6,false,-5.451573088066652e-06,ok,8.084663466778505e-07,23,0.02735069700065651
color_m10,color,"{""base_field.npz"":""cells/translation_s2_color_m10/base_field.npz"",""base_reconstruction.npy"":""cells/translation_s2_color_m10/base_reconstruction.npy"",""config.json"":""cells/translation_s2_color_m10/config.json"",""curves.png"":""cells/translation_s2_color_m10/curves.png"",""decision"":""decision.json"",""error.png"":""cells/translation_s2_color_m10/error.png"",""field.npz"":""cells/translation_s2_color_m10/field.npz"",""gradient_packet"":""cases/translation_s2/gradient_packet.npz"",""history.json"":""cells/translation_s2_color_m10/history.json"",""immediate.png"":""cells/translation_s2_color_m10/immediate.png"",""immediate_reconstruction.npy"":""cells/translation_s2_color_m10/immediate_reconstruction.npy"",""input_field.npz"":""cells/translation_s2_color_m10/input_field.npz"",""progress.jsonl"":""cells/translation_s2_color_m10/progress.jsonl"",""reconstruction.npy"":""cells/translation_s2_color_m10/reconstruction.npy"",""reconstruction.png"":""cells/translation_s2_color_m10/reconstruction.png"",""target.npy"":""cells/translation_s2_color_m10/target.npy"",""target.png"":""cells/translation_s2_color_m10/target.png""}",9.20707374765493e-05,translation_s2_color_m10,0.0,recovery only,,2,translation,21,20,1.8827063102616409e-06,9.018803116628766e-05,20,0.00021187427046243101,1.0,0.9995014071464539,3,0.00017834780737757683,0.6863504375990538,1.882704850686423e-06,0.00415702500322368,57.02578942617422,9.107901293236303e-05,2,20,6,false,-5.451573088066652e-06,ok,9.91724544186282e-07,23,0.02766092599995318
split_d1_m5,split,"{""base_field.npz"":""cells/translation_s2_split_d1_m5/base_field.npz"",""base_reconstruction.npy"":""cells/translation_s2_split_d1_m5/base_reconstruction.npy"",""config.json"":""cells/translation_s2_split_d1_m5/config.json"",""curves.png"":""cells/translation_s2_split_d1_m5/curves.png"",""decision"":""decision.json"",""error.png"":""cells/translation_s2_split_d1_m5/error.png"",""field.npz"":""cells/translation_s2_split_d1_m5/field.npz"",""gradient_packet"":""cases/translation_s2/gradient_packet.npz"",""history.json"":""cells/translation_s2_split_d1_m5/history.json"",""immediate.png"":""cells/translation_s2_split_d1_m5/immediate.png"",""immediate_reconstruction.npy"":""cells/translation_s2_split_d1_m5/immediate_reconstruction.npy"",""input_field.npz"":""cells/translation_s2_split_d1_m5/input_field.npz"",""progress.jsonl"":""cells/translation_s2_split_d1_m5/progress.jsonl"",""reconstruction.npy"":""cells/translation_s2_split_d1_m5/reconstruction.npy"",""reconstruction.png"":""cells/translation_s2_split_d1_m5/reconstruction.png"",""target.npy"":""cells/translation_s2_split_d1_m5/target.npy"",""target.png"":""cells/translation_s2_split_d1_m5/target.png""}",9.20707374765493e-05,translation_s2_split_d1_m5,0.0,recovery only,1,2,translation,21,20,-9.409991868505898e-06,0.0001014807293450552,20,0.008599978871643543,0.5,0.9707421660423279,3,0.00017834780737757683,0.6863504375990538,-7.115666903700912e-06,0.00415702500322368,45.133695421878855,7.67386791708228e-05,2,20,6,false,-5.451573088066652e-06,ok,1.53320583057265e-05,23,0.030655313003080664
split_d1_m10,split,"{""base_field.npz"":""cells/translation_s2_split_d1_m10/base_field.npz"",""base_reconstruction.npy"":""cells/translation_s2_split_d1_m10/base_reconstruction.npy"",""config.json"":""cells/translation_s2_split_d1_m10/config.json"",""curves.png"":""cells/translation_s2_split_d1_m10/curves.png"",""decision"":""decision.json"",""error.png"":""cells/translation_s2_split_d1_m10/error.png"",""field.npz"":""cells/translation_s2_split_d1_m10/field.npz"",""gradient_packet"":""cases/translation_s2/gradient_packet.npz"",""history.json"":""cells/translation_s2_split_d1_m10/history.json"",""immediate.png"":""cells/translation_s2_split_d1_m10/immediate.png"",""immediate_reconstruction.npy"":""cells/translation_s2_split_d1_m10/immediate_reconstruction.npy"",""input_field.npz"":""cells/translation_s2_split_d1_m10/input_field.npz"",""progress.jsonl"":""cells/translation_s2_split_d1_m10/progress.jsonl"",""reconstruction.npy"":""cells/translation_s2_split_d1_m10/reconstruction.npy"",""reconstruction.png"":""cells/translation_s2_split_d1_m10/reconstruction.png"",""target.npy"":""cells/translation_s2_split_d1_m10/target.npy"",""target.png"":""cells/translation_s2_split_d1_m10/target.png""}",9.20707374765493e-05,translation_s2_split_d1_m10,0.0,recovery only,1,2,translation,21,20,-1.9750004253426434e-05,0.00011182074172997574,20,0.010343083180487156,1.0,0.9705488681793213,3,0.00017834780737757683,0.6863504375990538,1.3818375009577721e-05,0.00415702500322368,44.798386753696995,7.55080301006037e-05,2,20,6,false,-5.451573088066652e-06,ok,1.6562707375945605e-05,23,0.028302806000283454
split_d2_m5,split,"{""base_field.npz"":""cells/translation_s2_split_d2_m5/base_field.npz"",""base_reconstruction.npy"":""cells/translation_s2_split_d2_m5/base_reconstruction.npy"",""config.json"":""cells/translation_s2_split_d2_m5/config.json"",""curves.png"":""cells/translation_s2_split_d2_m5/curves.png"",""decision"":""decision.json"",""error.png"":""cells/translation_s2_split_d2_m5/error.png"",""field.npz"":""cells/translation_s2_split_d2_m5/field.npz"",""gradient_packet"":""cases/translation_s2/gradient_packet.npz"",""history.json"":""cells/translation_s2_split_d2_m5/history.json"",""immediate.png"":""cells/translation_s2_split_d2_m5/immediate.png"",""immediate_reconstruction.npy"":""cells/translation_s2_split_d2_m5/immediate_reconstruction.npy"",""input_field.npz"":""cells/translation_s2_split_d2_m5/input_field.npz"",""progress.jsonl"":""cells/translation_s2_split_d2_m5/progress.jsonl"",""reconstruction.npy"":""cells/translation_s2_split_d2_m5/reconstruction.npy"",""reconstruction.png"":""cells/translation_s2_split_d2_m5/reconstruction.png"",""target.npy"":""cells/translation_s2_split_d2_m5/target.npy"",""target.png"":""cells/translation_s2_split_d2_m5/target.png""}",9.20707374765493e-05,translation_s2_split_d2_m5,0.0,recovery only,2,2,translation,21,20,-3.446543339918601e-05,0.0001265361708757353,20,0.014835759066045284,0.5,0.9524770975112915,3,0.00017834780737757683,0.6863504375990538,-3.217110497644171e-05,0.00415702500322368,40.92723035069469,5.16832376401427e-05,2,20,6,false,-5.451573088066652e-06,ok,4.0387499836406604e-05,23,0.02929115000006277
split_d2_m10,split,"{""base_field.npz"":""cells/translation_s2_split_d2_m10/base_field.npz"",""base_reconstruction.npy"":""cells/translation_s2_split_d2_m10/base_reconstruction.npy"",""config.json"":""cells/translation_s2_split_d2_m10/config.json"",""curves.png"":""cells/translation_s2_split_d2_m10/curves.png"",""decision"":""decision.json"",""error.png"":""cells/translation_s2_split_d2_m10/error.png"",""field.npz"":""cells/translation_s2_split_d2_m10/field.npz"",""gradient_packet"":""cases/translation_s2/gradient_packet.npz"",""history.json"":""cells/translation_s2_split_d2_m10/history.json"",""immediate.png"":""cells/translation_s2_split_d2_m10/immediate.png"",""immediate_reconstruction.npy"":""cells/translation_s2_split_d2_m10/immediate_reconstruction.npy"",""input_field.npz"":""cells/translation_s2_split_d2_m10/input_field.npz"",""progress.jsonl"":""cells/translation_s2_split_d2_m10/progress.jsonl"",""reconstruction.npy"":""cells/translation_s2_split_d2_m10/reconstruction.npy"",""reconstruction.png"":""cells/translation_s2_split_d2_m10/reconstruction.png"",""target.npy"":""cells/translation_s2_split_d2_m10/target.npy"",""target.png"":""cells/translation_s2_split_d2_m10/target.png""}",9.20707374765493e-05,translation_s2_split_d2_m10,0.0,recovery only,2,2,translation,21,20,-4.480544578410653e-05,0.00013687618326065583,20,0.01777038164436817,1.0,0.9522497057914734,3,0.00017834780737757683,0.6863504375990538,-1.1237063517910428e-05,0.00415702500322368,40.796872445948665,5.04525885699236e-05,2,20,6,false,-5.451573088066652e-06,ok,4.1618148906625705e-05,23,0.028969465998670785
birth_d1,birth,"{""base_field.npz"":""cells/translation_s2_birth_d1/base_field.npz"",""base_reconstruction.npy"":""cells/translation_s2_birth_d1/base_reconstruction.npy"",""config.json"":""cells/translation_s2_birth_d1/config.json"",""curves.png"":""cells/translation_s2_birth_d1/curves.png"",""decision"":""decision.json"",""error.png"":""cells/translation_s2_birth_d1/error.png"",""field.npz"":""cells/translation_s2_birth_d1/field.npz"",""gradient_packet"":""cases/translation_s2/gradient_packet.npz"",""history.json"":""cells/translation_s2_birth_d1/history.json"",""immediate.png"":""cells/translation_s2_birth_d1/immediate.png"",""immediate_reconstruction.npy"":""cells/translation_s2_birth_d1/immediate_reconstruction.npy"",""input_field.npz"":""cells/translation_s2_birth_d1/input_field.npz"",""progress.jsonl"":""cells/translation_s2_birth_d1/progress.jsonl"",""reconstruction.npy"":""cells/translation_s2_birth_d1/reconstruction.npy"",""reconstruction.png"":""cells/translation_s2_birth_d1/reconstruction.png"",""target.npy"":""cells/translation_s2_birth_d1/target.npy"",""target.png"":""cells/translation_s2_birth_d1/target.png""}",9.20707374765493e-05,translation_s2_birth_d1,0.0,recovery only,1,2,translation,21,20,8.968547317200756e-06,8.310219015934855e-05,20,0.008171130903065205,1.0,0.9706487059593201,3,0.00017834780737757683,0.6863504375990538,-1.2764507118845358e-05,0.00415702500322368,45.13727269375422,7.675130294589145e-05,2,20,6,false,-5.451573088066652e-06,ok,1.5319434530657855e-05,23,0.027805551999335876
birth_d2,birth,"{""base_field.npz"":""cells/translation_s2_birth_d2/base_field.npz"",""base_reconstruction.npy"":""cells/translation_s2_birth_d2/base_reconstruction.npy"",""config.json"":""cells/translation_s2_birth_d2/config.json"",""curves.png"":""cells/translation_s2_birth_d2/curves.png"",""decision"":""decision.json"",""error.png"":""cells/translation_s2_birth_d2/error.png"",""field.npz"":""cells/translation_s2_birth_d2/field.npz"",""gradient_packet"":""cases/translation_s2/gradient_packet.npz"",""history.json"":""cells/translation_s2_birth_d2/history.json"",""immediate.png"":""cells/translation_s2_birth_d2/immediate.png"",""immediate_reconstruction.npy"":""cells/translation_s2_birth_d2/immediate_reconstruction.npy"",""input_field.npz"":""cells/translation_s2_birth_d2/input_field.npz"",""progress.jsonl"":""cells/translation_s2_birth_d2/progress.jsonl"",""reconstruction.npy"":""cells/translation_s2_birth_d2/reconstruction.npy"",""reconstruction.png"":""cells/translation_s2_birth_d2/reconstruction.png"",""target.npy"":""cells/translation_s2_birth_d2/target.npy"",""target.png"":""cells/translation_s2_birth_d2/target.png""}",9.20707374765493e-05,translation_s2_birth_d2,0.0,recovery only,2,2,translation,21,20,-1.6086894213479327e-05,0.00010815763169002863,20,0.014714067801833153,1.0,0.952400803565979,3,0.00017834780737757683,0.6863504375990538,-3.7819943827344105e-05,0.00415702500322368,40.92858802147562,5.1695861415211344e-05,2,20,6,false,-5.451573088066652e-06,ok,4.037487606133796e-05,23,0.02779430900045554
noop,noop,"{""base_field.npz"":""cells/width_s0_noop/base_field.npz"",""base_reconstruction.npy"":""cells/width_s0_noop/base_reconstruction.npy"",""config.json"":""cells/width_s0_noop/config.json"",""curves.png"":""cells/width_s0_noop/curves.png"",""decision"":""decision.json"",""error.png"":""cells/width_s0_noop/error.png"",""field.npz"":""cells/width_s0_noop/field.npz"",""gradient_packet"":""cases/width_s0/gradient_packet.npz"",""history.json"":""cells/width_s0_noop/history.json"",""immediate.png"":""cells/width_s0_noop/immediate.png"",""immediate_reconstruction.npy"":""cells/width_s0_noop/immediate_reconstruction.npy"",""input_field.npz"":""cells/width_s0_noop/input_field.npz"",""progress.jsonl"":""cells/width_s0_noop/progress.jsonl"",""reconstruction.npy"":""cells/width_s0_noop/reconstruction.npy"",""reconstruction.png"":""cells/width_s0_noop/reconstruction.png"",""target.npy"":""cells/width_s0_noop/target.npy"",""target.png"":""cells/width_s0_noop/target.png""}",0.00011436304747376688,width_s0_noop,0.0,recovery only,,2,width,21,20,0.0,0.00011436304747376688,20,0.0017616604454815388,0.0,0.9967471957206726,3,0.00014649159857071936,1.3990370256412001e-08,0.0,0.004015804999653483,49.911978748338754,0.00010926067534629249,0,20,6,false,-1.009983679978177e-05,ok,5.102372127474394e-06,23,0.02780826500020339
move_m5,move,"{""base_field.npz"":""cells/width_s0_move_m5/base_field.npz"",""base_reconstruction.npy"":""cells/width_s0_move_m5/base_reconstruction.npy"",""config.json"":""cells/width_s0_move_m5/config.json"",""curves.png"":""cells/width_s0_move_m5/curves.png"",""decision"":""decision.json"",""error.png"":""cells/width_s0_move_m5/error.png"",""field.npz"":""cells/width_s0_move_m5/field.npz"",""gradient_packet"":""cases/width_s0/gradient_packet.npz"",""history.json"":""cells/width_s0_move_m5/history.json"",""immediate.png"":""cells/width_s0_move_m5/immediate.png"",""immediate_reconstruction.npy"":""cells/width_s0_move_m5/immediate_reconstruction.npy"",""input_field.npz"":""cells/width_s0_move_m5/input_field.npz"",""progress.jsonl"":""cells/width_s0_move_m5/progress.jsonl"",""reconstruction.npy"":""cells/width_s0_move_m5/reconstruction.npy"",""reconstruction.png"":""cells/width_s0_move_m5/reconstruction.png"",""target.npy"":""cells/width_s0_move_m5/target.npy"",""target.png"":""cells/width_s0_move_m5/target.png""}",0.00011436304747376688,width_s0_move_m5,0.0,recovery only,,2,width,21,20,0.0,0.00011436304747376688,20,0.0017616604454815388,0.5,0.9967471957206726,3,0.00014649159857071936,1.3990370256412001e-08,1.2617874456194972e-20,0.004015804999653483,49.911978748338754,0.00010926067534629249,0,20,6,false,-1.009983679978177e-05,ok,5.102372127474394e-06,23,0.02804081700014649
move_m10,move,"{""base_field.npz"":""cells/width_s0_move_m10/base_field.npz"",""base_reconstruction.npy"":""cells/width_s0_move_m10/base_reconstruction.npy"",""config.json"":""cells/width_s0_move_m10/config.json"",""curves.png"":""cells/width_s0_move_m10/curves.png"",""decision"":""decision.json"",""error.png"":""cells/width_s0_move_m10/error.png"",""field.npz"":""cells/width_s0_move_m10/field.npz"",""gradient_packet"":""cases/width_s0/gradient_packet.npz"",""history.json"":""cells/width_s0_move_m10/history.json"",""immediate.png"":""cells/width_s0_move_m10/immediate.png"",""immediate_reconstruction.npy"":""cells/width_s0_move_m10/immediate_reconstruction.npy"",""input_field.npz"":""cells/width_s0_move_m10/input_field.npz"",""progress.jsonl"":""cells/width_s0_move_m10/progress.jsonl"",""reconstruction.npy"":""cells/width_s0_move_m10/reconstruction.npy"",""reconstruction.png"":""cells/width_s0_move_m10/reconstruction.png"",""target.npy"":""cells/width_s0_move_m10/target.npy"",""target.png"":""cells/width_s0_move_m10/target.png""}",0.00011436304747376688,width_s0_move_m10,0.0,recovery only,,2,width,21,20,0.0,0.00011436304747376688,20,0.0017616604454815388,1.0,0.9967471957206726,3,0.00014649159857071936,1.3990370256412001e-08,1.6935167564417906e-20,0.004015804999653483,49.911978748338754,0.00010926067534629249,0,20,6,false,-1.009983679978177e-05,ok,5.102372127474394e-06,23,0.028002502000163076
scale_m5,scale,"{""base_field.npz"":""cells/width_s0_scale_m5/base_field.npz"",""base_reconstruction.npy"":""cells/width_s0_scale_m5/base_reconstruction.npy"",""config.json"":""cells/width_s0_scale_m5/config.json"",""curves.png"":""cells/width_s0_scale_m5/curves.png"",""decision"":""decision.json"",""error.png"":""cells/width_s0_scale_m5/error.png"",""field.npz"":""cells/width_s0_scale_m5/field.npz"",""gradient_packet"":""cases/width_s0/gradient_packet.npz"",""history.json"":""cells/width_s0_scale_m5/history.json"",""immediate.png"":""cells/width_s0_scale_m5/immediate.png"",""immediate_reconstruction.npy"":""cells/width_s0_scale_m5/immediate_reconstruction.npy"",""input_field.npz"":""cells/width_s0_scale_m5/input_field.npz"",""progress.jsonl"":""cells/width_s0_scale_m5/progress.jsonl"",""reconstruction.npy"":""cells/width_s0_scale_m5/reconstruction.npy"",""reconstruction.png"":""cells/width_s0_scale_m5/reconstruction.png"",""target.npy"":""cells/width_s0_scale_m5/target.npy"",""target.png"":""cells/width_s0_scale_m5/target.png""}",0.00011436304747376688,width_s0_scale_m5,0.0,recovery only,,2,width,21,20,2.8442636600658306e-05,8.592041087310857e-05,20,0.0017898422665894032,0.5,0.997330904006958,3,0.00014649159857071936,1.3990370256412001e-08,2.7774318368756212e-05,0.004015804999653483,49.92351935422137,0.00010927421599669924,0,20,6,false,-1.009983679978177e-05,ok,5.0888314770676365e-06,23,0.028142415998445358
scale_m10,scale,"{""base_field.npz"":""cells/width_s0_scale_m10/base_field.npz"",""base_reconstruction.npy"":""cells/width_s0_scale_m10/base_reconstruction.npy"",""config.json"":""cells/width_s0_scale_m10/config.json"",""curves.png"":""cells/width_s0_scale_m10/curves.png"",""decision"":""decision.json"",""error.png"":""cells/width_s0_scale_m10/error.png"",""field.npz"":""cells/width_s0_scale_m10/field.npz"",""gradient_packet"":""cases/width_s0/gradient_packet.npz"",""history.json"":""cells/width_s0_scale_m10/history.json"",""immediate.png"":""cells/width_s0_scale_m10/immediate.png"",""immediate_reconstruction.npy"":""cells/width_s0_scale_m10/immediate_reconstruction.npy"",""input_field.npz"":""cells/width_s0_scale_m10/input_field.npz"",""progress.jsonl"":""cells/width_s0_scale_m10/progress.jsonl"",""reconstruction.npy"":""cells/width_s0_scale_m10/reconstruction.npy"",""reconstruction.png"":""cells/width_s0_scale_m10/reconstruction.png"",""target.npy"":""cells/width_s0_scale_m10/target.npy"",""target.png"":""cells/width_s0_scale_m10/target.png""}",0.00011436304747376688,width_s0_scale_m10,0.0,recovery only,,2,width,21,20,5.358702265436856e-05,6.0776024819398316e-05,20,0.0012386221205815673,1.0,0.9985674619674683,3,0.00014649159857071936,1.3990370256412001e-08,5.129060446051881e-05,0.004015804999653483,51.114068380010444,0.00011049436428439585,0,20,6,false,-1.009983679978177e-05,ok,3.8686831893710206e-06,23,0.0275996540003689
rotate_m5,rotate,"{""base_field.npz"":""cells/width_s0_rotate_m5/base_field.npz"",""base_reconstruction.npy"":""cells/width_s0_rotate_m5/base_reconstruction.npy"",""config.json"":""cells/width_s0_rotate_m5/config.json"",""curves.png"":""cells/width_s0_rotate_m5/curves.png"",""decision"":""decision.json"",""error.png"":""cells/width_s0_rotate_m5/error.png"",""field.npz"":""cells/width_s0_rotate_m5/field.npz"",""gradient_packet"":""cases/width_s0/gradient_packet.npz"",""history.json"":""cells/width_s0_rotate_m5/history.json"",""immediate.png"":""cells/width_s0_rotate_m5/immediate.png"",""immediate_reconstruction.npy"":""cells/width_s0_rotate_m5/immediate_reconstruction.npy"",""input_field.npz"":""cells/width_s0_rotate_m5/input_field.npz"",""progress.jsonl"":""cells/width_s0_rotate_m5/progress.jsonl"",""reconstruction.npy"":""cells/width_s0_rotate_m5/reconstruction.npy"",""reconstruction.png"":""cells/width_s0_rotate_m5/reconstruction.png"",""target.npy"":""cells/width_s0_rotate_m5/target.npy"",""target.png"":""cells/width_s0_rotate_m5/target.png""}",0.00011436304747376688,width_s0_rotate_m5,0.0,recovery only,,2,width,21,20,0.0,0.00011436304747376688,20,0.0017458823276683688,0.5,0.9967529773712158,3,0.00014649159857071936,1.3990370256412001e-08,9.657752694469452e-22,0.004015804999653483,49.9223514783115,0.00010927284735788307,0,20,6,false,-1.009983679978177e-05,ok,5.090200115883798e-06,23,0.027818951002700487
rotate_m10,rotate,"{""base_field.npz"":""cells/width_s0_rotate_m10/base_field.npz"",""base_reconstruction.npy"":""cells/width_s0_rotate_m10/base_reconstruction.npy"",""config.json"":""cells/width_s0_rotate_m10/config.json"",""curves.png"":""cells/width_s0_rotate_m10/curves.png"",""decision"":""decision.json"",""error.png"":""cells/width_s0_rotate_m10/error.png"",""field.npz"":""cells/width_s0_rotate_m10/field.npz"",""gradient_packet"":""cases/width_s0/gradient_packet.npz"",""history.json"":""cells/width_s0_rotate_m10/history.json"",""immediate.png"":""cells/width_s0_rotate_m10/immediate.png"",""immediate_reconstruction.npy"":""cells/width_s0_rotate_m10/immediate_reconstruction.npy"",""input_field.npz"":""cells/width_s0_rotate_m10/input_field.npz"",""progress.jsonl"":""cells/width_s0_rotate_m10/progress.jsonl"",""reconstruction.npy"":""cells/width_s0_rotate_m10/reconstruction.npy"",""reconstruction.png"":""cells/width_s0_rotate_m10/reconstruction.png"",""target.npy"":""cells/width_s0_rotate_m10/target.npy"",""target.png"":""cells/width_s0_rotate_m10/target.png""}",0.00011436304747376688,width_s0_rotate_m10,0.0,recovery only,,2,width,21,20,0.0,0.00011436304747376688,20,0.0016775057883933187,1.0,0.9967485666275024,3,0.00014649159857071936,1.3990370256412001e-08,1.2961721279540083e-21,0.004015804999653483,49.89722175047216,0.00010924330838279312,0,20,6,false,-1.009983679978177e-05,ok,5.119739090973749e-06,23,0.028750400997523684
color_m5,color,"{""base_field.npz"":""cells/width_s0_color_m5/base_field.npz"",""base_reconstruction.npy"":""cells/width_s0_color_m5/base_reconstruction.npy"",""config.json"":""cells/width_s0_color_m5/config.json"",""curves.png"":""cells/width_s0_color_m5/curves.png"",""decision"":""decision.json"",""error.png"":""cells/width_s0_color_m5/error.png"",""field.npz"":""cells/width_s0_color_m5/field.npz"",""gradient_packet"":""cases/width_s0/gradient_packet.npz"",""history.json"":""cells/width_s0_color_m5/history.json"",""immediate.png"":""cells/width_s0_color_m5/immediate.png"",""immediate_reconstruction.npy"":""cells/width_s0_color_m5/immediate_reconstruction.npy"",""input_field.npz"":""cells/width_s0_color_m5/input_field.npz"",""progress.jsonl"":""cells/width_s0_color_m5/progress.jsonl"",""reconstruction.npy"":""cells/width_s0_color_m5/reconstruction.npy"",""reconstruction.png"":""cells/width_s0_color_m5/reconstruction.png"",""target.npy"":""cells/width_s0_color_m5/target.npy"",""target.png"":""cells/width_s0_color_m5/target.png""}",0.00011436304747376688,width_s0_color_m5,0.0,recovery only,,2,width,21,20,1.866571673084656e-05,9.569733074292032e-05,20,0.0026408033445477486,0.5,0.9960893988609314,3,0.00014649159857071936,1.3990370256412001e-08,1.8665714378585108e-05,0.004015804999653483,49.38599269222518,0.000108603733765025,0,20,6,false,-1.009983679978177e-05,ok,5.7593137087418884e-06,23,0.028623712998523843
color_m10,color,"{""base_field.npz"":""cells/width_s0_color_m10/base_field.npz"",""base_reconstruction.npy"":""cells/width_s0_color_m10/base_reconstruction.npy"",""config.json"":""cells/width_s0_color_m10/config.json"",""curves.png"":""cells/width_s0_color_m10/curves.png"",""decision"":""decision.json"",""error.png"":""cells/width_s0_color_m10/error.png"",""field.npz"":""cells/width_s0_color_m10/field.npz"",""gradient_packet"":""cases/width_s0/gradient_packet.npz"",""history.json"":""cells/width_s0_color_m10/history.json"",""immediate.png"":""cells/width_s0_color_m10/immediate.png"",""immediate_reconstruction.npy"":""cells/width_s0_color_m10/immediate_reconstruction.npy"",""input_field.npz"":""cells/width_s0_color_m10/input_field.npz"",""progress.jsonl"":""cells/width_s0_color_m10/progress.jsonl"",""reconstruction.npy"":""cells/width_s0_color_m10/reconstruction.npy"",""reconstruction.png"":""cells/width_s0_color_m10/reconstruction.png"",""target.npy"":""cells/width_s0_color_m10/target.npy"",""target.png"":""cells/width_s0_color_m10/target.png""}",0.00011436304747376688,width_s0_color_m10,0.0,recovery only,,2,width,21,20,2.5051355930939305e-05,8.931169154282757e-05,20,0.0019196076318621635,1.0,0.9954932928085327,3,0.00014649159857071936,1.3990370256412001e-08,2.505135489627719e-05,0.004015804999653483,48.9442409878361,0.00010798708275037836,0,20,6,false,-1.009983679978177e-05,ok,6.375964723388516e-06,23,0.028892329999507638
split_d1_m5,split,"{""base_field.npz"":""cells/width_s0_split_d1_m5/base_field.npz"",""base_reconstruction.npy"":""cells/width_s0_split_d1_m5/base_reconstruction.npy"",""config.json"":""cells/width_s0_split_d1_m5/config.json"",""curves.png"":""cells/width_s0_split_d1_m5/curves.png"",""decision"":""decision.json"",""error.png"":""cells/width_s0_split_d1_m5/error.png"",""field.npz"":""cells/width_s0_split_d1_m5/field.npz"",""gradient_packet"":""cases/width_s0/gradient_packet.npz"",""history.json"":""cells/width_s0_split_d1_m5/history.json"",""immediate.png"":""cells/width_s0_split_d1_m5/immediate.png"",""immediate_reconstruction.npy"":""cells/width_s0_split_d1_m5/immediate_reconstruction.npy"",""input_field.npz"":""cells/width_s0_split_d1_m5/input_field.npz"",""progress.jsonl"":""cells/width_s0_split_d1_m5/progress.jsonl"",""reconstruction.npy"":""cells/width_s0_split_d1_m5/reconstruction.npy"",""reconstruction.png"":""cells/width_s0_split_d1_m5/reconstruction.png"",""target.npy"":""cells/width_s0_split_d1_m5/target.npy"",""target.png"":""cells/width_s0_split_d1_m5/target.png""}",0.00011436304747376688,width_s0_split_d1_m5,0.0,recovery only,1,2,width,21,20,1.0889358851125339e-05,0.00010347368862264154,20,0.0024033458903431892,0.5,0.9972145557403564,3,0.00014649159857071936,1.3990370256412001e-08,1.2829919796786271e-05,0.004015804999653483,48.82283924481986,0.00010780633589774795,0,20,6,false,-1.009983679978177e-05,ok,6.556711576018927e-06,23,0.02976305400079582
split_d1_m10,split,"{""base_field.npz"":""cells/width_s0_split_d1_m10/base_field.npz"",""base_reconstruction.npy"":""cells/width_s0_split_d1_m10/base_reconstruction.npy"",""config.json"":""cells/width_s0_split_d1_m10/config.json"",""curves.png"":""cells/width_s0_split_d1_m10/curves.png"",""decision"":""decision.json"",""error.png"":""cells/width_s0_split_d1_m10/error.png"",""field.npz"":""cells/width_s0_split_d1_m10/field.npz"",""gradient_packet"":""cases/width_s0/gradient_packet.npz"",""history.json"":""cells/width_s0_split_d1_m10/history.json"",""immediate.png"":""cells/width_s0_split_d1_m10/immediate.png"",""immediate_reconstruction.npy"":""cells/width_s0_split_d1_m10/immediate_reconstruction.npy"",""input_field.npz"":""cells/width_s0_split_d1_m10/input_field.npz"",""progress.jsonl"":""cells/width_s0_split_d1_m10/progress.jsonl"",""reconstruction.npy"":""cells/width_s0_split_d1_m10/reconstruction.npy"",""reconstruction.png"":""cells/width_s0_split_d1_m10/reconstruction.png"",""target.npy"":""cells/width_s0_split_d1_m10/target.npy"",""target.png"":""cells/width_s0_split_d1_m10/target.png""}",0.00011436304747376688,width_s0_split_d1_m10,0.0,recovery only,1,2,width,21,20,1.6944060350335832e-05,9.741898712343105e-05,20,0.0008694340940564871,1.0,0.998968243598938,3,0.00014649159857071936,1.3990370256412001e-08,5.161329681868665e-05,0.004015804999653483,53.431148492939045,0.00011209393953607821,0,20,6,false,-1.009983679978177e-05,ok,2.2691079376886724e-06,23,0.03001215399854118
split_d2_m5,split,"{""base_field.npz"":""cells/width_s0_split_d2_m5/base_field.npz"",""base_reconstruction.npy"":""cells/width_s0_split_d2_m5/base_reconstruction.npy"",""config.json"":""cells/width_s0_split_d2_m5/config.json"",""curves.png"":""cells/width_s0_split_d2_m5/curves.png"",""decision"":""decision.json"",""error.png"":""cells/width_s0_split_d2_m5/error.png"",""field.npz"":""cells/width_s0_split_d2_m5/field.npz"",""gradient_packet"":""cases/width_s0/gradient_packet.npz"",""history.json"":""cells/width_s0_split_d2_m5/history.json"",""immediate.png"":""cells/width_s0_split_d2_m5/immediate.png"",""immediate_reconstruction.npy"":""cells/width_s0_split_d2_m5/immediate_reconstruction.npy"",""input_field.npz"":""cells/width_s0_split_d2_m5/input_field.npz"",""progress.jsonl"":""cells/width_s0_split_d2_m5/progress.jsonl"",""reconstruction.npy"":""cells/width_s0_split_d2_m5/reconstruction.npy"",""reconstruction.png"":""cells/width_s0_split_d2_m5/reconstruction.png"",""target.npy"":""cells/width_s0_split_d2_m5/target.npy"",""target.png"":""cells/width_s0_split_d2_m5/target.png""}",0.00011436304747376688,width_s0_split_d2_m5,0.0,recovery only,2,2,width,21,20,-2.8161894499382012e-05,0.0001425249419731489,20,0.013608716428279877,0.5,0.9521768689155579,3,0.00014649159857071936,1.3990370256412001e-08,-2.622132706164848e-05,0.004015804999653483,40.399293103213054,6.875508254724061e-05,0,20,6,false,-1.009983679978177e-05,ok,4.560796492652627e-05,23,0.029750270001386525
split_d2_m10,split,"{""base_field.npz"":""cells/width_s0_split_d2_m10/base_field.npz"",""base_reconstruction.npy"":""cells/width_s0_split_d2_m10/base_reconstruction.npy"",""config.json"":""cells/width_s0_split_d2_m10/config.json"",""curves.png"":""cells/width_s0_split_d2_m10/curves.png"",""decision"":""decision.json"",""error.png"":""cells/width_s0_split_d2_m10/error.png"",""field.npz"":""cells/width_s0_split_d2_m10/field.npz"",""gradient_packet"":""cases/width_s0/gradient_packet.npz"",""history.json"":""cells/width_s0_split_d2_m10/history.json"",""immediate.png"":""cells/width_s0_split_d2_m10/immediate.png"",""immediate_reconstruction.npy"":""cells/width_s0_split_d2_m10/immediate_reconstruction.npy"",""input_field.npz"":""cells/width_s0_split_d2_m10/input_field.npz"",""progress.jsonl"":""cells/width_s0_split_d2_m10/progress.jsonl"",""reconstruction.npy"":""cells/width_s0_split_d2_m10/reconstruction.npy"",""reconstruction.png"":""cells/width_s0_split_d2_m10/reconstruction.png"",""target.npy"":""cells/width_s0_split_d2_m10/target.npy"",""target.png"":""cells/width_s0_split_d2_m10/target.png""}",0.00011436304747376688,width_s0_split_d2_m10,0.0,recovery only,2,2,width,21,20,-2.210719300017152e-05,0.0001364702404739384,20,0.011570997536182404,1.0,0.953711211681366,3,0.00014649159857071936,1.3990370256412001e-08,1.2562049960251898e-05,0.004015804999653483,40.82805894180015,7.304268618557087e-05,0,20,6,false,-1.009983679978177e-05,ok,4.132036128819601e-05,23,0.02860343900101725
birth_d1,birth,"{""base_field.npz"":""cells/width_s0_birth_d1/base_field.npz"",""base_reconstruction.npy"":""cells/width_s0_birth_d1/base_reconstruction.npy"",""config.json"":""cells/width_s0_birth_d1/config.json"",""curves.png"":""cells/width_s0_birth_d1/curves.png"",""decision"":""decision.json"",""error.png"":""cells/width_s0_birth_d1/error.png"",""field.npz"":""cells/width_s0_birth_d1/field.npz"",""gradient_packet"":""cases/width_s0/gradient_packet.npz"",""history.json"":""cells/width_s0_birth_d1/history.json"",""immediate.png"":""cells/width_s0_birth_d1/immediate.png"",""immediate_reconstruction.npy"":""cells/width_s0_birth_d1/immediate_reconstruction.npy"",""input_field.npz"":""cells/width_s0_birth_d1/input_field.npz"",""progress.jsonl"":""cells/width_s0_birth_d1/progress.jsonl"",""reconstruction.npy"":""cells/width_s0_birth_d1/reconstruction.npy"",""reconstruction.png"":""cells/width_s0_birth_d1/reconstruction.png"",""target.npy"":""cells/width_s0_birth_d1/target.npy"",""target.png"":""cells/width_s0_birth_d1/target.png""}",0.00011436304747376688,width_s0_birth_d1,0.0,recovery only,1,2,width,21,20,2.4725226001155322e-05,8.963782147261156e-05,20,0.0007436572923325002,1.0,0.9984951615333557,3,0.00014649159857071936,1.3990370256412001e-08,1.2770171906595351e-06,0.004015804999653483,51.64936426589806,0.00011094298863488924,0,20,6,false,-1.009983679978177e-05,ok,3.420058838877637e-06,23,0.027867829998285742
birth_d2,birth,"{""base_field.npz"":""cells/width_s0_birth_d2/base_field.npz"",""base_reconstruction.npy"":""cells/width_s0_birth_d2/base_reconstruction.npy"",""config.json"":""cells/width_s0_birth_d2/config.json"",""curves.png"":""cells/width_s0_birth_d2/curves.png"",""decision"":""decision.json"",""error.png"":""cells/width_s0_birth_d2/error.png"",""field.npz"":""cells/width_s0_birth_d2/field.npz"",""gradient_packet"":""cases/width_s0/gradient_packet.npz"",""history.json"":""cells/width_s0_birth_d2/history.json"",""immediate.png"":""cells/width_s0_birth_d2/immediate.png"",""immediate_reconstruction.npy"":""cells/width_s0_birth_d2/immediate_reconstruction.npy"",""input_field.npz"":""cells/width_s0_birth_d2/input_field.npz"",""progress.jsonl"":""cells/width_s0_birth_d2/progress.jsonl"",""reconstruction.npy"":""cells/width_s0_birth_d2/reconstruction.npy"",""reconstruction.png"":""cells/width_s0_birth_d2/reconstruction.png"",""target.npy"":""cells/width_s0_birth_d2/target.npy"",""target.png"":""cells/width_s0_birth_d2/target.png""}",0.00011436304747376688,width_s0_birth_d2,0.0,recovery only,2,2,width,21,20,-1.4326027349352016e-05,0.0001286890748231189,20,0.011865627020597458,1.0,0.953026294708252,3,0.00014649159857071936,1.3990370256412001e-08,-3.777422898565419e-05,0.004015804999653483,40.708743252194715,7.189173528438189e-05,0,20,6,false,-1.009983679978177e-05,ok,4.247131218938498e-05,23,0.028111630999774206
noop,noop,"{""base_field.npz"":""cells/width_s1_noop/base_field.npz"",""base_reconstruction.npy"":""cells/width_s1_noop/base_reconstruction.npy"",""config.json"":""cells/width_s1_noop/config.json"",""curves.png"":""cells/width_s1_noop/curves.png"",""decision"":""decision.json"",""error.png"":""cells/width_s1_noop/error.png"",""field.npz"":""cells/width_s1_noop/field.npz"",""gradient_packet"":""cases/width_s1/gradient_packet.npz"",""history.json"":""cells/width_s1_noop/history.json"",""immediate.png"":""cells/width_s1_noop/immediate.png"",""immediate_reconstruction.npy"":""cells/width_s1_noop/immediate_reconstruction.npy"",""input_field.npz"":""cells/width_s1_noop/input_field.npz"",""progress.jsonl"":""cells/width_s1_noop/progress.jsonl"",""reconstruction.npy"":""cells/width_s1_noop/reconstruction.npy"",""reconstruction.png"":""cells/width_s1_noop/reconstruction.png"",""target.npy"":""cells/width_s1_noop/target.npy"",""target.png"":""cells/width_s1_noop/target.png""}",0.0001143558225184915,width_s1_noop,0.0,recovery only,,2,width,21,20,0.0,0.0001143558225184915,20,0.0019193280022591352,0.0,0.996731698513031,3,0.00014591531362384558,1.646833541546304e-08,0.0,0.004020783999294508,49.91465404376558,0.00010925659253301445,1,20,6,false,-1.0121268132934347e-05,ok,5.099229985477053e-06,23,0.02924728200014215
move_m5,move,"{""base_field.npz"":""cells/width_s1_move_m5/base_field.npz"",""base_reconstruction.npy"":""cells/width_s1_move_m5/base_reconstruction.npy"",""config.json"":""cells/width_s1_move_m5/config.json"",""curves.png"":""cells/width_s1_move_m5/curves.png"",""decision"":""decision.json"",""error.png"":""cells/width_s1_move_m5/error.png"",""field.npz"":""cells/width_s1_move_m5/field.npz"",""gradient_packet"":""cases/width_s1/gradient_packet.npz"",""history.json"":""cells/width_s1_move_m5/history.json"",""immediate.png"":""cells/width_s1_move_m5/immediate.png"",""immediate_reconstruction.npy"":""cells/width_s1_move_m5/immediate_reconstruction.npy"",""input_field.npz"":""cells/width_s1_move_m5/input_field.npz"",""progress.jsonl"":""cells/width_s1_move_m5/progress.jsonl"",""reconstruction.npy"":""cells/width_s1_move_m5/reconstruction.npy"",""reconstruction.png"":""cells/width_s1_move_m5/reconstruction.png"",""target.npy"":""cells/width_s1_move_m5/target.npy"",""target.png"":""cells/width_s1_move_m5/target.png""}",0.0001143558225184915,width_s1_move_m5,0.0,recovery only,,2,width,21,20,0.0,0.0001143558225184915,20,0.0019193280022591352,0.5,0.996731698513031,3,0.00014591531362384558,1.646833541546304e-08,3.353274850368614e-20,0.004020783999294508,49.91465404376558,0.00010925659253301445,1,20,6,false,-1.0121268132934347e-05,ok,5.099229985477053e-06,23,0.02794671800074866
move_m10,move,"{""base_field.npz"":""cells/width_s1_move_m10/base_field.npz"",""base_reconstruction.npy"":""cells/width_s1_move_m10/base_reconstruction.npy"",""config.json"":""cells/width_s1_move_m10/config.json"",""curves.png"":""cells/width_s1_move_m10/curves.png"",""decision"":""decision.json"",""error.png"":""cells/width_s1_move_m10/error.png"",""field.npz"":""cells/width_s1_move_m10/field.npz"",""gradient_packet"":""cases/width_s1/gradient_packet.npz"",""history.json"":""cells/width_s1_move_m10/history.json"",""immediate.png"":""cells/width_s1_move_m10/immediate.png"",""immediate_reconstruction.npy"":""cells/width_s1_move_m10/immediate_reconstruction.npy"",""input_field.npz"":""cells/width_s1_move_m10/input_field.npz"",""progress.jsonl"":""cells/width_s1_move_m10/progress.jsonl"",""reconstruction.npy"":""cells/width_s1_move_m10/reconstruction.npy"",""reconstruction.png"":""cells/width_s1_move_m10/reconstruction.png"",""target.npy"":""cells/width_s1_move_m10/target.npy"",""target.png"":""cells/width_s1_move_m10/target.png""}",0.0001143558225184915,width_s1_move_m10,0.0,recovery only,,2,width,21,20,0.0,0.0001143558225184915,20,0.0019193280022591352,1.0,0.996731698513031,3,0.00014591531362384558,1.646833541546304e-08,4.536652359384047e-20,0.004020783999294508,49.91465404376558,0.00010925659253301445,1,20,6,false,-1.0121268132934347e-05,ok,5.099229985477053e-06,23,0.0278894949988171
scale_m5,scale,"{""base_field.npz"":""cells/width_s1_scale_m5/base_field.npz"",""base_reconstruction.npy"":""cells/width_s1_scale_m5/base_reconstruction.npy"",""config.json"":""cells/width_s1_scale_m5/config.json"",""curves.png"":""cells/width_s1_scale_m5/curves.png"",""decision"":""decision.json"",""error.png"":""cells/width_s1_scale_m5/error.png"",""field.npz"":""cells/width_s1_scale_m5/field.npz"",""gradient_packet"":""cases/width_s1/gradient_packet.npz"",""history.json"":""cells/width_s1_scale_m5/history.json"",""immediate.png"":""cells/width_s1_scale_m5/immediate.png"",""immediate_reconstruction.npy"":""cells/width_s1_scale_m5/immediate_reconstruction.npy"",""input_field.npz"":""cells/width_s1_scale_m5/input_field.npz"",""progress.jsonl"":""cells/width_s1_scale_m5/progress.jsonl"",""reconstruction.npy"":""cells/width_s1_scale_m5/reconstruction.npy"",""reconstruction.png"":""cells/width_s1_scale_m5/reconstruction.png"",""target.npy"":""cells/width_s1_scale_m5/target.npy"",""target.png"":""cells/width_s1_scale_m5/target.png""}",0.0001143558225184915,width_s1_scale_m5,0.0,recovery only,,2,width,21,20,2.8428664102111512e-05,8.592715841637998e-05,20,0.002002761932089925,0.5,0.9973217844963074,3,0.00014591531362384558,1.646833541546304e-08,2.7801857868325897e-05,0.004020783999294508,49.92123115544142,0.00010926430914548721,1,20,6,false,-1.0121268132934347e-05,ok,5.091513373004293e-06,23,0.027699160000338452
scale_m10,scale,"{""base_field.npz"":""cells/width_s1_scale_m10/base_field.npz"",""base_reconstruction.npy"":""cells/width_s1_scale_m10/base_reconstruction.npy"",""config.json"":""cells/width_s1_scale_m10/config.json"",""curves.png"":""cells/width_s1_scale_m10/curves.png"",""decision"":""decision.json"",""error.png"":""cells/width_s1_scale_m10/error.png"",""field.npz"":""cells/width_s1_scale_m10/field.npz"",""gradient_packet"":""cases/width_s1/gradient_packet.npz"",""history.json"":""cells/width_s1_scale_m10/history.json"",""immediate.png"":""cells/width_s1_scale_m10/immediate.png"",""immediate_reconstruction.npy"":""cells/width_s1_scale_m10/immediate_reconstruction.npy"",""input_field.npz"":""cells/width_s1_scale_m10/input_field.npz"",""progress.jsonl"":""cells/width_s1_scale_m10/progress.jsonl"",""reconstruction.npy"":""cells/width_s1_scale_m10/reconstruction.npy"",""reconstruction.png"":""cells/width_s1_scale_m10/reconstruction.png"",""target.npy"":""cells/width_s1_scale_m10/target.npy"",""target.png"":""cells/width_s1_scale_m10/target.png""}",0.0001143558225184915,width_s1_scale_m10,0.0,recovery only,,2,width,21,20,5.357309950817346e-05,6.078272301031803e-05,20,0.0014017177745699883,1.0,0.9985635280609131,3,0.00014591531362384558,1.646833541546304e-08,5.134440289111808e-05,0.004020783999294508,51.12521436526198,0.00011049705541179535,1,20,6,false,-1.0121268132934347e-05,ok,3.858767106696148e-06,23,0.027873474999069003
rotate_m5,rotate,"{""base_field.npz"":""cells/width_s1_rotate_m5/base_field.npz"",""base_reconstruction.npy"":""cells/width_s1_rotate_m5/base_reconstruction.npy"",""config.json"":""cells/width_s1_rotate_m5/config.json"",""curves.png"":""cells/width_s1_rotate_m5/curves.png"",""decision"":""decision.json"",""error.png"":""cells/width_s1_rotate_m5/error.png"",""field.npz"":""cells/width_s1_rotate_m5/field.npz"",""gradient_packet"":""cases/width_s1/gradient_packet.npz"",""history.json"":""cells/width_s1_rotate_m5/history.json"",""immediate.png"":""cells/width_s1_rotate_m5/immediate.png"",""immediate_reconstruction.npy"":""cells/width_s1_rotate_m5/immediate_reconstruction.npy"",""input_field.npz"":""cells/width_s1_rotate_m5/input_field.npz"",""progress.jsonl"":""cells/width_s1_rotate_m5/progress.jsonl"",""reconstruction.npy"":""cells/width_s1_rotate_m5/reconstruction.npy"",""reconstruction.png"":""cells/width_s1_rotate_m5/reconstruction.png"",""target.npy"":""cells/width_s1_rotate_m5/target.npy"",""target.png"":""cells/width_s1_rotate_m5/target.png""}",0.0001143558225184915,width_s1_rotate_m5,0.0,recovery only,,2,width,21,20,7.006026073413767e-11,0.00011435575245823076,20,0.0021987678483128548,0.5,0.9967284798622131,3,0.00014591531362384558,1.646833541546304e-08,8.221534564256672e-11,0.004020783999294508,49.91559611785648,0.00010925769854095686,1,20,6,false,-1.0121268132934347e-05,ok,5.098123977534633e-06,23,0.028200291999382898
rotate_m10,rotate,"{""base_field.npz"":""cells/width_s1_rotate_m10/base_field.npz"",""base_reconstruction.npy"":""cells/width_s1_rotate_m10/base_reconstruction.npy"",""config.json"":""cells/width_s1_rotate_m10/config.json"",""curves.png"":""cells/width_s1_rotate_m10/curves.png"",""decision"":""decision.json"",""error.png"":""cells/width_s1_rotate_m10/error.png"",""field.npz"":""cells/width_s1_rotate_m10/field.npz"",""gradient_packet"":""cases/width_s1/gradient_packet.npz"",""history.json"":""cells/width_s1_rotate_m10/history.json"",""immediate.png"":""cells/width_s1_rotate_m10/immediate.png"",""immediate_reconstruction.npy"":""cells/width_s1_rotate_m10/immediate_reconstruction.npy"",""input_field.npz"":""cells/width_s1_rotate_m10/input_field.npz"",""progress.jsonl"":""cells/width_s1_rotate_m10/progress.jsonl"",""reconstruction.npy"":""cells/width_s1_rotate_m10/reconstruction.npy"",""reconstruction.png"":""cells/width_s1_rotate_m10/reconstruction.png"",""target.npy"":""cells/width_s1_rotate_m10/target.npy"",""target.png"":""cells/width_s1_rotate_m10/target.png""}",0.0001143558225184915,width_s1_rotate_m10,0.0,recovery only,,2,width,21,20,-2.920371572606023e-12,0.00011435582543886307,20,0.0022697325330227613,1.0,0.9967269897460938,3,0.00014591531362384558,1.646833541546304e-08,1.1034165248169359e-10,0.004020783999294508,49.906984679347886,0.00010924757966134195,1,20,6,false,-1.0121268132934347e-05,ok,5.108242857149548e-06,23,0.0276525910012424
color_m5,color,"{""base_field.npz"":""cells/width_s1_color_m5/base_field.npz"",""base_reconstruction.npy"":""cells/width_s1_color_m5/base_reconstruction.npy"",""config.json"":""cells/width_s1_color_m5/config.json"",""curves.png"":""cells/width_s1_color_m5/curves.png"",""decision"":""decision.json"",""error.png"":""cells/width_s1_color_m5/error.png"",""field.npz"":""cells/width_s1_color_m5/field.npz"",""gradient_packet"":""cases/width_s1/gradient_packet.npz"",""history.json"":""cells/width_s1_color_m5/history.json"",""immediate.png"":""cells/width_s1_color_m5/immediate.png"",""immediate_reconstruction.npy"":""cells/width_s1_color_m5/immediate_reconstruction.npy"",""input_field.npz"":""cells/width_s1_color_m5/input_field.npz"",""progress.jsonl"":""cells/width_s1_color_m5/progress.jsonl"",""reconstruction.npy"":""cells/width_s1_color_m5/reconstruction.npy"",""reconstruction.png"":""cells/width_s1_color_m5/reconstruction.png"",""target.npy"":""cells/width_s1_color_m5/target.npy"",""target.png"":""cells/width_s1_color_m5/target.png""}",0.0001143558225184915,width_s1_color_m5,0.0,recovery only,,2,width,21,20,1.866645602339194e-05,9.568936649509955e-05,20,0.002309525618329644,0.5,0.9960687756538391,3,0.00014591531362384558,1.646833541546304e-08,1.866646380221937e-05,0.004020783999294508,49.39357200768627,0.00010860655120930304,1,20,6,false,-1.0121268132934347e-05,ok,5.749271309188455e-06,23,0.028474301998357987
color_m10,color,"{""base_field.npz"":""cells/width_s1_color_m10/base_field.npz"",""base_reconstruction.npy"":""cells/width_s1_color_m10/base_reconstruction.npy"",""config.json"":""cells/width_s1_color_m10/config.json"",""curves.png"":""cells/width_s1_color_m10/curves.png"",""decision"":""decision.json"",""error.png"":""cells/width_s1_color_m10/error.png"",""field.npz"":""cells/width_s1_color_m10/field.npz"",""gradient_packet"":""cases/width_s1/gradient_packet.npz"",""history.json"":""cells/width_s1_color_m10/history.json"",""immediate.png"":""cells/width_s1_color_m10/immediate.png"",""immediate_reconstruction.npy"":""cells/width_s1_color_m10/immediate_reconstruction.npy"",""input_field.npz"":""cells/width_s1_color_m10/input_field.npz"",""progress.jsonl"":""cells/width_s1_color_m10/progress.jsonl"",""reconstruction.npy"":""cells/width_s1_color_m10/reconstruction.npy"",""reconstruction.png"":""cells/width_s1_color_m10/reconstruction.png"",""target.npy"":""cells/width_s1_color_m10/target.npy"",""target.png"":""cells/width_s1_color_m10/target.png""}",0.0001143558225184915,width_s1_color_m10,0.0,recovery only,,2,width,21,20,2.5052359711477337e-05,8.930346280701416e-05,20,0.0019027943490073085,1.0,0.9954733848571777,3,0.00014591531362384558,1.646833541546304e-08,2.5052358978427947e-05,0.004020783999294508,48.962945729566115,0.0001080072595519845,1,20,6,false,-1.0121268132934347e-05,ok,6.348562966506993e-06,23,0.02784151999730966
split_d1_m5,split,"{""base_field.npz"":""cells/width_s1_split_d1_m5/base_field.npz"",""base_reconstruction.npy"":""cells/width_s1_split_d1_m5/base_reconstruction.npy"",""config.json"":""cells/width_s1_split_d1_m5/config.json"",""curves.png"":""cells/width_s1_split_d1_m5/curves.png"",""decision"":""decision.json"",""error.png"":""cells/width_s1_split_d1_m5/error.png"",""field.npz"":""cells/width_s1_split_d1_m5/field.npz"",""gradient_packet"":""cases/width_s1/gradient_packet.npz"",""history.json"":""cells/width_s1_split_d1_m5/history.json"",""immediate.png"":""cells/width_s1_split_d1_m5/immediate.png"",""immediate_reconstruction.npy"":""cells/width_s1_split_d1_m5/immediate_reconstruction.npy"",""input_field.npz"":""cells/width_s1_split_d1_m5/input_field.npz"",""progress.jsonl"":""cells/width_s1_split_d1_m5/progress.jsonl"",""reconstruction.npy"":""cells/width_s1_split_d1_m5/reconstruction.npy"",""reconstruction.png"":""cells/width_s1_split_d1_m5/reconstruction.png"",""target.npy"":""cells/width_s1_split_d1_m5/target.npy"",""target.png"":""cells/width_s1_split_d1_m5/target.png""}",0.0001143558225184915,width_s1_split_d1_m5,0.0,recovery only,1,2,width,21,20,8.530603204211327e-06,0.00010582521931428017,20,0.0045796288177371025,0.5,0.9886555075645447,3,0.00014591531362384558,1.646833541546304e-08,1.0508404557185713e-05,0.004020783999294508,47.33237431669602,0.00010511453307905056,1,20,6,false,-1.0121268132934347e-05,ok,9.241289439440931e-06,23,0.02866956000070786
split_d1_m10,split,"{""base_field.npz"":""cells/width_s1_split_d1_m10/base_field.npz"",""base_reconstruction.npy"":""cells/width_s1_split_d1_m10/base_reconstruction.npy"",""config.json"":""cells/width_s1_split_d1_m10/config.json"",""curves.png"":""cells/width_s1_split_d1_m10/curves.png"",""decision"":""decision.json"",""error.png"":""cells/width_s1_split_d1_m10/error.png"",""field.npz"":""cells/width_s1_split_d1_m10/field.npz"",""gradient_packet"":""cases/width_s1/gradient_packet.npz"",""history.json"":""cells/width_s1_split_d1_m10/history.json"",""immediate.png"":""cells/width_s1_split_d1_m10/immediate.png"",""immediate_reconstruction.npy"":""cells/width_s1_split_d1_m10/immediate_reconstruction.npy"",""input_field.npz"":""cells/width_s1_split_d1_m10/input_field.npz"",""progress.jsonl"":""cells/width_s1_split_d1_m10/progress.jsonl"",""reconstruction.npy"":""cells/width_s1_split_d1_m10/reconstruction.npy"",""reconstruction.png"":""cells/width_s1_split_d1_m10/reconstruction.png"",""target.npy"":""cells/width_s1_split_d1_m10/target.npy"",""target.png"":""cells/width_s1_split_d1_m10/target.png""}",0.0001143558225184915,width_s1_split_d1_m10,0.0,recovery only,1,2,width,21,20,1.4591348982843e-05,9.97644735356485e-05,20,0.0027233532164245844,1.0,0.9904427528381348,3,0.00014591531362384558,1.646833541546304e-08,4.9374077207176015e-05,0.004020783999294508,50.13333659874847,0.00010950699936873142,1,20,6,false,-1.0121268132934347e-05,ok,4.848823149760064e-06,23,0.02811002899761661
split_d2_m5,split,"{""base_field.npz"":""cells/width_s1_split_d2_m5/base_field.npz"",""base_reconstruction.npy"":""cells/width_s1_split_d2_m5/base_reconstruction.npy"",""config.json"":""cells/width_s1_split_d2_m5/config.json"",""curves.png"":""cells/width_s1_split_d2_m5/curves.png"",""decision"":""decision.json"",""error.png"":""cells/width_s1_split_d2_m5/error.png"",""field.npz"":""cells/width_s1_split_d2_m5/field.npz"",""gradient_packet"":""cases/width_s1/gradient_packet.npz"",""history.json"":""cells/width_s1_split_d2_m5/history.json"",""immediate.png"":""cells/width_s1_split_d2_m5/immediate.png"",""immediate_reconstruction.npy"":""cells/width_s1_split_d2_m5/immediate_reconstruction.npy"",""input_field.npz"":""cells/width_s1_split_d2_m5/input_field.npz"",""progress.jsonl"":""cells/width_s1_split_d2_m5/progress.jsonl"",""reconstruction.npy"":""cells/width_s1_split_d2_m5/reconstruction.npy"",""reconstruction.png"":""cells/width_s1_split_d2_m5/reconstruction.png"",""target.npy"":""cells/width_s1_split_d2_m5/target.npy"",""target.png"":""cells/width_s1_split_d2_m5/target.png""}",0.0001143558225184915,width_s1_split_d2_m5,0.0,recovery only,2,2,width,21,20,-2.817170257610908e-05,0.00014252752509460057,20,0.014336325228214264,0.5,0.9514364004135132,3,0.00014591531362384558,1.646833541546304e-08,-2.6193894882453606e-05,0.004020783999294508,40.36745027342693,6.841222729873017e-05,1,20,6,false,-1.0121268132934347e-05,ok,4.5943595219761334e-05,23,0.02964600999985123
split_d2_m10,split,"{""base_field.npz"":""cells/width_s1_split_d2_m10/base_field.npz"",""base_reconstruction.npy"":""cells/width_s1_split_d2_m10/base_reconstruction.npy"",""config.json"":""cells/width_s1_split_d2_m10/config.json"",""curves.png"":""cells/width_s1_split_d2_m10/curves.png"",""decision"":""decision.json"",""error.png"":""cells/width_s1_split_d2_m10/error.png"",""field.npz"":""cells/width_s1_split_d2_m10/field.npz"",""gradient_packet"":""cases/width_s1/gradient_packet.npz"",""history.json"":""cells/width_s1_split_d2_m10/history.json"",""immediate.png"":""cells/width_s1_split_d2_m10/immediate.png"",""immediate_reconstruction.npy"":""cells/width_s1_split_d2_m10/immediate_reconstruction.npy"",""input_field.npz"":""cells/width_s1_split_d2_m10/input_field.npz"",""progress.jsonl"":""cells/width_s1_split_d2_m10/progress.jsonl"",""reconstruction.npy"":""cells/width_s1_split_d2_m10/reconstruction.npy"",""reconstruction.png"":""cells/width_s1_split_d2_m10/reconstruction.png"",""target.npy"":""cells/width_s1_split_d2_m10/target.npy"",""target.png"":""cells/width_s1_split_d2_m10/target.png""}",0.0001143558225184915,width_s1_split_d2_m10,0.0,recovery only,2,2,width,21,20,-2.2110956797477405e-05,0.0001364667793159689,20,0.012640089727938175,1.0,0.9531817436218262,3,0.00014591531362384558,1.646833541546304e-08,1.2671778677031398e-05,0.004020783999294508,40.80387176421813,7.280469358841103e-05,1,20,6,false,-1.0121268132934347e-05,ok,4.155112893008047e-05,23,0.02882784300163621
birth_d1,birth,"{""base_field.npz"":""cells/width_s1_birth_d1/base_field.npz"",""base_reconstruction.npy"":""cells/width_s1_birth_d1/base_reconstruction.npy"",""config.json"":""cells/width_s1_birth_d1/config.json"",""curves.png"":""cells/width_s1_birth_d1/curves.png"",""decision"":""decision.json"",""error.png"":""cells/width_s1_birth_d1/error.png"",""field.npz"":""cells/width_s1_birth_d1/field.npz"",""gradient_packet"":""cases/width_s1/gradient_packet.npz"",""history.json"":""cells/width_s1_birth_d1/history.json"",""immediate.png"":""cells/width_s1_birth_d1/immediate.png"",""immediate_reconstruction.npy"":""cells/width_s1_birth_d1/immediate_reconstruction.npy"",""input_field.npz"":""cells/width_s1_birth_d1/input_field.npz"",""progress.jsonl"":""cells/width_s1_birth_d1/progress.jsonl"",""reconstruction.npy"":""cells/width_s1_birth_d1/reconstruction.npy"",""reconstruction.png"":""cells/width_s1_birth_d1/reconstruction.png"",""target.npy"":""cells/width_s1_birth_d1/target.npy"",""target.png"":""cells/width_s1_birth_d1/target.png""}",0.0001143558225184915,width_s1_birth_d1,0.0,recovery only,1,2,width,21,20,2.2548547081841392e-05,9.18072754366501e-05,20,0.0016342287417501211,1.0,0.9901004433631897,3,0.00014591531362384558,1.646833541546304e-08,-1.065787273546448e-06,0.004020783999294508,49.80317372545862,0.00010912400446939704,1,20,6,false,-1.0121268132934347e-05,ok,5.231818049094452e-06,23,0.028140741000242997
birth_d2,birth,"{""base_field.npz"":""cells/width_s1_birth_d2/base_field.npz"",""base_reconstruction.npy"":""cells/width_s1_birth_d2/base_reconstruction.npy"",""config.json"":""cells/width_s1_birth_d2/config.json"",""curves.png"":""cells/width_s1_birth_d2/curves.png"",""decision"":""decision.json"",""error.png"":""cells/width_s1_birth_d2/error.png"",""field.npz"":""cells/width_s1_birth_d2/field.npz"",""gradient_packet"":""cases/width_s1/gradient_packet.npz"",""history.json"":""cells/width_s1_birth_d2/history.json"",""immediate.png"":""cells/width_s1_birth_d2/immediate.png"",""immediate_reconstruction.npy"":""cells/width_s1_birth_d2/immediate_reconstruction.npy"",""input_field.npz"":""cells/width_s1_birth_d2/input_field.npz"",""progress.jsonl"":""cells/width_s1_birth_d2/progress.jsonl"",""reconstruction.npy"":""cells/width_s1_birth_d2/reconstruction.npy"",""reconstruction.png"":""cells/width_s1_birth_d2/reconstruction.png"",""target.npy"":""cells/width_s1_birth_d2/target.npy"",""target.png"":""cells/width_s1_birth_d2/target.png""}",0.0001143558225184915,width_s1_birth_d2,0.0,recovery only,2,2,width,21,20,-1.4153758698478986e-05,0.00012850958121697048,20,0.01155290100723505,1.0,0.9527561068534851,3,0.00014591531362384558,1.646833541546304e-08,-3.776808807742782e-05,0.004020783999294508,40.764024310263125,7.242169868907664e-05,1,20,6,false,-1.0121268132934347e-05,ok,4.193412382941486e-05,23,0.029446699998516124
noop,noop,"{""base_field.npz"":""cells/width_s2_noop/base_field.npz"",""base_reconstruction.npy"":""cells/width_s2_noop/base_reconstruction.npy"",""config.json"":""cells/width_s2_noop/config.json"",""curves.png"":""cells/width_s2_noop/curves.png"",""decision"":""decision.json"",""error.png"":""cells/width_s2_noop/error.png"",""field.npz"":""cells/width_s2_noop/field.npz"",""gradient_packet"":""cases/width_s2/gradient_packet.npz"",""history.json"":""cells/width_s2_noop/history.json"",""immediate.png"":""cells/width_s2_noop/immediate.png"",""immediate_reconstruction.npy"":""cells/width_s2_noop/immediate_reconstruction.npy"",""input_field.npz"":""cells/width_s2_noop/input_field.npz"",""progress.jsonl"":""cells/width_s2_noop/progress.jsonl"",""reconstruction.npy"":""cells/width_s2_noop/reconstruction.npy"",""reconstruction.png"":""cells/width_s2_noop/reconstruction.png"",""target.npy"":""cells/width_s2_noop/target.npy"",""target.png"":""cells/width_s2_noop/target.png""}",0.00011436349140443875,width_s2_noop,0.0,recovery only,,2,width,21,20,0.0,0.00011436349140443875,20,0.002643356565386057,0.0,0.9967119097709656,3,0.00014265760546550155,2.4241495489290224e-08,0.0,0.004116715001146076,49.902933194741365,0.00010925048090121364,2,20,6,false,-1.0095872312376741e-05,ok,5.113010503225106e-06,23,0.02826704800099833
move_m5,move,"{""base_field.npz"":""cells/width_s2_move_m5/base_field.npz"",""base_reconstruction.npy"":""cells/width_s2_move_m5/base_reconstruction.npy"",""config.json"":""cells/width_s2_move_m5/config.json"",""curves.png"":""cells/width_s2_move_m5/curves.png"",""decision"":""decision.json"",""error.png"":""cells/width_s2_move_m5/error.png"",""field.npz"":""cells/width_s2_move_m5/field.npz"",""gradient_packet"":""cases/width_s2/gradient_packet.npz"",""history.json"":""cells/width_s2_move_m5/history.json"",""immediate.png"":""cells/width_s2_move_m5/immediate.png"",""immediate_reconstruction.npy"":""cells/width_s2_move_m5/immediate_reconstruction.npy"",""input_field.npz"":""cells/width_s2_move_m5/input_field.npz"",""progress.jsonl"":""cells/width_s2_move_m5/progress.jsonl"",""reconstruction.npy"":""cells/width_s2_move_m5/reconstruction.npy"",""reconstruction.png"":""cells/width_s2_move_m5/reconstruction.png"",""target.npy"":""cells/width_s2_move_m5/target.npy"",""target.png"":""cells/width_s2_move_m5/target.png""}",0.00011436349140443875,width_s2_move_m5,0.0,recovery only,,2,width,21,20,0.0,0.00011436349140443875,20,0.002643356565386057,0.5,0.9967119097709656,3,0.00014265760546550155,2.4241495489290224e-08,7.80374856085656e-20,0.004116715001146076,49.902933194741365,0.00010925048090121364,2,20,6,false,-1.0095872312376741e-05,ok,5.113010503225106e-06,23,0.027982744002656545
move_m10,move,"{""base_field.npz"":""cells/width_s2_move_m10/base_field.npz"",""base_reconstruction.npy"":""cells/width_s2_move_m10/base_reconstruction.npy"",""config.json"":""cells/width_s2_move_m10/config.json"",""curves.png"":""cells/width_s2_move_m10/curves.png"",""decision"":""decision.json"",""error.png"":""cells/width_s2_move_m10/error.png"",""field.npz"":""cells/width_s2_move_m10/field.npz"",""gradient_packet"":""cases/width_s2/gradient_packet.npz"",""history.json"":""cells/width_s2_move_m10/history.json"",""immediate.png"":""cells/width_s2_move_m10/immediate.png"",""immediate_reconstruction.npy"":""cells/width_s2_move_m10/immediate_reconstruction.npy"",""input_field.npz"":""cells/width_s2_move_m10/input_field.npz"",""progress.jsonl"":""cells/width_s2_move_m10/progress.jsonl"",""reconstruction.npy"":""cells/width_s2_move_m10/reconstruction.npy"",""reconstruction.png"":""cells/width_s2_move_m10/reconstruction.png"",""target.npy"":""cells/width_s2_move_m10/target.npy"",""target.png"":""cells/width_s2_move_m10/target.png""}",0.00011436349140443875,width_s2_move_m10,0.0,recovery only,,2,width,21,20,0.0,0.00011436349140443875,20,0.002643356565386057,1.0,0.9967119097709656,3,0.00014265760546550155,2.4241495489290224e-08,1.0537605688503605e-19,0.004116715001146076,49.902933194741365,0.00010925048090121364,2,20,6,false,-1.0095872312376741e-05,ok,5.113010503225106e-06,23,0.028096576999814715
scale_m5,scale,"{""base_field.npz"":""cells/width_s2_scale_m5/base_field.npz"",""base_reconstruction.npy"":""cells/width_s2_scale_m5/base_reconstruction.npy"",""config.json"":""cells/width_s2_scale_m5/config.json"",""curves.png"":""cells/width_s2_scale_m5/curves.png"",""decision"":""decision.json"",""error.png"":""cells/width_s2_scale_m5/error.png"",""field.npz"":""cells/width_s2_scale_m5/field.npz"",""gradient_packet"":""cases/width_s2/gradient_packet.npz"",""history.json"":""cells/width_s2_scale_m5/history.json"",""immediate.png"":""cells/width_s2_scale_m5/immediate.png"",""immediate_reconstruction.npy"":""cells/width_s2_scale_m5/immediate_reconstruction.npy"",""input_field.npz"":""cells/width_s2_scale_m5/input_field.npz"",""progress.jsonl"":""cells/width_s2_scale_m5/progress.jsonl"",""reconstruction.npy"":""cells/width_s2_scale_m5/reconstruction.npy"",""reconstruction.png"":""cells/width_s2_scale_m5/reconstruction.png"",""target.npy"":""cells/width_s2_scale_m5/target.npy"",""target.png"":""cells/width_s2_scale_m5/target.png""}",0.00011436349140443875,width_s2_scale_m5,0.0,recovery only,,2,width,21,20,2.8443421589567942e-05,8.592006981487081e-05,20,0.002614914905279875,0.5,0.9972994923591614,3,0.00014265760546550155,2.4241495489290224e-08,2.7769201551564038e-05,0.004116715001146076,49.91012049732057,0.0001092589356164883,2,20,6,false,-1.0095872312376741e-05,ok,5.104555787950446e-06,23,0.028059700001904275
scale_m10,scale,"{""base_field.npz"":""cells/width_s2_scale_m10/base_field.npz"",""base_reconstruction.npy"":""cells/width_s2_scale_m10/base_reconstruction.npy"",""config.json"":""cells/width_s2_scale_m10/config.json"",""curves.png"":""cells/width_s2_scale_m10/curves.png"",""decision"":""decision.json"",""error.png"":""cells/width_s2_scale_m10/error.png"",""field.npz"":""cells/width_s2_scale_m10/field.npz"",""gradient_packet"":""cases/width_s2/gradient_packet.npz"",""history.json"":""cells/width_s2_scale_m10/history.json"",""immediate.png"":""cells/width_s2_scale_m10/immediate.png"",""immediate_reconstruction.npy"":""cells/width_s2_scale_m10/immediate_reconstruction.npy"",""input_field.npz"":""cells/width_s2_scale_m10/input_field.npz"",""progress.jsonl"":""cells/width_s2_scale_m10/progress.jsonl"",""reconstruction.npy"":""cells/width_s2_scale_m10/reconstruction.npy"",""reconstruction.png"":""cells/width_s2_scale_m10/reconstruction.png"",""target.npy"":""cells/width_s2_scale_m10/target.npy"",""target.png"":""cells/width_s2_scale_m10/target.png""}",0.00011436349140443875,width_s2_scale_m10,0.0,recovery only,,2,width,21,20,5.3588150181383784e-05,6.0775341223054966e-05,20,0.0015716822817921638,1.0,0.9985432624816895,3,0.00014265760546550155,2.4241495489290224e-08,5.128051634528674e-05,0.004116715001146076,51.09116876570334,0.00011047435542754953,2,20,6,false,-1.0095872312376741e-05,ok,3.88913597688921e-06,23,0.028073387999029364
rotate_m5,rotate,"{""base_field.npz"":""cells/width_s2_rotate_m5/base_field.npz"",""base_reconstruction.npy"":""cells/width_s2_rotate_m5/base_reconstruction.npy"",""config.json"":""cells/width_s2_rotate_m5/config.json"",""curves.png"":""cells/width_s2_rotate_m5/curves.png"",""decision"":""decision.json"",""error.png"":""cells/width_s2_rotate_m5/error.png"",""field.npz"":""cells/width_s2_rotate_m5/field.npz"",""gradient_packet"":""cases/width_s2/gradient_packet.npz"",""history.json"":""cells/width_s2_rotate_m5/history.json"",""immediate.png"":""cells/width_s2_rotate_m5/immediate.png"",""immediate_reconstruction.npy"":""cells/width_s2_rotate_m5/immediate_reconstruction.npy"",""input_field.npz"":""cells/width_s2_rotate_m5/input_field.npz"",""progress.jsonl"":""cells/width_s2_rotate_m5/progress.jsonl"",""reconstruction.npy"":""cells/width_s2_rotate_m5/reconstruction.npy"",""reconstruction.png"":""cells/width_s2_rotate_m5/reconstruction.png"",""target.npy"":""cells/width_s2_rotate_m5/target.npy"",""target.png"":""cells/width_s2_rotate_m5/target.png""}",0.00011436349140443875,width_s2_rotate_m5,0.0,recovery only,,2,width,21,20,3.4270602767292116e-11,0.00011436345713383598,20,0.002637985162436962,0.5,0.9967080354690552,3,0.00014265760546550155,2.4241495489290224e-08,3.3068429938776234e-11,0.004116715001146076,49.89326527411647,0.00010923908604274353,2,20,6,false,-1.0095872312376741e-05,ok,5.12440536169522e-06,23,0.02781447700181161
rotate_m10,rotate,"{""base_field.npz"":""cells/width_s2_rotate_m10/base_field.npz"",""base_reconstruction.npy"":""cells/width_s2_rotate_m10/base_reconstruction.npy"",""config.json"":""cells/width_s2_rotate_m10/config.json"",""curves.png"":""cells/width_s2_rotate_m10/curves.png"",""decision"":""decision.json"",""error.png"":""cells/width_s2_rotate_m10/error.png"",""field.npz"":""cells/width_s2_rotate_m10/field.npz"",""gradient_packet"":""cases/width_s2/gradient_packet.npz"",""history.json"":""cells/width_s2_rotate_m10/history.json"",""immediate.png"":""cells/width_s2_rotate_m10/immediate.png"",""immediate_reconstruction.npy"":""cells/width_s2_rotate_m10/immediate_reconstruction.npy"",""input_field.npz"":""cells/width_s2_rotate_m10/input_field.npz"",""progress.jsonl"":""cells/width_s2_rotate_m10/progress.jsonl"",""reconstruction.npy"":""cells/width_s2_rotate_m10/reconstruction.npy"",""reconstruction.png"":""cells/width_s2_rotate_m10/reconstruction.png"",""target.npy"":""cells/width_s2_rotate_m10/target.npy"",""target.png"":""cells/width_s2_rotate_m10/target.png""}",0.00011436349140443875,width_s2_rotate_m10,0.0,recovery only,,2,width,21,20,5.291001327117819e-11,0.00011436343849442548,20,0.0028808685019612312,1.0,0.9967031478881836,3,0.00014265760546550155,2.4241495489290224e-08,4.4381311126162615e-11,0.004116715001146076,49.889287429366966,0.00010923439028263403,2,20,6,false,-1.0095872312376741e-05,ok,5.129101121804727e-06,23,0.02786045700122486
color_m5,color,"{""base_field.npz"":""cells/width_s2_color_m5/base_field.npz"",""base_reconstruction.npy"":""cells/width_s2_color_m5/base_reconstruction.npy"",""config.json"":""cells/width_s2_color_m5/config.json"",""curves.png"":""cells/width_s2_color_m5/curves.png"",""decision"":""decision.json"",""error.png"":""cells/width_s2_color_m5/error.png"",""field.npz"":""cells/width_s2_color_m5/field.npz"",""gradient_packet"":""cases/width_s2/gradient_packet.npz"",""history.json"":""cells/width_s2_color_m5/history.json"",""immediate.png"":""cells/width_s2_color_m5/immediate.png"",""immediate_reconstruction.npy"":""cells/width_s2_color_m5/immediate_reconstruction.npy"",""input_field.npz"":""cells/width_s2_color_m5/input_field.npz"",""progress.jsonl"":""cells/width_s2_color_m5/progress.jsonl"",""reconstruction.npy"":""cells/width_s2_color_m5/reconstruction.npy"",""reconstruction.png"":""cells/width_s2_color_m5/reconstruction.png"",""target.npy"":""cells/width_s2_color_m5/target.npy"",""target.png"":""cells/width_s2_color_m5/target.png""}",0.00011436349140443875,width_s2_color_m5,0.0,recovery only,,2,width,21,20,1.8665662246882317e-05,9.569782915755643e-05,20,0.0022851559333503246,0.5,0.9960564970970154,3,0.00014265760546550155,2.4241495489290224e-08,1.866566344688181e-05,0.004116715001146076,49.40438456927214,0.00010862851616210568,2,20,6,false,-1.0095872312376741e-05,ok,5.734975242333071e-06,23,0.028527663002023473
color_m10,color,"{""base_field.npz"":""cells/width_s2_color_m10/base_field.npz"",""base_reconstruction.npy"":""cells/width_s2_color_m10/base_reconstruction.npy"",""config.json"":""cells/width_s2_color_m10/config.json"",""curves.png"":""cells/width_s2_color_m10/curves.png"",""decision"":""decision.json"",""error.png"":""cells/width_s2_color_m10/error.png"",""field.npz"":""cells/width_s2_color_m10/field.npz"",""gradient_packet"":""cases/width_s2/gradient_packet.npz"",""history.json"":""cells/width_s2_color_m10/history.json"",""immediate.png"":""cells/width_s2_color_m10/immediate.png"",""immediate_reconstruction.npy"":""cells/width_s2_color_m10/immediate_reconstruction.npy"",""input_field.npz"":""cells/width_s2_color_m10/input_field.npz"",""progress.jsonl"":""cells/width_s2_color_m10/progress.jsonl"",""reconstruction.npy"":""cells/width_s2_color_m10/reconstruction.npy"",""reconstruction.png"":""cells/width_s2_color_m10/reconstruction.png"",""target.npy"":""cells/width_s2_color_m10/target.npy"",""target.png"":""cells/width_s2_color_m10/target.png""}",0.00011436349140443875,width_s2_color_m10,0.0,recovery only,,2,width,21,20,2.5051282495031166e-05,8.931220890940758e-05,20,0.002170778578147292,1.0,0.9954466223716736,3,0.00014265760546550155,2.4241495489290224e-08,2.5051282136701047e-05,0.004116715001146076,48.948790209619276,0.00010799420198834491,2,20,6,false,-1.0095872312376741e-05,ok,6.369289416093839e-06,23,0.02762183099912363
split_d1_m5,split,"{""base_field.npz"":""cells/width_s2_split_d1_m5/base_field.npz"",""base_reconstruction.npy"":""cells/width_s2_split_d1_m5/base_reconstruction.npy"",""config.json"":""cells/width_s2_split_d1_m5/config.json"",""curves.png"":""cells/width_s2_split_d1_m5/curves.png"",""decision"":""decision.json"",""error.png"":""cells/width_s2_split_d1_m5/error.png"",""field.npz"":""cells/width_s2_split_d1_m5/field.npz"",""gradient_packet"":""cases/width_s2/gradient_packet.npz"",""history.json"":""cells/width_s2_split_d1_m5/history.json"",""immediate.png"":""cells/width_s2_split_d1_m5/immediate.png"",""immediate_reconstruction.npy"":""cells/width_s2_split_d1_m5/immediate_reconstruction.npy"",""input_field.npz"":""cells/width_s2_split_d1_m5/input_field.npz"",""progress.jsonl"":""cells/width_s2_split_d1_m5/progress.jsonl"",""reconstruction.npy"":""cells/width_s2_split_d1_m5/reconstruction.npy"",""reconstruction.png"":""cells/width_s2_split_d1_m5/reconstruction.png"",""target.npy"":""cells/width_s2_split_d1_m5/target.npy"",""target.png"":""cells/width_s2_split_d1_m5/target.png""}",0.00011436349140443875,width_s2_split_d1_m5,0.0,recovery only,1,2,width,21,20,-3.1033428055551426e-06,0.00011746683420999389,20,0.009749398566782475,0.5,0.9692491888999939,3,0.00014265760546550155,2.4241495489290224e-08,-1.1709635145962238e-06,0.004116715001146076,43.787303374146845,9.34589970605053e-05,2,20,6,false,-1.0095872312376741e-05,ok,2.0904494343933456e-05,23,0.02843788899917854
split_d1_m10,split,"{""base_field.npz"":""cells/width_s2_split_d1_m10/base_field.npz"",""base_reconstruction.npy"":""cells/width_s2_split_d1_m10/base_reconstruction.npy"",""config.json"":""cells/width_s2_split_d1_m10/config.json"",""curves.png"":""cells/width_s2_split_d1_m10/curves.png"",""decision"":""decision.json"",""error.png"":""cells/width_s2_split_d1_m10/error.png"",""field.npz"":""cells/width_s2_split_d1_m10/field.npz"",""gradient_packet"":""cases/width_s2/gradient_packet.npz"",""history.json"":""cells/width_s2_split_d1_m10/history.json"",""immediate.png"":""cells/width_s2_split_d1_m10/immediate.png"",""immediate_reconstruction.npy"":""cells/width_s2_split_d1_m10/immediate_reconstruction.npy"",""input_field.npz"":""cells/width_s2_split_d1_m10/input_field.npz"",""progress.jsonl"":""cells/width_s2_split_d1_m10/progress.jsonl"",""reconstruction.npy"":""cells/width_s2_split_d1_m10/reconstruction.npy"",""reconstruction.png"":""cells/width_s2_split_d1_m10/reconstruction.png"",""target.npy"":""cells/width_s2_split_d1_m10/target.npy"",""target.png"":""cells/width_s2_split_d1_m10/target.png""}",0.00011436349140443875,width_s2_split_d1_m10,0.0,recovery only,1,2,width,21,20,2.941621915477597e-06,0.00011142186948896115,20,0.008083241060376167,1.0,0.9709552526473999,3,0.00014265760546550155,2.4241495489290224e-08,3.759718674700707e-05,0.004116715001146076,44.911980221905104,9.82283794865243e-05,2,20,6,false,-1.0095872312376741e-05,ok,1.6135111917914447e-05,23,0.028730423000524752
split_d2_m5,split,"{""base_field.npz"":""cells/width_s2_split_d2_m5/base_field.npz"",""base_reconstruction.npy"":""cells/width_s2_split_d2_m5/base_reconstruction.npy"",""config.json"":""cells/width_s2_split_d2_m5/config.json"",""curves.png"":""cells/width_s2_split_d2_m5/curves.png"",""decision"":""decision.json"",""error.png"":""cells/width_s2_split_d2_m5/error.png"",""field.npz"":""cells/width_s2_split_d2_m5/field.npz"",""gradient_packet"":""cases/width_s2/gradient_packet.npz"",""history.json"":""cells/width_s2_split_d2_m5/history.json"",""immediate.png"":""cells/width_s2_split_d2_m5/immediate.png"",""immediate_reconstruction.npy"":""cells/width_s2_split_d2_m5/immediate_reconstruction.npy"",""input_field.npz"":""cells/width_s2_split_d2_m5/input_field.npz"",""progress.jsonl"":""cells/width_s2_split_d2_m5/progress.jsonl"",""reconstruction.npy"":""cells/width_s2_split_d2_m5/reconstruction.npy"",""reconstruction.png"":""cells/width_s2_split_d2_m5/reconstruction.png"",""target.npy"":""cells/width_s2_split_d2_m5/target.npy"",""target.png"":""cells/width_s2_split_d2_m5/target.png""}",0.00011436349140443875,width_s2_split_d2_m5,0.0,recovery only,2,2,width,21,20,-2.815878433623524e-05,0.000142522275740674,20,0.014547850005328655,0.5,0.9509784579277039,3,0.00014265760546550155,2.4241495489290224e-08,-2.6226402042084374e-05,0.004116715001146076,40.365905902667016,6.840355552982519e-05,2,20,6,false,-1.0095872312376741e-05,ok,4.5959935874613556e-05,23,0.02900319200125523
split_d2_m10,split,"{""base_field.npz"":""cells/width_s2_split_d2_m10/base_field.npz"",""base_reconstruction.npy"":""cells/width_s2_split_d2_m10/base_reconstruction.npy"",""config.json"":""cells/width_s2_split_d2_m10/config.json"",""curves.png"":""cells/width_s2_split_d2_m10/curves.png"",""decision"":""decision.json"",""error.png"":""cells/width_s2_split_d2_m10/error.png"",""field.npz"":""cells/width_s2_split_d2_m10/field.npz"",""gradient_packet"":""cases/width_s2/gradient_packet.npz"",""history.json"":""cells/width_s2_split_d2_m10/history.json"",""immediate.png"":""cells/width_s2_split_d2_m10/immediate.png"",""immediate_reconstruction.npy"":""cells/width_s2_split_d2_m10/immediate_reconstruction.npy"",""input_field.npz"":""cells/width_s2_split_d2_m10/input_field.npz"",""progress.jsonl"":""cells/width_s2_split_d2_m10/progress.jsonl"",""reconstruction.npy"":""cells/width_s2_split_d2_m10/reconstruction.npy"",""reconstruction.png"":""cells/width_s2_split_d2_m10/reconstruction.png"",""target.npy"":""cells/width_s2_split_d2_m10/target.npy"",""target.png"":""cells/width_s2_split_d2_m10/target.png""}",0.00011436349140443875,width_s2_split_d2_m10,0.0,recovery only,2,2,width,21,20,-2.2113819615202527e-05,0.00013647731101964128,20,0.012313474901020527,1.0,0.9529436826705933,3,0.00014265760546550155,2.4241495489290224e-08,1.2541750038508326e-05,0.004116715001146076,40.84172377029859,7.31729379558442e-05,2,20,6,false,-1.0095872312376741e-05,ok,4.119055344859455e-05,23,0.031237198996677762
birth_d1,birth,"{""base_field.npz"":""cells/width_s2_birth_d1/base_field.npz"",""base_reconstruction.npy"":""cells/width_s2_birth_d1/base_reconstruction.npy"",""config.json"":""cells/width_s2_birth_d1/config.json"",""curves.png"":""cells/width_s2_birth_d1/curves.png"",""decision"":""decision.json"",""error.png"":""cells/width_s2_birth_d1/error.png"",""field.npz"":""cells/width_s2_birth_d1/field.npz"",""gradient_packet"":""cases/width_s2/gradient_packet.npz"",""history.json"":""cells/width_s2_birth_d1/history.json"",""immediate.png"":""cells/width_s2_birth_d1/immediate.png"",""immediate_reconstruction.npy"":""cells/width_s2_birth_d1/immediate_reconstruction.npy"",""input_field.npz"":""cells/width_s2_birth_d1/input_field.npz"",""progress.jsonl"":""cells/width_s2_birth_d1/progress.jsonl"",""reconstruction.npy"":""cells/width_s2_birth_d1/reconstruction.npy"",""reconstruction.png"":""cells/width_s2_birth_d1/reconstruction.png"",""target.npy"":""cells/width_s2_birth_d1/target.npy"",""target.png"":""cells/width_s2_birth_d1/target.png""}",0.00011436349140443875,width_s2_birth_d1,0.0,recovery only,1,2,width,21,20,1.0737805978892746e-05,0.000103625685425546,20,0.00637468509376049,1.0,0.9706796407699585,3,0.00014265760546550155,2.4241495489290224e-08,-1.2719527148874477e-05,0.004116715001146076,44.80480979736406,9.782526151273442e-05,2,20,6,false,-1.0095872312376741e-05,ok,1.6538229891704326e-05,23,0.02910626099765068
birth_d2,birth,"{""base_field.npz"":""cells/width_s2_birth_d2/base_field.npz"",""base_reconstruction.npy"":""cells/width_s2_birth_d2/base_reconstruction.npy"",""config.json"":""cells/width_s2_birth_d2/config.json"",""curves.png"":""cells/width_s2_birth_d2/curves.png"",""decision"":""decision.json"",""error.png"":""cells/width_s2_birth_d2/error.png"",""field.npz"":""cells/width_s2_birth_d2/field.npz"",""gradient_packet"":""cases/width_s2/gradient_packet.npz"",""history.json"":""cells/width_s2_birth_d2/history.json"",""immediate.png"":""cells/width_s2_birth_d2/immediate.png"",""immediate_reconstruction.npy"":""cells/width_s2_birth_d2/immediate_reconstruction.npy"",""input_field.npz"":""cells/width_s2_birth_d2/input_field.npz"",""progress.jsonl"":""cells/width_s2_birth_d2/progress.jsonl"",""reconstruction.npy"":""cells/width_s2_birth_d2/reconstruction.npy"",""reconstruction.png"":""cells/width_s2_birth_d2/reconstruction.png"",""target.npy"":""cells/width_s2_birth_d2/target.npy"",""target.png"":""cells/width_s2_birth_d2/target.png""}",0.00011436349140443875,width_s2_birth_d2,0.0,recovery only,2,2,width,21,20,-1.4317635551787337e-05,0.0001286811269562261,20,0.011506130918860435,1.0,0.9525683522224426,3,0.00014265760546550155,2.4241495489290224e-08,-3.777496385737322e-05,0.004116715001146076,40.79942747637618,7.276981998205432e-05,2,20,6,false,-1.0095872312376741e-05,ok,4.159367142238443e-05,23,0.028768575997673906
noop,noop,"{""base_field.npz"":""cells/rotation_s0_noop/base_field.npz"",""base_reconstruction.npy"":""cells/rotation_s0_noop/base_reconstruction.npy"",""config.json"":""cells/rotation_s0_noop/config.json"",""curves.png"":""cells/rotation_s0_noop/curves.png"",""decision"":""decision.json"",""error.png"":""cells/rotation_s0_noop/error.png"",""field.npz"":""cells/rotation_s0_noop/field.npz"",""gradient_packet"":""cases/rotation_s0/gradient_packet.npz"",""history.json"":""cells/rotation_s0_noop/history.json"",""immediate.png"":""cells/rotation_s0_noop/immediate.png"",""immediate_reconstruction.npy"":""cells/rotation_s0_noop/immediate_reconstruction.npy"",""input_field.npz"":""cells/rotation_s0_noop/input_field.npz"",""progress.jsonl"":""cells/rotation_s0_noop/progress.jsonl"",""reconstruction.npy"":""cells/rotation_s0_noop/reconstruction.npy"",""reconstruction.png"":""cells/rotation_s0_noop/reconstruction.png"",""target.npy"":""cells/rotation_s0_noop/target.npy"",""target.png"":""cells/rotation_s0_noop/target.png""}",4.552241517405862e-05,rotation_s0_noop,0.0,recovery only,,2,rotation,21,20,0.0,4.552241517405862e-05,20,0.0030382524710148573,0.0,0.9993003010749817,3,0.0001290143991354853,8.35414123949249e-09,0.0,0.004007097999419784,54.065668000477345,4.35617510408183e-05,0,20,6,false,-1.9332564988872036e-05,ok,1.9606641332403214e-06,23,0.027842491999763297
move_m5,move,"{""base_field.npz"":""cells/rotation_s0_move_m5/base_field.npz"",""base_reconstruction.npy"":""cells/rotation_s0_move_m5/base_reconstruction.npy"",""config.json"":""cells/rotation_s0_move_m5/config.json"",""curves.png"":""cells/rotation_s0_move_m5/curves.png"",""decision"":""decision.json"",""error.png"":""cells/rotation_s0_move_m5/error.png"",""field.npz"":""cells/rotation_s0_move_m5/field.npz"",""gradient_packet"":""cases/rotation_s0/gradient_packet.npz"",""history.json"":""cells/rotation_s0_move_m5/history.json"",""immediate.png"":""cells/rotation_s0_move_m5/immediate.png"",""immediate_reconstruction.npy"":""cells/rotation_s0_move_m5/immediate_reconstruction.npy"",""input_field.npz"":""cells/rotation_s0_move_m5/input_field.npz"",""progress.jsonl"":""cells/rotation_s0_move_m5/progress.jsonl"",""reconstruction.npy"":""cells/rotation_s0_move_m5/reconstruction.npy"",""reconstruction.png"":""cells/rotation_s0_move_m5/reconstruction.png"",""target.npy"":""cells/rotation_s0_move_m5/target.npy"",""target.png"":""cells/rotation_s0_move_m5/target.png""}",4.552241517405862e-05,rotation_s0_move_m5,0.0,recovery only,,2,rotation,21,20,0.0,4.552241517405862e-05,20,0.0030382524710148573,0.5,0.9993003010749817,3,0.0001290143991354853,8.35414123949249e-09,3.2722297699801357e-21,0.004007097999419784,54.065668000477345,4.35617510408183e-05,0,20,6,false,-1.9332564988872036e-05,ok,1.9606641332403214e-06,23,0.028365314999973634
move_m10,move,"{""base_field.npz"":""cells/rotation_s0_move_m10/base_field.npz"",""base_reconstruction.npy"":""cells/rotation_s0_move_m10/base_reconstruction.npy"",""config.json"":""cells/rotation_s0_move_m10/config.json"",""curves.png"":""cells/rotation_s0_move_m10/curves.png"",""decision"":""decision.json"",""error.png"":""cells/rotation_s0_move_m10/error.png"",""field.npz"":""cells/rotation_s0_move_m10/field.npz"",""gradient_packet"":""cases/rotation_s0/gradient_packet.npz"",""history.json"":""cells/rotation_s0_move_m10/history.json"",""immediate.png"":""cells/rotation_s0_move_m10/immediate.png"",""immediate_reconstruction.npy"":""cells/rotation_s0_move_m10/immediate_reconstruction.npy"",""input_field.npz"":""cells/rotation_s0_move_m10/input_field.npz"",""progress.jsonl"":""cells/rotation_s0_move_m10/progress.jsonl"",""reconstruction.npy"":""cells/rotation_s0_move_m10/reconstruction.npy"",""reconstruction.png"":""cells/rotation_s0_move_m10/reconstruction.png"",""target.npy"":""cells/rotation_s0_move_m10/target.npy"",""target.png"":""cells/rotation_s0_move_m10/target.png""}",4.552241517405862e-05,rotation_s0_move_m10,0.0,recovery only,,2,rotation,21,20,0.0,4.552241517405862e-05,20,0.0030382524710148573,1.0,0.9993003010749817,3,0.0001290143991354853,8.35414123949249e-09,4.420613136609635e-21,0.004007097999419784,54.065668000477345,4.35617510408183e-05,0,20,6,false,-1.9332564988872036e-05,ok,1.9606641332403214e-06,23,0.027958013000898063
scale_m5,scale,"{""base_field.npz"":""cells/rotation_s0_scale_m5/base_field.npz"",""base_reconstruction.npy"":""cells/rotation_s0_scale_m5/base_reconstruction.npy"",""config.json"":""cells/rotation_s0_scale_m5/config.json"",""curves.png"":""cells/rotation_s0_scale_m5/curves.png"",""decision"":""decision.json"",""error.png"":""cells/rotation_s0_scale_m5/error.png"",""field.npz"":""cells/rotation_s0_scale_m5/field.npz"",""gradient_packet"":""cases/rotation_s0/gradient_packet.npz"",""history.json"":""cells/rotation_s0_scale_m5/history.json"",""immediate.png"":""cells/rotation_s0_scale_m5/immediate.png"",""immediate_reconstruction.npy"":""cells/rotation_s0_scale_m5/immediate_reconstruction.npy"",""input_field.npz"":""cells/rotation_s0_scale_m5/input_field.npz"",""progress.jsonl"":""cells/rotation_s0_scale_m5/progress.jsonl"",""reconstruction.npy"":""cells/rotation_s0_scale_m5/reconstruction.npy"",""reconstruction.png"":""cells/rotation_s0_scale_m5/reconstruction.png"",""target.npy"":""cells/rotation_s0_scale_m5/target.npy"",""target.png"":""cells/rotation_s0_scale_m5/target.png""}",4.552241517405862e-05,rotation_s0_scale_m5,0.0,recovery only,,2,rotation,21,20,7.199335231627109e-06,3.832307994243151e-05,20,0.0011335157323628664,0.5,0.9995856881141663,3,0.0001290143991354853,8.35414123949249e-09,7.224936780403368e-06,0.004007097999419784,55.59697478762633,4.4144341216664085e-05,0,20,6,false,-1.9332564988872036e-05,ok,1.378073957394535e-06,23,0.028157888998975977
scale_m10,scale,"{""base_field.npz"":""cells/rotation_s0_scale_m10/base_field.npz"",""base_reconstruction.npy"":""cells/rotation_s0_scale_m10/base_reconstruction.npy"",""config.json"":""cells/rotation_s0_scale_m10/config.json"",""curves.png"":""cells/rotation_s0_scale_m10/curves.png"",""decision"":""decision.json"",""error.png"":""cells/rotation_s0_scale_m10/error.png"",""field.npz"":""cells/rotation_s0_scale_m10/field.npz"",""gradient_packet"":""cases/rotation_s0/gradient_packet.npz"",""history.json"":""cells/rotation_s0_scale_m10/history.json"",""immediate.png"":""cells/rotation_s0_scale_m10/immediate.png"",""immediate_reconstruction.npy"":""cells/rotation_s0_scale_m10/immediate_reconstruction.npy"",""input_field.npz"":""cells/rotation_s0_scale_m10/input_field.npz"",""progress.jsonl"":""cells/rotation_s0_scale_m10/progress.jsonl"",""reconstruction.npy"":""cells/rotation_s0_scale_m10/reconstruction.npy"",""reconstruction.png"":""cells/rotation_s0_scale_m10/reconstruction.png"",""target.npy"":""cells/rotation_s0_scale_m10/target.npy"",""target.png"":""cells/rotation_s0_scale_m10/target.png""}",4.552241517405862e-05,rotation_s0_scale_m10,0.0,recovery only,,2,rotation,21,20,9.636866833885691e-06,3.588554834017293e-05,20,0.000635567819699645,1.0,0.9995375275611877,3,0.0001290143991354853,8.35414123949249e-09,9.726690223033074e-06,0.004007097999419784,55.389269840153965,4.407683221392175e-05,0,20,6,false,-1.9332564988872036e-05,ok,1.4455829601368714e-06,23,0.027686946999892825
rotate_m5,rotate,"{""base_field.npz"":""cells/rotation_s0_rotate_m5/base_field.npz"",""base_reconstruction.npy"":""cells/rotation_s0_rotate_m5/base_reconstruction.npy"",""config.json"":""cells/rotation_s0_rotate_m5/config.json"",""curves.png"":""cells/rotation_s0_rotate_m5/curves.png"",""decision"":""decision.json"",""error.png"":""cells/rotation_s0_rotate_m5/error.png"",""field.npz"":""cells/rotation_s0_rotate_m5/field.npz"",""gradient_packet"":""cases/rotation_s0/gradient_packet.npz"",""history.json"":""cells/rotation_s0_rotate_m5/history.json"",""immediate.png"":""cells/rotation_s0_rotate_m5/immediate.png"",""immediate_reconstruction.npy"":""cells/rotation_s0_rotate_m5/immediate_reconstruction.npy"",""input_field.npz"":""cells/rotation_s0_rotate_m5/input_field.npz"",""progress.jsonl"":""cells/rotation_s0_rotate_m5/progress.jsonl"",""reconstruction.npy"":""cells/rotation_s0_rotate_m5/reconstruction.npy"",""reconstruction.png"":""cells/rotation_s0_rotate_m5/reconstruction.png"",""target.npy"":""cells/rotation_s0_rotate_m5/target.npy"",""target.png"":""cells/rotation_s0_rotate_m5/target.png""}",4.552241517405862e-05,rotation_s0_rotate_m5,0.0,recovery only,,2,rotation,21,20,8.808023349506852e-06,3.671439182455177e-05,20,0.0020808284170925617,0.5,0.9993982315063477,3,0.0001290143991354853,8.35414123949249e-09,8.514632099831942e-06,0.004007097999419784,54.488224579287674,4.374353151201085e-05,0,20,6,false,-1.9332564988872036e-05,ok,1.778883662047773e-06,23,0.027277291999780573
rotate_m10,rotate,"{""base_field.npz"":""cells/rotation_s0_rotate_m10/base_field.npz"",""base_reconstruction.npy"":""cells/rotation_s0_rotate_m10/base_reconstruction.npy"",""config.json"":""cells/rotation_s0_rotate_m10/config.json"",""curves.png"":""cells/rotation_s0_rotate_m10/curves.png"",""decision"":""decision.json"",""error.png"":""cells/rotation_s0_rotate_m10/error.png"",""field.npz"":""cells/rotation_s0_rotate_m10/field.npz"",""gradient_packet"":""cases/rotation_s0/gradient_packet.npz"",""history.json"":""cells/rotation_s0_rotate_m10/history.json"",""immediate.png"":""cells/rotation_s0_rotate_m10/immediate.png"",""immediate_reconstruction.npy"":""cells/rotation_s0_rotate_m10/immediate_reconstruction.npy"",""input_field.npz"":""cells/rotation_s0_rotate_m10/input_field.npz"",""progress.jsonl"":""cells/rotation_s0_rotate_m10/progress.jsonl"",""reconstruction.npy"":""cells/rotation_s0_rotate_m10/reconstruction.npy"",""reconstruction.png"":""cells/rotation_s0_rotate_m10/reconstruction.png"",""target.npy"":""cells/rotation_s0_rotate_m10/target.npy"",""target.png"":""cells/rotation_s0_rotate_m10/target.png""}",4.552241517405862e-05,rotation_s0_rotate_m10,0.0,recovery only,,2,rotation,21,20,1.6896529345840655e-05,2.8625885828217966e-05,20,0.0010623978450894356,1.0,0.9994577169418335,3,0.0001290143991354853,8.35414123949249e-09,1.5785877621965483e-05,0.004007097999419784,54.74034581574972,4.384386076644914e-05,0,20,6,false,-1.9332564988872036e-05,ok,1.6785544076094815e-06,23,0.027504191999469185
color_m5,color,"{""base_field.npz"":""cells/rotation_s0_color_m5/base_field.npz"",""base_reconstruction.npy"":""cells/rotation_s0_color_m5/base_reconstruction.npy"",""config.json"":""cells/rotation_s0_color_m5/config.json"",""curves.png"":""cells/rotation_s0_color_m5/curves.png"",""decision"":""decision.json"",""error.png"":""cells/rotation_s0_color_m5/error.png"",""field.npz"":""cells/rotation_s0_color_m5/field.npz"",""gradient_packet"":""cases/rotation_s0/gradient_packet.npz"",""history.json"":""cells/rotation_s0_color_m5/history.json"",""immediate.png"":""cells/rotation_s0_color_m5/immediate.png"",""immediate_reconstruction.npy"":""cells/rotation_s0_color_m5/immediate_reconstruction.npy"",""input_field.npz"":""cells/rotation_s0_color_m5/input_field.npz"",""progress.jsonl"":""cells/rotation_s0_color_m5/progress.jsonl"",""reconstruction.npy"":""cells/rotation_s0_color_m5/reconstruction.npy"",""reconstruction.png"":""cells/rotation_s0_color_m5/reconstruction.png"",""target.npy"":""cells/rotation_s0_color_m5/target.npy"",""target.png"":""cells/rotation_s0_color_m5/target.png""}",4.552241517405862e-05,rotation_s0_color_m5,0.0,recovery only,,2,rotation,21,20,3.429244373230416e-07,4.517949073673558e-05,20,0.003279515076428652,0.5,0.9992881417274475,3,0.0001290143991354853,8.35414123949249e-09,3.4292511941202974e-07,0.004007097999419784,53.906767644507745,4.3488685432386564e-05,0,20,6,false,-1.9332564988872036e-05,ok,2.033729741672059e-06,23,0.028423982999811415
color_m10,color,"{""base_field.npz"":""cells/rotation_s0_color_m10/base_field.npz"",""base_reconstruction.npy"":""cells/rotation_s0_color_m10/base_reconstruction.npy"",""config.json"":""cells/rotation_s0_color_m10/config.json"",""curves.png"":""cells/rotation_s0_color_m10/curves.png"",""decision"":""decision.json"",""error.png"":""cells/rotation_s0_color_m10/error.png"",""field.npz"":""cells/rotation_s0_color_m10/field.npz"",""gradient_packet"":""cases/rotation_s0/gradient_packet.npz"",""history.json"":""cells/rotation_s0_color_m10/history.json"",""immediate.png"":""cells/rotation_s0_color_m10/immediate.png"",""immediate_reconstruction.npy"":""cells/rotation_s0_color_m10/immediate_reconstruction.npy"",""input_field.npz"":""cells/rotation_s0_color_m10/input_field.npz"",""progress.jsonl"":""cells/rotation_s0_color_m10/progress.jsonl"",""reconstruction.npy"":""cells/rotation_s0_color_m10/reconstruction.npy"",""reconstruction.png"":""cells/rotation_s0_color_m10/reconstruction.png"",""target.npy"":""cells/rotation_s0_color_m10/target.npy"",""target.png"":""cells/rotation_s0_color_m10/target.png""}",4.552241517405862e-05,rotation_s0_color_m10,0.0,recovery only,,2,rotation,21,20,4.602410695929231e-07,4.50621741044657e-05,20,0.003461332991719246,1.0,0.999260425567627,3,0.0001290143991354853,8.35414123949249e-09,4.6024157995816495e-07,0.004007097999419784,53.452024740962266,4.326418851415394e-05,0,20,6,false,-1.9332564988872036e-05,ok,2.258226659904685e-06,23,0.027977433001069585
split_d1_m5,split,"{""base_field.npz"":""cells/rotation_s0_split_d1_m5/base_field.npz"",""base_reconstruction.npy"":""cells/rotation_s0_split_d1_m5/base_reconstruction.npy"",""config.json"":""cells/rotation_s0_split_d1_m5/config.json"",""curves.png"":""cells/rotation_s0_split_d1_m5/curves.png"",""decision"":""decision.json"",""error.png"":""cells/rotation_s0_split_d1_m5/error.png"",""field.npz"":""cells/rotation_s0_split_d1_m5/field.npz"",""gradient_packet"":""cases/rotation_s0/gradient_packet.npz"",""history.json"":""cells/rotation_s0_split_d1_m5/history.json"",""immediate.png"":""cells/rotation_s0_split_d1_m5/immediate.png"",""immediate_reconstruction.npy"":""cells/rotation_s0_split_d1_m5/immediate_reconstruction.npy"",""input_field.npz"":""cells/rotation_s0_split_d1_m5/input_field.npz"",""progress.jsonl"":""cells/rotation_s0_split_d1_m5/progress.jsonl"",""reconstruction.npy"":""cells/rotation_s0_split_d1_m5/reconstruction.npy"",""reconstruction.png"":""cells/rotation_s0_split_d1_m5/reconstruction.png"",""target.npy"":""cells/rotation_s0_split_d1_m5/target.npy"",""target.png"":""cells/rotation_s0_split_d1_m5/target.png""}",4.552241517405862e-05,rotation_s0_split_d1_m5,0.0,recovery only,1,2,rotation,21,20,1.4316348712276316e-05,3.1206066461782305e-05,20,0.001406927709467709,0.5,0.9991267919540405,3,0.0001290143991354853,8.35414123949249e-09,2.464781209710054e-05,0.004007097999419784,55.43664205296379,4.409251473655557e-05,0,20,6,false,-1.9332564988872036e-05,ok,1.4299004375030525e-06,23,0.028475432998675387
split_d1_m10,split,"{""base_field.npz"":""cells/rotation_s0_split_d1_m10/base_field.npz"",""base_reconstruction.npy"":""cells/rotation_s0_split_d1_m10/base_reconstruction.npy"",""config.json"":""cells/rotation_s0_split_d1_m10/config.json"",""curves.png"":""cells/rotation_s0_split_d1_m10/curves.png"",""decision"":""decision.json"",""error.png"":""cells/rotation_s0_split_d1_m10/error.png"",""field.npz"":""cells/rotation_s0_split_d1_m10/field.npz"",""gradient_packet"":""cases/rotation_s0/gradient_packet.npz"",""history.json"":""cells/rotation_s0_split_d1_m10/history.json"",""immediate.png"":""cells/rotation_s0_split_d1_m10/immediate.png"",""immediate_reconstruction.npy"":""cells/rotation_s0_split_d1_m10/immediate_reconstruction.npy"",""input_field.npz"":""cells/rotation_s0_split_d1_m10/input_field.npz"",""progress.jsonl"":""cells/rotation_s0_split_d1_m10/progress.jsonl"",""reconstruction.npy"":""cells/rotation_s0_split_d1_m10/reconstruction.npy"",""reconstruction.png"":""cells/rotation_s0_split_d1_m10/reconstruction.png"",""target.npy"":""cells/rotation_s0_split_d1_m10/target.npy"",""target.png"":""cells/rotation_s0_split_d1_m10/target.png""}",4.552241517405862e-05,rotation_s0_split_d1_m10,0.0,recovery only,1,2,rotation,21,20,-3.5142946629289174e-05,8.06653618033478e-05,20,0.001985943643376231,1.0,0.9978306889533997,3,0.0001290143991354853,8.35414123949249e-09,9.888486238196492e-05,0.004007097999419784,51.0905562350893,4.1632730633245756e-05,0,20,6,false,-1.9332564988872036e-05,ok,3.889684540812865e-06,23,0.027687899997545173
split_d2_m5,split,"{""base_field.npz"":""cells/rotation_s0_split_d2_m5/base_field.npz"",""base_reconstruction.npy"":""cells/rotation_s0_split_d2_m5/base_reconstruction.npy"",""config.json"":""cells/rotation_s0_split_d2_m5/config.json"",""curves.png"":""cells/rotation_s0_split_d2_m5/curves.png"",""decision"":""decision.json"",""error.png"":""cells/rotation_s0_split_d2_m5/error.png"",""field.npz"":""cells/rotation_s0_split_d2_m5/field.npz"",""gradient_packet"":""cases/rotation_s0/gradient_packet.npz"",""history.json"":""cells/rotation_s0_split_d2_m5/history.json"",""immediate.png"":""cells/rotation_s0_split_d2_m5/immediate.png"",""immediate_reconstruction.npy"":""cells/rotation_s0_split_d2_m5/immediate_reconstruction.npy"",""input_field.npz"":""cells/rotation_s0_split_d2_m5/input_field.npz"",""progress.jsonl"":""cells/rotation_s0_split_d2_m5/progress.jsonl"",""reconstruction.npy"":""cells/rotation_s0_split_d2_m5/reconstruction.npy"",""reconstruction.png"":""cells/rotation_s0_split_d2_m5/reconstruction.png"",""target.npy"":""cells/rotation_s0_split_d2_m5/target.npy"",""target.png"":""cells/rotation_s0_split_d2_m5/target.png""}",4.552241517405862e-05,rotation_s0_split_d2_m5,0.0,recovery only,2,2,rotation,21,20,-2.473490463823103e-05,7.025731981228965e-05,20,0.014305184595286846,0.5,0.9526828527450562,3,0.0001290143991354853,8.35414123949249e-09,-1.440343476133421e-05,0.004007097999419784,40.91717122129147,5.041261386048231e-06,0,20,6,false,-1.9332564988872036e-05,ok,4.048115378801039e-05,23,0.028731331000017235
split_d2_m10,split,"{""base_field.npz"":""cells/rotation_s0_split_d2_m10/base_field.npz"",""base_reconstruction.npy"":""cells/rotation_s0_split_d2_m10/base_reconstruction.npy"",""config.json"":""cells/rotation_s0_split_d2_m10/config.json"",""curves.png"":""cells/rotation_s0_split_d2_m10/curves.png"",""decision"":""decision.json"",""error.png"":""cells/rotation_s0_split_d2_m10/error.png"",""field.npz"":""cells/rotation_s0_split_d2_m10/field.npz"",""gradient_packet"":""cases/rotation_s0/gradient_packet.npz"",""history.json"":""cells/rotation_s0_split_d2_m10/history.json"",""immediate.png"":""cells/rotation_s0_split_d2_m10/immediate.png"",""immediate_reconstruction.npy"":""cells/rotation_s0_split_d2_m10/immediate_reconstruction.npy"",""input_field.npz"":""cells/rotation_s0_split_d2_m10/input_field.npz"",""progress.jsonl"":""cells/rotation_s0_split_d2_m10/progress.jsonl"",""reconstruction.npy"":""cells/rotation_s0_split_d2_m10/reconstruction.npy"",""reconstruction.png"":""cells/rotation_s0_split_d2_m10/reconstruction.png"",""target.npy"":""cells/rotation_s0_split_d2_m10/target.npy"",""target.png"":""cells/rotation_s0_split_d2_m10/target.png""}",4.552241517405862e-05,rotation_s0_split_d2_m10,0.0,recovery only,2,2,rotation,21,20,-7.419419997979653e-05,0.00011971661515385516,20,0.014279758557677269,1.0,0.9513617157936096,3,0.0001290143991354853,8.35414123949249e-09,5.983361916150898e-05,0.004007097999419784,40.6609847852138,2.581477282738418e-06,0,20,6,false,-1.9332564988872036e-05,ok,4.29409378913202e-05,23,0.028121186998760095
birth_d1,birth,"{""base_field.npz"":""cells/rotation_s0_birth_d1/base_field.npz"",""base_reconstruction.npy"":""cells/rotation_s0_birth_d1/base_reconstruction.npy"",""config.json"":""cells/rotation_s0_birth_d1/config.json"",""curves.png"":""cells/rotation_s0_birth_d1/curves.png"",""decision"":""decision.json"",""error.png"":""cells/rotation_s0_birth_d1/error.png"",""field.npz"":""cells/rotation_s0_birth_d1/field.npz"",""gradient_packet"":""cases/rotation_s0/gradient_packet.npz"",""history.json"":""cells/rotation_s0_birth_d1/history.json"",""immediate.png"":""cells/rotation_s0_birth_d1/immediate.png"",""immediate_reconstruction.npy"":""cells/rotation_s0_birth_d1/immediate_reconstruction.npy"",""input_field.npz"":""cells/rotation_s0_birth_d1/input_field.npz"",""progress.jsonl"":""cells/rotation_s0_birth_d1/progress.jsonl"",""reconstruction.npy"":""cells/rotation_s0_birth_d1/reconstruction.npy"",""reconstruction.png"":""cells/rotation_s0_birth_d1/reconstruction.png"",""target.npy"":""cells/rotation_s0_birth_d1/target.npy"",""target.png"":""cells/rotation_s0_birth_d1/target.png""}",4.552241517405862e-05,rotation_s0_birth_d1,0.0,recovery only,1,2,rotation,21,20,6.984657156243064e-06,3.8537758017815557e-05,20,0.00021497198031283915,1.0,0.999311089515686,3,0.0001290143991354853,8.35414123949249e-09,3.9192403278320853e-07,0.004007097999419784,58.994846221054715,4.4892205040452136e-05,0,20,6,false,-1.9332564988872036e-05,ok,6.302101336064871e-07,23,0.027397018999181455
birth_d2,birth,"{""base_field.npz"":""cells/rotation_s0_birth_d2/base_field.npz"",""base_reconstruction.npy"":""cells/rotation_s0_birth_d2/base_reconstruction.npy"",""config.json"":""cells/rotation_s0_birth_d2/config.json"",""curves.png"":""cells/rotation_s0_birth_d2/curves.png"",""decision"":""decision.json"",""error.png"":""cells/rotation_s0_birth_d2/error.png"",""field.npz"":""cells/rotation_s0_birth_d2/field.npz"",""gradient_packet"":""cases/rotation_s0/gradient_packet.npz"",""history.json"":""cells/rotation_s0_birth_d2/history.json"",""immediate.png"":""cells/rotation_s0_birth_d2/immediate.png"",""immediate_reconstruction.npy"":""cells/rotation_s0_birth_d2/immediate_reconstruction.npy"",""input_field.npz"":""cells/rotation_s0_birth_d2/input_field.npz"",""progress.jsonl"":""cells/rotation_s0_birth_d2/progress.jsonl"",""reconstruction.npy"":""cells/rotation_s0_birth_d2/reconstruction.npy"",""reconstruction.png"":""cells/rotation_s0_birth_d2/reconstruction.png"",""target.npy"":""cells/rotation_s0_birth_d2/target.npy"",""target.png"":""cells/rotation_s0_birth_d2/target.png""}",4.552241517405862e-05,rotation_s0_birth_d2,0.0,recovery only,2,2,rotation,21,20,-3.206659619426427e-05,7.758901136832289e-05,20,0.012860359624028206,1.0,0.9529328942298889,3,0.0001290143991354853,8.35414123949249e-09,-3.8659323763567954e-05,0.004007097999419784,41.0038232343063,5.840951689944798e-06,0,20,6,false,-1.9332564988872036e-05,ok,3.968146348411382e-05,23,0.028282064999075374
noop,noop,"{""base_field.npz"":""cells/rotation_s1_noop/base_field.npz"",""base_reconstruction.npy"":""cells/rotation_s1_noop/base_reconstruction.npy"",""config.json"":""cells/rotation_s1_noop/config.json"",""curves.png"":""cells/rotation_s1_noop/curves.png"",""decision"":""decision.json"",""error.png"":""cells/rotation_s1_noop/error.png"",""field.npz"":""cells/rotation_s1_noop/field.npz"",""gradient_packet"":""cases/rotation_s1/gradient_packet.npz"",""history.json"":""cells/rotation_s1_noop/history.json"",""immediate.png"":""cells/rotation_s1_noop/immediate.png"",""immediate_reconstruction.npy"":""cells/rotation_s1_noop/immediate_reconstruction.npy"",""input_field.npz"":""cells/rotation_s1_noop/input_field.npz"",""progress.jsonl"":""cells/rotation_s1_noop/progress.jsonl"",""reconstruction.npy"":""cells/rotation_s1_noop/reconstruction.npy"",""reconstruction.png"":""cells/rotation_s1_noop/reconstruction.png"",""target.npy"":""cells/rotation_s1_noop/target.npy"",""target.png"":""cells/rotation_s1_noop/target.png""}",4.55311206142369e-05,rotation_s1_noop,0.0,recovery only,,2,rotation,21,20,0.0,4.55311206142369e-05,20,0.003168023657053709,0.0,0.9992954134941101,3,0.00012498247087933123,6.1066388983095435e-09,0.0,0.004000232001999393,54.06488617239232,4.357010348542898e-05,1,20,6,false,-1.9276398234069347e-05,ok,1.9610171288079265e-06,23,0.03159361500001978
move_m5,move,"{""base_field.npz"":""cells/rotation_s1_move_m5/base_field.npz"",""base_reconstruction.npy"":""cells/rotation_s1_move_m5/base_reconstruction.npy"",""config.json"":""cells/rotation_s1_move_m5/config.json"",""curves.png"":""cells/rotation_s1_move_m5/curves.png"",""decision"":""decision.json"",""error.png"":""cells/rotation_s1_move_m5/error.png"",""field.npz"":""cells/rotation_s1_move_m5/field.npz"",""gradient_packet"":""cases/rotation_s1/gradient_packet.npz"",""history.json"":""cells/rotation_s1_move_m5/history.json"",""immediate.png"":""cells/rotation_s1_move_m5/immediate.png"",""immediate_reconstruction.npy"":""cells/rotation_s1_move_m5/immediate_reconstruction.npy"",""input_field.npz"":""cells/rotation_s1_move_m5/input_field.npz"",""progress.jsonl"":""cells/rotation_s1_move_m5/progress.jsonl"",""reconstruction.npy"":""cells/rotation_s1_move_m5/reconstruction.npy"",""reconstruction.png"":""cells/rotation_s1_move_m5/reconstruction.png"",""target.npy"":""cells/rotation_s1_move_m5/target.npy"",""target.png"":""cells/rotation_s1_move_m5/target.png""}",4.55311206142369e-05,rotation_s1_move_m5,0.0,recovery only,,2,rotation,21,20,0.0,4.55311206142369e-05,20,0.003168023657053709,0.5,0.9992954134941101,3,0.00012498247087933123,6.1066388983095435e-09,1.751760530543824e-21,0.004000232001999393,54.06488617239232,4.357010348542898e-05,1,20,6,false,-1.9276398234069347e-05,ok,1.9610171288079265e-06,23,0.02906212800007779
move_m10,move,"{""base_field.npz"":""cells/rotation_s1_move_m10/base_field.npz"",""base_reconstruction.npy"":""cells/rotation_s1_move_m10/base_reconstruction.npy"",""config.json"":""cells/rotation_s1_move_m10/config.json"",""curves.png"":""cells/rotation_s1_move_m10/curves.png"",""decision"":""decision.json"",""error.png"":""cells/rotation_s1_move_m10/error.png"",""field.npz"":""cells/rotation_s1_move_m10/field.npz"",""gradient_packet"":""cases/rotation_s1/gradient_packet.npz"",""history.json"":""cells/rotation_s1_move_m10/history.json"",""immediate.png"":""cells/rotation_s1_move_m10/immediate.png"",""immediate_reconstruction.npy"":""cells/rotation_s1_move_m10/immediate_reconstruction.npy"",""input_field.npz"":""cells/rotation_s1_move_m10/input_field.npz"",""progress.jsonl"":""cells/rotation_s1_move_m10/progress.jsonl"",""reconstruction.npy"":""cells/rotation_s1_move_m10/reconstruction.npy"",""reconstruction.png"":""cells/rotation_s1_move_m10/reconstruction.png"",""target.npy"":""cells/rotation_s1_move_m10/target.npy"",""target.png"":""cells/rotation_s1_move_m10/target.png""}",4.55311206142369e-05,rotation_s1_move_m10,0.0,recovery only,,2,rotation,21,20,0.0,4.55311206142369e-05,20,0.003168023657053709,1.0,0.9992954134941101,3,0.00012498247087933123,6.1066388983095435e-09,2.3659255755963246e-21,0.004000232001999393,54.06488617239232,4.357010348542898e-05,1,20,6,false,-1.9276398234069347e-05,ok,1.9610171288079265e-06,23,0.02796235400091973
scale_m5,scale,"{""base_field.npz"":""cells/rotation_s1_scale_m5/base_field.npz"",""base_reconstruction.npy"":""cells/rotation_s1_scale_m5/base_reconstruction.npy"",""config.json"":""cells/rotation_s1_scale_m5/config.json"",""curves.png"":""cells/rotation_s1_scale_m5/curves.png"",""decision"":""decision.json"",""error.png"":""cells/rotation_s1_scale_m5/error.png"",""field.npz"":""cells/rotation_s1_scale_m5/field.npz"",""gradient_packet"":""cases/rotation_s1/gradient_packet.npz"",""history.json"":""cells/rotation_s1_scale_m5/history.json"",""immediate.png"":""cells/rotation_s1_scale_m5/immediate.png"",""immediate_reconstruction.npy"":""cells/rotation_s1_scale_m5/immediate_reconstruction.npy"",""input_field.npz"":""cells/rotation_s1_scale_m5/input_field.npz"",""progress.jsonl"":""cells/rotation_s1_scale_m5/progress.jsonl"",""reconstruction.npy"":""cells/rotation_s1_scale_m5/reconstruction.npy"",""reconstruction.png"":""cells/rotation_s1_scale_m5/reconstruction.png"",""target.npy"":""cells/rotation_s1_scale_m5/target.npy"",""target.png"":""cells/rotation_s1_scale_m5/target.png""}",4.55311206142369e-05,rotation_s1_scale_m5,0.0,recovery only,,2,rotation,21,20,7.1938543206689605e-06,3.833726629356794e-05,20,0.0006992651615291834,0.5,0.9995832443237305,3,0.00012498247087933123,6.1066388983095435e-09,7.192389603005722e-06,0.004000232001999393,55.63140926378124,4.4163929969569306e-05,1,20,6,false,-1.9276398234069347e-05,ok,1.3671906446675936e-06,23,0.027332138000929262
scale_m10,scale,"{""base_field.npz"":""cells/rotation_s1_scale_m10/base_field.npz"",""base_reconstruction.npy"":""cells/rotation_s1_scale_m10/base_reconstruction.npy"",""config.json"":""cells/rotation_s1_scale_m10/config.json"",""curves.png"":""cells/rotation_s1_scale_m10/curves.png"",""decision"":""decision.json"",""error.png"":""cells/rotation_s1_scale_m10/error.png"",""field.npz"":""cells/rotation_s1_scale_m10/field.npz"",""gradient_packet"":""cases/rotation_s1/gradient_packet.npz"",""history.json"":""cells/rotation_s1_scale_m10/history.json"",""immediate.png"":""cells/rotation_s1_scale_m10/immediate.png"",""immediate_reconstruction.npy"":""cells/rotation_s1_scale_m10/immediate_reconstruction.npy"",""input_field.npz"":""cells/rotation_s1_scale_m10/input_field.npz"",""progress.jsonl"":""cells/rotation_s1_scale_m10/progress.jsonl"",""reconstruction.npy"":""cells/rotation_s1_scale_m10/reconstruction.npy"",""reconstruction.png"":""cells/rotation_s1_scale_m10/reconstruction.png"",""target.npy"":""cells/rotation_s1_scale_m10/target.npy"",""target.png"":""cells/rotation_s1_scale_m10/target.png""}",4.55311206142369e-05,rotation_s1_scale_m10,0.0,recovery only,,2,rotation,21,20,9.648252331290004e-06,3.58828682829469e-05,20,0.00030717052868567407,1.0,0.9995334148406982,3,0.00012498247087933123,6.1066388983095435e-09,9.68278618529439e-06,0.004000232001999393,55.386308917570155,4.40845517519447e-05,1,20,6,false,-1.9276398234069347e-05,ok,1.4465688622922024e-06,23,0.027508423001563642
rotate_m5,rotate,"{""base_field.npz"":""cells/rotation_s1_rotate_m5/base_field.npz"",""base_reconstruction.npy"":""cells/rotation_s1_rotate_m5/base_reconstruction.npy"",""config.json"":""cells/rotation_s1_rotate_m5/config.json"",""curves.png"":""cells/rotation_s1_rotate_m5/curves.png"",""decision"":""decision.json"",""error.png"":""cells/rotation_s1_rotate_m5/error.png"",""field.npz"":""cells/rotation_s1_rotate_m5/field.npz"",""gradient_packet"":""cases/rotation_s1/gradient_packet.npz"",""history.json"":""cells/rotation_s1_rotate_m5/history.json"",""immediate.png"":""cells/rotation_s1_rotate_m5/immediate.png"",""immediate_reconstruction.npy"":""cells/rotation_s1_rotate_m5/immediate_reconstruction.npy"",""input_field.npz"":""cells/rotation_s1_rotate_m5/input_field.npz"",""progress.jsonl"":""cells/rotation_s1_rotate_m5/progress.jsonl"",""reconstruction.npy"":""cells/rotation_s1_rotate_m5/reconstruction.npy"",""reconstruction.png"":""cells/rotation_s1_rotate_m5/reconstruction.png"",""target.npy"":""cells/rotation_s1_rotate_m5/target.npy"",""target.png"":""cells/rotation_s1_rotate_m5/target.png""}",4.55311206142369e-05,rotation_s1_rotate_m5,0.0,recovery only,,2,rotation,21,20,8.809410970652823e-06,3.672170964358408e-05,20,0.0015097802970558405,0.5,0.9993953108787537,3,0.00012498247087933123,6.1066388983095435e-09,8.503581739205401e-06,0.004000232001999393,54.52019870323511,4.376528555957215e-05,1,20,6,false,-1.9276398234069347e-05,ok,1.7658350546647519e-06,23,0.02729793199978303
rotate_m10,rotate,"{""base_field.npz"":""cells/rotation_s1_rotate_m10/base_field.npz"",""base_reconstruction.npy"":""cells/rotation_s1_rotate_m10/base_reconstruction.npy"",""config.json"":""cells/rotation_s1_rotate_m10/config.json"",""curves.png"":""cells/rotation_s1_rotate_m10/curves.png"",""decision"":""decision.json"",""error.png"":""cells/rotation_s1_rotate_m10/error.png"",""field.npz"":""cells/rotation_s1_rotate_m10/field.npz"",""gradient_packet"":""cases/rotation_s1/gradient_packet.npz"",""history.json"":""cells/rotation_s1_rotate_m10/history.json"",""immediate.png"":""cells/rotation_s1_rotate_m10/immediate.png"",""immediate_reconstruction.npy"":""cells/rotation_s1_rotate_m10/immediate_reconstruction.npy"",""input_field.npz"":""cells/rotation_s1_rotate_m10/input_field.npz"",""progress.jsonl"":""cells/rotation_s1_rotate_m10/progress.jsonl"",""reconstruction.npy"":""cells/rotation_s1_rotate_m10/reconstruction.npy"",""reconstruction.png"":""cells/rotation_s1_rotate_m10/reconstruction.png"",""target.npy"":""cells/rotation_s1_rotate_m10/target.npy"",""target.png"":""cells/rotation_s1_rotate_m10/target.png""}",4.55311206142369e-05,rotation_s1_rotate_m10,0.0,recovery only,,2,rotation,21,20,1.6900972521410843e-05,2.863014809282606e-05,20,0.0005519705591723323,1.0,0.9994523525238037,3,0.00012498247087933123,6.1066388983095435e-09,1.576465911057312e-05,0.004000232001999393,54.73775342559967,4.385156394500741e-05,1,20,6,false,-1.9276398234069347e-05,ok,1.6795566692294928e-06,23,0.027756378000049153
color_m5,color,"{""base_field.npz"":""cells/rotation_s1_color_m5/base_field.npz"",""base_reconstruction.npy"":""cells/rotation_s1_color_m5/base_reconstruction.npy"",""config.json"":""cells/rotation_s1_color_m5/config.json"",""curves.png"":""cells/rotation_s1_color_m5/curves.png"",""decision"":""decision.json"",""error.png"":""cells/rotation_s1_color_m5/error.png"",""field.npz"":""cells/rotation_s1_color_m5/field.npz"",""gradient_packet"":""cases/rotation_s1/gradient_packet.npz"",""history.json"":""cells/rotation_s1_color_m5/history.json"",""immediate.png"":""cells/rotation_s1_color_m5/immediate.png"",""immediate_reconstruction.npy"":""cells/rotation_s1_color_m5/immediate_reconstruction.npy"",""input_field.npz"":""cells/rotation_s1_color_m5/input_field.npz"",""progress.jsonl"":""cells/rotation_s1_color_m5/progress.jsonl"",""reconstruction.npy"":""cells/rotation_s1_color_m5/reconstruction.npy"",""reconstruction.png"":""cells/rotation_s1_color_m5/reconstruction.png"",""target.npy"":""cells/rotation_s1_color_m5/target.npy"",""target.png"":""cells/rotation_s1_color_m5/target.png""}",4.55311206142369e-05,rotation_s1_color_m5,0.0,recovery only,,2,rotation,21,20,3.4306271058847846e-07,4.5188057903648424e-05,20,0.003444727510213852,0.5,0.999285101890564,3,0.00012498247087933123,6.1066388983095435e-09,3.43062424690288e-07,0.004000232001999393,53.9220586582593,4.350453881228063e-05,1,20,6,false,-1.9276398234069347e-05,ok,2.0265818019562724e-06,23,0.02723866700034705
color_m10,color,"{""base_field.npz"":""cells/rotation_s1_color_m10/base_field.npz"",""base_reconstruction.npy"":""cells/rotation_s1_color_m10/base_reconstruction.npy"",""config.json"":""cells/rotation_s1_color_m10/config.json"",""curves.png"":""cells/rotation_s1_color_m10/curves.png"",""decision"":""decision.json"",""error.png"":""cells/rotation_s1_color_m10/error.png"",""field.npz"":""cells/rotation_s1_color_m10/field.npz"",""gradient_packet"":""cases/rotation_s1/gradient_packet.npz"",""history.json"":""cells/rotation_s1_color_m10/history.json"",""immediate.png"":""cells/rotation_s1_color_m10/immediate.png"",""immediate_reconstruction.npy"":""cells/rotation_s1_color_m10/immediate_reconstruction.npy"",""input_field.npz"":""cells/rotation_s1_color_m10/input_field.npz"",""progress.jsonl"":""cells/rotation_s1_color_m10/progress.jsonl"",""reconstruction.npy"":""cells/rotation_s1_color_m10/reconstruction.npy"",""reconstruction.png"":""cells/rotation_s1_color_m10/reconstruction.png"",""target.npy"":""cells/rotation_s1_color_m10/target.npy"",""target.png"":""cells/rotation_s1_color_m10/target.png""}",4.55311206142369e-05,rotation_s1_color_m10,0.0,recovery only,,2,rotation,21,20,4.604264598606628e-07,4.507069415437624e-05,20,0.003688940778374672,1.0,0.9992589950561523,3,0.00012498247087933123,6.1066388983095435e-09,4.604258663221117e-07,0.004000232001999393,53.469240456194626,4.328182799217752e-05,1,20,6,false,-1.9276398234069347e-05,ok,2.249292622059382e-06,23,0.02745514500202262
split_d1_m5,split,"{""base_field.npz"":""cells/rotation_s1_split_d1_m5/base_field.npz"",""base_reconstruction.npy"":""cells/rotation_s1_split_d1_m5/base_reconstruction.npy"",""config.json"":""cells/rotation_s1_split_d1_m5/config.json"",""curves.png"":""cells/rotation_s1_split_d1_m5/curves.png"",""decision"":""decision.json"",""error.png"":""cells/rotation_s1_split_d1_m5/error.png"",""field.npz"":""cells/rotation_s1_split_d1_m5/field.npz"",""gradient_packet"":""cases/rotation_s1/gradient_packet.npz"",""history.json"":""cells/rotation_s1_split_d1_m5/history.json"",""immediate.png"":""cells/rotation_s1_split_d1_m5/immediate.png"",""immediate_reconstruction.npy"":""cells/rotation_s1_split_d1_m5/immediate_reconstruction.npy"",""input_field.npz"":""cells/rotation_s1_split_d1_m5/input_field.npz"",""progress.jsonl"":""cells/rotation_s1_split_d1_m5/progress.jsonl"",""reconstruction.npy"":""cells/rotation_s1_split_d1_m5/reconstruction.npy"",""reconstruction.png"":""cells/rotation_s1_split_d1_m5/reconstruction.png"",""target.npy"":""cells/rotation_s1_split_d1_m5/target.npy"",""target.png"":""cells/rotation_s1_split_d1_m5/target.png""}",4.55311206142369e-05,rotation_s1_split_d1_m5,0.0,recovery only,1,2,rotation,21,20,1.1981005357700143e-05,3.355011525653676e-05,20,0.001993733923882246,0.5,0.9905855655670166,3,0.00012498247087933123,6.1066388983095435e-09,2.222697003162466e-05,0.004000232001999393,51.408165308742554,4.191574459135539e-05,1,20,6,false,-1.9276398234069347e-05,ok,3.6153760228815095e-06,23,0.03072576900012791
split_d1_m10,split,"{""base_field.npz"":""cells/rotation_s1_split_d1_m10/base_field.npz"",""base_reconstruction.npy"":""cells/rotation_s1_split_d1_m10/base_reconstruction.npy"",""config.json"":""cells/rotation_s1_split_d1_m10/config.json"",""curves.png"":""cells/rotation_s1_split_d1_m10/curves.png"",""decision"":""decision.json"",""error.png"":""cells/rotation_s1_split_d1_m10/error.png"",""field.npz"":""cells/rotation_s1_split_d1_m10/field.npz"",""gradient_packet"":""cases/rotation_s1/gradient_packet.npz"",""history.json"":""cells/rotation_s1_split_d1_m10/history.json"",""immediate.png"":""cells/rotation_s1_split_d1_m10/immediate.png"",""immediate_reconstruction.npy"":""cells/rotation_s1_split_d1_m10/immediate_reconstruction.npy"",""input_field.npz"":""cells/rotation_s1_split_d1_m10/input_field.npz"",""progress.jsonl"":""cells/rotation_s1_split_d1_m10/progress.jsonl"",""reconstruction.npy"":""cells/rotation_s1_split_d1_m10/reconstruction.npy"",""reconstruction.png"":""cells/rotation_s1_split_d1_m10/reconstruction.png"",""target.npy"":""cells/rotation_s1_split_d1_m10/target.npy"",""target.png"":""cells/rotation_s1_split_d1_m10/target.png""}",4.55311206142369e-05,rotation_s1_split_d1_m10,0.0,recovery only,1,2,rotation,21,20,-3.7414310663001425e-05,8.294543127723833e-05,20,0.002073019975796342,1.0,0.9889676570892334,3,0.00012498247087933123,6.1066388983095435e-09,9.624834638088942e-05,0.004000232001999393,49.27305602231631,3.962007375615035e-05,1,20,6,false,-1.9276398234069347e-05,ok,5.911046858086554e-06,23,0.027695538999978453
split_d2_m5,split,"{""base_field.npz"":""cells/rotation_s1_split_d2_m5/base_field.npz"",""base_reconstruction.npy"":""cells/rotation_s1_split_d2_m5/base_reconstruction.npy"",""config.json"":""cells/rotation_s1_split_d2_m5/config.json"",""curves.png"":""cells/rotation_s1_split_d2_m5/curves.png"",""decision"":""decision.json"",""error.png"":""cells/rotation_s1_split_d2_m5/error.png"",""field.npz"":""cells/rotation_s1_split_d2_m5/field.npz"",""gradient_packet"":""cases/rotation_s1/gradient_packet.npz"",""history.json"":""cells/rotation_s1_split_d2_m5/history.json"",""immediate.png"":""cells/rotation_s1_split_d2_m5/immediate.png"",""immediate_reconstruction.npy"":""cells/rotation_s1_split_d2_m5/immediate_reconstruction.npy"",""input_field.npz"":""cells/rotation_s1_split_d2_m5/input_field.npz"",""progress.jsonl"":""cells/rotation_s1_split_d2_m5/progress.jsonl"",""reconstruction.npy"":""cells/rotation_s1_split_d2_m5/reconstruction.npy"",""reconstruction.png"":""cells/rotation_s1_split_d2_m5/reconstruction.png"",""target.npy"":""cells/rotation_s1_split_d2_m5/target.npy"",""target.png"":""cells/rotation_s1_split_d2_m5/target.png""}",4.55311206142369e-05,rotation_s1_split_d2_m5,0.0,recovery only,2,2,rotation,21,20,-2.4721300422620255e-05,7.025242103685716e-05,20,0.013912658207118511,0.5,0.9526491761207581,3,0.00012498247087933123,6.1066388983095435e-09,-1.4475328498519957e-05,0.004000232001999393,40.934744513603775,5.213438811034993e-06,1,20,6,false,-1.9276398234069347e-05,ok,4.031768180320191e-05,23,0.02771511899845791
split_d2_m10,split,"{""base_field.npz"":""cells/rotation_s1_split_d2_m10/base_field.npz"",""base_reconstruction.npy"":""cells/rotation_s1_split_d2_m10/base_reconstruction.npy"",""config.json"":""cells/rotation_s1_split_d2_m10/config.json"",""curves.png"":""cells/rotation_s1_split_d2_m10/curves.png"",""decision"":""decision.json"",""error.png"":""cells/rotation_s1_split_d2_m10/error.png"",""field.npz"":""cells/rotation_s1_split_d2_m10/field.npz"",""gradient_packet"":""cases/rotation_s1/gradient_packet.npz"",""history.json"":""cells/rotation_s1_split_d2_m10/history.json"",""immediate.png"":""cells/rotation_s1_split_d2_m10/immediate.png"",""immediate_reconstruction.npy"":""cells/rotation_s1_split_d2_m10/immediate_reconstruction.npy"",""input_field.npz"":""cells/rotation_s1_split_d2_m10/input_field.npz"",""progress.jsonl"":""cells/rotation_s1_split_d2_m10/progress.jsonl"",""reconstruction.npy"":""cells/rotation_s1_split_d2_m10/reconstruction.npy"",""reconstruction.png"":""cells/rotation_s1_split_d2_m10/reconstruction.png"",""target.npy"":""cells/rotation_s1_split_d2_m10/target.npy"",""target.png"":""cells/rotation_s1_split_d2_m10/target.png""}",4.55311206142369e-05,rotation_s1_split_d2_m10,0.0,recovery only,2,2,rotation,21,20,-7.411661644332186e-05,0.00011964773705755876,20,0.013811313547194004,1.0,0.9510180354118347,3,0.00012498247087933123,6.1066388983095435e-09,5.954604421276599e-05,0.004000232001999393,40.69424300337837,2.9177679758299557e-06,1,20,6,false,-1.9276398234069347e-05,ok,4.2613352638406946e-05,23,0.02882777500053635
birth_d1,birth,"{""base_field.npz"":""cells/rotation_s1_birth_d1/base_field.npz"",""base_reconstruction.npy"":""cells/rotation_s1_birth_d1/base_reconstruction.npy"",""config.json"":""cells/rotation_s1_birth_d1/config.json"",""curves.png"":""cells/rotation_s1_birth_d1/curves.png"",""decision"":""decision.json"",""error.png"":""cells/rotation_s1_birth_d1/error.png"",""field.npz"":""cells/rotation_s1_birth_d1/field.npz"",""gradient_packet"":""cases/rotation_s1/gradient_packet.npz"",""history.json"":""cells/rotation_s1_birth_d1/history.json"",""immediate.png"":""cells/rotation_s1_birth_d1/immediate.png"",""immediate_reconstruction.npy"":""cells/rotation_s1_birth_d1/immediate_reconstruction.npy"",""input_field.npz"":""cells/rotation_s1_birth_d1/input_field.npz"",""progress.jsonl"":""cells/rotation_s1_birth_d1/progress.jsonl"",""reconstruction.npy"":""cells/rotation_s1_birth_d1/reconstruction.npy"",""reconstruction.png"":""cells/rotation_s1_birth_d1/reconstruction.png"",""target.npy"":""cells/rotation_s1_birth_d1/target.npy"",""target.png"":""cells/rotation_s1_birth_d1/target.png""}",4.55311206142369e-05,rotation_s1_birth_d1,0.0,recovery only,1,2,rotation,21,20,4.748698281609282e-06,4.078242233262762e-05,20,0.001244766404852271,1.0,0.990710437297821,3,0.00012498247087933123,6.1066388983095435e-09,-1.954278104676632e-06,0.004000232001999393,52.24824265284031,4.255160449675833e-05,1,20,6,false,-1.9276398234069347e-05,ok,2.979516117478577e-06,23,0.027556500001082895
birth_d2,birth,"{""base_field.npz"":""cells/rotation_s1_birth_d2/base_field.npz"",""base_reconstruction.npy"":""cells/rotation_s1_birth_d2/base_reconstruction.npy"",""config.json"":""cells/rotation_s1_birth_d2/config.json"",""curves.png"":""cells/rotation_s1_birth_d2/curves.png"",""decision"":""decision.json"",""error.png"":""cells/rotation_s1_birth_d2/error.png"",""field.npz"":""cells/rotation_s1_birth_d2/field.npz"",""gradient_packet"":""cases/rotation_s1/gradient_packet.npz"",""history.json"":""cells/rotation_s1_birth_d2/history.json"",""immediate.png"":""cells/rotation_s1_birth_d2/immediate.png"",""immediate_reconstruction.npy"":""cells/rotation_s1_birth_d2/immediate_reconstruction.npy"",""input_field.npz"":""cells/rotation_s1_birth_d2/input_field.npz"",""progress.jsonl"":""cells/rotation_s1_birth_d2/progress.jsonl"",""reconstruction.npy"":""cells/rotation_s1_birth_d2/reconstruction.npy"",""reconstruction.png"":""cells/rotation_s1_birth_d2/reconstruction.png"",""target.npy"":""cells/rotation_s1_birth_d2/target.npy"",""target.png"":""cells/rotation_s1_birth_d2/target.png""}",4.55311206142369e-05,rotation_s1_birth_d2,0.0,recovery only,2,2,rotation,21,20,-3.1953607498711116e-05,7.748472811294802e-05,20,0.01345845777541399,1.0,0.9528528451919556,3,0.00012498247087933123,6.1066388983095435e-09,-3.86565770895686e-05,0.004000232001999393,41.00378400783403,5.849298716437929e-06,1,20,6,false,-1.9276398234069347e-05,ok,3.9681821897798973e-05,23,0.027367107999452855
noop,noop,"{""base_field.npz"":""cells/rotation_s2_noop/base_field.npz"",""base_reconstruction.npy"":""cells/rotation_s2_noop/base_reconstruction.npy"",""config.json"":""cells/rotation_s2_noop/config.json"",""curves.png"":""cells/rotation_s2_noop/curves.png"",""decision"":""decision.json"",""error.png"":""cells/rotation_s2_noop/error.png"",""field.npz"":""cells/rotation_s2_noop/field.npz"",""gradient_packet"":""cases/rotation_s2/gradient_packet.npz"",""history.json"":""cells/rotation_s2_noop/history.json"",""immediate.png"":""cells/rotation_s2_noop/immediate.png"",""immediate_reconstruction.npy"":""cells/rotation_s2_noop/immediate_reconstruction.npy"",""input_field.npz"":""cells/rotation_s2_noop/input_field.npz"",""progress.jsonl"":""cells/rotation_s2_noop/progress.jsonl"",""reconstruction.npy"":""cells/rotation_s2_noop/reconstruction.npy"",""reconstruction.png"":""cells/rotation_s2_noop/reconstruction.png"",""target.npy"":""cells/rotation_s2_noop/target.npy"",""target.png"":""cells/rotation_s2_noop/target.png""}",4.552923263124498e-05,rotation_s2_noop,0.0,recovery only,,2,rotation,21,20,0.0,4.552923263124498e-05,20,0.0024301621597260237,0.0,0.9993011951446533,3,0.00012513442197814584,3.100139219345043e-08,0.0,0.0039666250013397075,54.06957875491195,4.3570333250954004e-05,2,20,6,false,-1.932324084918946e-05,ok,1.9588993802909747e-06,23,0.027296750999084907
move_m5,move,"{""base_field.npz"":""cells/rotation_s2_move_m5/base_field.npz"",""base_reconstruction.npy"":""cells/rotation_s2_move_m5/base_reconstruction.npy"",""config.json"":""cells/rotation_s2_move_m5/config.json"",""curves.png"":""cells/rotation_s2_move_m5/curves.png"",""decision"":""decision.json"",""error.png"":""cells/rotation_s2_move_m5/error.png"",""field.npz"":""cells/rotation_s2_move_m5/field.npz"",""gradient_packet"":""cases/rotation_s2/gradient_packet.npz"",""history.json"":""cells/rotation_s2_move_m5/history.json"",""immediate.png"":""cells/rotation_s2_move_m5/immediate.png"",""immediate_reconstruction.npy"":""cells/rotation_s2_move_m5/immediate_reconstruction.npy"",""input_field.npz"":""cells/rotation_s2_move_m5/input_field.npz"",""progress.jsonl"":""cells/rotation_s2_move_m5/progress.jsonl"",""reconstruction.npy"":""cells/rotation_s2_move_m5/reconstruction.npy"",""reconstruction.png"":""cells/rotation_s2_move_m5/reconstruction.png"",""target.npy"":""cells/rotation_s2_move_m5/target.npy"",""target.png"":""cells/rotation_s2_move_m5/target.png""}",4.552923263124498e-05,rotation_s2_move_m5,0.0,recovery only,,2,rotation,21,20,0.0,4.552923263124498e-05,20,0.0024301621597260237,0.5,0.9993011951446533,3,0.00012513442197814584,3.100139219345043e-08,2.906286803742845e-20,0.0039666250013397075,54.06957875491195,4.3570333250954004e-05,2,20,6,false,-1.932324084918946e-05,ok,1.9588993802909747e-06,23,0.028158006000012392
move_m10,move,"{""base_field.npz"":""cells/rotation_s2_move_m10/base_field.npz"",""base_reconstruction.npy"":""cells/rotation_s2_move_m10/base_reconstruction.npy"",""config.json"":""cells/rotation_s2_move_m10/config.json"",""curves.png"":""cells/rotation_s2_move_m10/curves.png"",""decision"":""decision.json"",""error.png"":""cells/rotation_s2_move_m10/error.png"",""field.npz"":""cells/rotation_s2_move_m10/field.npz"",""gradient_packet"":""cases/rotation_s2/gradient_packet.npz"",""history.json"":""cells/rotation_s2_move_m10/history.json"",""immediate.png"":""cells/rotation_s2_move_m10/immediate.png"",""immediate_reconstruction.npy"":""cells/rotation_s2_move_m10/immediate_reconstruction.npy"",""input_field.npz"":""cells/rotation_s2_move_m10/input_field.npz"",""progress.jsonl"":""cells/rotation_s2_move_m10/progress.jsonl"",""reconstruction.npy"":""cells/rotation_s2_move_m10/reconstruction.npy"",""reconstruction.png"":""cells/rotation_s2_move_m10/reconstruction.png"",""target.npy"":""cells/rotation_s2_move_m10/target.npy"",""target.png"":""cells/rotation_s2_move_m10/target.png""}",4.552923263124498e-05,rotation_s2_move_m10,0.0,recovery only,,2,rotation,21,20,0.0,4.552923263124498e-05,20,0.0024301621597260237,1.0,0.9993011951446533,3,0.00012513442197814584,3.100139219345043e-08,3.897941295109532e-20,0.0039666250013397075,54.06957875491195,4.3570333250954004e-05,2,20,6,false,-1.932324084918946e-05,ok,1.9588993802909747e-06,23,0.02761493100115331
scale_m5,scale,"{""base_field.npz"":""cells/rotation_s2_scale_m5/base_field.npz"",""base_reconstruction.npy"":""cells/rotation_s2_scale_m5/base_reconstruction.npy"",""config.json"":""cells/rotation_s2_scale_m5/config.json"",""curves.png"":""cells/rotation_s2_scale_m5/curves.png"",""decision"":""decision.json"",""error.png"":""cells/rotation_s2_scale_m5/error.png"",""field.npz"":""cells/rotation_s2_scale_m5/field.npz"",""gradient_packet"":""cases/rotation_s2/gradient_packet.npz"",""history.json"":""cells/rotation_s2_scale_m5/history.json"",""immediate.png"":""cells/rotation_s2_scale_m5/immediate.png"",""immediate_reconstruction.npy"":""cells/rotation_s2_scale_m5/immediate_reconstruction.npy"",""input_field.npz"":""cells/rotation_s2_scale_m5/input_field.npz"",""progress.jsonl"":""cells/rotation_s2_scale_m5/progress.jsonl"",""reconstruction.npy"":""cells/rotation_s2_scale_m5/reconstruction.npy"",""reconstruction.png"":""cells/rotation_s2_scale_m5/reconstruction.png"",""target.npy"":""cells/rotation_s2_scale_m5/target.npy"",""target.png"":""cells/rotation_s2_scale_m5/target.png""}",4.552923263124498e-05,rotation_s2_scale_m5,0.0,recovery only,,2,rotation,21,20,7.1974796984193795e-06,3.83317529328256e-05,20,0.0004015869344584644,0.5,0.9995766878128052,3,0.00012513442197814584,3.100139219345043e-08,7.219369763333816e-06,0.0039666250013397075,55.52051089737417,4.412668081602085e-05,2,20,6,false,-1.932324084918946e-05,ok,1.4025518152241265e-06,23,0.027922140001464868
scale_m10,scale,"{""base_field.npz"":""cells/rotation_s2_scale_m10/base_field.npz"",""base_reconstruction.npy"":""cells/rotation_s2_scale_m10/base_reconstruction.npy"",""config.json"":""cells/rotation_s2_scale_m10/config.json"",""curves.png"":""cells/rotation_s2_scale_m10/curves.png"",""decision"":""decision.json"",""error.png"":""cells/rotation_s2_scale_m10/error.png"",""field.npz"":""cells/rotation_s2_scale_m10/field.npz"",""gradient_packet"":""cases/rotation_s2/gradient_packet.npz"",""history.json"":""cells/rotation_s2_scale_m10/history.json"",""immediate.png"":""cells/rotation_s2_scale_m10/immediate.png"",""immediate_reconstruction.npy"":""cells/rotation_s2_scale_m10/immediate_reconstruction.npy"",""input_field.npz"":""cells/rotation_s2_scale_m10/input_field.npz"",""progress.jsonl"":""cells/rotation_s2_scale_m10/progress.jsonl"",""reconstruction.npy"":""cells/rotation_s2_scale_m10/reconstruction.npy"",""reconstruction.png"":""cells/rotation_s2_scale_m10/reconstruction.png"",""target.npy"":""cells/rotation_s2_scale_m10/target.npy"",""target.png"":""cells/rotation_s2_scale_m10/target.png""}",4.552923263124498e-05,rotation_s2_scale_m10,0.0,recovery only,,2,rotation,21,20,9.641703133316929e-06,3.588752949792805e-05,20,0.0006637382321059704,1.0,0.9995356798171997,3,0.00012513442197814584,3.100139219345043e-08,9.719185982248746e-06,0.0039666250013397075,55.40606688261444,4.408922989915557e-05,2,20,6,false,-1.932324084918946e-05,ok,1.4400027320894093e-06,23,0.02723137700013467
rotate_m5,rotate,"{""base_field.npz"":""cells/rotation_s2_rotate_m5/base_field.npz"",""base_reconstruction.npy"":""cells/rotation_s2_rotate_m5/base_reconstruction.npy"",""config.json"":""cells/rotation_s2_rotate_m5/config.json"",""curves.png"":""cells/rotation_s2_rotate_m5/curves.png"",""decision"":""decision.json"",""error.png"":""cells/rotation_s2_rotate_m5/error.png"",""field.npz"":""cells/rotation_s2_rotate_m5/field.npz"",""gradient_packet"":""cases/rotation_s2/gradient_packet.npz"",""history.json"":""cells/rotation_s2_rotate_m5/history.json"",""immediate.png"":""cells/rotation_s2_rotate_m5/immediate.png"",""immediate_reconstruction.npy"":""cells/rotation_s2_rotate_m5/immediate_reconstruction.npy"",""input_field.npz"":""cells/rotation_s2_rotate_m5/input_field.npz"",""progress.jsonl"":""cells/rotation_s2_rotate_m5/progress.jsonl"",""reconstruction.npy"":""cells/rotation_s2_rotate_m5/reconstruction.npy"",""reconstruction.png"":""cells/rotation_s2_rotate_m5/reconstruction.png"",""target.npy"":""cells/rotation_s2_rotate_m5/target.npy"",""target.png"":""cells/rotation_s2_rotate_m5/target.png""}",4.552923263124498e-05,rotation_s2_rotate_m5,0.0,recovery only,,2,rotation,21,20,8.813570012173311e-06,3.671566261907167e-05,20,0.0008071977063082159,0.5,0.9993973970413208,3,0.00012513442197814584,3.100139219345043e-08,8.512418389727827e-06,0.0039666250013397075,54.51127351322994,4.375976487578437e-05,2,20,6,false,-1.932324084918946e-05,ok,1.769467755460612e-06,23,0.02846818199759582
rotate_m10,rotate,"{""base_field.npz"":""cells/rotation_s2_rotate_m10/base_field.npz"",""base_reconstruction.npy"":""cells/rotation_s2_rotate_m10/base_reconstruction.npy"",""config.json"":""cells/rotation_s2_rotate_m10/config.json"",""curves.png"":""cells/rotation_s2_rotate_m10/curves.png"",""decision"":""decision.json"",""error.png"":""cells/rotation_s2_rotate_m10/error.png"",""field.npz"":""cells/rotation_s2_rotate_m10/field.npz"",""gradient_packet"":""cases/rotation_s2/gradient_packet.npz"",""history.json"":""cells/rotation_s2_rotate_m10/history.json"",""immediate.png"":""cells/rotation_s2_rotate_m10/immediate.png"",""immediate_reconstruction.npy"":""cells/rotation_s2_rotate_m10/immediate_reconstruction.npy"",""input_field.npz"":""cells/rotation_s2_rotate_m10/input_field.npz"",""progress.jsonl"":""cells/rotation_s2_rotate_m10/progress.jsonl"",""reconstruction.npy"":""cells/rotation_s2_rotate_m10/reconstruction.npy"",""reconstruction.png"":""cells/rotation_s2_rotate_m10/reconstruction.png"",""target.npy"":""cells/rotation_s2_rotate_m10/target.npy"",""target.png"":""cells/rotation_s2_rotate_m10/target.png""}",4.552923263124498e-05,rotation_s2_rotate_m10,0.0,recovery only,,2,rotation,21,20,1.6904132970036897e-05,2.8625099661208083e-05,20,0.0004962660605087876,1.0,0.9994546175003052,3,0.00012513442197814584,3.100139219345043e-08,1.5781468391651288e-05,0.0039666250013397075,54.740231861601686,4.3850634179615853e-05,2,20,6,false,-1.932324084918946e-05,ok,1.6785984516291283e-06,23,0.027760142998886295
color_m5,color,"{""base_field.npz"":""cells/rotation_s2_color_m5/base_field.npz"",""base_reconstruction.npy"":""cells/rotation_s2_color_m5/base_reconstruction.npy"",""config.json"":""cells/rotation_s2_color_m5/config.json"",""curves.png"":""cells/rotation_s2_color_m5/curves.png"",""decision"":""decision.json"",""error.png"":""cells/rotation_s2_color_m5/error.png"",""field.npz"":""cells/rotation_s2_color_m5/field.npz"",""gradient_packet"":""cases/rotation_s2/gradient_packet.npz"",""history.json"":""cells/rotation_s2_color_m5/history.json"",""immediate.png"":""cells/rotation_s2_color_m5/immediate.png"",""immediate_reconstruction.npy"":""cells/rotation_s2_color_m5/immediate_reconstruction.npy"",""input_field.npz"":""cells/rotation_s2_color_m5/input_field.npz"",""progress.jsonl"":""cells/rotation_s2_color_m5/progress.jsonl"",""reconstruction.npy"":""cells/rotation_s2_color_m5/reconstruction.npy"",""reconstruction.png"":""cells/rotation_s2_color_m5/reconstruction.png"",""target.npy"":""cells/rotation_s2_color_m5/target.npy"",""target.png"":""cells/rotation_s2_color_m5/target.png""}",4.552923263124498e-05,rotation_s2_color_m5,0.0,recovery only,,2,rotation,21,20,3.4303195575048466e-07,4.5186200675494496e-05,20,0.0026559573598206043,0.5,0.9992897510528564,3,0.00012513442197814584,3.100139219345043e-08,3.4303133134017116e-07,0.0039666250013397075,53.91837869375789,4.350093289136175e-05,2,20,6,false,-1.932324084918946e-05,ok,2.028299739883229e-06,23,0.02879502100040554
color_m10,color,"{""base_field.npz"":""cells/rotation_s2_color_m10/base_field.npz"",""base_reconstruction.npy"":""cells/rotation_s2_color_m10/base_reconstruction.npy"",""config.json"":""cells/rotation_s2_color_m10/config.json"",""curves.png"":""cells/rotation_s2_color_m10/curves.png"",""decision"":""decision.json"",""error.png"":""cells/rotation_s2_color_m10/error.png"",""field.npz"":""cells/rotation_s2_color_m10/field.npz"",""gradient_packet"":""cases/rotation_s2/gradient_packet.npz"",""history.json"":""cells/rotation_s2_color_m10/history.json"",""immediate.png"":""cells/rotation_s2_color_m10/immediate.png"",""immediate_reconstruction.npy"":""cells/rotation_s2_color_m10/immediate_reconstruction.npy"",""input_field.npz"":""cells/rotation_s2_color_m10/input_field.npz"",""progress.jsonl"":""cells/rotation_s2_color_m10/progress.jsonl"",""reconstruction.npy"":""cells/rotation_s2_color_m10/reconstruction.npy"",""reconstruction.png"":""cells/rotation_s2_color_m10/reconstruction.png"",""target.npy"":""cells/rotation_s2_color_m10/target.npy"",""target.png"":""cells/rotation_s2_color_m10/target.png""}",4.552923263124498e-05,rotation_s2_color_m10,0.0,recovery only,,2,rotation,21,20,4.603850243684455e-07,4.5068847606876535e-05,20,0.0027621735353022814,1.0,0.9992659091949463,3,0.00012513442197814584,3.100139219345043e-08,4.603841148309584e-07,0.0039666250013397075,53.48487047580876,4.328802054024345e-05,2,20,6,false,-1.932324084918946e-05,ok,2.2412120910015308e-06,23,0.028202924000652274
split_d1_m5,split,"{""base_field.npz"":""cells/rotation_s2_split_d1_m5/base_field.npz"",""base_reconstruction.npy"":""cells/rotation_s2_split_d1_m5/base_reconstruction.npy"",""config.json"":""cells/rotation_s2_split_d1_m5/config.json"",""curves.png"":""cells/rotation_s2_split_d1_m5/curves.png"",""decision"":""decision.json"",""error.png"":""cells/rotation_s2_split_d1_m5/error.png"",""field.npz"":""cells/rotation_s2_split_d1_m5/field.npz"",""gradient_packet"":""cases/rotation_s2/gradient_packet.npz"",""history.json"":""cells/rotation_s2_split_d1_m5/history.json"",""immediate.png"":""cells/rotation_s2_split_d1_m5/immediate.png"",""immediate_reconstruction.npy"":""cells/rotation_s2_split_d1_m5/immediate_reconstruction.npy"",""input_field.npz"":""cells/rotation_s2_split_d1_m5/input_field.npz"",""progress.jsonl"":""cells/rotation_s2_split_d1_m5/progress.jsonl"",""reconstruction.npy"":""cells/rotation_s2_split_d1_m5/reconstruction.npy"",""reconstruction.png"":""cells/rotation_s2_split_d1_m5/reconstruction.png"",""target.npy"":""cells/rotation_s2_split_d1_m5/target.npy"",""target.png"":""cells/rotation_s2_split_d1_m5/target.png""}",4.552923263124498e-05,rotation_s2_split_d1_m5,0.0,recovery only,1,2,rotation,21,20,3.29120771212607e-07,4.520011186003237e-05,20,0.007953367196023464,0.5,0.9709349274635315,3,0.00012513442197814584,3.100139219345043e-08,1.0640069376677275e-05,0.0039666250013397075,45.18626233294903,3.038163462704761e-05,2,20,6,false,-1.932324084918946e-05,ok,1.5147598004197372e-05,23,0.028079046998755075
split_d1_m10,split,"{""base_field.npz"":""cells/rotation_s2_split_d1_m10/base_field.npz"",""base_reconstruction.npy"":""cells/rotation_s2_split_d1_m10/base_reconstruction.npy"",""config.json"":""cells/rotation_s2_split_d1_m10/config.json"",""curves.png"":""cells/rotation_s2_split_d1_m10/curves.png"",""decision"":""decision.json"",""error.png"":""cells/rotation_s2_split_d1_m10/error.png"",""field.npz"":""cells/rotation_s2_split_d1_m10/field.npz"",""gradient_packet"":""cases/rotation_s2/gradient_packet.npz"",""history.json"":""cells/rotation_s2_split_d1_m10/history.json"",""immediate.png"":""cells/rotation_s2_split_d1_m10/immediate.png"",""immediate_reconstruction.npy"":""cells/rotation_s2_split_d1_m10/immediate_reconstruction.npy"",""input_field.npz"":""cells/rotation_s2_split_d1_m10/input_field.npz"",""progress.jsonl"":""cells/rotation_s2_split_d1_m10/progress.jsonl"",""reconstruction.npy"":""cells/rotation_s2_split_d1_m10/reconstruction.npy"",""reconstruction.png"":""cells/rotation_s2_split_d1_m10/reconstruction.png"",""target.npy"":""cells/rotation_s2_split_d1_m10/target.npy"",""target.png"":""cells/rotation_s2_split_d1_m10/target.png""}",4.552923263124498e-05,rotation_s2_split_d1_m10,0.0,recovery only,1,2,rotation,21,20,-4.9107830963963975e-05,9.463706359520896e-05,20,0.008221871219575405,1.0,0.9696755409240723,3,0.00012513442197814584,3.100139219345043e-08,8.484131831210107e-05,0.0039666250013397075,44.704367868238315,2.8604055694792107e-05,2,20,6,false,-1.932324084918946e-05,ok,1.6925176936452873e-05,23,0.028314052000496304
split_d2_m5,split,"{""base_field.npz"":""cells/rotation_s2_split_d2_m5/base_field.npz"",""base_reconstruction.npy"":""cells/rotation_s2_split_d2_m5/base_reconstruction.npy"",""config.json"":""cells/rotation_s2_split_d2_m5/config.json"",""curves.png"":""cells/rotation_s2_split_d2_m5/curves.png"",""decision"":""decision.json"",""error.png"":""cells/rotation_s2_split_d2_m5/error.png"",""field.npz"":""cells/rotation_s2_split_d2_m5/field.npz"",""gradient_packet"":""cases/rotation_s2/gradient_packet.npz"",""history.json"":""cells/rotation_s2_split_d2_m5/history.json"",""immediate.png"":""cells/rotation_s2_split_d2_m5/immediate.png"",""immediate_reconstruction.npy"":""cells/rotation_s2_split_d2_m5/immediate_reconstruction.npy"",""input_field.npz"":""cells/rotation_s2_split_d2_m5/input_field.npz"",""progress.jsonl"":""cells/rotation_s2_split_d2_m5/progress.jsonl"",""reconstruction.npy"":""cells/rotation_s2_split_d2_m5/reconstruction.npy"",""reconstruction.png"":""cells/rotation_s2_split_d2_m5/reconstruction.png"",""target.npy"":""cells/rotation_s2_split_d2_m5/target.npy"",""target.png"":""cells/rotation_s2_split_d2_m5/target.png""}",4.552923263124498e-05,rotation_s2_split_d2_m5,0.0,recovery only,2,2,rotation,21,20,-2.4726320759467517e-05,7.02555533907125e-05,20,0.013341034762561321,0.5,0.9527087211608887,3,0.00012513442197814584,3.100139219345043e-08,-1.4415369150810875e-05,0.0039666250013397075,40.94711115348004,5.326193096367505e-06,2,20,6,false,-1.932324084918946e-05,ok,4.0203039534877475e-05,23,0.028656955000769813
split_d2_m10,split,"{""base_field.npz"":""cells/rotation_s2_split_d2_m10/base_field.npz"",""base_reconstruction.npy"":""cells/rotation_s2_split_d2_m10/base_reconstruction.npy"",""config.json"":""cells/rotation_s2_split_d2_m10/config.json"",""curves.png"":""cells/rotation_s2_split_d2_m10/curves.png"",""decision"":""decision.json"",""error.png"":""cells/rotation_s2_split_d2_m10/error.png"",""field.npz"":""cells/rotation_s2_split_d2_m10/field.npz"",""gradient_packet"":""cases/rotation_s2/gradient_packet.npz"",""history.json"":""cells/rotation_s2_split_d2_m10/history.json"",""immediate.png"":""cells/rotation_s2_split_d2_m10/immediate.png"",""immediate_reconstruction.npy"":""cells/rotation_s2_split_d2_m10/immediate_reconstruction.npy"",""input_field.npz"":""cells/rotation_s2_split_d2_m10/input_field.npz"",""progress.jsonl"":""cells/rotation_s2_split_d2_m10/progress.jsonl"",""reconstruction.npy"":""cells/rotation_s2_split_d2_m10/reconstruction.npy"",""reconstruction.png"":""cells/rotation_s2_split_d2_m10/reconstruction.png"",""target.npy"":""cells/rotation_s2_split_d2_m10/target.npy"",""target.png"":""cells/rotation_s2_split_d2_m10/target.png""}",4.552923263124498e-05,rotation_s2_split_d2_m10,0.0,recovery only,2,2,rotation,21,20,-7.416327249464409e-05,0.00011969250512588907,20,0.013684696517884731,1.0,0.9514375925064087,3,0.00012513442197814584,3.100139219345043e-08,5.978588160360232e-05,0.0039666250013397075,40.75921171926594,3.5486141641120035e-06,2,20,6,false,-1.932324084918946e-05,ok,4.198061846713298e-05,23,0.02855067799828248
birth_d1,birth,"{""base_field.npz"":""cells/rotation_s2_birth_d1/base_field.npz"",""base_reconstruction.npy"":""cells/rotation_s2_birth_d1/base_reconstruction.npy"",""config.json"":""cells/rotation_s2_birth_d1/config.json"",""curves.png"":""cells/rotation_s2_birth_d1/curves.png"",""decision"":""decision.json"",""error.png"":""cells/rotation_s2_birth_d1/error.png"",""field.npz"":""cells/rotation_s2_birth_d1/field.npz"",""gradient_packet"":""cases/rotation_s2/gradient_packet.npz"",""history.json"":""cells/rotation_s2_birth_d1/history.json"",""immediate.png"":""cells/rotation_s2_birth_d1/immediate.png"",""immediate_reconstruction.npy"":""cells/rotation_s2_birth_d1/immediate_reconstruction.npy"",""input_field.npz"":""cells/rotation_s2_birth_d1/input_field.npz"",""progress.jsonl"":""cells/rotation_s2_birth_d1/progress.jsonl"",""reconstruction.npy"":""cells/rotation_s2_birth_d1/reconstruction.npy"",""reconstruction.png"":""cells/rotation_s2_birth_d1/reconstruction.png"",""target.npy"":""cells/rotation_s2_birth_d1/target.npy"",""target.png"":""cells/rotation_s2_birth_d1/target.png""}",4.552923263124498e-05,rotation_s2_birth_d1,0.0,recovery only,1,2,rotation,21,20,-6.75663885856631e-06,5.228587148981129e-05,20,0.007113327272236347,1.0,0.9710599184036255,3,0.00012513442197814584,3.100139219345043e-08,-1.3600834790850058e-05,0.0039666250013397075,45.33547376998939,3.089322499729048e-05,2,20,6,false,-1.932324084918946e-05,ok,1.4636007633954495e-05,23,0.02813331000288599
birth_d2,birth,"{""base_field.npz"":""cells/rotation_s2_birth_d2/base_field.npz"",""base_reconstruction.npy"":""cells/rotation_s2_birth_d2/base_reconstruction.npy"",""config.json"":""cells/rotation_s2_birth_d2/config.json"",""curves.png"":""cells/rotation_s2_birth_d2/curves.png"",""decision"":""decision.json"",""error.png"":""cells/rotation_s2_birth_d2/error.png"",""field.npz"":""cells/rotation_s2_birth_d2/field.npz"",""gradient_packet"":""cases/rotation_s2/gradient_packet.npz"",""history.json"":""cells/rotation_s2_birth_d2/history.json"",""immediate.png"":""cells/rotation_s2_birth_d2/immediate.png"",""immediate_reconstruction.npy"":""cells/rotation_s2_birth_d2/immediate_reconstruction.npy"",""input_field.npz"":""cells/rotation_s2_birth_d2/input_field.npz"",""progress.jsonl"":""cells/rotation_s2_birth_d2/progress.jsonl"",""reconstruction.npy"":""cells/rotation_s2_birth_d2/reconstruction.npy"",""reconstruction.png"":""cells/rotation_s2_birth_d2/reconstruction.png"",""target.npy"":""cells/rotation_s2_birth_d2/target.npy"",""target.png"":""cells/rotation_s2_birth_d2/target.png""}",4.552923263124498e-05,rotation_s2_birth_d2,0.0,recovery only,2,2,rotation,21,20,-3.1812080389246414e-05,7.73413130204914e-05,20,0.012739000841975212,1.0,0.9529113173484802,3,0.00012513442197814584,3.100139219345043e-08,-3.865627513732761e-05,0.0039666250013397075,41.00273048721505,5.8377834666103865e-06,2,20,6,false,-1.932324084918946e-05,ok,3.9691449164634594e-05,23,0.027836250999826007
noop,noop,"{""base_field.npz"":""cells/color_s0_noop/base_field.npz"",""base_reconstruction.npy"":""cells/color_s0_noop/base_reconstruction.npy"",""config.json"":""cells/color_s0_noop/config.json"",""curves.png"":""cells/color_s0_noop/curves.png"",""decision"":""decision.json"",""error.png"":""cells/color_s0_noop/error.png"",""field.npz"":""cells/color_s0_noop/field.npz"",""gradient_packet"":""cases/color_s0/gradient_packet.npz"",""history.json"":""cells/color_s0_noop/history.json"",""immediate.png"":""cells/color_s0_noop/immediate.png"",""immediate_reconstruction.npy"":""cells/color_s0_noop/immediate_reconstruction.npy"",""input_field.npz"":""cells/color_s0_noop/input_field.npz"",""progress.jsonl"":""cells/color_s0_noop/progress.jsonl"",""reconstruction.npy"":""cells/color_s0_noop/reconstruction.npy"",""reconstruction.png"":""cells/color_s0_noop/reconstruction.png"",""target.npy"":""cells/color_s0_noop/target.npy"",""target.png"":""cells/color_s0_noop/target.png""}",5.7757053287266604e-05,color_s0_noop,0.0,recovery only,,2,color,21,20,0.0,5.7757053287266604e-05,20,0.014299362897872925,0.0,0.9992968440055847,3,2.729709194682073e-05,4.2105048334681194e-09,0.0,0.004010518001450691,51.97062760535197,5.458085765788285e-05,0,20,6,false,1.9712899756996194e-06,ok,3.176195629383756e-06,23,0.029167427001084434
move_m5,move,"{""base_field.npz"":""cells/color_s0_move_m5/base_field.npz"",""base_reconstruction.npy"":""cells/color_s0_move_m5/base_reconstruction.npy"",""config.json"":""cells/color_s0_move_m5/config.json"",""curves.png"":""cells/color_s0_move_m5/curves.png"",""decision"":""decision.json"",""error.png"":""cells/color_s0_move_m5/error.png"",""field.npz"":""cells/color_s0_move_m5/field.npz"",""gradient_packet"":""cases/color_s0/gradient_packet.npz"",""history.json"":""cells/color_s0_move_m5/history.json"",""immediate.png"":""cells/color_s0_move_m5/immediate.png"",""immediate_reconstruction.npy"":""cells/color_s0_move_m5/immediate_reconstruction.npy"",""input_field.npz"":""cells/color_s0_move_m5/input_field.npz"",""progress.jsonl"":""cells/color_s0_move_m5/progress.jsonl"",""reconstruction.npy"":""cells/color_s0_move_m5/reconstruction.npy"",""reconstruction.png"":""cells/color_s0_move_m5/reconstruction.png"",""target.npy"":""cells/color_s0_move_m5/target.npy"",""target.png"":""cells/color_s0_move_m5/target.png""}",5.7757053287266604e-05,color_s0_move_m5,0.0,recovery only,,2,color,21,20,0.0,5.7757053287266604e-05,20,0.014299362897872925,0.5,0.9992968440055847,3,2.729709194682073e-05,4.2105048334681194e-09,3.763482460499023e-23,0.004010518001450691,51.97062760535197,5.458085765788285e-05,0,20,6,false,1.9712899756996194e-06,ok,3.176195629383756e-06,23,0.027631257002212806
move_m10,move,"{""base_field.npz"":""cells/color_s0_move_m10/base_field.npz"",""base_reconstruction.npy"":""cells/color_s0_move_m10/base_reconstruction.npy"",""config.json"":""cells/color_s0_move_m10/config.json"",""curves.png"":""cells/color_s0_move_m10/curves.png"",""decision"":""decision.json"",""error.png"":""cells/color_s0_move_m10/error.png"",""field.npz"":""cells/color_s0_move_m10/field.npz"",""gradient_packet"":""cases/color_s0/gradient_packet.npz"",""history.json"":""cells/color_s0_move_m10/history.json"",""immediate.png"":""cells/color_s0_move_m10/immediate.png"",""immediate_reconstruction.npy"":""cells/color_s0_move_m10/immediate_reconstruction.npy"",""input_field.npz"":""cells/color_s0_move_m10/input_field.npz"",""progress.jsonl"":""cells/color_s0_move_m10/progress.jsonl"",""reconstruction.npy"":""cells/color_s0_move_m10/reconstruction.npy"",""reconstruction.png"":""cells/color_s0_move_m10/reconstruction.png"",""target.npy"":""cells/color_s0_move_m10/target.npy"",""target.png"":""cells/color_s0_move_m10/target.png""}",5.7757053287266604e-05,color_s0_move_m10,0.0,recovery only,,2,color,21,20,0.0,5.7757053287266604e-05,20,0.014299362897872925,1.0,0.9992968440055847,3,2.729709194682073e-05,4.2105048334681194e-09,5.0516045973922746e-23,0.004010518001450691,51.97062760535197,5.458085765788285e-05,0,20,6,false,1.9712899756996194e-06,ok,3.176195629383756e-06,23,0.028231575000972953
scale_m5,scale,"{""base_field.npz"":""cells/color_s0_scale_m5/base_field.npz"",""base_reconstruction.npy"":""cells/color_s0_scale_m5/base_reconstruction.npy"",""config.json"":""cells/color_s0_scale_m5/config.json"",""curves.png"":""cells/color_s0_scale_m5/curves.png"",""decision"":""decision.json"",""error.png"":""cells/color_s0_scale_m5/error.png"",""field.npz"":""cells/color_s0_scale_m5/field.npz"",""gradient_packet"":""cases/color_s0/gradient_packet.npz"",""history.json"":""cells/color_s0_scale_m5/history.json"",""immediate.png"":""cells/color_s0_scale_m5/immediate.png"",""immediate_reconstruction.npy"":""cells/color_s0_scale_m5/immediate_reconstruction.npy"",""input_field.npz"":""cells/color_s0_scale_m5/input_field.npz"",""progress.jsonl"":""cells/color_s0_scale_m5/progress.jsonl"",""reconstruction.npy"":""cells/color_s0_scale_m5/reconstruction.npy"",""reconstruction.png"":""cells/color_s0_scale_m5/reconstruction.png"",""target.npy"":""cells/color_s0_scale_m5/target.npy"",""target.png"":""cells/color_s0_scale_m5/target.png""}",5.7757053287266604e-05,color_s0_scale_m5,0.0,recovery only,,2,color,21,20,7.092302715568032e-07,5.70478230157098e-05,20,0.014978872612118721,0.5,0.9993354082107544,3,2.729709194682073e-05,4.2105048334681194e-09,7.119016345313867e-07,0.004010518001450691,52.056810285577754,5.464326575211982e-05,0,20,6,false,1.9712899756996194e-06,ok,3.1137875351467827e-06,23,0.027404020001995377
scale_m10,scale,"{""base_field.npz"":""cells/color_s0_scale_m10/base_field.npz"",""base_reconstruction.npy"":""cells/color_s0_scale_m10/base_reconstruction.npy"",""config.json"":""cells/color_s0_scale_m10/config.json"",""curves.png"":""cells/color_s0_scale_m10/curves.png"",""decision"":""decision.json"",""error.png"":""cells/color_s0_scale_m10/error.png"",""field.npz"":""cells/color_s0_scale_m10/field.npz"",""gradient_packet"":""cases/color_s0/gradient_packet.npz"",""history.json"":""cells/color_s0_scale_m10/history.json"",""immediate.png"":""cells/color_s0_scale_m10/immediate.png"",""immediate_reconstruction.npy"":""cells/color_s0_scale_m10/immediate_reconstruction.npy"",""input_field.npz"":""cells/color_s0_scale_m10/input_field.npz"",""progress.jsonl"":""cells/color_s0_scale_m10/progress.jsonl"",""reconstruction.npy"":""cells/color_s0_scale_m10/reconstruction.npy"",""reconstruction.png"":""cells/color_s0_scale_m10/reconstruction.png"",""target.npy"":""cells/color_s0_scale_m10/target.npy"",""target.png"":""cells/color_s0_scale_m10/target.png""}",5.7757053287266604e-05,color_s0_scale_m10,0.0,recovery only,,2,color,21,20,9.337999334997223e-07,5.682325335376688e-05,20,0.01367952860891819,1.0,0.9993140697479248,3,2.729709194682073e-05,4.2105048334681194e-09,9.539036227579345e-07,0.004010518001450691,51.99633576962994,5.4599603684304386e-05,0,20,6,false,1.9712899756996194e-06,ok,3.157449602962217e-06,23,0.027732926999306073
rotate_m5,rotate,"{""base_field.npz"":""cells/color_s0_rotate_m5/base_field.npz"",""base_reconstruction.npy"":""cells/color_s0_rotate_m5/base_reconstruction.npy"",""config.json"":""cells/color_s0_rotate_m5/config.json"",""curves.png"":""cells/color_s0_rotate_m5/curves.png"",""decision"":""decision.json"",""error.png"":""cells/color_s0_rotate_m5/error.png"",""field.npz"":""cells/color_s0_rotate_m5/field.npz"",""gradient_packet"":""cases/color_s0/gradient_packet.npz"",""history.json"":""cells/color_s0_rotate_m5/history.json"",""immediate.png"":""cells/color_s0_rotate_m5/immediate.png"",""immediate_reconstruction.npy"":""cells/color_s0_rotate_m5/immediate_reconstruction.npy"",""input_field.npz"":""cells/color_s0_rotate_m5/input_field.npz"",""progress.jsonl"":""cells/color_s0_rotate_m5/progress.jsonl"",""reconstruction.npy"":""cells/color_s0_rotate_m5/reconstruction.npy"",""reconstruction.png"":""cells/color_s0_rotate_m5/reconstruction.png"",""target.npy"":""cells/color_s0_rotate_m5/target.npy"",""target.png"":""cells/color_s0_rotate_m5/target.png""}",5.7757053287266604e-05,color_s0_rotate_m5,0.0,recovery only,,2,color,21,20,0.0,5.7757053287266604e-05,20,0.014289083890616894,0.5,0.9992972612380981,3,2.729709194682073e-05,4.2105048334681194e-09,9.475904478597904e-24,0.004010518001450691,51.97289371431593,5.4582514535460395e-05,0,20,6,false,1.9712899756996194e-06,ok,3.174538751806206e-06,23,0.027563546998862876
rotate_m10,rotate,"{""base_field.npz"":""cells/color_s0_rotate_m10/base_field.npz"",""base_reconstruction.npy"":""cells/color_s0_rotate_m10/base_reconstruction.npy"",""config.json"":""cells/color_s0_rotate_m10/config.json"",""curves.png"":""cells/color_s0_rotate_m10/curves.png"",""decision"":""decision.json"",""error.png"":""cells/color_s0_rotate_m10/error.png"",""field.npz"":""cells/color_s0_rotate_m10/field.npz"",""gradient_packet"":""cases/color_s0/gradient_packet.npz"",""history.json"":""cells/color_s0_rotate_m10/history.json"",""immediate.png"":""cells/color_s0_rotate_m10/immediate.png"",""immediate_reconstruction.npy"":""cells/color_s0_rotate_m10/immediate_reconstruction.npy"",""input_field.npz"":""cells/color_s0_rotate_m10/input_field.npz"",""progress.jsonl"":""cells/color_s0_rotate_m10/progress.jsonl"",""reconstruction.npy"":""cells/color_s0_rotate_m10/reconstruction.npy"",""reconstruction.png"":""cells/color_s0_rotate_m10/reconstruction.png"",""target.npy"":""cells/color_s0_rotate_m10/target.npy"",""target.png"":""cells/color_s0_rotate_m10/target.png""}",5.7757053287266604e-05,color_s0_rotate_m10,0.0,recovery only,,2,color,21,20,0.0,5.7757053287266604e-05,20,0.014273935928940773,1.0,0.9992978572845459,3,2.729709194682073e-05,4.2105048334681194e-09,1.2717662104287613e-23,0.004010518001450691,51.97573339790829,5.458458956506531e-05,0,20,6,false,1.9712899756996194e-06,ok,3.1724637222012936e-06,23,0.027372815002308926
color_m5,color,"{""base_field.npz"":""cells/color_s0_color_m5/base_field.npz"",""base_reconstruction.npy"":""cells/color_s0_color_m5/base_reconstruction.npy"",""config.json"":""cells/color_s0_color_m5/config.json"",""curves.png"":""cells/color_s0_color_m5/curves.png"",""decision"":""decision.json"",""error.png"":""cells/color_s0_color_m5/error.png"",""field.npz"":""cells/color_s0_color_m5/field.npz"",""gradient_packet"":""cases/color_s0/gradient_packet.npz"",""history.json"":""cells/color_s0_color_m5/history.json"",""immediate.png"":""cells/color_s0_color_m5/immediate.png"",""immediate_reconstruction.npy"":""cells/color_s0_color_m5/immediate_reconstruction.npy"",""input_field.npz"":""cells/color_s0_color_m5/input_field.npz"",""progress.jsonl"":""cells/color_s0_color_m5/progress.jsonl"",""reconstruction.npy"":""cells/color_s0_color_m5/reconstruction.npy"",""reconstruction.png"":""cells/color_s0_color_m5/reconstruction.png"",""target.npy"":""cells/color_s0_color_m5/target.npy"",""target.png"":""cells/color_s0_color_m5/target.png""}",5.7757053287266604e-05,color_s0_color_m5,0.0,recovery only,,2,color,21,20,3.696453952031541e-05,2.07925137669512e-05,20,0.00022357405396178365,0.5,0.9999802112579346,3,2.729709194682073e-05,4.2105048334681194e-09,3.696452040458098e-05,0.004010518001450691,67.70651554746993,5.7672268399504065e-05,0,20,6,false,1.9712899756996194e-06,ok,8.478488776253824e-08,23,0.02741199400043115
color_m10,color,"{""base_field.npz"":""cells/color_s0_color_m10/base_field.npz"",""base_reconstruction.npy"":""cells/color_s0_color_m10/base_reconstruction.npy"",""config.json"":""cells/color_s0_color_m10/config.json"",""curves.png"":""cells/color_s0_color_m10/curves.png"",""decision"":""decision.json"",""error.png"":""cells/color_s0_color_m10/error.png"",""field.npz"":""cells/color_s0_color_m10/field.npz"",""gradient_packet"":""cases/color_s0/gradient_packet.npz"",""history.json"":""cells/color_s0_color_m10/history.json"",""immediate.png"":""cells/color_s0_color_m10/immediate.png"",""immediate_reconstruction.npy"":""cells/color_s0_color_m10/immediate_reconstruction.npy"",""input_field.npz"":""cells/color_s0_color_m10/input_field.npz"",""progress.jsonl"":""cells/color_s0_color_m10/progress.jsonl"",""reconstruction.npy"":""cells/color_s0_color_m10/reconstruction.npy"",""reconstruction.png"":""cells/color_s0_color_m10/reconstruction.png"",""target.npy"":""cells/color_s0_color_m10/target.npy"",""target.png"":""cells/color_s0_color_m10/target.png""}",5.7757053287266604e-05,color_s0_color_m10,0.0,recovery only,,2,color,21,20,5.544678431201755e-05,2.310268975249053e-06,20,0.0010701293358579278,1.0,0.9999393224716187,3,2.729709194682073e-05,4.2105048334681194e-09,5.5446762416977435e-05,0.004010518001450691,61.353495076861,5.739093578010933e-05,0,20,6,false,1.9712899756996194e-06,ok,3.661175071572734e-07,23,0.027501619999384275
split_d1_m5,split,"{""base_field.npz"":""cells/color_s0_split_d1_m5/base_field.npz"",""base_reconstruction.npy"":""cells/color_s0_split_d1_m5/base_reconstruction.npy"",""config.json"":""cells/color_s0_split_d1_m5/config.json"",""curves.png"":""cells/color_s0_split_d1_m5/curves.png"",""decision"":""decision.json"",""error.png"":""cells/color_s0_split_d1_m5/error.png"",""field.npz"":""cells/color_s0_split_d1_m5/field.npz"",""gradient_packet"":""cases/color_s0/gradient_packet.npz"",""history.json"":""cells/color_s0_split_d1_m5/history.json"",""immediate.png"":""cells/color_s0_split_d1_m5/immediate.png"",""immediate_reconstruction.npy"":""cells/color_s0_split_d1_m5/immediate_reconstruction.npy"",""input_field.npz"":""cells/color_s0_split_d1_m5/input_field.npz"",""progress.jsonl"":""cells/color_s0_split_d1_m5/progress.jsonl"",""reconstruction.npy"":""cells/color_s0_split_d1_m5/reconstruction.npy"",""reconstruction.png"":""cells/color_s0_split_d1_m5/reconstruction.png"",""target.npy"":""cells/color_s0_split_d1_m5/target.npy"",""target.png"":""cells/color_s0_split_d1_m5/target.png""}",5.7757053287266604e-05,color_s0_split_d1_m5,0.0,recovery only,1,2,color,21,20,-4.832901063185177e-06,6.258995435045178e-05,20,0.005099757574498653,0.5,0.9986547827720642,3,2.729709194682073e-05,4.2105048334681194e-09,-2.621124167490052e-06,0.004010518001450691,52.11197166550578,5.4682565036013105e-05,0,20,6,false,1.9712899756996194e-06,ok,3.0744882512535002e-06,23,0.027880714998900658
split_d1_m10,split,"{""base_field.npz"":""cells/color_s0_split_d1_m10/base_field.npz"",""base_reconstruction.npy"":""cells/color_s0_split_d1_m10/base_reconstruction.npy"",""config.json"":""cells/color_s0_split_d1_m10/config.json"",""curves.png"":""cells/color_s0_split_d1_m10/curves.png"",""decision"":""decision.json"",""error.png"":""cells/color_s0_split_d1_m10/error.png"",""field.npz"":""cells/color_s0_split_d1_m10/field.npz"",""gradient_packet"":""cases/color_s0/gradient_packet.npz"",""history.json"":""cells/color_s0_split_d1_m10/history.json"",""immediate.png"":""cells/color_s0_split_d1_m10/immediate.png"",""immediate_reconstruction.npy"":""cells/color_s0_split_d1_m10/immediate_reconstruction.npy"",""input_field.npz"":""cells/color_s0_split_d1_m10/input_field.npz"",""progress.jsonl"":""cells/color_s0_split_d1_m10/progress.jsonl"",""reconstruction.npy"":""cells/color_s0_split_d1_m10/reconstruction.npy"",""reconstruction.png"":""cells/color_s0_split_d1_m10/reconstruction.png"",""target.npy"":""cells/color_s0_split_d1_m10/target.npy"",""target.png"":""cells/color_s0_split_d1_m10/target.png""}",5.7757053287266604e-05,color_s0_split_d1_m10,0.0,recovery only,1,2,color,21,20,-4.1334224661960375e-05,9.909127794922698e-05,20,0.00437580281868577,1.0,0.9979032278060913,3,2.729709194682073e-05,4.2105048334681194e-09,-1.0190878128923941e-05,0.004010518001450691,50.76495347689167,5.3564537982742126e-05,0,20,6,false,1.9712899756996194e-06,ok,4.1925153045244766e-06,23,0.02839052499984973
split_d2_m5,split,"{""base_field.npz"":""cells/color_s0_split_d2_m5/base_field.npz"",""base_reconstruction.npy"":""cells/color_s0_split_d2_m5/base_reconstruction.npy"",""config.json"":""cells/color_s0_split_d2_m5/config.json"",""curves.png"":""cells/color_s0_split_d2_m5/curves.png"",""decision"":""decision.json"",""error.png"":""cells/color_s0_split_d2_m5/error.png"",""field.npz"":""cells/color_s0_split_d2_m5/field.npz"",""gradient_packet"":""cases/color_s0/gradient_packet.npz"",""history.json"":""cells/color_s0_split_d2_m5/history.json"",""immediate.png"":""cells/color_s0_split_d2_m5/immediate.png"",""immediate_reconstruction.npy"":""cells/color_s0_split_d2_m5/immediate_reconstruction.npy"",""input_field.npz"":""cells/color_s0_split_d2_m5/input_field.npz"",""progress.jsonl"":""cells/color_s0_split_d2_m5/progress.jsonl"",""reconstruction.npy"":""cells/color_s0_split_d2_m5/reconstruction.npy"",""reconstruction.png"":""cells/color_s0_split_d2_m5/reconstruction.png"",""target.npy"":""cells/color_s0_split_d2_m5/target.npy"",""target.png"":""cells/color_s0_split_d2_m5/target.png""}",5.7757053287266604e-05,color_s0_split_d2_m5,0.0,recovery only,2,2,color,21,20,-4.3884154413692514e-05,0.00010164120770095912,20,0.013543965294957161,0.5,0.9526618123054504,3,2.729709194682073e-05,4.2105048334681194e-09,-4.167237057117745e-05,0.004010518001450691,40.74422444860956,1.5631311685505767e-05,0,20,6,false,1.9712899756996194e-06,ok,4.2125741601760836e-05,23,0.028965133002202492
split_d2_m10,split,"{""base_field.npz"":""cells/color_s0_split_d2_m10/base_field.npz"",""base_reconstruction.npy"":""cells/color_s0_split_d2_m10/base_reconstruction.npy"",""config.json"":""cells/color_s0_split_d2_m10/config.json"",""curves.png"":""cells/color_s0_split_d2_m10/curves.png"",""decision"":""decision.json"",""error.png"":""cells/color_s0_split_d2_m10/error.png"",""field.npz"":""cells/color_s0_split_d2_m10/field.npz"",""gradient_packet"":""cases/color_s0/gradient_packet.npz"",""history.json"":""cells/color_s0_split_d2_m10/history.json"",""immediate.png"":""cells/color_s0_split_d2_m10/immediate.png"",""immediate_reconstruction.npy"":""cells/color_s0_split_d2_m10/immediate_reconstruction.npy"",""input_field.npz"":""cells/color_s0_split_d2_m10/input_field.npz"",""progress.jsonl"":""cells/color_s0_split_d2_m10/progress.jsonl"",""reconstruction.npy"":""cells/color_s0_split_d2_m10/reconstruction.npy"",""reconstruction.png"":""cells/color_s0_split_d2_m10/reconstruction.png"",""target.npy"":""cells/color_s0_split_d2_m10/target.npy"",""target.png"":""cells/color_s0_split_d2_m10/target.png""}",5.7757053287266604e-05,color_s0_split_d2_m10,0.0,recovery only,2,2,color,21,20,-8.03854780124677e-05,0.0001381425312997343,20,0.012891040183603764,1.0,0.9516444206237793,3,2.729709194682073e-05,4.2105048334681194e-09,-4.924212407786399e-05,0.004010518001450691,40.630464690370836,1.4513284632234789e-05,0,20,6,false,1.9712899756996194e-06,ok,4.3243768655031815e-05,23,0.02860121100093238
birth_d1,birth,"{""base_field.npz"":""cells/color_s0_birth_d1/base_field.npz"",""base_reconstruction.npy"":""cells/color_s0_birth_d1/base_reconstruction.npy"",""config.json"":""cells/color_s0_birth_d1/config.json"",""curves.png"":""cells/color_s0_birth_d1/curves.png"",""decision"":""decision.json"",""error.png"":""cells/color_s0_birth_d1/error.png"",""field.npz"":""cells/color_s0_birth_d1/field.npz"",""gradient_packet"":""cases/color_s0/gradient_packet.npz"",""history.json"":""cells/color_s0_birth_d1/history.json"",""immediate.png"":""cells/color_s0_birth_d1/immediate.png"",""immediate_reconstruction.npy"":""cells/color_s0_birth_d1/immediate_reconstruction.npy"",""input_field.npz"":""cells/color_s0_birth_d1/input_field.npz"",""progress.jsonl"":""cells/color_s0_birth_d1/progress.jsonl"",""reconstruction.npy"":""cells/color_s0_birth_d1/reconstruction.npy"",""reconstruction.png"":""cells/color_s0_birth_d1/reconstruction.png"",""target.npy"":""cells/color_s0_birth_d1/target.npy"",""target.png"":""cells/color_s0_birth_d1/target.png""}",5.7757053287266604e-05,color_s0_birth_d1,0.0,recovery only,1,2,color,21,20,2.1658916795475957e-05,3.609813649179065e-05,20,0.0016351345693692565,1.0,0.9988527297973633,3,2.729709194682073e-05,4.2105048334681194e-09,1.0762129249997088e-06,0.004010518001450691,54.03824367495153,5.5783969005591944e-05,0,20,6,false,1.9712899756996194e-06,ok,1.973084281674658e-06,23,0.02738952599975164
birth_d2,birth,"{""base_field.npz"":""cells/color_s0_birth_d2/base_field.npz"",""base_reconstruction.npy"":""cells/color_s0_birth_d2/base_reconstruction.npy"",""config.json"":""cells/color_s0_birth_d2/config.json"",""curves.png"":""cells/color_s0_birth_d2/curves.png"",""decision"":""decision.json"",""error.png"":""cells/color_s0_birth_d2/error.png"",""field.npz"":""cells/color_s0_birth_d2/field.npz"",""gradient_packet"":""cases/color_s0/gradient_packet.npz"",""history.json"":""cells/color_s0_birth_d2/history.json"",""immediate.png"":""cells/color_s0_birth_d2/immediate.png"",""immediate_reconstruction.npy"":""cells/color_s0_birth_d2/immediate_reconstruction.npy"",""input_field.npz"":""cells/color_s0_birth_d2/input_field.npz"",""progress.jsonl"":""cells/color_s0_birth_d2/progress.jsonl"",""reconstruction.npy"":""cells/color_s0_birth_d2/reconstruction.npy"",""reconstruction.png"":""cells/color_s0_birth_d2/reconstruction.png"",""target.npy"":""cells/color_s0_birth_d2/target.npy"",""target.png"":""cells/color_s0_birth_d2/target.png""}",5.7757053287266604e-05,color_s0_birth_d2,0.0,recovery only,2,2,color,21,20,-1.7392336555031374e-05,7.514938984229798e-05,20,0.01062106154859066,1.0,0.9526998996734619,3,2.729709194682073e-05,4.2105048334681194e-09,-3.797503450186923e-05,0.004010518001450691,40.859284265550826,1.6732715655084606e-05,0,20,6,false,1.9712899756996194e-06,ok,4.1024337632182e-05,23,0.027455737999844132
noop,noop,"{""base_field.npz"":""cells/color_s1_noop/base_field.npz"",""base_reconstruction.npy"":""cells/color_s1_noop/base_reconstruction.npy"",""config.json"":""cells/color_s1_noop/config.json"",""curves.png"":""cells/color_s1_noop/curves.png"",""decision"":""decision.json"",""error.png"":""cells/color_s1_noop/error.png"",""field.npz"":""cells/color_s1_noop/field.npz"",""gradient_packet"":""cases/color_s1/gradient_packet.npz"",""history.json"":""cells/color_s1_noop/history.json"",""immediate.png"":""cells/color_s1_noop/immediate.png"",""immediate_reconstruction.npy"":""cells/color_s1_noop/immediate_reconstruction.npy"",""input_field.npz"":""cells/color_s1_noop/input_field.npz"",""progress.jsonl"":""cells/color_s1_noop/progress.jsonl"",""reconstruction.npy"":""cells/color_s1_noop/reconstruction.npy"",""reconstruction.png"":""cells/color_s1_noop/reconstruction.png"",""target.npy"":""cells/color_s1_noop/target.npy"",""target.png"":""cells/color_s1_noop/target.png""}",5.7757077713639644e-05,color_s1_noop,0.0,recovery only,,2,color,21,20,0.0,5.7757077713639644e-05,20,0.016540005803108215,0.0,0.9992978572845459,3,2.7799211238743737e-05,2.5217807226562896e-08,0.0,0.00393563200123026,51.98012853066576,5.458782295372338e-05,1,20,6,false,1.9712772427737946e-06,ok,3.1692547599162633e-06,23,0.02772889799962286
move_m5,move,"{""base_field.npz"":""cells/color_s1_move_m5/base_field.npz"",""base_reconstruction.npy"":""cells/color_s1_move_m5/base_reconstruction.npy"",""config.json"":""cells/color_s1_move_m5/config.json"",""curves.png"":""cells/color_s1_move_m5/curves.png"",""decision"":""decision.json"",""error.png"":""cells/color_s1_move_m5/error.png"",""field.npz"":""cells/color_s1_move_m5/field.npz"",""gradient_packet"":""cases/color_s1/gradient_packet.npz"",""history.json"":""cells/color_s1_move_m5/history.json"",""immediate.png"":""cells/color_s1_move_m5/immediate.png"",""immediate_reconstruction.npy"":""cells/color_s1_move_m5/immediate_reconstruction.npy"",""input_field.npz"":""cells/color_s1_move_m5/input_field.npz"",""progress.jsonl"":""cells/color_s1_move_m5/progress.jsonl"",""reconstruction.npy"":""cells/color_s1_move_m5/reconstruction.npy"",""reconstruction.png"":""cells/color_s1_move_m5/reconstruction.png"",""target.npy"":""cells/color_s1_move_m5/target.npy"",""target.png"":""cells/color_s1_move_m5/target.png""}",5.7757077713639644e-05,color_s1_move_m5,0.0,recovery only,,2,color,21,20,0.0,5.7757077713639644e-05,20,0.016540005803108215,0.5,0.9992978572845459,3,2.7799211238743737e-05,2.5217807226562896e-08,1.5846308688201155e-21,0.00393563200123026,51.98012853066576,5.458782295372338e-05,1,20,6,false,1.9712772427737946e-06,ok,3.1692547599162633e-06,23,0.02737625599911553
move_m10,move,"{""base_field.npz"":""cells/color_s1_move_m10/base_field.npz"",""base_reconstruction.npy"":""cells/color_s1_move_m10/base_reconstruction.npy"",""config.json"":""cells/color_s1_move_m10/config.json"",""curves.png"":""cells/color_s1_move_m10/curves.png"",""decision"":""decision.json"",""error.png"":""cells/color_s1_move_m10/error.png"",""field.npz"":""cells/color_s1_move_m10/field.npz"",""gradient_packet"":""cases/color_s1/gradient_packet.npz"",""history.json"":""cells/color_s1_move_m10/history.json"",""immediate.png"":""cells/color_s1_move_m10/immediate.png"",""immediate_reconstruction.npy"":""cells/color_s1_move_m10/immediate_reconstruction.npy"",""input_field.npz"":""cells/color_s1_move_m10/input_field.npz"",""progress.jsonl"":""cells/color_s1_move_m10/progress.jsonl"",""reconstruction.npy"":""cells/color_s1_move_m10/reconstruction.npy"",""reconstruction.png"":""cells/color_s1_move_m10/reconstruction.png"",""target.npy"":""cells/color_s1_move_m10/target.npy"",""target.png"":""cells/color_s1_move_m10/target.png""}",5.7757077713639644e-05,color_s1_move_m10,0.0,recovery only,,2,color,21,20,0.0,5.7757077713639644e-05,20,0.016540005803108215,1.0,0.9992978572845459,3,2.7799211238743737e-05,2.5217807226562896e-08,2.1281650697079228e-21,0.00393563200123026,51.98012853066576,5.458782295372338e-05,1,20,6,false,1.9712772427737946e-06,ok,3.1692547599162633e-06,23,0.02706895800292841
scale_m5,scale,"{""base_field.npz"":""cells/color_s1_scale_m5/base_field.npz"",""base_reconstruction.npy"":""cells/color_s1_scale_m5/base_reconstruction.npy"",""config.json"":""cells/color_s1_scale_m5/config.json"",""curves.png"":""cells/color_s1_scale_m5/curves.png"",""decision"":""decision.json"",""error.png"":""cells/color_s1_scale_m5/error.png"",""field.npz"":""cells/color_s1_scale_m5/field.npz"",""gradient_packet"":""cases/color_s1/gradient_packet.npz"",""history.json"":""cells/color_s1_scale_m5/history.json"",""immediate.png"":""cells/color_s1_scale_m5/immediate.png"",""immediate_reconstruction.npy"":""cells/color_s1_scale_m5/immediate_reconstruction.npy"",""input_field.npz"":""cells/color_s1_scale_m5/input_field.npz"",""progress.jsonl"":""cells/color_s1_scale_m5/progress.jsonl"",""reconstruction.npy"":""cells/color_s1_scale_m5/reconstruction.npy"",""reconstruction.png"":""cells/color_s1_scale_m5/reconstruction.png"",""target.npy"":""cells/color_s1_scale_m5/target.npy"",""target.png"":""cells/color_s1_scale_m5/target.png""}",5.7757077713639644e-05,color_s1_scale_m5,0.0,recovery only,,2,color,21,20,7.094553266566238e-07,5.704762238698302e-05,20,0.017191600054502487,0.5,0.9993369579315186,3,2.7799211238743737e-05,2.5217807226562896e-08,7.122469014575472e-07,0.00393563200123026,52.069650174463476,5.4652482476462826e-05,1,20,6,false,1.9712772427737946e-06,ok,3.1045952371768167e-06,23,0.02728325999851222
scale_m10,scale,"{""base_field.npz"":""cells/color_s1_scale_m10/base_field.npz"",""base_reconstruction.npy"":""cells/color_s1_scale_m10/base_reconstruction.npy"",""config.json"":""cells/color_s1_scale_m10/config.json"",""curves.png"":""cells/color_s1_scale_m10/curves.png"",""decision"":""decision.json"",""error.png"":""cells/color_s1_scale_m10/error.png"",""field.npz"":""cells/color_s1_scale_m10/field.npz"",""gradient_packet"":""cases/color_s1/gradient_packet.npz"",""history.json"":""cells/color_s1_scale_m10/history.json"",""immediate.png"":""cells/color_s1_scale_m10/immediate.png"",""immediate_reconstruction.npy"":""cells/color_s1_scale_m10/immediate_reconstruction.npy"",""input_field.npz"":""cells/color_s1_scale_m10/input_field.npz"",""progress.jsonl"":""cells/color_s1_scale_m10/progress.jsonl"",""reconstruction.npy"":""cells/color_s1_scale_m10/reconstruction.npy"",""reconstruction.png"":""cells/color_s1_scale_m10/reconstruction.png"",""target.npy"":""cells/color_s1_scale_m10/target.npy"",""target.png"":""cells/color_s1_scale_m10/target.png""}",5.7757077713639644e-05,color_s1_scale_m10,0.0,recovery only,,2,color,21,20,9.336926434506509e-07,5.682338507018899e-05,20,0.015795966610312462,1.0,0.9993172883987427,3,2.7799211238743737e-05,2.5217807226562896e-08,9.543655323795974e-07,0.00393563200123026,52.018143916310024,5.46154435377742e-05,1,20,6,false,1.9712772427737946e-06,ok,3.1416341758654446e-06,23,0.02732150099836872
rotate_m5,rotate,"{""base_field.npz"":""cells/color_s1_rotate_m5/base_field.npz"",""base_reconstruction.npy"":""cells/color_s1_rotate_m5/base_reconstruction.npy"",""config.json"":""cells/color_s1_rotate_m5/config.json"",""curves.png"":""cells/color_s1_rotate_m5/curves.png"",""decision"":""decision.json"",""error.png"":""cells/color_s1_rotate_m5/error.png"",""field.npz"":""cells/color_s1_rotate_m5/field.npz"",""gradient_packet"":""cases/color_s1/gradient_packet.npz"",""history.json"":""cells/color_s1_rotate_m5/history.json"",""immediate.png"":""cells/color_s1_rotate_m5/immediate.png"",""immediate_reconstruction.npy"":""cells/color_s1_rotate_m5/immediate_reconstruction.npy"",""input_field.npz"":""cells/color_s1_rotate_m5/input_field.npz"",""progress.jsonl"":""cells/color_s1_rotate_m5/progress.jsonl"",""reconstruction.npy"":""cells/color_s1_rotate_m5/reconstruction.npy"",""reconstruction.png"":""cells/color_s1_rotate_m5/reconstruction.png"",""target.npy"":""cells/color_s1_rotate_m5/target.npy"",""target.png"":""cells/color_s1_rotate_m5/target.png""}",5.7757077713639644e-05,color_s1_rotate_m5,0.0,recovery only,,2,color,21,20,-1.6182752227557155e-12,5.775707933191487e-05,20,0.01653694175183773,0.5,0.9992985725402832,3,2.7799211238743737e-05,2.5217807226562896e-08,3.099377264681475e-17,0.00393563200123026,51.98358018307115,5.459034078905154e-05,1,20,6,false,1.9712772427737946e-06,ok,3.1667369245881075e-06,23,0.027744441002141684
rotate_m10,rotate,"{""base_field.npz"":""cells/color_s1_rotate_m10/base_field.npz"",""base_reconstruction.npy"":""cells/color_s1_rotate_m10/base_reconstruction.npy"",""config.json"":""cells/color_s1_rotate_m10/config.json"",""curves.png"":""cells/color_s1_rotate_m10/curves.png"",""decision"":""decision.json"",""error.png"":""cells/color_s1_rotate_m10/error.png"",""field.npz"":""cells/color_s1_rotate_m10/field.npz"",""gradient_packet"":""cases/color_s1/gradient_packet.npz"",""history.json"":""cells/color_s1_rotate_m10/history.json"",""immediate.png"":""cells/color_s1_rotate_m10/immediate.png"",""immediate_reconstruction.npy"":""cells/color_s1_rotate_m10/immediate_reconstruction.npy"",""input_field.npz"":""cells/color_s1_rotate_m10/input_field.npz"",""progress.jsonl"":""cells/color_s1_rotate_m10/progress.jsonl"",""reconstruction.npy"":""cells/color_s1_rotate_m10/reconstruction.npy"",""reconstruction.png"":""cells/color_s1_rotate_m10/reconstruction.png"",""target.npy"":""cells/color_s1_rotate_m10/target.npy"",""target.png"":""cells/color_s1_rotate_m10/target.png""}",5.7757077713639644e-05,color_s1_rotate_m10,0.0,recovery only,,2,color,21,20,-1.976575356838449e-12,5.7757079690215e-05,20,0.016533561050891876,1.0,0.9992998242378235,3,2.7799211238743737e-05,2.5217807226562896e-08,4.1596907919486933e-17,0.00393563200123026,51.98880944884226,5.459415150829025e-05,1,20,6,false,1.9712772427737946e-06,ok,3.1629262053494e-06,23,0.027965604000200983
color_m5,color,"{""base_field.npz"":""cells/color_s1_color_m5/base_field.npz"",""base_reconstruction.npy"":""cells/color_s1_color_m5/base_reconstruction.npy"",""config.json"":""cells/color_s1_color_m5/config.json"",""curves.png"":""cells/color_s1_color_m5/curves.png"",""decision"":""decision.json"",""error.png"":""cells/color_s1_color_m5/error.png"",""field.npz"":""cells/color_s1_color_m5/field.npz"",""gradient_packet"":""cases/color_s1/gradient_packet.npz"",""history.json"":""cells/color_s1_color_m5/history.json"",""immediate.png"":""cells/color_s1_color_m5/immediate.png"",""immediate_reconstruction.npy"":""cells/color_s1_color_m5/immediate_reconstruction.npy"",""input_field.npz"":""cells/color_s1_color_m5/input_field.npz"",""progress.jsonl"":""cells/color_s1_color_m5/progress.jsonl"",""reconstruction.npy"":""cells/color_s1_color_m5/reconstruction.npy"",""reconstruction.png"":""cells/color_s1_color_m5/reconstruction.png"",""target.npy"":""cells/color_s1_color_m5/target.npy"",""target.png"":""cells/color_s1_color_m5/target.png""}",5.7757077713639644e-05,color_s1_color_m5,0.0,recovery only,,2,color,21,20,3.696453606662882e-05,2.0792541647010826e-05,20,0.0002492005005478859,0.5,0.9999792575836182,3,2.7799211238743737e-05,2.5217807226562896e-08,3.696453495649621e-05,0.00393563200123026,67.71727035208735,5.7672502526168525e-05,1,20,6,false,1.9712772427737946e-06,ok,8.457518747112288e-08,23,0.027636769002128858
color_m10,color,"{""base_field.npz"":""cells/color_s1_color_m10/base_field.npz"",""base_reconstruction.npy"":""cells/color_s1_color_m10/base_reconstruction.npy"",""config.json"":""cells/color_s1_color_m10/config.json"",""curves.png"":""cells/color_s1_color_m10/curves.png"",""decision"":""decision.json"",""error.png"":""cells/color_s1_color_m10/error.png"",""field.npz"":""cells/color_s1_color_m10/field.npz"",""gradient_packet"":""cases/color_s1/gradient_packet.npz"",""history.json"":""cells/color_s1_color_m10/history.json"",""immediate.png"":""cells/color_s1_color_m10/immediate.png"",""immediate_reconstruction.npy"":""cells/color_s1_color_m10/immediate_reconstruction.npy"",""input_field.npz"":""cells/color_s1_color_m10/input_field.npz"",""progress.jsonl"":""cells/color_s1_color_m10/progress.jsonl"",""reconstruction.npy"":""cells/color_s1_color_m10/reconstruction.npy"",""reconstruction.png"":""cells/color_s1_color_m10/reconstruction.png"",""target.npy"":""cells/color_s1_color_m10/target.npy"",""target.png"":""cells/color_s1_color_m10/target.png""}",5.7757077713639644e-05,color_s1_color_m10,0.0,recovery only,,2,color,21,20,5.5446796286089296e-05,2.310281427550351e-06,20,0.0012242865050211549,1.0,0.9999367594718933,3,2.7799211238743737e-05,2.5217807226562896e-08,5.5446798796765506e-05,0.00393563200123026,61.24723588432314,5.738189189374758e-05,1,20,6,false,1.9712772427737946e-06,ok,3.7518581989206046e-07,23,0.027646601000014925
split_d1_m5,split,"{""base_field.npz"":""cells/color_s1_split_d1_m5/base_field.npz"",""base_reconstruction.npy"":""cells/color_s1_split_d1_m5/base_reconstruction.npy"",""config.json"":""cells/color_s1_split_d1_m5/config.json"",""curves.png"":""cells/color_s1_split_d1_m5/curves.png"",""decision"":""decision.json"",""error.png"":""cells/color_s1_split_d1_m5/error.png"",""field.npz"":""cells/color_s1_split_d1_m5/field.npz"",""gradient_packet"":""cases/color_s1/gradient_packet.npz"",""history.json"":""cells/color_s1_split_d1_m5/history.json"",""immediate.png"":""cells/color_s1_split_d1_m5/immediate.png"",""immediate_reconstruction.npy"":""cells/color_s1_split_d1_m5/immediate_reconstruction.npy"",""input_field.npz"":""cells/color_s1_split_d1_m5/input_field.npz"",""progress.jsonl"":""cells/color_s1_split_d1_m5/progress.jsonl"",""reconstruction.npy"":""cells/color_s1_split_d1_m5/reconstruction.npy"",""reconstruction.png"":""cells/color_s1_split_d1_m5/reconstruction.png"",""target.npy"":""cells/color_s1_split_d1_m5/target.npy"",""target.png"":""cells/color_s1_split_d1_m5/target.png""}",5.7757077713639644e-05,color_s1_split_d1_m5,0.0,recovery only,1,2,color,21,20,-7.181785591619891e-06,6.493886330525954e-05,20,0.006415727082639933,0.5,0.9900820255279541,3,2.7799211238743737e-05,2.5217807226562896e-08,-4.970054760633502e-06,0.00393563200123026,49.64831653552597,5.233534191241028e-05,1,20,6,false,1.9712772427737946e-06,ok,5.421735801229362e-06,23,0.028508329996839166
split_d1_m10,split,"{""base_field.npz"":""cells/color_s1_split_d1_m10/base_field.npz"",""base_reconstruction.npy"":""cells/color_s1_split_d1_m10/base_reconstruction.npy"",""config.json"":""cells/color_s1_split_d1_m10/config.json"",""curves.png"":""cells/color_s1_split_d1_m10/curves.png"",""decision"":""decision.json"",""error.png"":""cells/color_s1_split_d1_m10/error.png"",""field.npz"":""cells/color_s1_split_d1_m10/field.npz"",""gradient_packet"":""cases/color_s1/gradient_packet.npz"",""history.json"":""cells/color_s1_split_d1_m10/history.json"",""immediate.png"":""cells/color_s1_split_d1_m10/immediate.png"",""immediate_reconstruction.npy"":""cells/color_s1_split_d1_m10/immediate_reconstruction.npy"",""input_field.npz"":""cells/color_s1_split_d1_m10/input_field.npz"",""progress.jsonl"":""cells/color_s1_split_d1_m10/progress.jsonl"",""reconstruction.npy"":""cells/color_s1_split_d1_m10/reconstruction.npy"",""reconstruction.png"":""cells/color_s1_split_d1_m10/reconstruction.png"",""target.npy"":""cells/color_s1_split_d1_m10/target.npy"",""target.png"":""cells/color_s1_split_d1_m10/target.png""}",5.7757077713639644e-05,color_s1_split_d1_m10,0.0,recovery only,1,2,color,21,20,-4.3683245466156165e-05,0.00010144032317979581,20,0.00495179882273078,1.0,0.9896561503410339,3,2.7799211238743737e-05,2.5217807226562896e-08,-1.2539760064100847e-05,0.00393563200123026,49.36955383374819,5.197592261444881e-05,1,20,6,false,1.9712772427737946e-06,ok,5.78115509919083e-06,23,0.027867666001839098
split_d2_m5,split,"{""base_field.npz"":""cells/color_s1_split_d2_m5/base_field.npz"",""base_reconstruction.npy"":""cells/color_s1_split_d2_m5/base_reconstruction.npy"",""config.json"":""cells/color_s1_split_d2_m5/config.json"",""curves.png"":""cells/color_s1_split_d2_m5/curves.png"",""decision"":""decision.json"",""error.png"":""cells/color_s1_split_d2_m5/error.png"",""field.npz"":""cells/color_s1_split_d2_m5/field.npz"",""gradient_packet"":""cases/color_s1/gradient_packet.npz"",""history.json"":""cells/color_s1_split_d2_m5/history.json"",""immediate.png"":""cells/color_s1_split_d2_m5/immediate.png"",""immediate_reconstruction.npy"":""cells/color_s1_split_d2_m5/immediate_reconstruction.npy"",""input_field.npz"":""cells/color_s1_split_d2_m5/input_field.npz"",""progress.jsonl"":""cells/color_s1_split_d2_m5/progress.jsonl"",""reconstruction.npy"":""cells/color_s1_split_d2_m5/reconstruction.npy"",""reconstruction.png"":""cells/color_s1_split_d2_m5/reconstruction.png"",""target.npy"":""cells/color_s1_split_d2_m5/target.npy"",""target.png"":""cells/color_s1_split_d2_m5/target.png""}",5.7757077713639644e-05,color_s1_split_d2_m5,0.0,recovery only,2,2,color,21,20,-4.388409137194028e-05,0.00010164116908557993,20,0.015054186806082726,0.5,0.9525021314620972,3,2.7799211238743737e-05,2.5217807226562896e-08,-4.1672356019262224e-05,0.00393563200123026,40.74439971538628,1.563303613208989e-05,1,20,6,false,1.9712772427737946e-06,ok,4.212404158154975e-05,23,0.02848320699922624
split_d2_m10,split,"{""base_field.npz"":""cells/color_s1_split_d2_m10/base_field.npz"",""base_reconstruction.npy"":""cells/color_s1_split_d2_m10/base_reconstruction.npy"",""config.json"":""cells/color_s1_split_d2_m10/config.json"",""curves.png"":""cells/color_s1_split_d2_m10/curves.png"",""decision"":""decision.json"",""error.png"":""cells/color_s1_split_d2_m10/error.png"",""field.npz"":""cells/color_s1_split_d2_m10/field.npz"",""gradient_packet"":""cases/color_s1/gradient_packet.npz"",""history.json"":""cells/color_s1_split_d2_m10/history.json"",""immediate.png"":""cells/color_s1_split_d2_m10/immediate.png"",""immediate_reconstruction.npy"":""cells/color_s1_split_d2_m10/immediate_reconstruction.npy"",""input_field.npz"":""cells/color_s1_split_d2_m10/input_field.npz"",""progress.jsonl"":""cells/color_s1_split_d2_m10/progress.jsonl"",""reconstruction.npy"":""cells/color_s1_split_d2_m10/reconstruction.npy"",""reconstruction.png"":""cells/color_s1_split_d2_m10/reconstruction.png"",""target.npy"":""cells/color_s1_split_d2_m10/target.npy"",""target.png"":""cells/color_s1_split_d2_m10/target.png""}",5.7757077713639644e-05,color_s1_split_d2_m10,0.0,recovery only,2,2,color,21,20,-8.038555124647656e-05,0.0001381426289601162,20,0.013331122696399689,1.0,0.9519108533859253,3,2.7799211238743737e-05,2.5217807226562896e-08,-4.9242058594245464e-05,0.00393563200123026,40.70750115385708,1.5273616834128413e-05,1,20,6,false,1.9712772427737946e-06,ok,4.248346087951123e-05,23,0.027748000000428874
birth_d1,birth,"{""base_field.npz"":""cells/color_s1_birth_d1/base_field.npz"",""base_reconstruction.npy"":""cells/color_s1_birth_d1/base_reconstruction.npy"",""config.json"":""cells/color_s1_birth_d1/config.json"",""curves.png"":""cells/color_s1_birth_d1/curves.png"",""decision"":""decision.json"",""error.png"":""cells/color_s1_birth_d1/error.png"",""field.npz"":""cells/color_s1_birth_d1/field.npz"",""gradient_packet"":""cases/color_s1/gradient_packet.npz"",""history.json"":""cells/color_s1_birth_d1/history.json"",""immediate.png"":""cells/color_s1_birth_d1/immediate.png"",""immediate_reconstruction.npy"":""cells/color_s1_birth_d1/immediate_reconstruction.npy"",""input_field.npz"":""cells/color_s1_birth_d1/input_field.npz"",""progress.jsonl"":""cells/color_s1_birth_d1/progress.jsonl"",""reconstruction.npy"":""cells/color_s1_birth_d1/reconstruction.npy"",""reconstruction.png"":""cells/color_s1_birth_d1/reconstruction.png"",""target.npy"":""cells/color_s1_birth_d1/target.npy"",""target.png"":""cells/color_s1_birth_d1/target.png""}",5.7757077713639644e-05,color_s1_birth_d1,0.0,recovery only,1,2,color,21,20,1.9309946974168936e-05,3.844713073947071e-05,20,0.0025359978899359703,1.0,0.9902980327606201,3,2.7799211238743737e-05,2.5217807226562896e-08,-1.2727342664220487e-06,0.00393563200123026,50.60907206030031,5.341134713147667e-05,1,20,6,false,1.9712772427737946e-06,ok,4.345730582162977e-06,23,0.027310854999086587
birth_d2,birth,"{""base_field.npz"":""cells/color_s1_birth_d2/base_field.npz"",""base_reconstruction.npy"":""cells/color_s1_birth_d2/base_reconstruction.npy"",""config.json"":""cells/color_s1_birth_d2/config.json"",""curves.png"":""cells/color_s1_birth_d2/curves.png"",""decision"":""decision.json"",""error.png"":""cells/color_s1_birth_d2/error.png"",""field.npz"":""cells/color_s1_birth_d2/field.npz"",""gradient_packet"":""cases/color_s1/gradient_packet.npz"",""history.json"":""cells/color_s1_birth_d2/history.json"",""immediate.png"":""cells/color_s1_birth_d2/immediate.png"",""immediate_reconstruction.npy"":""cells/color_s1_birth_d2/immediate_reconstruction.npy"",""input_field.npz"":""cells/color_s1_birth_d2/input_field.npz"",""progress.jsonl"":""cells/color_s1_birth_d2/progress.jsonl"",""reconstruction.npy"":""cells/color_s1_birth_d2/reconstruction.npy"",""reconstruction.png"":""cells/color_s1_birth_d2/reconstruction.png"",""target.npy"":""cells/color_s1_birth_d2/target.npy"",""target.png"":""cells/color_s1_birth_d2/target.png""}",5.7757077713639644e-05,color_s1_birth_d2,0.0,recovery only,2,2,color,21,20,-1.7392358806151463e-05,7.51494365197911e-05,20,0.011003314517438412,1.0,0.9525823593139648,3,2.7799211238743737e-05,2.5217807226562896e-08,-3.797503450186923e-05,0.00393563200123026,40.85677617967903,1.670904135115627e-05,1,20,6,false,1.9712772427737946e-06,ok,4.1048036362483375e-05,23,0.028449660003389
noop,noop,"{""base_field.npz"":""cells/color_s2_noop/base_field.npz"",""base_reconstruction.npy"":""cells/color_s2_noop/base_reconstruction.npy"",""config.json"":""cells/color_s2_noop/config.json"",""curves.png"":""cells/color_s2_noop/curves.png"",""decision"":""decision.json"",""error.png"":""cells/color_s2_noop/error.png"",""field.npz"":""cells/color_s2_noop/field.npz"",""gradient_packet"":""cases/color_s2/gradient_packet.npz"",""history.json"":""cells/color_s2_noop/history.json"",""immediate.png"":""cells/color_s2_noop/immediate.png"",""immediate_reconstruction.npy"":""cells/color_s2_noop/immediate_reconstruction.npy"",""input_field.npz"":""cells/color_s2_noop/input_field.npz"",""progress.jsonl"":""cells/color_s2_noop/progress.jsonl"",""reconstruction.npy"":""cells/color_s2_noop/reconstruction.npy"",""reconstruction.png"":""cells/color_s2_noop/reconstruction.png"",""target.npy"":""cells/color_s2_noop/target.npy"",""target.png"":""cells/color_s2_noop/target.png""}",5.77570672278397e-05,color_s2_noop,0.0,recovery only,,2,color,21,20,0.0,5.77570672278397e-05,20,0.015939272940158844,0.0,0.9992977976799011,3,2.811379818012938e-05,1.1092920966567456e-08,0.0,0.004000979999545962,51.98014626730982,5.4587825411175354e-05,2,20,6,false,1.971293841052102e-06,ok,3.169241816664343e-06,23,0.02753045099962037
move_m5,move,"{""base_field.npz"":""cells/color_s2_move_m5/base_field.npz"",""base_reconstruction.npy"":""cells/color_s2_move_m5/base_reconstruction.npy"",""config.json"":""cells/color_s2_move_m5/config.json"",""curves.png"":""cells/color_s2_move_m5/curves.png"",""decision"":""decision.json"",""error.png"":""cells/color_s2_move_m5/error.png"",""field.npz"":""cells/color_s2_move_m5/field.npz"",""gradient_packet"":""cases/color_s2/gradient_packet.npz"",""history.json"":""cells/color_s2_move_m5/history.json"",""immediate.png"":""cells/color_s2_move_m5/immediate.png"",""immediate_reconstruction.npy"":""cells/color_s2_move_m5/immediate_reconstruction.npy"",""input_field.npz"":""cells/color_s2_move_m5/input_field.npz"",""progress.jsonl"":""cells/color_s2_move_m5/progress.jsonl"",""reconstruction.npy"":""cells/color_s2_move_m5/reconstruction.npy"",""reconstruction.png"":""cells/color_s2_move_m5/reconstruction.png"",""target.npy"":""cells/color_s2_move_m5/target.npy"",""target.png"":""cells/color_s2_move_m5/target.png""}",5.77570672278397e-05,color_s2_move_m5,0.0,recovery only,,2,color,21,20,0.0,5.77570672278397e-05,20,0.015939272940158844,0.5,0.9992977976799011,3,2.811379818012938e-05,1.1092920966567456e-08,3.664202106766424e-22,0.004000979999545962,51.98014626730982,5.4587825411175354e-05,2,20,6,false,1.971293841052102e-06,ok,3.169241816664343e-06,23,0.028050281998730497
move_m10,move,"{""base_field.npz"":""cells/color_s2_move_m10/base_field.npz"",""base_reconstruction.npy"":""cells/color_s2_move_m10/base_reconstruction.npy"",""config.json"":""cells/color_s2_move_m10/config.json"",""curves.png"":""cells/color_s2_move_m10/curves.png"",""decision"":""decision.json"",""error.png"":""cells/color_s2_move_m10/error.png"",""field.npz"":""cells/color_s2_move_m10/field.npz"",""gradient_packet"":""cases/color_s2/gradient_packet.npz"",""history.json"":""cells/color_s2_move_m10/history.json"",""immediate.png"":""cells/color_s2_move_m10/immediate.png"",""immediate_reconstruction.npy"":""cells/color_s2_move_m10/immediate_reconstruction.npy"",""input_field.npz"":""cells/color_s2_move_m10/input_field.npz"",""progress.jsonl"":""cells/color_s2_move_m10/progress.jsonl"",""reconstruction.npy"":""cells/color_s2_move_m10/reconstruction.npy"",""reconstruction.png"":""cells/color_s2_move_m10/reconstruction.png"",""target.npy"":""cells/color_s2_move_m10/target.npy"",""target.png"":""cells/color_s2_move_m10/target.png""}",5.77570672278397e-05,color_s2_move_m10,0.0,recovery only,,2,color,21,20,0.0,5.77570672278397e-05,20,0.015939272940158844,1.0,0.9992977976799011,3,2.811379818012938e-05,1.1092920966567456e-08,4.951230314465188e-22,0.004000979999545962,51.98014626730982,5.4587825411175354e-05,2,20,6,false,1.971293841052102e-06,ok,3.169241816664343e-06,23,0.027939201001572656
scale_m5,scale,"{""base_field.npz"":""cells/color_s2_scale_m5/base_field.npz"",""base_reconstruction.npy"":""cells/color_s2_scale_m5/base_reconstruction.npy"",""config.json"":""cells/color_s2_scale_m5/config.json"",""curves.png"":""cells/color_s2_scale_m5/curves.png"",""decision"":""decision.json"",""error.png"":""cells/color_s2_scale_m5/error.png"",""field.npz"":""cells/color_s2_scale_m5/field.npz"",""gradient_packet"":""cases/color_s2/gradient_packet.npz"",""history.json"":""cells/color_s2_scale_m5/history.json"",""immediate.png"":""cells/color_s2_scale_m5/immediate.png"",""immediate_reconstruction.npy"":""cells/color_s2_scale_m5/immediate_reconstruction.npy"",""input_field.npz"":""cells/color_s2_scale_m5/input_field.npz"",""progress.jsonl"":""cells/color_s2_scale_m5/progress.jsonl"",""reconstruction.npy"":""cells/color_s2_scale_m5/reconstruction.npy"",""reconstruction.png"":""cells/color_s2_scale_m5/reconstruction.png"",""target.npy"":""cells/color_s2_scale_m5/target.npy"",""target.png"":""cells/color_s2_scale_m5/target.png""}",5.77570672278397e-05,color_s2_scale_m5,0.0,recovery only,,2,color,21,20,7.092661373251052e-07,5.7047801090514594e-05,20,0.016400277614593506,0.5,0.9993377923965454,3,2.811379818012938e-05,1.1092920966567456e-08,7.119668907762389e-07,0.004000979999545962,52.075304314107704,5.465651127596844e-05,2,20,6,false,1.971293841052102e-06,ok,3.100555951871258e-06,23,0.027702739000233123
scale_m10,scale,"{""base_field.npz"":""cells/color_s2_scale_m10/base_field.npz"",""base_reconstruction.npy"":""cells/color_s2_scale_m10/base_reconstruction.npy"",""config.json"":""cells/color_s2_scale_m10/config.json"",""curves.png"":""cells/color_s2_scale_m10/curves.png"",""decision"":""decision.json"",""error.png"":""cells/color_s2_scale_m10/error.png"",""field.npz"":""cells/color_s2_scale_m10/field.npz"",""gradient_packet"":""cases/color_s2/gradient_packet.npz"",""history.json"":""cells/color_s2_scale_m10/history.json"",""immediate.png"":""cells/color_s2_scale_m10/immediate.png"",""immediate_reconstruction.npy"":""cells/color_s2_scale_m10/immediate_reconstruction.npy"",""input_field.npz"":""cells/color_s2_scale_m10/input_field.npz"",""progress.jsonl"":""cells/color_s2_scale_m10/progress.jsonl"",""reconstruction.npy"":""cells/color_s2_scale_m10/reconstruction.npy"",""reconstruction.png"":""cells/color_s2_scale_m10/reconstruction.png"",""target.npy"":""cells/color_s2_scale_m10/target.npy"",""target.png"":""cells/color_s2_scale_m10/target.png""}",5.77570672278397e-05,color_s2_scale_m10,0.0,recovery only,,2,color,21,20,9.335505916145705e-07,5.682351663622513e-05,20,0.015581082552671432,1.0,0.9993098974227905,3,2.811379818012938e-05,1.1092920966567456e-08,9.539904795019538e-07,0.004000979999545962,51.9671345630795,5.457831594809412e-05,2,20,6,false,1.971293841052102e-06,ok,3.1787512797455787e-06,23,0.027486154998769052
rotate_m5,rotate,"{""base_field.npz"":""cells/color_s2_rotate_m5/base_field.npz"",""base_reconstruction.npy"":""cells/color_s2_rotate_m5/base_reconstruction.npy"",""config.json"":""cells/color_s2_rotate_m5/config.json"",""curves.png"":""cells/color_s2_rotate_m5/curves.png"",""decision"":""decision.json"",""error.png"":""cells/color_s2_rotate_m5/error.png"",""field.npz"":""cells/color_s2_rotate_m5/field.npz"",""gradient_packet"":""cases/color_s2/gradient_packet.npz"",""history.json"":""cells/color_s2_rotate_m5/history.json"",""immediate.png"":""cells/color_s2_rotate_m5/immediate.png"",""immediate_reconstruction.npy"":""cells/color_s2_rotate_m5/immediate_reconstruction.npy"",""input_field.npz"":""cells/color_s2_rotate_m5/input_field.npz"",""progress.jsonl"":""cells/color_s2_rotate_m5/progress.jsonl"",""reconstruction.npy"":""cells/color_s2_rotate_m5/reconstruction.npy"",""reconstruction.png"":""cells/color_s2_rotate_m5/reconstruction.png"",""target.npy"":""cells/color_s2_rotate_m5/target.npy"",""target.png"":""cells/color_s2_rotate_m5/target.png""}",5.77570672278397e-05,color_s2_rotate_m5,0.0,recovery only,,2,color,21,20,1.04786376786941e-12,5.775706617997593e-05,20,0.01605144329369068,0.5,0.999296247959137,3,2.811379818012938e-05,1.1092920966567456e-08,4.1150035174083736e-17,0.004000979999545962,51.96966911206441,5.4580170530795725e-05,2,20,6,false,1.971293841052102e-06,ok,3.176896697043974e-06,23,0.02805779900154448
rotate_m10,rotate,"{""base_field.npz"":""cells/color_s2_rotate_m10/base_field.npz"",""base_reconstruction.npy"":""cells/color_s2_rotate_m10/base_reconstruction.npy"",""config.json"":""cells/color_s2_rotate_m10/config.json"",""curves.png"":""cells/color_s2_rotate_m10/curves.png"",""decision"":""decision.json"",""error.png"":""cells/color_s2_rotate_m10/error.png"",""field.npz"":""cells/color_s2_rotate_m10/field.npz"",""gradient_packet"":""cases/color_s2/gradient_packet.npz"",""history.json"":""cells/color_s2_rotate_m10/history.json"",""immediate.png"":""cells/color_s2_rotate_m10/immediate.png"",""immediate_reconstruction.npy"":""cells/color_s2_rotate_m10/immediate_reconstruction.npy"",""input_field.npz"":""cells/color_s2_rotate_m10/input_field.npz"",""progress.jsonl"":""cells/color_s2_rotate_m10/progress.jsonl"",""reconstruction.npy"":""cells/color_s2_rotate_m10/reconstruction.npy"",""reconstruction.png"":""cells/color_s2_rotate_m10/reconstruction.png"",""target.npy"":""cells/color_s2_rotate_m10/target.npy"",""target.png"":""cells/color_s2_rotate_m10/target.png""}",5.77570672278397e-05,color_s2_rotate_m10,0.0,recovery only,,2,color,21,20,-2.7434031541167907e-12,5.775706997124285e-05,20,0.01606084778904915,1.0,0.9992982745170593,3,2.811379818012938e-05,1.1092920966567456e-08,5.5227679744058355e-17,0.004000979999545962,51.97902510442901,5.45870071426687e-05,2,20,6,false,1.971293841052102e-06,ok,3.170060085171e-06,23,0.0273230290003994
color_m5,color,"{""base_field.npz"":""cells/color_s2_color_m5/base_field.npz"",""base_reconstruction.npy"":""cells/color_s2_color_m5/base_reconstruction.npy"",""config.json"":""cells/color_s2_color_m5/config.json"",""curves.png"":""cells/color_s2_color_m5/curves.png"",""decision"":""decision.json"",""error.png"":""cells/color_s2_color_m5/error.png"",""field.npz"":""cells/color_s2_color_m5/field.npz"",""gradient_packet"":""cases/color_s2/gradient_packet.npz"",""history.json"":""cells/color_s2_color_m5/history.json"",""immediate.png"":""cells/color_s2_color_m5/immediate.png"",""immediate_reconstruction.npy"":""cells/color_s2_color_m5/immediate_reconstruction.npy"",""input_field.npz"":""cells/color_s2_color_m5/input_field.npz"",""progress.jsonl"":""cells/color_s2_color_m5/progress.jsonl"",""reconstruction.npy"":""cells/color_s2_color_m5/reconstruction.npy"",""reconstruction.png"":""cells/color_s2_color_m5/reconstruction.png"",""target.npy"":""cells/color_s2_color_m5/target.npy"",""target.png"":""cells/color_s2_color_m5/target.png""}",5.77570672278397e-05,color_s2_color_m5,0.0,recovery only,,2,color,21,20,3.6964529790215964e-05,2.079253743762374e-05,20,0.000302865169942379,0.5,0.9999788999557495,3,2.811379818012938e-05,1.1092920966567456e-08,3.696455678436905e-05,0.004000979999545962,67.59292484725594,5.767003551724221e-05,2,20,6,false,1.971293841052102e-06,ok,8.703171059748397e-08,23,0.02727113100263523
color_m10,color,"{""base_field.npz"":""cells/color_s2_color_m10/base_field.npz"",""base_reconstruction.npy"":""cells/color_s2_color_m10/base_reconstruction.npy"",""config.json"":""cells/color_s2_color_m10/config.json"",""curves.png"":""cells/color_s2_color_m10/curves.png"",""decision"":""decision.json"",""error.png"":""cells/color_s2_color_m10/error.png"",""field.npz"":""cells/color_s2_color_m10/field.npz"",""gradient_packet"":""cases/color_s2/gradient_packet.npz"",""history.json"":""cells/color_s2_color_m10/history.json"",""immediate.png"":""cells/color_s2_color_m10/immediate.png"",""immediate_reconstruction.npy"":""cells/color_s2_color_m10/immediate_reconstruction.npy"",""input_field.npz"":""cells/color_s2_color_m10/input_field.npz"",""progress.jsonl"":""cells/color_s2_color_m10/progress.jsonl"",""reconstruction.npy"":""cells/color_s2_color_m10/reconstruction.npy"",""reconstruction.png"":""cells/color_s2_color_m10/reconstruction.png"",""target.npy"":""cells/color_s2_color_m10/target.npy"",""target.png"":""cells/color_s2_color_m10/target.png""}",5.77570672278397e-05,color_s2_color_m10,0.0,recovery only,,2,color,21,20,5.5446791392878656e-05,2.310275834961043e-06,20,0.001073491177521646,1.0,0.9999357461929321,3,2.811379818012938e-05,1.1092920966567456e-08,5.5446838814532384e-05,0.004000979999545962,61.17963774248905,5.737599593790098e-05,2,20,6,false,1.971293841052102e-06,ok,3.8107128993871773e-07,23,0.027465385999676073
split_d1_m5,split,"{""base_field.npz"":""cells/color_s2_split_d1_m5/base_field.npz"",""base_reconstruction.npy"":""cells/color_s2_split_d1_m5/base_reconstruction.npy"",""config.json"":""cells/color_s2_split_d1_m5/config.json"",""curves.png"":""cells/color_s2_split_d1_m5/curves.png"",""decision"":""decision.json"",""error.png"":""cells/color_s2_split_d1_m5/error.png"",""field.npz"":""cells/color_s2_split_d1_m5/field.npz"",""gradient_packet"":""cases/color_s2/gradient_packet.npz"",""history.json"":""cells/color_s2_split_d1_m5/history.json"",""immediate.png"":""cells/color_s2_split_d1_m5/immediate.png"",""immediate_reconstruction.npy"":""cells/color_s2_split_d1_m5/immediate_reconstruction.npy"",""input_field.npz"":""cells/color_s2_split_d1_m5/input_field.npz"",""progress.jsonl"":""cells/color_s2_split_d1_m5/progress.jsonl"",""reconstruction.npy"":""cells/color_s2_split_d1_m5/reconstruction.npy"",""reconstruction.png"":""cells/color_s2_split_d1_m5/reconstruction.png"",""target.npy"":""cells/color_s2_split_d1_m5/target.npy"",""target.png"":""cells/color_s2_split_d1_m5/target.png""}",5.77570672278397e-05,color_s2_split_d1_m5,0.0,recovery only,1,2,color,21,20,-1.883012499718635e-05,7.658719222502605e-05,20,0.01301881019026041,0.5,0.9704052209854126,3,2.811379818012938e-05,1.1092920966567456e-08,-1.6616937500657514e-05,0.004000979999545962,44.63040389312858,4.054117183946426e-05,2,20,6,false,1.971293841052102e-06,ok,1.721589538837544e-05,23,0.028855045002273982
split_d1_m10,split,"{""base_field.npz"":""cells/color_s2_split_d1_m10/base_field.npz"",""base_reconstruction.npy"":""cells/color_s2_split_d1_m10/base_reconstruction.npy"",""config.json"":""cells/color_s2_split_d1_m10/config.json"",""curves.png"":""cells/color_s2_split_d1_m10/curves.png"",""decision"":""decision.json"",""error.png"":""cells/color_s2_split_d1_m10/error.png"",""field.npz"":""cells/color_s2_split_d1_m10/field.npz"",""gradient_packet"":""cases/color_s2/gradient_packet.npz"",""history.json"":""cells/color_s2_split_d1_m10/history.json"",""immediate.png"":""cells/color_s2_split_d1_m10/immediate.png"",""immediate_reconstruction.npy"":""cells/color_s2_split_d1_m10/immediate_reconstruction.npy"",""input_field.npz"":""cells/color_s2_split_d1_m10/input_field.npz"",""progress.jsonl"":""cells/color_s2_split_d1_m10/progress.jsonl"",""reconstruction.npy"":""cells/color_s2_split_d1_m10/reconstruction.npy"",""reconstruction.png"":""cells/color_s2_split_d1_m10/reconstruction.png"",""target.npy"":""cells/color_s2_split_d1_m10/target.npy"",""target.png"":""cells/color_s2_split_d1_m10/target.png""}",5.77570672278397e-05,color_s2_split_d1_m10,0.0,recovery only,1,2,color,21,20,-5.532752289994645e-05,0.00011308459012778615,20,0.00949108973145485,1.0,0.9702500700950623,3,2.811379818012938e-05,1.1092920966567456e-08,-2.418670555925928e-05,0.004000979999545962,44.653806905187274,4.0633694355632957e-05,2,20,6,false,1.971293841052102e-06,ok,1.712337287220674e-05,23,0.02763928299827967
split_d2_m5,split,"{""base_field.npz"":""cells/color_s2_split_d2_m5/base_field.npz"",""base_reconstruction.npy"":""cells/color_s2_split_d2_m5/base_reconstruction.npy"",""config.json"":""cells/color_s2_split_d2_m5/config.json"",""curves.png"":""cells/color_s2_split_d2_m5/curves.png"",""decision"":""decision.json"",""error.png"":""cells/color_s2_split_d2_m5/error.png"",""field.npz"":""cells/color_s2_split_d2_m5/field.npz"",""gradient_packet"":""cases/color_s2/gradient_packet.npz"",""history.json"":""cells/color_s2_split_d2_m5/history.json"",""immediate.png"":""cells/color_s2_split_d2_m5/immediate.png"",""immediate_reconstruction.npy"":""cells/color_s2_split_d2_m5/immediate_reconstruction.npy"",""input_field.npz"":""cells/color_s2_split_d2_m5/input_field.npz"",""progress.jsonl"":""cells/color_s2_split_d2_m5/progress.jsonl"",""reconstruction.npy"":""cells/color_s2_split_d2_m5/reconstruction.npy"",""reconstruction.png"":""cells/color_s2_split_d2_m5/reconstruction.png"",""target.npy"":""cells/color_s2_split_d2_m5/target.npy"",""target.png"":""cells/color_s2_split_d2_m5/target.png""}",5.77570672278397e-05,color_s2_split_d2_m5,0.0,recovery only,2,2,color,21,20,-4.3885566527866446e-05,0.00010164263375570614,20,0.01780364103615284,0.5,0.9523873329162598,3,2.811379818012938e-05,1.1092920966567456e-08,-4.167237420915626e-05,0.004000979999545962,40.729240208224276,1.5485730308784155e-05,2,20,6,false,1.971293841052102e-06,ok,4.2271336919055544e-05,23,0.02800768999804859
split_d2_m10,split,"{""base_field.npz"":""cells/color_s2_split_d2_m10/base_field.npz"",""base_reconstruction.npy"":""cells/color_s2_split_d2_m10/base_reconstruction.npy"",""config.json"":""cells/color_s2_split_d2_m10/config.json"",""curves.png"":""cells/color_s2_split_d2_m10/curves.png"",""decision"":""decision.json"",""error.png"":""cells/color_s2_split_d2_m10/error.png"",""field.npz"":""cells/color_s2_split_d2_m10/field.npz"",""gradient_packet"":""cases/color_s2/gradient_packet.npz"",""history.json"":""cells/color_s2_split_d2_m10/history.json"",""immediate.png"":""cells/color_s2_split_d2_m10/immediate.png"",""immediate_reconstruction.npy"":""cells/color_s2_split_d2_m10/immediate_reconstruction.npy"",""input_field.npz"":""cells/color_s2_split_d2_m10/input_field.npz"",""progress.jsonl"":""cells/color_s2_split_d2_m10/progress.jsonl"",""reconstruction.npy"":""cells/color_s2_split_d2_m10/reconstruction.npy"",""reconstruction.png"":""cells/color_s2_split_d2_m10/reconstruction.png"",""target.npy"":""cells/color_s2_split_d2_m10/target.npy"",""target.png"":""cells/color_s2_split_d2_m10/target.png""}",5.77570672278397e-05,color_s2_split_d2_m10,0.0,recovery only,2,2,color,21,20,-8.038296443062655e-05,0.00013814003165846624,20,0.014051944017410278,1.0,0.9521687030792236,3,2.811379818012938e-05,1.1092920966567456e-08,-4.9242145905736834e-05,0.004000979999545962,40.73875636270639,1.557825282495286e-05,2,20,6,false,1.971293841052102e-06,ok,4.217881440288684e-05,23,0.028090151001379127
birth_d1,birth,"{""base_field.npz"":""cells/color_s2_birth_d1/base_field.npz"",""base_reconstruction.npy"":""cells/color_s2_birth_d1/base_reconstruction.npy"",""config.json"":""cells/color_s2_birth_d1/config.json"",""curves.png"":""cells/color_s2_birth_d1/curves.png"",""decision"":""decision.json"",""error.png"":""cells/color_s2_birth_d1/error.png"",""field.npz"":""cells/color_s2_birth_d1/field.npz"",""gradient_packet"":""cases/color_s2/gradient_packet.npz"",""history.json"":""cells/color_s2_birth_d1/history.json"",""immediate.png"":""cells/color_s2_birth_d1/immediate.png"",""immediate_reconstruction.npy"":""cells/color_s2_birth_d1/immediate_reconstruction.npy"",""input_field.npz"":""cells/color_s2_birth_d1/input_field.npz"",""progress.jsonl"":""cells/color_s2_birth_d1/progress.jsonl"",""reconstruction.npy"":""cells/color_s2_birth_d1/reconstruction.npy"",""reconstruction.png"":""cells/color_s2_birth_d1/reconstruction.png"",""target.npy"":""cells/color_s2_birth_d1/target.npy"",""target.png"":""cells/color_s2_birth_d1/target.png""}",5.77570672278397e-05,color_s2_birth_d1,0.0,recovery only,1,2,color,21,20,7.663034206107338e-06,5.009403302173236e-05,20,0.008219820447266102,1.0,0.9706012606620789,3,2.811379818012938e-05,1.1092920966567456e-08,-1.291959506488638e-05,0.004000979999545962,44.95398629826275,4.177726593850565e-05,2,20,6,false,1.971293841052102e-06,ok,1.5979801289334046e-05,23,0.02789379499881761
birth_d2,birth,"{""base_field.npz"":""cells/color_s2_birth_d2/base_field.npz"",""base_reconstruction.npy"":""cells/color_s2_birth_d2/base_reconstruction.npy"",""config.json"":""cells/color_s2_birth_d2/config.json"",""curves.png"":""cells/color_s2_birth_d2/curves.png"",""decision"":""decision.json"",""error.png"":""cells/color_s2_birth_d2/error.png"",""field.npz"":""cells/color_s2_birth_d2/field.npz"",""gradient_packet"":""cases/color_s2/gradient_packet.npz"",""history.json"":""cells/color_s2_birth_d2/history.json"",""immediate.png"":""cells/color_s2_birth_d2/immediate.png"",""immediate_reconstruction.npy"":""cells/color_s2_birth_d2/immediate_reconstruction.npy"",""input_field.npz"":""cells/color_s2_birth_d2/input_field.npz"",""progress.jsonl"":""cells/color_s2_birth_d2/progress.jsonl"",""reconstruction.npy"":""cells/color_s2_birth_d2/reconstruction.npy"",""reconstruction.png"":""cells/color_s2_birth_d2/reconstruction.png"",""target.npy"":""cells/color_s2_birth_d2/target.npy"",""target.png"":""cells/color_s2_birth_d2/target.png""}",5.77570672278397e-05,color_s2_birth_d2,0.0,recovery only,2,2,color,21,20,-1.7392407324572758e-05,7.514947455241246e-05,20,0.013059547170996666,1.0,0.9525006413459778,3,2.811379818012938e-05,1.1092920966567456e-08,-3.797503450186923e-05,0.004000979999545962,40.85812996695427,1.6721824407825546e-05,2,20,6,false,1.971293841052102e-06,ok,4.103524282001415e-05,23,0.02760854799998924
noop,noop,"{""base_field.npz"":""cells/two_lobes_s0_noop/base_field.npz"",""base_reconstruction.npy"":""cells/two_lobes_s0_noop/base_reconstruction.npy"",""config.json"":""cells/two_lobes_s0_noop/config.json"",""curves.png"":""cells/two_lobes_s0_noop/curves.png"",""decision"":""decision.json"",""error.png"":""cells/two_lobes_s0_noop/error.png"",""field.npz"":""cells/two_lobes_s0_noop/field.npz"",""gradient_packet"":""cases/two_lobes_s0/gradient_packet.npz"",""history.json"":""cells/two_lobes_s0_noop/history.json"",""immediate.png"":""cells/two_lobes_s0_noop/immediate.png"",""immediate_reconstruction.npy"":""cells/two_lobes_s0_noop/immediate_reconstruction.npy"",""input_field.npz"":""cells/two_lobes_s0_noop/input_field.npz"",""progress.jsonl"":""cells/two_lobes_s0_noop/progress.jsonl"",""reconstruction.npy"":""cells/two_lobes_s0_noop/reconstruction.npy"",""reconstruction.png"":""cells/two_lobes_s0_noop/reconstruction.png"",""target.npy"":""cells/two_lobes_s0_noop/target.npy"",""target.png"":""cells/two_lobes_s0_noop/target.png""}",7.058407388470543e-05,two_lobes_s0_noop,0.0,recovery only,,2,two_lobes,21,20,0.0,7.058407388470543e-05,20,0.0033763940446078777,0.0,0.9956813454627991,3,0.00014073208149056882,1.0500930935051807e-08,0.0,0.003852712001389591,50.73757079783198,6.636504086296807e-05,0,20,6,false,-1.9738041373784654e-05,ok,4.2190330217373625e-06,23,0.028585569001734257
move_m5,move,"{""base_field.npz"":""cells/two_lobes_s0_move_m5/base_field.npz"",""base_reconstruction.npy"":""cells/two_lobes_s0_move_m5/base_reconstruction.npy"",""config.json"":""cells/two_lobes_s0_move_m5/config.json"",""curves.png"":""cells/two_lobes_s0_move_m5/curves.png"",""decision"":""decision.json"",""error.png"":""cells/two_lobes_s0_move_m5/error.png"",""field.npz"":""cells/two_lobes_s0_move_m5/field.npz"",""gradient_packet"":""cases/two_lobes_s0/gradient_packet.npz"",""history.json"":""cells/two_lobes_s0_move_m5/history.json"",""immediate.png"":""cells/two_lobes_s0_move_m5/immediate.png"",""immediate_reconstruction.npy"":""cells/two_lobes_s0_move_m5/immediate_reconstruction.npy"",""input_field.npz"":""cells/two_lobes_s0_move_m5/input_field.npz"",""progress.jsonl"":""cells/two_lobes_s0_move_m5/progress.jsonl"",""reconstruction.npy"":""cells/two_lobes_s0_move_m5/reconstruction.npy"",""reconstruction.png"":""cells/two_lobes_s0_move_m5/reconstruction.png"",""target.npy"":""cells/two_lobes_s0_move_m5/target.npy"",""target.png"":""cells/two_lobes_s0_move_m5/target.png""}",7.058407388470543e-05,two_lobes_s0_move_m5,0.0,recovery only,,2,two_lobes,21,20,0.0,7.058407388470543e-05,20,0.0033763940446078777,0.5,0.9956813454627991,3,0.00014073208149056882,1.0500930935051807e-08,5.9404387665214825e-21,0.003852712001389591,50.73757079783198,6.636504086296807e-05,0,20,6,false,-1.9738041373784654e-05,ok,4.2190330217373625e-06,23,0.02835408700047992
move_m10,move,"{""base_field.npz"":""cells/two_lobes_s0_move_m10/base_field.npz"",""base_reconstruction.npy"":""cells/two_lobes_s0_move_m10/base_reconstruction.npy"",""config.json"":""cells/two_lobes_s0_move_m10/config.json"",""curves.png"":""cells/two_lobes_s0_move_m10/curves.png"",""decision"":""decision.json"",""error.png"":""cells/two_lobes_s0_move_m10/error.png"",""field.npz"":""cells/two_lobes_s0_move_m10/field.npz"",""gradient_packet"":""cases/two_lobes_s0/gradient_packet.npz"",""history.json"":""cells/two_lobes_s0_move_m10/history.json"",""immediate.png"":""cells/two_lobes_s0_move_m10/immediate.png"",""immediate_reconstruction.npy"":""cells/two_lobes_s0_move_m10/immediate_reconstruction.npy"",""input_field.npz"":""cells/two_lobes_s0_move_m10/input_field.npz"",""progress.jsonl"":""cells/two_lobes_s0_move_m10/progress.jsonl"",""reconstruction.npy"":""cells/two_lobes_s0_move_m10/reconstruction.npy"",""reconstruction.png"":""cells/two_lobes_s0_move_m10/reconstruction.png"",""target.npy"":""cells/two_lobes_s0_move_m10/target.npy"",""target.png"":""cells/two_lobes_s0_move_m10/target.png""}",7.058407388470543e-05,two_lobes_s0_move_m10,0.0,recovery only,,2,two_lobes,21,20,0.0,7.058407388470543e-05,20,0.0033763940446078777,1.0,0.9956813454627991,3,0.00014073208149056882,1.0500930935051807e-08,7.974685919116784e-21,0.003852712001389591,50.73757079783198,6.636504086296807e-05,0,20,6,false,-1.9738041373784654e-05,ok,4.2190330217373625e-06,23,0.027683447999152122
scale_m5,scale,"{""base_field.npz"":""cells/two_lobes_s0_scale_m5/base_field.npz"",""base_reconstruction.npy"":""cells/two_lobes_s0_scale_m5/base_reconstruction.npy"",""config.json"":""cells/two_lobes_s0_scale_m5/config.json"",""curves.png"":""cells/two_lobes_s0_scale_m5/curves.png"",""decision"":""decision.json"",""error.png"":""cells/two_lobes_s0_scale_m5/error.png"",""field.npz"":""cells/two_lobes_s0_scale_m5/field.npz"",""gradient_packet"":""cases/two_lobes_s0/gradient_packet.npz"",""history.json"":""cells/two_lobes_s0_scale_m5/history.json"",""immediate.png"":""cells/two_lobes_s0_scale_m5/immediate.png"",""immediate_reconstruction.npy"":""cells/two_lobes_s0_scale_m5/immediate_reconstruction.npy"",""input_field.npz"":""cells/two_lobes_s0_scale_m5/input_field.npz"",""progress.jsonl"":""cells/two_lobes_s0_scale_m5/progress.jsonl"",""reconstruction.npy"":""cells/two_lobes_s0_scale_m5/reconstruction.npy"",""reconstruction.png"":""cells/two_lobes_s0_scale_m5/reconstruction.png"",""target.npy"":""cells/two_lobes_s0_scale_m5/target.npy"",""target.png"":""cells/two_lobes_s0_scale_m5/target.png""}",7.058407388470543e-05,two_lobes_s0_scale_m5,0.0,recovery only,,2,two_lobes,21,20,1.310883232942098e-05,5.747524155528445e-05,20,0.002361851278692484,0.5,0.9956495761871338,3,0.00014073208149056882,1.0500930935051807e-08,1.2661819710046984e-05,0.003852712001389591,51.43563282917781,6.699149162156591e-05,0,20,6,false,-1.9738041373784654e-05,ok,3.592582263139514e-06,23,0.028036134001013124
scale_m10,scale,"{""base_field.npz"":""cells/two_lobes_s0_scale_m10/base_field.npz"",""base_reconstruction.npy"":""cells/two_lobes_s0_scale_m10/base_reconstruction.npy"",""config.json"":""cells/two_lobes_s0_scale_m10/config.json"",""curves.png"":""cells/two_lobes_s0_scale_m10/curves.png"",""decision"":""decision.json"",""error.png"":""cells/two_lobes_s0_scale_m10/error.png"",""field.npz"":""cells/two_lobes_s0_scale_m10/field.npz"",""gradient_packet"":""cases/two_lobes_s0/gradient_packet.npz"",""history.json"":""cells/two_lobes_s0_scale_m10/history.json"",""immediate.png"":""cells/two_lobes_s0_scale_m10/immediate.png"",""immediate_reconstruction.npy"":""cells/two_lobes_s0_scale_m10/immediate_reconstruction.npy"",""input_field.npz"":""cells/two_lobes_s0_scale_m10/input_field.npz"",""progress.jsonl"":""cells/two_lobes_s0_scale_m10/progress.jsonl"",""reconstruction.npy"":""cells/two_lobes_s0_scale_m10/reconstruction.npy"",""reconstruction.png"":""cells/two_lobes_s0_scale_m10/reconstruction.png"",""target.npy"":""cells/two_lobes_s0_scale_m10/target.npy"",""target.png"":""cells/two_lobes_s0_scale_m10/target.png""}",7.058407388470543e-05,two_lobes_s0_scale_m10,0.0,recovery only,,2,two_lobes,21,20,2.1633745383903866e-05,4.8950328500801563e-05,20,0.0011359750060364604,1.0,0.9973309636116028,3,0.00014073208149056882,1.0500930935051807e-08,1.9933164367103018e-05,0.003852712001389591,53.180794525500666,6.818031694102182e-05,0,20,6,false,-1.9738041373784654e-05,ok,2.403756943683609e-06,23,0.0278354140027659
rotate_m5,rotate,"{""base_field.npz"":""cells/two_lobes_s0_rotate_m5/base_field.npz"",""base_reconstruction.npy"":""cells/two_lobes_s0_rotate_m5/base_reconstruction.npy"",""config.json"":""cells/two_lobes_s0_rotate_m5/config.json"",""curves.png"":""cells/two_lobes_s0_rotate_m5/curves.png"",""decision"":""decision.json"",""error.png"":""cells/two_lobes_s0_rotate_m5/error.png"",""field.npz"":""cells/two_lobes_s0_rotate_m5/field.npz"",""gradient_packet"":""cases/two_lobes_s0/gradient_packet.npz"",""history.json"":""cells/two_lobes_s0_rotate_m5/history.json"",""immediate.png"":""cells/two_lobes_s0_rotate_m5/immediate.png"",""immediate_reconstruction.npy"":""cells/two_lobes_s0_rotate_m5/immediate_reconstruction.npy"",""input_field.npz"":""cells/two_lobes_s0_rotate_m5/input_field.npz"",""progress.jsonl"":""cells/two_lobes_s0_rotate_m5/progress.jsonl"",""reconstruction.npy"":""cells/two_lobes_s0_rotate_m5/reconstruction.npy"",""reconstruction.png"":""cells/two_lobes_s0_rotate_m5/reconstruction.png"",""target.npy"":""cells/two_lobes_s0_rotate_m5/target.npy"",""target.png"":""cells/two_lobes_s0_rotate_m5/target.png""}",7.058407388470543e-05,two_lobes_s0_rotate_m5,0.0,recovery only,,2,two_lobes,21,20,0.0,7.058407388470543e-05,20,0.003373287618160248,0.5,0.9956849217414856,3,0.00014073208149056882,1.0500930935051807e-08,1.32749020881387e-22,0.003852712001389591,50.74523976363157,6.637248444574588e-05,0,20,6,false,-1.9738041373784654e-05,ok,4.211589438959549e-06,23,0.02768697300052736
rotate_m10,rotate,"{""base_field.npz"":""cells/two_lobes_s0_rotate_m10/base_field.npz"",""base_reconstruction.npy"":""cells/two_lobes_s0_rotate_m10/base_reconstruction.npy"",""config.json"":""cells/two_lobes_s0_rotate_m10/config.json"",""curves.png"":""cells/two_lobes_s0_rotate_m10/curves.png"",""decision"":""decision.json"",""error.png"":""cells/two_lobes_s0_rotate_m10/error.png"",""field.npz"":""cells/two_lobes_s0_rotate_m10/field.npz"",""gradient_packet"":""cases/two_lobes_s0/gradient_packet.npz"",""history.json"":""cells/two_lobes_s0_rotate_m10/history.json"",""immediate.png"":""cells/two_lobes_s0_rotate_m10/immediate.png"",""immediate_reconstruction.npy"":""cells/two_lobes_s0_rotate_m10/immediate_reconstruction.npy"",""input_field.npz"":""cells/two_lobes_s0_rotate_m10/input_field.npz"",""progress.jsonl"":""cells/two_lobes_s0_rotate_m10/progress.jsonl"",""reconstruction.npy"":""cells/two_lobes_s0_rotate_m10/reconstruction.npy"",""reconstruction.png"":""cells/two_lobes_s0_rotate_m10/reconstruction.png"",""target.npy"":""cells/two_lobes_s0_rotate_m10/target.npy"",""target.png"":""cells/two_lobes_s0_rotate_m10/target.png""}",7.058407388470543e-05,two_lobes_s0_rotate_m10,0.0,recovery only,,2,two_lobes,21,20,0.0,7.058407388470543e-05,20,0.0033884213771671057,1.0,0.9956862330436707,3,0.00014073208149056882,1.0500930935051807e-08,1.7816314997155993e-22,0.003852712001389591,50.74749308409575,6.637466904618397e-05,0,20,6,false,-1.9738041373784654e-05,ok,4.20940483852145e-06,23,0.028259135997359408
color_m5,color,"{""base_field.npz"":""cells/two_lobes_s0_color_m5/base_field.npz"",""base_reconstruction.npy"":""cells/two_lobes_s0_color_m5/base_reconstruction.npy"",""config.json"":""cells/two_lobes_s0_color_m5/config.json"",""curves.png"":""cells/two_lobes_s0_color_m5/curves.png"",""decision"":""decision.json"",""error.png"":""cells/two_lobes_s0_color_m5/error.png"",""field.npz"":""cells/two_lobes_s0_color_m5/field.npz"",""gradient_packet"":""cases/two_lobes_s0/gradient_packet.npz"",""history.json"":""cells/two_lobes_s0_color_m5/history.json"",""immediate.png"":""cells/two_lobes_s0_color_m5/immediate.png"",""immediate_reconstruction.npy"":""cells/two_lobes_s0_color_m5/immediate_reconstruction.npy"",""input_field.npz"":""cells/two_lobes_s0_color_m5/input_field.npz"",""progress.jsonl"":""cells/two_lobes_s0_color_m5/progress.jsonl"",""reconstruction.npy"":""cells/two_lobes_s0_color_m5/reconstruction.npy"",""reconstruction.png"":""cells/two_lobes_s0_color_m5/reconstruction.png"",""target.npy"":""cells/two_lobes_s0_color_m5/target.npy"",""target.png"":""cells/two_lobes_s0_color_m5/target.png""}",7.058407388470543e-05,two_lobes_s0_color_m5,0.0,recovery only,,2,two_lobes,21,20,1.9912280792607883e-05,5.0671793092097546e-05,20,0.002098049269989133,0.5,0.9952539801597595,3,0.00014073208149056882,1.0500930935051807e-08,1.991229146369733e-05,0.003852712001389591,50.49762163298095,6.612537810572831e-05,0,20,6,false,-1.9738041373784654e-05,ok,4.4586957789771236e-06,23,0.02774665199831361
color_m10,color,"{""base_field.npz"":""cells/two_lobes_s0_color_m10/base_field.npz"",""base_reconstruction.npy"":""cells/two_lobes_s0_color_m10/base_reconstruction.npy"",""config.json"":""cells/two_lobes_s0_color_m10/config.json"",""curves.png"":""cells/two_lobes_s0_color_m10/curves.png"",""decision"":""decision.json"",""error.png"":""cells/two_lobes_s0_color_m10/error.png"",""field.npz"":""cells/two_lobes_s0_color_m10/field.npz"",""gradient_packet"":""cases/two_lobes_s0/gradient_packet.npz"",""history.json"":""cells/two_lobes_s0_color_m10/history.json"",""immediate.png"":""cells/two_lobes_s0_color_m10/immediate.png"",""immediate_reconstruction.npy"":""cells/two_lobes_s0_color_m10/immediate_reconstruction.npy"",""input_field.npz"":""cells/two_lobes_s0_color_m10/input_field.npz"",""progress.jsonl"":""cells/two_lobes_s0_color_m10/progress.jsonl"",""reconstruction.npy"":""cells/two_lobes_s0_color_m10/reconstruction.npy"",""reconstruction.png"":""cells/two_lobes_s0_color_m10/reconstruction.png"",""target.npy"":""cells/two_lobes_s0_color_m10/target.npy"",""target.png"":""cells/two_lobes_s0_color_m10/target.png""}",7.058407388470543e-05,two_lobes_s0_color_m10,0.0,recovery only,,2,two_lobes,21,20,2.672436623024735e-05,4.385970765445808e-05,20,0.0024584985803812742,1.0,0.9955653548240662,3,0.00014073208149056882,1.0500930935051807e-08,2.6724388590082526e-05,0.003852712001389591,50.42328801351761,6.604840645651561e-05,0,20,6,false,-1.9738041373784654e-05,ok,4.535667428189817e-06,23,0.027570687998377252
split_d1_m5,split,"{""base_field.npz"":""cells/two_lobes_s0_split_d1_m5/base_field.npz"",""base_reconstruction.npy"":""cells/two_lobes_s0_split_d1_m5/base_reconstruction.npy"",""config.json"":""cells/two_lobes_s0_split_d1_m5/config.json"",""curves.png"":""cells/two_lobes_s0_split_d1_m5/curves.png"",""decision"":""decision.json"",""error.png"":""cells/two_lobes_s0_split_d1_m5/error.png"",""field.npz"":""cells/two_lobes_s0_split_d1_m5/field.npz"",""gradient_packet"":""cases/two_lobes_s0/gradient_packet.npz"",""history.json"":""cells/two_lobes_s0_split_d1_m5/history.json"",""immediate.png"":""cells/two_lobes_s0_split_d1_m5/immediate.png"",""immediate_reconstruction.npy"":""cells/two_lobes_s0_split_d1_m5/immediate_reconstruction.npy"",""input_field.npz"":""cells/two_lobes_s0_split_d1_m5/input_field.npz"",""progress.jsonl"":""cells/two_lobes_s0_split_d1_m5/progress.jsonl"",""reconstruction.npy"":""cells/two_lobes_s0_split_d1_m5/reconstruction.npy"",""reconstruction.png"":""cells/two_lobes_s0_split_d1_m5/reconstruction.png"",""target.npy"":""cells/two_lobes_s0_split_d1_m5/target.npy"",""target.png"":""cells/two_lobes_s0_split_d1_m5/target.png""}",7.058407388470543e-05,two_lobes_s0_split_d1_m5,0.0,recovery only,1,2,two_lobes,21,20,2.274375000049431e-05,4.784032388421112e-05,20,0.0018959494773298502,0.5,0.9961884617805481,3,0.00014073208149056882,1.0500930935051807e-08,2.5166822524624877e-05,0.003852712001389591,51.08244512717195,6.668711798019364e-05,0,20,6,false,-1.9738041373784654e-05,ok,3.896955904511781e-06,23,0.03148159699776443
split_d1_m10,split,"{""base_field.npz"":""cells/two_lobes_s0_split_d1_m10/base_field.npz"",""base_reconstruction.npy"":""cells/two_lobes_s0_split_d1_m10/base_reconstruction.npy"",""config.json"":""cells/two_lobes_s0_split_d1_m10/config.json"",""curves.png"":""cells/two_lobes_s0_split_d1_m10/curves.png"",""decision"":""decision.json"",""error.png"":""cells/two_lobes_s0_split_d1_m10/error.png"",""field.npz"":""cells/two_lobes_s0_split_d1_m10/field.npz"",""gradient_packet"":""cases/two_lobes_s0/gradient_packet.npz"",""history.json"":""cells/two_lobes_s0_split_d1_m10/history.json"",""immediate.png"":""cells/two_lobes_s0_split_d1_m10/immediate.png"",""immediate_reconstruction.npy"":""cells/two_lobes_s0_split_d1_m10/immediate_reconstruction.npy"",""input_field.npz"":""cells/two_lobes_s0_split_d1_m10/input_field.npz"",""progress.jsonl"":""cells/two_lobes_s0_split_d1_m10/progress.jsonl"",""reconstruction.npy"":""cells/two_lobes_s0_split_d1_m10/reconstruction.npy"",""reconstruction.png"":""cells/two_lobes_s0_split_d1_m10/reconstruction.png"",""target.npy"":""cells/two_lobes_s0_split_d1_m10/target.npy"",""target.png"":""cells/two_lobes_s0_split_d1_m10/target.png""}",7.058407388470543e-05,two_lobes_s0_split_d1_m10,0.0,recovery only,1,2,two_lobes,21,20,6.273770088201832e-05,7.846373002687108e-06,20,0.0002795837935991585,1.0,0.9990984797477722,3,0.00014073208149056882,1.0500930935051807e-08,0.00010096090409206226,0.003852712001389591,57.60759569477605,6.9716691825836e-05,0,20,6,false,-1.9738041373784654e-05,ok,8.673820588694369e-07,23,0.02862955700038583
split_d2_m5,split,"{""base_field.npz"":""cells/two_lobes_s0_split_d2_m5/base_field.npz"",""base_reconstruction.npy"":""cells/two_lobes_s0_split_d2_m5/base_reconstruction.npy"",""config.json"":""cells/two_lobes_s0_split_d2_m5/config.json"",""curves.png"":""cells/two_lobes_s0_split_d2_m5/curves.png"",""decision"":""decision.json"",""error.png"":""cells/two_lobes_s0_split_d2_m5/error.png"",""field.npz"":""cells/two_lobes_s0_split_d2_m5/field.npz"",""gradient_packet"":""cases/two_lobes_s0/gradient_packet.npz"",""history.json"":""cells/two_lobes_s0_split_d2_m5/history.json"",""immediate.png"":""cells/two_lobes_s0_split_d2_m5/immediate.png"",""immediate_reconstruction.npy"":""cells/two_lobes_s0_split_d2_m5/immediate_reconstruction.npy"",""input_field.npz"":""cells/two_lobes_s0_split_d2_m5/input_field.npz"",""progress.jsonl"":""cells/two_lobes_s0_split_d2_m5/progress.jsonl"",""reconstruction.npy"":""cells/two_lobes_s0_split_d2_m5/reconstruction.npy"",""reconstruction.png"":""cells/two_lobes_s0_split_d2_m5/reconstruction.png"",""target.npy"":""cells/two_lobes_s0_split_d2_m5/target.npy"",""target.png"":""cells/two_lobes_s0_split_d2_m5/target.png""}",7.058407388470543e-05,two_lobes_s0_split_d2_m5,0.0,recovery only,2,2,two_lobes,21,20,-1.6307503350013042e-05,8.689157723471847e-05,20,0.01587367244064808,0.5,0.9505777359008789,3,0.00014073208149056882,1.0500930935051807e-08,-1.3884424333809875e-05,0.003852712001389591,40.66024943895812,2.763586462968631e-05,0,20,6,false,-1.9738041373784654e-05,ok,4.294820925501912e-05,23,0.02848445599738625
split_d2_m10,split,"{""base_field.npz"":""cells/two_lobes_s0_split_d2_m10/base_field.npz"",""base_reconstruction.npy"":""cells/two_lobes_s0_split_d2_m10/base_reconstruction.npy"",""config.json"":""cells/two_lobes_s0_split_d2_m10/config.json"",""curves.png"":""cells/two_lobes_s0_split_d2_m10/curves.png"",""decision"":""decision.json"",""error.png"":""cells/two_lobes_s0_split_d2_m10/error.png"",""field.npz"":""cells/two_lobes_s0_split_d2_m10/field.npz"",""gradient_packet"":""cases/two_lobes_s0/gradient_packet.npz"",""history.json"":""cells/two_lobes_s0_split_d2_m10/history.json"",""immediate.png"":""cells/two_lobes_s0_split_d2_m10/immediate.png"",""immediate_reconstruction.npy"":""cells/two_lobes_s0_split_d2_m10/immediate_reconstruction.npy"",""input_field.npz"":""cells/two_lobes_s0_split_d2_m10/input_field.npz"",""progress.jsonl"":""cells/two_lobes_s0_split_d2_m10/progress.jsonl"",""reconstruction.npy"":""cells/two_lobes_s0_split_d2_m10/reconstruction.npy"",""reconstruction.png"":""cells/two_lobes_s0_split_d2_m10/reconstruction.png"",""target.npy"":""cells/two_lobes_s0_split_d2_m10/target.npy"",""target.png"":""cells/two_lobes_s0_split_d2_m10/target.png""}",7.058407388470543e-05,two_lobes_s0_split_d2_m10,0.0,recovery only,2,2,two_lobes,21,20,2.3686447531510978e-05,4.689762635319445e-05,20,0.013948197476565838,1.0,0.953268826007843,3,0.00014073208149056882,1.0500930935051807e-08,6.190966087160632e-05,0.003852712001389591,40.97794317519959,3.066543847532865e-05,0,20,6,false,-1.9738041373784654e-05,ok,3.991863540937678e-05,23,0.028316799998719944
birth_d1,birth,"{""base_field.npz"":""cells/two_lobes_s0_birth_d1/base_field.npz"",""base_reconstruction.npy"":""cells/two_lobes_s0_birth_d1/base_reconstruction.npy"",""config.json"":""cells/two_lobes_s0_birth_d1/config.json"",""curves.png"":""cells/two_lobes_s0_birth_d1/curves.png"",""decision"":""decision.json"",""error.png"":""cells/two_lobes_s0_birth_d1/error.png"",""field.npz"":""cells/two_lobes_s0_birth_d1/field.npz"",""gradient_packet"":""cases/two_lobes_s0/gradient_packet.npz"",""history.json"":""cells/two_lobes_s0_birth_d1/history.json"",""immediate.png"":""cells/two_lobes_s0_birth_d1/immediate.png"",""immediate_reconstruction.npy"":""cells/two_lobes_s0_birth_d1/immediate_reconstruction.npy"",""input_field.npz"":""cells/two_lobes_s0_birth_d1/input_field.npz"",""progress.jsonl"":""cells/two_lobes_s0_birth_d1/progress.jsonl"",""reconstruction.npy"":""cells/two_lobes_s0_birth_d1/reconstruction.npy"",""reconstruction.png"":""cells/two_lobes_s0_birth_d1/reconstruction.png"",""target.npy"":""cells/two_lobes_s0_birth_d1/target.npy"",""target.png"":""cells/two_lobes_s0_birth_d1/target.png""}",7.058407388470543e-05,two_lobes_s0_birth_d1,0.0,recovery only,1,2,two_lobes,21,20,2.9130785946642607e-05,4.145328793806282e-05,20,0.0007323906174860895,1.0,0.9988570809364319,3,0.00014073208149056882,1.0500930935051807e-08,1.6567556713198428e-06,0.003852712001389591,55.907916043522604,6.930121643662092e-05,0,20,6,false,-1.9738041373784654e-05,ok,1.2828574480845007e-06,23,0.027884705999895232
birth_d2,birth,"{""base_field.npz"":""cells/two_lobes_s0_birth_d2/base_field.npz"",""base_reconstruction.npy"":""cells/two_lobes_s0_birth_d2/base_reconstruction.npy"",""config.json"":""cells/two_lobes_s0_birth_d2/config.json"",""curves.png"":""cells/two_lobes_s0_birth_d2/curves.png"",""decision"":""decision.json"",""error.png"":""cells/two_lobes_s0_birth_d2/error.png"",""field.npz"":""cells/two_lobes_s0_birth_d2/field.npz"",""gradient_packet"":""cases/two_lobes_s0/gradient_packet.npz"",""history.json"":""cells/two_lobes_s0_birth_d2/history.json"",""immediate.png"":""cells/two_lobes_s0_birth_d2/immediate.png"",""immediate_reconstruction.npy"":""cells/two_lobes_s0_birth_d2/immediate_reconstruction.npy"",""input_field.npz"":""cells/two_lobes_s0_birth_d2/input_field.npz"",""progress.jsonl"":""cells/two_lobes_s0_birth_d2/progress.jsonl"",""reconstruction.npy"":""cells/two_lobes_s0_birth_d2/reconstruction.npy"",""reconstruction.png"":""cells/two_lobes_s0_birth_d2/reconstruction.png"",""target.npy"":""cells/two_lobes_s0_birth_d2/target.npy"",""target.png"":""cells/two_lobes_s0_birth_d2/target.png""}",7.058407388470543e-05,two_lobes_s0_birth_d2,0.0,recovery only,2,2,two_lobes,21,20,-9.920467403864744e-06,8.050454128857017e-05,20,0.014714096672832966,1.0,0.9529616832733154,3,0.00014073208149056882,1.0500930935051807e-08,-3.739448948181234e-05,0.003852712001389591,40.93297517360287,3.0249963086113586e-05,0,20,6,false,-1.9738041373784654e-05,ok,4.033411079859184e-05,23,0.02807344800021383
noop,noop,"{""base_field.npz"":""cells/two_lobes_s1_noop/base_field.npz"",""base_reconstruction.npy"":""cells/two_lobes_s1_noop/base_reconstruction.npy"",""config.json"":""cells/two_lobes_s1_noop/config.json"",""curves.png"":""cells/two_lobes_s1_noop/curves.png"",""decision"":""decision.json"",""error.png"":""cells/two_lobes_s1_noop/error.png"",""field.npz"":""cells/two_lobes_s1_noop/field.npz"",""gradient_packet"":""cases/two_lobes_s1/gradient_packet.npz"",""history.json"":""cells/two_lobes_s1_noop/history.json"",""immediate.png"":""cells/two_lobes_s1_noop/immediate.png"",""immediate_reconstruction.npy"":""cells/two_lobes_s1_noop/immediate_reconstruction.npy"",""input_field.npz"":""cells/two_lobes_s1_noop/input_field.npz"",""progress.jsonl"":""cells/two_lobes_s1_noop/progress.jsonl"",""reconstruction.npy"":""cells/two_lobes_s1_noop/reconstruction.npy"",""reconstruction.png"":""cells/two_lobes_s1_noop/reconstruction.png"",""target.npy"":""cells/two_lobes_s1_noop/target.npy"",""target.png"":""cells/two_lobes_s1_noop/target.png""}",7.058745923828634e-05,two_lobes_s1_noop,0.0,recovery only,,2,two_lobes,21,20,0.0,7.058745923828634e-05,20,0.0032800165936350822,0.0,0.9956533312797546,3,0.00014449466834776103,2.1469525819978348e-08,0.0,0.00401889499698882,50.73509302583848,6.63660184529329e-05,1,20,6,false,-1.974840233742725e-05,ok,4.221440785353436e-06,23,0.028262002997507807
move_m5,move,"{""base_field.npz"":""cells/two_lobes_s1_move_m5/base_field.npz"",""base_reconstruction.npy"":""cells/two_lobes_s1_move_m5/base_reconstruction.npy"",""config.json"":""cells/two_lobes_s1_move_m5/config.json"",""curves.png"":""cells/two_lobes_s1_move_m5/curves.png"",""decision"":""decision.json"",""error.png"":""cells/two_lobes_s1_move_m5/error.png"",""field.npz"":""cells/two_lobes_s1_move_m5/field.npz"",""gradient_packet"":""cases/two_lobes_s1/gradient_packet.npz"",""history.json"":""cells/two_lobes_s1_move_m5/history.json"",""immediate.png"":""cells/two_lobes_s1_move_m5/immediate.png"",""immediate_reconstruction.npy"":""cells/two_lobes_s1_move_m5/immediate_reconstruction.npy"",""input_field.npz"":""cells/two_lobes_s1_move_m5/input_field.npz"",""progress.jsonl"":""cells/two_lobes_s1_move_m5/progress.jsonl"",""reconstruction.npy"":""cells/two_lobes_s1_move_m5/reconstruction.npy"",""reconstruction.png"":""cells/two_lobes_s1_move_m5/reconstruction.png"",""target.npy"":""cells/two_lobes_s1_move_m5/target.npy"",""target.png"":""cells/two_lobes_s1_move_m5/target.png""}",7.058745923828634e-05,two_lobes_s1_move_m5,0.0,recovery only,,2,two_lobes,21,20,0.0,7.058745923828634e-05,20,0.0032800165936350822,0.5,0.9956533312797546,3,0.00014449466834776103,2.1469525819978348e-08,1.882629469958306e-20,0.00401889499698882,50.73509302583848,6.63660184529329e-05,1,20,6,false,-1.974840233742725e-05,ok,4.221440785353436e-06,23,0.02870416999940062
move_m10,move,"{""base_field.npz"":""cells/two_lobes_s1_move_m10/base_field.npz"",""base_reconstruction.npy"":""cells/two_lobes_s1_move_m10/base_reconstruction.npy"",""config.json"":""cells/two_lobes_s1_move_m10/config.json"",""curves.png"":""cells/two_lobes_s1_move_m10/curves.png"",""decision"":""decision.json"",""error.png"":""cells/two_lobes_s1_move_m10/error.png"",""field.npz"":""cells/two_lobes_s1_move_m10/field.npz"",""gradient_packet"":""cases/two_lobes_s1/gradient_packet.npz"",""history.json"":""cells/two_lobes_s1_move_m10/history.json"",""immediate.png"":""cells/two_lobes_s1_move_m10/immediate.png"",""immediate_reconstruction.npy"":""cells/two_lobes_s1_move_m10/immediate_reconstruction.npy"",""input_field.npz"":""cells/two_lobes_s1_move_m10/input_field.npz"",""progress.jsonl"":""cells/two_lobes_s1_move_m10/progress.jsonl"",""reconstruction.npy"":""cells/two_lobes_s1_move_m10/reconstruction.npy"",""reconstruction.png"":""cells/two_lobes_s1_move_m10/reconstruction.png"",""target.npy"":""cells/two_lobes_s1_move_m10/target.npy"",""target.png"":""cells/two_lobes_s1_move_m10/target.png""}",7.058745923828634e-05,two_lobes_s1_move_m10,0.0,recovery only,,2,two_lobes,21,20,0.0,7.058745923828634e-05,20,0.0032800165936350822,1.0,0.9956533312797546,3,0.00014449466834776103,2.1469525819978348e-08,2.5271812048392695e-20,0.00401889499698882,50.73509302583848,6.63660184529329e-05,1,20,6,false,-1.974840233742725e-05,ok,4.221440785353436e-06,23,0.028106454003136605
scale_m5,scale,"{""base_field.npz"":""cells/two_lobes_s1_scale_m5/base_field.npz"",""base_reconstruction.npy"":""cells/two_lobes_s1_scale_m5/base_reconstruction.npy"",""config.json"":""cells/two_lobes_s1_scale_m5/config.json"",""curves.png"":""cells/two_lobes_s1_scale_m5/curves.png"",""decision"":""decision.json"",""error.png"":""cells/two_lobes_s1_scale_m5/error.png"",""field.npz"":""cells/two_lobes_s1_scale_m5/field.npz"",""gradient_packet"":""cases/two_lobes_s1/gradient_packet.npz"",""history.json"":""cells/two_lobes_s1_scale_m5/history.json"",""immediate.png"":""cells/two_lobes_s1_scale_m5/immediate.png"",""immediate_reconstruction.npy"":""cells/two_lobes_s1_scale_m5/immediate_reconstruction.npy"",""input_field.npz"":""cells/two_lobes_s1_scale_m5/input_field.npz"",""progress.jsonl"":""cells/two_lobes_s1_scale_m5/progress.jsonl"",""reconstruction.npy"":""cells/two_lobes_s1_scale_m5/reconstruction.npy"",""reconstruction.png"":""cells/two_lobes_s1_scale_m5/reconstruction.png"",""target.npy"":""cells/two_lobes_s1_scale_m5/target.npy"",""target.png"":""cells/two_lobes_s1_scale_m5/target.png""}",7.058745923828634e-05,two_lobes_s1_scale_m5,0.0,recovery only,,2,two_lobes,21,20,1.3108076894454519e-05,5.747938234383182e-05,20,0.0023556530941277742,0.5,0.9956150650978088,3,0.00014449466834776103,2.1469525819978348e-08,1.2678960047196597e-05,0.00401889499698882,51.41012723325972,6.697371609199954e-05,1,20,6,false,-1.974840233742725e-05,ok,3.6137431462867925e-06,23,0.028133825999248074
scale_m10,scale,"{""base_field.npz"":""cells/two_lobes_s1_scale_m10/base_field.npz"",""base_reconstruction.npy"":""cells/two_lobes_s1_scale_m10/base_reconstruction.npy"",""config.json"":""cells/two_lobes_s1_scale_m10/config.json"",""curves.png"":""cells/two_lobes_s1_scale_m10/curves.png"",""decision"":""decision.json"",""error.png"":""cells/two_lobes_s1_scale_m10/error.png"",""field.npz"":""cells/two_lobes_s1_scale_m10/field.npz"",""gradient_packet"":""cases/two_lobes_s1/gradient_packet.npz"",""history.json"":""cells/two_lobes_s1_scale_m10/history.json"",""immediate.png"":""cells/two_lobes_s1_scale_m10/immediate.png"",""immediate_reconstruction.npy"":""cells/two_lobes_s1_scale_m10/immediate_reconstruction.npy"",""input_field.npz"":""cells/two_lobes_s1_scale_m10/input_field.npz"",""progress.jsonl"":""cells/two_lobes_s1_scale_m10/progress.jsonl"",""reconstruction.npy"":""cells/two_lobes_s1_scale_m10/reconstruction.npy"",""reconstruction.png"":""cells/two_lobes_s1_scale_m10/reconstruction.png"",""target.npy"":""cells/two_lobes_s1_scale_m10/target.npy"",""target.png"":""cells/two_lobes_s1_scale_m10/target.png""}",7.058745923828634e-05,two_lobes_s1_scale_m10,0.0,recovery only,,2,two_lobes,21,20,2.1625921650391806e-05,4.896153758789453e-05,20,0.0011884430423378944,1.0,0.9973043203353882,3,0.00014449466834776103,2.1469525819978348e-08,1.997281469812151e-05,0.00401889499698882,53.15039911278454,6.81668198652035e-05,1,20,6,false,-1.974840233742725e-05,ok,2.42063937308283e-06,23,0.027811306001240155
rotate_m5,rotate,"{""base_field.npz"":""cells/two_lobes_s1_rotate_m5/base_field.npz"",""base_reconstruction.npy"":""cells/two_lobes_s1_rotate_m5/base_reconstruction.npy"",""config.json"":""cells/two_lobes_s1_rotate_m5/config.json"",""curves.png"":""cells/two_lobes_s1_rotate_m5/curves.png"",""decision"":""decision.json"",""error.png"":""cells/two_lobes_s1_rotate_m5/error.png"",""field.npz"":""cells/two_lobes_s1_rotate_m5/field.npz"",""gradient_packet"":""cases/two_lobes_s1/gradient_packet.npz"",""history.json"":""cells/two_lobes_s1_rotate_m5/history.json"",""immediate.png"":""cells/two_lobes_s1_rotate_m5/immediate.png"",""immediate_reconstruction.npy"":""cells/two_lobes_s1_rotate_m5/immediate_reconstruction.npy"",""input_field.npz"":""cells/two_lobes_s1_rotate_m5/input_field.npz"",""progress.jsonl"":""cells/two_lobes_s1_rotate_m5/progress.jsonl"",""reconstruction.npy"":""cells/two_lobes_s1_rotate_m5/reconstruction.npy"",""reconstruction.png"":""cells/two_lobes_s1_rotate_m5/reconstruction.png"",""target.npy"":""cells/two_lobes_s1_rotate_m5/target.npy"",""target.png"":""cells/two_lobes_s1_rotate_m5/target.png""}",7.058745923828634e-05,two_lobes_s1_rotate_m5,0.0,recovery only,,2,two_lobes,21,20,1.5376717951774525e-11,7.058744386156838e-05,20,0.0032988046295940876,0.5,0.9956592917442322,3,0.00014449466834776103,2.1469525819978348e-08,2.614454833183011e-11,0.00401889499698882,50.75019003161021,6.638066760812508e-05,1,20,6,false,-1.974840233742725e-05,ok,4.2067916301612535e-06,23,0.027819856000860455
rotate_m10,rotate,"{""base_field.npz"":""cells/two_lobes_s1_rotate_m10/base_field.npz"",""base_reconstruction.npy"":""cells/two_lobes_s1_rotate_m10/base_reconstruction.npy"",""config.json"":""cells/two_lobes_s1_rotate_m10/config.json"",""curves.png"":""cells/two_lobes_s1_rotate_m10/curves.png"",""decision"":""decision.json"",""error.png"":""cells/two_lobes_s1_rotate_m10/error.png"",""field.npz"":""cells/two_lobes_s1_rotate_m10/field.npz"",""gradient_packet"":""cases/two_lobes_s1/gradient_packet.npz"",""history.json"":""cells/two_lobes_s1_rotate_m10/history.json"",""immediate.png"":""cells/two_lobes_s1_rotate_m10/immediate.png"",""immediate_reconstruction.npy"":""cells/two_lobes_s1_rotate_m10/immediate_reconstruction.npy"",""input_field.npz"":""cells/two_lobes_s1_rotate_m10/input_field.npz"",""progress.jsonl"":""cells/two_lobes_s1_rotate_m10/progress.jsonl"",""reconstruction.npy"":""cells/two_lobes_s1_rotate_m10/reconstruction.npy"",""reconstruction.png"":""cells/two_lobes_s1_rotate_m10/reconstruction.png"",""target.npy"":""cells/two_lobes_s1_rotate_m10/target.npy"",""target.png"":""cells/two_lobes_s1_rotate_m10/target.png""}",7.058745923828634e-05,two_lobes_s1_rotate_m10,0.0,recovery only,,2,two_lobes,21,20,1.441248185520775e-11,7.058744482580448e-05,20,0.003319204319268465,1.0,0.9956603646278381,3,0.00014449466834776103,2.1469525819978348e-08,3.50887409406031e-11,0.00401889499698882,50.74940436151661,6.637990650028412e-05,1,20,6,false,-1.974840233742725e-05,ok,4.20755273800221e-06,23,0.027772333000029903
color_m5,color,"{""base_field.npz"":""cells/two_lobes_s1_color_m5/base_field.npz"",""base_reconstruction.npy"":""cells/two_lobes_s1_color_m5/base_reconstruction.npy"",""config.json"":""cells/two_lobes_s1_color_m5/config.json"",""curves.png"":""cells/two_lobes_s1_color_m5/curves.png"",""decision"":""decision.json"",""error.png"":""cells/two_lobes_s1_color_m5/error.png"",""field.npz"":""cells/two_lobes_s1_color_m5/field.npz"",""gradient_packet"":""cases/two_lobes_s1/gradient_packet.npz"",""history.json"":""cells/two_lobes_s1_color_m5/history.json"",""immediate.png"":""cells/two_lobes_s1_color_m5/immediate.png"",""immediate_reconstruction.npy"":""cells/two_lobes_s1_color_m5/immediate_reconstruction.npy"",""input_field.npz"":""cells/two_lobes_s1_color_m5/input_field.npz"",""progress.jsonl"":""cells/two_lobes_s1_color_m5/progress.jsonl"",""reconstruction.npy"":""cells/two_lobes_s1_color_m5/reconstruction.npy"",""reconstruction.png"":""cells/two_lobes_s1_color_m5/reconstruction.png"",""target.npy"":""cells/two_lobes_s1_color_m5/target.npy"",""target.png"":""cells/two_lobes_s1_color_m5/target.png""}",7.058745923828634e-05,two_lobes_s1_color_m5,0.0,recovery only,,2,two_lobes,21,20,1.9911859214929517e-05,5.067560002335682e-05,20,0.002534338040277362,0.5,0.995222270488739,3,0.00014449466834776103,2.1469525819978348e-08,1.9911862182198092e-05,0.00401889499698882,50.5091715476928,6.614060545610576e-05,1,20,6,false,-1.974840233742725e-05,ok,4.446853782180577e-06,23,0.02759894799964968
color_m10,color,"{""base_field.npz"":""cells/two_lobes_s1_color_m10/base_field.npz"",""base_reconstruction.npy"":""cells/two_lobes_s1_color_m10/base_reconstruction.npy"",""config.json"":""cells/two_lobes_s1_color_m10/config.json"",""curves.png"":""cells/two_lobes_s1_color_m10/curves.png"",""decision"":""decision.json"",""error.png"":""cells/two_lobes_s1_color_m10/error.png"",""field.npz"":""cells/two_lobes_s1_color_m10/field.npz"",""gradient_packet"":""cases/two_lobes_s1/gradient_packet.npz"",""history.json"":""cells/two_lobes_s1_color_m10/history.json"",""immediate.png"":""cells/two_lobes_s1_color_m10/immediate.png"",""immediate_reconstruction.npy"":""cells/two_lobes_s1_color_m10/immediate_reconstruction.npy"",""input_field.npz"":""cells/two_lobes_s1_color_m10/input_field.npz"",""progress.jsonl"":""cells/two_lobes_s1_color_m10/progress.jsonl"",""reconstruction.npy"":""cells/two_lobes_s1_color_m10/reconstruction.npy"",""reconstruction.png"":""cells/two_lobes_s1_color_m10/reconstruction.png"",""target.npy"":""cells/two_lobes_s1_color_m10/target.npy"",""target.png"":""cells/two_lobes_s1_color_m10/target.png""}",7.058745923828634e-05,two_lobes_s1_color_m10,0.0,recovery only,,2,two_lobes,21,20,2.6723812749720804e-05,4.386364648856553e-05,20,0.002531927078962326,1.0,0.9955424666404724,3,0.00014449466834776103,2.1469525819978348e-08,2.6723813789431006e-05,0.00401889499698882,50.44264779228978,6.607196570028703e-05,1,20,6,false,-1.974840233742725e-05,ok,4.5154935379993015e-06,23,0.02791284200066002
split_d1_m5,split,"{""base_field.npz"":""cells/two_lobes_s1_split_d1_m5/base_field.npz"",""base_reconstruction.npy"":""cells/two_lobes_s1_split_d1_m5/base_reconstruction.npy"",""config.json"":""cells/two_lobes_s1_split_d1_m5/config.json"",""curves.png"":""cells/two_lobes_s1_split_d1_m5/curves.png"",""decision"":""decision.json"",""error.png"":""cells/two_lobes_s1_split_d1_m5/error.png"",""field.npz"":""cells/two_lobes_s1_split_d1_m5/field.npz"",""gradient_packet"":""cases/two_lobes_s1/gradient_packet.npz"",""history.json"":""cells/two_lobes_s1_split_d1_m5/history.json"",""immediate.png"":""cells/two_lobes_s1_split_d1_m5/immediate.png"",""immediate_reconstruction.npy"":""cells/two_lobes_s1_split_d1_m5/immediate_reconstruction.npy"",""input_field.npz"":""cells/two_lobes_s1_split_d1_m5/input_field.npz"",""progress.jsonl"":""cells/two_lobes_s1_split_d1_m5/progress.jsonl"",""reconstruction.npy"":""cells/two_lobes_s1_split_d1_m5/reconstruction.npy"",""reconstruction.png"":""cells/two_lobes_s1_split_d1_m5/reconstruction.png"",""target.npy"":""cells/two_lobes_s1_split_d1_m5/target.npy"",""target.png"":""cells/two_lobes_s1_split_d1_m5/target.png""}",7.058745923828634e-05,two_lobes_s1_split_d1_m5,0.0,recovery only,1,2,two_lobes,21,20,2.0393065416862526e-05,5.019439382142381e-05,20,0.0033579200971871614,0.5,0.9878356456756592,3,0.00014449466834776103,2.1469525819978348e-08,2.2831136448075995e-05,0.00401889499698882,49.15531365412802,6.451396478884357e-05,1,20,6,false,-1.974840233742725e-05,ok,6.073494449442766e-06,23,0.02895609899860574
split_d1_m10,split,"{""base_field.npz"":""cells/two_lobes_s1_split_d1_m10/base_field.npz"",""base_reconstruction.npy"":""cells/two_lobes_s1_split_d1_m10/base_reconstruction.npy"",""config.json"":""cells/two_lobes_s1_split_d1_m10/config.json"",""curves.png"":""cells/two_lobes_s1_split_d1_m10/curves.png"",""decision"":""decision.json"",""error.png"":""cells/two_lobes_s1_split_d1_m10/error.png"",""field.npz"":""cells/two_lobes_s1_split_d1_m10/field.npz"",""gradient_packet"":""cases/two_lobes_s1/gradient_packet.npz"",""history.json"":""cells/two_lobes_s1_split_d1_m10/history.json"",""immediate.png"":""cells/two_lobes_s1_split_d1_m10/immediate.png"",""immediate_reconstruction.npy"":""cells/two_lobes_s1_split_d1_m10/immediate_reconstruction.npy"",""input_field.npz"":""cells/two_lobes_s1_split_d1_m10/input_field.npz"",""progress.jsonl"":""cells/two_lobes_s1_split_d1_m10/progress.jsonl"",""reconstruction.npy"":""cells/two_lobes_s1_split_d1_m10/reconstruction.npy"",""reconstruction.png"":""cells/two_lobes_s1_split_d1_m10/reconstruction.png"",""target.npy"":""cells/two_lobes_s1_split_d1_m10/target.npy"",""target.png"":""cells/two_lobes_s1_split_d1_m10/target.png""}",7.058745923828634e-05,two_lobes_s1_split_d1_m10,0.0,recovery only,1,2,two_lobes,21,20,6.0388913142172606e-05,1.0198546096113731e-05,20,0.001372045953758061,1.0,0.9906824827194214,3,0.00014449466834776103,2.1469525819978348e-08,9.866501204669476e-05,0.00401889499698882,51.82240669923875,6.730099179482297e-05,1,20,6,false,-1.974840233742725e-05,ok,3.286467443463364e-06,23,0.028097708000132116
split_d2_m5,split,"{""base_field.npz"":""cells/two_lobes_s1_split_d2_m5/base_field.npz"",""base_reconstruction.npy"":""cells/two_lobes_s1_split_d2_m5/base_reconstruction.npy"",""config.json"":""cells/two_lobes_s1_split_d2_m5/config.json"",""curves.png"":""cells/two_lobes_s1_split_d2_m5/curves.png"",""decision"":""decision.json"",""error.png"":""cells/two_lobes_s1_split_d2_m5/error.png"",""field.npz"":""cells/two_lobes_s1_split_d2_m5/field.npz"",""gradient_packet"":""cases/two_lobes_s1/gradient_packet.npz"",""history.json"":""cells/two_lobes_s1_split_d2_m5/history.json"",""immediate.png"":""cells/two_lobes_s1_split_d2_m5/immediate.png"",""immediate_reconstruction.npy"":""cells/two_lobes_s1_split_d2_m5/immediate_reconstruction.npy"",""input_field.npz"":""cells/two_lobes_s1_split_d2_m5/input_field.npz"",""progress.jsonl"":""cells/two_lobes_s1_split_d2_m5/progress.jsonl"",""reconstruction.npy"":""cells/two_lobes_s1_split_d2_m5/reconstruction.npy"",""reconstruction.png"":""cells/two_lobes_s1_split_d2_m5/reconstruction.png"",""target.npy"":""cells/two_lobes_s1_split_d2_m5/target.npy"",""target.png"":""cells/two_lobes_s1_split_d2_m5/target.png""}",7.058745923828634e-05,two_lobes_s1_split_d2_m5,0.0,recovery only,2,2,two_lobes,21,20,-1.630924036345788e-05,8.689669960174421e-05,20,0.01777700148522854,0.5,0.9502422213554382,3,0.00014449466834776103,2.1469525819978348e-08,-1.3871162082068622e-05,0.00401889499698882,40.67771861467834,2.7811659008523162e-05,1,20,6,false,-1.974840233742725e-05,ok,4.2775800229763174e-05,23,0.0289134250015195
split_d2_m10,split,"{""base_field.npz"":""cells/two_lobes_s1_split_d2_m10/base_field.npz"",""base_reconstruction.npy"":""cells/two_lobes_s1_split_d2_m10/base_reconstruction.npy"",""config.json"":""cells/two_lobes_s1_split_d2_m10/config.json"",""curves.png"":""cells/two_lobes_s1_split_d2_m10/curves.png"",""decision"":""decision.json"",""error.png"":""cells/two_lobes_s1_split_d2_m10/error.png"",""field.npz"":""cells/two_lobes_s1_split_d2_m10/field.npz"",""gradient_packet"":""cases/two_lobes_s1/gradient_packet.npz"",""history.json"":""cells/two_lobes_s1_split_d2_m10/history.json"",""immediate.png"":""cells/two_lobes_s1_split_d2_m10/immediate.png"",""immediate_reconstruction.npy"":""cells/two_lobes_s1_split_d2_m10/immediate_reconstruction.npy"",""input_field.npz"":""cells/two_lobes_s1_split_d2_m10/input_field.npz"",""progress.jsonl"":""cells/two_lobes_s1_split_d2_m10/progress.jsonl"",""reconstruction.npy"":""cells/two_lobes_s1_split_d2_m10/reconstruction.npy"",""reconstruction.png"":""cells/two_lobes_s1_split_d2_m10/reconstruction.png"",""target.npy"":""cells/two_lobes_s1_split_d2_m10/target.npy"",""target.png"":""cells/two_lobes_s1_split_d2_m10/target.png""}",7.058745923828634e-05,two_lobes_s1_split_d2_m10,0.0,recovery only,2,2,two_lobes,21,20,2.3686607361852215e-05,4.690085187643412e-05,20,0.014679554849863052,1.0,0.953046977519989,3,0.00014449466834776103,2.1469525819978348e-08,6.196270987857133e-05,0.00401889499698882,40.970319232911066,3.059868601450257e-05,1,20,6,false,-1.974840233742725e-05,ok,3.9988773223783765e-05,23,0.028838993999670492
birth_d1,birth,"{""base_field.npz"":""cells/two_lobes_s1_birth_d1/base_field.npz"",""base_reconstruction.npy"":""cells/two_lobes_s1_birth_d1/base_reconstruction.npy"",""config.json"":""cells/two_lobes_s1_birth_d1/config.json"",""curves.png"":""cells/two_lobes_s1_birth_d1/curves.png"",""decision"":""decision.json"",""error.png"":""cells/two_lobes_s1_birth_d1/error.png"",""field.npz"":""cells/two_lobes_s1_birth_d1/field.npz"",""gradient_packet"":""cases/two_lobes_s1/gradient_packet.npz"",""history.json"":""cells/two_lobes_s1_birth_d1/history.json"",""immediate.png"":""cells/two_lobes_s1_birth_d1/immediate.png"",""immediate_reconstruction.npy"":""cells/two_lobes_s1_birth_d1/immediate_reconstruction.npy"",""input_field.npz"":""cells/two_lobes_s1_birth_d1/input_field.npz"",""progress.jsonl"":""cells/two_lobes_s1_birth_d1/progress.jsonl"",""reconstruction.npy"":""cells/two_lobes_s1_birth_d1/reconstruction.npy"",""reconstruction.png"":""cells/two_lobes_s1_birth_d1/reconstruction.png"",""target.npy"":""cells/two_lobes_s1_birth_d1/target.npy"",""target.png"":""cells/two_lobes_s1_birth_d1/target.png""}",7.058745923828634e-05,two_lobes_s1_birth_d1,0.0,recovery only,1,2,two_lobes,21,20,2.6781868732913995e-05,4.380559050537234e-05,20,0.0017281618202105165,1.0,0.9903234243392944,3,0.00014449466834776103,2.1469525819978348e-08,-6.921927706571296e-07,0.00401889499698882,51.40530703960238,6.696970300579734e-05,1,20,6,false,-1.974840233742725e-05,ok,3.617756232489006e-06,23,0.02765315899887355
birth_d2,birth,"{""base_field.npz"":""cells/two_lobes_s1_birth_d2/base_field.npz"",""base_reconstruction.npy"":""cells/two_lobes_s1_birth_d2/base_reconstruction.npy"",""config.json"":""cells/two_lobes_s1_birth_d2/config.json"",""curves.png"":""cells/two_lobes_s1_birth_d2/curves.png"",""decision"":""decision.json"",""error.png"":""cells/two_lobes_s1_birth_d2/error.png"",""field.npz"":""cells/two_lobes_s1_birth_d2/field.npz"",""gradient_packet"":""cases/two_lobes_s1/gradient_packet.npz"",""history.json"":""cells/two_lobes_s1_birth_d2/history.json"",""immediate.png"":""cells/two_lobes_s1_birth_d2/immediate.png"",""immediate_reconstruction.npy"":""cells/two_lobes_s1_birth_d2/immediate_reconstruction.npy"",""input_field.npz"":""cells/two_lobes_s1_birth_d2/input_field.npz"",""progress.jsonl"":""cells/two_lobes_s1_birth_d2/progress.jsonl"",""reconstruction.npy"":""cells/two_lobes_s1_birth_d2/reconstruction.npy"",""reconstruction.png"":""cells/two_lobes_s1_birth_d2/reconstruction.png"",""target.npy"":""cells/two_lobes_s1_birth_d2/target.npy"",""target.png"":""cells/two_lobes_s1_birth_d2/target.png""}",7.058745923828634e-05,two_lobes_s1_birth_d2,0.0,recovery only,2,2,two_lobes,21,20,-9.920437047406403e-06,8.050789628569274e-05,20,0.015775442123413086,1.0,0.9526160955429077,3,0.00014449466834776103,2.1469525819978348e-08,-3.739449311979115e-05,0.00401889499698882,40.93448812947155,3.026739722547693e-05,1,20,6,false,-1.974840233742725e-05,ok,4.0320062012809405e-05,23,0.02781712900105049
noop,noop,"{""base_field.npz"":""cells/two_lobes_s2_noop/base_field.npz"",""base_reconstruction.npy"":""cells/two_lobes_s2_noop/base_reconstruction.npy"",""config.json"":""cells/two_lobes_s2_noop/config.json"",""curves.png"":""cells/two_lobes_s2_noop/curves.png"",""decision"":""decision.json"",""error.png"":""cells/two_lobes_s2_noop/error.png"",""field.npz"":""cells/two_lobes_s2_noop/field.npz"",""gradient_packet"":""cases/two_lobes_s2/gradient_packet.npz"",""history.json"":""cells/two_lobes_s2_noop/history.json"",""immediate.png"":""cells/two_lobes_s2_noop/immediate.png"",""immediate_reconstruction.npy"":""cells/two_lobes_s2_noop/immediate_reconstruction.npy"",""input_field.npz"":""cells/two_lobes_s2_noop/input_field.npz"",""progress.jsonl"":""cells/two_lobes_s2_noop/progress.jsonl"",""reconstruction.npy"":""cells/two_lobes_s2_noop/reconstruction.npy"",""reconstruction.png"":""cells/two_lobes_s2_noop/reconstruction.png"",""target.npy"":""cells/two_lobes_s2_noop/target.npy"",""target.png"":""cells/two_lobes_s2_noop/target.png""}",7.058884753431345e-05,two_lobes_s2_noop,0.0,recovery only,,2,two_lobes,21,20,0.0,7.058884753431345e-05,20,0.0020867139101028442,0.0,0.995651125907898,3,0.0001482707739342004,2.5755811725228284e-08,0.0,0.004263908002030803,50.746983654564545,6.637894890160461e-05,2,20,6,false,-1.9736966351047158e-05,ok,4.20989863270884e-06,23,0.02956403000280261
move_m5,move,"{""base_field.npz"":""cells/two_lobes_s2_move_m5/base_field.npz"",""base_reconstruction.npy"":""cells/two_lobes_s2_move_m5/base_reconstruction.npy"",""config.json"":""cells/two_lobes_s2_move_m5/config.json"",""curves.png"":""cells/two_lobes_s2_move_m5/curves.png"",""decision"":""decision.json"",""error.png"":""cells/two_lobes_s2_move_m5/error.png"",""field.npz"":""cells/two_lobes_s2_move_m5/field.npz"",""gradient_packet"":""cases/two_lobes_s2/gradient_packet.npz"",""history.json"":""cells/two_lobes_s2_move_m5/history.json"",""immediate.png"":""cells/two_lobes_s2_move_m5/immediate.png"",""immediate_reconstruction.npy"":""cells/two_lobes_s2_move_m5/immediate_reconstruction.npy"",""input_field.npz"":""cells/two_lobes_s2_move_m5/input_field.npz"",""progress.jsonl"":""cells/two_lobes_s2_move_m5/progress.jsonl"",""reconstruction.npy"":""cells/two_lobes_s2_move_m5/reconstruction.npy"",""reconstruction.png"":""cells/two_lobes_s2_move_m5/reconstruction.png"",""target.npy"":""cells/two_lobes_s2_move_m5/target.npy"",""target.png"":""cells/two_lobes_s2_move_m5/target.png""}",7.058884753431345e-05,two_lobes_s2_move_m5,0.0,recovery only,,2,two_lobes,21,20,0.0,7.058884753431345e-05,20,0.0020867139101028442,0.5,0.995651125907898,3,0.0001482707739342004,2.5755811725228284e-08,5.531043332238121e-20,0.004263908002030803,50.746983654564545,6.637894890160461e-05,2,20,6,false,-1.9736966351047158e-05,ok,4.20989863270884e-06,23,0.028920680000737775
move_m10,move,"{""base_field.npz"":""cells/two_lobes_s2_move_m10/base_field.npz"",""base_reconstruction.npy"":""cells/two_lobes_s2_move_m10/base_reconstruction.npy"",""config.json"":""cells/two_lobes_s2_move_m10/config.json"",""curves.png"":""cells/two_lobes_s2_move_m10/curves.png"",""decision"":""decision.json"",""error.png"":""cells/two_lobes_s2_move_m10/error.png"",""field.npz"":""cells/two_lobes_s2_move_m10/field.npz"",""gradient_packet"":""cases/two_lobes_s2/gradient_packet.npz"",""history.json"":""cells/two_lobes_s2_move_m10/history.json"",""immediate.png"":""cells/two_lobes_s2_move_m10/immediate.png"",""immediate_reconstruction.npy"":""cells/two_lobes_s2_move_m10/immediate_reconstruction.npy"",""input_field.npz"":""cells/two_lobes_s2_move_m10/input_field.npz"",""progress.jsonl"":""cells/two_lobes_s2_move_m10/progress.jsonl"",""reconstruction.npy"":""cells/two_lobes_s2_move_m10/reconstruction.npy"",""reconstruction.png"":""cells/two_lobes_s2_move_m10/reconstruction.png"",""target.npy"":""cells/two_lobes_s2_move_m10/target.npy"",""target.png"":""cells/two_lobes_s2_move_m10/target.png""}",7.058884753431345e-05,two_lobes_s2_move_m10,0.0,recovery only,,2,two_lobes,21,20,0.0,7.058884753431345e-05,20,0.0020867139101028442,1.0,0.995651125907898,3,0.0001482707739342004,2.5755811725228284e-08,7.451711478146502e-20,0.004263908002030803,50.746983654564545,6.637894890160461e-05,2,20,6,false,-1.9736966351047158e-05,ok,4.20989863270884e-06,23,0.027799116000096546
scale_m5,scale,"{""base_field.npz"":""cells/two_lobes_s2_scale_m5/base_field.npz"",""base_reconstruction.npy"":""cells/two_lobes_s2_scale_m5/base_reconstruction.npy"",""config.json"":""cells/two_lobes_s2_scale_m5/config.json"",""curves.png"":""cells/two_lobes_s2_scale_m5/curves.png"",""decision"":""decision.json"",""error.png"":""cells/two_lobes_s2_scale_m5/error.png"",""field.npz"":""cells/two_lobes_s2_scale_m5/field.npz"",""gradient_packet"":""cases/two_lobes_s2/gradient_packet.npz"",""history.json"":""cells/two_lobes_s2_scale_m5/history.json"",""immediate.png"":""cells/two_lobes_s2_scale_m5/immediate.png"",""immediate_reconstruction.npy"":""cells/two_lobes_s2_scale_m5/immediate_reconstruction.npy"",""input_field.npz"":""cells/two_lobes_s2_scale_m5/input_field.npz"",""progress.jsonl"":""cells/two_lobes_s2_scale_m5/progress.jsonl"",""reconstruction.npy"":""cells/two_lobes_s2_scale_m5/reconstruction.npy"",""reconstruction.png"":""cells/two_lobes_s2_scale_m5/reconstruction.png"",""target.npy"":""cells/two_lobes_s2_scale_m5/target.npy"",""target.png"":""cells/two_lobes_s2_scale_m5/target.png""}",7.058884753431345e-05,two_lobes_s2_scale_m5,0.0,recovery only,,2,two_lobes,21,20,1.3109644820159839e-05,5.747920271415361e-05,20,0.0019325637258589268,0.5,0.9956051111221313,3,0.0001482707739342004,2.5755811725228284e-08,1.2659687854466029e-05,0.004263908002030803,51.38554534831648,6.695459192433645e-05,2,20,6,false,-1.9736966351047158e-05,ok,3.63425560997701e-06,23,0.028768313997716177
scale_m10,scale,"{""base_field.npz"":""cells/two_lobes_s2_scale_m10/base_field.npz"",""base_reconstruction.npy"":""cells/two_lobes_s2_scale_m10/base_reconstruction.npy"",""config.json"":""cells/two_lobes_s2_scale_m10/config.json"",""curves.png"":""cells/two_lobes_s2_scale_m10/curves.png"",""decision"":""decision.json"",""error.png"":""cells/two_lobes_s2_scale_m10/error.png"",""field.npz"":""cells/two_lobes_s2_scale_m10/field.npz"",""gradient_packet"":""cases/two_lobes_s2/gradient_packet.npz"",""history.json"":""cells/two_lobes_s2_scale_m10/history.json"",""immediate.png"":""cells/two_lobes_s2_scale_m10/immediate.png"",""immediate_reconstruction.npy"":""cells/two_lobes_s2_scale_m10/immediate_reconstruction.npy"",""input_field.npz"":""cells/two_lobes_s2_scale_m10/input_field.npz"",""progress.jsonl"":""cells/two_lobes_s2_scale_m10/progress.jsonl"",""reconstruction.npy"":""cells/two_lobes_s2_scale_m10/reconstruction.npy"",""reconstruction.png"":""cells/two_lobes_s2_scale_m10/reconstruction.png"",""target.npy"":""cells/two_lobes_s2_scale_m10/target.npy"",""target.png"":""cells/two_lobes_s2_scale_m10/target.png""}",7.058884753431345e-05,two_lobes_s2_scale_m10,0.0,recovery only,,2,two_lobes,21,20,2.16323211975466e-05,4.895652633676685e-05,20,0.0014002941315993667,1.0,0.9973040223121643,3,0.0001482707739342004,2.5755811725228284e-08,1.9931358110625297e-05,0.004263908002030803,53.12346952128297,6.815315170650082e-05,2,20,6,false,-1.9736966351047158e-05,ok,2.435695827812628e-06,23,0.0283580270006496
rotate_m5,rotate,"{""base_field.npz"":""cells/two_lobes_s2_rotate_m5/base_field.npz"",""base_reconstruction.npy"":""cells/two_lobes_s2_rotate_m5/base_reconstruction.npy"",""config.json"":""cells/two_lobes_s2_rotate_m5/config.json"",""curves.png"":""cells/two_lobes_s2_rotate_m5/curves.png"",""decision"":""decision.json"",""error.png"":""cells/two_lobes_s2_rotate_m5/error.png"",""field.npz"":""cells/two_lobes_s2_rotate_m5/field.npz"",""gradient_packet"":""cases/two_lobes_s2/gradient_packet.npz"",""history.json"":""cells/two_lobes_s2_rotate_m5/history.json"",""immediate.png"":""cells/two_lobes_s2_rotate_m5/immediate.png"",""immediate_reconstruction.npy"":""cells/two_lobes_s2_rotate_m5/immediate_reconstruction.npy"",""input_field.npz"":""cells/two_lobes_s2_rotate_m5/input_field.npz"",""progress.jsonl"":""cells/two_lobes_s2_rotate_m5/progress.jsonl"",""reconstruction.npy"":""cells/two_lobes_s2_rotate_m5/reconstruction.npy"",""reconstruction.png"":""cells/two_lobes_s2_rotate_m5/reconstruction.png"",""target.npy"":""cells/two_lobes_s2_rotate_m5/target.npy"",""target.png"":""cells/two_lobes_s2_rotate_m5/target.png""}",7.058884753431345e-05,two_lobes_s2_rotate_m5,0.0,recovery only,,2,two_lobes,21,20,4.1043237873020916e-12,7.058884342998966e-05,20,0.0021126701030880213,0.5,0.9956510066986084,3,0.0001482707739342004,2.5755811725228284e-08,5.3407252578741016e-12,0.004263908002030803,50.74685243531555,6.637882170033785e-05,2,20,6,false,-1.9736966351047158e-05,ok,4.210025833975602e-06,23,0.028726421001920244
rotate_m10,rotate,"{""base_field.npz"":""cells/two_lobes_s2_rotate_m10/base_field.npz"",""base_reconstruction.npy"":""cells/two_lobes_s2_rotate_m10/base_reconstruction.npy"",""config.json"":""cells/two_lobes_s2_rotate_m10/config.json"",""curves.png"":""cells/two_lobes_s2_rotate_m10/curves.png"",""decision"":""decision.json"",""error.png"":""cells/two_lobes_s2_rotate_m10/error.png"",""field.npz"":""cells/two_lobes_s2_rotate_m10/field.npz"",""gradient_packet"":""cases/two_lobes_s2/gradient_packet.npz"",""history.json"":""cells/two_lobes_s2_rotate_m10/history.json"",""immediate.png"":""cells/two_lobes_s2_rotate_m10/immediate.png"",""immediate_reconstruction.npy"":""cells/two_lobes_s2_rotate_m10/immediate_reconstruction.npy"",""input_field.npz"":""cells/two_lobes_s2_rotate_m10/input_field.npz"",""progress.jsonl"":""cells/two_lobes_s2_rotate_m10/progress.jsonl"",""reconstruction.npy"":""cells/two_lobes_s2_rotate_m10/reconstruction.npy"",""reconstruction.png"":""cells/two_lobes_s2_rotate_m10/reconstruction.png"",""target.npy"":""cells/two_lobes_s2_rotate_m10/target.npy"",""target.png"":""cells/two_lobes_s2_rotate_m10/target.png""}",7.058884753431345e-05,two_lobes_s2_rotate_m10,0.0,recovery only,,2,two_lobes,21,20,1.1370987999933732e-11,7.058883616332545e-05,20,0.002173054963350296,1.0,0.9956486821174622,3,0.0001482707739342004,2.5755811725228284e-08,7.167815386371901e-12,0.004263908002030803,50.737449432967566,6.63696966088157e-05,2,20,6,false,-1.9736966351047158e-05,ok,4.219150925497744e-06,23,0.030827777001832146
color_m5,color,"{""base_field.npz"":""cells/two_lobes_s2_color_m5/base_field.npz"",""base_reconstruction.npy"":""cells/two_lobes_s2_color_m5/base_reconstruction.npy"",""config.json"":""cells/two_lobes_s2_color_m5/config.json"",""curves.png"":""cells/two_lobes_s2_color_m5/curves.png"",""decision"":""decision.json"",""error.png"":""cells/two_lobes_s2_color_m5/error.png"",""field.npz"":""cells/two_lobes_s2_color_m5/field.npz"",""gradient_packet"":""cases/two_lobes_s2/gradient_packet.npz"",""history.json"":""cells/two_lobes_s2_color_m5/history.json"",""immediate.png"":""cells/two_lobes_s2_color_m5/immediate.png"",""immediate_reconstruction.npy"":""cells/two_lobes_s2_color_m5/immediate_reconstruction.npy"",""input_field.npz"":""cells/two_lobes_s2_color_m5/input_field.npz"",""progress.jsonl"":""cells/two_lobes_s2_color_m5/progress.jsonl"",""reconstruction.npy"":""cells/two_lobes_s2_color_m5/reconstruction.npy"",""reconstruction.png"":""cells/two_lobes_s2_color_m5/reconstruction.png"",""target.npy"":""cells/two_lobes_s2_color_m5/target.npy"",""target.png"":""cells/two_lobes_s2_color_m5/target.png""}",7.058884753431345e-05,two_lobes_s2_color_m5,0.0,recovery only,,2,two_lobes,21,20,1.9912599853138713e-05,5.067624768117474e-05,20,0.0020847609266638756,0.5,0.9952189326286316,3,0.0001482707739342004,2.5755811725228284e-08,1.9912600691895932e-05,0.004263908002030803,50.50800529964721,6.614079944017419e-05,2,20,6,false,-1.9736966351047158e-05,ok,4.448048094139268e-06,23,0.02916479100167635
color_m10,color,"{""base_field.npz"":""cells/two_lobes_s2_color_m10/base_field.npz"",""base_reconstruction.npy"":""cells/two_lobes_s2_color_m10/base_reconstruction.npy"",""config.json"":""cells/two_lobes_s2_color_m10/config.json"",""curves.png"":""cells/two_lobes_s2_color_m10/curves.png"",""decision"":""decision.json"",""error.png"":""cells/two_lobes_s2_color_m10/error.png"",""field.npz"":""cells/two_lobes_s2_color_m10/field.npz"",""gradient_packet"":""cases/two_lobes_s2/gradient_packet.npz"",""history.json"":""cells/two_lobes_s2_color_m10/history.json"",""immediate.png"":""cells/two_lobes_s2_color_m10/immediate.png"",""immediate_reconstruction.npy"":""cells/two_lobes_s2_color_m10/immediate_reconstruction.npy"",""input_field.npz"":""cells/two_lobes_s2_color_m10/input_field.npz"",""progress.jsonl"":""cells/two_lobes_s2_color_m10/progress.jsonl"",""reconstruction.npy"":""cells/two_lobes_s2_color_m10/reconstruction.npy"",""reconstruction.png"":""cells/two_lobes_s2_color_m10/reconstruction.png"",""target.npy"":""cells/two_lobes_s2_color_m10/target.npy"",""target.png"":""cells/two_lobes_s2_color_m10/target.png""}",7.058884753431345e-05,two_lobes_s2_color_m10,0.0,recovery only,,2,two_lobes,21,20,2.6724810929749095e-05,4.3864036604564356e-05,20,0.0017643189057707787,1.0,0.9955353736877441,3,0.0001482707739342004,2.5755811725228284e-08,2.6724805138655938e-05,0.004263908002030803,50.434542997069364,6.606491932307067e-05,2,20,6,false,-1.9736966351047158e-05,ok,4.523928211242783e-06,23,0.02863723799964646
split_d1_m5,split,"{""base_field.npz"":""cells/two_lobes_s2_split_d1_m5/base_field.npz"",""base_reconstruction.npy"":""cells/two_lobes_s2_split_d1_m5/base_reconstruction.npy"",""config.json"":""cells/two_lobes_s2_split_d1_m5/config.json"",""curves.png"":""cells/two_lobes_s2_split_d1_m5/curves.png"",""decision"":""decision.json"",""error.png"":""cells/two_lobes_s2_split_d1_m5/error.png"",""field.npz"":""cells/two_lobes_s2_split_d1_m5/field.npz"",""gradient_packet"":""cases/two_lobes_s2/gradient_packet.npz"",""history.json"":""cells/two_lobes_s2_split_d1_m5/history.json"",""immediate.png"":""cells/two_lobes_s2_split_d1_m5/immediate.png"",""immediate_reconstruction.npy"":""cells/two_lobes_s2_split_d1_m5/immediate_reconstruction.npy"",""input_field.npz"":""cells/two_lobes_s2_split_d1_m5/input_field.npz"",""progress.jsonl"":""cells/two_lobes_s2_split_d1_m5/progress.jsonl"",""reconstruction.npy"":""cells/two_lobes_s2_split_d1_m5/reconstruction.npy"",""reconstruction.png"":""cells/two_lobes_s2_split_d1_m5/reconstruction.png"",""target.npy"":""cells/two_lobes_s2_split_d1_m5/target.npy"",""target.png"":""cells/two_lobes_s2_split_d1_m5/target.png""}",7.058884753431345e-05,two_lobes_s2_split_d1_m5,0.0,recovery only,1,2,two_lobes,21,20,8.752287216271356e-06,6.18365603180421e-05,20,0.008964302018284798,0.5,0.9683933854103088,3,0.0001482707739342004,2.5755811725228284e-08,1.116963721869979e-05,0.004263908002030803,44.5270408617058,5.295829520130645e-05,2,20,6,false,-1.9736966351047158e-05,ok,1.7630552333006997e-05,23,0.029816647998814005
split_d1_m10,split,"{""base_field.npz"":""cells/two_lobes_s2_split_d1_m10/base_field.npz"",""base_reconstruction.npy"":""cells/two_lobes_s2_split_d1_m10/base_reconstruction.npy"",""config.json"":""cells/two_lobes_s2_split_d1_m10/config.json"",""curves.png"":""cells/two_lobes_s2_split_d1_m10/curves.png"",""decision"":""decision.json"",""error.png"":""cells/two_lobes_s2_split_d1_m10/error.png"",""field.npz"":""cells/two_lobes_s2_split_d1_m10/field.npz"",""gradient_packet"":""cases/two_lobes_s2/gradient_packet.npz"",""history.json"":""cells/two_lobes_s2_split_d1_m10/history.json"",""immediate.png"":""cells/two_lobes_s2_split_d1_m10/immediate.png"",""immediate_reconstruction.npy"":""cells/two_lobes_s2_split_d1_m10/immediate_reconstruction.npy"",""input_field.npz"":""cells/two_lobes_s2_split_d1_m10/input_field.npz"",""progress.jsonl"":""cells/two_lobes_s2_split_d1_m10/progress.jsonl"",""reconstruction.npy"":""cells/two_lobes_s2_split_d1_m10/reconstruction.npy"",""reconstruction.png"":""cells/two_lobes_s2_split_d1_m10/reconstruction.png"",""target.npy"":""cells/two_lobes_s2_split_d1_m10/target.npy"",""target.png"":""cells/two_lobes_s2_split_d1_m10/target.png""}",7.058884753431345e-05,two_lobes_s2_split_d1_m10,0.0,recovery only,1,2,two_lobes,21,20,4.874284560357485e-05,2.1846001930738607e-05,20,0.007714198902249336,1.0,0.9710847735404968,3,0.0001482707739342004,2.5755811725228284e-08,8.695958968019113e-05,0.004263908002030803,45.23540421063438,5.561168360569734e-05,2,20,6,false,-1.9736966351047158e-05,ok,1.4977163928616113e-05,23,0.028411368999513797
split_d2_m5,split,"{""base_field.npz"":""cells/two_lobes_s2_split_d2_m5/base_field.npz"",""base_reconstruction.npy"":""cells/two_lobes_s2_split_d2_m5/base_reconstruction.npy"",""config.json"":""cells/two_lobes_s2_split_d2_m5/config.json"",""curves.png"":""cells/two_lobes_s2_split_d2_m5/curves.png"",""decision"":""decision.json"",""error.png"":""cells/two_lobes_s2_split_d2_m5/error.png"",""field.npz"":""cells/two_lobes_s2_split_d2_m5/field.npz"",""gradient_packet"":""cases/two_lobes_s2/gradient_packet.npz"",""history.json"":""cells/two_lobes_s2_split_d2_m5/history.json"",""immediate.png"":""cells/two_lobes_s2_split_d2_m5/immediate.png"",""immediate_reconstruction.npy"":""cells/two_lobes_s2_split_d2_m5/immediate_reconstruction.npy"",""input_field.npz"":""cells/two_lobes_s2_split_d2_m5/input_field.npz"",""progress.jsonl"":""cells/two_lobes_s2_split_d2_m5/progress.jsonl"",""reconstruction.npy"":""cells/two_lobes_s2_split_d2_m5/reconstruction.npy"",""reconstruction.png"":""cells/two_lobes_s2_split_d2_m5/reconstruction.png"",""target.npy"":""cells/two_lobes_s2_split_d2_m5/target.npy"",""target.png"":""cells/two_lobes_s2_split_d2_m5/target.png""}",7.058884753431345e-05,two_lobes_s2_split_d2_m5,0.0,recovery only,2,2,two_lobes,21,20,-1.6303154314408727e-05,8.689200184872218e-05,20,0.017173439264297485,0.5,0.9500018358230591,3,0.0001482707739342004,2.5755811725228284e-08,-1.388580130878836e-05,0.004263908002030803,40.686846067242755,2.7902853670626347e-05,2,20,6,false,-1.9736966351047158e-05,ok,4.2685993863687104e-05,23,0.028851355997176142
split_d2_m10,split,"{""base_field.npz"":""cells/two_lobes_s2_split_d2_m10/base_field.npz"",""base_reconstruction.npy"":""cells/two_lobes_s2_split_d2_m10/base_reconstruction.npy"",""config.json"":""cells/two_lobes_s2_split_d2_m10/config.json"",""curves.png"":""cells/two_lobes_s2_split_d2_m10/curves.png"",""decision"":""decision.json"",""error.png"":""cells/two_lobes_s2_split_d2_m10/error.png"",""field.npz"":""cells/two_lobes_s2_split_d2_m10/field.npz"",""gradient_packet"":""cases/two_lobes_s2/gradient_packet.npz"",""history.json"":""cells/two_lobes_s2_split_d2_m10/history.json"",""immediate.png"":""cells/two_lobes_s2_split_d2_m10/immediate.png"",""immediate_reconstruction.npy"":""cells/two_lobes_s2_split_d2_m10/immediate_reconstruction.npy"",""input_field.npz"":""cells/two_lobes_s2_split_d2_m10/input_field.npz"",""progress.jsonl"":""cells/two_lobes_s2_split_d2_m10/progress.jsonl"",""reconstruction.npy"":""cells/two_lobes_s2_split_d2_m10/reconstruction.npy"",""reconstruction.png"":""cells/two_lobes_s2_split_d2_m10/reconstruction.png"",""target.npy"":""cells/two_lobes_s2_split_d2_m10/target.npy"",""target.png"":""cells/two_lobes_s2_split_d2_m10/target.png""}",7.058884753431345e-05,two_lobes_s2_split_d2_m10,0.0,recovery only,2,2,two_lobes,21,20,2.368740407289473e-05,4.690144346141872e-05,20,0.014845481142401695,1.0,0.9528805017471313,3,0.0001482707739342004,2.5755811725228284e-08,6.190415297169238e-05,0.004263908002030803,40.96556147936329,3.0556242075017235e-05,2,20,6,false,-1.9736966351047158e-05,ok,4.0032605459296217e-05,23,0.0287749810013338
birth_d1,birth,"{""base_field.npz"":""cells/two_lobes_s2_birth_d1/base_field.npz"",""base_reconstruction.npy"":""cells/two_lobes_s2_birth_d1/base_reconstruction.npy"",""config.json"":""cells/two_lobes_s2_birth_d1/config.json"",""curves.png"":""cells/two_lobes_s2_birth_d1/curves.png"",""decision"":""decision.json"",""error.png"":""cells/two_lobes_s2_birth_d1/error.png"",""field.npz"":""cells/two_lobes_s2_birth_d1/field.npz"",""gradient_packet"":""cases/two_lobes_s2/gradient_packet.npz"",""history.json"":""cells/two_lobes_s2_birth_d1/history.json"",""immediate.png"":""cells/two_lobes_s2_birth_d1/immediate.png"",""immediate_reconstruction.npy"":""cells/two_lobes_s2_birth_d1/immediate_reconstruction.npy"",""input_field.npz"":""cells/two_lobes_s2_birth_d1/input_field.npz"",""progress.jsonl"":""cells/two_lobes_s2_birth_d1/progress.jsonl"",""reconstruction.npy"":""cells/two_lobes_s2_birth_d1/reconstruction.npy"",""reconstruction.png"":""cells/two_lobes_s2_birth_d1/reconstruction.png"",""target.npy"":""cells/two_lobes_s2_birth_d1/target.npy"",""target.png"":""cells/two_lobes_s2_birth_d1/target.png""}",7.058884753431345e-05,two_lobes_s2_birth_d1,0.0,recovery only,1,2,two_lobes,21,20,1.5135148167263489e-05,5.545369936704996e-05,20,0.007568756118416786,1.0,0.9706986546516418,3,0.0001482707739342004,2.5755811725228284e-08,-1.2339052773313597e-05,0.004263908002030803,45.13675913291031,5.526760134653295e-05,2,20,6,false,-1.9736966351047158e-05,ok,1.5321246187780497e-05,23,0.028841137998824706
birth_d2,birth,"{""base_field.npz"":""cells/two_lobes_s2_birth_d2/base_field.npz"",""base_reconstruction.npy"":""cells/two_lobes_s2_birth_d2/base_reconstruction.npy"",""config.json"":""cells/two_lobes_s2_birth_d2/config.json"",""curves.png"":""cells/two_lobes_s2_birth_d2/curves.png"",""decision"":""decision.json"",""error.png"":""cells/two_lobes_s2_birth_d2/error.png"",""field.npz"":""cells/two_lobes_s2_birth_d2/field.npz"",""gradient_packet"":""cases/two_lobes_s2/gradient_packet.npz"",""history.json"":""cells/two_lobes_s2_birth_d2/history.json"",""immediate.png"":""cells/two_lobes_s2_birth_d2/immediate.png"",""immediate_reconstruction.npy"":""cells/two_lobes_s2_birth_d2/immediate_reconstruction.npy"",""input_field.npz"":""cells/two_lobes_s2_birth_d2/input_field.npz"",""progress.jsonl"":""cells/two_lobes_s2_birth_d2/progress.jsonl"",""reconstruction.npy"":""cells/two_lobes_s2_birth_d2/reconstruction.npy"",""reconstruction.png"":""cells/two_lobes_s2_birth_d2/reconstruction.png"",""target.npy"":""cells/two_lobes_s2_birth_d2/target.npy"",""target.png"":""cells/two_lobes_s2_birth_d2/target.png""}",7.058884753431345e-05,two_lobes_s2_birth_d2,0.0,recovery only,2,2,two_lobes,21,20,-9.920293363416608e-06,8.050914089773006e-05,20,0.015342977829277515,1.0,0.9524200558662415,3,0.0001482707739342004,2.5755811725228284e-08,-3.739449311979115e-05,0.004263908002030803,40.928393153994485,3.0212159815852848e-05,2,20,6,false,-1.9736966351047158e-05,ok,4.0376687718460604e-05,23,0.028062049997970462
noop,noop,"{""base_field.npz"":""cells/support_gap_s0_noop/base_field.npz"",""base_reconstruction.npy"":""cells/support_gap_s0_noop/base_reconstruction.npy"",""config.json"":""cells/support_gap_s0_noop/config.json"",""curves.png"":""cells/support_gap_s0_noop/curves.png"",""decision"":""decision.json"",""error.png"":""cells/support_gap_s0_noop/error.png"",""field.npz"":""cells/support_gap_s0_noop/field.npz"",""gradient_packet"":""cases/support_gap_s0/gradient_packet.npz"",""history.json"":""cells/support_gap_s0_noop/history.json"",""immediate.png"":""cells/support_gap_s0_noop/immediate.png"",""immediate_reconstruction.npy"":""cells/support_gap_s0_noop/immediate_reconstruction.npy"",""input_field.npz"":""cells/support_gap_s0_noop/input_field.npz"",""progress.jsonl"":""cells/support_gap_s0_noop/progress.jsonl"",""reconstruction.npy"":""cells/support_gap_s0_noop/reconstruction.npy"",""reconstruction.png"":""cells/support_gap_s0_noop/reconstruction.png"",""target.npy"":""cells/support_gap_s0_noop/target.npy"",""target.png"":""cells/support_gap_s0_noop/target.png""}",0.00024115880793766685,support_gap_s0_noop,0.0,recovery only,,2,support_gap,21,20,0.0,0.00024115880793766685,20,0.05449758470058441,0.0,0.9275144338607788,3,0.0,0.0,0.0,0.003950586000428302,33.16666875880856,0.0,0,20,6,false,0.0,ok,0.00024115880793766685,23,0.028370076997816795
move_m5,move,"{""base_field.npz"":""cells/support_gap_s0_move_m5/base_field.npz"",""base_reconstruction.npy"":""cells/support_gap_s0_move_m5/base_reconstruction.npy"",""config.json"":""cells/support_gap_s0_move_m5/config.json"",""curves.png"":""cells/support_gap_s0_move_m5/curves.png"",""decision"":""decision.json"",""error.png"":""cells/support_gap_s0_move_m5/error.png"",""field.npz"":""cells/support_gap_s0_move_m5/field.npz"",""gradient_packet"":""cases/support_gap_s0/gradient_packet.npz"",""history.json"":""cells/support_gap_s0_move_m5/history.json"",""immediate.png"":""cells/support_gap_s0_move_m5/immediate.png"",""immediate_reconstruction.npy"":""cells/support_gap_s0_move_m5/immediate_reconstruction.npy"",""input_field.npz"":""cells/support_gap_s0_move_m5/input_field.npz"",""progress.jsonl"":""cells/support_gap_s0_move_m5/progress.jsonl"",""reconstruction.npy"":""cells/support_gap_s0_move_m5/reconstruction.npy"",""reconstruction.png"":""cells/support_gap_s0_move_m5/reconstruction.png"",""target.npy"":""cells/support_gap_s0_move_m5/target.npy"",""target.png"":""cells/support_gap_s0_move_m5/target.png""}",0.00024115880793766685,support_gap_s0_move_m5,0.0,recovery only,,2,support_gap,21,20,0.0,0.00024115880793766685,20,0.05449758470058441,0.5,0.9275144338607788,3,0.0,0.0,-0.0,0.003950586000428302,33.16666875880856,0.0,0,20,6,false,0.0,ok,0.00024115880793766685,23,0.027679689999786206
move_m10,move,"{""base_field.npz"":""cells/support_gap_s0_move_m10/base_field.npz"",""base_reconstruction.npy"":""cells/support_gap_s0_move_m10/base_reconstruction.npy"",""config.json"":""cells/support_gap_s0_move_m10/config.json"",""curves.png"":""cells/support_gap_s0_move_m10/curves.png"",""decision"":""decision.json"",""error.png"":""cells/support_gap_s0_move_m10/error.png"",""field.npz"":""cells/support_gap_s0_move_m10/field.npz"",""gradient_packet"":""cases/support_gap_s0/gradient_packet.npz"",""history.json"":""cells/support_gap_s0_move_m10/history.json"",""immediate.png"":""cells/support_gap_s0_move_m10/immediate.png"",""immediate_reconstruction.npy"":""cells/support_gap_s0_move_m10/immediate_reconstruction.npy"",""input_field.npz"":""cells/support_gap_s0_move_m10/input_field.npz"",""progress.jsonl"":""cells/support_gap_s0_move_m10/progress.jsonl"",""reconstruction.npy"":""cells/support_gap_s0_move_m10/reconstruction.npy"",""reconstruction.png"":""cells/support_gap_s0_move_m10/reconstruction.png"",""target.npy"":""cells/support_gap_s0_move_m10/target.npy"",""target.png"":""cells/support_gap_s0_move_m10/target.png""}",0.00024115880793766685,support_gap_s0_move_m10,0.0,recovery only,,2,support_gap,21,20,0.0,0.00024115880793766685,20,0.05449758470058441,1.0,0.9275144338607788,3,0.0,0.0,-0.0,0.003950586000428302,33.16666875880856,0.0,0,20,6,false,0.0,ok,0.00024115880793766685,23,0.027140819998749066
scale_m5,scale,"{""base_field.npz"":""cells/support_gap_s0_scale_m5/base_field.npz"",""base_reconstruction.npy"":""cells/support_gap_s0_scale_m5/base_reconstruction.npy"",""config.json"":""cells/support_gap_s0_scale_m5/config.json"",""curves.png"":""cells/support_gap_s0_scale_m5/curves.png"",""decision"":""decision.json"",""error.png"":""cells/support_gap_s0_scale_m5/error.png"",""field.npz"":""cells/support_gap_s0_scale_m5/field.npz"",""gradient_packet"":""cases/support_gap_s0/gradient_packet.npz"",""history.json"":""cells/support_gap_s0_scale_m5/history.json"",""immediate.png"":""cells/support_gap_s0_scale_m5/immediate.png"",""immediate_reconstruction.npy"":""cells/support_gap_s0_scale_m5/immediate_reconstruction.npy"",""input_field.npz"":""cells/support_gap_s0_scale_m5/input_field.npz"",""progress.jsonl"":""cells/support_gap_s0_scale_m5/progress.jsonl"",""reconstruction.npy"":""cells/support_gap_s0_scale_m5/reconstruction.npy"",""reconstruction.png"":""cells/support_gap_s0_scale_m5/reconstruction.png"",""target.npy"":""cells/support_gap_s0_scale_m5/target.npy"",""target.png"":""cells/support_gap_s0_scale_m5/target.png""}",0.00024115880793766685,support_gap_s0_scale_m5,0.0,recovery only,,2,support_gap,21,20,0.0,0.00024115880793766685,20,0.05449758470058441,0.5,0.9275144338607788,3,0.0,0.0,-0.0,0.003950586000428302,33.16666875880856,0.0,0,20,6,false,0.0,ok,0.00024115880793766685,23,0.027303579001454636
scale_m10,scale,"{""base_field.npz"":""cells/support_gap_s0_scale_m10/base_field.npz"",""base_reconstruction.npy"":""cells/support_gap_s0_scale_m10/base_reconstruction.npy"",""config.json"":""cells/support_gap_s0_scale_m10/config.json"",""curves.png"":""cells/support_gap_s0_scale_m10/curves.png"",""decision"":""decision.json"",""error.png"":""cells/support_gap_s0_scale_m10/error.png"",""field.npz"":""cells/support_gap_s0_scale_m10/field.npz"",""gradient_packet"":""cases/support_gap_s0/gradient_packet.npz"",""history.json"":""cells/support_gap_s0_scale_m10/history.json"",""immediate.png"":""cells/support_gap_s0_scale_m10/immediate.png"",""immediate_reconstruction.npy"":""cells/support_gap_s0_scale_m10/immediate_reconstruction.npy"",""input_field.npz"":""cells/support_gap_s0_scale_m10/input_field.npz"",""progress.jsonl"":""cells/support_gap_s0_scale_m10/progress.jsonl"",""reconstruction.npy"":""cells/support_gap_s0_scale_m10/reconstruction.npy"",""reconstruction.png"":""cells/support_gap_s0_scale_m10/reconstruction.png"",""target.npy"":""cells/support_gap_s0_scale_m10/target.npy"",""target.png"":""cells/support_gap_s0_scale_m10/target.png""}",0.00024115880793766685,support_gap_s0_scale_m10,0.0,recovery only,,2,support_gap,21,20,0.0,0.00024115880793766685,20,0.05449758470058441,1.0,0.9275144338607788,3,0.0,0.0,-0.0,0.003950586000428302,33.16666875880856,0.0,0,20,6,false,0.0,ok,0.00024115880793766685,23,0.027192032997845672
rotate_m5,rotate,"{""base_field.npz"":""cells/support_gap_s0_rotate_m5/base_field.npz"",""base_reconstruction.npy"":""cells/support_gap_s0_rotate_m5/base_reconstruction.npy"",""config.json"":""cells/support_gap_s0_rotate_m5/config.json"",""curves.png"":""cells/support_gap_s0_rotate_m5/curves.png"",""decision"":""decision.json"",""error.png"":""cells/support_gap_s0_rotate_m5/error.png"",""field.npz"":""cells/support_gap_s0_rotate_m5/field.npz"",""gradient_packet"":""cases/support_gap_s0/gradient_packet.npz"",""history.json"":""cells/support_gap_s0_rotate_m5/history.json"",""immediate.png"":""cells/support_gap_s0_rotate_m5/immediate.png"",""immediate_reconstruction.npy"":""cells/support_gap_s0_rotate_m5/immediate_reconstruction.npy"",""input_field.npz"":""cells/support_gap_s0_rotate_m5/input_field.npz"",""progress.jsonl"":""cells/support_gap_s0_rotate_m5/progress.jsonl"",""reconstruction.npy"":""cells/support_gap_s0_rotate_m5/reconstruction.npy"",""reconstruction.png"":""cells/support_gap_s0_rotate_m5/reconstruction.png"",""target.npy"":""cells/support_gap_s0_rotate_m5/target.npy"",""target.png"":""cells/support_gap_s0_rotate_m5/target.png""}",0.00024115880793766685,support_gap_s0_rotate_m5,0.0,recovery only,,2,support_gap,21,20,0.0,0.00024115880793766685,20,0.05449758470058441,0.5,0.9275144338607788,3,0.0,0.0,-0.0,0.003950586000428302,33.16666875880856,0.0,0,20,6,false,0.0,ok,0.00024115880793766685,23,0.027007404998585116
rotate_m10,rotate,"{""base_field.npz"":""cells/support_gap_s0_rotate_m10/base_field.npz"",""base_reconstruction.npy"":""cells/support_gap_s0_rotate_m10/base_reconstruction.npy"",""config.json"":""cells/support_gap_s0_rotate_m10/config.json"",""curves.png"":""cells/support_gap_s0_rotate_m10/curves.png"",""decision"":""decision.json"",""error.png"":""cells/support_gap_s0_rotate_m10/error.png"",""field.npz"":""cells/support_gap_s0_rotate_m10/field.npz"",""gradient_packet"":""cases/support_gap_s0/gradient_packet.npz"",""history.json"":""cells/support_gap_s0_rotate_m10/history.json"",""immediate.png"":""cells/support_gap_s0_rotate_m10/immediate.png"",""immediate_reconstruction.npy"":""cells/support_gap_s0_rotate_m10/immediate_reconstruction.npy"",""input_field.npz"":""cells/support_gap_s0_rotate_m10/input_field.npz"",""progress.jsonl"":""cells/support_gap_s0_rotate_m10/progress.jsonl"",""reconstruction.npy"":""cells/support_gap_s0_rotate_m10/reconstruction.npy"",""reconstruction.png"":""cells/support_gap_s0_rotate_m10/reconstruction.png"",""target.npy"":""cells/support_gap_s0_rotate_m10/target.npy"",""target.png"":""cells/support_gap_s0_rotate_m10/target.png""}",0.00024115880793766685,support_gap_s0_rotate_m10,0.0,recovery only,,2,support_gap,21,20,0.0,0.00024115880793766685,20,0.05449758470058441,1.0,0.9275144338607788,3,0.0,0.0,-0.0,0.003950586000428302,33.16666875880856,0.0,0,20,6,false,0.0,ok,0.00024115880793766685,23,0.026798637001775205
color_m5,color,"{""base_field.npz"":""cells/support_gap_s0_color_m5/base_field.npz"",""base_reconstruction.npy"":""cells/support_gap_s0_color_m5/base_reconstruction.npy"",""config.json"":""cells/support_gap_s0_color_m5/config.json"",""curves.png"":""cells/support_gap_s0_color_m5/curves.png"",""decision"":""decision.json"",""error.png"":""cells/support_gap_s0_color_m5/error.png"",""field.npz"":""cells/support_gap_s0_color_m5/field.npz"",""gradient_packet"":""cases/support_gap_s0/gradient_packet.npz"",""history.json"":""cells/support_gap_s0_color_m5/history.json"",""immediate.png"":""cells/support_gap_s0_color_m5/immediate.png"",""immediate_reconstruction.npy"":""cells/support_gap_s0_color_m5/immediate_reconstruction.npy"",""input_field.npz"":""cells/support_gap_s0_color_m5/input_field.npz"",""progress.jsonl"":""cells/support_gap_s0_color_m5/progress.jsonl"",""reconstruction.npy"":""cells/support_gap_s0_color_m5/reconstruction.npy"",""reconstruction.png"":""cells/support_gap_s0_color_m5/reconstruction.png"",""target.npy"":""cells/support_gap_s0_color_m5/target.npy"",""target.png"":""cells/support_gap_s0_color_m5/target.png""}",0.00024115880793766685,support_gap_s0_color_m5,0.0,recovery only,,2,support_gap,21,20,0.0,0.00024115880793766685,20,0.05449758470058441,0.5,0.9275144338607788,3,0.0,0.0,-0.0,0.003950586000428302,33.16666875880856,0.0,0,20,6,false,0.0,ok,0.00024115880793766685,23,0.026997467000910547
color_m10,color,"{""base_field.npz"":""cells/support_gap_s0_color_m10/base_field.npz"",""base_reconstruction.npy"":""cells/support_gap_s0_color_m10/base_reconstruction.npy"",""config.json"":""cells/support_gap_s0_color_m10/config.json"",""curves.png"":""cells/support_gap_s0_color_m10/curves.png"",""decision"":""decision.json"",""error.png"":""cells/support_gap_s0_color_m10/error.png"",""field.npz"":""cells/support_gap_s0_color_m10/field.npz"",""gradient_packet"":""cases/support_gap_s0/gradient_packet.npz"",""history.json"":""cells/support_gap_s0_color_m10/history.json"",""immediate.png"":""cells/support_gap_s0_color_m10/immediate.png"",""immediate_reconstruction.npy"":""cells/support_gap_s0_color_m10/immediate_reconstruction.npy"",""input_field.npz"":""cells/support_gap_s0_color_m10/input_field.npz"",""progress.jsonl"":""cells/support_gap_s0_color_m10/progress.jsonl"",""reconstruction.npy"":""cells/support_gap_s0_color_m10/reconstruction.npy"",""reconstruction.png"":""cells/support_gap_s0_color_m10/reconstruction.png"",""target.npy"":""cells/support_gap_s0_color_m10/target.npy"",""target.png"":""cells/support_gap_s0_color_m10/target.png""}",0.00024115880793766685,support_gap_s0_color_m10,0.0,recovery only,,2,support_gap,21,20,0.0,0.00024115880793766685,20,0.05449758470058441,1.0,0.9275144338607788,3,0.0,0.0,-0.0,0.003950586000428302,33.16666875880856,0.0,0,20,6,false,0.0,ok,0.00024115880793766685,23,0.02826347500013071
split_d1_m5,split,"{""base_field.npz"":""cells/support_gap_s0_split_d1_m5/base_field.npz"",""base_reconstruction.npy"":""cells/support_gap_s0_split_d1_m5/base_reconstruction.npy"",""config.json"":""cells/support_gap_s0_split_d1_m5/config.json"",""curves.png"":""cells/support_gap_s0_split_d1_m5/curves.png"",""decision"":""decision.json"",""error.png"":""cells/support_gap_s0_split_d1_m5/error.png"",""field.npz"":""cells/support_gap_s0_split_d1_m5/field.npz"",""gradient_packet"":""cases/support_gap_s0/gradient_packet.npz"",""history.json"":""cells/support_gap_s0_split_d1_m5/history.json"",""immediate.png"":""cells/support_gap_s0_split_d1_m5/immediate.png"",""immediate_reconstruction.npy"":""cells/support_gap_s0_split_d1_m5/immediate_reconstruction.npy"",""input_field.npz"":""cells/support_gap_s0_split_d1_m5/input_field.npz"",""progress.jsonl"":""cells/support_gap_s0_split_d1_m5/progress.jsonl"",""reconstruction.npy"":""cells/support_gap_s0_split_d1_m5/reconstruction.npy"",""reconstruction.png"":""cells/support_gap_s0_split_d1_m5/reconstruction.png"",""target.npy"":""cells/support_gap_s0_split_d1_m5/target.npy"",""target.png"":""cells/support_gap_s0_split_d1_m5/target.png""}",0.00024115880793766685,support_gap_s0_split_d1_m5,0.0,recovery only,1,2,support_gap,21,20,-2.3425887442178866e-06,0.00024350139668188474,20,0.05526493862271309,0.5,0.9269580841064453,3,0.0,0.0,-9.787279253714587e-08,0.003950586000428302,33.16299756214432,-2.0394358066135737e-07,0,20,6,false,0.0,ok,0.0002413627515183282,23,0.028396071000315715
split_d1_m10,split,"{""base_field.npz"":""cells/support_gap_s0_split_d1_m10/base_field.npz"",""base_reconstruction.npy"":""cells/support_gap_s0_split_d1_m10/base_reconstruction.npy"",""config.json"":""cells/support_gap_s0_split_d1_m10/config.json"",""curves.png"":""cells/support_gap_s0_split_d1_m10/curves.png"",""decision"":""decision.json"",""error.png"":""cells/support_gap_s0_split_d1_m10/error.png"",""field.npz"":""cells/support_gap_s0_split_d1_m10/field.npz"",""gradient_packet"":""cases/support_gap_s0/gradient_packet.npz"",""history.json"":""cells/support_gap_s0_split_d1_m10/history.json"",""immediate.png"":""cells/support_gap_s0_split_d1_m10/immediate.png"",""immediate_reconstruction.npy"":""cells/support_gap_s0_split_d1_m10/immediate_reconstruction.npy"",""input_field.npz"":""cells/support_gap_s0_split_d1_m10/input_field.npz"",""progress.jsonl"":""cells/support_gap_s0_split_d1_m10/progress.jsonl"",""reconstruction.npy"":""cells/support_gap_s0_split_d1_m10/reconstruction.npy"",""reconstruction.png"":""cells/support_gap_s0_split_d1_m10/reconstruction.png"",""target.npy"":""cells/support_gap_s0_split_d1_m10/target.npy"",""target.png"":""cells/support_gap_s0_split_d1_m10/target.png""}",0.00024115880793766685,support_gap_s0_split_d1_m10,0.0,recovery only,1,2,support_gap,21,20,-3.174991076888454e-05,0.0002729087187065514,20,0.05497114360332489,1.0,0.9266106486320496,3,0.0,0.0,-9.787279253714587e-08,0.003950586000428302,33.15182420804494,-8.257114659432135e-07,0,20,6,false,0.0,ok,0.00024198451940361007,23,0.02807123900129227
split_d2_m5,split,"{""base_field.npz"":""cells/support_gap_s0_split_d2_m5/base_field.npz"",""base_reconstruction.npy"":""cells/support_gap_s0_split_d2_m5/base_reconstruction.npy"",""config.json"":""cells/support_gap_s0_split_d2_m5/config.json"",""curves.png"":""cells/support_gap_s0_split_d2_m5/curves.png"",""decision"":""decision.json"",""error.png"":""cells/support_gap_s0_split_d2_m5/error.png"",""field.npz"":""cells/support_gap_s0_split_d2_m5/field.npz"",""gradient_packet"":""cases/support_gap_s0/gradient_packet.npz"",""history.json"":""cells/support_gap_s0_split_d2_m5/history.json"",""immediate.png"":""cells/support_gap_s0_split_d2_m5/immediate.png"",""immediate_reconstruction.npy"":""cells/support_gap_s0_split_d2_m5/immediate_reconstruction.npy"",""input_field.npz"":""cells/support_gap_s0_split_d2_m5/input_field.npz"",""progress.jsonl"":""cells/support_gap_s0_split_d2_m5/progress.jsonl"",""reconstruction.npy"":""cells/support_gap_s0_split_d2_m5/reconstruction.npy"",""reconstruction.png"":""cells/support_gap_s0_split_d2_m5/reconstruction.png"",""target.npy"":""cells/support_gap_s0_split_d2_m5/target.npy"",""target.png"":""cells/support_gap_s0_split_d2_m5/target.png""}",0.00024115880793766685,support_gap_s0_split_d2_m5,0.0,recovery only,2,2,support_gap,21,20,-4.13938420947252e-05,0.00028255265003239205,20,0.06449594348669052,0.5,0.8805604577064514,3,0.0,0.0,-3.914911940228194e-05,0.003950586000428302,32.511703042947204,-3.925519693116867e-05,0,20,6,false,0.0,ok,0.0002804140048688355,23,0.02802790499845287
split_d2_m10,split,"{""base_field.npz"":""cells/support_gap_s0_split_d2_m10/base_field.npz"",""base_reconstruction.npy"":""cells/support_gap_s0_split_d2_m10/base_reconstruction.npy"",""config.json"":""cells/support_gap_s0_split_d2_m10/config.json"",""curves.png"":""cells/support_gap_s0_split_d2_m10/curves.png"",""decision"":""decision.json"",""error.png"":""cells/support_gap_s0_split_d2_m10/error.png"",""field.npz"":""cells/support_gap_s0_split_d2_m10/field.npz"",""gradient_packet"":""cases/support_gap_s0/gradient_packet.npz"",""history.json"":""cells/support_gap_s0_split_d2_m10/history.json"",""immediate.png"":""cells/support_gap_s0_split_d2_m10/immediate.png"",""immediate_reconstruction.npy"":""cells/support_gap_s0_split_d2_m10/immediate_reconstruction.npy"",""input_field.npz"":""cells/support_gap_s0_split_d2_m10/input_field.npz"",""progress.jsonl"":""cells/support_gap_s0_split_d2_m10/progress.jsonl"",""reconstruction.npy"":""cells/support_gap_s0_split_d2_m10/reconstruction.npy"",""reconstruction.png"":""cells/support_gap_s0_split_d2_m10/reconstruction.png"",""target.npy"":""cells/support_gap_s0_split_d2_m10/target.npy"",""target.png"":""cells/support_gap_s0_split_d2_m10/target.png""}",0.00024115880793766685,support_gap_s0_split_d2_m10,0.0,recovery only,2,2,support_gap,21,20,-7.080116411939196e-05,0.0003119599720570588,20,0.06410585343837738,1.0,0.8801167607307434,3,0.0,0.0,-3.914911940228194e-05,0.003950586000428302,32.502084000149296,-3.9876964816450524e-05,0,20,6,false,0.0,ok,0.0002810357727541174,23,0.027913879002881004
birth_d1,birth,"{""base_field.npz"":""cells/support_gap_s0_birth_d1/base_field.npz"",""base_reconstruction.npy"":""cells/support_gap_s0_birth_d1/base_reconstruction.npy"",""config.json"":""cells/support_gap_s0_birth_d1/config.json"",""curves.png"":""cells/support_gap_s0_birth_d1/curves.png"",""decision"":""decision.json"",""error.png"":""cells/support_gap_s0_birth_d1/error.png"",""field.npz"":""cells/support_gap_s0_birth_d1/field.npz"",""gradient_packet"":""cases/support_gap_s0/gradient_packet.npz"",""history.json"":""cells/support_gap_s0_birth_d1/history.json"",""immediate.png"":""cells/support_gap_s0_birth_d1/immediate.png"",""immediate_reconstruction.npy"":""cells/support_gap_s0_birth_d1/immediate_reconstruction.npy"",""input_field.npz"":""cells/support_gap_s0_birth_d1/input_field.npz"",""progress.jsonl"":""cells/support_gap_s0_birth_d1/progress.jsonl"",""reconstruction.npy"":""cells/support_gap_s0_birth_d1/reconstruction.npy"",""reconstruction.png"":""cells/support_gap_s0_birth_d1/reconstruction.png"",""target.npy"":""cells/support_gap_s0_birth_d1/target.npy"",""target.png"":""cells/support_gap_s0_birth_d1/target.png""}",0.00024115880793766685,support_gap_s0_birth_d1,0.0,recovery only,1,2,support_gap,21,20,0.0002410609351224991,9.787281516775357e-08,20,9.430127647647168e-06,1.0,0.9994586706161499,3,0.0,0.0,3.054125409107655e-05,0.003950586000428302,67.08307923994711,0.0002410609351224991,0,20,6,false,0.0,ok,9.787281516775357e-08,23,0.02735548700002255
birth_d2,birth,"{""base_field.npz"":""cells/support_gap_s0_birth_d2/base_field.npz"",""base_reconstruction.npy"":""cells/support_gap_s0_birth_d2/base_reconstruction.npy"",""config.json"":""cells/support_gap_s0_birth_d2/config.json"",""curves.png"":""cells/support_gap_s0_birth_d2/curves.png"",""decision"":""decision.json"",""error.png"":""cells/support_gap_s0_birth_d2/error.png"",""field.npz"":""cells/support_gap_s0_birth_d2/field.npz"",""gradient_packet"":""cases/support_gap_s0/gradient_packet.npz"",""history.json"":""cells/support_gap_s0_birth_d2/history.json"",""immediate.png"":""cells/support_gap_s0_birth_d2/immediate.png"",""immediate_reconstruction.npy"":""cells/support_gap_s0_birth_d2/immediate_reconstruction.npy"",""input_field.npz"":""cells/support_gap_s0_birth_d2/input_field.npz"",""progress.jsonl"":""cells/support_gap_s0_birth_d2/progress.jsonl"",""reconstruction.npy"":""cells/support_gap_s0_birth_d2/reconstruction.npy"",""reconstruction.png"":""cells/support_gap_s0_birth_d2/reconstruction.png"",""target.npy"":""cells/support_gap_s0_birth_d2/target.npy"",""target.png"":""cells/support_gap_s0_birth_d2/target.png""}",0.00024115880793766685,support_gap_s0_birth_d2,0.0,recovery only,2,2,support_gap,21,20,0.00020200968177199176,3.9149126165675096e-05,20,0.010388344526290894,1.0,0.9532771110534668,3,0.0,0.0,-8.509992767358199e-06,0.003950586000428302,41.062479315732375,0.00020200968177199176,0,20,6,false,0.0,ok,3.9149126165675096e-05,23,0.0276062910015753
noop,noop,"{""base_field.npz"":""cells/support_gap_s1_noop/base_field.npz"",""base_reconstruction.npy"":""cells/support_gap_s1_noop/base_reconstruction.npy"",""config.json"":""cells/support_gap_s1_noop/config.json"",""curves.png"":""cells/support_gap_s1_noop/curves.png"",""decision"":""decision.json"",""error.png"":""cells/support_gap_s1_noop/error.png"",""field.npz"":""cells/support_gap_s1_noop/field.npz"",""gradient_packet"":""cases/support_gap_s1/gradient_packet.npz"",""history.json"":""cells/support_gap_s1_noop/history.json"",""immediate.png"":""cells/support_gap_s1_noop/immediate.png"",""immediate_reconstruction.npy"":""cells/support_gap_s1_noop/immediate_reconstruction.npy"",""input_field.npz"":""cells/support_gap_s1_noop/input_field.npz"",""progress.jsonl"":""cells/support_gap_s1_noop/progress.jsonl"",""reconstruction.npy"":""cells/support_gap_s1_noop/reconstruction.npy"",""reconstruction.png"":""cells/support_gap_s1_noop/reconstruction.png"",""target.npy"":""cells/support_gap_s1_noop/target.npy"",""target.png"":""cells/support_gap_s1_noop/target.png""}",0.00024115880793766685,support_gap_s1_noop,0.0,recovery only,,2,support_gap,21,20,0.0,0.00024115880793766685,20,0.055485039949417114,0.0,0.9273854494094849,3,0.0,0.0,0.0,0.0046199089993024245,33.16666875880856,0.0,1,20,6,false,0.0,ok,0.00024115880793766685,23,0.03102632599984645
move_m5,move,"{""base_field.npz"":""cells/support_gap_s1_move_m5/base_field.npz"",""base_reconstruction.npy"":""cells/support_gap_s1_move_m5/base_reconstruction.npy"",""config.json"":""cells/support_gap_s1_move_m5/config.json"",""curves.png"":""cells/support_gap_s1_move_m5/curves.png"",""decision"":""decision.json"",""error.png"":""cells/support_gap_s1_move_m5/error.png"",""field.npz"":""cells/support_gap_s1_move_m5/field.npz"",""gradient_packet"":""cases/support_gap_s1/gradient_packet.npz"",""history.json"":""cells/support_gap_s1_move_m5/history.json"",""immediate.png"":""cells/support_gap_s1_move_m5/immediate.png"",""immediate_reconstruction.npy"":""cells/support_gap_s1_move_m5/immediate_reconstruction.npy"",""input_field.npz"":""cells/support_gap_s1_move_m5/input_field.npz"",""progress.jsonl"":""cells/support_gap_s1_move_m5/progress.jsonl"",""reconstruction.npy"":""cells/support_gap_s1_move_m5/reconstruction.npy"",""reconstruction.png"":""cells/support_gap_s1_move_m5/reconstruction.png"",""target.npy"":""cells/support_gap_s1_move_m5/target.npy"",""target.png"":""cells/support_gap_s1_move_m5/target.png""}",0.00024115880793766685,support_gap_s1_move_m5,0.0,recovery only,,2,support_gap,21,20,0.0,0.00024115880793766685,20,0.055485039949417114,0.5,0.9273854494094849,3,0.0,0.0,-0.0,0.0046199089993024245,33.16666875880856,0.0,1,20,6,false,0.0,ok,0.00024115880793766685,23,0.028258075999474386
move_m10,move,"{""base_field.npz"":""cells/support_gap_s1_move_m10/base_field.npz"",""base_reconstruction.npy"":""cells/support_gap_s1_move_m10/base_reconstruction.npy"",""config.json"":""cells/support_gap_s1_move_m10/config.json"",""curves.png"":""cells/support_gap_s1_move_m10/curves.png"",""decision"":""decision.json"",""error.png"":""cells/support_gap_s1_move_m10/error.png"",""field.npz"":""cells/support_gap_s1_move_m10/field.npz"",""gradient_packet"":""cases/support_gap_s1/gradient_packet.npz"",""history.json"":""cells/support_gap_s1_move_m10/history.json"",""immediate.png"":""cells/support_gap_s1_move_m10/immediate.png"",""immediate_reconstruction.npy"":""cells/support_gap_s1_move_m10/immediate_reconstruction.npy"",""input_field.npz"":""cells/support_gap_s1_move_m10/input_field.npz"",""progress.jsonl"":""cells/support_gap_s1_move_m10/progress.jsonl"",""reconstruction.npy"":""cells/support_gap_s1_move_m10/reconstruction.npy"",""reconstruction.png"":""cells/support_gap_s1_move_m10/reconstruction.png"",""target.npy"":""cells/support_gap_s1_move_m10/target.npy"",""target.png"":""cells/support_gap_s1_move_m10/target.png""}",0.00024115880793766685,support_gap_s1_move_m10,0.0,recovery only,,2,support_gap,21,20,0.0,0.00024115880793766685,20,0.055485039949417114,1.0,0.9273854494094849,3,0.0,0.0,-0.0,0.0046199089993024245,33.16666875880856,0.0,1,20,6,false,0.0,ok,0.00024115880793766685,23,0.02748625900130719
scale_m5,scale,"{""base_field.npz"":""cells/support_gap_s1_scale_m5/base_field.npz"",""base_reconstruction.npy"":""cells/support_gap_s1_scale_m5/base_reconstruction.npy"",""config.json"":""cells/support_gap_s1_scale_m5/config.json"",""curves.png"":""cells/support_gap_s1_scale_m5/curves.png"",""decision"":""decision.json"",""error.png"":""cells/support_gap_s1_scale_m5/error.png"",""field.npz"":""cells/support_gap_s1_scale_m5/field.npz"",""gradient_packet"":""cases/support_gap_s1/gradient_packet.npz"",""history.json"":""cells/support_gap_s1_scale_m5/history.json"",""immediate.png"":""cells/support_gap_s1_scale_m5/immediate.png"",""immediate_reconstruction.npy"":""cells/support_gap_s1_scale_m5/immediate_reconstruction.npy"",""input_field.npz"":""cells/support_gap_s1_scale_m5/input_field.npz"",""progress.jsonl"":""cells/support_gap_s1_scale_m5/progress.jsonl"",""reconstruction.npy"":""cells/support_gap_s1_scale_m5/reconstruction.npy"",""reconstruction.png"":""cells/support_gap_s1_scale_m5/reconstruction.png"",""target.npy"":""cells/support_gap_s1_scale_m5/target.npy"",""target.png"":""cells/support_gap_s1_scale_m5/target.png""}",0.00024115880793766685,support_gap_s1_scale_m5,0.0,recovery only,,2,support_gap,21,20,0.0,0.00024115880793766685,20,0.055485039949417114,0.5,0.9273854494094849,3,0.0,0.0,-0.0,0.0046199089993024245,33.16666875880856,0.0,1,20,6,false,0.0,ok,0.00024115880793766685,23,0.02740016600000672
scale_m10,scale,"{""base_field.npz"":""cells/support_gap_s1_scale_m10/base_field.npz"",""base_reconstruction.npy"":""cells/support_gap_s1_scale_m10/base_reconstruction.npy"",""config.json"":""cells/support_gap_s1_scale_m10/config.json"",""curves.png"":""cells/support_gap_s1_scale_m10/curves.png"",""decision"":""decision.json"",""error.png"":""cells/support_gap_s1_scale_m10/error.png"",""field.npz"":""cells/support_gap_s1_scale_m10/field.npz"",""gradient_packet"":""cases/support_gap_s1/gradient_packet.npz"",""history.json"":""cells/support_gap_s1_scale_m10/history.json"",""immediate.png"":""cells/support_gap_s1_scale_m10/immediate.png"",""immediate_reconstruction.npy"":""cells/support_gap_s1_scale_m10/immediate_reconstruction.npy"",""input_field.npz"":""cells/support_gap_s1_scale_m10/input_field.npz"",""progress.jsonl"":""cells/support_gap_s1_scale_m10/progress.jsonl"",""reconstruction.npy"":""cells/support_gap_s1_scale_m10/reconstruction.npy"",""reconstruction.png"":""cells/support_gap_s1_scale_m10/reconstruction.png"",""target.npy"":""cells/support_gap_s1_scale_m10/target.npy"",""target.png"":""cells/support_gap_s1_scale_m10/target.png""}",0.00024115880793766685,support_gap_s1_scale_m10,0.0,recovery only,,2,support_gap,21,20,0.0,0.00024115880793766685,20,0.055485039949417114,1.0,0.9273854494094849,3,0.0,0.0,-0.0,0.0046199089993024245,33.16666875880856,0.0,1,20,6,false,0.0,ok,0.00024115880793766685,23,0.028236272002686746
rotate_m5,rotate,"{""base_field.npz"":""cells/support_gap_s1_rotate_m5/base_field.npz"",""base_reconstruction.npy"":""cells/support_gap_s1_rotate_m5/base_reconstruction.npy"",""config.json"":""cells/support_gap_s1_rotate_m5/config.json"",""curves.png"":""cells/support_gap_s1_rotate_m5/curves.png"",""decision"":""decision.json"",""error.png"":""cells/support_gap_s1_rotate_m5/error.png"",""field.npz"":""cells/support_gap_s1_rotate_m5/field.npz"",""gradient_packet"":""cases/support_gap_s1/gradient_packet.npz"",""history.json"":""cells/support_gap_s1_rotate_m5/history.json"",""immediate.png"":""cells/support_gap_s1_rotate_m5/immediate.png"",""immediate_reconstruction.npy"":""cells/support_gap_s1_rotate_m5/immediate_reconstruction.npy"",""input_field.npz"":""cells/support_gap_s1_rotate_m5/input_field.npz"",""progress.jsonl"":""cells/support_gap_s1_rotate_m5/progress.jsonl"",""reconstruction.npy"":""cells/support_gap_s1_rotate_m5/reconstruction.npy"",""reconstruction.png"":""cells/support_gap_s1_rotate_m5/reconstruction.png"",""target.npy"":""cells/support_gap_s1_rotate_m5/target.npy"",""target.png"":""cells/support_gap_s1_rotate_m5/target.png""}",0.00024115880793766685,support_gap_s1_rotate_m5,0.0,recovery only,,2,support_gap,21,20,0.0,0.00024115880793766685,20,0.055485039949417114,0.5,0.9273854494094849,3,0.0,0.0,-0.0,0.0046199089993024245,33.16666875880856,0.0,1,20,6,false,0.0,ok,0.00024115880793766685,23,0.027943349999986822
rotate_m10,rotate,"{""base_field.npz"":""cells/support_gap_s1_rotate_m10/base_field.npz"",""base_reconstruction.npy"":""cells/support_gap_s1_rotate_m10/base_reconstruction.npy"",""config.json"":""cells/support_gap_s1_rotate_m10/config.json"",""curves.png"":""cells/support_gap_s1_rotate_m10/curves.png"",""decision"":""decision.json"",""error.png"":""cells/support_gap_s1_rotate_m10/error.png"",""field.npz"":""cells/support_gap_s1_rotate_m10/field.npz"",""gradient_packet"":""cases/support_gap_s1/gradient_packet.npz"",""history.json"":""cells/support_gap_s1_rotate_m10/history.json"",""immediate.png"":""cells/support_gap_s1_rotate_m10/immediate.png"",""immediate_reconstruction.npy"":""cells/support_gap_s1_rotate_m10/immediate_reconstruction.npy"",""input_field.npz"":""cells/support_gap_s1_rotate_m10/input_field.npz"",""progress.jsonl"":""cells/support_gap_s1_rotate_m10/progress.jsonl"",""reconstruction.npy"":""cells/support_gap_s1_rotate_m10/reconstruction.npy"",""reconstruction.png"":""cells/support_gap_s1_rotate_m10/reconstruction.png"",""target.npy"":""cells/support_gap_s1_rotate_m10/target.npy"",""target.png"":""cells/support_gap_s1_rotate_m10/target.png""}",0.00024115880793766685,support_gap_s1_rotate_m10,0.0,recovery only,,2,support_gap,21,20,0.0,0.00024115880793766685,20,0.055485039949417114,1.0,0.9273854494094849,3,0.0,0.0,-0.0,0.0046199089993024245,33.16666875880856,0.0,1,20,6,false,0.0,ok,0.00024115880793766685,23,0.02758793600150966
color_m5,color,"{""base_field.npz"":""cells/support_gap_s1_color_m5/base_field.npz"",""base_reconstruction.npy"":""cells/support_gap_s1_color_m5/base_reconstruction.npy"",""config.json"":""cells/support_gap_s1_color_m5/config.json"",""curves.png"":""cells/support_gap_s1_color_m5/curves.png"",""decision"":""decision.json"",""error.png"":""cells/support_gap_s1_color_m5/error.png"",""field.npz"":""cells/support_gap_s1_color_m5/field.npz"",""gradient_packet"":""cases/support_gap_s1/gradient_packet.npz"",""history.json"":""cells/support_gap_s1_color_m5/history.json"",""immediate.png"":""cells/support_gap_s1_color_m5/immediate.png"",""immediate_reconstruction.npy"":""cells/support_gap_s1_color_m5/immediate_reconstruction.npy"",""input_field.npz"":""cells/support_gap_s1_color_m5/input_field.npz"",""progress.jsonl"":""cells/support_gap_s1_color_m5/progress.jsonl"",""reconstruction.npy"":""cells/support_gap_s1_color_m5/reconstruction.npy"",""reconstruction.png"":""cells/support_gap_s1_color_m5/reconstruction.png"",""target.npy"":""cells/support_gap_s1_color_m5/target.npy"",""target.png"":""cells/support_gap_s1_color_m5/target.png""}",0.00024115880793766685,support_gap_s1_color_m5,0.0,recovery only,,2,support_gap,21,20,0.0,0.00024115880793766685,20,0.055485039949417114,0.5,0.9273854494094849,3,0.0,0.0,-0.0,0.0046199089993024245,33.16666875880856,0.0,1,20,6,false,0.0,ok,0.00024115880793766685,23,0.027848989000631263
color_m10,color,"{""base_field.npz"":""cells/support_gap_s1_color_m10/base_field.npz"",""base_reconstruction.npy"":""cells/support_gap_s1_color_m10/base_reconstruction.npy"",""config.json"":""cells/support_gap_s1_color_m10/config.json"",""curves.png"":""cells/support_gap_s1_color_m10/curves.png"",""decision"":""decision.json"",""error.png"":""cells/support_gap_s1_color_m10/error.png"",""field.npz"":""cells/support_gap_s1_color_m10/field.npz"",""gradient_packet"":""cases/support_gap_s1/gradient_packet.npz"",""history.json"":""cells/support_gap_s1_color_m10/history.json"",""immediate.png"":""cells/support_gap_s1_color_m10/immediate.png"",""immediate_reconstruction.npy"":""cells/support_gap_s1_color_m10/immediate_reconstruction.npy"",""input_field.npz"":""cells/support_gap_s1_color_m10/input_field.npz"",""progress.jsonl"":""cells/support_gap_s1_color_m10/progress.jsonl"",""reconstruction.npy"":""cells/support_gap_s1_color_m10/reconstruction.npy"",""reconstruction.png"":""cells/support_gap_s1_color_m10/reconstruction.png"",""target.npy"":""cells/support_gap_s1_color_m10/target.npy"",""target.png"":""cells/support_gap_s1_color_m10/target.png""}",0.00024115880793766685,support_gap_s1_color_m10,0.0,recovery only,,2,support_gap,21,20,0.0,0.00024115880793766685,20,0.055485039949417114,1.0,0.9273854494094849,3,0.0,0.0,-0.0,0.0046199089993024245,33.16666875880856,0.0,1,20,6,false,0.0,ok,0.00024115880793766685,23,0.027691717001289362
split_d1_m5,split,"{""base_field.npz"":""cells/support_gap_s1_split_d1_m5/base_field.npz"",""base_reconstruction.npy"":""cells/support_gap_s1_split_d1_m5/base_reconstruction.npy"",""config.json"":""cells/support_gap_s1_split_d1_m5/config.json"",""curves.png"":""cells/support_gap_s1_split_d1_m5/curves.png"",""decision"":""decision.json"",""error.png"":""cells/support_gap_s1_split_d1_m5/error.png"",""field.npz"":""cells/support_gap_s1_split_d1_m5/field.npz"",""gradient_packet"":""cases/support_gap_s1/gradient_packet.npz"",""history.json"":""cells/support_gap_s1_split_d1_m5/history.json"",""immediate.png"":""cells/support_gap_s1_split_d1_m5/immediate.png"",""immediate_reconstruction.npy"":""cells/support_gap_s1_split_d1_m5/immediate_reconstruction.npy"",""input_field.npz"":""cells/support_gap_s1_split_d1_m5/input_field.npz"",""progress.jsonl"":""cells/support_gap_s1_split_d1_m5/progress.jsonl"",""reconstruction.npy"":""cells/support_gap_s1_split_d1_m5/reconstruction.npy"",""reconstruction.png"":""cells/support_gap_s1_split_d1_m5/reconstruction.png"",""target.npy"":""cells/support_gap_s1_split_d1_m5/target.npy"",""target.png"":""cells/support_gap_s1_split_d1_m5/target.png""}",0.00024115880793766685,support_gap_s1_split_d1_m5,0.0,recovery only,1,2,support_gap,21,20,-5.094054770939929e-06,0.0002462528627086068,20,0.05963210016489029,0.5,0.9182982444763184,3,0.0,0.0,-2.4468199626426212e-06,0.0046199089993024245,33.12020079722365,-2.5941668690319345e-06,1,20,6,false,0.0,ok,0.0002437529748066988,23,0.02863081699979375
split_d1_m10,split,"{""base_field.npz"":""cells/support_gap_s1_split_d1_m10/base_field.npz"",""base_reconstruction.npy"":""cells/support_gap_s1_split_d1_m10/base_reconstruction.npy"",""config.json"":""cells/support_gap_s1_split_d1_m10/config.json"",""curves.png"":""cells/support_gap_s1_split_d1_m10/curves.png"",""decision"":""decision.json"",""error.png"":""cells/support_gap_s1_split_d1_m10/error.png"",""field.npz"":""cells/support_gap_s1_split_d1_m10/field.npz"",""gradient_packet"":""cases/support_gap_s1/gradient_packet.npz"",""history.json"":""cells/support_gap_s1_split_d1_m10/history.json"",""immediate.png"":""cells/support_gap_s1_split_d1_m10/immediate.png"",""immediate_reconstruction.npy"":""cells/support_gap_s1_split_d1_m10/immediate_reconstruction.npy"",""input_field.npz"":""cells/support_gap_s1_split_d1_m10/input_field.npz"",""progress.jsonl"":""cells/support_gap_s1_split_d1_m10/progress.jsonl"",""reconstruction.npy"":""cells/support_gap_s1_split_d1_m10/reconstruction.npy"",""reconstruction.png"":""cells/support_gap_s1_split_d1_m10/reconstruction.png"",""target.npy"":""cells/support_gap_s1_split_d1_m10/target.npy"",""target.png"":""cells/support_gap_s1_split_d1_m10/target.png""}",0.00024115880793766685,support_gap_s1_split_d1_m10,0.0,recovery only,1,2,support_gap,21,20,-3.939508604714148e-05,0.00028055389398480834,20,0.060105618089437485,1.0,0.9173809885978699,3,0.0,0.0,-2.4468199626426212e-06,0.0046199089993024245,33.07118827226469,-5.360634675984175e-06,1,20,6,false,0.0,ok,0.00024651944261365103,23,0.02801122099845088
split_d2_m5,split,"{""base_field.npz"":""cells/support_gap_s1_split_d2_m5/base_field.npz"",""base_reconstruction.npy"":""cells/support_gap_s1_split_d2_m5/base_reconstruction.npy"",""config.json"":""cells/support_gap_s1_split_d2_m5/config.json"",""curves.png"":""cells/support_gap_s1_split_d2_m5/curves.png"",""decision"":""decision.json"",""error.png"":""cells/support_gap_s1_split_d2_m5/error.png"",""field.npz"":""cells/support_gap_s1_split_d2_m5/field.npz"",""gradient_packet"":""cases/support_gap_s1/gradient_packet.npz"",""history.json"":""cells/support_gap_s1_split_d2_m5/history.json"",""immediate.png"":""cells/support_gap_s1_split_d2_m5/immediate.png"",""immediate_reconstruction.npy"":""cells/support_gap_s1_split_d2_m5/immediate_reconstruction.npy"",""input_field.npz"":""cells/support_gap_s1_split_d2_m5/input_field.npz"",""progress.jsonl"":""cells/support_gap_s1_split_d2_m5/progress.jsonl"",""reconstruction.npy"":""cells/support_gap_s1_split_d2_m5/reconstruction.npy"",""reconstruction.png"":""cells/support_gap_s1_split_d2_m5/reconstruction.png"",""target.npy"":""cells/support_gap_s1_split_d2_m5/target.npy"",""target.png"":""cells/support_gap_s1_split_d2_m5/target.png""}",0.00024115880793766685,support_gap_s1_split_d2_m5,0.0,recovery only,2,2,support_gap,21,20,-4.179636055126032e-05,0.0002829551684889272,20,0.06663037836551666,0.5,0.8803094029426575,3,0.0,0.0,-3.914911940228194e-05,0.0046199089993024245,32.51106382746007,-3.929647264935241e-05,1,20,6,false,0.0,ok,0.00028045528058701926,23,0.02811468599975342
split_d2_m10,split,"{""base_field.npz"":""cells/support_gap_s1_split_d2_m10/base_field.npz"",""base_reconstruction.npy"":""cells/support_gap_s1_split_d2_m10/base_reconstruction.npy"",""config.json"":""cells/support_gap_s1_split_d2_m10/config.json"",""curves.png"":""cells/support_gap_s1_split_d2_m10/curves.png"",""decision"":""decision.json"",""error.png"":""cells/support_gap_s1_split_d2_m10/error.png"",""field.npz"":""cells/support_gap_s1_split_d2_m10/field.npz"",""gradient_packet"":""cases/support_gap_s1/gradient_packet.npz"",""history.json"":""cells/support_gap_s1_split_d2_m10/history.json"",""immediate.png"":""cells/support_gap_s1_split_d2_m10/immediate.png"",""immediate_reconstruction.npy"":""cells/support_gap_s1_split_d2_m10/immediate_reconstruction.npy"",""input_field.npz"":""cells/support_gap_s1_split_d2_m10/input_field.npz"",""progress.jsonl"":""cells/support_gap_s1_split_d2_m10/progress.jsonl"",""reconstruction.npy"":""cells/support_gap_s1_split_d2_m10/reconstruction.npy"",""reconstruction.png"":""cells/support_gap_s1_split_d2_m10/reconstruction.png"",""target.npy"":""cells/support_gap_s1_split_d2_m10/target.npy"",""target.png"":""cells/support_gap_s1_split_d2_m10/target.png""}",0.00024115880793766685,support_gap_s1_split_d2_m10,0.0,recovery only,2,2,support_gap,21,20,-7.609739182746193e-05,0.0003172561997651288,20,0.06835576146841049,1.0,0.879331111907959,3,0.0,0.0,-3.914911940228194e-05,0.0046199089993024245,32.468434048774775,-4.2062940456304566e-05,1,20,6,false,0.0,ok,0.0002832217483939714,23,0.02843378599936841
birth_d1,birth,"{""base_field.npz"":""cells/support_gap_s1_birth_d1/base_field.npz"",""base_reconstruction.npy"":""cells/support_gap_s1_birth_d1/base_reconstruction.npy"",""config.json"":""cells/support_gap_s1_birth_d1/config.json"",""curves.png"":""cells/support_gap_s1_birth_d1/curves.png"",""decision"":""decision.json"",""error.png"":""cells/support_gap_s1_birth_d1/error.png"",""field.npz"":""cells/support_gap_s1_birth_d1/field.npz"",""gradient_packet"":""cases/support_gap_s1/gradient_packet.npz"",""history.json"":""cells/support_gap_s1_birth_d1/history.json"",""immediate.png"":""cells/support_gap_s1_birth_d1/immediate.png"",""immediate_reconstruction.npy"":""cells/support_gap_s1_birth_d1/immediate_reconstruction.npy"",""input_field.npz"":""cells/support_gap_s1_birth_d1/input_field.npz"",""progress.jsonl"":""cells/support_gap_s1_birth_d1/progress.jsonl"",""reconstruction.npy"":""cells/support_gap_s1_birth_d1/reconstruction.npy"",""reconstruction.png"":""cells/support_gap_s1_birth_d1/reconstruction.png"",""target.npy"":""cells/support_gap_s1_birth_d1/target.npy"",""target.png"":""cells/support_gap_s1_birth_d1/target.png""}",0.00024115880793766685,support_gap_s1_birth_d1,0.0,recovery only,1,2,support_gap,21,20,0.00023871198755231216,2.4468203853546935e-06,20,0.00111299566924572,1.0,0.9909073114395142,3,0.0,0.0,2.8192305762786418e-05,0.0046199089993024245,53.10367914229162,0.00023871198755231216,1,20,6,false,0.0,ok,2.4468203853546935e-06,23,0.027674570999806747
birth_d2,birth,"{""base_field.npz"":""cells/support_gap_s1_birth_d2/base_field.npz"",""base_reconstruction.npy"":""cells/support_gap_s1_birth_d2/base_reconstruction.npy"",""config.json"":""cells/support_gap_s1_birth_d2/config.json"",""curves.png"":""cells/support_gap_s1_birth_d2/curves.png"",""decision"":""decision.json"",""error.png"":""cells/support_gap_s1_birth_d2/error.png"",""field.npz"":""cells/support_gap_s1_birth_d2/field.npz"",""gradient_packet"":""cases/support_gap_s1/gradient_packet.npz"",""history.json"":""cells/support_gap_s1_birth_d2/history.json"",""immediate.png"":""cells/support_gap_s1_birth_d2/immediate.png"",""immediate_reconstruction.npy"":""cells/support_gap_s1_birth_d2/immediate_reconstruction.npy"",""input_field.npz"":""cells/support_gap_s1_birth_d2/input_field.npz"",""progress.jsonl"":""cells/support_gap_s1_birth_d2/progress.jsonl"",""reconstruction.npy"":""cells/support_gap_s1_birth_d2/reconstruction.npy"",""reconstruction.png"":""cells/support_gap_s1_birth_d2/reconstruction.png"",""target.npy"":""cells/support_gap_s1_birth_d2/target.npy"",""target.png"":""cells/support_gap_s1_birth_d2/target.png""}",0.00024115880793766685,support_gap_s1_birth_d2,0.0,recovery only,2,2,support_gap,21,20,0.00020200968177199176,3.9149126165675096e-05,20,0.010950792580842972,1.0,0.9531678557395935,3,0.0,0.0,-8.509992767358199e-06,0.0046199089993024245,41.062479315732375,0.00020200968177199176,1,20,6,false,0.0,ok,3.9149126165675096e-05,23,0.027480381999339443
noop,noop,"{""base_field.npz"":""cells/support_gap_s2_noop/base_field.npz"",""base_reconstruction.npy"":""cells/support_gap_s2_noop/base_reconstruction.npy"",""config.json"":""cells/support_gap_s2_noop/config.json"",""curves.png"":""cells/support_gap_s2_noop/curves.png"",""decision"":""decision.json"",""error.png"":""cells/support_gap_s2_noop/error.png"",""field.npz"":""cells/support_gap_s2_noop/field.npz"",""gradient_packet"":""cases/support_gap_s2/gradient_packet.npz"",""history.json"":""cells/support_gap_s2_noop/history.json"",""immediate.png"":""cells/support_gap_s2_noop/immediate.png"",""immediate_reconstruction.npy"":""cells/support_gap_s2_noop/immediate_reconstruction.npy"",""input_field.npz"":""cells/support_gap_s2_noop/input_field.npz"",""progress.jsonl"":""cells/support_gap_s2_noop/progress.jsonl"",""reconstruction.npy"":""cells/support_gap_s2_noop/reconstruction.npy"",""reconstruction.png"":""cells/support_gap_s2_noop/reconstruction.png"",""target.npy"":""cells/support_gap_s2_noop/target.npy"",""target.png"":""cells/support_gap_s2_noop/target.png""}",0.00024115880793766685,support_gap_s2_noop,0.0,recovery only,,2,support_gap,21,20,0.0,0.00024115880793766685,20,0.05637160688638687,0.0,0.9273138046264648,3,0.0,0.0,0.0,0.00436425599764334,33.16666875880856,0.0,2,20,6,false,0.0,ok,0.00024115880793766685,23,0.028787658997316612
move_m5,move,"{""base_field.npz"":""cells/support_gap_s2_move_m5/base_field.npz"",""base_reconstruction.npy"":""cells/support_gap_s2_move_m5/base_reconstruction.npy"",""config.json"":""cells/support_gap_s2_move_m5/config.json"",""curves.png"":""cells/support_gap_s2_move_m5/curves.png"",""decision"":""decision.json"",""error.png"":""cells/support_gap_s2_move_m5/error.png"",""field.npz"":""cells/support_gap_s2_move_m5/field.npz"",""gradient_packet"":""cases/support_gap_s2/gradient_packet.npz"",""history.json"":""cells/support_gap_s2_move_m5/history.json"",""immediate.png"":""cells/support_gap_s2_move_m5/immediate.png"",""immediate_reconstruction.npy"":""cells/support_gap_s2_move_m5/immediate_reconstruction.npy"",""input_field.npz"":""cells/support_gap_s2_move_m5/input_field.npz"",""progress.jsonl"":""cells/support_gap_s2_move_m5/progress.jsonl"",""reconstruction.npy"":""cells/support_gap_s2_move_m5/reconstruction.npy"",""reconstruction.png"":""cells/support_gap_s2_move_m5/reconstruction.png"",""target.npy"":""cells/support_gap_s2_move_m5/target.npy"",""target.png"":""cells/support_gap_s2_move_m5/target.png""}",0.00024115880793766685,support_gap_s2_move_m5,0.0,recovery only,,2,support_gap,21,20,0.0,0.00024115880793766685,20,0.05637160688638687,0.5,0.9273138046264648,3,0.0,0.0,-0.0,0.00436425599764334,33.16666875880856,0.0,2,20,6,false,0.0,ok,0.00024115880793766685,23,0.029076099999656435
move_m10,move,"{""base_field.npz"":""cells/support_gap_s2_move_m10/base_field.npz"",""base_reconstruction.npy"":""cells/support_gap_s2_move_m10/base_reconstruction.npy"",""config.json"":""cells/support_gap_s2_move_m10/config.json"",""curves.png"":""cells/support_gap_s2_move_m10/curves.png"",""decision"":""decision.json"",""error.png"":""cells/support_gap_s2_move_m10/error.png"",""field.npz"":""cells/support_gap_s2_move_m10/field.npz"",""gradient_packet"":""cases/support_gap_s2/gradient_packet.npz"",""history.json"":""cells/support_gap_s2_move_m10/history.json"",""immediate.png"":""cells/support_gap_s2_move_m10/immediate.png"",""immediate_reconstruction.npy"":""cells/support_gap_s2_move_m10/immediate_reconstruction.npy"",""input_field.npz"":""cells/support_gap_s2_move_m10/input_field.npz"",""progress.jsonl"":""cells/support_gap_s2_move_m10/progress.jsonl"",""reconstruction.npy"":""cells/support_gap_s2_move_m10/reconstruction.npy"",""reconstruction.png"":""cells/support_gap_s2_move_m10/reconstruction.png"",""target.npy"":""cells/support_gap_s2_move_m10/target.npy"",""target.png"":""cells/support_gap_s2_move_m10/target.png""}",0.00024115880793766685,support_gap_s2_move_m10,0.0,recovery only,,2,support_gap,21,20,0.0,0.00024115880793766685,20,0.05637160688638687,1.0,0.9273138046264648,3,0.0,0.0,-0.0,0.00436425599764334,33.16666875880856,0.0,2,20,6,false,0.0,ok,0.00024115880793766685,23,0.028611778001504717
scale_m5,scale,"{""base_field.npz"":""cells/support_gap_s2_scale_m5/base_field.npz"",""base_reconstruction.npy"":""cells/support_gap_s2_scale_m5/base_reconstruction.npy"",""config.json"":""cells/support_gap_s2_scale_m5/config.json"",""curves.png"":""cells/support_gap_s2_scale_m5/curves.png"",""decision"":""decision.json"",""error.png"":""cells/support_gap_s2_scale_m5/error.png"",""field.npz"":""cells/support_gap_s2_scale_m5/field.npz"",""gradient_packet"":""cases/support_gap_s2/gradient_packet.npz"",""history.json"":""cells/support_gap_s2_scale_m5/history.json"",""immediate.png"":""cells/support_gap_s2_scale_m5/immediate.png"",""immediate_reconstruction.npy"":""cells/support_gap_s2_scale_m5/immediate_reconstruction.npy"",""input_field.npz"":""cells/support_gap_s2_scale_m5/input_field.npz"",""progress.jsonl"":""cells/support_gap_s2_scale_m5/progress.jsonl"",""reconstruction.npy"":""cells/support_gap_s2_scale_m5/reconstruction.npy"",""reconstruction.png"":""cells/support_gap_s2_scale_m5/reconstruction.png"",""target.npy"":""cells/support_gap_s2_scale_m5/target.npy"",""target.png"":""cells/support_gap_s2_scale_m5/target.png""}",0.00024115880793766685,support_gap_s2_scale_m5,0.0,recovery only,,2,support_gap,21,20,0.0,0.00024115880793766685,20,0.05637160688638687,0.5,0.9273138046264648,3,0.0,0.0,-0.0,0.00436425599764334,33.16666875880856,0.0,2,20,6,false,0.0,ok,0.00024115880793766685,23,0.028749482000421267
scale_m10,scale,"{""base_field.npz"":""cells/support_gap_s2_scale_m10/base_field.npz"",""base_reconstruction.npy"":""cells/support_gap_s2_scale_m10/base_reconstruction.npy"",""config.json"":""cells/support_gap_s2_scale_m10/config.json"",""curves.png"":""cells/support_gap_s2_scale_m10/curves.png"",""decision"":""decision.json"",""error.png"":""cells/support_gap_s2_scale_m10/error.png"",""field.npz"":""cells/support_gap_s2_scale_m10/field.npz"",""gradient_packet"":""cases/support_gap_s2/gradient_packet.npz"",""history.json"":""cells/support_gap_s2_scale_m10/history.json"",""immediate.png"":""cells/support_gap_s2_scale_m10/immediate.png"",""immediate_reconstruction.npy"":""cells/support_gap_s2_scale_m10/immediate_reconstruction.npy"",""input_field.npz"":""cells/support_gap_s2_scale_m10/input_field.npz"",""progress.jsonl"":""cells/support_gap_s2_scale_m10/progress.jsonl"",""reconstruction.npy"":""cells/support_gap_s2_scale_m10/reconstruction.npy"",""reconstruction.png"":""cells/support_gap_s2_scale_m10/reconstruction.png"",""target.npy"":""cells/support_gap_s2_scale_m10/target.npy"",""target.png"":""cells/support_gap_s2_scale_m10/target.png""}",0.00024115880793766685,support_gap_s2_scale_m10,0.0,recovery only,,2,support_gap,21,20,0.0,0.00024115880793766685,20,0.05637160688638687,1.0,0.9273138046264648,3,0.0,0.0,-0.0,0.00436425599764334,33.16666875880856,0.0,2,20,6,false,0.0,ok,0.00024115880793766685,23,0.02872445699904347
rotate_m5,rotate,"{""base_field.npz"":""cells/support_gap_s2_rotate_m5/base_field.npz"",""base_reconstruction.npy"":""cells/support_gap_s2_rotate_m5/base_reconstruction.npy"",""config.json"":""cells/support_gap_s2_rotate_m5/config.json"",""curves.png"":""cells/support_gap_s2_rotate_m5/curves.png"",""decision"":""decision.json"",""error.png"":""cells/support_gap_s2_rotate_m5/error.png"",""field.npz"":""cells/support_gap_s2_rotate_m5/field.npz"",""gradient_packet"":""cases/support_gap_s2/gradient_packet.npz"",""history.json"":""cells/support_gap_s2_rotate_m5/history.json"",""immediate.png"":""cells/support_gap_s2_rotate_m5/immediate.png"",""immediate_reconstruction.npy"":""cells/support_gap_s2_rotate_m5/immediate_reconstruction.npy"",""input_field.npz"":""cells/support_gap_s2_rotate_m5/input_field.npz"",""progress.jsonl"":""cells/support_gap_s2_rotate_m5/progress.jsonl"",""reconstruction.npy"":""cells/support_gap_s2_rotate_m5/reconstruction.npy"",""reconstruction.png"":""cells/support_gap_s2_rotate_m5/reconstruction.png"",""target.npy"":""cells/support_gap_s2_rotate_m5/target.npy"",""target.png"":""cells/support_gap_s2_rotate_m5/target.png""}",0.00024115880793766685,support_gap_s2_rotate_m5,0.0,recovery only,,2,support_gap,21,20,0.0,0.00024115880793766685,20,0.05637160688638687,0.5,0.9273138046264648,3,0.0,0.0,-0.0,0.00436425599764334,33.16666875880856,0.0,2,20,6,false,0.0,ok,0.00024115880793766685,23,0.027794294997875113
rotate_m10,rotate,"{""base_field.npz"":""cells/support_gap_s2_rotate_m10/base_field.npz"",""base_reconstruction.npy"":""cells/support_gap_s2_rotate_m10/base_reconstruction.npy"",""config.json"":""cells/support_gap_s2_rotate_m10/config.json"",""curves.png"":""cells/support_gap_s2_rotate_m10/curves.png"",""decision"":""decision.json"",""error.png"":""cells/support_gap_s2_rotate_m10/error.png"",""field.npz"":""cells/support_gap_s2_rotate_m10/field.npz"",""gradient_packet"":""cases/support_gap_s2/gradient_packet.npz"",""history.json"":""cells/support_gap_s2_rotate_m10/history.json"",""immediate.png"":""cells/support_gap_s2_rotate_m10/immediate.png"",""immediate_reconstruction.npy"":""cells/support_gap_s2_rotate_m10/immediate_reconstruction.npy"",""input_field.npz"":""cells/support_gap_s2_rotate_m10/input_field.npz"",""progress.jsonl"":""cells/support_gap_s2_rotate_m10/progress.jsonl"",""reconstruction.npy"":""cells/support_gap_s2_rotate_m10/reconstruction.npy"",""reconstruction.png"":""cells/support_gap_s2_rotate_m10/reconstruction.png"",""target.npy"":""cells/support_gap_s2_rotate_m10/target.npy"",""target.png"":""cells/support_gap_s2_rotate_m10/target.png""}",0.00024115880793766685,support_gap_s2_rotate_m10,0.0,recovery only,,2,support_gap,21,20,0.0,0.00024115880793766685,20,0.05637160688638687,1.0,0.9273138046264648,3,0.0,0.0,-0.0,0.00436425599764334,33.16666875880856,0.0,2,20,6,false,0.0,ok,0.00024115880793766685,23,0.0276212780008791
color_m5,color,"{""base_field.npz"":""cells/support_gap_s2_color_m5/base_field.npz"",""base_reconstruction.npy"":""cells/support_gap_s2_color_m5/base_reconstruction.npy"",""config.json"":""cells/support_gap_s2_color_m5/config.json"",""curves.png"":""cells/support_gap_s2_color_m5/curves.png"",""decision"":""decision.json"",""error.png"":""cells/support_gap_s2_color_m5/error.png"",""field.npz"":""cells/support_gap_s2_color_m5/field.npz"",""gradient_packet"":""cases/support_gap_s2/gradient_packet.npz"",""history.json"":""cells/support_gap_s2_color_m5/history.json"",""immediate.png"":""cells/support_gap_s2_color_m5/immediate.png"",""immediate_reconstruction.npy"":""cells/support_gap_s2_color_m5/immediate_reconstruction.npy"",""input_field.npz"":""cells/support_gap_s2_color_m5/input_field.npz"",""progress.jsonl"":""cells/support_gap_s2_color_m5/progress.jsonl"",""reconstruction.npy"":""cells/support_gap_s2_color_m5/reconstruction.npy"",""reconstruction.png"":""cells/support_gap_s2_color_m5/reconstruction.png"",""target.npy"":""cells/support_gap_s2_color_m5/target.npy"",""target.png"":""cells/support_gap_s2_color_m5/target.png""}",0.00024115880793766685,support_gap_s2_color_m5,0.0,recovery only,,2,support_gap,21,20,0.0,0.00024115880793766685,20,0.05637160688638687,0.5,0.9273138046264648,3,0.0,0.0,-0.0,0.00436425599764334,33.16666875880856,0.0,2,20,6,false,0.0,ok,0.00024115880793766685,23,0.028419506001228
color_m10,color,"{""base_field.npz"":""cells/support_gap_s2_color_m10/base_field.npz"",""base_reconstruction.npy"":""cells/support_gap_s2_color_m10/base_reconstruction.npy"",""config.json"":""cells/support_gap_s2_color_m10/config.json"",""curves.png"":""cells/support_gap_s2_color_m10/curves.png"",""decision"":""decision.json"",""error.png"":""cells/support_gap_s2_color_m10/error.png"",""field.npz"":""cells/support_gap_s2_color_m10/field.npz"",""gradient_packet"":""cases/support_gap_s2/gradient_packet.npz"",""history.json"":""cells/support_gap_s2_color_m10/history.json"",""immediate.png"":""cells/support_gap_s2_color_m10/immediate.png"",""immediate_reconstruction.npy"":""cells/support_gap_s2_color_m10/immediate_reconstruction.npy"",""input_field.npz"":""cells/support_gap_s2_color_m10/input_field.npz"",""progress.jsonl"":""cells/support_gap_s2_color_m10/progress.jsonl"",""reconstruction.npy"":""cells/support_gap_s2_color_m10/reconstruction.npy"",""reconstruction.png"":""cells/support_gap_s2_color_m10/reconstruction.png"",""target.npy"":""cells/support_gap_s2_color_m10/target.npy"",""target.png"":""cells/support_gap_s2_color_m10/target.png""}",0.00024115880793766685,support_gap_s2_color_m10,0.0,recovery only,,2,support_gap,21,20,0.0,0.00024115880793766685,20,0.05637160688638687,1.0,0.9273138046264648,3,0.0,0.0,-0.0,0.00436425599764334,33.16666875880856,0.0,2,20,6,false,0.0,ok,0.00024115880793766685,23,0.027885843999683857
split_d1_m5,split,"{""base_field.npz"":""cells/support_gap_s2_split_d1_m5/base_field.npz"",""base_reconstruction.npy"":""cells/support_gap_s2_split_d1_m5/base_reconstruction.npy"",""config.json"":""cells/support_gap_s2_split_d1_m5/config.json"",""curves.png"":""cells/support_gap_s2_split_d1_m5/curves.png"",""decision"":""decision.json"",""error.png"":""cells/support_gap_s2_split_d1_m5/error.png"",""field.npz"":""cells/support_gap_s2_split_d1_m5/field.npz"",""gradient_packet"":""cases/support_gap_s2/gradient_packet.npz"",""history.json"":""cells/support_gap_s2_split_d1_m5/history.json"",""immediate.png"":""cells/support_gap_s2_split_d1_m5/immediate.png"",""immediate_reconstruction.npy"":""cells/support_gap_s2_split_d1_m5/immediate_reconstruction.npy"",""input_field.npz"":""cells/support_gap_s2_split_d1_m5/input_field.npz"",""progress.jsonl"":""cells/support_gap_s2_split_d1_m5/progress.jsonl"",""reconstruction.npy"":""cells/support_gap_s2_split_d1_m5/reconstruction.npy"",""reconstruction.png"":""cells/support_gap_s2_split_d1_m5/reconstruction.png"",""target.npy"":""cells/support_gap_s2_split_d1_m5/target.npy"",""target.png"":""cells/support_gap_s2_split_d1_m5/target.png""}",0.00024115880793766685,support_gap_s2_split_d1_m5,0.0,recovery only,1,2,support_gap,21,20,-1.8015109167585476e-05,0.00025917391710525233,20,0.06756053864955902,0.5,0.8983933329582214,3,0.0,0.0,-1.409368087479379e-05,0.00436425599764334,32.91539489506803,-1.4364496314522087e-05,2,20,6,false,0.0,ok,0.00025552330425218894,23,0.028540761999465758
split_d1_m10,split,"{""base_field.npz"":""cells/support_gap_s2_split_d1_m10/base_field.npz"",""base_reconstruction.npy"":""cells/support_gap_s2_split_d1_m10/base_reconstruction.npy"",""config.json"":""cells/support_gap_s2_split_d1_m10/config.json"",""curves.png"":""cells/support_gap_s2_split_d1_m10/curves.png"",""decision"":""decision.json"",""error.png"":""cells/support_gap_s2_split_d1_m10/error.png"",""field.npz"":""cells/support_gap_s2_split_d1_m10/field.npz"",""gradient_packet"":""cases/support_gap_s2/gradient_packet.npz"",""history.json"":""cells/support_gap_s2_split_d1_m10/history.json"",""immediate.png"":""cells/support_gap_s2_split_d1_m10/immediate.png"",""immediate_reconstruction.npy"":""cells/support_gap_s2_split_d1_m10/immediate_reconstruction.npy"",""input_field.npz"":""cells/support_gap_s2_split_d1_m10/input_field.npz"",""progress.jsonl"":""cells/support_gap_s2_split_d1_m10/progress.jsonl"",""reconstruction.npy"":""cells/support_gap_s2_split_d1_m10/reconstruction.npy"",""reconstruction.png"":""cells/support_gap_s2_split_d1_m10/reconstruction.png"",""target.npy"":""cells/support_gap_s2_split_d1_m10/target.npy"",""target.png"":""cells/support_gap_s2_split_d1_m10/target.png""}",0.00024115880793766685,support_gap_s2_split_d1_m10,0.0,recovery only,1,2,support_gap,21,20,-6.726315335517076e-05,0.0003084219612928376,20,0.07056558132171631,1.0,0.8971328139305115,3,0.0,0.0,-1.409368087479379e-05,0.00436425599764334,32.858910710319094,-1.77095287905686e-05,2,20,6,false,0.0,ok,0.00025886833672823545,23,0.028087717000744306
split_d2_m5,split,"{""base_field.npz"":""cells/support_gap_s2_split_d2_m5/base_field.npz"",""base_reconstruction.npy"":""cells/support_gap_s2_split_d2_m5/base_reconstruction.npy"",""config.json"":""cells/support_gap_s2_split_d2_m5/config.json"",""curves.png"":""cells/support_gap_s2_split_d2_m5/curves.png"",""decision"":""decision.json"",""error.png"":""cells/support_gap_s2_split_d2_m5/error.png"",""field.npz"":""cells/support_gap_s2_split_d2_m5/field.npz"",""gradient_packet"":""cases/support_gap_s2/gradient_packet.npz"",""history.json"":""cells/support_gap_s2_split_d2_m5/history.json"",""immediate.png"":""cells/support_gap_s2_split_d2_m5/immediate.png"",""immediate_reconstruction.npy"":""cells/support_gap_s2_split_d2_m5/immediate_reconstruction.npy"",""input_field.npz"":""cells/support_gap_s2_split_d2_m5/input_field.npz"",""progress.jsonl"":""cells/support_gap_s2_split_d2_m5/progress.jsonl"",""reconstruction.npy"":""cells/support_gap_s2_split_d2_m5/reconstruction.npy"",""reconstruction.png"":""cells/support_gap_s2_split_d2_m5/reconstruction.png"",""target.npy"":""cells/support_gap_s2_split_d2_m5/target.npy"",""target.png"":""cells/support_gap_s2_split_d2_m5/target.png""}",0.00024115880793766685,support_gap_s2_split_d2_m5,0.0,recovery only,2,2,support_gap,21,20,-4.307055069826556e-05,0.0002842293586359324,20,0.06772707402706146,0.5,0.8800758719444275,3,0.0,0.0,-3.914911940228194e-05,0.00436425599764334,32.5091523478845,-3.9419937845202116e-05,2,20,6,false,0.0,ok,0.00028057874578286897,23,0.028592045997356763
split_d2_m10,split,"{""base_field.npz"":""cells/support_gap_s2_split_d2_m10/base_field.npz"",""base_reconstruction.npy"":""cells/support_gap_s2_split_d2_m10/base_reconstruction.npy"",""config.json"":""cells/support_gap_s2_split_d2_m10/config.json"",""curves.png"":""cells/support_gap_s2_split_d2_m10/curves.png"",""decision"":""decision.json"",""error.png"":""cells/support_gap_s2_split_d2_m10/error.png"",""field.npz"":""cells/support_gap_s2_split_d2_m10/field.npz"",""gradient_packet"":""cases/support_gap_s2/gradient_packet.npz"",""history.json"":""cells/support_gap_s2_split_d2_m10/history.json"",""immediate.png"":""cells/support_gap_s2_split_d2_m10/immediate.png"",""immediate_reconstruction.npy"":""cells/support_gap_s2_split_d2_m10/immediate_reconstruction.npy"",""input_field.npz"":""cells/support_gap_s2_split_d2_m10/input_field.npz"",""progress.jsonl"":""cells/support_gap_s2_split_d2_m10/progress.jsonl"",""reconstruction.npy"":""cells/support_gap_s2_split_d2_m10/reconstruction.npy"",""reconstruction.png"":""cells/support_gap_s2_split_d2_m10/reconstruction.png"",""target.npy"":""cells/support_gap_s2_split_d2_m10/target.npy"",""target.png"":""cells/support_gap_s2_split_d2_m10/target.png""}",0.00024115880793766685,support_gap_s2_split_d2_m10,0.0,recovery only,2,2,support_gap,21,20,-9.23185948858509e-05,0.00033347740282351775,20,0.07062489539384842,1.0,0.8788569569587708,3,0.0,0.0,-3.914911940228194e-05,0.00436425599764334,32.457682386710374,-4.276497032124874e-05,2,20,6,false,0.0,ok,0.0002839237782589156,23,0.02824141300152405
birth_d1,birth,"{""base_field.npz"":""cells/support_gap_s2_birth_d1/base_field.npz"",""base_reconstruction.npy"":""cells/support_gap_s2_birth_d1/base_reconstruction.npy"",""config.json"":""cells/support_gap_s2_birth_d1/config.json"",""curves.png"":""cells/support_gap_s2_birth_d1/curves.png"",""decision"":""decision.json"",""error.png"":""cells/support_gap_s2_birth_d1/error.png"",""field.npz"":""cells/support_gap_s2_birth_d1/field.npz"",""gradient_packet"":""cases/support_gap_s2/gradient_packet.npz"",""history.json"":""cells/support_gap_s2_birth_d1/history.json"",""immediate.png"":""cells/support_gap_s2_birth_d1/immediate.png"",""immediate_reconstruction.npy"":""cells/support_gap_s2_birth_d1/immediate_reconstruction.npy"",""input_field.npz"":""cells/support_gap_s2_birth_d1/input_field.npz"",""progress.jsonl"":""cells/support_gap_s2_birth_d1/progress.jsonl"",""reconstruction.npy"":""cells/support_gap_s2_birth_d1/reconstruction.npy"",""reconstruction.png"":""cells/support_gap_s2_birth_d1/reconstruction.png"",""target.npy"":""cells/support_gap_s2_birth_d1/target.npy"",""target.png"":""cells/support_gap_s2_birth_d1/target.png""}",0.00024115880793766685,support_gap_s2_birth_d1,0.0,recovery only,1,2,support_gap,21,20,0.00022706512330267187,1.4093684634994991e-05,20,0.0065130568109452724,1.0,0.9712052345275879,3,0.0,0.0,1.654544576012995e-05,0.00436425599764334,45.49945454984745,0.00022706512330267187,2,20,6,false,0.0,ok,1.4093684634994991e-05,23,0.02757048700004816
birth_d2,birth,"{""base_field.npz"":""cells/support_gap_s2_birth_d2/base_field.npz"",""base_reconstruction.npy"":""cells/support_gap_s2_birth_d2/base_reconstruction.npy"",""config.json"":""cells/support_gap_s2_birth_d2/config.json"",""curves.png"":""cells/support_gap_s2_birth_d2/curves.png"",""decision"":""decision.json"",""error.png"":""cells/support_gap_s2_birth_d2/error.png"",""field.npz"":""cells/support_gap_s2_birth_d2/field.npz"",""gradient_packet"":""cases/support_gap_s2/gradient_packet.npz"",""history.json"":""cells/support_gap_s2_birth_d2/history.json"",""immediate.png"":""cells/support_gap_s2_birth_d2/immediate.png"",""immediate_reconstruction.npy"":""cells/support_gap_s2_birth_d2/immediate_reconstruction.npy"",""input_field.npz"":""cells/support_gap_s2_birth_d2/input_field.npz"",""progress.jsonl"":""cells/support_gap_s2_birth_d2/progress.jsonl"",""reconstruction.npy"":""cells/support_gap_s2_birth_d2/reconstruction.npy"",""reconstruction.png"":""cells/support_gap_s2_birth_d2/reconstruction.png"",""target.npy"":""cells/support_gap_s2_birth_d2/target.npy"",""target.png"":""cells/support_gap_s2_birth_d2/target.png""}",0.00024115880793766685,support_gap_s2_birth_d2,0.0,recovery only,2,2,support_gap,21,20,0.00020200968177199176,3.9149126165675096e-05,20,0.011571384966373444,1.0,0.9530780911445618,3,0.0,0.0,-8.509992767358199e-06,0.00436425599764334,41.062479315732375,0.00020200968177199176,2,20,6,false,0.0,ok,3.9149126165675096e-05,23,0.028157138000096893
