target,target_sha256,seed,arm,view,selector,alpha,canonical_count,gauge_count,canonical_field_sha256,gauge_field_sha256,pre_psnr,render_max_abs,action_groups,action_hash,unique_action_groups,repeated_action_count,projected_topk_order_agreement,projected_topk_multiset_jaccard,projected_topk_unique_jaccard,projected_topk_exact,score_seconds,scores_finite,denominator_max_abs,quotient_alpha1_max_abs,quotient_alpha1_max_rel,quotient_alpha0.7_max_abs,quotient_alpha0.7_max_rel,quotient_alpha0.7_action_match,alpha0.7_child_law_max_abs,quotient_alpha1_action_match,alpha1_child_law_max_abs,immediate_psnr,immediate_ms_ssim,post20_psnr,post20_ms_ssim,post20_auc,post100_psnr,post100_ms_ssim,post100_auc,action_seconds,fit20_seconds,fit100_seconds,total100_seconds,final_count,post20_count,post100_count,renders_finite,intervention_seconds
vertical_step,d2538abfe852d6b8ebc9fbd47f65dbb225eb615f1e7ae18b2af1b58aa030fc59,0,support_canonical,canonical,support_row,,32,48,edfee3e3f61a1003493d32212ae2aab6022d30f174a14f3e814db0453b43f82a,ef9e2c409ffd90d268175ddd7cfd061ad00e6a86d647beb09a69f293a00da0f0,37.732296,4.76837158203125e-07,"[2,0,23,10,25,31,8,15]",7009aaf27e5323c2d419dbd0b8c80f0ae60893d08035b08db3e20fe46cb0d6fa,8,0,1.0,1.0,1.0,True,0.0015345709980465472,True,2.384185791015625e-06,3.4924596548080444e-09,2.1109340195835102e-06,6.05359673500061e-09,2.1120749806868844e-06,True,4.6566128730773926e-09,True,3.4924596548080444e-09,33.7972412109375,0.9967284798622131,44.11415100097656,0.999505341053009,38.65600977445904,53.30216979980469,0.9999107718467712,49.26766439880988,0.0027591250036493875,0.11833500862121582,0.6108922958374023,0.6151859918390983,40,40,40,True,0.004293696001695935
vertical_step,d2538abfe852d6b8ebc9fbd47f65dbb225eb615f1e7ae18b2af1b58aa030fc59,0,support_gauge_row,gauge,support_row,,32,48,edfee3e3f61a1003493d32212ae2aab6022d30f174a14f3e814db0453b43f82a,ef9e2c409ffd90d268175ddd7cfd061ad00e6a86d647beb09a69f293a00da0f0,37.732296,4.76837158203125e-07,"[2,2,0,0,23,10,10,25]",3df21abc39f8719bc0463f19305012cc6d9e181564ffc8bf5ff9cd8eb38db30d,5,3,0.125,0.45454545454545453,0.625,False,0.0019955800016759895,True,2.384185791015625e-06,3.4924596548080444e-09,2.1109340195835102e-06,6.05359673500061e-09,2.1120749806868844e-06,True,4.6566128730773926e-09,True,3.4924596548080444e-09,33.31953430175781,0.996774435043335,42.53496170043945,0.999197244644165,38.534920140316615,49.17912292480469,0.9997302889823914,48.84426172815188,0.0027025269955629483,0.11773180961608887,0.5919687747955322,0.5966668817927712,40,40,40,True,0.004698106997238938
vertical_step,d2538abfe852d6b8ebc9fbd47f65dbb225eb615f1e7ae18b2af1b58aa030fc59,0,responsibility_alpha0.7_canonical,canonical,responsibility_row,0.7,32,48,edfee3e3f61a1003493d32212ae2aab6022d30f174a14f3e814db0453b43f82a,ef9e2c409ffd90d268175ddd7cfd061ad00e6a86d647beb09a69f293a00da0f0,37.732296,4.76837158203125e-07,"[2,0,10,23,31,8,25,15]",355bd3432b043adce945d7d302c1167e958f1bdecabb80f959b69a1173e2ab3b,8,0,1.0,1.0,1.0,True,0.002813724997395184,True,2.384185791015625e-06,3.4924596548080444e-09,2.1109340195835102e-06,6.05359673500061e-09,2.1120749806868844e-06,True,4.6566128730773926e-09,True,3.4924596548080444e-09,33.7972412109375,0.9967284798622131,44.12445831298828,0.9995061159133911,38.656041396291634,52.419212341308594,0.9998883008956909,49.06129216666174,0.00259556600212818,0.11923050880432129,0.6091325283050537,0.6145418193045771,40,40,40,True,0.005409290999523364
vertical_step,d2538abfe852d6b8ebc9fbd47f65dbb225eb615f1e7ae18b2af1b58aa030fc59,0,responsibility_alpha0.7_gauge_row,gauge,responsibility_row,0.7,32,48,edfee3e3f61a1003493d32212ae2aab6022d30f174a14f3e814db0453b43f82a,ef9e2c409ffd90d268175ddd7cfd061ad00e6a86d647beb09a69f293a00da0f0,37.732296,4.76837158203125e-07,"[2,2,0,0,10,10,23,31]",623c2319594b0936ca68522433455e81540d6105c75ef2c2c1bc48ee9a008cff,5,3,0.125,0.45454545454545453,0.625,False,0.0039497739999205805,True,2.384185791015625e-06,3.4924596548080444e-09,2.1109340195835102e-06,6.05359673500061e-09,2.1120749806868844e-06,True,4.6566128730773926e-09,True,3.4924596548080444e-09,33.28516387939453,0.9966694116592407,41.96674728393555,0.9992143511772156,38.4105917278089,51.552490234375,0.9998433589935303,48.88849150532424,0.002671868998731952,0.11803722381591797,0.6244556903839111,0.6310773333825637,40,40,40,True,0.006621642998652533
vertical_step,d2538abfe852d6b8ebc9fbd47f65dbb225eb615f1e7ae18b2af1b58aa030fc59,0,responsibility_alpha1_canonical,canonical,responsibility_row,1.0,32,48,edfee3e3f61a1003493d32212ae2aab6022d30f174a14f3e814db0453b43f82a,ef9e2c409ffd90d268175ddd7cfd061ad00e6a86d647beb09a69f293a00da0f0,37.732296,4.76837158203125e-07,"[2,0,10,23,25,31,6,8]",d7ed7baa09fe2148072e41b1a9e60b84057bde6a53007c0b9b279cd8d75f87c5,8,0,1.0,1.0,1.0,True,0.0029281160022947006,True,2.384185791015625e-06,3.4924596548080444e-09,2.1109340195835102e-06,6.05359673500061e-09,2.1120749806868844e-06,True,4.6566128730773926e-09,True,3.4924596548080444e-09,33.603187561035156,0.996690034866333,41.92768478393555,0.999224841594696,38.56289050453588,54.2808723449707,0.9999080300331116,48.917194385721224,0.002816460000758525,0.11990880966186523,0.5934677124023438,0.599212288405397,40,40,40,True,0.005744576003053226
vertical_step,d2538abfe852d6b8ebc9fbd47f65dbb225eb615f1e7ae18b2af1b58aa030fc59,0,responsibility_alpha1_gauge_row,gauge,responsibility_row,1.0,32,48,edfee3e3f61a1003493d32212ae2aab6022d30f174a14f3e814db0453b43f82a,ef9e2c409ffd90d268175ddd7cfd061ad00e6a86d647beb09a69f293a00da0f0,37.732296,4.76837158203125e-07,"[2,2,0,0,10,10,23,25]",9efcb1e1d150852ef2de0ff3c9865d8fe95898e7f8179d84ce13f8379080092a,5,3,0.125,0.45454545454545453,0.625,False,0.004544723000435624,True,2.384185791015625e-06,3.4924596548080444e-09,2.1109340195835102e-06,6.05359673500061e-09,2.1120749806868844e-06,True,4.6566128730773926e-09,True,3.4924596548080444e-09,33.31953430175781,0.996774435043335,42.53510284423828,0.9991959929466248,38.53490628694233,54.091285705566406,0.9999532699584961,48.322785733926175,0.0026199269996141084,0.11587119102478027,0.5892693996429443,0.5964340496429941,40,40,40,True,0.007164650000049733
vertical_step,d2538abfe852d6b8ebc9fbd47f65dbb225eb615f1e7ae18b2af1b58aa030fc59,0,quotient_alpha1_canonical,canonical,quotient_responsibility,1.0,32,48,edfee3e3f61a1003493d32212ae2aab6022d30f174a14f3e814db0453b43f82a,ef9e2c409ffd90d268175ddd7cfd061ad00e6a86d647beb09a69f293a00da0f0,37.732296,4.76837158203125e-07,"[2,0,10,23,25,31,6,8]",d7ed7baa09fe2148072e41b1a9e60b84057bde6a53007c0b9b279cd8d75f87c5,8,0,1.0,1.0,1.0,True,0.003289230997324921,True,2.384185791015625e-06,3.4924596548080444e-09,2.1109340195835102e-06,6.05359673500061e-09,2.1120749806868844e-06,True,4.6566128730773926e-09,True,3.4924596548080444e-09,33.603187561035156,0.996690034866333,41.92768478393555,0.999224841594696,38.56289050453588,54.2808723449707,0.9999080300331116,48.917194385721224,0.002816460000758525,0.11990880966186523,0.5934677124023438,0.5995734034004272,40,40,40,True,0.006105690998083446
vertical_step,d2538abfe852d6b8ebc9fbd47f65dbb225eb615f1e7ae18b2af1b58aa030fc59,0,quotient_alpha1_gauge,gauge,quotient_responsibility,1.0,32,48,edfee3e3f61a1003493d32212ae2aab6022d30f174a14f3e814db0453b43f82a,ef9e2c409ffd90d268175ddd7cfd061ad00e6a86d647beb09a69f293a00da0f0,37.732296,4.76837158203125e-07,"[2,0,10,23,25,31,6,8]",d7ed7baa09fe2148072e41b1a9e60b84057bde6a53007c0b9b279cd8d75f87c5,8,0,1.0,1.0,1.0,True,0.005331574997399002,True,2.384185791015625e-06,3.4924596548080444e-09,2.1109340195835102e-06,6.05359673500061e-09,2.1120749806868844e-06,True,4.6566128730773926e-09,True,3.4924596548080444e-09,33.603187561035156,0.996690034866333,41.92768478393555,0.999224841594696,38.56289050453588,54.2808723449707,0.9999080300331116,48.917194385721224,0.002816460000758525,0.11990880966186523,0.5934677124023438,0.6016157474005013,40,40,40,True,0.008148034998157527
vertical_step,d2538abfe852d6b8ebc9fbd47f65dbb225eb615f1e7ae18b2af1b58aa030fc59,1,support_canonical,canonical,support_row,,32,48,479d193c345320d9718f1ac8f3f8eb6324c1b486aa186f01485f4277b27990bc,8ec969a9d985de6df16834de2889e8f0532f21d1b1209eb82ba9f726756f50d5,38.284573,5.960464477539062e-07,"[10,21,23,15,31,4,6,2]",ee252e98e56c502bcc74ee79e0e91a99cb59d37dbfe326263f5d52309c474a17,8,0,1.0,1.0,1.0,True,0.0017083610000554472,True,2.86102294921875e-06,1.7462298274040222e-09,2.2020544747647364e-06,3.026798367500305e-09,2.262297357447096e-06,True,2.444721758365631e-09,True,1.7462298274040222e-09,33.882266998291016,0.9961698651313782,46.38668441772461,0.9991801381111145,40.63408610695287,47.38917541503906,0.9997292757034302,48.29136139455468,0.0027429269975982606,0.12343573570251465,0.6247098445892334,0.6291611325868871,40,40,40,True,0.004451287997653708
vertical_step,d2538abfe852d6b8ebc9fbd47f65dbb225eb615f1e7ae18b2af1b58aa030fc59,1,support_gauge_row,gauge,support_row,,32,48,479d193c345320d9718f1ac8f3f8eb6324c1b486aa186f01485f4277b27990bc,8ec969a9d985de6df16834de2889e8f0532f21d1b1209eb82ba9f726756f50d5,38.284573,5.960464477539062e-07,"[10,10,21,23,15,31,4,4]",f30142fc4d1bfeb80725eb3ed0736d073703357b6b9ca3c0601037f4e5501030,6,2,0.125,0.6,0.75,False,0.002410763998341281,True,2.86102294921875e-06,1.7462298274040222e-09,2.2020544747647364e-06,3.026798367500305e-09,2.262297357447096e-06,True,2.444721758365631e-09,True,1.7462298274040222e-09,34.18231201171875,0.9964276552200317,46.26015090942383,0.9991458058357239,40.68576180307489,52.78474426269531,0.9999021291732788,48.75113841740772,0.002698144999158103,0.1214895248413086,0.6086370944976807,0.61374600349518,40,40,40,True,0.005108908997499384
vertical_step,d2538abfe852d6b8ebc9fbd47f65dbb225eb615f1e7ae18b2af1b58aa030fc59,1,responsibility_alpha0.7_canonical,canonical,responsibility_row,0.7,32,48,479d193c345320d9718f1ac8f3f8eb6324c1b486aa186f01485f4277b27990bc,8ec969a9d985de6df16834de2889e8f0532f21d1b1209eb82ba9f726756f50d5,38.284573,5.960464477539062e-07,"[21,23,10,15,31,4,25,6]",59eeb3890cd1debc7996e557b3682f2aa966c07d10eef0c16dccd32b12b6a49c,8,0,1.0,1.0,1.0,True,0.0029423050000332296,True,2.86102294921875e-06,1.7462298274040222e-09,2.2020544747647364e-06,3.026798367500305e-09,2.262297357447096e-06,True,2.444721758365631e-09,True,1.7462298274040222e-09,33.51459884643555,0.9956496953964233,45.95836639404297,0.9991744160652161,40.58262885244269,50.86125946044922,0.9997285008430481,49.0289473100142,0.002768641999864485,0.13186955451965332,0.6524274349212646,0.6581383819211624,40,40,40,True,0.005710946999897715
vertical_step,d2538abfe852d6b8ebc9fbd47f65dbb225eb615f1e7ae18b2af1b58aa030fc59,1,responsibility_alpha0.7_gauge_row,gauge,responsibility_row,0.7,32,48,479d193c345320d9718f1ac8f3f8eb6324c1b486aa186f01485f4277b27990bc,8ec969a9d985de6df16834de2889e8f0532f21d1b1209eb82ba9f726756f50d5,38.284573,5.960464477539062e-07,"[21,23,15,10,10,31,25,4]",7c430cb11947e81614b650b43e49dfee6fe603c6e5842a6d2976f482de6e04df,7,1,0.375,0.7777777777777778,0.875,False,0.004376652002974879,True,2.86102294921875e-06,1.7462298274040222e-09,2.2020544747647364e-06,3.026798367500305e-09,2.262297357447096e-06,True,2.444721758365631e-09,True,1.7462298274040222e-09,33.868324279785156,0.9959022998809814,46.588470458984375,0.9991498589515686,40.70483659443102,55.03736114501953,0.9999376535415649,49.139107675263375,0.0027041870052926242,0.12598061561584473,0.6217160224914551,0.6287968614997226,40,40,40,True,0.007080839008267503
vertical_step,d2538abfe852d6b8ebc9fbd47f65dbb225eb615f1e7ae18b2af1b58aa030fc59,1,responsibility_alpha1_canonical,canonical,responsibility_row,1.0,32,48,479d193c345320d9718f1ac8f3f8eb6324c1b486aa186f01485f4277b27990bc,8ec969a9d985de6df16834de2889e8f0532f21d1b1209eb82ba9f726756f50d5,38.284573,5.960464477539062e-07,"[21,10,23,15,31,4,6,25]",b448591b49edec853bf38aa2ef85179ae35675cfdebfd673c048424aee69e441,8,0,1.0,1.0,1.0,True,0.0032598109974060208,True,2.86102294921875e-06,1.7462298274040222e-09,2.2020544747647364e-06,3.026798367500305e-09,2.262297357447096e-06,True,2.444721758365631e-09,True,1.7462298274040222e-09,33.51459884643555,0.9956496953964233,45.961116790771484,0.999171257019043,40.582876205444336,51.788970947265625,0.9997594356536865,49.022454579671226,0.002660824997292366,0.13590168952941895,0.6674680709838867,0.6733887069785851,40,40,40,True,0.005920635994698387
vertical_step,d2538abfe852d6b8ebc9fbd47f65dbb225eb615f1e7ae18b2af1b58aa030fc59,1,responsibility_alpha1_gauge_row,gauge,responsibility_row,1.0,32,48,479d193c345320d9718f1ac8f3f8eb6324c1b486aa186f01485f4277b27990bc,8ec969a9d985de6df16834de2889e8f0532f21d1b1209eb82ba9f726756f50d5,38.284573,5.960464477539062e-07,"[21,10,10,23,15,31,4,4]",8eec734b1ef389bae71d9a8be0be8cc8298828cda438382f31bb9e2efe893d08,6,2,0.25,0.6,0.75,False,0.004705118000856601,True,2.86102294921875e-06,1.7462298274040222e-09,2.2020544747647364e-06,3.026798367500305e-09,2.262297357447096e-06,True,2.444721758365631e-09,True,1.7462298274040222e-09,34.18231201171875,0.9964276552200317,46.25922775268555,0.9991452693939209,40.68591951069079,55.4130744934082,0.99994957447052,48.39384722468829,0.0027042950023314916,0.13214421272277832,0.7276108264923096,0.7350202394954977,40,40,40,True,0.007409413003188092
vertical_step,d2538abfe852d6b8ebc9fbd47f65dbb225eb615f1e7ae18b2af1b58aa030fc59,1,quotient_alpha1_canonical,canonical,quotient_responsibility,1.0,32,48,479d193c345320d9718f1ac8f3f8eb6324c1b486aa186f01485f4277b27990bc,8ec969a9d985de6df16834de2889e8f0532f21d1b1209eb82ba9f726756f50d5,38.284573,5.960464477539062e-07,"[21,10,23,15,31,4,6,25]",b448591b49edec853bf38aa2ef85179ae35675cfdebfd673c048424aee69e441,8,0,1.0,1.0,1.0,True,0.003685906995087862,True,2.86102294921875e-06,1.7462298274040222e-09,2.2020544747647364e-06,3.026798367500305e-09,2.262297357447096e-06,True,2.444721758365631e-09,True,1.7462298274040222e-09,33.51459884643555,0.9956496953964233,45.961116790771484,0.999171257019043,40.582876205444336,51.788970947265625,0.9997594356536865,49.022454579671226,0.002660824997292366,0.13590168952941895,0.6674680709838867,0.673814802976267,40,40,40,True,0.006346731992380228
vertical_step,d2538abfe852d6b8ebc9fbd47f65dbb225eb615f1e7ae18b2af1b58aa030fc59,1,quotient_alpha1_gauge,gauge,quotient_responsibility,1.0,32,48,479d193c345320d9718f1ac8f3f8eb6324c1b486aa186f01485f4277b27990bc,8ec969a9d985de6df16834de2889e8f0532f21d1b1209eb82ba9f726756f50d5,38.284573,5.960464477539062e-07,"[21,10,23,15,31,4,6,25]",b448591b49edec853bf38aa2ef85179ae35675cfdebfd673c048424aee69e441,8,0,1.0,1.0,1.0,True,0.005735838996770326,True,2.86102294921875e-06,1.7462298274040222e-09,2.2020544747647364e-06,3.026798367500305e-09,2.262297357447096e-06,True,2.444721758365631e-09,True,1.7462298274040222e-09,33.51459884643555,0.9956496953964233,45.961116790771484,0.999171257019043,40.582876205444336,51.788970947265625,0.9997594356536865,49.022454579671226,0.002660824997292366,0.13590168952941895,0.6674680709838867,0.6758647349779494,40,40,40,True,0.008396663994062692
diagonal_step,2f60a9cc0420b931d5936b18d14d40d44b1ef9d726adabb3493e466d36e66816,0,support_canonical,canonical,support_row,,32,48,15fbd2e53c7ff63dc66bd2e368ce9b888cc021a11721f6950a80945d29266bb1,1502d4306979a3e606c824b43b6d250f355eceaf3856c561ab4c2c2bd8bbe372,29.48365,6.556510925292969e-07,"[26,27,21,30,2,13,24,17]",7382e29d3d595d77df4c0c3abd68d95ac8bde2fe1bca4dc70d99742d8c6dda32,8,0,1.0,1.0,1.0,True,0.004728062995127402,True,1.9073486328125e-06,5.587935447692871e-09,1.100198687709053e-06,7.450580596923828e-09,1.1400653647797299e-06,True,3.725290298461914e-09,True,5.587935447692871e-09,27.646728515625,0.9934445023536682,30.501869201660156,0.9954458475112915,29.076761948434932,32.121360778808594,0.9982740879058838,31.025765929559263,0.0027292459999443963,0.23975610733032227,1.3120105266571045,1.3194678356521763,40,40,40,True,0.0074573089950717986
diagonal_step,2f60a9cc0420b931d5936b18d14d40d44b1ef9d726adabb3493e466d36e66816,0,support_gauge_row,gauge,support_row,,32,48,15fbd2e53c7ff63dc66bd2e368ce9b888cc021a11721f6950a80945d29266bb1,1502d4306979a3e606c824b43b6d250f355eceaf3856c561ab4c2c2bd8bbe372,29.48365,6.556510925292969e-07,"[26,26,27,21,30,30,2,2]",81ccfb61bb2b0782af91e1d3701d89fd53bf767fdd98d32f3ce0af9958a81964,5,3,0.125,0.45454545454545453,0.625,False,0.00649617999442853,True,1.9073486328125e-06,5.587935447692871e-09,1.100198687709053e-06,7.450580596923828e-09,1.1400653647797299e-06,True,3.725290298461914e-09,True,5.587935447692871e-09,27.23677635192871,0.9928885698318481,30.46381378173828,0.9951692819595337,28.857378909462376,32.081661224365234,0.998247504234314,30.932817873328624,0.0028052039997419342,0.2552144527435303,1.2893269062042236,1.298628290198394,40,40,40,True,0.009301383994170465
diagonal_step,2f60a9cc0420b931d5936b18d14d40d44b1ef9d726adabb3493e466d36e66816,0,responsibility_alpha0.7_canonical,canonical,responsibility_row,0.7,32,48,15fbd2e53c7ff63dc66bd2e368ce9b888cc021a11721f6950a80945d29266bb1,1502d4306979a3e606c824b43b6d250f355eceaf3856c561ab4c2c2bd8bbe372,29.48365,6.556510925292969e-07,"[26,27,21,30,2,13,24,5]",7bce4f153dc4843086c22bdd816504c54300fd2a54d68d8aa95ae29b720d47a6,8,0,1.0,1.0,1.0,True,0.007429177996527869,True,1.9073486328125e-06,5.587935447692871e-09,1.100198687709053e-06,7.450580596923828e-09,1.1400653647797299e-06,True,3.725290298461914e-09,True,5.587935447692871e-09,27.542543411254883,0.9931526184082031,30.49750518798828,0.9954032897949219,29.115765822561162,32.08811950683594,0.9982917308807373,31.01213587173308,0.0027980640006717294,0.2499837875366211,1.2469098567962646,1.2571370987934642,40,40,40,True,0.010227241997199599
diagonal_step,2f60a9cc0420b931d5936b18d14d40d44b1ef9d726adabb3493e466d36e66816,0,responsibility_alpha0.7_gauge_row,gauge,responsibility_row,0.7,32,48,15fbd2e53c7ff63dc66bd2e368ce9b888cc021a11721f6950a80945d29266bb1,1502d4306979a3e606c824b43b6d250f355eceaf3856c561ab4c2c2bd8bbe372,29.48365,6.556510925292969e-07,"[26,26,27,21,30,30,2,2]",81ccfb61bb2b0782af91e1d3701d89fd53bf767fdd98d32f3ce0af9958a81964,5,3,0.125,0.45454545454545453,0.625,False,0.012880314003268722,True,1.9073486328125e-06,5.587935447692871e-09,1.100198687709053e-06,7.450580596923828e-09,1.1400653647797299e-06,True,3.725290298461914e-09,True,5.587935447692871e-09,27.23677635192871,0.9928885698318481,30.46381378173828,0.9951692819595337,28.857378909462376,32.081661224365234,0.998247504234314,30.932817873328624,0.0028052039997419342,0.2552144527435303,1.2893269062042236,1.3050124242072343,40,40,40,True,0.015685518003010657
diagonal_step,2f60a9cc0420b931d5936b18d14d40d44b1ef9d726adabb3493e466d36e66816,0,responsibility_alpha1_canonical,canonical,responsibility_row,1.0,32,48,15fbd2e53c7ff63dc66bd2e368ce9b888cc021a11721f6950a80945d29266bb1,1502d4306979a3e606c824b43b6d250f355eceaf3856c561ab4c2c2bd8bbe372,29.48365,6.556510925292969e-07,"[26,27,21,30,2,13,24,5]",7bce4f153dc4843086c22bdd816504c54300fd2a54d68d8aa95ae29b720d47a6,8,0,1.0,1.0,1.0,True,0.008122965999064036,True,1.9073486328125e-06,5.587935447692871e-09,1.100198687709053e-06,7.450580596923828e-09,1.1400653647797299e-06,True,3.725290298461914e-09,True,5.587935447692871e-09,27.542543411254883,0.9931526184082031,30.49750518798828,0.9954032897949219,29.115765822561162,32.08811950683594,0.9982917308807373,31.01213587173308,0.0027980640006717294,0.2499837875366211,1.2469098567962646,1.2578308867960004,40,40,40,True,0.010921029999735765
diagonal_step,2f60a9cc0420b931d5936b18d14d40d44b1ef9d726adabb3493e466d36e66816,0,responsibility_alpha1_gauge_row,gauge,responsibility_row,1.0,32,48,15fbd2e53c7ff63dc66bd2e368ce9b888cc021a11721f6950a80945d29266bb1,1502d4306979a3e606c824b43b6d250f355eceaf3856c561ab4c2c2bd8bbe372,29.48365,6.556510925292969e-07,"[26,26,27,21,30,30,2,2]",81ccfb61bb2b0782af91e1d3701d89fd53bf767fdd98d32f3ce0af9958a81964,5,3,0.125,0.45454545454545453,0.625,False,0.012476834999688435,True,1.9073486328125e-06,5.587935447692871e-09,1.100198687709053e-06,7.450580596923828e-09,1.1400653647797299e-06,True,3.725290298461914e-09,True,5.587935447692871e-09,27.23677635192871,0.9928885698318481,30.46381378173828,0.9951692819595337,28.857378909462376,32.081661224365234,0.998247504234314,30.932817873328624,0.0028052039997419342,0.2552144527435303,1.2893269062042236,1.304608945203654,40,40,40,True,0.01528203899943037
diagonal_step,2f60a9cc0420b931d5936b18d14d40d44b1ef9d726adabb3493e466d36e66816,0,quotient_alpha1_canonical,canonical,quotient_responsibility,1.0,32,48,15fbd2e53c7ff63dc66bd2e368ce9b888cc021a11721f6950a80945d29266bb1,1502d4306979a3e606c824b43b6d250f355eceaf3856c561ab4c2c2bd8bbe372,29.48365,6.556510925292969e-07,"[26,27,21,30,2,13,24,5]",7bce4f153dc4843086c22bdd816504c54300fd2a54d68d8aa95ae29b720d47a6,8,0,1.0,1.0,1.0,True,0.008628632996988017,True,1.9073486328125e-06,5.587935447692871e-09,1.100198687709053e-06,7.450580596923828e-09,1.1400653647797299e-06,True,3.725290298461914e-09,True,5.587935447692871e-09,27.542543411254883,0.9931526184082031,30.49750518798828,0.9954032897949219,29.115765822561162,32.08811950683594,0.9982917308807373,31.01213587173308,0.0027980640006717294,0.2499837875366211,1.2469098567962646,1.2583365537939244,40,40,40,True,0.011426696997659747
diagonal_step,2f60a9cc0420b931d5936b18d14d40d44b1ef9d726adabb3493e466d36e66816,0,quotient_alpha1_gauge,gauge,quotient_responsibility,1.0,32,48,15fbd2e53c7ff63dc66bd2e368ce9b888cc021a11721f6950a80945d29266bb1,1502d4306979a3e606c824b43b6d250f355eceaf3856c561ab4c2c2bd8bbe372,29.48365,6.556510925292969e-07,"[26,27,21,30,2,13,24,5]",7bce4f153dc4843086c22bdd816504c54300fd2a54d68d8aa95ae29b720d47a6,8,0,1.0,1.0,1.0,True,0.01470448900363408,True,1.9073486328125e-06,5.587935447692871e-09,1.100198687709053e-06,7.450580596923828e-09,1.1400653647797299e-06,True,3.725290298461914e-09,True,5.587935447692871e-09,27.542543411254883,0.9931526184082031,30.49750518798828,0.9954032897949219,29.115765822561162,32.08811950683594,0.9982917308807373,31.01213587173308,0.0027980640006717294,0.2499837875366211,1.2469098567962646,1.2644124098005705,40,40,40,True,0.01750255300430581
diagonal_step,2f60a9cc0420b931d5936b18d14d40d44b1ef9d726adabb3493e466d36e66816,1,support_canonical,canonical,support_row,,32,48,26b191dc406b132644226f90dbc6fe6b9f4feb3282b537370e7c83602058ee44,d02f555d50e8a8c5af9a828265a7d867a487804ba367e3c743be4cc73f7a9535,28.723663,8.344650268554688e-07,"[26,28,23,3,19,5,22,7]",12a035ebb1586a83366122f61413bed24d3df30183b20813ca381ddfff8c8e7b,8,0,1.0,1.0,1.0,True,0.0031909169993014075,True,2.384185791015625e-06,3.725290298461914e-09,4.7179938178487646e-07,7.450580596923828e-09,5.03724152167706e-07,True,7.450580596923828e-09,True,3.725290298461914e-09,27.255958557128906,0.993377685546875,30.394336700439453,0.9968641996383667,29.13729436774003,31.796085357666016,0.9979137778282166,30.896584019516453,0.002696913004911039,0.227034330368042,1.1919050216674805,1.197792851671693,40,40,40,True,0.0058878300042124465
diagonal_step,2f60a9cc0420b931d5936b18d14d40d44b1ef9d726adabb3493e466d36e66816,1,support_gauge_row,gauge,support_row,,32,48,26b191dc406b132644226f90dbc6fe6b9f4feb3282b537370e7c83602058ee44,d02f555d50e8a8c5af9a828265a7d867a487804ba367e3c743be4cc73f7a9535,28.723663,8.344650268554688e-07,"[26,26,28,28,23,3,19,5]",b8aefe763853808e23850f9c6d1820d6d8f52755ff1100f818327d5e8434a316,6,2,0.125,0.6,0.75,False,0.005010218003008049,True,2.384185791015625e-06,3.725290298461914e-09,4.7179938178487646e-07,7.450580596923828e-09,5.03724152167706e-07,True,7.450580596923828e-09,True,3.725290298461914e-09,26.905517578125,0.9928725361824036,30.378034591674805,0.9963217377662659,28.908303110223066,31.758020401000977,0.9974938035011292,30.897617224491004,0.002682138998352457,0.22838068008422852,1.1642842292785645,1.171976586279925,40,40,40,True,0.007692357001360506
diagonal_step,2f60a9cc0420b931d5936b18d14d40d44b1ef9d726adabb3493e466d36e66816,1,responsibility_alpha0.7_canonical,canonical,responsibility_row,0.7,32,48,26b191dc406b132644226f90dbc6fe6b9f4feb3282b537370e7c83602058ee44,d02f555d50e8a8c5af9a828265a7d867a487804ba367e3c743be4cc73f7a9535,28.723663,8.344650268554688e-07,"[26,28,23,3,19,5,22,7]",12a035ebb1586a83366122f61413bed24d3df30183b20813ca381ddfff8c8e7b,8,0,1.0,1.0,1.0,True,0.006670283000858035,True,2.384185791015625e-06,3.725290298461914e-09,4.7179938178487646e-07,7.450580596923828e-09,5.03724152167706e-07,True,7.450580596923828e-09,True,3.725290298461914e-09,27.255958557128906,0.993377685546875,30.394336700439453,0.9968641996383667,29.13729436774003,31.796085357666016,0.9979137778282166,30.896584019516453,0.002696913004911039,0.227034330368042,1.1919050216674805,1.2012722176732495,40,40,40,True,0.009367196005769074
diagonal_step,2f60a9cc0420b931d5936b18d14d40d44b1ef9d726adabb3493e466d36e66816,1,responsibility_alpha0.7_gauge_row,gauge,responsibility_row,0.7,32,48,26b191dc406b132644226f90dbc6fe6b9f4feb3282b537370e7c83602058ee44,d02f555d50e8a8c5af9a828265a7d867a487804ba367e3c743be4cc73f7a9535,28.723663,8.344650268554688e-07,"[26,26,23,3,28,28,19,5]",70c4dc5c4e93eb247f883b55820e53daca4cc7dc7a540d8e2d0b13842e6e0dc2,6,2,0.375,0.6,0.75,False,0.010479157004738227,True,2.384185791015625e-06,3.725290298461914e-09,4.7179938178487646e-07,7.450580596923828e-09,5.03724152167706e-07,True,7.450580596923828e-09,True,3.725290298461914e-09,26.905517578125,0.9928725361824036,30.378015518188477,0.9963222146034241,28.908304063897383,31.850387573242188,0.9979493618011475,30.900631721573646,0.0026679709990276024,0.22463464736938477,1.198155403137207,1.2113025311409729,40,40,40,True,0.013147128003765829
diagonal_step,2f60a9cc0420b931d5936b18d14d40d44b1ef9d726adabb3493e466d36e66816,1,responsibility_alpha1_canonical,canonical,responsibility_row,1.0,32,48,26b191dc406b132644226f90dbc6fe6b9f4feb3282b537370e7c83602058ee44,d02f555d50e8a8c5af9a828265a7d867a487804ba367e3c743be4cc73f7a9535,28.723663,8.344650268554688e-07,"[26,28,3,23,19,5,22,7]",eb8e3ec37484b96f66766aa16f116c2920bc1afc1a4f05c9ed5ce287df202474,8,0,1.0,1.0,1.0,True,0.006139014003565535,True,2.384185791015625e-06,3.725290298461914e-09,4.7179938178487646e-07,7.450580596923828e-09,5.03724152167706e-07,True,7.450580596923828e-09,True,3.725290298461914e-09,27.255958557128906,0.993377685546875,30.39455223083496,0.9968639016151428,29.137290051108913,31.766109466552734,0.9976479411125183,30.90292278443924,0.002627265996125061,0.2251749038696289,1.1583130359649658,1.1670793159646564,40,40,40,True,0.008766279999690596
diagonal_step,2f60a9cc0420b931d5936b18d14d40d44b1ef9d726adabb3493e466d36e66816,1,responsibility_alpha1_gauge_row,gauge,responsibility_row,1.0,32,48,26b191dc406b132644226f90dbc6fe6b9f4feb3282b537370e7c83602058ee44,d02f555d50e8a8c5af9a828265a7d867a487804ba367e3c743be4cc73f7a9535,28.723663,8.344650268554688e-07,"[26,26,28,28,3,23,19,5]",31825472b3e5cad865d03ad9103e6260186e0d12b08ba811e4c8de0992977e4b,6,2,0.125,0.6,0.75,False,0.010225379999610595,True,2.384185791015625e-06,3.725290298461914e-09,4.7179938178487646e-07,7.450580596923828e-09,5.03724152167706e-07,True,7.450580596923828e-09,True,3.725290298461914e-09,26.905517578125,0.9928725361824036,30.377113342285156,0.9963203072547913,28.90806178042763,31.7958927154541,0.9979492425918579,30.901362891149038,0.0029702560059376992,0.22786259651184082,1.1900091171264648,1.2032047531320131,40,40,40,True,0.013195636005548295
diagonal_step,2f60a9cc0420b931d5936b18d14d40d44b1ef9d726adabb3493e466d36e66816,1,quotient_alpha1_canonical,canonical,quotient_responsibility,1.0,32,48,26b191dc406b132644226f90dbc6fe6b9f4feb3282b537370e7c83602058ee44,d02f555d50e8a8c5af9a828265a7d867a487804ba367e3c743be4cc73f7a9535,28.723663,8.344650268554688e-07,"[26,28,3,23,19,5,22,7]",eb8e3ec37484b96f66766aa16f116c2920bc1afc1a4f05c9ed5ce287df202474,8,0,1.0,1.0,1.0,True,0.006656782003119588,True,2.384185791015625e-06,3.725290298461914e-09,4.7179938178487646e-07,7.450580596923828e-09,5.03724152167706e-07,True,7.450580596923828e-09,True,3.725290298461914e-09,27.255958557128906,0.993377685546875,30.39455223083496,0.9968639016151428,29.137290051108913,31.766109466552734,0.9976479411125183,30.90292278443924,0.002627265996125061,0.2251749038696289,1.1583130359649658,1.1675970839642105,40,40,40,True,0.009284047999244649
diagonal_step,2f60a9cc0420b931d5936b18d14d40d44b1ef9d726adabb3493e466d36e66816,1,quotient_alpha1_gauge,gauge,quotient_responsibility,1.0,32,48,26b191dc406b132644226f90dbc6fe6b9f4feb3282b537370e7c83602058ee44,d02f555d50e8a8c5af9a828265a7d867a487804ba367e3c743be4cc73f7a9535,28.723663,8.344650268554688e-07,"[26,28,3,23,19,5,22,7]",eb8e3ec37484b96f66766aa16f116c2920bc1afc1a4f05c9ed5ce287df202474,8,0,1.0,1.0,1.0,True,0.01221107099991059,True,2.384185791015625e-06,3.725290298461914e-09,4.7179938178487646e-07,7.450580596923828e-09,5.03724152167706e-07,True,7.450580596923828e-09,True,3.725290298461914e-09,27.255958557128906,0.993377685546875,30.39455223083496,0.9968639016151428,29.137290051108913,31.766109466552734,0.9976479411125183,30.90292278443924,0.002627265996125061,0.2251749038696289,1.1583130359649658,1.1731513729610015,40,40,40,True,0.01483833699603565
corner,5a0a25f86faa2713b9f90ad376a4ad91e11aeacd641186a5568eae5a597cc97d,0,support_canonical,canonical,support_row,,32,48,319f7900421e7e6fa50aed0ce9766f0a91c1905c182a415b5a746691f9a14954,42f8bc781f7c13306e548c413f2becb7b7d131b38262ce08de3ea43b33b621be,24.795883,5.364418029785156e-07,"[11,5,17,19,0,2,12,1]",a79c4633ccd7aacd72e0ad89afd772599a1ca8744b0247a77290486686d9c42d,8,0,1.0,1.0,1.0,True,0.0016866070000105537,True,1.6689300537109375e-06,2.7939677238464355e-09,4.685915655500139e-07,7.450580596923828e-09,4.5523228209276567e-07,True,5.587935447692871e-09,True,2.7939677238464355e-09,24.266035079956055,0.9507424235343933,27.442485809326172,0.9800264835357666,25.843707185042533,37.31066131591797,0.9976876378059387,31.01492460809573,0.0029842129952157848,0.12156510353088379,0.5558185577392578,0.5604893777344842,40,40,40,True,0.0046708199952263385
corner,5a0a25f86faa2713b9f90ad376a4ad91e11aeacd641186a5568eae5a597cc97d,0,support_gauge_row,gauge,support_row,,32,48,319f7900421e7e6fa50aed0ce9766f0a91c1905c182a415b5a746691f9a14954,42f8bc781f7c13306e548c413f2becb7b7d131b38262ce08de3ea43b33b621be,24.795883,5.364418029785156e-07,"[11,5,17,19,0,0,2,2]",1e6aac42e462a30fa57d18d08adbe75ebbf6725de40b6abd5ba316b88b24d2d2,6,2,0.625,0.6,0.75,False,0.001872328997706063,True,1.6689300537109375e-06,2.7939677238464355e-09,4.685915655500139e-07,7.450580596923828e-09,4.5523228209276567e-07,True,5.587935447692871e-09,True,2.7939677238464355e-09,24.14248275756836,0.9489434957504272,27.671672821044922,0.9816547632217407,25.979641312047054,36.26674270629883,0.9972085356712341,31.20366185120862,0.0026674550026655197,0.11611104011535645,0.5248539447784424,0.529393728778814,40,40,40,True,0.004539784000371583
corner,5a0a25f86faa2713b9f90ad376a4ad91e11aeacd641186a5568eae5a597cc97d,0,responsibility_alpha0.7_canonical,canonical,responsibility_row,0.7,32,48,319f7900421e7e6fa50aed0ce9766f0a91c1905c182a415b5a746691f9a14954,42f8bc781f7c13306e548c413f2becb7b7d131b38262ce08de3ea43b33b621be,24.795883,5.364418029785156e-07,"[17,1,0,5,11,7,10,23]",e4d873c6d0b1d61a1ffa9c56c7634eb8ff68cadcea79d9db8fdad7410e1879e2,8,0,1.0,1.0,1.0,True,0.0025062190034077503,True,1.6689300537109375e-06,2.7939677238464355e-09,4.685915655500139e-07,7.450580596923828e-09,4.5523228209276567e-07,True,5.587935447692871e-09,True,2.7939677238464355e-09,24.029937744140625,0.949359118938446,27.458969116210938,0.9799734950065613,25.804522062602796,38.407073974609375,0.9977079033851624,32.347555796305336,0.0029109039969625883,0.11679673194885254,0.5680842399597168,0.5735013629600871,40,40,40,True,0.0054171230003703386
corner,5a0a25f86faa2713b9f90ad376a4ad91e11aeacd641186a5568eae5a597cc97d,0,responsibility_alpha0.7_gauge_row,gauge,responsibility_row,0.7,32,48,319f7900421e7e6fa50aed0ce9766f0a91c1905c182a415b5a746691f9a14954,42f8bc781f7c13306e548c413f2becb7b7d131b38262ce08de3ea43b33b621be,24.795883,5.364418029785156e-07,"[17,1,5,0,0,11,7,23]",4b394a13a94308b3a6301c6c87e22f899292c00bd2e367e9361b75d3ea6000bd,7,1,0.375,0.7777777777777778,0.875,False,0.0038258499989751726,True,1.6689300537109375e-06,2.7939677238464355e-09,4.685915655500139e-07,7.450580596923828e-09,4.5523228209276567e-07,True,5.587935447692871e-09,True,2.7939677238464355e-09,23.856903076171875,0.9470404386520386,27.414039611816406,0.9795915484428406,25.69733092659398,36.94208526611328,0.9970506429672241,31.94165977323898,0.002754378001554869,0.11632466316223145,0.5681579113006592,0.5747381393011892,40,40,40,True,0.006580228000530042
corner,5a0a25f86faa2713b9f90ad376a4ad91e11aeacd641186a5568eae5a597cc97d,0,responsibility_alpha1_canonical,canonical,responsibility_row,1.0,32,48,319f7900421e7e6fa50aed0ce9766f0a91c1905c182a415b5a746691f9a14954,42f8bc781f7c13306e548c413f2becb7b7d131b38262ce08de3ea43b33b621be,24.795883,5.364418029785156e-07,"[17,5,19,11,0,12,31,23]",0a3ba81d463090f87853515a677a109ea40db689d2cf533b7d428590ca7b4fe4,8,0,1.0,1.0,1.0,True,0.0029970890027470887,True,1.6689300537109375e-06,2.7939677238464355e-09,4.685915655500139e-07,7.450580596923828e-09,4.5523228209276567e-07,True,5.587935447692871e-09,True,2.7939677238464355e-09,24.344741821289062,0.9514392614364624,27.72701644897461,0.9822567105293274,26.08427449276573,38.590980529785156,0.9982770681381226,32.571183098687065,0.0027320669978507794,0.11109614372253418,0.5139451026916504,0.5196742586922483,40,40,40,True,0.005729156000597868
corner,5a0a25f86faa2713b9f90ad376a4ad91e11aeacd641186a5568eae5a597cc97d,0,responsibility_alpha1_gauge_row,gauge,responsibility_row,1.0,32,48,319f7900421e7e6fa50aed0ce9766f0a91c1905c182a415b5a746691f9a14954,42f8bc781f7c13306e548c413f2becb7b7d131b38262ce08de3ea43b33b621be,24.795883,5.364418029785156e-07,"[17,5,19,11,0,0,12,12]",125f17cf3eb6a3005096c26ba46e00ed45906867a0e52fa024b641fb11dbbecd,6,2,0.625,0.6,0.75,False,0.0036947629996575415,True,1.6689300537109375e-06,2.7939677238464355e-09,4.685915655500139e-07,7.450580596923828e-09,4.5523228209276567e-07,True,5.587935447692871e-09,True,2.7939677238464355e-09,24.099666595458984,0.9487452507019043,27.557470321655273,0.9806995391845703,25.920032752187627,37.306312561035156,0.9975378513336182,31.545122994316948,0.002772874002403114,0.11744904518127441,0.5445690155029297,0.5510366525049903,40,40,40,True,0.0064676370020606555
corner,5a0a25f86faa2713b9f90ad376a4ad91e11aeacd641186a5568eae5a597cc97d,0,quotient_alpha1_canonical,canonical,quotient_responsibility,1.0,32,48,319f7900421e7e6fa50aed0ce9766f0a91c1905c182a415b5a746691f9a14954,42f8bc781f7c13306e548c413f2becb7b7d131b38262ce08de3ea43b33b621be,24.795883,5.364418029785156e-07,"[17,5,19,11,0,12,31,23]",0a3ba81d463090f87853515a677a109ea40db689d2cf533b7d428590ca7b4fe4,8,0,1.0,1.0,1.0,True,0.0028719260008074343,True,1.6689300537109375e-06,2.7939677238464355e-09,4.685915655500139e-07,7.450580596923828e-09,4.5523228209276567e-07,True,5.587935447692871e-09,True,2.7939677238464355e-09,24.344741821289062,0.9514392614364624,27.72701644897461,0.9822567105293274,26.08427449276573,38.590980529785156,0.9982770681381226,32.571183098687065,0.0027320669978507794,0.11109614372253418,0.5139451026916504,0.5195490956903086,40,40,40,True,0.005603992998658214
corner,5a0a25f86faa2713b9f90ad376a4ad91e11aeacd641186a5568eae5a597cc97d,0,quotient_alpha1_gauge,gauge,quotient_responsibility,1.0,32,48,319f7900421e7e6fa50aed0ce9766f0a91c1905c182a415b5a746691f9a14954,42f8bc781f7c13306e548c413f2becb7b7d131b38262ce08de3ea43b33b621be,24.795883,5.364418029785156e-07,"[17,5,19,11,0,12,31,23]",0a3ba81d463090f87853515a677a109ea40db689d2cf533b7d428590ca7b4fe4,8,0,1.0,1.0,1.0,True,0.004860649001784623,True,1.6689300537109375e-06,2.7939677238464355e-09,4.685915655500139e-07,7.450580596923828e-09,4.5523228209276567e-07,True,5.587935447692871e-09,True,2.7939677238464355e-09,24.344741821289062,0.9514392614364624,27.72701644897461,0.9822567105293274,26.08427449276573,38.590980529785156,0.9982770681381226,32.571183098687065,0.0027320669978507794,0.11109614372253418,0.5139451026916504,0.5215378186912858,40,40,40,True,0.007592715999635402
corner,5a0a25f86faa2713b9f90ad376a4ad91e11aeacd641186a5568eae5a597cc97d,1,support_canonical,canonical,support_row,,32,48,7a6d4168c2e0ce23fa04eaf6976fa572f7d5edef3254b6a7dee2cc0996cb5f98,a5fb9da90236c472c5c33b71814d3b82a1c381fd3f0d33bd0f5fa9014251f6ab,24.503128,5.364418029785156e-07,"[11,2,17,19,29,30,21,5]",08b31bf08b78d2662b97e022e463535ee324650c327f8ff7340fdd15947ef415,8,0,1.0,1.0,1.0,True,0.0016402039982494898,True,1.9073486328125e-06,5.587935447692871e-09,5.056264740233019e-07,9.313225746154785e-09,5.607439561572392e-07,True,9.313225746154785e-09,True,5.587935447692871e-09,23.690322875976562,0.9489843249320984,27.168214797973633,0.980817437171936,25.572853289152448,35.130924224853516,0.9973560571670532,30.459455644241487,0.0026959000024362467,0.13123178482055664,0.5805249214172363,0.5848610254179221,40,40,40,True,0.0043361040006857365
corner,5a0a25f86faa2713b9f90ad376a4ad91e11aeacd641186a5568eae5a597cc97d,1,support_gauge_row,gauge,support_row,,32,48,7a6d4168c2e0ce23fa04eaf6976fa572f7d5edef3254b6a7dee2cc0996cb5f98,a5fb9da90236c472c5c33b71814d3b82a1c381fd3f0d33bd0f5fa9014251f6ab,24.503128,5.364418029785156e-07,"[11,2,2,17,19,29,30,30]",9202d51bdb08bd7214466f9e5c6d13dcaadf364449321ca2e676747f2188a019,6,2,0.25,0.6,0.75,False,0.002212793995568063,True,1.9073486328125e-06,5.587935447692871e-09,5.056264740233019e-07,9.313225746154785e-09,5.607439561572392e-07,True,9.313225746154785e-09,True,5.587935447692871e-09,23.65300941467285,0.9484801292419434,26.80006217956543,0.9788255095481873,25.403549846849945,35.154537200927734,0.9970307350158691,30.32962027463046,0.0026968930033035576,0.121795654296875,0.5848231315612793,0.5897328185601509,40,40,40,True,0.004909686998871621
corner,5a0a25f86faa2713b9f90ad376a4ad91e11aeacd641186a5568eae5a597cc97d,1,responsibility_alpha0.7_canonical,canonical,responsibility_row,0.7,32,48,7a6d4168c2e0ce23fa04eaf6976fa572f7d5edef3254b6a7dee2cc0996cb5f98,a5fb9da90236c472c5c33b71814d3b82a1c381fd3f0d33bd0f5fa9014251f6ab,24.503128,5.364418029785156e-07,"[17,30,29,24,11,6,2,10]",fb618001e0d0c7a4f34ea6304cf0dfe46d22b395a608ab3558d32e5008d2da3d,8,0,1.0,1.0,1.0,True,0.0030840159961371683,True,1.9073486328125e-06,5.587935447692871e-09,5.056264740233019e-07,9.313225746154785e-09,5.607439561572392e-07,True,9.313225746154785e-09,True,5.587935447692871e-09,23.683298110961914,0.9493590593338013,27.0589599609375,0.9808050394058228,25.557830408999795,34.4939079284668,0.9959561824798584,30.41732656112825,0.0026759719985420816,0.1266169548034668,0.5996325016021729,0.6053924895968521,40,40,40,True,0.00575998799467925
corner,5a0a25f86faa2713b9f90ad376a4ad91e11aeacd641186a5568eae5a597cc97d,1,responsibility_alpha0.7_gauge_row,gauge,responsibility_row,0.7,32,48,7a6d4168c2e0ce23fa04eaf6976fa572f7d5edef3254b6a7dee2cc0996cb5f98,a5fb9da90236c472c5c33b71814d3b82a1c381fd3f0d33bd0f5fa9014251f6ab,24.503128,5.364418029785156e-07,"[17,30,30,29,11,24,24,5]",f88427d4231f3775f7de880e6636a299ab9e2cd7047a74fa3b88cee821f8f244,6,2,0.375,0.45454545454545453,0.5555555555555556,False,0.004407485997944605,True,1.9073486328125e-06,5.587935447692871e-09,5.056264740233019e-07,9.313225746154785e-09,5.607439561572392e-07,True,9.313225746154785e-09,True,5.587935447692871e-09,23.350027084350586,0.9466856122016907,26.797876358032227,0.9793059825897217,25.37776942002146,35.59033203125,0.9970994591712952,30.548912809352682,0.002669474000867922,0.12287330627441406,0.5950076580047607,0.6020846180035733,40,40,40,True,0.0070769599988125265
corner,5a0a25f86faa2713b9f90ad376a4ad91e11aeacd641186a5568eae5a597cc97d,1,responsibility_alpha1_canonical,canonical,responsibility_row,1.0,32,48,7a6d4168c2e0ce23fa04eaf6976fa572f7d5edef3254b6a7dee2cc0996cb5f98,a5fb9da90236c472c5c33b71814d3b82a1c381fd3f0d33bd0f5fa9014251f6ab,24.503128,5.364418029785156e-07,"[17,19,2,11,29,30,24,21]",5767e17494a94f94f95b3de0336b4b6d091c674b8a1dcf0b0cb322343e576d2b,8,0,1.0,1.0,1.0,True,0.0028445520001696423,True,1.9073486328125e-06,5.587935447692871e-09,5.056264740233019e-07,9.313225746154785e-09,5.607439561572392e-07,True,9.313225746154785e-09,True,5.587935447692871e-09,23.625595092773438,0.9496785402297974,26.988361358642578,0.9797223210334778,25.42374907041851,34.04294204711914,0.9964583516120911,30.009159165199357,0.002691091998713091,0.12327122688293457,0.5997817516326904,0.6053173956315732,40,40,40,True,0.005535643998882733
corner,5a0a25f86faa2713b9f90ad376a4ad91e11aeacd641186a5568eae5a597cc97d,1,responsibility_alpha1_gauge_row,gauge,responsibility_row,1.0,32,48,7a6d4168c2e0ce23fa04eaf6976fa572f7d5edef3254b6a7dee2cc0996cb5f98,a5fb9da90236c472c5c33b71814d3b82a1c381fd3f0d33bd0f5fa9014251f6ab,24.503128,5.364418029785156e-07,"[17,19,2,2,11,29,30,30]",c558ef3f255570028a670a0e7e03bb5dea55e2381aa54175cd001d29e94b0b10,6,2,0.375,0.6,0.75,False,0.003978465996624436,True,1.9073486328125e-06,5.587935447692871e-09,5.056264740233019e-07,9.313225746154785e-09,5.607439561572392e-07,True,9.313225746154785e-09,True,5.587935447692871e-09,23.65300941467285,0.9484801292419434,26.799835205078125,0.978823184967041,25.403547286987305,35.130123138427734,0.9969688653945923,30.32191316045896,0.002728615996602457,0.12433791160583496,0.5887351036071777,0.5954421856004046,40,40,40,True,0.006707081993226893
corner,5a0a25f86faa2713b9f90ad376a4ad91e11aeacd641186a5568eae5a597cc97d,1,quotient_alpha1_canonical,canonical,quotient_responsibility,1.0,32,48,7a6d4168c2e0ce23fa04eaf6976fa572f7d5edef3254b6a7dee2cc0996cb5f98,a5fb9da90236c472c5c33b71814d3b82a1c381fd3f0d33bd0f5fa9014251f6ab,24.503128,5.364418029785156e-07,"[17,19,2,11,29,30,24,21]",5767e17494a94f94f95b3de0336b4b6d091c674b8a1dcf0b0cb322343e576d2b,8,0,1.0,1.0,1.0,True,0.0034878779988503084,True,1.9073486328125e-06,5.587935447692871e-09,5.056264740233019e-07,9.313225746154785e-09,5.607439561572392e-07,True,9.313225746154785e-09,True,5.587935447692871e-09,23.625595092773438,0.9496785402297974,26.988361358642578,0.9797223210334778,25.42374907041851,34.04294204711914,0.9964583516120911,30.009159165199357,0.002691091998713091,0.12327122688293457,0.5997817516326904,0.6059607216302538,40,40,40,True,0.006178969997563399
corner,5a0a25f86faa2713b9f90ad376a4ad91e11aeacd641186a5568eae5a597cc97d,1,quotient_alpha1_gauge,gauge,quotient_responsibility,1.0,32,48,7a6d4168c2e0ce23fa04eaf6976fa572f7d5edef3254b6a7dee2cc0996cb5f98,a5fb9da90236c472c5c33b71814d3b82a1c381fd3f0d33bd0f5fa9014251f6ab,24.503128,5.364418029785156e-07,"[17,19,2,11,29,30,24,21]",5767e17494a94f94f95b3de0336b4b6d091c674b8a1dcf0b0cb322343e576d2b,8,0,1.0,1.0,1.0,True,0.005964903000858612,True,1.9073486328125e-06,5.587935447692871e-09,5.056264740233019e-07,9.313225746154785e-09,5.607439561572392e-07,True,9.313225746154785e-09,True,5.587935447692871e-09,23.625595092773438,0.9496785402297974,26.988361358642578,0.9797223210334778,25.42374907041851,34.04294204711914,0.9964583516120911,30.009159165199357,0.002691091998713091,0.12327122688293457,0.5997817516326904,0.6084377466322621,40,40,40,True,0.008655994999571703
disk,91a678b9b6bcebdf9ba7c6cdcc5a955cda04c2bf32e67aa73d59f0b123a19536,0,support_canonical,canonical,support_row,,32,48,9a6c852965e04a901db115a5ea1bedb9b40fafcd8b3a1f47e309c488dd898570,882f65d79785965843ffef8b741a456e3fc169984d496feb7f4013fd39ef965c,23.043615,4.76837158203125e-07,"[22,19,4,25,17,2,6,28]",fa2c4618f8c3d3f9c867ee055e963f9f1b5d4f97df7eeaa9e8c18a84b1b4552e,8,0,1.0,1.0,1.0,True,0.002121361998433713,True,1.430511474609375e-06,7.450580596923828e-09,4.069430872277735e-07,1.4901161193847656e-08,4.0384978206020605e-07,True,1.4901161193847656e-08,True,7.450580596923828e-09,22.561635971069336,0.9535843729972839,26.120315551757812,0.9863159656524658,24.38557629836233,39.0679817199707,0.999376118183136,30.314374625080763,0.0027340810047462583,0.1334226131439209,0.6166269779205322,0.6214824209237122,40,40,40,True,0.004855443003179971
disk,91a678b9b6bcebdf9ba7c6cdcc5a955cda04c2bf32e67aa73d59f0b123a19536,0,support_gauge_row,gauge,support_row,,32,48,9a6c852965e04a901db115a5ea1bedb9b40fafcd8b3a1f47e309c488dd898570,882f65d79785965843ffef8b741a456e3fc169984d496feb7f4013fd39ef965c,23.043615,4.76837158203125e-07,"[22,22,19,4,4,25,17,2]",1f396e893d4c02e0645f96f3bd69f0e98fd4760ec014d1a40784523eef1b4416,6,2,0.125,0.6,0.75,False,0.002681782003492117,True,1.430511474609375e-06,7.450580596923828e-09,4.069430872277735e-07,1.4901161193847656e-08,4.0384978206020605e-07,True,1.4901161193847656e-08,True,7.450580596923828e-09,22.6455020904541,0.954516589641571,26.360034942626953,0.9877045154571533,24.48211293471487,38.6361083984375,0.9993058443069458,30.908729427992697,0.0027607390002231114,0.13227128982543945,0.6122498512268066,0.6176923722305219,40,40,40,True,0.005442521003715228
disk,91a678b9b6bcebdf9ba7c6cdcc5a955cda04c2bf32e67aa73d59f0b123a19536,0,responsibility_alpha0.7_canonical,canonical,responsibility_row,0.7,32,48,9a6c852965e04a901db115a5ea1bedb9b40fafcd8b3a1f47e309c488dd898570,882f65d79785965843ffef8b741a456e3fc169984d496feb7f4013fd39ef965c,23.043615,4.76837158203125e-07,"[22,4,19,17,2,29,25,28]",df5b3e03cb874139c7524ecbe1901bb993e4d1ff403ac73d8cda33c70a4dceb5,8,0,1.0,1.0,1.0,True,0.0037630070000886917,True,1.430511474609375e-06,7.450580596923828e-09,4.069430872277735e-07,1.4901161193847656e-08,4.0384978206020605e-07,True,1.4901161193847656e-08,True,7.450580596923828e-09,22.58529281616211,0.9538462162017822,25.828649520874023,0.9841475486755371,24.260811554758174,34.51810836791992,0.9987615346908569,29.163096861405805,0.0029124979992047884,0.13286566734313965,0.6282486915588379,0.6349241965581314,40,40,40,True,0.00667550499929348
disk,91a678b9b6bcebdf9ba7c6cdcc5a955cda04c2bf32e67aa73d59f0b123a19536,0,responsibility_alpha0.7_gauge_row,gauge,responsibility_row,0.7,32,48,9a6c852965e04a901db115a5ea1bedb9b40fafcd8b3a1f47e309c488dd898570,882f65d79785965843ffef8b741a456e3fc169984d496feb7f4013fd39ef965c,23.043615,4.76837158203125e-07,"[22,22,19,17,29,25,4,4]",8d2cb09d5ff52c36982cffc98978f9d6ea1dd43f20ef5f72b4ee4ac286dafd26,6,2,0.375,0.6,0.75,False,0.005675986998539884,True,1.430511474609375e-06,7.450580596923828e-09,4.069430872277735e-07,1.4901161193847656e-08,4.0384978206020605e-07,True,1.4901161193847656e-08,True,7.450580596923828e-09,22.765247344970703,0.9559305906295776,26.241897583007812,0.9867957234382629,24.446975406847503,37.087562561035156,0.9990239143371582,30.856639091414635,0.002662642000359483,0.13124608993530273,0.6055948734283447,0.6139335024272441,40,40,40,True,0.008338628998899367
disk,91a678b9b6bcebdf9ba7c6cdcc5a955cda04c2bf32e67aa73d59f0b123a19536,0,responsibility_alpha1_canonical,canonical,responsibility_row,1.0,32,48,9a6c852965e04a901db115a5ea1bedb9b40fafcd8b3a1f47e309c488dd898570,882f65d79785965843ffef8b741a456e3fc169984d496feb7f4013fd39ef965c,23.043615,4.76837158203125e-07,"[22,19,4,25,17,28,6,2]",1ced9d5c4ae491ab9c3e2ca7154641e91816520f26f49bdb70b383470e1c3975,8,0,1.0,1.0,1.0,True,0.0038470130020868964,True,1.430511474609375e-06,7.450580596923828e-09,4.069430872277735e-07,1.4901161193847656e-08,4.0384978206020605e-07,True,1.4901161193847656e-08,True,7.450580596923828e-09,22.561635971069336,0.9535843729972839,26.120403289794922,0.9863185286521912,24.385565556977923,38.93769073486328,0.9992392063140869,30.31862541160198,0.002718577001360245,0.13781428337097168,0.623192310333252,0.6297579003366991,40,40,40,True,0.0065655900034471415
disk,91a678b9b6bcebdf9ba7c6cdcc5a955cda04c2bf32e67aa73d59f0b123a19536,0,responsibility_alpha1_gauge_row,gauge,responsibility_row,1.0,32,48,9a6c852965e04a901db115a5ea1bedb9b40fafcd8b3a1f47e309c488dd898570,882f65d79785965843ffef8b741a456e3fc169984d496feb7f4013fd39ef965c,23.043615,4.76837158203125e-07,"[22,22,19,4,4,25,17,28]",96789d1bb5924a041f3a145433dd4d459fd11bb231e726812a064ca4d17fad46,6,2,0.125,0.6,0.75,False,0.006103727995650843,True,1.430511474609375e-06,7.450580596923828e-09,4.069430872277735e-07,1.4901161193847656e-08,4.0384978206020605e-07,True,1.4901161193847656e-08,True,7.450580596923828e-09,22.696163177490234,0.9548366069793701,26.001079559326172,0.9854053854942322,24.352198550575658,36.89641571044922,0.9990797638893127,29.98559466275302,0.0026857389966608025,0.12939929962158203,0.6036586761474609,0.6124481431397726,40,40,40,True,0.008789466992311645
disk,91a678b9b6bcebdf9ba7c6cdcc5a955cda04c2bf32e67aa73d59f0b123a19536,0,quotient_alpha1_canonical,canonical,quotient_responsibility,1.0,32,48,9a6c852965e04a901db115a5ea1bedb9b40fafcd8b3a1f47e309c488dd898570,882f65d79785965843ffef8b741a456e3fc169984d496feb7f4013fd39ef965c,23.043615,4.76837158203125e-07,"[22,19,4,25,17,28,6,2]",1ced9d5c4ae491ab9c3e2ca7154641e91816520f26f49bdb70b383470e1c3975,8,0,1.0,1.0,1.0,True,0.003867968000122346,True,1.430511474609375e-06,7.450580596923828e-09,4.069430872277735e-07,1.4901161193847656e-08,4.0384978206020605e-07,True,1.4901161193847656e-08,True,7.450580596923828e-09,22.561635971069336,0.9535843729972839,26.120403289794922,0.9863185286521912,24.385565556977923,38.93769073486328,0.9992392063140869,30.31862541160198,0.002718577001360245,0.13781428337097168,0.623192310333252,0.6297788553347345,40,40,40,True,0.006586545001482591
disk,91a678b9b6bcebdf9ba7c6cdcc5a955cda04c2bf32e67aa73d59f0b123a19536,0,quotient_alpha1_gauge,gauge,quotient_responsibility,1.0,32,48,9a6c852965e04a901db115a5ea1bedb9b40fafcd8b3a1f47e309c488dd898570,882f65d79785965843ffef8b741a456e3fc169984d496feb7f4013fd39ef965c,23.043615,4.76837158203125e-07,"[22,19,4,25,17,28,6,2]",1ced9d5c4ae491ab9c3e2ca7154641e91816520f26f49bdb70b383470e1c3975,8,0,1.0,1.0,1.0,True,0.007391093000478577,True,1.430511474609375e-06,7.450580596923828e-09,4.069430872277735e-07,1.4901161193847656e-08,4.0384978206020605e-07,True,1.4901161193847656e-08,True,7.450580596923828e-09,22.561635971069336,0.9535843729972839,26.120403289794922,0.9863185286521912,24.385565556977923,38.93769073486328,0.9992392063140869,30.31862541160198,0.002718577001360245,0.13781428337097168,0.623192310333252,0.6333019803350908,40,40,40,True,0.010109670001838822
disk,91a678b9b6bcebdf9ba7c6cdcc5a955cda04c2bf32e67aa73d59f0b123a19536,1,support_canonical,canonical,support_row,,32,48,23487c8c759ca52075f0ce31053d60a99e3143c31b227ace8c278e834ad446cf,723a386053a8c39e95fb8eaf3f7f4553b015f7928117952c9ba9564a4ce4d2d8,23.169115,5.364418029785156e-07,"[6,18,4,19,1,30,17,25]",cda735bdb4e563f36b9bf6cfcf3aaa64891822bb9d6925e067d9b4d1f7915b38,8,0,1.0,1.0,1.0,True,0.0017785240052035078,True,1.430511474609375e-06,3.725290298461914e-09,3.36403985556899e-07,1.1175870895385742e-08,2.8473681368268444e-07,True,7.450580596923828e-09,True,3.725290298461914e-09,22.91877555847168,0.9597831964492798,25.88956069946289,0.9864469766616821,24.608928128292685,34.519493103027344,0.998758852481842,29.271567402463972,0.0027005449956050143,0.12575960159301758,0.6140801906585693,0.6185592596593779,40,40,40,True,0.004479069000808522
disk,91a678b9b6bcebdf9ba7c6cdcc5a955cda04c2bf32e67aa73d59f0b123a19536,1,support_gauge_row,gauge,support_row,,32,48,23487c8c759ca52075f0ce31053d60a99e3143c31b227ace8c278e834ad446cf,723a386053a8c39e95fb8eaf3f7f4553b015f7928117952c9ba9564a4ce4d2d8,23.169115,5.364418029785156e-07,"[6,6,18,18,4,4,19,1]",8ca96fbacee594966fd966274f2712b30b5aa5177227cd0e2d8745d0bf1e35de,5,3,0.125,0.45454545454545453,0.625,False,0.002250685000035446,True,1.430511474609375e-06,3.725290298461914e-09,3.36403985556899e-07,1.1175870895385742e-08,2.8473681368268444e-07,True,7.450580596923828e-09,True,3.725290298461914e-09,22.982147216796875,0.9592862725257874,25.615060806274414,0.9850481748580933,24.407785616422956,35.66634750366211,0.9990024566650391,29.291983209475124,0.002651244998560287,0.1300339698791504,0.614325761795044,0.6192276917936397,40,40,40,True,0.004901929998595733
disk,91a678b9b6bcebdf9ba7c6cdcc5a955cda04c2bf32e67aa73d59f0b123a19536,1,responsibility_alpha0.7_canonical,canonical,responsibility_row,0.7,32,48,23487c8c759ca52075f0ce31053d60a99e3143c31b227ace8c278e834ad446cf,723a386053a8c39e95fb8eaf3f7f4553b015f7928117952c9ba9564a4ce4d2d8,23.169115,5.364418029785156e-07,"[1,4,6,17,18,29,2,19]",a65918ec26d976945c8394054411a21cff148f0bf1f359a969b1cd2144cd41e3,8,0,1.0,1.0,1.0,True,0.0032940699966275133,True,1.430511474609375e-06,3.725290298461914e-09,3.36403985556899e-07,1.1175870895385742e-08,2.8473681368268444e-07,True,7.450580596923828e-09,True,3.725290298461914e-09,23.05832290649414,0.9599038362503052,25.631683349609375,0.9850877523422241,24.434769028111507,33.56299591064453,0.9985589981079102,28.50662183279943,0.002658444005646743,0.1267833709716797,0.6058523654937744,0.6118048794960487,40,40,40,True,0.005952514002274256
disk,91a678b9b6bcebdf9ba7c6cdcc5a955cda04c2bf32e67aa73d59f0b123a19536,1,responsibility_alpha0.7_gauge_row,gauge,responsibility_row,0.7,32,48,23487c8c759ca52075f0ce31053d60a99e3143c31b227ace8c278e834ad446cf,723a386053a8c39e95fb8eaf3f7f4553b015f7928117952c9ba9564a4ce4d2d8,23.169115,5.364418029785156e-07,"[1,4,4,17,6,6,29,19]",f0c02cc082ea4c9dfaa24f3085e60ce119f0dd58de02d42420288ffae056625e,6,2,0.5,0.6,0.75,False,0.004869147000135854,True,1.430511474609375e-06,3.725290298461914e-09,3.36403985556899e-07,1.1175870895385742e-08,2.8473681368268444e-07,True,7.450580596923828e-09,True,3.725290298461914e-09,23.116634368896484,0.9602022171020508,25.532089233398438,0.9850412607192993,24.421228459006862,35.229408264160156,0.9989749193191528,29.36219219246296,0.0027289710051263683,0.12734389305114746,0.605391263961792,0.6129893819670542,40,40,40,True,0.007598118005262222
disk,91a678b9b6bcebdf9ba7c6cdcc5a955cda04c2bf32e67aa73d59f0b123a19536,1,responsibility_alpha1_canonical,canonical,responsibility_row,1.0,32,48,23487c8c759ca52075f0ce31053d60a99e3143c31b227ace8c278e834ad446cf,723a386053a8c39e95fb8eaf3f7f4553b015f7928117952c9ba9564a4ce4d2d8,23.169115,5.364418029785156e-07,"[6,1,18,4,17,25,27,19]",e26dc75421143c119d3c97fc91bb725aee002eefbaee45a2861647e48961f262,8,0,1.0,1.0,1.0,True,0.0037095629959367216,True,1.430511474609375e-06,3.725290298461914e-09,3.36403985556899e-07,1.1175870895385742e-08,2.8473681368268444e-07,True,7.450580596923828e-09,True,3.725290298461914e-09,23.02618408203125,0.9603043794631958,25.88994598388672,0.9860916137695312,24.59599354392604,34.778804779052734,0.998903751373291,29.1844074172203,0.002647629997227341,0.12638235092163086,0.5870916843414307,0.5934488773345947,40,40,40,True,0.0063571929931640625
disk,91a678b9b6bcebdf9ba7c6cdcc5a955cda04c2bf32e67aa73d59f0b123a19536,1,responsibility_alpha1_gauge_row,gauge,responsibility_row,1.0,32,48,23487c8c759ca52075f0ce31053d60a99e3143c31b227ace8c278e834ad446cf,723a386053a8c39e95fb8eaf3f7f4553b015f7928117952c9ba9564a4ce4d2d8,23.169115,5.364418029785156e-07,"[6,6,1,18,18,4,4,17]",9a0e9f64804863a9d4893c24c22a18305a0066e2767fec9bda349f96030f0d23,5,3,0.125,0.45454545454545453,0.625,False,0.005171895994863007,True,1.430511474609375e-06,3.725290298461914e-09,3.36403985556899e-07,1.1175870895385742e-08,2.8473681368268444e-07,True,7.450580596923828e-09,True,3.725290298461914e-09,23.02603530883789,0.959381639957428,25.649723052978516,0.9855642318725586,24.40151053980777,34.735084533691406,0.9989832043647766,29.09386864093819,0.002793653999106027,0.12575316429138184,0.5837998390197754,0.5917653890137444,40,40,40,True,0.007965549993969034
disk,91a678b9b6bcebdf9ba7c6cdcc5a955cda04c2bf32e67aa73d59f0b123a19536,1,quotient_alpha1_canonical,canonical,quotient_responsibility,1.0,32,48,23487c8c759ca52075f0ce31053d60a99e3143c31b227ace8c278e834ad446cf,723a386053a8c39e95fb8eaf3f7f4553b015f7928117952c9ba9564a4ce4d2d8,23.169115,5.364418029785156e-07,"[6,1,18,4,17,25,27,19]",e26dc75421143c119d3c97fc91bb725aee002eefbaee45a2861647e48961f262,8,0,1.0,1.0,1.0,True,0.0036930819987901486,True,1.430511474609375e-06,3.725290298461914e-09,3.36403985556899e-07,1.1175870895385742e-08,2.8473681368268444e-07,True,7.450580596923828e-09,True,3.725290298461914e-09,23.02618408203125,0.9603043794631958,25.88994598388672,0.9860916137695312,24.59599354392604,34.778804779052734,0.998903751373291,29.1844074172203,0.002647629997227341,0.12638235092163086,0.5870916843414307,0.5934323963374482,40,40,40,True,0.00634071199601749
disk,91a678b9b6bcebdf9ba7c6cdcc5a955cda04c2bf32e67aa73d59f0b123a19536,1,quotient_alpha1_gauge,gauge,quotient_responsibility,1.0,32,48,23487c8c759ca52075f0ce31053d60a99e3143c31b227ace8c278e834ad446cf,723a386053a8c39e95fb8eaf3f7f4553b015f7928117952c9ba9564a4ce4d2d8,23.169115,5.364418029785156e-07,"[6,1,18,4,17,25,27,19]",e26dc75421143c119d3c97fc91bb725aee002eefbaee45a2861647e48961f262,8,0,1.0,1.0,1.0,True,0.0063988530018832535,True,1.430511474609375e-06,3.725290298461914e-09,3.36403985556899e-07,1.1175870895385742e-08,2.8473681368268444e-07,True,7.450580596923828e-09,True,3.725290298461914e-09,23.02618408203125,0.9603043794631958,25.88994598388672,0.9860916137695312,24.59599354392604,34.778804779052734,0.998903751373291,29.1844074172203,0.002647629997227341,0.12638235092163086,0.5870916843414307,0.5961381673405413,40,40,40,True,0.009046482999110594
diagonal_line,b9c760f7471b2eda65791079448a3a3b352989b8ca4ccbcb107ee8f58f715f43,0,support_canonical,canonical,support_row,,32,48,8dde2e0e0bdbb035cad2795a82cead7e85e8c9fa4b3bd4d8cf7dbf86393b1e25,8f4e600319444594a2f5630f9ae9c397fb2c07058c31a628e7048db949c32d41,26.388668,5.960464477539062e-07,"[12,14,5,20,23,15,17,22]",78d686bd6e75f36dbf4ce36b600ff503314a1953129e8b70eea8e224e244a4a4,8,0,1.0,1.0,1.0,True,0.003350493003381416,True,1.430511474609375e-06,1.30385160446167e-08,5.422768936114153e-07,2.60770320892334e-08,5.50860363546235e-07,True,2.2351741790771484e-08,True,1.30385160446167e-08,25.203868865966797,0.9878795742988586,27.243053436279297,0.9944642782211304,26.557186227095755,33.540283203125,0.9983969926834106,29.887406455145943,0.0027141809987369925,0.2078077793121338,1.1737878322601318,1.1798525062622502,40,40,40,True,0.006064674002118409
diagonal_line,b9c760f7471b2eda65791079448a3a3b352989b8ca4ccbcb107ee8f58f715f43,0,support_gauge_row,gauge,support_row,,32,48,8dde2e0e0bdbb035cad2795a82cead7e85e8c9fa4b3bd4d8cf7dbf86393b1e25,8f4e600319444594a2f5630f9ae9c397fb2c07058c31a628e7048db949c32d41,26.388668,5.960464477539062e-07,"[12,12,14,14,5,20,20,23]",a53dacdb99d2d30f863a4a1c55b7e6e18892ff15e1d6db1ad953bbd31cccdfe1,5,3,0.125,0.45454545454545453,0.625,False,0.005688039003871381,True,1.430511474609375e-06,1.30385160446167e-08,5.422768936114153e-07,2.60770320892334e-08,5.50860363546235e-07,True,2.2351741790771484e-08,True,1.30385160446167e-08,24.953933715820312,0.9852386116981506,27.190378189086914,0.9943554401397705,26.516001450388057,34.9703254699707,0.998678982257843,30.0460811191135,0.00291610999556724,0.20981621742248535,1.0887477397918701,1.0973518887913087,40,40,40,True,0.008604148999438621
diagonal_line,b9c760f7471b2eda65791079448a3a3b352989b8ca4ccbcb107ee8f58f715f43,0,responsibility_alpha0.7_canonical,canonical,responsibility_row,0.7,32,48,8dde2e0e0bdbb035cad2795a82cead7e85e8c9fa4b3bd4d8cf7dbf86393b1e25,8f4e600319444594a2f5630f9ae9c397fb2c07058c31a628e7048db949c32d41,26.388668,5.960464477539062e-07,"[14,5,15,12,30,20,22,17]",99c46a9c37c3fdb910a6c59d69947f26fef591630066664241c1385c84393687,8,0,1.0,1.0,1.0,True,0.006658623002294917,True,1.430511474609375e-06,1.30385160446167e-08,5.422768936114153e-07,2.60770320892334e-08,5.50860363546235e-07,True,2.2351741790771484e-08,True,1.30385160446167e-08,25.626880645751953,0.9914044737815857,27.271564483642578,0.994580090045929,26.640668668245013,33.81365966796875,0.9985847473144531,29.817159074725527,0.0027256790053797886,0.2073979377746582,1.1094586849212646,1.1188429869289394,40,40,40,True,0.009384302007674705
diagonal_line,b9c760f7471b2eda65791079448a3a3b352989b8ca4ccbcb107ee8f58f715f43,0,responsibility_alpha0.7_gauge_row,gauge,responsibility_row,0.7,32,48,8dde2e0e0bdbb035cad2795a82cead7e85e8c9fa4b3bd4d8cf7dbf86393b1e25,8f4e600319444594a2f5630f9ae9c397fb2c07058c31a628e7048db949c32d41,26.388668,5.960464477539062e-07,"[5,15,14,14,17,23,12,12]",31cd07e4ae001937054710c86d464702e3bca4ec48843993076e477d5ee8bec2,6,2,0.0,0.45454545454545453,0.5555555555555556,False,0.01030884099600371,True,1.430511474609375e-06,1.30385160446167e-08,5.422768936114153e-07,2.60770320892334e-08,5.50860363546235e-07,True,2.2351741790771484e-08,True,1.30385160446167e-08,25.109594345092773,0.9868635535240173,27.312477111816406,0.9948205351829529,26.628782824466104,35.029571533203125,0.9985551238059998,30.439401385760068,0.0027602699992712587,0.2107224464416504,1.087498664855957,1.100567775851232,40,40,40,True,0.013069110995274968
diagonal_line,b9c760f7471b2eda65791079448a3a3b352989b8ca4ccbcb107ee8f58f715f43,0,responsibility_alpha1_canonical,canonical,responsibility_row,1.0,32,48,8dde2e0e0bdbb035cad2795a82cead7e85e8c9fa4b3bd4d8cf7dbf86393b1e25,8f4e600319444594a2f5630f9ae9c397fb2c07058c31a628e7048db949c32d41,26.388668,5.960464477539062e-07,"[15,20,14,12,23,5,22,17]",ab402328bdb3417fd9a4193fd6d452d8dc5f8f267c892d95ccfa62db6eb6aa9b,8,0,1.0,1.0,1.0,True,0.0069187589979264885,True,1.430511474609375e-06,1.30385160446167e-08,5.422768936114153e-07,2.60770320892334e-08,5.50860363546235e-07,True,2.2351741790771484e-08,True,1.30385160446167e-08,25.203868865966797,0.9878795742988586,27.24300765991211,0.9944635629653931,26.557185925935443,33.78063201904297,0.9986148476600647,29.906165787667938,0.002669622001121752,0.20596075057983398,1.1501810550689697,1.159769436068018,40,40,40,True,0.00958838099904824
diagonal_line,b9c760f7471b2eda65791079448a3a3b352989b8ca4ccbcb107ee8f58f715f43,0,responsibility_alpha1_gauge_row,gauge,responsibility_row,1.0,32,48,8dde2e0e0bdbb035cad2795a82cead7e85e8c9fa4b3bd4d8cf7dbf86393b1e25,8f4e600319444594a2f5630f9ae9c397fb2c07058c31a628e7048db949c32d41,26.388668,5.960464477539062e-07,"[15,20,20,14,14,12,12,23]",fc3ea387119223782954a78ee63a149a92f10231eb964ae7b4c1efd011462823,5,3,0.25,0.45454545454545453,0.625,False,0.010535264998907223,True,1.430511474609375e-06,1.30385160446167e-08,5.422768936114153e-07,2.60770320892334e-08,5.50860363546235e-07,True,2.2351741790771484e-08,True,1.30385160446167e-08,25.818185806274414,0.9926295280456543,27.4088077545166,0.9947511553764343,26.722867564151162,34.144378662109375,0.9982470870018005,30.183948719140254,0.0027496469992911443,0.2066023349761963,1.0696971416473389,1.0829820536455372,40,40,40,True,0.013284911998198368
diagonal_line,b9c760f7471b2eda65791079448a3a3b352989b8ca4ccbcb107ee8f58f715f43,0,quotient_alpha1_canonical,canonical,quotient_responsibility,1.0,32,48,8dde2e0e0bdbb035cad2795a82cead7e85e8c9fa4b3bd4d8cf7dbf86393b1e25,8f4e600319444594a2f5630f9ae9c397fb2c07058c31a628e7048db949c32d41,26.388668,5.960464477539062e-07,"[15,20,14,12,23,5,22,17]",ab402328bdb3417fd9a4193fd6d452d8dc5f8f267c892d95ccfa62db6eb6aa9b,8,0,1.0,1.0,1.0,True,0.007800605002557859,True,1.430511474609375e-06,1.30385160446167e-08,5.422768936114153e-07,2.60770320892334e-08,5.50860363546235e-07,True,2.2351741790771484e-08,True,1.30385160446167e-08,25.203868865966797,0.9878795742988586,27.24300765991211,0.9944635629653931,26.557185925935443,33.78063201904297,0.9986148476600647,29.906165787667938,0.002669622001121752,0.20596075057983398,1.1501810550689697,1.1606512820726493,40,40,40,True,0.01047022700367961
diagonal_line,b9c760f7471b2eda65791079448a3a3b352989b8ca4ccbcb107ee8f58f715f43,0,quotient_alpha1_gauge,gauge,quotient_responsibility,1.0,32,48,8dde2e0e0bdbb035cad2795a82cead7e85e8c9fa4b3bd4d8cf7dbf86393b1e25,8f4e600319444594a2f5630f9ae9c397fb2c07058c31a628e7048db949c32d41,26.388668,5.960464477539062e-07,"[15,20,14,12,23,5,22,17]",ab402328bdb3417fd9a4193fd6d452d8dc5f8f267c892d95ccfa62db6eb6aa9b,8,0,1.0,1.0,1.0,True,0.012310035999689717,True,1.430511474609375e-06,1.30385160446167e-08,5.422768936114153e-07,2.60770320892334e-08,5.50860363546235e-07,True,2.2351741790771484e-08,True,1.30385160446167e-08,25.203868865966797,0.9878795742988586,27.24300765991211,0.9944635629653931,26.557185925935443,33.78063201904297,0.9986148476600647,29.906165787667938,0.002669622001121752,0.20596075057983398,1.1501810550689697,1.1651607130697812,40,40,40,True,0.014979658000811469
diagonal_line,b9c760f7471b2eda65791079448a3a3b352989b8ca4ccbcb107ee8f58f715f43,1,support_canonical,canonical,support_row,,32,48,6528294bd41b1c2549c041ea1c456223c64471a0339b598e2e3f4d3883af0b2b,72c8c74a6df078d40824727f0af0445a34f4692e523e400d934d377f758dff3c,25.848164,7.152557373046875e-07,"[3,2,28,29,17,24,10,16]",d26c65b824242e845a2b397a17e139c22a21b13430e6b11098933b21241327e2,8,0,1.0,1.0,1.0,True,0.0034249080053996295,True,2.86102294921875e-06,1.4901161193847656e-08,5.666229867529182e-07,2.60770320892334e-08,5.80103744596272e-07,True,2.60770320892334e-08,True,1.4901161193847656e-08,24.82929229736328,0.9874078035354614,27.420785903930664,0.9957930445671082,26.529367045352334,30.586156845092773,0.9969226121902466,28.803955463447956,0.0026942859985865653,0.2372128963470459,1.2285795211791992,1.2346987151831854,40,40,40,True,0.006119194003986195
diagonal_line,b9c760f7471b2eda65791079448a3a3b352989b8ca4ccbcb107ee8f58f715f43,1,support_gauge_row,gauge,support_row,,32,48,6528294bd41b1c2549c041ea1c456223c64471a0339b598e2e3f4d3883af0b2b,72c8c74a6df078d40824727f0af0445a34f4692e523e400d934d377f758dff3c,25.848164,7.152557373046875e-07,"[3,2,2,28,28,29,17,24]",a67f060b7d0061d2f53030d4993a8facf262945d578181d7d14856392d79ef7c,6,2,0.25,0.6,0.75,False,0.005622869997750968,True,2.86102294921875e-06,1.4901161193847656e-08,5.666229867529182e-07,2.60770320892334e-08,5.80103744596272e-07,True,2.60770320892334e-08,True,1.4901161193847656e-08,25.019039154052734,0.9892439842224121,27.396251678466797,0.9956592917442322,26.530853873804997,30.98017120361328,0.9973902702331543,28.894466506110298,0.002746079000644386,0.25046825408935547,1.2415728569030762,1.2499418059014715,40,40,40,True,0.008368948998395354
diagonal_line,b9c760f7471b2eda65791079448a3a3b352989b8ca4ccbcb107ee8f58f715f43,1,responsibility_alpha0.7_canonical,canonical,responsibility_row,0.7,32,48,6528294bd41b1c2549c041ea1c456223c64471a0339b598e2e3f4d3883af0b2b,72c8c74a6df078d40824727f0af0445a34f4692e523e400d934d377f758dff3c,25.848164,7.152557373046875e-07,"[28,10,2,29,3,17,30,24]",7335e0505bcb34d49223d09b3526597b6baa752ea8ac5882110a9ca2870c47aa,8,0,1.0,1.0,1.0,True,0.007421399001032114,True,2.86102294921875e-06,1.4901161193847656e-08,5.666229867529182e-07,2.60770320892334e-08,5.80103744596272e-07,True,2.60770320892334e-08,True,1.4901161193847656e-08,25.139278411865234,0.9897046089172363,27.441761016845703,0.9957380890846252,26.612133126509818,30.6479434967041,0.9970259666442871,28.992986919903995,0.0026856990007217973,0.24143719673156738,1.2420666217803955,1.2521737197821494,40,40,40,True,0.010107098001753911
diagonal_line,b9c760f7471b2eda65791079448a3a3b352989b8ca4ccbcb107ee8f58f715f43,1,responsibility_alpha0.7_gauge_row,gauge,responsibility_row,0.7,32,48,6528294bd41b1c2549c041ea1c456223c64471a0339b598e2e3f4d3883af0b2b,72c8c74a6df078d40824727f0af0445a34f4692e523e400d934d377f758dff3c,25.848164,7.152557373046875e-07,"[29,3,17,28,28,10,10,2]",eec3818f5ab8dcd0dec83800f0b31682ef64f0f761d895c462ce0f741dab4cdf,6,2,0.0,0.6,0.75,False,0.010833854001248255,True,2.86102294921875e-06,1.4901161193847656e-08,5.666229867529182e-07,2.60770320892334e-08,5.80103744596272e-07,True,2.60770320892334e-08,True,1.4901161193847656e-08,24.656526565551758,0.9854360222816467,27.501249313354492,0.994907021522522,26.578607007076865,30.283357620239258,0.9965938925743103,28.847168903158167,0.0027592400001594797,0.23860931396484375,1.2257657051086426,1.2393587991100503,40,40,40,True,0.013593094001407735
diagonal_line,b9c760f7471b2eda65791079448a3a3b352989b8ca4ccbcb107ee8f58f715f43,1,responsibility_alpha1_canonical,canonical,responsibility_row,1.0,32,48,6528294bd41b1c2549c041ea1c456223c64471a0339b598e2e3f4d3883af0b2b,72c8c74a6df078d40824727f0af0445a34f4692e523e400d934d377f758dff3c,25.848164,7.152557373046875e-07,"[24,28,3,2,10,29,17,16]",2b9083e8c1ba385ebc485d6b840623ad1ca84954dc7c719f238cae668c23451f,8,0,1.0,1.0,1.0,True,0.007392487998004071,True,2.86102294921875e-06,1.4901161193847656e-08,5.666229867529182e-07,2.60770320892334e-08,5.80103744596272e-07,True,2.60770320892334e-08,True,1.4901161193847656e-08,24.82929229736328,0.9874078035354614,27.420795440673828,0.9957930445671082,26.529363381235225,30.56385040283203,0.9967816472053528,28.79855994022254,0.0027686679968610406,0.2518336772918701,1.270089864730835,1.2802510207257,40,40,40,True,0.010161155994865112
diagonal_line,b9c760f7471b2eda65791079448a3a3b352989b8ca4ccbcb107ee8f58f715f43,1,responsibility_alpha1_gauge_row,gauge,responsibility_row,1.0,32,48,6528294bd41b1c2549c041ea1c456223c64471a0339b598e2e3f4d3883af0b2b,72c8c74a6df078d40824727f0af0445a34f4692e523e400d934d377f758dff3c,25.848164,7.152557373046875e-07,"[24,24,28,28,3,2,2,10]",d5200347571ff98f3b7ee064cb3572cddaa8aa93ea9180627c5984c7ad8522a0,5,3,0.125,0.45454545454545453,0.625,False,0.011462086004030425,True,2.86102294921875e-06,1.4901161193847656e-08,5.666229867529182e-07,2.60770320892334e-08,5.80103744596272e-07,True,2.60770320892334e-08,True,1.4901161193847656e-08,25.052627563476562,0.9898144602775574,27.509441375732422,0.9954962134361267,26.572257393284847,30.605815887451172,0.9977409243583679,28.92212724204015,0.003206403001968283,0.2422184944152832,1.2516212463378906,1.2662897353438893,40,40,40,True,0.014668489005998708
diagonal_line,b9c760f7471b2eda65791079448a3a3b352989b8ca4ccbcb107ee8f58f715f43,1,quotient_alpha1_canonical,canonical,quotient_responsibility,1.0,32,48,6528294bd41b1c2549c041ea1c456223c64471a0339b598e2e3f4d3883af0b2b,72c8c74a6df078d40824727f0af0445a34f4692e523e400d934d377f758dff3c,25.848164,7.152557373046875e-07,"[24,28,3,2,10,29,17,16]",2b9083e8c1ba385ebc485d6b840623ad1ca84954dc7c719f238cae668c23451f,8,0,1.0,1.0,1.0,True,0.007747067997115664,True,2.86102294921875e-06,1.4901161193847656e-08,5.666229867529182e-07,2.60770320892334e-08,5.80103744596272e-07,True,2.60770320892334e-08,True,1.4901161193847656e-08,24.82929229736328,0.9874078035354614,27.420795440673828,0.9957930445671082,26.529363381235225,30.56385040283203,0.9967816472053528,28.79855994022254,0.0027686679968610406,0.2518336772918701,1.270089864730835,1.2806056007248117,40,40,40,True,0.010515735993976705
diagonal_line,b9c760f7471b2eda65791079448a3a3b352989b8ca4ccbcb107ee8f58f715f43,1,quotient_alpha1_gauge,gauge,quotient_responsibility,1.0,32,48,6528294bd41b1c2549c041ea1c456223c64471a0339b598e2e3f4d3883af0b2b,72c8c74a6df078d40824727f0af0445a34f4692e523e400d934d377f758dff3c,25.848164,7.152557373046875e-07,"[24,28,3,2,10,29,17,16]",2b9083e8c1ba385ebc485d6b840623ad1ca84954dc7c719f238cae668c23451f,8,0,1.0,1.0,1.0,True,0.012007498000457417,True,2.86102294921875e-06,1.4901161193847656e-08,5.666229867529182e-07,2.60770320892334e-08,5.80103744596272e-07,True,2.60770320892334e-08,True,1.4901161193847656e-08,24.82929229736328,0.9874078035354614,27.420795440673828,0.9957930445671082,26.529363381235225,30.56385040283203,0.9967816472053528,28.79855994022254,0.0027686679968610406,0.2518336772918701,1.270089864730835,1.2848660307281534,40,40,40,True,0.014776165997318458
sinusoid,976986f6c44a7052f1edb07ebc948efca66d14813e00959b0122f8768b0df03e,0,support_canonical,canonical,support_row,,32,48,3163513c71ef7b0033e712801032f38adb176e89b4534ff78b8d967fddcb5c77,e7659d42ed16e37b89f38324aa7893fc97e0e5d3809326d6936c9994f0026113,20.79866,4.76837158203125e-07,"[15,21,22,12,3,2,16,9]",28e3ea811c53c57e2b8d54360729895aaecc23fdc89a715ac12ce6659aa8227e,8,0,1.0,1.0,1.0,True,0.002743744997133035,True,9.5367431640625e-07,1.4901161193847656e-08,9.126796953751182e-07,4.470348358154297e-08,8.041320711527078e-07,True,4.470348358154297e-08,True,1.4901161193847656e-08,18.3072566986084,0.9548040628433228,23.59719467163086,0.9891866445541382,21.27457914854351,34.8337516784668,0.9995391964912415,29.291546783061943,0.002882492000935599,0.20834660530090332,1.1841332912445068,1.1897595282425755,40,40,40,True,0.005626236998068634
sinusoid,976986f6c44a7052f1edb07ebc948efca66d14813e00959b0122f8768b0df03e,0,support_gauge_row,gauge,support_row,,32,48,3163513c71ef7b0033e712801032f38adb176e89b4534ff78b8d967fddcb5c77,e7659d42ed16e37b89f38324aa7893fc97e0e5d3809326d6936c9994f0026113,20.79866,4.76837158203125e-07,"[15,21,22,22,12,12,3,2]",9f07ae0a8e2e3ad866ca3299f9f5547f844c8f567d2160b2047235874cc5dbac,6,2,0.375,0.6,0.75,False,0.0047744129988132045,True,9.5367431640625e-07,1.4901161193847656e-08,9.126796953751182e-07,4.470348358154297e-08,8.041320711527078e-07,True,4.470348358154297e-08,True,1.4901161193847656e-08,17.87990951538086,0.9503915309906006,23.588756561279297,0.9892091751098633,21.430156356409977,38.68223571777344,0.9997862577438354,31.03676555132625,0.002824048999173101,0.2254009246826172,1.1654071807861328,1.1730056427841191,40,40,40,True,0.0075984619979863055
sinusoid,976986f6c44a7052f1edb07ebc948efca66d14813e00959b0122f8768b0df03e,0,responsibility_alpha0.7_canonical,canonical,responsibility_row,0.7,32,48,3163513c71ef7b0033e712801032f38adb176e89b4534ff78b8d967fddcb5c77,e7659d42ed16e37b89f38324aa7893fc97e0e5d3809326d6936c9994f0026113,20.79866,4.76837158203125e-07,"[15,21,12,22,3,2,16,9]",0efbbf7913e500e168d7314663fa34900ce0bb5c31af6b338556a8fc3babda26,8,0,1.0,1.0,1.0,True,0.005777080004918389,True,9.5367431640625e-07,1.4901161193847656e-08,9.126796953751182e-07,4.470348358154297e-08,8.041320711527078e-07,True,4.470348358154297e-08,True,1.4901161193847656e-08,18.3072566986084,0.9548040628433228,23.59719467163086,0.9891866445541382,21.27457914854351,34.8337516784668,0.9995391964912415,29.291546783061943,0.0030130770028335974,0.21724534034729004,1.1646058559417725,1.1733960129495244,40,40,40,True,0.008790157007751986
sinusoid,976986f6c44a7052f1edb07ebc948efca66d14813e00959b0122f8768b0df03e,0,responsibility_alpha0.7_gauge_row,gauge,responsibility_row,0.7,32,48,3163513c71ef7b0033e712801032f38adb176e89b4534ff78b8d967fddcb5c77,e7659d42ed16e37b89f38324aa7893fc97e0e5d3809326d6936c9994f0026113,20.79866,4.76837158203125e-07,"[15,21,12,12,22,22,3,9]",026e251354f3aba710d032cb1825b273ffa175619d6d6ace53afb73ed987c5ff,6,2,0.5,0.6,0.75,False,0.010200998003710993,True,9.5367431640625e-07,1.4901161193847656e-08,9.126796953751182e-07,4.470348358154297e-08,8.041320711527078e-07,True,4.470348358154297e-08,True,1.4901161193847656e-08,17.782094955444336,0.9489914178848267,23.5599422454834,0.9891258478164673,21.403638387981214,38.40650177001953,0.9997730255126953,30.98860234925241,0.0031478590026381426,0.21050691604614258,1.1646456718444824,1.1779945288508316,40,40,40,True,0.013348857006349135
sinusoid,976986f6c44a7052f1edb07ebc948efca66d14813e00959b0122f8768b0df03e,0,responsibility_alpha1_canonical,canonical,responsibility_row,1.0,32,48,3163513c71ef7b0033e712801032f38adb176e89b4534ff78b8d967fddcb5c77,e7659d42ed16e37b89f38324aa7893fc97e0e5d3809326d6936c9994f0026113,20.79866,4.76837158203125e-07,"[15,21,12,22,2,3,19,9]",820b18344228e2246fcb5d0b1ca00884af62ee97023cb2ea38c409c838b794a5,8,0,1.0,1.0,1.0,True,0.007005875995673705,True,9.5367431640625e-07,1.4901161193847656e-08,9.126796953751182e-07,4.470348358154297e-08,8.041320711527078e-07,True,4.470348358154297e-08,True,1.4901161193847656e-08,18.187543869018555,0.9539825916290283,23.907669067382812,0.9898285865783691,21.361913931997197,34.33497619628906,0.9994736909866333,29.354036051817616,0.002703913996811025,0.2077333927154541,1.1556181907653809,1.1653279807578656,40,40,40,True,0.00970978999248473
sinusoid,976986f6c44a7052f1edb07ebc948efca66d14813e00959b0122f8768b0df03e,0,responsibility_alpha1_gauge_row,gauge,responsibility_row,1.0,32,48,3163513c71ef7b0033e712801032f38adb176e89b4534ff78b8d967fddcb5c77,e7659d42ed16e37b89f38324aa7893fc97e0e5d3809326d6936c9994f0026113,20.79866,4.76837158203125e-07,"[15,21,12,12,22,22,2,2]",8544e7968023133744efc43a01b77ff7667c94134db86cd19d0e0b2b1c10b542,5,3,0.375,0.45454545454545453,0.625,False,0.009943441997165792,True,9.5367431640625e-07,1.4901161193847656e-08,9.126796953751182e-07,4.470348358154297e-08,8.041320711527078e-07,True,4.470348358154297e-08,True,1.4901161193847656e-08,18.15435218811035,0.9543289542198181,23.552997589111328,0.9890921115875244,21.43663471623471,38.48927688598633,0.9998034834861755,30.95072184668647,0.003019265001057647,0.2017667293548584,1.1311492919921875,1.144111998990411,40,40,40,True,0.012962706998223439
sinusoid,976986f6c44a7052f1edb07ebc948efca66d14813e00959b0122f8768b0df03e,0,quotient_alpha1_canonical,canonical,quotient_responsibility,1.0,32,48,3163513c71ef7b0033e712801032f38adb176e89b4534ff78b8d967fddcb5c77,e7659d42ed16e37b89f38324aa7893fc97e0e5d3809326d6936c9994f0026113,20.79866,4.76837158203125e-07,"[15,21,12,22,2,3,19,9]",820b18344228e2246fcb5d0b1ca00884af62ee97023cb2ea38c409c838b794a5,8,0,1.0,1.0,1.0,True,0.006315118000202347,True,9.5367431640625e-07,1.4901161193847656e-08,9.126796953751182e-07,4.470348358154297e-08,8.041320711527078e-07,True,4.470348358154297e-08,True,1.4901161193847656e-08,18.187543869018555,0.9539825916290283,23.907669067382812,0.9898285865783691,21.361913931997197,34.33497619628906,0.9994736909866333,29.354036051817616,0.002703913996811025,0.2077333927154541,1.1556181907653809,1.1646372227623942,40,40,40,True,0.009019031997013371
sinusoid,976986f6c44a7052f1edb07ebc948efca66d14813e00959b0122f8768b0df03e,0,quotient_alpha1_gauge,gauge,quotient_responsibility,1.0,32,48,3163513c71ef7b0033e712801032f38adb176e89b4534ff78b8d967fddcb5c77,e7659d42ed16e37b89f38324aa7893fc97e0e5d3809326d6936c9994f0026113,20.79866,4.76837158203125e-07,"[15,21,12,22,2,3,19,9]",820b18344228e2246fcb5d0b1ca00884af62ee97023cb2ea38c409c838b794a5,8,0,1.0,1.0,1.0,True,0.010667857997759711,True,9.5367431640625e-07,1.4901161193847656e-08,9.126796953751182e-07,4.470348358154297e-08,8.041320711527078e-07,True,4.470348358154297e-08,True,1.4901161193847656e-08,18.187543869018555,0.9539825916290283,23.907669067382812,0.9898285865783691,21.361913931997197,34.33497619628906,0.9994736909866333,29.354036051817616,0.002703913996811025,0.2077333927154541,1.1556181907653809,1.1689899627599516,40,40,40,True,0.013371771994570736
sinusoid,976986f6c44a7052f1edb07ebc948efca66d14813e00959b0122f8768b0df03e,1,support_canonical,canonical,support_row,,32,48,39a86db87f9432e8235bf658ebe3c6fe6e5a1ed635263efc5f3f0ab0904a2d63,1bd0ab62ee4de3ec44ded1a0a60dd5d5e4ac5b6e01ebbdddbef3c165e5e08fc2,22.523563,4.76837158203125e-07,"[14,22,24,15,21,31,5,8]",793da00079c211c8689a3211b248c3c219a3704e24f8801f242aaa23fb863d80,8,0,1.0,1.0,1.0,True,0.0035437760016066022,True,9.5367431640625e-07,7.450580596923828e-09,8.502564128320955e-07,2.9802322387695312e-08,8.801892477094952e-07,True,1.4901161193847656e-08,True,7.450580596923828e-09,17.94988441467285,0.944094717502594,28.340532302856445,0.9972637891769409,24.26788134323923,34.75064468383789,0.9994803667068481,30.83620854580041,0.003030380998097826,0.23559284210205078,1.2499268054962158,1.2565009624959202,40,40,40,True,0.006574156999704428
sinusoid,976986f6c44a7052f1edb07ebc948efca66d14813e00959b0122f8768b0df03e,1,support_gauge_row,gauge,support_row,,32,48,39a86db87f9432e8235bf658ebe3c6fe6e5a1ed635263efc5f3f0ab0904a2d63,1bd0ab62ee4de3ec44ded1a0a60dd5d5e4ac5b6e01ebbdddbef3c165e5e08fc2,22.523563,4.76837158203125e-07,"[14,14,22,22,24,24,15,21]",8ba61ceb97622a70677d3241ea3eb19076cabc4726c7a1f1c1ceb36902d448ac,5,3,0.125,0.45454545454545453,0.625,False,0.004738865005492698,True,9.5367431640625e-07,7.450580596923828e-09,8.502564128320955e-07,2.9802322387695312e-08,8.801892477094952e-07,True,1.4901161193847656e-08,True,7.450580596923828e-09,17.939430236816406,0.9468928575515747,24.086978912353516,0.9905838370323181,22.609894702309056,41.734317779541016,0.9998294115066528,33.17496550203574,0.0029486809944501147,0.21851396560668945,1.1842749118804932,1.191962457880436,40,40,40,True,0.007687545999942813
sinusoid,976986f6c44a7052f1edb07ebc948efca66d14813e00959b0122f8768b0df03e,1,responsibility_alpha0.7_canonical,canonical,responsibility_row,0.7,32,48,39a86db87f9432e8235bf658ebe3c6fe6e5a1ed635263efc5f3f0ab0904a2d63,1bd0ab62ee4de3ec44ded1a0a60dd5d5e4ac5b6e01ebbdddbef3c165e5e08fc2,22.523563,4.76837158203125e-07,"[14,22,15,24,21,19,13,31]",1b9056d00dcd64b190208dd998503d55534c5a1c7deaa533421d7c1a15b8fdc1,8,0,1.0,1.0,1.0,True,0.007154721999540925,True,9.5367431640625e-07,7.450580596923828e-09,8.502564128320955e-07,2.9802322387695312e-08,8.801892477094952e-07,True,1.4901161193847656e-08,True,7.450580596923828e-09,18.0737361907959,0.9461028575897217,28.219249725341797,0.9970719814300537,24.257736356634844,34.944175720214844,0.9994955062866211,30.806478587063875,0.00275320000218926,0.23792624473571777,1.238316535949707,1.2482244579514372,40,40,40,True,0.009907922001730185
sinusoid,976986f6c44a7052f1edb07ebc948efca66d14813e00959b0122f8768b0df03e,1,responsibility_alpha0.7_gauge_row,gauge,responsibility_row,0.7,32,48,39a86db87f9432e8235bf658ebe3c6fe6e5a1ed635263efc5f3f0ab0904a2d63,1bd0ab62ee4de3ec44ded1a0a60dd5d5e4ac5b6e01ebbdddbef3c165e5e08fc2,22.523563,4.76837158203125e-07,"[14,14,22,22,15,24,24,21]",9dc9b11ea3143a9ae00a3ef9ec0ea267801a2ce1914372c77bf984b55c1f08fc,5,3,0.125,0.45454545454545453,0.625,False,0.0108508269986487,True,9.5367431640625e-07,7.450580596923828e-09,8.502564128320955e-07,2.9802322387695312e-08,8.801892477094952e-07,True,1.4901161193847656e-08,True,7.450580596923828e-09,17.939430236816406,0.9468928575515747,24.086978912353516,0.9905838370323181,22.609894702309056,41.734317779541016,0.9998294115066528,33.17496550203574,0.0027206699960515834,0.24201130867004395,1.2411270141601562,1.2546985111548565,40,40,40,True,0.013571496994700283
sinusoid,976986f6c44a7052f1edb07ebc948efca66d14813e00959b0122f8768b0df03e,1,responsibility_alpha1_canonical,canonical,responsibility_row,1.0,32,48,39a86db87f9432e8235bf658ebe3c6fe6e5a1ed635263efc5f3f0ab0904a2d63,1bd0ab62ee4de3ec44ded1a0a60dd5d5e4ac5b6e01ebbdddbef3c165e5e08fc2,22.523563,4.76837158203125e-07,"[14,22,24,15,21,31,8,19]",b7886b2480b34aa3b51dbe78fc4d598fd6d33752586312bd27ad761ddb0c1e33,8,0,1.0,1.0,1.0,True,0.006922825996298343,True,9.5367431640625e-07,7.450580596923828e-09,8.502564128320955e-07,2.9802322387695312e-08,8.801892477094952e-07,True,1.4901161193847656e-08,True,7.450580596923828e-09,17.915790557861328,0.943534255027771,28.12546730041504,0.9970335960388184,24.160836019014056,34.56415557861328,0.999442994594574,30.69937752232407,0.002914770993811544,0.23682093620300293,1.2716355323791504,1.2814731293692603,40,40,40,True,0.009837596990109887
sinusoid,976986f6c44a7052f1edb07ebc948efca66d14813e00959b0122f8768b0df03e,1,responsibility_alpha1_gauge_row,gauge,responsibility_row,1.0,32,48,39a86db87f9432e8235bf658ebe3c6fe6e5a1ed635263efc5f3f0ab0904a2d63,1bd0ab62ee4de3ec44ded1a0a60dd5d5e4ac5b6e01ebbdddbef3c165e5e08fc2,22.523563,4.76837158203125e-07,"[14,14,22,22,24,24,15,21]",8ba61ceb97622a70677d3241ea3eb19076cabc4726c7a1f1c1ceb36902d448ac,5,3,0.125,0.45454545454545453,0.625,False,0.010474531998625025,True,9.5367431640625e-07,7.450580596923828e-09,8.502564128320955e-07,2.9802322387695312e-08,8.801892477094952e-07,True,1.4901161193847656e-08,True,7.450580596923828e-09,17.939430236816406,0.9468928575515747,24.086978912353516,0.9905838370323181,22.609894702309056,41.734317779541016,0.9998294115066528,33.17496550203574,0.0029486809944501147,0.21851396560668945,1.1842749118804932,1.1976981248735683,40,40,40,True,0.01342321299307514
sinusoid,976986f6c44a7052f1edb07ebc948efca66d14813e00959b0122f8768b0df03e,1,quotient_alpha1_canonical,canonical,quotient_responsibility,1.0,32,48,39a86db87f9432e8235bf658ebe3c6fe6e5a1ed635263efc5f3f0ab0904a2d63,1bd0ab62ee4de3ec44ded1a0a60dd5d5e4ac5b6e01ebbdddbef3c165e5e08fc2,22.523563,4.76837158203125e-07,"[14,22,24,15,21,31,8,19]",b7886b2480b34aa3b51dbe78fc4d598fd6d33752586312bd27ad761ddb0c1e33,8,0,1.0,1.0,1.0,True,0.0073425039954599924,True,9.5367431640625e-07,7.450580596923828e-09,8.502564128320955e-07,2.9802322387695312e-08,8.801892477094952e-07,True,1.4901161193847656e-08,True,7.450580596923828e-09,17.915790557861328,0.943534255027771,28.12546730041504,0.9970335960388184,24.160836019014056,34.56415557861328,0.999442994594574,30.69937752232407,0.002914770993811544,0.23682093620300293,1.2716355323791504,1.281892807368422,40,40,40,True,0.010257274989271536
sinusoid,976986f6c44a7052f1edb07ebc948efca66d14813e00959b0122f8768b0df03e,1,quotient_alpha1_gauge,gauge,quotient_responsibility,1.0,32,48,39a86db87f9432e8235bf658ebe3c6fe6e5a1ed635263efc5f3f0ab0904a2d63,1bd0ab62ee4de3ec44ded1a0a60dd5d5e4ac5b6e01ebbdddbef3c165e5e08fc2,22.523563,4.76837158203125e-07,"[14,22,24,15,21,31,8,19]",b7886b2480b34aa3b51dbe78fc4d598fd6d33752586312bd27ad761ddb0c1e33,8,0,1.0,1.0,1.0,True,0.011869365996972192,True,9.5367431640625e-07,7.450580596923828e-09,8.502564128320955e-07,2.9802322387695312e-08,8.801892477094952e-07,True,1.4901161193847656e-08,True,7.450580596923828e-09,17.915790557861328,0.943534255027771,28.12546730041504,0.9970335960388184,24.160836019014056,34.56415557861328,0.999442994594574,30.69937752232407,0.002914770993811544,0.23682093620300293,1.2716355323791504,1.2864196693699341,40,40,40,True,0.014784136990783736
checkerboard,497c98756d8a07e36aeb66981f52f04438d0a3621e0072cf62af6ca6c98fdd7a,0,support_canonical,canonical,support_row,,32,48,ad331c100e175943af5a222c4169401ea8b32b8037f2493626eeff3606605604,23e2cba5e5693fd12fd221c56eb84310027c116fd77aa286eea31f38692d417a,8.350565,5.364418029785156e-07,"[10,22,29,2,25,8,24,27]",a743111085d99febb2e0818fd226b373c1aab92b180a4cff7d1e75944f8e34ee,8,0,1.0,1.0,1.0,True,0.0029541570038418286,True,2.86102294921875e-06,4.470348358154297e-08,3.302439495200815e-07,1.7881393432617188e-07,3.4481632837923826e-07,True,1.7881393432617188e-07,True,4.470348358154297e-08,8.318487167358398,0.3410145044326782,8.587671279907227,0.4241655766963959,8.463581988686009,12.332391738891602,0.8639234900474548,10.274696195968474,0.0027062869994551875,0.18988847732543945,0.9224045276641846,0.9280649716674816,40,40,40,True,0.005660444003297016
checkerboard,497c98756d8a07e36aeb66981f52f04438d0a3621e0072cf62af6ca6c98fdd7a,0,support_gauge_row,gauge,support_row,,32,48,ad331c100e175943af5a222c4169401ea8b32b8037f2493626eeff3606605604,23e2cba5e5693fd12fd221c56eb84310027c116fd77aa286eea31f38692d417a,8.350565,5.364418029785156e-07,"[10,10,22,22,29,2,2,25]",4fc0a30cad4cd0989b68e425cce6f0b4d1f44489d22de1a72f18a4814c850a3e,5,3,0.125,0.45454545454545453,0.625,False,0.003942096998798661,True,2.86102294921875e-06,4.470348358154297e-08,3.302439495200815e-07,1.7881393432617188e-07,3.4481632837923826e-07,True,1.7881393432617188e-07,True,4.470348358154297e-08,8.34995174407959,0.3422756791114807,8.630443572998047,0.4247085750102997,8.45177203730533,13.169713973999023,0.8980202078819275,10.622317184101451,0.002931457005615812,0.169403076171875,0.8385028839111328,0.8453764379155473,40,40,40,True,0.006873554004414473
checkerboard,497c98756d8a07e36aeb66981f52f04438d0a3621e0072cf62af6ca6c98fdd7a,0,responsibility_alpha0.7_canonical,canonical,responsibility_row,0.7,32,48,ad331c100e175943af5a222c4169401ea8b32b8037f2493626eeff3606605604,23e2cba5e5693fd12fd221c56eb84310027c116fd77aa286eea31f38692d417a,8.350565,5.364418029785156e-07,"[17,3,5,20,15,18,6,0]",50ba06ba8f9384bb98b6f86b4cf3460bcc626ee19f85d1369d8bed098f503c29,8,0,1.0,1.0,1.0,True,0.005313845002092421,True,2.86102294921875e-06,4.470348358154297e-08,3.302439495200815e-07,1.7881393432617188e-07,3.4481632837923826e-07,True,1.7881393432617188e-07,True,4.470348358154297e-08,8.381780624389648,0.3440863788127899,8.687531471252441,0.4319770932197571,8.425707666497482,12.30935287475586,0.8553791642189026,10.385954437833844,0.0032424730015918612,0.1755220890045166,0.8300645351409912,0.8386208531446755,40,40,40,True,0.008556318003684282
checkerboard,497c98756d8a07e36aeb66981f52f04438d0a3621e0072cf62af6ca6c98fdd7a,0,responsibility_alpha0.7_gauge_row,gauge,responsibility_row,0.7,32,48,ad331c100e175943af5a222c4169401ea8b32b8037f2493626eeff3606605604,23e2cba5e5693fd12fd221c56eb84310027c116fd77aa286eea31f38692d417a,8.350565,5.364418029785156e-07,"[17,3,5,15,7,23,27,31]",30de827499a467b5d67c55a63683448df9d8d9e3a22e1f95dcc610191b9b920a,8,0,0.375,0.3333333333333333,0.3333333333333333,False,0.008726510000997223,True,2.86102294921875e-06,4.470348358154297e-08,3.302439495200815e-07,1.7881393432617188e-07,3.4481632837923826e-07,True,1.7881393432617188e-07,True,4.470348358154297e-08,8.285161018371582,0.3433868885040283,8.663359642028809,0.4187107980251312,8.56516298494841,12.28169059753418,0.8560535907745361,10.163409989289564,0.0025460559991188347,0.18746519088745117,0.7861332893371582,0.7974058553372743,40,40,40,True,0.011272566000116058
checkerboard,497c98756d8a07e36aeb66981f52f04438d0a3621e0072cf62af6ca6c98fdd7a,0,responsibility_alpha1_canonical,canonical,responsibility_row,1.0,32,48,ad331c100e175943af5a222c4169401ea8b32b8037f2493626eeff3606605604,23e2cba5e5693fd12fd221c56eb84310027c116fd77aa286eea31f38692d417a,8.350565,5.364418029785156e-07,"[31,5,6,0,2,23,10,29]",181ee92039f3b3dc5f9502493028cc95ad808a327539dd0c1c395b2b7b543e62,8,0,1.0,1.0,1.0,True,0.0056219269972643815,True,2.86102294921875e-06,4.470348358154297e-08,3.302439495200815e-07,1.7881393432617188e-07,3.4481632837923826e-07,True,1.7881393432617188e-07,True,4.470348358154297e-08,8.48902416229248,0.3437564969062805,8.726065635681152,0.43761777877807617,8.504872874209756,12.104735374450684,0.851737380027771,10.342558355042428,0.002578784005891066,0.16500043869018555,0.9220986366271973,0.9302993476303527,40,40,40,True,0.008200711003155448
checkerboard,497c98756d8a07e36aeb66981f52f04438d0a3621e0072cf62af6ca6c98fdd7a,0,responsibility_alpha1_gauge_row,gauge,responsibility_row,1.0,32,48,ad331c100e175943af5a222c4169401ea8b32b8037f2493626eeff3606605604,23e2cba5e5693fd12fd221c56eb84310027c116fd77aa286eea31f38692d417a,8.350565,5.364418029785156e-07,"[31,5,6,6,0,0,2,2]",a62868e83dc7f839e8ab3ca80201e0bbc24a2407e4cd03635dec17d951604a9a,5,3,0.375,0.45454545454545453,0.625,False,0.009135596999840345,True,2.86102294921875e-06,4.470348358154297e-08,3.302439495200815e-07,1.7881393432617188e-07,3.4481632837923826e-07,True,1.7881393432617188e-07,True,4.470348358154297e-08,8.502643585205078,0.34451717138290405,8.681770324707031,0.43679705262184143,8.488314352537456,12.380131721496582,0.8633903861045837,10.492816852800773,0.0026744360002339818,0.2420663833618164,0.781602144241333,0.7934121772414073,40,40,40,True,0.011810033000074327
checkerboard,497c98756d8a07e36aeb66981f52f04438d0a3621e0072cf62af6ca6c98fdd7a,0,quotient_alpha1_canonical,canonical,quotient_responsibility,1.0,32,48,ad331c100e175943af5a222c4169401ea8b32b8037f2493626eeff3606605604,23e2cba5e5693fd12fd221c56eb84310027c116fd77aa286eea31f38692d417a,8.350565,5.364418029785156e-07,"[31,5,6,0,2,23,10,29]",181ee92039f3b3dc5f9502493028cc95ad808a327539dd0c1c395b2b7b543e62,8,0,1.0,1.0,1.0,True,0.006061731997760944,True,2.86102294921875e-06,4.470348358154297e-08,3.302439495200815e-07,1.7881393432617188e-07,3.4481632837923826e-07,True,1.7881393432617188e-07,True,4.470348358154297e-08,8.48902416229248,0.3437564969062805,8.726065635681152,0.43761777877807617,8.504872874209756,12.104735374450684,0.851737380027771,10.342558355042428,0.002578784005891066,0.16500043869018555,0.9220986366271973,0.9307391526308493,40,40,40,True,0.00864051600365201
checkerboard,497c98756d8a07e36aeb66981f52f04438d0a3621e0072cf62af6ca6c98fdd7a,0,quotient_alpha1_gauge,gauge,quotient_responsibility,1.0,32,48,ad331c100e175943af5a222c4169401ea8b32b8037f2493626eeff3606605604,23e2cba5e5693fd12fd221c56eb84310027c116fd77aa286eea31f38692d417a,8.350565,5.364418029785156e-07,"[31,5,6,0,2,23,10,29]",181ee92039f3b3dc5f9502493028cc95ad808a327539dd0c1c395b2b7b543e62,8,0,1.0,1.0,1.0,True,0.010270311002386734,True,2.86102294921875e-06,4.470348358154297e-08,3.302439495200815e-07,1.7881393432617188e-07,3.4481632837923826e-07,True,1.7881393432617188e-07,True,4.470348358154297e-08,8.48902416229248,0.3437564969062805,8.726065635681152,0.43761777877807617,8.504872874209756,12.104735374450684,0.851737380027771,10.342558355042428,0.002578784005891066,0.16500043869018555,0.9220986366271973,0.9349477316354751,40,40,40,True,0.0128490950082778
checkerboard,497c98756d8a07e36aeb66981f52f04438d0a3621e0072cf62af6ca6c98fdd7a,1,support_canonical,canonical,support_row,,32,48,c65423c7599045fbe41bba6b4db4dc0926ed37da8836453471f66e1d6ed3640a,3b963ce4aef688e4a48e7f736653aa57f546825d20a5ec3390f1f5fdbfa79ad7,8.210199,4.76837158203125e-07,"[30,0,2,11,13,27,8,12]",37b811a8d425d6c308689527b54da913db9fb1498abd25a314c068251cc6f369,8,0,1.0,1.0,1.0,True,0.002086859996779822,True,2.384185791015625e-06,2.9802322387695312e-08,2.5552034799147805e-07,1.7881393432617188e-07,2.7194258223062207e-07,True,1.4901161193847656e-07,True,2.9802322387695312e-08,8.202198028564453,0.3548264801502228,8.915616989135742,0.46098342537879944,8.429789618441934,12.56923770904541,0.871246874332428,10.467901807842832,0.0033727490008459426,0.23315978050231934,0.9924092292785645,0.9978688382761902,40,40,40,True,0.0054596089976257645
checkerboard,497c98756d8a07e36aeb66981f52f04438d0a3621e0072cf62af6ca6c98fdd7a,1,support_gauge_row,gauge,support_row,,32,48,c65423c7599045fbe41bba6b4db4dc0926ed37da8836453471f66e1d6ed3640a,3b963ce4aef688e4a48e7f736653aa57f546825d20a5ec3390f1f5fdbfa79ad7,8.210199,4.76837158203125e-07,"[30,30,0,0,2,2,11,13]",8742cd24db9fcc47e8d4f1dc450a16e64f70bc43c7e3cbfc029355a8c64b9396,5,3,0.125,0.45454545454545453,0.625,False,0.003029229999810923,True,2.384185791015625e-06,2.9802322387695312e-08,2.5552034799147805e-07,1.7881393432617188e-07,2.7194258223062207e-07,True,1.4901161193847656e-07,True,2.9802322387695312e-08,8.230161666870117,0.35395875573158264,8.879886627197266,0.45404383540153503,8.402387920178866,12.250846862792969,0.8530580997467041,10.46205725814357,0.002852801997505594,0.19237923622131348,1.0538818836212158,1.0597639156185323,40,40,40,True,0.005882031997316517
checkerboard,497c98756d8a07e36aeb66981f52f04438d0a3621e0072cf62af6ca6c98fdd7a,1,responsibility_alpha0.7_canonical,canonical,responsibility_row,0.7,32,48,c65423c7599045fbe41bba6b4db4dc0926ed37da8836453471f66e1d6ed3640a,3b963ce4aef688e4a48e7f736653aa57f546825d20a5ec3390f1f5fdbfa79ad7,8.210199,4.76837158203125e-07,"[12,21,10,11,9,22,19,16]",d00dbe84f738c42a9ec0f63e8a268a9e2e12ecf1185369c3e81dcb1eb71cf2ed,8,0,1.0,1.0,1.0,True,0.004822429000341799,True,2.384185791015625e-06,2.9802322387695312e-08,2.5552034799147805e-07,1.7881393432617188e-07,2.7194258223062207e-07,True,1.4901161193847656e-07,True,2.9802322387695312e-08,8.266012191772461,0.3581627905368805,9.016793251037598,0.461744487285614,8.466789797732705,12.362987518310547,0.8655087947845459,10.447794779382571,0.002899410006648395,0.16599297523498535,0.7683296203613281,0.7760514593683183,40,40,40,True,0.007721839006990194
checkerboard,497c98756d8a07e36aeb66981f52f04438d0a3621e0072cf62af6ca6c98fdd7a,1,responsibility_alpha0.7_gauge_row,gauge,responsibility_row,0.7,32,48,c65423c7599045fbe41bba6b4db4dc0926ed37da8836453471f66e1d6ed3640a,3b963ce4aef688e4a48e7f736653aa57f546825d20a5ec3390f1f5fdbfa79ad7,8.210199,4.76837158203125e-07,"[21,11,9,19,31,12,12,10]",ded5707d8237fdb4809bd7b42386decf5b0cc35facff6d97d02f3281ae1ce4df,7,1,0.0,0.6,0.6666666666666666,False,0.0066978199974983,True,2.384185791015625e-06,2.9802322387695312e-08,2.5552034799147805e-07,1.7881393432617188e-07,2.7194258223062207e-07,True,1.4901161193847656e-07,True,2.9802322387695312e-08,8.258941650390625,0.35820743441581726,8.966863632202148,0.47001779079437256,8.47306984349301,12.130032539367676,0.8481037616729736,10.317838673639779,0.002675848998478614,0.16780495643615723,0.7468564510345459,0.7562301200305228,40,40,40,True,0.009373668995976914
checkerboard,497c98756d8a07e36aeb66981f52f04438d0a3621e0072cf62af6ca6c98fdd7a,1,responsibility_alpha1_canonical,canonical,responsibility_row,1.0,32,48,c65423c7599045fbe41bba6b4db4dc0926ed37da8836453471f66e1d6ed3640a,3b963ce4aef688e4a48e7f736653aa57f546825d20a5ec3390f1f5fdbfa79ad7,8.210199,4.76837158203125e-07,"[26,8,25,27,30,11,9,12]",2612808cb82faaa277aba763ec090e8fe9cc3fc99ce7e1b57a07f8d420135f62,8,0,1.0,1.0,1.0,True,0.004662404004193377,True,2.384185791015625e-06,2.9802322387695312e-08,2.5552034799147805e-07,1.7881393432617188e-07,2.7194258223062207e-07,True,1.4901161193847656e-07,True,2.9802322387695312e-08,8.254827499389648,0.35550203919410706,8.991307258605957,0.46314212679862976,8.463884905764932,12.198293685913086,0.8512234687805176,10.32036906540996,0.0027526100020622835,0.16319537162780762,0.9276578426361084,0.9350728566423641,40,40,40,True,0.00741501400625566
checkerboard,497c98756d8a07e36aeb66981f52f04438d0a3621e0072cf62af6ca6c98fdd7a,1,responsibility_alpha1_gauge_row,gauge,responsibility_row,1.0,32,48,c65423c7599045fbe41bba6b4db4dc0926ed37da8836453471f66e1d6ed3640a,3b963ce4aef688e4a48e7f736653aa57f546825d20a5ec3390f1f5fdbfa79ad7,8.210199,4.76837158203125e-07,"[26,26,8,8,25,27,30,30]",6a61f663f39e9a133fe2f7cf0d45b95ce4d1648a95495b8e36ad787bfe746c1d,5,3,0.125,0.45454545454545453,0.625,False,0.008291985999676399,True,2.384185791015625e-06,2.9802322387695312e-08,2.5552034799147805e-07,1.7881393432617188e-07,2.7194258223062207e-07,True,1.4901161193847656e-07,True,2.9802322387695312e-08,8.15936279296875,0.35331231355667114,8.957880020141602,0.45823538303375244,8.46517058422691,11.821764945983887,0.8274027109146118,10.299162315599846,0.003163674002280459,0.18658018112182617,0.961134672164917,0.9725903321668738,40,40,40,True,0.011455660001956858
checkerboard,497c98756d8a07e36aeb66981f52f04438d0a3621e0072cf62af6ca6c98fdd7a,1,quotient_alpha1_canonical,canonical,quotient_responsibility,1.0,32,48,c65423c7599045fbe41bba6b4db4dc0926ed37da8836453471f66e1d6ed3640a,3b963ce4aef688e4a48e7f736653aa57f546825d20a5ec3390f1f5fdbfa79ad7,8.210199,4.76837158203125e-07,"[26,8,25,27,30,11,9,12]",2612808cb82faaa277aba763ec090e8fe9cc3fc99ce7e1b57a07f8d420135f62,8,0,1.0,1.0,1.0,True,0.00539208400005009,True,2.384185791015625e-06,2.9802322387695312e-08,2.5552034799147805e-07,1.7881393432617188e-07,2.7194258223062207e-07,True,1.4901161193847656e-07,True,2.9802322387695312e-08,8.254827499389648,0.35550203919410706,8.991307258605957,0.46314212679862976,8.463884905764932,12.198293685913086,0.8512234687805176,10.32036906540996,0.0027526100020622835,0.16319537162780762,0.9276578426361084,0.9358025366382208,40,40,40,True,0.008144694002112374
checkerboard,497c98756d8a07e36aeb66981f52f04438d0a3621e0072cf62af6ca6c98fdd7a,1,quotient_alpha1_gauge,gauge,quotient_responsibility,1.0,32,48,c65423c7599045fbe41bba6b4db4dc0926ed37da8836453471f66e1d6ed3640a,3b963ce4aef688e4a48e7f736653aa57f546825d20a5ec3390f1f5fdbfa79ad7,8.210199,4.76837158203125e-07,"[26,8,25,27,30,11,9,12]",2612808cb82faaa277aba763ec090e8fe9cc3fc99ce7e1b57a07f8d420135f62,8,0,1.0,1.0,1.0,True,0.01296599499619333,True,2.384185791015625e-06,2.9802322387695312e-08,2.5552034799147805e-07,1.7881393432617188e-07,2.7194258223062207e-07,True,1.4901161193847656e-07,True,2.9802322387695312e-08,8.254827499389648,0.35550203919410706,8.991307258605957,0.46314212679862976,8.463884905764932,12.198293685913086,0.8512234687805176,10.32036906540996,0.0027526100020622835,0.16319537162780762,0.9276578426361084,0.943376447634364,40,40,40,True,0.015718604998255614
opposing_ramps,80dd257eaf66d153ed20ac4bbfa651b7f1d0b82b0cabe984104599ac00c4fee1,0,support_canonical,canonical,support_row,,32,48,6eb769715c4d3e274f1c102dbab24ad23f9590726bb01d2b1f1e051b414e54d2,4507db73aeccfabc4a73c2b91af4c3ed511e85f24317481e880eec52e49e5230,48.903687,4.76837158203125e-07,"[11,12,14,7,16,23,26,21]",36b6220e815a1a102820ff9447bc71bcc851430bc9a170ced6e97401799ba7a9,8,0,1.0,1.0,1.0,True,0.001985620998311788,True,3.337860107421875e-06,3.092281986027956e-11,2.747056441876339e-06,1.3096723705530167e-10,2.700757704587886e-06,True,1.3096723705530167e-10,True,3.092281986027956e-11,34.138153076171875,0.9937622547149658,46.82317352294922,0.9995044469833374,41.02591143156353,50.1486930847168,0.9998751282691956,49.6352204987497,0.003547832995536737,0.1867377758026123,0.9064972400665283,0.9120306940603768,40,40,40,True,0.005533453993848525
opposing_ramps,80dd257eaf66d153ed20ac4bbfa651b7f1d0b82b0cabe984104599ac00c4fee1,0,support_gauge_row,gauge,support_row,,32,48,6eb769715c4d3e274f1c102dbab24ad23f9590726bb01d2b1f1e051b414e54d2,4507db73aeccfabc4a73c2b91af4c3ed511e85f24317481e880eec52e49e5230,48.903687,4.76837158203125e-07,"[11,12,12,14,14,7,16,16]",efe5187a5654de06d458404db3d8711d5f440343a616fb440e7e661966958b91,5,3,0.25,0.45454545454545453,0.625,False,0.0028880539975943975,True,3.337860107421875e-06,3.092281986027956e-11,2.747056441876339e-06,1.3096723705530167e-10,2.700757704587886e-06,True,1.3096723705530167e-10,True,3.092281986027956e-11,42.83824920654297,0.9987155795097351,44.607765197753906,0.9993091225624084,39.392432865343594,54.21626663208008,0.9999278783798218,49.507483048872515,0.002818137996655423,0.16494297981262207,0.8307802677154541,0.8364864597097039,40,40,40,True,0.005706191994249821
opposing_ramps,80dd257eaf66d153ed20ac4bbfa651b7f1d0b82b0cabe984104599ac00c4fee1,0,responsibility_alpha0.7_canonical,canonical,responsibility_row,0.7,32,48,6eb769715c4d3e274f1c102dbab24ad23f9590726bb01d2b1f1e051b414e54d2,4507db73aeccfabc4a73c2b91af4c3ed511e85f24317481e880eec52e49e5230,48.903687,4.76837158203125e-07,"[11,14,12,7,21,23,16,13]",08db03c7bd49e9ed02e1a5e3e85b286c8b8559fe685c45c14c5e106684119eba,8,0,1.0,1.0,1.0,True,0.0038185739977052435,True,3.337860107421875e-06,3.092281986027956e-11,2.747056441876339e-06,1.3096723705530167e-10,2.700757704587886e-06,True,1.3096723705530167e-10,True,3.092281986027956e-11,33.894649505615234,0.9932731986045837,47.83283996582031,0.9996699690818787,41.028538151791224,53.44810104370117,0.999934196472168,49.853889523130476,0.0029022829985478893,0.17455196380615234,0.8553838729858398,0.862104729982093,40,40,40,True,0.006720856996253133
opposing_ramps,80dd257eaf66d153ed20ac4bbfa651b7f1d0b82b0cabe984104599ac00c4fee1,0,responsibility_alpha0.7_gauge_row,gauge,responsibility_row,0.7,32,48,6eb769715c4d3e274f1c102dbab24ad23f9590726bb01d2b1f1e051b414e54d2,4507db73aeccfabc4a73c2b91af4c3ed511e85f24317481e880eec52e49e5230,48.903687,4.76837158203125e-07,"[11,7,14,14,21,12,12,23]",8e5bc21cfa7daa9725c5852aa3b2c57b9d6508cc7b8c01047ea26091aaad946c,6,2,0.25,0.6,0.75,False,0.007825701002730057,True,3.337860107421875e-06,3.092281986027956e-11,2.747056441876339e-06,1.3096723705530167e-10,2.700757704587886e-06,True,1.3096723705530167e-10,True,3.092281986027956e-11,34.95696258544922,0.9942083954811096,45.98561096191406,0.9993687868118286,40.25832688181024,52.82607650756836,0.9998882412910461,49.55322292597607,0.0027433750001364388,0.15838050842285156,0.8318965435028076,0.8424656195056741,40,40,40,True,0.010569076002866495
opposing_ramps,80dd257eaf66d153ed20ac4bbfa651b7f1d0b82b0cabe984104599ac00c4fee1,0,responsibility_alpha1_canonical,canonical,responsibility_row,1.0,32,48,6eb769715c4d3e274f1c102dbab24ad23f9590726bb01d2b1f1e051b414e54d2,4507db73aeccfabc4a73c2b91af4c3ed511e85f24317481e880eec52e49e5230,48.903687,4.76837158203125e-07,"[11,12,14,7,23,21,16,13]",bd97bf2a24091738859af8a8dde77d215d05a9d96c9aab5665c2b660bcdfe0d8,8,0,1.0,1.0,1.0,True,0.004752003995236009,True,3.337860107421875e-06,3.092281986027956e-11,2.747056441876339e-06,1.3096723705530167e-10,2.700757704587886e-06,True,1.3096723705530167e-10,True,3.092281986027956e-11,33.894649505615234,0.9932731986045837,47.834014892578125,0.9996702075004578,41.02852419803017,53.054813385009766,0.9999074339866638,49.320189177387896,0.0027458629992906936,0.16884374618530273,0.8403315544128418,0.8478294214073685,40,40,40,True,0.007497866994526703
opposing_ramps,80dd257eaf66d153ed20ac4bbfa651b7f1d0b82b0cabe984104599ac00c4fee1,0,responsibility_alpha1_gauge_row,gauge,responsibility_row,1.0,32,48,6eb769715c4d3e274f1c102dbab24ad23f9590726bb01d2b1f1e051b414e54d2,4507db73aeccfabc4a73c2b91af4c3ed511e85f24317481e880eec52e49e5230,48.903687,4.76837158203125e-07,"[11,12,12,14,14,7,23,21]",ad0b053a29abc423ad16cd6dfe9ed5dfae50b70932a2ad724d51cd3c6f0a9465,6,2,0.25,0.6,0.75,False,0.007393689003947657,True,3.337860107421875e-06,3.092281986027956e-11,2.747056441876339e-06,1.3096723705530167e-10,2.700757704587886e-06,True,1.3096723705530167e-10,True,3.092281986027956e-11,34.95696258544922,0.9942083358764648,45.98565673828125,0.9993689060211182,40.2583276849044,51.54706573486328,0.9999035596847534,49.475325073858706,0.0028551740033435635,0.15681052207946777,0.8245575428009033,0.8348064058081945,40,40,40,True,0.01024886300729122
opposing_ramps,80dd257eaf66d153ed20ac4bbfa651b7f1d0b82b0cabe984104599ac00c4fee1,0,quotient_alpha1_canonical,canonical,quotient_responsibility,1.0,32,48,6eb769715c4d3e274f1c102dbab24ad23f9590726bb01d2b1f1e051b414e54d2,4507db73aeccfabc4a73c2b91af4c3ed511e85f24317481e880eec52e49e5230,48.903687,4.76837158203125e-07,"[11,12,14,7,23,21,16,13]",bd97bf2a24091738859af8a8dde77d215d05a9d96c9aab5665c2b660bcdfe0d8,8,0,1.0,1.0,1.0,True,0.005299678006849717,True,3.337860107421875e-06,3.092281986027956e-11,2.747056441876339e-06,1.3096723705530167e-10,2.700757704587886e-06,True,1.3096723705530167e-10,True,3.092281986027956e-11,33.894649505615234,0.9932731986045837,47.834014892578125,0.9996702075004578,41.02852419803017,53.054813385009766,0.9999074339866638,49.320189177387896,0.0027458629992906936,0.16884374618530273,0.8403315544128418,0.8483770954189822,40,40,40,True,0.008045541006140411
opposing_ramps,80dd257eaf66d153ed20ac4bbfa651b7f1d0b82b0cabe984104599ac00c4fee1,0,quotient_alpha1_gauge,gauge,quotient_responsibility,1.0,32,48,6eb769715c4d3e274f1c102dbab24ad23f9590726bb01d2b1f1e051b414e54d2,4507db73aeccfabc4a73c2b91af4c3ed511e85f24317481e880eec52e49e5230,48.903687,4.76837158203125e-07,"[11,12,14,7,23,21,16,13]",bd97bf2a24091738859af8a8dde77d215d05a9d96c9aab5665c2b660bcdfe0d8,8,0,1.0,1.0,1.0,True,0.009330503002274781,True,3.337860107421875e-06,3.092281986027956e-11,2.747056441876339e-06,1.3096723705530167e-10,2.700757704587886e-06,True,1.3096723705530167e-10,True,3.092281986027956e-11,33.894649505615234,0.9932731986045837,47.834014892578125,0.9996702075004578,41.02852419803017,53.054813385009766,0.9999074339866638,49.320189177387896,0.0027458629992906936,0.16884374618530273,0.8403315544128418,0.8524079204144073,40,40,40,True,0.012076366001565475
opposing_ramps,80dd257eaf66d153ed20ac4bbfa651b7f1d0b82b0cabe984104599ac00c4fee1,1,support_canonical,canonical,support_row,,32,48,b9ffdd73583a04ebaef1d5e41787d24398596d31fc2c7960188ee5c20dfed156,d9dd8d6f5d87cca17e058ed88869de8bf993614cec02176e722335c4461c03bd,48.72591,7.152557373046875e-07,"[16,7,3,14,17,20,0,11]",4d27aaa552f4d032fbd494aa47b4c3a2f1a0f38ee22cce958036d4a5e94acdf5,8,0,1.0,1.0,1.0,True,0.0020354009975562803,True,1.9073486328125e-06,3.2741809263825417e-11,2.1090729660500074e-06,1.0913936421275139e-10,2.0463721739361063e-06,True,9.094947017729282e-11,True,3.2741809263825417e-11,37.604957580566406,0.9975666999816895,44.688270568847656,0.9991405606269836,39.758505269100795,52.64714813232422,0.9999074935913086,49.368785896686596,0.002869317999284249,0.1727900505065918,0.8365528583526611,0.8414575773495017,40,40,40,True,0.004904718996840529
opposing_ramps,80dd257eaf66d153ed20ac4bbfa651b7f1d0b82b0cabe984104599ac00c4fee1,1,support_gauge_row,gauge,support_row,,32,48,b9ffdd73583a04ebaef1d5e41787d24398596d31fc2c7960188ee5c20dfed156,d9dd8d6f5d87cca17e058ed88869de8bf993614cec02176e722335c4461c03bd,48.72591,7.152557373046875e-07,"[16,16,7,3,14,14,17,20]",77e1d5c7581fa812091458855551c78e5f3261d3beea9b90dfd8d7004aa30e85,6,2,0.125,0.6,0.75,False,0.0028200749948155135,True,1.9073486328125e-06,3.2741809263825417e-11,2.1090729660500074e-06,1.0913936421275139e-10,2.0463721739361063e-06,True,9.094947017729282e-11,True,3.2741809263825417e-11,35.99452209472656,0.9970654845237732,45.43010711669922,0.9992576837539673,39.96906973186292,52.80253601074219,0.9998473525047302,49.83935105680215,0.002796672000840772,0.1698305606842041,0.8577930927276611,0.8634098397233174,40,40,40,True,0.0056167469956562854
opposing_ramps,80dd257eaf66d153ed20ac4bbfa651b7f1d0b82b0cabe984104599ac00c4fee1,1,responsibility_alpha0.7_canonical,canonical,responsibility_row,0.7,32,48,b9ffdd73583a04ebaef1d5e41787d24398596d31fc2c7960188ee5c20dfed156,d9dd8d6f5d87cca17e058ed88869de8bf993614cec02176e722335c4461c03bd,48.72591,7.152557373046875e-07,"[3,16,4,14,17,22,7,18]",e47695224fc9a3f1665fbc9c78e2d3996defa30e979b714b633585a7351266db,8,0,1.0,1.0,1.0,True,0.0036135740010649897,True,1.9073486328125e-06,3.2741809263825417e-11,2.1090729660500074e-06,1.0913936421275139e-10,2.0463721739361063e-06,True,9.094947017729282e-11,True,3.2741809263825417e-11,36.671932220458984,0.9965583682060242,45.91133117675781,0.9994125962257385,39.65729512666401,53.18027114868164,0.9998984932899475,49.17815784492878,0.0026375029992777854,0.1471707820892334,0.7485208511352539,0.7547719281355967,40,40,40,True,0.006251077000342775
opposing_ramps,80dd257eaf66d153ed20ac4bbfa651b7f1d0b82b0cabe984104599ac00c4fee1,1,responsibility_alpha0.7_gauge_row,gauge,responsibility_row,0.7,32,48,b9ffdd73583a04ebaef1d5e41787d24398596d31fc2c7960188ee5c20dfed156,d9dd8d6f5d87cca17e058ed88869de8bf993614cec02176e722335c4461c03bd,48.72591,7.152557373046875e-07,"[3,16,16,17,7,4,4,14]",da01291245ed3692cca6929e01485e1d32d9860556330194be1ea751becc2bb1,6,2,0.25,0.6,0.75,False,0.006104430001869332,True,1.9073486328125e-06,3.2741809263825417e-11,2.1090729660500074e-06,1.0913936421275139e-10,2.0463721739361063e-06,True,9.094947017729282e-11,True,3.2741809263825417e-11,37.170127868652344,0.9974175095558167,44.12309265136719,0.999442994594574,38.80934454265394,53.51312255859375,0.999921977519989,49.488886553831776,0.0026191590004600585,0.15260004997253418,0.7648787498474121,0.7736023388497415,40,40,40,True,0.00872358900232939
opposing_ramps,80dd257eaf66d153ed20ac4bbfa651b7f1d0b82b0cabe984104599ac00c4fee1,1,responsibility_alpha1_canonical,canonical,responsibility_row,1.0,32,48,b9ffdd73583a04ebaef1d5e41787d24398596d31fc2c7960188ee5c20dfed156,d9dd8d6f5d87cca17e058ed88869de8bf993614cec02176e722335c4461c03bd,48.72591,7.152557373046875e-07,"[3,16,7,14,4,17,22,20]",a749c30c4f42e028fbdeacce584095986ea0f61847f31d87d7042d2f56b3a918,8,0,1.0,1.0,1.0,True,0.003912952997779939,True,1.9073486328125e-06,3.2741809263825417e-11,2.1090729660500074e-06,1.0913936421275139e-10,2.0463721739361063e-06,True,9.094947017729282e-11,True,3.2741809263825417e-11,36.85582733154297,0.9972457885742188,44.814453125,0.9993327856063843,38.86960621883995,51.89306640625,0.9998899102210999,49.15031429252239,0.002574530000856612,0.15339922904968262,0.781252384185791,0.7877398671844276,40,40,40,True,0.006487482998636551
opposing_ramps,80dd257eaf66d153ed20ac4bbfa651b7f1d0b82b0cabe984104599ac00c4fee1,1,responsibility_alpha1_gauge_row,gauge,responsibility_row,1.0,32,48,b9ffdd73583a04ebaef1d5e41787d24398596d31fc2c7960188ee5c20dfed156,d9dd8d6f5d87cca17e058ed88869de8bf993614cec02176e722335c4461c03bd,48.72591,7.152557373046875e-07,"[3,16,16,7,14,14,4,4]",b605d834c848acd5e48ba9bdeccd8f3a715f49b50d9535b68454090929442117,5,3,0.25,0.45454545454545453,0.625,False,0.006200840995006729,True,1.9073486328125e-06,3.2741809263825417e-11,2.1090729660500074e-06,1.0913936421275139e-10,2.0463721739361063e-06,True,9.094947017729282e-11,True,3.2741809263825417e-11,37.07811737060547,0.9965107440948486,47.365203857421875,0.9996904134750366,40.06816793742933,50.20779037475586,0.999874472618103,49.23444268197724,0.0027141739992657676,0.15364980697631836,0.7850244045257568,0.7939394195200293,40,40,40,True,0.008915014994272497
opposing_ramps,80dd257eaf66d153ed20ac4bbfa651b7f1d0b82b0cabe984104599ac00c4fee1,1,quotient_alpha1_canonical,canonical,quotient_responsibility,1.0,32,48,b9ffdd73583a04ebaef1d5e41787d24398596d31fc2c7960188ee5c20dfed156,d9dd8d6f5d87cca17e058ed88869de8bf993614cec02176e722335c4461c03bd,48.72591,7.152557373046875e-07,"[3,16,7,14,4,17,22,20]",a749c30c4f42e028fbdeacce584095986ea0f61847f31d87d7042d2f56b3a918,8,0,1.0,1.0,1.0,True,0.004464950005058199,True,1.9073486328125e-06,3.2741809263825417e-11,2.1090729660500074e-06,1.0913936421275139e-10,2.0463721739361063e-06,True,9.094947017729282e-11,True,3.2741809263825417e-11,36.85582733154297,0.9972457885742188,44.814453125,0.9993327856063843,38.86960621883995,51.89306640625,0.9998899102210999,49.15031429252239,0.002574530000856612,0.15339922904968262,0.781252384185791,0.7882918641917058,40,40,40,True,0.007039480005914811
opposing_ramps,80dd257eaf66d153ed20ac4bbfa651b7f1d0b82b0cabe984104599ac00c4fee1,1,quotient_alpha1_gauge,gauge,quotient_responsibility,1.0,32,48,b9ffdd73583a04ebaef1d5e41787d24398596d31fc2c7960188ee5c20dfed156,d9dd8d6f5d87cca17e058ed88869de8bf993614cec02176e722335c4461c03bd,48.72591,7.152557373046875e-07,"[3,16,7,14,4,17,22,20]",a749c30c4f42e028fbdeacce584095986ea0f61847f31d87d7042d2f56b3a918,8,0,1.0,1.0,1.0,True,0.007658838003408164,True,1.9073486328125e-06,3.2741809263825417e-11,2.1090729660500074e-06,1.0913936421275139e-10,2.0463721739361063e-06,True,9.094947017729282e-11,True,3.2741809263825417e-11,36.85582733154297,0.9972457885742188,44.814453125,0.9993327856063843,38.86960621883995,51.89306640625,0.9998899102210999,49.15031429252239,0.002574530000856612,0.15339922904968262,0.781252384185791,0.7914857521900558,40,40,40,True,0.010233368004264776
