target,target_sha256,seed,arm,view,selector,alpha,canonical_count,gauge_count,canonical_field_sha256,gauge_field_sha256,pre_psnr,render_max_abs,action_groups,action_hash,unique_action_groups,repeated_action_count,projected_topk_order_agreement,projected_topk_multiset_jaccard,projected_topk_unique_jaccard,projected_topk_exact,score_seconds,scores_finite,denominator_max_abs,quotient_alpha1_max_abs,quotient_alpha1_max_rel,quotient_alpha0.7_max_abs,quotient_alpha0.7_max_rel,quotient_alpha0.7_action_match,alpha0.7_child_law_max_abs,quotient_alpha1_action_match,alpha1_child_law_max_abs,immediate_psnr,immediate_ms_ssim,post20_psnr,post20_ms_ssim,post20_auc,post100_psnr,post100_ms_ssim,post100_auc,action_seconds,fit20_seconds,fit100_seconds,total100_seconds,final_count,post20_count,post100_count,renders_finite,intervention_seconds
vertical_step,d2538abfe852d6b8ebc9fbd47f65dbb225eb615f1e7ae18b2af1b58aa030fc59,0,support_canonical,canonical,support_row,,32,48,edfee3e3f61a1003493d32212ae2aab6022d30f174a14f3e814db0453b43f82a,ef9e2c409ffd90d268175ddd7cfd061ad00e6a86d647beb09a69f293a00da0f0,37.732296,4.76837158203125e-07,"[2,0,23,10,25,31,8,15]",7009aaf27e5323c2d419dbd0b8c80f0ae60893d08035b08db3e20fe46cb0d6fa,8,0,1.0,1.0,1.0,True,0.0016887059973669238,True,2.384185791015625e-06,3.4924596548080444e-09,2.1109340195835102e-06,6.05359673500061e-09,2.1120749806868844e-06,True,4.6566128730773926e-09,True,3.4924596548080444e-09,33.7972412109375,0.9967284798622131,44.11415100097656,0.999505341053009,38.65600977445904,53.30216979980469,0.9999107718467712,49.26766439880988,0.0026890959998127073,0.11826634407043457,0.5869626998901367,0.5913405018873163,40,40,40,True,0.004377801997179631
vertical_step,d2538abfe852d6b8ebc9fbd47f65dbb225eb615f1e7ae18b2af1b58aa030fc59,0,support_gauge_row,gauge,support_row,,32,48,edfee3e3f61a1003493d32212ae2aab6022d30f174a14f3e814db0453b43f82a,ef9e2c409ffd90d268175ddd7cfd061ad00e6a86d647beb09a69f293a00da0f0,37.732296,4.76837158203125e-07,"[2,2,0,0,23,10,10,25]",3df21abc39f8719bc0463f19305012cc6d9e181564ffc8bf5ff9cd8eb38db30d,5,3,0.125,0.45454545454545453,0.625,False,0.002260870001919102,True,2.384185791015625e-06,3.4924596548080444e-09,2.1109340195835102e-06,6.05359673500061e-09,2.1120749806868844e-06,True,4.6566128730773926e-09,True,3.4924596548080444e-09,33.31953430175781,0.996774435043335,42.53496170043945,0.999197244644165,38.534920140316615,49.17912292480469,0.9997302889823914,48.84426172815188,0.0026222550004604273,0.11707615852355957,0.5963795185089111,0.6012626435112907,40,40,40,True,0.004883125002379529
vertical_step,d2538abfe852d6b8ebc9fbd47f65dbb225eb615f1e7ae18b2af1b58aa030fc59,0,responsibility_alpha0.7_canonical,canonical,responsibility_row,0.7,32,48,edfee3e3f61a1003493d32212ae2aab6022d30f174a14f3e814db0453b43f82a,ef9e2c409ffd90d268175ddd7cfd061ad00e6a86d647beb09a69f293a00da0f0,37.732296,4.76837158203125e-07,"[2,0,10,23,31,8,25,15]",355bd3432b043adce945d7d302c1167e958f1bdecabb80f959b69a1173e2ab3b,8,0,1.0,1.0,1.0,True,0.002903706998040434,True,2.384185791015625e-06,3.4924596548080444e-09,2.1109340195835102e-06,6.05359673500061e-09,2.1120749806868844e-06,True,4.6566128730773926e-09,True,3.4924596548080444e-09,33.7972412109375,0.9967284798622131,44.12445831298828,0.9995061159133911,38.656041396291634,52.419212341308594,0.9998883008956909,49.06129216666174,0.002737069000431802,0.12154603004455566,0.6303665637969971,0.6360073397954693,40,40,40,True,0.005640775998472236
vertical_step,d2538abfe852d6b8ebc9fbd47f65dbb225eb615f1e7ae18b2af1b58aa030fc59,0,responsibility_alpha0.7_gauge_row,gauge,responsibility_row,0.7,32,48,edfee3e3f61a1003493d32212ae2aab6022d30f174a14f3e814db0453b43f82a,ef9e2c409ffd90d268175ddd7cfd061ad00e6a86d647beb09a69f293a00da0f0,37.732296,4.76837158203125e-07,"[2,2,0,0,10,10,23,31]",623c2319594b0936ca68522433455e81540d6105c75ef2c2c1bc48ee9a008cff,5,3,0.125,0.45454545454545453,0.625,False,0.004531526996288449,True,2.384185791015625e-06,3.4924596548080444e-09,2.1109340195835102e-06,6.05359673500061e-09,2.1120749806868844e-06,True,4.6566128730773926e-09,True,3.4924596548080444e-09,33.28516387939453,0.9966694116592407,41.96674728393555,0.9992143511772156,38.4105917278089,51.552490234375,0.9998433589935303,48.88849150532424,0.002842884998244699,0.1255955696105957,0.6397366523742676,0.6471110643688007,40,40,40,True,0.007374411994533148
vertical_step,d2538abfe852d6b8ebc9fbd47f65dbb225eb615f1e7ae18b2af1b58aa030fc59,0,responsibility_alpha1_canonical,canonical,responsibility_row,1.0,32,48,edfee3e3f61a1003493d32212ae2aab6022d30f174a14f3e814db0453b43f82a,ef9e2c409ffd90d268175ddd7cfd061ad00e6a86d647beb09a69f293a00da0f0,37.732296,4.76837158203125e-07,"[2,0,10,23,25,31,6,8]",d7ed7baa09fe2148072e41b1a9e60b84057bde6a53007c0b9b279cd8d75f87c5,8,0,1.0,1.0,1.0,True,0.0030130800005281344,True,2.384185791015625e-06,3.4924596548080444e-09,2.1109340195835102e-06,6.05359673500061e-09,2.1120749806868844e-06,True,4.6566128730773926e-09,True,3.4924596548080444e-09,33.603187561035156,0.996690034866333,41.92768478393555,0.999224841594696,38.56289050453588,54.2808723449707,0.9999080300331116,48.917194385721224,0.0027792560067609884,0.13128948211669922,0.70662522315979,0.7124175591670792,40,40,40,True,0.005792336007289123
vertical_step,d2538abfe852d6b8ebc9fbd47f65dbb225eb615f1e7ae18b2af1b58aa030fc59,0,responsibility_alpha1_gauge_row,gauge,responsibility_row,1.0,32,48,edfee3e3f61a1003493d32212ae2aab6022d30f174a14f3e814db0453b43f82a,ef9e2c409ffd90d268175ddd7cfd061ad00e6a86d647beb09a69f293a00da0f0,37.732296,4.76837158203125e-07,"[2,2,0,0,10,10,23,25]",9efcb1e1d150852ef2de0ff3c9865d8fe95898e7f8179d84ce13f8379080092a,5,3,0.125,0.45454545454545453,0.625,False,0.004360007995273918,True,2.384185791015625e-06,3.4924596548080444e-09,2.1109340195835102e-06,6.05359673500061e-09,2.1120749806868844e-06,True,4.6566128730773926e-09,True,3.4924596548080444e-09,33.31953430175781,0.996774435043335,42.53510284423828,0.9991959929466248,38.53490628694233,54.091285705566406,0.9999532699584961,48.322785733926175,0.0027533250031410716,0.12590265274047852,0.6373000144958496,0.6444133474942646,40,40,40,True,0.0071133329984149896
vertical_step,d2538abfe852d6b8ebc9fbd47f65dbb225eb615f1e7ae18b2af1b58aa030fc59,0,quotient_alpha1_canonical,canonical,quotient_responsibility,1.0,32,48,edfee3e3f61a1003493d32212ae2aab6022d30f174a14f3e814db0453b43f82a,ef9e2c409ffd90d268175ddd7cfd061ad00e6a86d647beb09a69f293a00da0f0,37.732296,4.76837158203125e-07,"[2,0,10,23,25,31,6,8]",d7ed7baa09fe2148072e41b1a9e60b84057bde6a53007c0b9b279cd8d75f87c5,8,0,1.0,1.0,1.0,True,0.0032054850016720593,True,2.384185791015625e-06,3.4924596548080444e-09,2.1109340195835102e-06,6.05359673500061e-09,2.1120749806868844e-06,True,4.6566128730773926e-09,True,3.4924596548080444e-09,33.603187561035156,0.996690034866333,41.92768478393555,0.999224841594696,38.56289050453588,54.2808723449707,0.9999080300331116,48.917194385721224,0.0027792560067609884,0.13128948211669922,0.70662522315979,0.7126099641682231,40,40,40,True,0.005984741008433048
vertical_step,d2538abfe852d6b8ebc9fbd47f65dbb225eb615f1e7ae18b2af1b58aa030fc59,0,quotient_alpha1_gauge,gauge,quotient_responsibility,1.0,32,48,edfee3e3f61a1003493d32212ae2aab6022d30f174a14f3e814db0453b43f82a,ef9e2c409ffd90d268175ddd7cfd061ad00e6a86d647beb09a69f293a00da0f0,37.732296,4.76837158203125e-07,"[2,0,10,23,25,31,6,8]",d7ed7baa09fe2148072e41b1a9e60b84057bde6a53007c0b9b279cd8d75f87c5,8,0,1.0,1.0,1.0,True,0.005307473998982459,True,2.384185791015625e-06,3.4924596548080444e-09,2.1109340195835102e-06,6.05359673500061e-09,2.1120749806868844e-06,True,4.6566128730773926e-09,True,3.4924596548080444e-09,33.603187561035156,0.996690034866333,41.92768478393555,0.999224841594696,38.56289050453588,54.2808723449707,0.9999080300331116,48.917194385721224,0.0027792560067609884,0.13128948211669922,0.70662522315979,0.7147119531655335,40,40,40,True,0.008086730005743448
vertical_step,d2538abfe852d6b8ebc9fbd47f65dbb225eb615f1e7ae18b2af1b58aa030fc59,1,support_canonical,canonical,support_row,,32,48,479d193c345320d9718f1ac8f3f8eb6324c1b486aa186f01485f4277b27990bc,8ec969a9d985de6df16834de2889e8f0532f21d1b1209eb82ba9f726756f50d5,38.284573,5.960464477539062e-07,"[10,21,23,15,31,4,6,2]",ee252e98e56c502bcc74ee79e0e91a99cb59d37dbfe326263f5d52309c474a17,8,0,1.0,1.0,1.0,True,0.0016097379993880168,True,2.86102294921875e-06,1.7462298274040222e-09,2.2020544747647364e-06,3.026798367500305e-09,2.262297357447096e-06,True,2.444721758365631e-09,True,1.7462298274040222e-09,33.882266998291016,0.9961698651313782,46.38668441772461,0.9991801381111145,40.63408610695287,47.38917541503906,0.9997292757034302,48.29136139455468,0.002650090005772654,0.11942815780639648,0.6093387603759766,0.6135985883811372,40,40,40,True,0.004259828005160671
vertical_step,d2538abfe852d6b8ebc9fbd47f65dbb225eb615f1e7ae18b2af1b58aa030fc59,1,support_gauge_row,gauge,support_row,,32,48,479d193c345320d9718f1ac8f3f8eb6324c1b486aa186f01485f4277b27990bc,8ec969a9d985de6df16834de2889e8f0532f21d1b1209eb82ba9f726756f50d5,38.284573,5.960464477539062e-07,"[10,10,21,23,15,31,4,4]",f30142fc4d1bfeb80725eb3ed0736d073703357b6b9ca3c0601037f4e5501030,6,2,0.125,0.6,0.75,False,0.002047606998530682,True,2.86102294921875e-06,1.7462298274040222e-09,2.2020544747647364e-06,3.026798367500305e-09,2.262297357447096e-06,True,2.444721758365631e-09,True,1.7462298274040222e-09,34.18231201171875,0.9964276552200317,46.26015090942383,0.9991458058357239,40.68576180307489,52.78474426269531,0.9999021291732788,48.75113841740772,0.002704473001358565,0.12329411506652832,0.6300179958343506,0.6347700758342398,40,40,40,True,0.004752079999889247
vertical_step,d2538abfe852d6b8ebc9fbd47f65dbb225eb615f1e7ae18b2af1b58aa030fc59,1,responsibility_alpha0.7_canonical,canonical,responsibility_row,0.7,32,48,479d193c345320d9718f1ac8f3f8eb6324c1b486aa186f01485f4277b27990bc,8ec969a9d985de6df16834de2889e8f0532f21d1b1209eb82ba9f726756f50d5,38.284573,5.960464477539062e-07,"[21,23,10,15,31,4,25,6]",59eeb3890cd1debc7996e557b3682f2aa966c07d10eef0c16dccd32b12b6a49c,8,0,1.0,1.0,1.0,True,0.002857416999177076,True,2.86102294921875e-06,1.7462298274040222e-09,2.2020544747647364e-06,3.026798367500305e-09,2.262297357447096e-06,True,2.444721758365631e-09,True,1.7462298274040222e-09,33.51459884643555,0.9956496953964233,45.95836639404297,0.9991744160652161,40.58262885244269,50.86125946044922,0.9997285008430481,49.0289473100142,0.002695292998396326,0.12070870399475098,0.6125550270080566,0.61810773700563,40,40,40,True,0.005552709997573402
vertical_step,d2538abfe852d6b8ebc9fbd47f65dbb225eb615f1e7ae18b2af1b58aa030fc59,1,responsibility_alpha0.7_gauge_row,gauge,responsibility_row,0.7,32,48,479d193c345320d9718f1ac8f3f8eb6324c1b486aa186f01485f4277b27990bc,8ec969a9d985de6df16834de2889e8f0532f21d1b1209eb82ba9f726756f50d5,38.284573,5.960464477539062e-07,"[21,23,15,10,10,31,25,4]",7c430cb11947e81614b650b43e49dfee6fe603c6e5842a6d2976f482de6e04df,7,1,0.375,0.7777777777777778,0.875,False,0.0044064999965485185,True,2.86102294921875e-06,1.7462298274040222e-09,2.2020544747647364e-06,3.026798367500305e-09,2.262297357447096e-06,True,2.444721758365631e-09,True,1.7462298274040222e-09,33.868324279785156,0.9959022998809814,46.588470458984375,0.9991498589515686,40.70483659443102,55.03736114501953,0.9999376535415649,49.139107675263375,0.0027705230022547767,0.12120914459228516,0.6231868267059326,0.6303638497047359,40,40,40,True,0.007177022998803295
vertical_step,d2538abfe852d6b8ebc9fbd47f65dbb225eb615f1e7ae18b2af1b58aa030fc59,1,responsibility_alpha1_canonical,canonical,responsibility_row,1.0,32,48,479d193c345320d9718f1ac8f3f8eb6324c1b486aa186f01485f4277b27990bc,8ec969a9d985de6df16834de2889e8f0532f21d1b1209eb82ba9f726756f50d5,38.284573,5.960464477539062e-07,"[21,10,23,15,31,4,6,25]",b448591b49edec853bf38aa2ef85179ae35675cfdebfd673c048424aee69e441,8,0,1.0,1.0,1.0,True,0.0030534309989889152,True,2.86102294921875e-06,1.7462298274040222e-09,2.2020544747647364e-06,3.026798367500305e-09,2.262297357447096e-06,True,2.444721758365631e-09,True,1.7462298274040222e-09,33.51459884643555,0.9956496953964233,45.961116790771484,0.999171257019043,40.582876205444336,51.788970947265625,0.9997594356536865,49.022454579671226,0.002698106996831484,0.12066936492919922,0.6250441074371338,0.6307956454329542,40,40,40,True,0.005751537995820399
vertical_step,d2538abfe852d6b8ebc9fbd47f65dbb225eb615f1e7ae18b2af1b58aa030fc59,1,responsibility_alpha1_gauge_row,gauge,responsibility_row,1.0,32,48,479d193c345320d9718f1ac8f3f8eb6324c1b486aa186f01485f4277b27990bc,8ec969a9d985de6df16834de2889e8f0532f21d1b1209eb82ba9f726756f50d5,38.284573,5.960464477539062e-07,"[21,10,10,23,15,31,4,4]",8eec734b1ef389bae71d9a8be0be8cc8298828cda438382f31bb9e2efe893d08,6,2,0.25,0.6,0.75,False,0.004012820005300455,True,2.86102294921875e-06,1.7462298274040222e-09,2.2020544747647364e-06,3.026798367500305e-09,2.262297357447096e-06,True,2.444721758365631e-09,True,1.7462298274040222e-09,34.18231201171875,0.9964276552200317,46.25922775268555,0.9991452693939209,40.68591951069079,55.4130744934082,0.99994957447052,48.39384722468829,0.002715877999435179,0.12195920944213867,0.6154210567474365,0.6221497547521722,40,40,40,True,0.006728698004735634
vertical_step,d2538abfe852d6b8ebc9fbd47f65dbb225eb615f1e7ae18b2af1b58aa030fc59,1,quotient_alpha1_canonical,canonical,quotient_responsibility,1.0,32,48,479d193c345320d9718f1ac8f3f8eb6324c1b486aa186f01485f4277b27990bc,8ec969a9d985de6df16834de2889e8f0532f21d1b1209eb82ba9f726756f50d5,38.284573,5.960464477539062e-07,"[21,10,23,15,31,4,6,25]",b448591b49edec853bf38aa2ef85179ae35675cfdebfd673c048424aee69e441,8,0,1.0,1.0,1.0,True,0.003176000995154027,True,2.86102294921875e-06,1.7462298274040222e-09,2.2020544747647364e-06,3.026798367500305e-09,2.262297357447096e-06,True,2.444721758365631e-09,True,1.7462298274040222e-09,33.51459884643555,0.9956496953964233,45.961116790771484,0.999171257019043,40.582876205444336,51.788970947265625,0.9997594356536865,49.022454579671226,0.002698106996831484,0.12066936492919922,0.6250441074371338,0.6309182154291193,40,40,40,True,0.005874107991985511
vertical_step,d2538abfe852d6b8ebc9fbd47f65dbb225eb615f1e7ae18b2af1b58aa030fc59,1,quotient_alpha1_gauge,gauge,quotient_responsibility,1.0,32,48,479d193c345320d9718f1ac8f3f8eb6324c1b486aa186f01485f4277b27990bc,8ec969a9d985de6df16834de2889e8f0532f21d1b1209eb82ba9f726756f50d5,38.284573,5.960464477539062e-07,"[21,10,23,15,31,4,6,25]",b448591b49edec853bf38aa2ef85179ae35675cfdebfd673c048424aee69e441,8,0,1.0,1.0,1.0,True,0.005275507006444968,True,2.86102294921875e-06,1.7462298274040222e-09,2.2020544747647364e-06,3.026798367500305e-09,2.262297357447096e-06,True,2.444721758365631e-09,True,1.7462298274040222e-09,33.51459884643555,0.9956496953964233,45.961116790771484,0.999171257019043,40.582876205444336,51.788970947265625,0.9997594356536865,49.022454579671226,0.002698106996831484,0.12066936492919922,0.6250441074371338,0.6330177214404102,40,40,40,True,0.007973614003276452
diagonal_step,2f60a9cc0420b931d5936b18d14d40d44b1ef9d726adabb3493e466d36e66816,0,support_canonical,canonical,support_row,,32,48,15fbd2e53c7ff63dc66bd2e368ce9b888cc021a11721f6950a80945d29266bb1,1502d4306979a3e606c824b43b6d250f355eceaf3856c561ab4c2c2bd8bbe372,29.48365,6.556510925292969e-07,"[26,27,21,30,2,13,24,17]",7382e29d3d595d77df4c0c3abd68d95ac8bde2fe1bca4dc70d99742d8c6dda32,8,0,1.0,1.0,1.0,True,0.0033857840026030317,True,1.9073486328125e-06,5.587935447692871e-09,1.100198687709053e-06,7.450580596923828e-09,1.1400653647797299e-06,True,3.725290298461914e-09,True,5.587935447692871e-09,27.646728515625,0.9934445023536682,30.501869201660156,0.9954458475112915,29.076761948434932,32.121360778808594,0.9982740879058838,31.025765929559263,0.002626649002195336,0.23222112655639648,1.1562907695770264,1.1623032025818247,40,40,40,True,0.006012433004798368
diagonal_step,2f60a9cc0420b931d5936b18d14d40d44b1ef9d726adabb3493e466d36e66816,0,support_gauge_row,gauge,support_row,,32,48,15fbd2e53c7ff63dc66bd2e368ce9b888cc021a11721f6950a80945d29266bb1,1502d4306979a3e606c824b43b6d250f355eceaf3856c561ab4c2c2bd8bbe372,29.48365,6.556510925292969e-07,"[26,26,27,21,30,30,2,2]",81ccfb61bb2b0782af91e1d3701d89fd53bf767fdd98d32f3ce0af9958a81964,5,3,0.125,0.45454545454545453,0.625,False,0.0054544830054510385,True,1.9073486328125e-06,5.587935447692871e-09,1.100198687709053e-06,7.450580596923828e-09,1.1400653647797299e-06,True,3.725290298461914e-09,True,5.587935447692871e-09,27.23677635192871,0.9928885698318481,30.46381378173828,0.9951692819595337,28.857378909462376,32.081661224365234,0.998247504234314,30.932817873328624,0.0026708309960667975,0.23866057395935059,1.2203598022460938,1.2284851162476116,40,40,40,True,0.008125314001517836
diagonal_step,2f60a9cc0420b931d5936b18d14d40d44b1ef9d726adabb3493e466d36e66816,0,responsibility_alpha0.7_canonical,canonical,responsibility_row,0.7,32,48,15fbd2e53c7ff63dc66bd2e368ce9b888cc021a11721f6950a80945d29266bb1,1502d4306979a3e606c824b43b6d250f355eceaf3856c561ab4c2c2bd8bbe372,29.48365,6.556510925292969e-07,"[26,27,21,30,2,13,24,5]",7bce4f153dc4843086c22bdd816504c54300fd2a54d68d8aa95ae29b720d47a6,8,0,1.0,1.0,1.0,True,0.00702525999804493,True,1.9073486328125e-06,5.587935447692871e-09,1.100198687709053e-06,7.450580596923828e-09,1.1400653647797299e-06,True,3.725290298461914e-09,True,5.587935447692871e-09,27.542543411254883,0.9931526184082031,30.49750518798828,0.9954032897949219,29.115765822561162,32.08811950683594,0.9982917308807373,31.01213587173308,0.0026654780012904666,0.2345600128173828,1.1545979976654053,1.1642887356647407,40,40,40,True,0.009690737999335397
diagonal_step,2f60a9cc0420b931d5936b18d14d40d44b1ef9d726adabb3493e466d36e66816,0,responsibility_alpha0.7_gauge_row,gauge,responsibility_row,0.7,32,48,15fbd2e53c7ff63dc66bd2e368ce9b888cc021a11721f6950a80945d29266bb1,1502d4306979a3e606c824b43b6d250f355eceaf3856c561ab4c2c2bd8bbe372,29.48365,6.556510925292969e-07,"[26,26,27,21,30,30,2,2]",81ccfb61bb2b0782af91e1d3701d89fd53bf767fdd98d32f3ce0af9958a81964,5,3,0.125,0.45454545454545453,0.625,False,0.014338619002955966,True,1.9073486328125e-06,5.587935447692871e-09,1.100198687709053e-06,7.450580596923828e-09,1.1400653647797299e-06,True,3.725290298461914e-09,True,5.587935447692871e-09,27.23677635192871,0.9928885698318481,30.46381378173828,0.9951692819595337,28.857378909462376,32.081661224365234,0.998247504234314,30.932817873328624,0.0026708309960667975,0.23866057395935059,1.2203598022460938,1.2373692522451165,40,40,40,True,0.017009449999022763
diagonal_step,2f60a9cc0420b931d5936b18d14d40d44b1ef9d726adabb3493e466d36e66816,0,responsibility_alpha1_canonical,canonical,responsibility_row,1.0,32,48,15fbd2e53c7ff63dc66bd2e368ce9b888cc021a11721f6950a80945d29266bb1,1502d4306979a3e606c824b43b6d250f355eceaf3856c561ab4c2c2bd8bbe372,29.48365,6.556510925292969e-07,"[26,27,21,30,2,13,24,5]",7bce4f153dc4843086c22bdd816504c54300fd2a54d68d8aa95ae29b720d47a6,8,0,1.0,1.0,1.0,True,0.007224178996693809,True,1.9073486328125e-06,5.587935447692871e-09,1.100198687709053e-06,7.450580596923828e-09,1.1400653647797299e-06,True,3.725290298461914e-09,True,5.587935447692871e-09,27.542543411254883,0.9931526184082031,30.49750518798828,0.9954032897949219,29.115765822561162,32.08811950683594,0.9982917308807373,31.01213587173308,0.0026654780012904666,0.2345600128173828,1.1545979976654053,1.1644876546633895,40,40,40,True,0.009889656997984275
diagonal_step,2f60a9cc0420b931d5936b18d14d40d44b1ef9d726adabb3493e466d36e66816,0,responsibility_alpha1_gauge_row,gauge,responsibility_row,1.0,32,48,15fbd2e53c7ff63dc66bd2e368ce9b888cc021a11721f6950a80945d29266bb1,1502d4306979a3e606c824b43b6d250f355eceaf3856c561ab4c2c2bd8bbe372,29.48365,6.556510925292969e-07,"[26,26,27,21,30,30,2,2]",81ccfb61bb2b0782af91e1d3701d89fd53bf767fdd98d32f3ce0af9958a81964,5,3,0.125,0.45454545454545453,0.625,False,0.012496324998210184,True,1.9073486328125e-06,5.587935447692871e-09,1.100198687709053e-06,7.450580596923828e-09,1.1400653647797299e-06,True,3.725290298461914e-09,True,5.587935447692871e-09,27.23677635192871,0.9928885698318481,30.46381378173828,0.9951692819595337,28.857378909462376,32.081661224365234,0.998247504234314,30.932817873328624,0.0026708309960667975,0.23866057395935059,1.2203598022460938,1.2355269582403707,40,40,40,True,0.015167155994276982
diagonal_step,2f60a9cc0420b931d5936b18d14d40d44b1ef9d726adabb3493e466d36e66816,0,quotient_alpha1_canonical,canonical,quotient_responsibility,1.0,32,48,15fbd2e53c7ff63dc66bd2e368ce9b888cc021a11721f6950a80945d29266bb1,1502d4306979a3e606c824b43b6d250f355eceaf3856c561ab4c2c2bd8bbe372,29.48365,6.556510925292969e-07,"[26,27,21,30,2,13,24,5]",7bce4f153dc4843086c22bdd816504c54300fd2a54d68d8aa95ae29b720d47a6,8,0,1.0,1.0,1.0,True,0.007270681999216322,True,1.9073486328125e-06,5.587935447692871e-09,1.100198687709053e-06,7.450580596923828e-09,1.1400653647797299e-06,True,3.725290298461914e-09,True,5.587935447692871e-09,27.542543411254883,0.9931526184082031,30.49750518798828,0.9954032897949219,29.115765822561162,32.08811950683594,0.9982917308807373,31.01213587173308,0.0026654780012904666,0.2345600128173828,1.1545979976654053,1.164534157665912,40,40,40,True,0.009936160000506788
diagonal_step,2f60a9cc0420b931d5936b18d14d40d44b1ef9d726adabb3493e466d36e66816,0,quotient_alpha1_gauge,gauge,quotient_responsibility,1.0,32,48,15fbd2e53c7ff63dc66bd2e368ce9b888cc021a11721f6950a80945d29266bb1,1502d4306979a3e606c824b43b6d250f355eceaf3856c561ab4c2c2bd8bbe372,29.48365,6.556510925292969e-07,"[26,27,21,30,2,13,24,5]",7bce4f153dc4843086c22bdd816504c54300fd2a54d68d8aa95ae29b720d47a6,8,0,1.0,1.0,1.0,True,0.01407492600264959,True,1.9073486328125e-06,5.587935447692871e-09,1.100198687709053e-06,7.450580596923828e-09,1.1400653647797299e-06,True,3.725290298461914e-09,True,5.587935447692871e-09,27.542543411254883,0.9931526184082031,30.49750518798828,0.9954032897949219,29.115765822561162,32.08811950683594,0.9982917308807373,31.01213587173308,0.0026654780012904666,0.2345600128173828,1.1545979976654053,1.1713384016693453,40,40,40,True,0.016740404003940057
diagonal_step,2f60a9cc0420b931d5936b18d14d40d44b1ef9d726adabb3493e466d36e66816,1,support_canonical,canonical,support_row,,32,48,26b191dc406b132644226f90dbc6fe6b9f4feb3282b537370e7c83602058ee44,d02f555d50e8a8c5af9a828265a7d867a487804ba367e3c743be4cc73f7a9535,28.723663,8.344650268554688e-07,"[26,28,23,3,19,5,22,7]",12a035ebb1586a83366122f61413bed24d3df30183b20813ca381ddfff8c8e7b,8,0,1.0,1.0,1.0,True,0.00308352099818876,True,2.384185791015625e-06,3.725290298461914e-09,4.7179938178487646e-07,7.450580596923828e-09,5.03724152167706e-07,True,7.450580596923828e-09,True,3.725290298461914e-09,27.255958557128906,0.993377685546875,30.394336700439453,0.9968641996383667,29.13729436774003,31.796085357666016,0.9979137778282166,30.896584019516453,0.002544713999668602,0.22014522552490234,1.1306819915771484,1.1363102265750058,40,40,40,True,0.005628234997857362
diagonal_step,2f60a9cc0420b931d5936b18d14d40d44b1ef9d726adabb3493e466d36e66816,1,support_gauge_row,gauge,support_row,,32,48,26b191dc406b132644226f90dbc6fe6b9f4feb3282b537370e7c83602058ee44,d02f555d50e8a8c5af9a828265a7d867a487804ba367e3c743be4cc73f7a9535,28.723663,8.344650268554688e-07,"[26,26,28,28,23,3,19,5]",b8aefe763853808e23850f9c6d1820d6d8f52755ff1100f818327d5e8434a316,6,2,0.125,0.6,0.75,False,0.005157414998393506,True,2.384185791015625e-06,3.725290298461914e-09,4.7179938178487646e-07,7.450580596923828e-09,5.03724152167706e-07,True,7.450580596923828e-09,True,3.725290298461914e-09,26.905517578125,0.9928725361824036,30.378034591674805,0.9963217377662659,28.908303110223066,31.758020401000977,0.9974938035011292,30.897617224491004,0.0027208239989704452,0.24876618385314941,1.2034969329833984,1.2113751719807624,40,40,40,True,0.007878238997363951
diagonal_step,2f60a9cc0420b931d5936b18d14d40d44b1ef9d726adabb3493e466d36e66816,1,responsibility_alpha0.7_canonical,canonical,responsibility_row,0.7,32,48,26b191dc406b132644226f90dbc6fe6b9f4feb3282b537370e7c83602058ee44,d02f555d50e8a8c5af9a828265a7d867a487804ba367e3c743be4cc73f7a9535,28.723663,8.344650268554688e-07,"[26,28,23,3,19,5,22,7]",12a035ebb1586a83366122f61413bed24d3df30183b20813ca381ddfff8c8e7b,8,0,1.0,1.0,1.0,True,0.006392756004061084,True,2.384185791015625e-06,3.725290298461914e-09,4.7179938178487646e-07,7.450580596923828e-09,5.03724152167706e-07,True,7.450580596923828e-09,True,3.725290298461914e-09,27.255958557128906,0.993377685546875,30.394336700439453,0.9968641996383667,29.13729436774003,31.796085357666016,0.9979137778282166,30.896584019516453,0.002544713999668602,0.22014522552490234,1.1306819915771484,1.1396194615808781,40,40,40,True,0.008937470003729686
diagonal_step,2f60a9cc0420b931d5936b18d14d40d44b1ef9d726adabb3493e466d36e66816,1,responsibility_alpha0.7_gauge_row,gauge,responsibility_row,0.7,32,48,26b191dc406b132644226f90dbc6fe6b9f4feb3282b537370e7c83602058ee44,d02f555d50e8a8c5af9a828265a7d867a487804ba367e3c743be4cc73f7a9535,28.723663,8.344650268554688e-07,"[26,26,23,3,28,28,19,5]",70c4dc5c4e93eb247f883b55820e53daca4cc7dc7a540d8e2d0b13842e6e0dc2,6,2,0.375,0.6,0.75,False,0.010998839999956544,True,2.384185791015625e-06,3.725290298461914e-09,4.7179938178487646e-07,7.450580596923828e-09,5.03724152167706e-07,True,7.450580596923828e-09,True,3.725290298461914e-09,26.905517578125,0.9928725361824036,30.378015518188477,0.9963222146034241,28.908304063897383,31.850387573242188,0.9979493618011475,30.900631721573646,0.0027988699948764406,0.23960447311401367,1.3518974781036377,1.3656951880984707,40,40,40,True,0.013797709994832985
diagonal_step,2f60a9cc0420b931d5936b18d14d40d44b1ef9d726adabb3493e466d36e66816,1,responsibility_alpha1_canonical,canonical,responsibility_row,1.0,32,48,26b191dc406b132644226f90dbc6fe6b9f4feb3282b537370e7c83602058ee44,d02f555d50e8a8c5af9a828265a7d867a487804ba367e3c743be4cc73f7a9535,28.723663,8.344650268554688e-07,"[26,28,3,23,19,5,22,7]",eb8e3ec37484b96f66766aa16f116c2920bc1afc1a4f05c9ed5ce287df202474,8,0,1.0,1.0,1.0,True,0.006294147999142297,True,2.384185791015625e-06,3.725290298461914e-09,4.7179938178487646e-07,7.450580596923828e-09,5.03724152167706e-07,True,7.450580596923828e-09,True,3.725290298461914e-09,27.255958557128906,0.993377685546875,30.39455223083496,0.9968639016151428,29.137290051108913,31.766109466552734,0.9976479411125183,30.90292278443924,0.0034125890015275218,0.27216124534606934,1.4061901569366455,1.4158968939373153,40,40,40,True,0.009706737000669818
diagonal_step,2f60a9cc0420b931d5936b18d14d40d44b1ef9d726adabb3493e466d36e66816,1,responsibility_alpha1_gauge_row,gauge,responsibility_row,1.0,32,48,26b191dc406b132644226f90dbc6fe6b9f4feb3282b537370e7c83602058ee44,d02f555d50e8a8c5af9a828265a7d867a487804ba367e3c743be4cc73f7a9535,28.723663,8.344650268554688e-07,"[26,26,28,28,3,23,19,5]",31825472b3e5cad865d03ad9103e6260186e0d12b08ba811e4c8de0992977e4b,6,2,0.125,0.6,0.75,False,0.010647065995726734,True,2.384185791015625e-06,3.725290298461914e-09,4.7179938178487646e-07,7.450580596923828e-09,5.03724152167706e-07,True,7.450580596923828e-09,True,3.725290298461914e-09,26.905517578125,0.9928725361824036,30.377113342285156,0.9963203072547913,28.90806178042763,31.7958927154541,0.9979492425918579,30.901362891149038,0.0036729580024257302,0.3677499294281006,2.8458380699157715,2.860158093913924,40,40,40,True,0.014320023998152465
diagonal_step,2f60a9cc0420b931d5936b18d14d40d44b1ef9d726adabb3493e466d36e66816,1,quotient_alpha1_canonical,canonical,quotient_responsibility,1.0,32,48,26b191dc406b132644226f90dbc6fe6b9f4feb3282b537370e7c83602058ee44,d02f555d50e8a8c5af9a828265a7d867a487804ba367e3c743be4cc73f7a9535,28.723663,8.344650268554688e-07,"[26,28,3,23,19,5,22,7]",eb8e3ec37484b96f66766aa16f116c2920bc1afc1a4f05c9ed5ce287df202474,8,0,1.0,1.0,1.0,True,0.006836732994997874,True,2.384185791015625e-06,3.725290298461914e-09,4.7179938178487646e-07,7.450580596923828e-09,5.03724152167706e-07,True,7.450580596923828e-09,True,3.725290298461914e-09,27.255958557128906,0.993377685546875,30.39455223083496,0.9968639016151428,29.137290051108913,31.766109466552734,0.9976479411125183,30.90292278443924,0.0034125890015275218,0.27216124534606934,1.4061901569366455,1.416439478933171,40,40,40,True,0.010249321996525396
diagonal_step,2f60a9cc0420b931d5936b18d14d40d44b1ef9d726adabb3493e466d36e66816,1,quotient_alpha1_gauge,gauge,quotient_responsibility,1.0,32,48,26b191dc406b132644226f90dbc6fe6b9f4feb3282b537370e7c83602058ee44,d02f555d50e8a8c5af9a828265a7d867a487804ba367e3c743be4cc73f7a9535,28.723663,8.344650268554688e-07,"[26,28,3,23,19,5,22,7]",eb8e3ec37484b96f66766aa16f116c2920bc1afc1a4f05c9ed5ce287df202474,8,0,1.0,1.0,1.0,True,0.01188653300050646,True,2.384185791015625e-06,3.725290298461914e-09,4.7179938178487646e-07,7.450580596923828e-09,5.03724152167706e-07,True,7.450580596923828e-09,True,3.725290298461914e-09,27.255958557128906,0.993377685546875,30.39455223083496,0.9968639016151428,29.137290051108913,31.766109466552734,0.9976479411125183,30.90292278443924,0.0034125890015275218,0.27216124534606934,1.4061901569366455,1.4214892789386795,40,40,40,True,0.015299122002033982
corner,5a0a25f86faa2713b9f90ad376a4ad91e11aeacd641186a5568eae5a597cc97d,0,support_canonical,canonical,support_row,,32,48,319f7900421e7e6fa50aed0ce9766f0a91c1905c182a415b5a746691f9a14954,42f8bc781f7c13306e548c413f2becb7b7d131b38262ce08de3ea43b33b621be,24.795883,5.364418029785156e-07,"[11,5,17,19,0,2,12,1]",a79c4633ccd7aacd72e0ad89afd772599a1ca8744b0247a77290486686d9c42d,8,0,1.0,1.0,1.0,True,0.005066112993517891,True,1.6689300537109375e-06,2.7939677238464355e-09,4.685915655500139e-07,7.450580596923828e-09,4.5523228209276567e-07,True,5.587935447692871e-09,True,2.7939677238464355e-09,24.266035079956055,0.9507424235343933,27.442485809326172,0.9800264835357666,25.843707185042533,37.31066131591797,0.9976876378059387,31.01492460809573,0.005011110995837953,0.25102806091308594,0.915308952331543,0.9253861763208988,40,40,40,True,0.010077223989355844
corner,5a0a25f86faa2713b9f90ad376a4ad91e11aeacd641186a5568eae5a597cc97d,0,support_gauge_row,gauge,support_row,,32,48,319f7900421e7e6fa50aed0ce9766f0a91c1905c182a415b5a746691f9a14954,42f8bc781f7c13306e548c413f2becb7b7d131b38262ce08de3ea43b33b621be,24.795883,5.364418029785156e-07,"[11,5,17,19,0,0,2,2]",1e6aac42e462a30fa57d18d08adbe75ebbf6725de40b6abd5ba316b88b24d2d2,6,2,0.625,0.6,0.75,False,0.003265218998421915,True,1.6689300537109375e-06,2.7939677238464355e-09,4.685915655500139e-07,7.450580596923828e-09,4.5523228209276567e-07,True,5.587935447692871e-09,True,2.7939677238464355e-09,24.14248275756836,0.9489434957504272,27.671672821044922,0.9816547632217407,25.979641312047054,36.26674270629883,0.9972085356712341,31.20366185120862,0.0029024969990132377,0.11802291870117188,0.5237646102905273,0.5299323262879625,40,40,40,True,0.0061677159974351525
corner,5a0a25f86faa2713b9f90ad376a4ad91e11aeacd641186a5568eae5a597cc97d,0,responsibility_alpha0.7_canonical,canonical,responsibility_row,0.7,32,48,319f7900421e7e6fa50aed0ce9766f0a91c1905c182a415b5a746691f9a14954,42f8bc781f7c13306e548c413f2becb7b7d131b38262ce08de3ea43b33b621be,24.795883,5.364418029785156e-07,"[17,1,0,5,11,7,10,23]",e4d873c6d0b1d61a1ffa9c56c7634eb8ff68cadcea79d9db8fdad7410e1879e2,8,0,1.0,1.0,1.0,True,0.00441627800319111,True,1.6689300537109375e-06,2.7939677238464355e-09,4.685915655500139e-07,7.450580596923828e-09,4.5523228209276567e-07,True,5.587935447692871e-09,True,2.7939677238464355e-09,24.029937744140625,0.949359118938446,27.458969116210938,0.9799734950065613,25.804522062602796,38.407073974609375,0.9977079033851624,32.347555796305336,0.0027339209991623648,0.11176633834838867,0.550628662109375,0.5577788611117285,40,40,40,True,0.0071501990023534745
corner,5a0a25f86faa2713b9f90ad376a4ad91e11aeacd641186a5568eae5a597cc97d,0,responsibility_alpha0.7_gauge_row,gauge,responsibility_row,0.7,32,48,319f7900421e7e6fa50aed0ce9766f0a91c1905c182a415b5a746691f9a14954,42f8bc781f7c13306e548c413f2becb7b7d131b38262ce08de3ea43b33b621be,24.795883,5.364418029785156e-07,"[17,1,5,0,0,11,7,23]",4b394a13a94308b3a6301c6c87e22f899292c00bd2e367e9361b75d3ea6000bd,7,1,0.375,0.7777777777777778,0.875,False,0.004858767999394331,True,1.6689300537109375e-06,2.7939677238464355e-09,4.685915655500139e-07,7.450580596923828e-09,4.5523228209276567e-07,True,5.587935447692871e-09,True,2.7939677238464355e-09,23.856903076171875,0.9470404386520386,27.414039611816406,0.9795915484428406,25.69733092659398,36.94208526611328,0.9970506429672241,31.94165977323898,0.003042691998416558,0.12325406074523926,0.5650904178619385,0.5729918778597494,40,40,40,True,0.007901459997810889
corner,5a0a25f86faa2713b9f90ad376a4ad91e11aeacd641186a5568eae5a597cc97d,0,responsibility_alpha1_canonical,canonical,responsibility_row,1.0,32,48,319f7900421e7e6fa50aed0ce9766f0a91c1905c182a415b5a746691f9a14954,42f8bc781f7c13306e548c413f2becb7b7d131b38262ce08de3ea43b33b621be,24.795883,5.364418029785156e-07,"[17,5,19,11,0,12,31,23]",0a3ba81d463090f87853515a677a109ea40db689d2cf533b7d428590ca7b4fe4,8,0,1.0,1.0,1.0,True,0.0035599439943325706,True,1.6689300537109375e-06,2.7939677238464355e-09,4.685915655500139e-07,7.450580596923828e-09,4.5523228209276567e-07,True,5.587935447692871e-09,True,2.7939677238464355e-09,24.344741821289062,0.9514392614364624,27.72701644897461,0.9822567105293274,26.08427449276573,38.590980529785156,0.9982770681381226,32.571183098687065,0.0031850320010562427,0.1116182804107666,0.525230884552002,0.5319758605473908,40,40,40,True,0.006744975995388813
corner,5a0a25f86faa2713b9f90ad376a4ad91e11aeacd641186a5568eae5a597cc97d,0,responsibility_alpha1_gauge_row,gauge,responsibility_row,1.0,32,48,319f7900421e7e6fa50aed0ce9766f0a91c1905c182a415b5a746691f9a14954,42f8bc781f7c13306e548c413f2becb7b7d131b38262ce08de3ea43b33b621be,24.795883,5.364418029785156e-07,"[17,5,19,11,0,0,12,12]",125f17cf3eb6a3005096c26ba46e00ed45906867a0e52fa024b641fb11dbbecd,6,2,0.625,0.6,0.75,False,0.00533519600139698,True,1.6689300537109375e-06,2.7939677238464355e-09,4.685915655500139e-07,7.450580596923828e-09,4.5523228209276567e-07,True,5.587935447692871e-09,True,2.7939677238464355e-09,24.099666595458984,0.9487452507019043,27.557470321655273,0.9806995391845703,25.920032752187627,37.306312561035156,0.9975378513336182,31.545122994316948,0.002683120001165662,0.1101539134979248,0.5467114448547363,0.554729760857299,40,40,40,True,0.008018316002562642
corner,5a0a25f86faa2713b9f90ad376a4ad91e11aeacd641186a5568eae5a597cc97d,0,quotient_alpha1_canonical,canonical,quotient_responsibility,1.0,32,48,319f7900421e7e6fa50aed0ce9766f0a91c1905c182a415b5a746691f9a14954,42f8bc781f7c13306e548c413f2becb7b7d131b38262ce08de3ea43b33b621be,24.795883,5.364418029785156e-07,"[17,5,19,11,0,12,31,23]",0a3ba81d463090f87853515a677a109ea40db689d2cf533b7d428590ca7b4fe4,8,0,1.0,1.0,1.0,True,0.003177560996846296,True,1.6689300537109375e-06,2.7939677238464355e-09,4.685915655500139e-07,7.450580596923828e-09,4.5523228209276567e-07,True,5.587935447692871e-09,True,2.7939677238464355e-09,24.344741821289062,0.9514392614364624,27.72701644897461,0.9822567105293274,26.08427449276573,38.590980529785156,0.9982770681381226,32.571183098687065,0.0031850320010562427,0.1116182804107666,0.525230884552002,0.5315934775499045,40,40,40,True,0.006362592997902539
corner,5a0a25f86faa2713b9f90ad376a4ad91e11aeacd641186a5568eae5a597cc97d,0,quotient_alpha1_gauge,gauge,quotient_responsibility,1.0,32,48,319f7900421e7e6fa50aed0ce9766f0a91c1905c182a415b5a746691f9a14954,42f8bc781f7c13306e548c413f2becb7b7d131b38262ce08de3ea43b33b621be,24.795883,5.364418029785156e-07,"[17,5,19,11,0,12,31,23]",0a3ba81d463090f87853515a677a109ea40db689d2cf533b7d428590ca7b4fe4,8,0,1.0,1.0,1.0,True,0.00641106999682961,True,1.6689300537109375e-06,2.7939677238464355e-09,4.685915655500139e-07,7.450580596923828e-09,4.5523228209276567e-07,True,5.587935447692871e-09,True,2.7939677238464355e-09,24.344741821289062,0.9514392614364624,27.72701644897461,0.9822567105293274,26.08427449276573,38.590980529785156,0.9982770681381226,32.571183098687065,0.0031850320010562427,0.1116182804107666,0.525230884552002,0.5348269865498878,40,40,40,True,0.009596101997885853
corner,5a0a25f86faa2713b9f90ad376a4ad91e11aeacd641186a5568eae5a597cc97d,1,support_canonical,canonical,support_row,,32,48,7a6d4168c2e0ce23fa04eaf6976fa572f7d5edef3254b6a7dee2cc0996cb5f98,a5fb9da90236c472c5c33b71814d3b82a1c381fd3f0d33bd0f5fa9014251f6ab,24.503128,5.364418029785156e-07,"[11,2,17,19,29,30,21,5]",08b31bf08b78d2662b97e022e463535ee324650c327f8ff7340fdd15947ef415,8,0,1.0,1.0,1.0,True,0.0016033399951993488,True,1.9073486328125e-06,5.587935447692871e-09,5.056264740233019e-07,9.313225746154785e-09,5.607439561572392e-07,True,9.313225746154785e-09,True,5.587935447692871e-09,23.690322875976562,0.9489843249320984,27.168214797973633,0.980817437171936,25.572853289152448,35.130924224853516,0.9973560571670532,30.459455644241487,0.0025347780028823763,0.12617230415344238,0.5639426708221436,0.5680807888202253,40,40,40,True,0.004138117998081725
corner,5a0a25f86faa2713b9f90ad376a4ad91e11aeacd641186a5568eae5a597cc97d,1,support_gauge_row,gauge,support_row,,32,48,7a6d4168c2e0ce23fa04eaf6976fa572f7d5edef3254b6a7dee2cc0996cb5f98,a5fb9da90236c472c5c33b71814d3b82a1c381fd3f0d33bd0f5fa9014251f6ab,24.503128,5.364418029785156e-07,"[11,2,2,17,19,29,30,30]",9202d51bdb08bd7214466f9e5c6d13dcaadf364449321ca2e676747f2188a019,6,2,0.25,0.6,0.75,False,0.002102863996697124,True,1.9073486328125e-06,5.587935447692871e-09,5.056264740233019e-07,9.313225746154785e-09,5.607439561572392e-07,True,9.313225746154785e-09,True,5.587935447692871e-09,23.65300941467285,0.9484801292419434,26.80006217956543,0.9788255095481873,25.403549846849945,35.154537200927734,0.9970307350158691,30.32962027463046,0.0025925219961209223,0.12064480781555176,0.563117504119873,0.5678128901126911,40,40,40,True,0.004695385992818046
corner,5a0a25f86faa2713b9f90ad376a4ad91e11aeacd641186a5568eae5a597cc97d,1,responsibility_alpha0.7_canonical,canonical,responsibility_row,0.7,32,48,7a6d4168c2e0ce23fa04eaf6976fa572f7d5edef3254b6a7dee2cc0996cb5f98,a5fb9da90236c472c5c33b71814d3b82a1c381fd3f0d33bd0f5fa9014251f6ab,24.503128,5.364418029785156e-07,"[17,30,29,24,11,6,2,10]",fb618001e0d0c7a4f34ea6304cf0dfe46d22b395a608ab3558d32e5008d2da3d,8,0,1.0,1.0,1.0,True,0.0029943999979877844,True,1.9073486328125e-06,5.587935447692871e-09,5.056264740233019e-07,9.313225746154785e-09,5.607439561572392e-07,True,9.313225746154785e-09,True,5.587935447692871e-09,23.683298110961914,0.9493590593338013,27.0589599609375,0.9808050394058228,25.557830408999795,34.4939079284668,0.9959561824798584,30.41732656112825,0.002589385003375355,0.12274575233459473,0.5696134567260742,0.5751972417274374,40,40,40,True,0.00558378500136314
corner,5a0a25f86faa2713b9f90ad376a4ad91e11aeacd641186a5568eae5a597cc97d,1,responsibility_alpha0.7_gauge_row,gauge,responsibility_row,0.7,32,48,7a6d4168c2e0ce23fa04eaf6976fa572f7d5edef3254b6a7dee2cc0996cb5f98,a5fb9da90236c472c5c33b71814d3b82a1c381fd3f0d33bd0f5fa9014251f6ab,24.503128,5.364418029785156e-07,"[17,30,30,29,11,24,24,5]",f88427d4231f3775f7de880e6636a299ab9e2cd7047a74fa3b88cee821f8f244,6,2,0.375,0.45454545454545453,0.5555555555555556,False,0.0039825679996283725,True,1.9073486328125e-06,5.587935447692871e-09,5.056264740233019e-07,9.313225746154785e-09,5.607439561572392e-07,True,9.313225746154785e-09,True,5.587935447692871e-09,23.350027084350586,0.9466856122016907,26.797876358032227,0.9793059825897217,25.37776942002146,35.59033203125,0.9970994591712952,30.548912809352682,0.0027031239951611497,0.12101888656616211,0.5861785411834717,0.5928642331782612,40,40,40,True,0.006685691994789522
corner,5a0a25f86faa2713b9f90ad376a4ad91e11aeacd641186a5568eae5a597cc97d,1,responsibility_alpha1_canonical,canonical,responsibility_row,1.0,32,48,7a6d4168c2e0ce23fa04eaf6976fa572f7d5edef3254b6a7dee2cc0996cb5f98,a5fb9da90236c472c5c33b71814d3b82a1c381fd3f0d33bd0f5fa9014251f6ab,24.503128,5.364418029785156e-07,"[17,19,2,11,29,30,24,21]",5767e17494a94f94f95b3de0336b4b6d091c674b8a1dcf0b0cb322343e576d2b,8,0,1.0,1.0,1.0,True,0.002826190000632778,True,1.9073486328125e-06,5.587935447692871e-09,5.056264740233019e-07,9.313225746154785e-09,5.607439561572392e-07,True,9.313225746154785e-09,True,5.587935447692871e-09,23.625595092773438,0.9496785402297974,26.988361358642578,0.9797223210334778,25.42374907041851,34.04294204711914,0.9964583516120911,30.009159165199357,0.002745735997450538,0.12513089179992676,0.5783894062042236,0.583961332202307,40,40,40,True,0.005571925998083316
corner,5a0a25f86faa2713b9f90ad376a4ad91e11aeacd641186a5568eae5a597cc97d,1,responsibility_alpha1_gauge_row,gauge,responsibility_row,1.0,32,48,7a6d4168c2e0ce23fa04eaf6976fa572f7d5edef3254b6a7dee2cc0996cb5f98,a5fb9da90236c472c5c33b71814d3b82a1c381fd3f0d33bd0f5fa9014251f6ab,24.503128,5.364418029785156e-07,"[17,19,2,2,11,29,30,30]",c558ef3f255570028a670a0e7e03bb5dea55e2381aa54175cd001d29e94b0b10,6,2,0.375,0.6,0.75,False,0.0039034569999785163,True,1.9073486328125e-06,5.587935447692871e-09,5.056264740233019e-07,9.313225746154785e-09,5.607439561572392e-07,True,9.313225746154785e-09,True,5.587935447692871e-09,23.65300941467285,0.9484801292419434,26.799835205078125,0.978823184967041,25.403547286987305,35.130123138427734,0.9969688653945923,30.32191316045896,0.0026277119977748953,0.11875104904174805,0.5695445537567139,0.5760757227544673,40,40,40,True,0.0065311689977534115
corner,5a0a25f86faa2713b9f90ad376a4ad91e11aeacd641186a5568eae5a597cc97d,1,quotient_alpha1_canonical,canonical,quotient_responsibility,1.0,32,48,7a6d4168c2e0ce23fa04eaf6976fa572f7d5edef3254b6a7dee2cc0996cb5f98,a5fb9da90236c472c5c33b71814d3b82a1c381fd3f0d33bd0f5fa9014251f6ab,24.503128,5.364418029785156e-07,"[17,19,2,11,29,30,24,21]",5767e17494a94f94f95b3de0336b4b6d091c674b8a1dcf0b0cb322343e576d2b,8,0,1.0,1.0,1.0,True,0.0032872850060812198,True,1.9073486328125e-06,5.587935447692871e-09,5.056264740233019e-07,9.313225746154785e-09,5.607439561572392e-07,True,9.313225746154785e-09,True,5.587935447692871e-09,23.625595092773438,0.9496785402297974,26.988361358642578,0.9797223210334778,25.42374907041851,34.04294204711914,0.9964583516120911,30.009159165199357,0.002745735997450538,0.12513089179992676,0.5783894062042236,0.5844224272077554,40,40,40,True,0.006033021003531758
corner,5a0a25f86faa2713b9f90ad376a4ad91e11aeacd641186a5568eae5a597cc97d,1,quotient_alpha1_gauge,gauge,quotient_responsibility,1.0,32,48,7a6d4168c2e0ce23fa04eaf6976fa572f7d5edef3254b6a7dee2cc0996cb5f98,a5fb9da90236c472c5c33b71814d3b82a1c381fd3f0d33bd0f5fa9014251f6ab,24.503128,5.364418029785156e-07,"[17,19,2,11,29,30,24,21]",5767e17494a94f94f95b3de0336b4b6d091c674b8a1dcf0b0cb322343e576d2b,8,0,1.0,1.0,1.0,True,0.005181101005291566,True,1.9073486328125e-06,5.587935447692871e-09,5.056264740233019e-07,9.313225746154785e-09,5.607439561572392e-07,True,9.313225746154785e-09,True,5.587935447692871e-09,23.625595092773438,0.9496785402297974,26.988361358642578,0.9797223210334778,25.42374907041851,34.04294204711914,0.9964583516120911,30.009159165199357,0.002745735997450538,0.12513089179992676,0.5783894062042236,0.5863162432069657,40,40,40,True,0.007926837002742104
disk,91a678b9b6bcebdf9ba7c6cdcc5a955cda04c2bf32e67aa73d59f0b123a19536,0,support_canonical,canonical,support_row,,32,48,9a6c852965e04a901db115a5ea1bedb9b40fafcd8b3a1f47e309c488dd898570,882f65d79785965843ffef8b741a456e3fc169984d496feb7f4013fd39ef965c,23.043615,4.76837158203125e-07,"[22,19,4,25,17,2,6,28]",fa2c4618f8c3d3f9c867ee055e963f9f1b5d4f97df7eeaa9e8c18a84b1b4552e,8,0,1.0,1.0,1.0,True,0.0017179010028485209,True,1.430511474609375e-06,7.450580596923828e-09,4.069430872277735e-07,1.4901161193847656e-08,4.0384978206020605e-07,True,1.4901161193847656e-08,True,7.450580596923828e-09,22.561635971069336,0.9535843729972839,26.120315551757812,0.9863159656524658,24.38557629836233,39.0679817199707,0.999376118183136,30.314374625080763,0.0025552189981681295,0.12656736373901367,0.5903072357177734,0.5945803557187901,40,40,40,True,0.00427312000101665
disk,91a678b9b6bcebdf9ba7c6cdcc5a955cda04c2bf32e67aa73d59f0b123a19536,0,support_gauge_row,gauge,support_row,,32,48,9a6c852965e04a901db115a5ea1bedb9b40fafcd8b3a1f47e309c488dd898570,882f65d79785965843ffef8b741a456e3fc169984d496feb7f4013fd39ef965c,23.043615,4.76837158203125e-07,"[22,22,19,4,4,25,17,2]",1f396e893d4c02e0645f96f3bd69f0e98fd4760ec014d1a40784523eef1b4416,6,2,0.125,0.6,0.75,False,0.002266168005007785,True,1.430511474609375e-06,7.450580596923828e-09,4.069430872277735e-07,1.4901161193847656e-08,4.0384978206020605e-07,True,1.4901161193847656e-08,True,7.450580596923828e-09,22.6455020904541,0.954516589641571,26.360034942626953,0.9877045154571533,24.48211293471487,38.6361083984375,0.9993058443069458,30.908729427992697,0.0026479469961486757,0.1242818832397461,0.566124677658081,0.5710387926592375,40,40,40,True,0.0049141150011564605
disk,91a678b9b6bcebdf9ba7c6cdcc5a955cda04c2bf32e67aa73d59f0b123a19536,0,responsibility_alpha0.7_canonical,canonical,responsibility_row,0.7,32,48,9a6c852965e04a901db115a5ea1bedb9b40fafcd8b3a1f47e309c488dd898570,882f65d79785965843ffef8b741a456e3fc169984d496feb7f4013fd39ef965c,23.043615,4.76837158203125e-07,"[22,4,19,17,2,29,25,28]",df5b3e03cb874139c7524ecbe1901bb993e4d1ff403ac73d8cda33c70a4dceb5,8,0,1.0,1.0,1.0,True,0.0032911529997363687,True,1.430511474609375e-06,7.450580596923828e-09,4.069430872277735e-07,1.4901161193847656e-08,4.0384978206020605e-07,True,1.4901161193847656e-08,True,7.450580596923828e-09,22.58529281616211,0.9538462162017822,25.828649520874023,0.9841475486755371,24.260811554758174,34.51810836791992,0.9987615346908569,29.163096861405805,0.0026786340022226796,0.12430286407470703,0.5808084011077881,0.5867781881097471,40,40,40,True,0.005969787001959048
disk,91a678b9b6bcebdf9ba7c6cdcc5a955cda04c2bf32e67aa73d59f0b123a19536,0,responsibility_alpha0.7_gauge_row,gauge,responsibility_row,0.7,32,48,9a6c852965e04a901db115a5ea1bedb9b40fafcd8b3a1f47e309c488dd898570,882f65d79785965843ffef8b741a456e3fc169984d496feb7f4013fd39ef965c,23.043615,4.76837158203125e-07,"[22,22,19,17,29,25,4,4]",8d2cb09d5ff52c36982cffc98978f9d6ea1dd43f20ef5f72b4ee4ac286dafd26,6,2,0.375,0.6,0.75,False,0.005195017998630647,True,1.430511474609375e-06,7.450580596923828e-09,4.069430872277735e-07,1.4901161193847656e-08,4.0384978206020605e-07,True,1.4901161193847656e-08,True,7.450580596923828e-09,22.765247344970703,0.9559305906295776,26.241897583007812,0.9867957234382629,24.446975406847503,37.087562561035156,0.9990239143371582,30.856639091414635,0.0027469689957797527,0.12461090087890625,0.5933365821838379,0.6012785691782483,40,40,40,True,0.0079419869944104
disk,91a678b9b6bcebdf9ba7c6cdcc5a955cda04c2bf32e67aa73d59f0b123a19536,0,responsibility_alpha1_canonical,canonical,responsibility_row,1.0,32,48,9a6c852965e04a901db115a5ea1bedb9b40fafcd8b3a1f47e309c488dd898570,882f65d79785965843ffef8b741a456e3fc169984d496feb7f4013fd39ef965c,23.043615,4.76837158203125e-07,"[22,19,4,25,17,28,6,2]",1ced9d5c4ae491ab9c3e2ca7154641e91816520f26f49bdb70b383470e1c3975,8,0,1.0,1.0,1.0,True,0.0034565200039651245,True,1.430511474609375e-06,7.450580596923828e-09,4.069430872277735e-07,1.4901161193847656e-08,4.0384978206020605e-07,True,1.4901161193847656e-08,True,7.450580596923828e-09,22.561635971069336,0.9535843729972839,26.120403289794922,0.9863185286521912,24.385565556977923,38.93769073486328,0.9992392063140869,30.31862541160198,0.0026874010000028647,0.1302320957183838,0.6022334098815918,0.6083773308855598,40,40,40,True,0.006143921003967989
disk,91a678b9b6bcebdf9ba7c6cdcc5a955cda04c2bf32e67aa73d59f0b123a19536,0,responsibility_alpha1_gauge_row,gauge,responsibility_row,1.0,32,48,9a6c852965e04a901db115a5ea1bedb9b40fafcd8b3a1f47e309c488dd898570,882f65d79785965843ffef8b741a456e3fc169984d496feb7f4013fd39ef965c,23.043615,4.76837158203125e-07,"[22,22,19,4,4,25,17,28]",96789d1bb5924a041f3a145433dd4d459fd11bb231e726812a064ca4d17fad46,6,2,0.125,0.6,0.75,False,0.0051044220017502084,True,1.430511474609375e-06,7.450580596923828e-09,4.069430872277735e-07,1.4901161193847656e-08,4.0384978206020605e-07,True,1.4901161193847656e-08,True,7.450580596923828e-09,22.696163177490234,0.9548366069793701,26.001079559326172,0.9854053854942322,24.352198550575658,36.89641571044922,0.9990797638893127,29.98559466275302,0.002834016995620914,0.1252279281616211,0.5829970836639404,0.5909355226613116,40,40,40,True,0.007938438997371122
disk,91a678b9b6bcebdf9ba7c6cdcc5a955cda04c2bf32e67aa73d59f0b123a19536,0,quotient_alpha1_canonical,canonical,quotient_responsibility,1.0,32,48,9a6c852965e04a901db115a5ea1bedb9b40fafcd8b3a1f47e309c488dd898570,882f65d79785965843ffef8b741a456e3fc169984d496feb7f4013fd39ef965c,23.043615,4.76837158203125e-07,"[22,19,4,25,17,28,6,2]",1ced9d5c4ae491ab9c3e2ca7154641e91816520f26f49bdb70b383470e1c3975,8,0,1.0,1.0,1.0,True,0.0037220490048639476,True,1.430511474609375e-06,7.450580596923828e-09,4.069430872277735e-07,1.4901161193847656e-08,4.0384978206020605e-07,True,1.4901161193847656e-08,True,7.450580596923828e-09,22.561635971069336,0.9535843729972839,26.120403289794922,0.9863185286521912,24.385565556977923,38.93769073486328,0.9992392063140869,30.31862541160198,0.0026874010000028647,0.1302320957183838,0.6022334098815918,0.6086428598864586,40,40,40,True,0.006409450004866812
disk,91a678b9b6bcebdf9ba7c6cdcc5a955cda04c2bf32e67aa73d59f0b123a19536,0,quotient_alpha1_gauge,gauge,quotient_responsibility,1.0,32,48,9a6c852965e04a901db115a5ea1bedb9b40fafcd8b3a1f47e309c488dd898570,882f65d79785965843ffef8b741a456e3fc169984d496feb7f4013fd39ef965c,23.043615,4.76837158203125e-07,"[22,19,4,25,17,28,6,2]",1ced9d5c4ae491ab9c3e2ca7154641e91816520f26f49bdb70b383470e1c3975,8,0,1.0,1.0,1.0,True,0.006519419002870563,True,1.430511474609375e-06,7.450580596923828e-09,4.069430872277735e-07,1.4901161193847656e-08,4.0384978206020605e-07,True,1.4901161193847656e-08,True,7.450580596923828e-09,22.561635971069336,0.9535843729972839,26.120403289794922,0.9863185286521912,24.385565556977923,38.93769073486328,0.9992392063140869,30.31862541160198,0.0026874010000028647,0.1302320957183838,0.6022334098815918,0.6114402298844652,40,40,40,True,0.009206820002873428
disk,91a678b9b6bcebdf9ba7c6cdcc5a955cda04c2bf32e67aa73d59f0b123a19536,1,support_canonical,canonical,support_row,,32,48,23487c8c759ca52075f0ce31053d60a99e3143c31b227ace8c278e834ad446cf,723a386053a8c39e95fb8eaf3f7f4553b015f7928117952c9ba9564a4ce4d2d8,23.169115,5.364418029785156e-07,"[6,18,4,19,1,30,17,25]",cda735bdb4e563f36b9bf6cfcf3aaa64891822bb9d6925e067d9b4d1f7915b38,8,0,1.0,1.0,1.0,True,0.0016928420009207912,True,1.430511474609375e-06,3.725290298461914e-09,3.36403985556899e-07,1.1175870895385742e-08,2.8473681368268444e-07,True,7.450580596923828e-09,True,3.725290298461914e-09,22.91877555847168,0.9597831964492798,25.88956069946289,0.9864469766616821,24.608928128292685,34.519493103027344,0.998758852481842,29.271567402463972,0.002651515998877585,0.12606120109558105,0.5906887054443359,0.5950330634441343,40,40,40,True,0.004344357999798376
disk,91a678b9b6bcebdf9ba7c6cdcc5a955cda04c2bf32e67aa73d59f0b123a19536,1,support_gauge_row,gauge,support_row,,32,48,23487c8c759ca52075f0ce31053d60a99e3143c31b227ace8c278e834ad446cf,723a386053a8c39e95fb8eaf3f7f4553b015f7928117952c9ba9564a4ce4d2d8,23.169115,5.364418029785156e-07,"[6,6,18,18,4,4,19,1]",8ca96fbacee594966fd966274f2712b30b5aa5177227cd0e2d8745d0bf1e35de,5,3,0.125,0.45454545454545453,0.625,False,0.0022265610023168847,True,1.430511474609375e-06,3.725290298461914e-09,3.36403985556899e-07,1.1175870895385742e-08,2.8473681368268444e-07,True,7.450580596923828e-09,True,3.725290298461914e-09,22.982147216796875,0.9592862725257874,25.615060806274414,0.9850481748580933,24.407785616422956,35.66634750366211,0.9990024566650391,29.291983209475124,0.0026526670044404455,0.13400864601135254,0.5976417064666748,0.6025209344734321,40,40,40,True,0.00487922800675733
disk,91a678b9b6bcebdf9ba7c6cdcc5a955cda04c2bf32e67aa73d59f0b123a19536,1,responsibility_alpha0.7_canonical,canonical,responsibility_row,0.7,32,48,23487c8c759ca52075f0ce31053d60a99e3143c31b227ace8c278e834ad446cf,723a386053a8c39e95fb8eaf3f7f4553b015f7928117952c9ba9564a4ce4d2d8,23.169115,5.364418029785156e-07,"[1,4,6,17,18,29,2,19]",a65918ec26d976945c8394054411a21cff148f0bf1f359a969b1cd2144cd41e3,8,0,1.0,1.0,1.0,True,0.0031100089981919155,True,1.430511474609375e-06,3.725290298461914e-09,3.36403985556899e-07,1.1175870895385742e-08,2.8473681368268444e-07,True,7.450580596923828e-09,True,3.725290298461914e-09,23.05832290649414,0.9599038362503052,25.631683349609375,0.9850877523422241,24.434769028111507,33.56299591064453,0.9985589981079102,28.50662183279943,0.0026995680018444546,0.1267704963684082,0.5936651229858398,0.5994746999858762,40,40,40,True,0.00580957700003637
disk,91a678b9b6bcebdf9ba7c6cdcc5a955cda04c2bf32e67aa73d59f0b123a19536,1,responsibility_alpha0.7_gauge_row,gauge,responsibility_row,0.7,32,48,23487c8c759ca52075f0ce31053d60a99e3143c31b227ace8c278e834ad446cf,723a386053a8c39e95fb8eaf3f7f4553b015f7928117952c9ba9564a4ce4d2d8,23.169115,5.364418029785156e-07,"[1,4,4,17,6,6,29,19]",f0c02cc082ea4c9dfaa24f3085e60ce119f0dd58de02d42420288ffae056625e,6,2,0.5,0.6,0.75,False,0.005250016001809854,True,1.430511474609375e-06,3.725290298461914e-09,3.36403985556899e-07,1.1175870895385742e-08,2.8473681368268444e-07,True,7.450580596923828e-09,True,3.725290298461914e-09,23.116634368896484,0.9602022171020508,25.532089233398438,0.9850412607192993,24.421228459006862,35.229408264160156,0.9989749193191528,29.36219219246296,0.0026254119948134758,0.12424015998840332,0.6060006618499756,0.6138760898465989,40,40,40,True,0.00787542799662333
disk,91a678b9b6bcebdf9ba7c6cdcc5a955cda04c2bf32e67aa73d59f0b123a19536,1,responsibility_alpha1_canonical,canonical,responsibility_row,1.0,32,48,23487c8c759ca52075f0ce31053d60a99e3143c31b227ace8c278e834ad446cf,723a386053a8c39e95fb8eaf3f7f4553b015f7928117952c9ba9564a4ce4d2d8,23.169115,5.364418029785156e-07,"[6,1,18,4,17,25,27,19]",e26dc75421143c119d3c97fc91bb725aee002eefbaee45a2861647e48961f262,8,0,1.0,1.0,1.0,True,0.003279593998740893,True,1.430511474609375e-06,3.725290298461914e-09,3.36403985556899e-07,1.1175870895385742e-08,2.8473681368268444e-07,True,7.450580596923828e-09,True,3.725290298461914e-09,23.02618408203125,0.9603043794631958,25.88994598388672,0.9860916137695312,24.59599354392604,34.778804779052734,0.998903751373291,29.1844074172203,0.0026463819958735257,0.12920665740966797,0.5759265422821045,0.5818525182767189,40,40,40,True,0.005925975994614419
disk,91a678b9b6bcebdf9ba7c6cdcc5a955cda04c2bf32e67aa73d59f0b123a19536,1,responsibility_alpha1_gauge_row,gauge,responsibility_row,1.0,32,48,23487c8c759ca52075f0ce31053d60a99e3143c31b227ace8c278e834ad446cf,723a386053a8c39e95fb8eaf3f7f4553b015f7928117952c9ba9564a4ce4d2d8,23.169115,5.364418029785156e-07,"[6,6,1,18,18,4,4,17]",9a0e9f64804863a9d4893c24c22a18305a0066e2767fec9bda349f96030f0d23,5,3,0.125,0.45454545454545453,0.625,False,0.005471764998219442,True,1.430511474609375e-06,3.725290298461914e-09,3.36403985556899e-07,1.1175870895385742e-08,2.8473681368268444e-07,True,7.450580596923828e-09,True,3.725290298461914e-09,23.02603530883789,0.959381639957428,25.649723052978516,0.9855642318725586,24.40151053980777,34.735084533691406,0.9989832043647766,29.09386864093819,0.0027768590007326566,0.1213839054107666,0.5754611492156982,0.5837097732146503,40,40,40,True,0.008248623998952098
disk,91a678b9b6bcebdf9ba7c6cdcc5a955cda04c2bf32e67aa73d59f0b123a19536,1,quotient_alpha1_canonical,canonical,quotient_responsibility,1.0,32,48,23487c8c759ca52075f0ce31053d60a99e3143c31b227ace8c278e834ad446cf,723a386053a8c39e95fb8eaf3f7f4553b015f7928117952c9ba9564a4ce4d2d8,23.169115,5.364418029785156e-07,"[6,1,18,4,17,25,27,19]",e26dc75421143c119d3c97fc91bb725aee002eefbaee45a2861647e48961f262,8,0,1.0,1.0,1.0,True,0.004025274996820372,True,1.430511474609375e-06,3.725290298461914e-09,3.36403985556899e-07,1.1175870895385742e-08,2.8473681368268444e-07,True,7.450580596923828e-09,True,3.725290298461914e-09,23.02618408203125,0.9603043794631958,25.88994598388672,0.9860916137695312,24.59599354392604,34.778804779052734,0.998903751373291,29.1844074172203,0.0026463819958735257,0.12920665740966797,0.5759265422821045,0.5825981992747984,40,40,40,True,0.006671656992693897
disk,91a678b9b6bcebdf9ba7c6cdcc5a955cda04c2bf32e67aa73d59f0b123a19536,1,quotient_alpha1_gauge,gauge,quotient_responsibility,1.0,32,48,23487c8c759ca52075f0ce31053d60a99e3143c31b227ace8c278e834ad446cf,723a386053a8c39e95fb8eaf3f7f4553b015f7928117952c9ba9564a4ce4d2d8,23.169115,5.364418029785156e-07,"[6,1,18,4,17,25,27,19]",e26dc75421143c119d3c97fc91bb725aee002eefbaee45a2861647e48961f262,8,0,1.0,1.0,1.0,True,0.006880727996758651,True,1.430511474609375e-06,3.725290298461914e-09,3.36403985556899e-07,1.1175870895385742e-08,2.8473681368268444e-07,True,7.450580596923828e-09,True,3.725290298461914e-09,23.02618408203125,0.9603043794631958,25.88994598388672,0.9860916137695312,24.59599354392604,34.778804779052734,0.998903751373291,29.1844074172203,0.0026463819958735257,0.12920665740966797,0.5759265422821045,0.5854536522747367,40,40,40,True,0.009527109992632177
diagonal_line,b9c760f7471b2eda65791079448a3a3b352989b8ca4ccbcb107ee8f58f715f43,0,support_canonical,canonical,support_row,,32,48,8dde2e0e0bdbb035cad2795a82cead7e85e8c9fa4b3bd4d8cf7dbf86393b1e25,8f4e600319444594a2f5630f9ae9c397fb2c07058c31a628e7048db949c32d41,26.388668,5.960464477539062e-07,"[12,14,5,20,23,15,17,22]",78d686bd6e75f36dbf4ce36b600ff503314a1953129e8b70eea8e224e244a4a4,8,0,1.0,1.0,1.0,True,0.0033654079961706884,True,1.430511474609375e-06,1.30385160446167e-08,5.422768936114153e-07,2.60770320892334e-08,5.50860363546235e-07,True,2.2351741790771484e-08,True,1.30385160446167e-08,25.203868865966797,0.9878795742988586,27.243053436279297,0.9944642782211304,26.557186227095755,33.540283203125,0.9983969926834106,29.887406455145943,0.002683881000848487,0.20463776588439941,1.084798812866211,1.0908481018632301,40,40,40,True,0.0060492889970191754
diagonal_line,b9c760f7471b2eda65791079448a3a3b352989b8ca4ccbcb107ee8f58f715f43,0,support_gauge_row,gauge,support_row,,32,48,8dde2e0e0bdbb035cad2795a82cead7e85e8c9fa4b3bd4d8cf7dbf86393b1e25,8f4e600319444594a2f5630f9ae9c397fb2c07058c31a628e7048db949c32d41,26.388668,5.960464477539062e-07,"[12,12,14,14,5,20,20,23]",a53dacdb99d2d30f863a4a1c55b7e6e18892ff15e1d6db1ad953bbd31cccdfe1,5,3,0.125,0.45454545454545453,0.625,False,0.004848013995797373,True,1.430511474609375e-06,1.30385160446167e-08,5.422768936114153e-07,2.60770320892334e-08,5.50860363546235e-07,True,2.2351741790771484e-08,True,1.30385160446167e-08,24.953933715820312,0.9852386116981506,27.190378189086914,0.9943554401397705,26.516001450388057,34.9703254699707,0.998678982257843,30.0460811191135,0.0026299859964638017,0.20035457611083984,1.0431172847747803,1.0505952847670414,40,40,40,True,0.007477999992261175
diagonal_line,b9c760f7471b2eda65791079448a3a3b352989b8ca4ccbcb107ee8f58f715f43,0,responsibility_alpha0.7_canonical,canonical,responsibility_row,0.7,32,48,8dde2e0e0bdbb035cad2795a82cead7e85e8c9fa4b3bd4d8cf7dbf86393b1e25,8f4e600319444594a2f5630f9ae9c397fb2c07058c31a628e7048db949c32d41,26.388668,5.960464477539062e-07,"[14,5,15,12,30,20,22,17]",99c46a9c37c3fdb910a6c59d69947f26fef591630066664241c1385c84393687,8,0,1.0,1.0,1.0,True,0.00638576799974544,True,1.430511474609375e-06,1.30385160446167e-08,5.422768936114153e-07,2.60770320892334e-08,5.50860363546235e-07,True,2.2351741790771484e-08,True,1.30385160446167e-08,25.626880645751953,0.9914044737815857,27.271564483642578,0.994580090045929,26.640668668245013,33.81365966796875,0.9985847473144531,29.817159074725527,0.0026166340030613355,0.20511388778686523,1.0857398509979248,1.0947422530007316,40,40,40,True,0.009002402002806775
diagonal_line,b9c760f7471b2eda65791079448a3a3b352989b8ca4ccbcb107ee8f58f715f43,0,responsibility_alpha0.7_gauge_row,gauge,responsibility_row,0.7,32,48,8dde2e0e0bdbb035cad2795a82cead7e85e8c9fa4b3bd4d8cf7dbf86393b1e25,8f4e600319444594a2f5630f9ae9c397fb2c07058c31a628e7048db949c32d41,26.388668,5.960464477539062e-07,"[5,15,14,14,17,23,12,12]",31cd07e4ae001937054710c86d464702e3bca4ec48843993076e477d5ee8bec2,6,2,0.0,0.45454545454545453,0.5555555555555556,False,0.010140431993931998,True,1.430511474609375e-06,1.30385160446167e-08,5.422768936114153e-07,2.60770320892334e-08,5.50860363546235e-07,True,2.2351741790771484e-08,True,1.30385160446167e-08,25.109594345092773,0.9868635535240173,27.312477111816406,0.9948205351829529,26.628782824466104,35.029571533203125,0.9985551238059998,30.439401385760068,0.0026943070042761974,0.20200300216674805,1.0772154331207275,1.0900501721189357,40,40,40,True,0.012834738998208195
diagonal_line,b9c760f7471b2eda65791079448a3a3b352989b8ca4ccbcb107ee8f58f715f43,0,responsibility_alpha1_canonical,canonical,responsibility_row,1.0,32,48,8dde2e0e0bdbb035cad2795a82cead7e85e8c9fa4b3bd4d8cf7dbf86393b1e25,8f4e600319444594a2f5630f9ae9c397fb2c07058c31a628e7048db949c32d41,26.388668,5.960464477539062e-07,"[15,20,14,12,23,5,22,17]",ab402328bdb3417fd9a4193fd6d452d8dc5f8f267c892d95ccfa62db6eb6aa9b,8,0,1.0,1.0,1.0,True,0.00614871499419678,True,1.430511474609375e-06,1.30385160446167e-08,5.422768936114153e-07,2.60770320892334e-08,5.50860363546235e-07,True,2.2351741790771484e-08,True,1.30385160446167e-08,25.203868865966797,0.9878795742988586,27.24300765991211,0.9944635629653931,26.557185925935443,33.78063201904297,0.9986148476600647,29.906165787667938,0.002636916993651539,0.20421862602233887,1.0992999076843262,1.1080855396721745,40,40,40,True,0.008785631987848319
diagonal_line,b9c760f7471b2eda65791079448a3a3b352989b8ca4ccbcb107ee8f58f715f43,0,responsibility_alpha1_gauge_row,gauge,responsibility_row,1.0,32,48,8dde2e0e0bdbb035cad2795a82cead7e85e8c9fa4b3bd4d8cf7dbf86393b1e25,8f4e600319444594a2f5630f9ae9c397fb2c07058c31a628e7048db949c32d41,26.388668,5.960464477539062e-07,"[15,20,20,14,14,12,12,23]",fc3ea387119223782954a78ee63a149a92f10231eb964ae7b4c1efd011462823,5,3,0.25,0.45454545454545453,0.625,False,0.010125430999323726,True,1.430511474609375e-06,1.30385160446167e-08,5.422768936114153e-07,2.60770320892334e-08,5.50860363546235e-07,True,2.2351741790771484e-08,True,1.30385160446167e-08,25.818185806274414,0.9926295280456543,27.4088077545166,0.9947511553764343,26.722867564151162,34.144378662109375,0.9982470870018005,30.183948719140254,0.0028860059974249452,0.20244193077087402,1.0677826404571533,1.080794077453902,40,40,40,True,0.013011436996748671
diagonal_line,b9c760f7471b2eda65791079448a3a3b352989b8ca4ccbcb107ee8f58f715f43,0,quotient_alpha1_canonical,canonical,quotient_responsibility,1.0,32,48,8dde2e0e0bdbb035cad2795a82cead7e85e8c9fa4b3bd4d8cf7dbf86393b1e25,8f4e600319444594a2f5630f9ae9c397fb2c07058c31a628e7048db949c32d41,26.388668,5.960464477539062e-07,"[15,20,14,12,23,5,22,17]",ab402328bdb3417fd9a4193fd6d452d8dc5f8f267c892d95ccfa62db6eb6aa9b,8,0,1.0,1.0,1.0,True,0.006281144000240602,True,1.430511474609375e-06,1.30385160446167e-08,5.422768936114153e-07,2.60770320892334e-08,5.50860363546235e-07,True,2.2351741790771484e-08,True,1.30385160446167e-08,25.203868865966797,0.9878795742988586,27.24300765991211,0.9944635629653931,26.557185925935443,33.78063201904297,0.9986148476600647,29.906165787667938,0.002636916993651539,0.20421862602233887,1.0992999076843262,1.1082179686782183,40,40,40,True,0.00891806099389214
diagonal_line,b9c760f7471b2eda65791079448a3a3b352989b8ca4ccbcb107ee8f58f715f43,0,quotient_alpha1_gauge,gauge,quotient_responsibility,1.0,32,48,8dde2e0e0bdbb035cad2795a82cead7e85e8c9fa4b3bd4d8cf7dbf86393b1e25,8f4e600319444594a2f5630f9ae9c397fb2c07058c31a628e7048db949c32d41,26.388668,5.960464477539062e-07,"[15,20,14,12,23,5,22,17]",ab402328bdb3417fd9a4193fd6d452d8dc5f8f267c892d95ccfa62db6eb6aa9b,8,0,1.0,1.0,1.0,True,0.01097013900289312,True,1.430511474609375e-06,1.30385160446167e-08,5.422768936114153e-07,2.60770320892334e-08,5.50860363546235e-07,True,2.2351741790771484e-08,True,1.30385160446167e-08,25.203868865966797,0.9878795742988586,27.24300765991211,0.9944635629653931,26.557185925935443,33.78063201904297,0.9986148476600647,29.906165787667938,0.002636916993651539,0.20421862602233887,1.0992999076843262,1.1129069636808708,40,40,40,True,0.01360705599654466
diagonal_line,b9c760f7471b2eda65791079448a3a3b352989b8ca4ccbcb107ee8f58f715f43,1,support_canonical,canonical,support_row,,32,48,6528294bd41b1c2549c041ea1c456223c64471a0339b598e2e3f4d3883af0b2b,72c8c74a6df078d40824727f0af0445a34f4692e523e400d934d377f758dff3c,25.848164,7.152557373046875e-07,"[3,2,28,29,17,24,10,16]",d26c65b824242e845a2b397a17e139c22a21b13430e6b11098933b21241327e2,8,0,1.0,1.0,1.0,True,0.003363438001542818,True,2.86102294921875e-06,1.4901161193847656e-08,5.666229867529182e-07,2.60770320892334e-08,5.80103744596272e-07,True,2.60770320892334e-08,True,1.4901161193847656e-08,24.82929229736328,0.9874078035354614,27.420785903930664,0.9957930445671082,26.529367045352334,30.586156845092773,0.9969226121902466,28.803955463447956,0.002894170000217855,0.23175430297851562,1.1090843677520752,1.1153419757538359,40,40,40,True,0.006257608001760673
diagonal_line,b9c760f7471b2eda65791079448a3a3b352989b8ca4ccbcb107ee8f58f715f43,1,support_gauge_row,gauge,support_row,,32,48,6528294bd41b1c2549c041ea1c456223c64471a0339b598e2e3f4d3883af0b2b,72c8c74a6df078d40824727f0af0445a34f4692e523e400d934d377f758dff3c,25.848164,7.152557373046875e-07,"[3,2,2,28,28,29,17,24]",a67f060b7d0061d2f53030d4993a8facf262945d578181d7d14856392d79ef7c,6,2,0.25,0.6,0.75,False,0.005266792999464087,True,2.86102294921875e-06,1.4901161193847656e-08,5.666229867529182e-07,2.60770320892334e-08,5.80103744596272e-07,True,2.60770320892334e-08,True,1.4901161193847656e-08,25.019039154052734,0.9892439842224121,27.396251678466797,0.9956592917442322,26.530853873804997,30.98017120361328,0.9973902702331543,28.894466506110298,0.0025993689996539615,0.22218942642211914,1.2270164489746094,1.2348826109737274,40,40,40,True,0.007866161999118049
diagonal_line,b9c760f7471b2eda65791079448a3a3b352989b8ca4ccbcb107ee8f58f715f43,1,responsibility_alpha0.7_canonical,canonical,responsibility_row,0.7,32,48,6528294bd41b1c2549c041ea1c456223c64471a0339b598e2e3f4d3883af0b2b,72c8c74a6df078d40824727f0af0445a34f4692e523e400d934d377f758dff3c,25.848164,7.152557373046875e-07,"[28,10,2,29,3,17,30,24]",7335e0505bcb34d49223d09b3526597b6baa752ea8ac5882110a9ca2870c47aa,8,0,1.0,1.0,1.0,True,0.007797111000400037,True,2.86102294921875e-06,1.4901161193847656e-08,5.666229867529182e-07,2.60770320892334e-08,5.80103744596272e-07,True,2.60770320892334e-08,True,1.4901161193847656e-08,25.139278411865234,0.9897046089172363,27.441761016845703,0.9957380890846252,26.612133126509818,30.6479434967041,0.9970259666442871,28.992986919903995,0.002811621001455933,0.24277615547180176,1.1970527172088623,1.2076614492107183,40,40,40,True,0.01060873200185597
diagonal_line,b9c760f7471b2eda65791079448a3a3b352989b8ca4ccbcb107ee8f58f715f43,1,responsibility_alpha0.7_gauge_row,gauge,responsibility_row,0.7,32,48,6528294bd41b1c2549c041ea1c456223c64471a0339b598e2e3f4d3883af0b2b,72c8c74a6df078d40824727f0af0445a34f4692e523e400d934d377f758dff3c,25.848164,7.152557373046875e-07,"[29,3,17,28,28,10,10,2]",eec3818f5ab8dcd0dec83800f0b31682ef64f0f761d895c462ce0f741dab4cdf,6,2,0.0,0.6,0.75,False,0.01065337700129021,True,2.86102294921875e-06,1.4901161193847656e-08,5.666229867529182e-07,2.60770320892334e-08,5.80103744596272e-07,True,2.60770320892334e-08,True,1.4901161193847656e-08,24.656526565551758,0.9854360222816467,27.501249313354492,0.994907021522522,26.578607007076865,30.283357620239258,0.9965938925743103,28.847168903158167,0.002661430000443943,0.23508501052856445,1.212090253829956,1.2254050608316902,40,40,40,True,0.013314807001734152
diagonal_line,b9c760f7471b2eda65791079448a3a3b352989b8ca4ccbcb107ee8f58f715f43,1,responsibility_alpha1_canonical,canonical,responsibility_row,1.0,32,48,6528294bd41b1c2549c041ea1c456223c64471a0339b598e2e3f4d3883af0b2b,72c8c74a6df078d40824727f0af0445a34f4692e523e400d934d377f758dff3c,25.848164,7.152557373046875e-07,"[24,28,3,2,10,29,17,16]",2b9083e8c1ba385ebc485d6b840623ad1ca84954dc7c719f238cae668c23451f,8,0,1.0,1.0,1.0,True,0.0074479160030023195,True,2.86102294921875e-06,1.4901161193847656e-08,5.666229867529182e-07,2.60770320892334e-08,5.80103744596272e-07,True,2.60770320892334e-08,True,1.4901161193847656e-08,24.82929229736328,0.9874078035354614,27.420795440673828,0.9957930445671082,26.529363381235225,30.56385040283203,0.9967816472053528,28.79855994022254,0.0026895189948845655,0.23415875434875488,1.1913163661956787,1.2014538011935656,40,40,40,True,0.010137434997886885
diagonal_line,b9c760f7471b2eda65791079448a3a3b352989b8ca4ccbcb107ee8f58f715f43,1,responsibility_alpha1_gauge_row,gauge,responsibility_row,1.0,32,48,6528294bd41b1c2549c041ea1c456223c64471a0339b598e2e3f4d3883af0b2b,72c8c74a6df078d40824727f0af0445a34f4692e523e400d934d377f758dff3c,25.848164,7.152557373046875e-07,"[24,24,28,28,3,2,2,10]",d5200347571ff98f3b7ee064cb3572cddaa8aa93ea9180627c5984c7ad8522a0,5,3,0.125,0.45454545454545453,0.625,False,0.01098360900505213,True,2.86102294921875e-06,1.4901161193847656e-08,5.666229867529182e-07,2.60770320892334e-08,5.80103744596272e-07,True,2.60770320892334e-08,True,1.4901161193847656e-08,25.052627563476562,0.9898144602775574,27.509441375732422,0.9954962134361267,26.572257393284847,30.605815887451172,0.9977409243583679,28.92212724204015,0.0026757730011013336,0.22531485557556152,1.200070858001709,1.2137302400078624,40,40,40,True,0.013659382006153464
diagonal_line,b9c760f7471b2eda65791079448a3a3b352989b8ca4ccbcb107ee8f58f715f43,1,quotient_alpha1_canonical,canonical,quotient_responsibility,1.0,32,48,6528294bd41b1c2549c041ea1c456223c64471a0339b598e2e3f4d3883af0b2b,72c8c74a6df078d40824727f0af0445a34f4692e523e400d934d377f758dff3c,25.848164,7.152557373046875e-07,"[24,28,3,2,10,29,17,16]",2b9083e8c1ba385ebc485d6b840623ad1ca84954dc7c719f238cae668c23451f,8,0,1.0,1.0,1.0,True,0.0072871920056059025,True,2.86102294921875e-06,1.4901161193847656e-08,5.666229867529182e-07,2.60770320892334e-08,5.80103744596272e-07,True,2.60770320892334e-08,True,1.4901161193847656e-08,24.82929229736328,0.9874078035354614,27.420795440673828,0.9957930445671082,26.529363381235225,30.56385040283203,0.9967816472053528,28.79855994022254,0.0026895189948845655,0.23415875434875488,1.1913163661956787,1.2012930771961692,40,40,40,True,0.009976711000490468
diagonal_line,b9c760f7471b2eda65791079448a3a3b352989b8ca4ccbcb107ee8f58f715f43,1,quotient_alpha1_gauge,gauge,quotient_responsibility,1.0,32,48,6528294bd41b1c2549c041ea1c456223c64471a0339b598e2e3f4d3883af0b2b,72c8c74a6df078d40824727f0af0445a34f4692e523e400d934d377f758dff3c,25.848164,7.152557373046875e-07,"[24,28,3,2,10,29,17,16]",2b9083e8c1ba385ebc485d6b840623ad1ca84954dc7c719f238cae668c23451f,8,0,1.0,1.0,1.0,True,0.011985805998847354,True,2.86102294921875e-06,1.4901161193847656e-08,5.666229867529182e-07,2.60770320892334e-08,5.80103744596272e-07,True,2.60770320892334e-08,True,1.4901161193847656e-08,24.82929229736328,0.9874078035354614,27.420795440673828,0.9957930445671082,26.529363381235225,30.56385040283203,0.9967816472053528,28.79855994022254,0.0026895189948845655,0.23415875434875488,1.1913163661956787,1.2059916911894106,40,40,40,True,0.01467532499373192
sinusoid,976986f6c44a7052f1edb07ebc948efca66d14813e00959b0122f8768b0df03e,0,support_canonical,canonical,support_row,,32,48,3163513c71ef7b0033e712801032f38adb176e89b4534ff78b8d967fddcb5c77,e7659d42ed16e37b89f38324aa7893fc97e0e5d3809326d6936c9994f0026113,20.79866,4.76837158203125e-07,"[15,21,22,12,3,2,16,9]",28e3ea811c53c57e2b8d54360729895aaecc23fdc89a715ac12ce6659aa8227e,8,0,1.0,1.0,1.0,True,0.002865829002985265,True,9.5367431640625e-07,1.4901161193847656e-08,9.126796953751182e-07,4.470348358154297e-08,8.041320711527078e-07,True,4.470348358154297e-08,True,1.4901161193847656e-08,18.3072566986084,0.9548040628433228,23.59719467163086,0.9891866445541382,21.27457914854351,34.8337516784668,0.9995391964912415,29.291546783061943,0.002587420000054408,0.19897842407226562,1.1252121925354004,1.13066544153844,40,40,40,True,0.005453249003039673
sinusoid,976986f6c44a7052f1edb07ebc948efca66d14813e00959b0122f8768b0df03e,0,support_gauge_row,gauge,support_row,,32,48,3163513c71ef7b0033e712801032f38adb176e89b4534ff78b8d967fddcb5c77,e7659d42ed16e37b89f38324aa7893fc97e0e5d3809326d6936c9994f0026113,20.79866,4.76837158203125e-07,"[15,21,22,22,12,12,3,2]",9f07ae0a8e2e3ad866ca3299f9f5547f844c8f567d2160b2047235874cc5dbac,6,2,0.375,0.6,0.75,False,0.00489967199973762,True,9.5367431640625e-07,1.4901161193847656e-08,9.126796953751182e-07,4.470348358154297e-08,8.041320711527078e-07,True,4.470348358154297e-08,True,1.4901161193847656e-08,17.87990951538086,0.9503915309906006,23.588756561279297,0.9892091751098633,21.430156356409977,38.68223571777344,0.9997862577438354,31.03676555132625,0.0026986939992639236,0.20131468772888184,1.1208338737487793,1.1284322397477808,40,40,40,True,0.007598365999001544
sinusoid,976986f6c44a7052f1edb07ebc948efca66d14813e00959b0122f8768b0df03e,0,responsibility_alpha0.7_canonical,canonical,responsibility_row,0.7,32,48,3163513c71ef7b0033e712801032f38adb176e89b4534ff78b8d967fddcb5c77,e7659d42ed16e37b89f38324aa7893fc97e0e5d3809326d6936c9994f0026113,20.79866,4.76837158203125e-07,"[15,21,12,22,3,2,16,9]",0efbbf7913e500e168d7314663fa34900ce0bb5c31af6b338556a8fc3babda26,8,0,1.0,1.0,1.0,True,0.005907301005208865,True,9.5367431640625e-07,1.4901161193847656e-08,9.126796953751182e-07,4.470348358154297e-08,8.041320711527078e-07,True,4.470348358154297e-08,True,1.4901161193847656e-08,18.3072566986084,0.9548040628433228,23.59719467163086,0.9891866445541382,21.27457914854351,34.8337516784668,0.9995391964912415,29.291546783061943,0.0029706310015171766,0.20433497428894043,1.1278223991394043,1.1367003311461303,40,40,40,True,0.008877932006726041
sinusoid,976986f6c44a7052f1edb07ebc948efca66d14813e00959b0122f8768b0df03e,0,responsibility_alpha0.7_gauge_row,gauge,responsibility_row,0.7,32,48,3163513c71ef7b0033e712801032f38adb176e89b4534ff78b8d967fddcb5c77,e7659d42ed16e37b89f38324aa7893fc97e0e5d3809326d6936c9994f0026113,20.79866,4.76837158203125e-07,"[15,21,12,12,22,22,3,9]",026e251354f3aba710d032cb1825b273ffa175619d6d6ace53afb73ed987c5ff,6,2,0.5,0.6,0.75,False,0.01025308899988886,True,9.5367431640625e-07,1.4901161193847656e-08,9.126796953751182e-07,4.470348358154297e-08,8.041320711527078e-07,True,4.470348358154297e-08,True,1.4901161193847656e-08,17.782094955444336,0.9489914178848267,23.5599422454834,0.9891258478164673,21.403638387981214,38.40650177001953,0.9997730255126953,30.98860234925241,0.002693374000955373,0.20549321174621582,1.1246685981750488,1.137615061175893,40,40,40,True,0.012946463000844233
sinusoid,976986f6c44a7052f1edb07ebc948efca66d14813e00959b0122f8768b0df03e,0,responsibility_alpha1_canonical,canonical,responsibility_row,1.0,32,48,3163513c71ef7b0033e712801032f38adb176e89b4534ff78b8d967fddcb5c77,e7659d42ed16e37b89f38324aa7893fc97e0e5d3809326d6936c9994f0026113,20.79866,4.76837158203125e-07,"[15,21,12,22,2,3,19,9]",820b18344228e2246fcb5d0b1ca00884af62ee97023cb2ea38c409c838b794a5,8,0,1.0,1.0,1.0,True,0.0056563820035080425,True,9.5367431640625e-07,1.4901161193847656e-08,9.126796953751182e-07,4.470348358154297e-08,8.041320711527078e-07,True,4.470348358154297e-08,True,1.4901161193847656e-08,18.187543869018555,0.9539825916290283,23.907669067382812,0.9898285865783691,21.361913931997197,34.33497619628906,0.9994736909866333,29.354036051817616,0.0026480599990463816,0.20300793647766113,1.1494269371032715,1.157731379105826,40,40,40,True,0.008304442002554424
sinusoid,976986f6c44a7052f1edb07ebc948efca66d14813e00959b0122f8768b0df03e,0,responsibility_alpha1_gauge_row,gauge,responsibility_row,1.0,32,48,3163513c71ef7b0033e712801032f38adb176e89b4534ff78b8d967fddcb5c77,e7659d42ed16e37b89f38324aa7893fc97e0e5d3809326d6936c9994f0026113,20.79866,4.76837158203125e-07,"[15,21,12,12,22,22,2,2]",8544e7968023133744efc43a01b77ff7667c94134db86cd19d0e0b2b1c10b542,5,3,0.375,0.45454545454545453,0.625,False,0.00992424700234551,True,9.5367431640625e-07,1.4901161193847656e-08,9.126796953751182e-07,4.470348358154297e-08,8.041320711527078e-07,True,4.470348358154297e-08,True,1.4901161193847656e-08,18.15435218811035,0.9543289542198181,23.552997589111328,0.9890921115875244,21.43663471623471,38.48927688598633,0.9998034834861755,30.95072184668647,0.002784618998703081,0.19992923736572266,1.1137073040008545,1.126416170001903,40,40,40,True,0.012708866001048591
sinusoid,976986f6c44a7052f1edb07ebc948efca66d14813e00959b0122f8768b0df03e,0,quotient_alpha1_canonical,canonical,quotient_responsibility,1.0,32,48,3163513c71ef7b0033e712801032f38adb176e89b4534ff78b8d967fddcb5c77,e7659d42ed16e37b89f38324aa7893fc97e0e5d3809326d6936c9994f0026113,20.79866,4.76837158203125e-07,"[15,21,12,22,2,3,19,9]",820b18344228e2246fcb5d0b1ca00884af62ee97023cb2ea38c409c838b794a5,8,0,1.0,1.0,1.0,True,0.00603607499942882,True,9.5367431640625e-07,1.4901161193847656e-08,9.126796953751182e-07,4.470348358154297e-08,8.041320711527078e-07,True,4.470348358154297e-08,True,1.4901161193847656e-08,18.187543869018555,0.9539825916290283,23.907669067382812,0.9898285865783691,21.361913931997197,34.33497619628906,0.9994736909866333,29.354036051817616,0.0026480599990463816,0.20300793647766113,1.1494269371032715,1.1581110721017467,40,40,40,True,0.008684134998475201
sinusoid,976986f6c44a7052f1edb07ebc948efca66d14813e00959b0122f8768b0df03e,0,quotient_alpha1_gauge,gauge,quotient_responsibility,1.0,32,48,3163513c71ef7b0033e712801032f38adb176e89b4534ff78b8d967fddcb5c77,e7659d42ed16e37b89f38324aa7893fc97e0e5d3809326d6936c9994f0026113,20.79866,4.76837158203125e-07,"[15,21,12,22,2,3,19,9]",820b18344228e2246fcb5d0b1ca00884af62ee97023cb2ea38c409c838b794a5,8,0,1.0,1.0,1.0,True,0.010883243005082477,True,9.5367431640625e-07,1.4901161193847656e-08,9.126796953751182e-07,4.470348358154297e-08,8.041320711527078e-07,True,4.470348358154297e-08,True,1.4901161193847656e-08,18.187543869018555,0.9539825916290283,23.907669067382812,0.9898285865783691,21.361913931997197,34.33497619628906,0.9994736909866333,29.354036051817616,0.0026480599990463816,0.20300793647766113,1.1494269371032715,1.1629582401074003,40,40,40,True,0.013531303004128858
sinusoid,976986f6c44a7052f1edb07ebc948efca66d14813e00959b0122f8768b0df03e,1,support_canonical,canonical,support_row,,32,48,39a86db87f9432e8235bf658ebe3c6fe6e5a1ed635263efc5f3f0ab0904a2d63,1bd0ab62ee4de3ec44ded1a0a60dd5d5e4ac5b6e01ebbdddbef3c165e5e08fc2,22.523563,4.76837158203125e-07,"[14,22,24,15,21,31,5,8]",793da00079c211c8689a3211b248c3c219a3704e24f8801f242aaa23fb863d80,8,0,1.0,1.0,1.0,True,0.00322541000059573,True,9.5367431640625e-07,7.450580596923828e-09,8.502564128320955e-07,2.9802322387695312e-08,8.801892477094952e-07,True,1.4901161193847656e-08,True,7.450580596923828e-09,17.94988441467285,0.944094717502594,28.340532302856445,0.9972637891769409,24.26788134323923,34.75064468383789,0.9994803667068481,30.83620854580041,0.002696393996302504,0.22832036018371582,1.1815903186798096,1.1875121226767078,40,40,40,True,0.005921803996898234
sinusoid,976986f6c44a7052f1edb07ebc948efca66d14813e00959b0122f8768b0df03e,1,support_gauge_row,gauge,support_row,,32,48,39a86db87f9432e8235bf658ebe3c6fe6e5a1ed635263efc5f3f0ab0904a2d63,1bd0ab62ee4de3ec44ded1a0a60dd5d5e4ac5b6e01ebbdddbef3c165e5e08fc2,22.523563,4.76837158203125e-07,"[14,14,22,22,24,24,15,21]",8ba61ceb97622a70677d3241ea3eb19076cabc4726c7a1f1c1ceb36902d448ac,5,3,0.125,0.45454545454545453,0.625,False,0.005339157003618311,True,9.5367431640625e-07,7.450580596923828e-09,8.502564128320955e-07,2.9802322387695312e-08,8.801892477094952e-07,True,1.4901161193847656e-08,True,7.450580596923828e-09,17.939430236816406,0.9468928575515747,24.086978912353516,0.9905838370323181,22.609894702309056,41.734317779541016,0.9998294115066528,33.17496550203574,0.002612434000184294,0.20871973037719727,1.1631793975830078,1.1711309885868104,40,40,40,True,0.007951591003802605
sinusoid,976986f6c44a7052f1edb07ebc948efca66d14813e00959b0122f8768b0df03e,1,responsibility_alpha0.7_canonical,canonical,responsibility_row,0.7,32,48,39a86db87f9432e8235bf658ebe3c6fe6e5a1ed635263efc5f3f0ab0904a2d63,1bd0ab62ee4de3ec44ded1a0a60dd5d5e4ac5b6e01ebbdddbef3c165e5e08fc2,22.523563,4.76837158203125e-07,"[14,22,15,24,21,19,13,31]",1b9056d00dcd64b190208dd998503d55534c5a1c7deaa533421d7c1a15b8fdc1,8,0,1.0,1.0,1.0,True,0.006002342997817323,True,9.5367431640625e-07,7.450580596923828e-09,8.502564128320955e-07,2.9802322387695312e-08,8.801892477094952e-07,True,1.4901161193847656e-08,True,7.450580596923828e-09,18.0737361907959,0.9461028575897217,28.219249725341797,0.9970719814300537,24.257736356634844,34.944175720214844,0.9994955062866211,30.806478587063875,0.0026053960027638823,0.2168898582458496,1.151242971420288,1.1598507104208693,40,40,40,True,0.008607739000581205
sinusoid,976986f6c44a7052f1edb07ebc948efca66d14813e00959b0122f8768b0df03e,1,responsibility_alpha0.7_gauge_row,gauge,responsibility_row,0.7,32,48,39a86db87f9432e8235bf658ebe3c6fe6e5a1ed635263efc5f3f0ab0904a2d63,1bd0ab62ee4de3ec44ded1a0a60dd5d5e4ac5b6e01ebbdddbef3c165e5e08fc2,22.523563,4.76837158203125e-07,"[14,14,22,22,15,24,24,21]",9dc9b11ea3143a9ae00a3ef9ec0ea267801a2ce1914372c77bf984b55c1f08fc,5,3,0.125,0.45454545454545453,0.625,False,0.010091935997479595,True,9.5367431640625e-07,7.450580596923828e-09,8.502564128320955e-07,2.9802322387695312e-08,8.801892477094952e-07,True,1.4901161193847656e-08,True,7.450580596923828e-09,17.939430236816406,0.9468928575515747,24.086978912353516,0.9905838370323181,22.609894702309056,41.734317779541016,0.9998294115066528,33.17496550203574,0.002585510002973024,0.21240544319152832,1.1545729637145996,1.1672504097150522,40,40,40,True,0.012677446000452619
sinusoid,976986f6c44a7052f1edb07ebc948efca66d14813e00959b0122f8768b0df03e,1,responsibility_alpha1_canonical,canonical,responsibility_row,1.0,32,48,39a86db87f9432e8235bf658ebe3c6fe6e5a1ed635263efc5f3f0ab0904a2d63,1bd0ab62ee4de3ec44ded1a0a60dd5d5e4ac5b6e01ebbdddbef3c165e5e08fc2,22.523563,4.76837158203125e-07,"[14,22,24,15,21,31,8,19]",b7886b2480b34aa3b51dbe78fc4d598fd6d33752586312bd27ad761ddb0c1e33,8,0,1.0,1.0,1.0,True,0.006088185000407975,True,9.5367431640625e-07,7.450580596923828e-09,8.502564128320955e-07,2.9802322387695312e-08,8.801892477094952e-07,True,1.4901161193847656e-08,True,7.450580596923828e-09,17.915790557861328,0.943534255027771,28.12546730041504,0.9970335960388184,24.160836019014056,34.56415557861328,0.999442994594574,30.69937752232407,0.002675793999515008,0.22385406494140625,1.1714766025543213,1.1802405815542443,40,40,40,True,0.008763978999922983
sinusoid,976986f6c44a7052f1edb07ebc948efca66d14813e00959b0122f8768b0df03e,1,responsibility_alpha1_gauge_row,gauge,responsibility_row,1.0,32,48,39a86db87f9432e8235bf658ebe3c6fe6e5a1ed635263efc5f3f0ab0904a2d63,1bd0ab62ee4de3ec44ded1a0a60dd5d5e4ac5b6e01ebbdddbef3c165e5e08fc2,22.523563,4.76837158203125e-07,"[14,14,22,22,24,24,15,21]",8ba61ceb97622a70677d3241ea3eb19076cabc4726c7a1f1c1ceb36902d448ac,5,3,0.125,0.45454545454545453,0.625,False,0.01007547799963504,True,9.5367431640625e-07,7.450580596923828e-09,8.502564128320955e-07,2.9802322387695312e-08,8.801892477094952e-07,True,1.4901161193847656e-08,True,7.450580596923828e-09,17.939430236816406,0.9468928575515747,24.086978912353516,0.9905838370323181,22.609894702309056,41.734317779541016,0.9998294115066528,33.17496550203574,0.002612434000184294,0.20871973037719727,1.1631793975830078,1.1758673095828271,40,40,40,True,0.012687911999819335
sinusoid,976986f6c44a7052f1edb07ebc948efca66d14813e00959b0122f8768b0df03e,1,quotient_alpha1_canonical,canonical,quotient_responsibility,1.0,32,48,39a86db87f9432e8235bf658ebe3c6fe6e5a1ed635263efc5f3f0ab0904a2d63,1bd0ab62ee4de3ec44ded1a0a60dd5d5e4ac5b6e01ebbdddbef3c165e5e08fc2,22.523563,4.76837158203125e-07,"[14,22,24,15,21,31,8,19]",b7886b2480b34aa3b51dbe78fc4d598fd6d33752586312bd27ad761ddb0c1e33,8,0,1.0,1.0,1.0,True,0.006410123001842294,True,9.5367431640625e-07,7.450580596923828e-09,8.502564128320955e-07,2.9802322387695312e-08,8.801892477094952e-07,True,1.4901161193847656e-08,True,7.450580596923828e-09,17.915790557861328,0.943534255027771,28.12546730041504,0.9970335960388184,24.160836019014056,34.56415557861328,0.999442994594574,30.69937752232407,0.002675793999515008,0.22385406494140625,1.1714766025543213,1.1805625195556786,40,40,40,True,0.009085917001357302
sinusoid,976986f6c44a7052f1edb07ebc948efca66d14813e00959b0122f8768b0df03e,1,quotient_alpha1_gauge,gauge,quotient_responsibility,1.0,32,48,39a86db87f9432e8235bf658ebe3c6fe6e5a1ed635263efc5f3f0ab0904a2d63,1bd0ab62ee4de3ec44ded1a0a60dd5d5e4ac5b6e01ebbdddbef3c165e5e08fc2,22.523563,4.76837158203125e-07,"[14,22,24,15,21,31,8,19]",b7886b2480b34aa3b51dbe78fc4d598fd6d33752586312bd27ad761ddb0c1e33,8,0,1.0,1.0,1.0,True,0.011077249000663869,True,9.5367431640625e-07,7.450580596923828e-09,8.502564128320955e-07,2.9802322387695312e-08,8.801892477094952e-07,True,1.4901161193847656e-08,True,7.450580596923828e-09,17.915790557861328,0.943534255027771,28.12546730041504,0.9970335960388184,24.160836019014056,34.56415557861328,0.999442994594574,30.69937752232407,0.002675793999515008,0.22385406494140625,1.1714766025543213,1.1852296455545002,40,40,40,True,0.013753043000178877
checkerboard,497c98756d8a07e36aeb66981f52f04438d0a3621e0072cf62af6ca6c98fdd7a,0,support_canonical,canonical,support_row,,32,48,ad331c100e175943af5a222c4169401ea8b32b8037f2493626eeff3606605604,23e2cba5e5693fd12fd221c56eb84310027c116fd77aa286eea31f38692d417a,8.350565,5.364418029785156e-07,"[10,22,29,2,25,8,24,27]",a743111085d99febb2e0818fd226b373c1aab92b180a4cff7d1e75944f8e34ee,8,0,1.0,1.0,1.0,True,0.002875603000575211,True,2.86102294921875e-06,4.470348358154297e-08,3.302439495200815e-07,1.7881393432617188e-07,3.4481632837923826e-07,True,1.7881393432617188e-07,True,4.470348358154297e-08,8.318487167358398,0.3410145044326782,8.587671279907227,0.4241655766963959,8.463581988686009,12.332391738891602,0.8639234900474548,10.274696195968474,0.0026392869986011647,0.16750502586364746,0.8382217884063721,0.8437366784055484,40,40,40,True,0.005514889999176376
checkerboard,497c98756d8a07e36aeb66981f52f04438d0a3621e0072cf62af6ca6c98fdd7a,0,support_gauge_row,gauge,support_row,,32,48,ad331c100e175943af5a222c4169401ea8b32b8037f2493626eeff3606605604,23e2cba5e5693fd12fd221c56eb84310027c116fd77aa286eea31f38692d417a,8.350565,5.364418029785156e-07,"[10,10,22,22,29,2,2,25]",4fc0a30cad4cd0989b68e425cce6f0b4d1f44489d22de1a72f18a4814c850a3e,5,3,0.125,0.45454545454545453,0.625,False,0.0039076109969755635,True,2.86102294921875e-06,4.470348358154297e-08,3.302439495200815e-07,1.7881393432617188e-07,3.4481632837923826e-07,True,1.7881393432617188e-07,True,4.470348358154297e-08,8.34995174407959,0.3422756791114807,8.630443572998047,0.4247085750102997,8.45177203730533,13.169713973999023,0.8980202078819275,10.622317184101451,0.002775171997200232,0.16269397735595703,0.8572967052459717,0.8639794882401475,40,40,40,True,0.0066827829941757955
checkerboard,497c98756d8a07e36aeb66981f52f04438d0a3621e0072cf62af6ca6c98fdd7a,0,responsibility_alpha0.7_canonical,canonical,responsibility_row,0.7,32,48,ad331c100e175943af5a222c4169401ea8b32b8037f2493626eeff3606605604,23e2cba5e5693fd12fd221c56eb84310027c116fd77aa286eea31f38692d417a,8.350565,5.364418029785156e-07,"[17,3,5,20,15,18,6,0]",50ba06ba8f9384bb98b6f86b4cf3460bcc626ee19f85d1369d8bed098f503c29,8,0,1.0,1.0,1.0,True,0.005488704999152105,True,2.86102294921875e-06,4.470348358154297e-08,3.302439495200815e-07,1.7881393432617188e-07,3.4481632837923826e-07,True,1.7881393432617188e-07,True,4.470348358154297e-08,8.381780624389648,0.3440863788127899,8.687531471252441,0.4319770932197571,8.425707666497482,12.30935287475586,0.8553791642189026,10.385954437833844,0.0026632770022843033,0.16582465171813965,0.8286788463592529,0.8368308283606893,40,40,40,True,0.008151982001436409
checkerboard,497c98756d8a07e36aeb66981f52f04438d0a3621e0072cf62af6ca6c98fdd7a,0,responsibility_alpha0.7_gauge_row,gauge,responsibility_row,0.7,32,48,ad331c100e175943af5a222c4169401ea8b32b8037f2493626eeff3606605604,23e2cba5e5693fd12fd221c56eb84310027c116fd77aa286eea31f38692d417a,8.350565,5.364418029785156e-07,"[17,3,5,15,7,23,27,31]",30de827499a467b5d67c55a63683448df9d8d9e3a22e1f95dcc610191b9b920a,8,0,0.375,0.3333333333333333,0.3333333333333333,False,0.00855019399750745,True,2.86102294921875e-06,4.470348358154297e-08,3.302439495200815e-07,1.7881393432617188e-07,3.4481632837923826e-07,True,1.7881393432617188e-07,True,4.470348358154297e-08,8.285161018371582,0.3433868885040283,8.663359642028809,0.4187107980251312,8.56516298494841,12.28169059753418,0.8560535907745361,10.163409989289564,0.0028729580008075573,0.1744544506072998,0.7964434623718262,0.8078666143701412,40,40,40,True,0.011423151998315006
checkerboard,497c98756d8a07e36aeb66981f52f04438d0a3621e0072cf62af6ca6c98fdd7a,0,responsibility_alpha1_canonical,canonical,responsibility_row,1.0,32,48,ad331c100e175943af5a222c4169401ea8b32b8037f2493626eeff3606605604,23e2cba5e5693fd12fd221c56eb84310027c116fd77aa286eea31f38692d417a,8.350565,5.364418029785156e-07,"[31,5,6,0,2,23,10,29]",181ee92039f3b3dc5f9502493028cc95ad808a327539dd0c1c395b2b7b543e62,8,0,1.0,1.0,1.0,True,0.0058473020035307854,True,2.86102294921875e-06,4.470348358154297e-08,3.302439495200815e-07,1.7881393432617188e-07,3.4481632837923826e-07,True,1.7881393432617188e-07,True,4.470348358154297e-08,8.48902416229248,0.3437564969062805,8.726065635681152,0.43761777877807617,8.504872874209756,12.104735374450684,0.851737380027771,10.342558355042428,0.0027692000003298745,0.17641878128051758,0.8396139144897461,0.8482304164936068,40,40,40,True,0.00861650200386066
checkerboard,497c98756d8a07e36aeb66981f52f04438d0a3621e0072cf62af6ca6c98fdd7a,0,responsibility_alpha1_gauge_row,gauge,responsibility_row,1.0,32,48,ad331c100e175943af5a222c4169401ea8b32b8037f2493626eeff3606605604,23e2cba5e5693fd12fd221c56eb84310027c116fd77aa286eea31f38692d417a,8.350565,5.364418029785156e-07,"[31,5,6,6,0,0,2,2]",a62868e83dc7f839e8ab3ca80201e0bbc24a2407e4cd03635dec17d951604a9a,5,3,0.375,0.45454545454545453,0.625,False,0.008412177005084231,True,2.86102294921875e-06,4.470348358154297e-08,3.302439495200815e-07,1.7881393432617188e-07,3.4481632837923826e-07,True,1.7881393432617188e-07,True,4.470348358154297e-08,8.502643585205078,0.34451717138290405,8.681770324707031,0.43679705262184143,8.488314352537456,12.380131721496582,0.8633903861045837,10.492816852800773,0.002698258002055809,0.17734026908874512,0.9076850414276123,0.9187954764347523,40,40,40,True,0.01111043500714004
checkerboard,497c98756d8a07e36aeb66981f52f04438d0a3621e0072cf62af6ca6c98fdd7a,0,quotient_alpha1_canonical,canonical,quotient_responsibility,1.0,32,48,ad331c100e175943af5a222c4169401ea8b32b8037f2493626eeff3606605604,23e2cba5e5693fd12fd221c56eb84310027c116fd77aa286eea31f38692d417a,8.350565,5.364418029785156e-07,"[31,5,6,0,2,23,10,29]",181ee92039f3b3dc5f9502493028cc95ad808a327539dd0c1c395b2b7b543e62,8,0,1.0,1.0,1.0,True,0.006243215000722557,True,2.86102294921875e-06,4.470348358154297e-08,3.302439495200815e-07,1.7881393432617188e-07,3.4481632837923826e-07,True,1.7881393432617188e-07,True,4.470348358154297e-08,8.48902416229248,0.3437564969062805,8.726065635681152,0.43761777877807617,8.504872874209756,12.104735374450684,0.851737380027771,10.342558355042428,0.0027692000003298745,0.17641878128051758,0.8396139144897461,0.8486263294907985,40,40,40,True,0.009012415001052432
checkerboard,497c98756d8a07e36aeb66981f52f04438d0a3621e0072cf62af6ca6c98fdd7a,0,quotient_alpha1_gauge,gauge,quotient_responsibility,1.0,32,48,ad331c100e175943af5a222c4169401ea8b32b8037f2493626eeff3606605604,23e2cba5e5693fd12fd221c56eb84310027c116fd77aa286eea31f38692d417a,8.350565,5.364418029785156e-07,"[31,5,6,0,2,23,10,29]",181ee92039f3b3dc5f9502493028cc95ad808a327539dd0c1c395b2b7b543e62,8,0,1.0,1.0,1.0,True,0.009672155996668153,True,2.86102294921875e-06,4.470348358154297e-08,3.302439495200815e-07,1.7881393432617188e-07,3.4481632837923826e-07,True,1.7881393432617188e-07,True,4.470348358154297e-08,8.48902416229248,0.3437564969062805,8.726065635681152,0.43761777877807617,8.504872874209756,12.104735374450684,0.851737380027771,10.342558355042428,0.0027692000003298745,0.17641878128051758,0.8396139144897461,0.8520552704867441,40,40,40,True,0.012441355996998027
checkerboard,497c98756d8a07e36aeb66981f52f04438d0a3621e0072cf62af6ca6c98fdd7a,1,support_canonical,canonical,support_row,,32,48,c65423c7599045fbe41bba6b4db4dc0926ed37da8836453471f66e1d6ed3640a,3b963ce4aef688e4a48e7f736653aa57f546825d20a5ec3390f1f5fdbfa79ad7,8.210199,4.76837158203125e-07,"[30,0,2,11,13,27,8,12]",37b811a8d425d6c308689527b54da913db9fb1498abd25a314c068251cc6f369,8,0,1.0,1.0,1.0,True,0.002396916999714449,True,2.384185791015625e-06,2.9802322387695312e-08,2.5552034799147805e-07,1.7881393432617188e-07,2.7194258223062207e-07,True,1.4901161193847656e-07,True,2.9802322387695312e-08,8.202198028564453,0.3548264801502228,8.915616989135742,0.46098342537879944,8.429789618441934,12.56923770904541,0.871246874332428,10.467901807842832,0.002561905996117275,0.15904998779296875,0.8340203762054443,0.8389791992012761,40,40,40,True,0.004958822995831724
checkerboard,497c98756d8a07e36aeb66981f52f04438d0a3621e0072cf62af6ca6c98fdd7a,1,support_gauge_row,gauge,support_row,,32,48,c65423c7599045fbe41bba6b4db4dc0926ed37da8836453471f66e1d6ed3640a,3b963ce4aef688e4a48e7f736653aa57f546825d20a5ec3390f1f5fdbfa79ad7,8.210199,4.76837158203125e-07,"[30,30,0,0,2,2,11,13]",8742cd24db9fcc47e8d4f1dc450a16e64f70bc43c7e3cbfc029355a8c64b9396,5,3,0.125,0.45454545454545453,0.625,False,0.003509923000819981,True,2.384185791015625e-06,2.9802322387695312e-08,2.5552034799147805e-07,1.7881393432617188e-07,2.7194258223062207e-07,True,1.4901161193847656e-07,True,2.9802322387695312e-08,8.230161666870117,0.35395875573158264,8.879886627197266,0.45404383540153503,8.402387920178866,12.250846862792969,0.8530580997467041,10.46205725814357,0.002633130003232509,0.16041016578674316,0.8457739353179932,0.8519169883220457,40,40,40,True,0.00614305300405249
checkerboard,497c98756d8a07e36aeb66981f52f04438d0a3621e0072cf62af6ca6c98fdd7a,1,responsibility_alpha0.7_canonical,canonical,responsibility_row,0.7,32,48,c65423c7599045fbe41bba6b4db4dc0926ed37da8836453471f66e1d6ed3640a,3b963ce4aef688e4a48e7f736653aa57f546825d20a5ec3390f1f5fdbfa79ad7,8.210199,4.76837158203125e-07,"[12,21,10,11,9,22,19,16]",d00dbe84f738c42a9ec0f63e8a268a9e2e12ecf1185369c3e81dcb1eb71cf2ed,8,0,1.0,1.0,1.0,True,0.004904327004624065,True,2.384185791015625e-06,2.9802322387695312e-08,2.5552034799147805e-07,1.7881393432617188e-07,2.7194258223062207e-07,True,1.4901161193847656e-07,True,2.9802322387695312e-08,8.266012191772461,0.3581627905368805,9.016793251037598,0.461744487285614,8.466789797732705,12.362987518310547,0.8655087947845459,10.447794779382571,0.0027766119965235703,0.1708986759185791,0.7877271175384521,0.7954080565395998,40,40,40,True,0.007680939001147635
checkerboard,497c98756d8a07e36aeb66981f52f04438d0a3621e0072cf62af6ca6c98fdd7a,1,responsibility_alpha0.7_gauge_row,gauge,responsibility_row,0.7,32,48,c65423c7599045fbe41bba6b4db4dc0926ed37da8836453471f66e1d6ed3640a,3b963ce4aef688e4a48e7f736653aa57f546825d20a5ec3390f1f5fdbfa79ad7,8.210199,4.76837158203125e-07,"[21,11,9,19,31,12,12,10]",ded5707d8237fdb4809bd7b42386decf5b0cc35facff6d97d02f3281ae1ce4df,7,1,0.0,0.6,0.6666666666666666,False,0.007899620002717711,True,2.384185791015625e-06,2.9802322387695312e-08,2.5552034799147805e-07,1.7881393432617188e-07,2.7194258223062207e-07,True,1.4901161193847656e-07,True,2.9802322387695312e-08,8.258941650390625,0.35820743441581726,8.966863632202148,0.47001779079437256,8.47306984349301,12.130032539367676,0.8481037616729736,10.317838673639779,0.0027747310014092363,0.16730546951293945,0.7213382720947266,0.7320126230988535,40,40,40,True,0.010674351004126947
checkerboard,497c98756d8a07e36aeb66981f52f04438d0a3621e0072cf62af6ca6c98fdd7a,1,responsibility_alpha1_canonical,canonical,responsibility_row,1.0,32,48,c65423c7599045fbe41bba6b4db4dc0926ed37da8836453471f66e1d6ed3640a,3b963ce4aef688e4a48e7f736653aa57f546825d20a5ec3390f1f5fdbfa79ad7,8.210199,4.76837158203125e-07,"[26,8,25,27,30,11,9,12]",2612808cb82faaa277aba763ec090e8fe9cc3fc99ce7e1b57a07f8d420135f62,8,0,1.0,1.0,1.0,True,0.004749171996081714,True,2.384185791015625e-06,2.9802322387695312e-08,2.5552034799147805e-07,1.7881393432617188e-07,2.7194258223062207e-07,True,1.4901161193847656e-07,True,2.9802322387695312e-08,8.254827499389648,0.35550203919410706,8.991307258605957,0.46314212679862976,8.463884905764932,12.198293685913086,0.8512234687805176,10.32036906540996,0.002667105000000447,0.16084980964660645,0.7786393165588379,0.78605559355492,40,40,40,True,0.007416276996082161
checkerboard,497c98756d8a07e36aeb66981f52f04438d0a3621e0072cf62af6ca6c98fdd7a,1,responsibility_alpha1_gauge_row,gauge,responsibility_row,1.0,32,48,c65423c7599045fbe41bba6b4db4dc0926ed37da8836453471f66e1d6ed3640a,3b963ce4aef688e4a48e7f736653aa57f546825d20a5ec3390f1f5fdbfa79ad7,8.210199,4.76837158203125e-07,"[26,26,8,8,25,27,30,30]",6a61f663f39e9a133fe2f7cf0d45b95ce4d1648a95495b8e36ad787bfe746c1d,5,3,0.125,0.45454545454545453,0.625,False,0.007946072000777349,True,2.384185791015625e-06,2.9802322387695312e-08,2.5552034799147805e-07,1.7881393432617188e-07,2.7194258223062207e-07,True,1.4901161193847656e-07,True,2.9802322387695312e-08,8.15936279296875,0.35331231355667114,8.957880020141602,0.45823538303375244,8.46517058422691,11.821764945983887,0.8274027109146118,10.299162315599846,0.0030119039947749116,0.15736985206604004,0.8019936084747314,0.8129515844702837,40,40,40,True,0.01095797599555226
checkerboard,497c98756d8a07e36aeb66981f52f04438d0a3621e0072cf62af6ca6c98fdd7a,1,quotient_alpha1_canonical,canonical,quotient_responsibility,1.0,32,48,c65423c7599045fbe41bba6b4db4dc0926ed37da8836453471f66e1d6ed3640a,3b963ce4aef688e4a48e7f736653aa57f546825d20a5ec3390f1f5fdbfa79ad7,8.210199,4.76837158203125e-07,"[26,8,25,27,30,11,9,12]",2612808cb82faaa277aba763ec090e8fe9cc3fc99ce7e1b57a07f8d420135f62,8,0,1.0,1.0,1.0,True,0.005046746002335567,True,2.384185791015625e-06,2.9802322387695312e-08,2.5552034799147805e-07,1.7881393432617188e-07,2.7194258223062207e-07,True,1.4901161193847656e-07,True,2.9802322387695312e-08,8.254827499389648,0.35550203919410706,8.991307258605957,0.46314212679862976,8.463884905764932,12.198293685913086,0.8512234687805176,10.32036906540996,0.002667105000000447,0.16084980964660645,0.7786393165588379,0.7863531675611739,40,40,40,True,0.007713851002336014
checkerboard,497c98756d8a07e36aeb66981f52f04438d0a3621e0072cf62af6ca6c98fdd7a,1,quotient_alpha1_gauge,gauge,quotient_responsibility,1.0,32,48,c65423c7599045fbe41bba6b4db4dc0926ed37da8836453471f66e1d6ed3640a,3b963ce4aef688e4a48e7f736653aa57f546825d20a5ec3390f1f5fdbfa79ad7,8.210199,4.76837158203125e-07,"[26,8,25,27,30,11,9,12]",2612808cb82faaa277aba763ec090e8fe9cc3fc99ce7e1b57a07f8d420135f62,8,0,1.0,1.0,1.0,True,0.008836988999973983,True,2.384185791015625e-06,2.9802322387695312e-08,2.5552034799147805e-07,1.7881393432617188e-07,2.7194258223062207e-07,True,1.4901161193847656e-07,True,2.9802322387695312e-08,8.254827499389648,0.35550203919410706,8.991307258605957,0.46314212679862976,8.463884905764932,12.198293685913086,0.8512234687805176,10.32036906540996,0.002667105000000447,0.16084980964660645,0.7786393165588379,0.7901434105588123,40,40,40,True,0.01150409399997443
opposing_ramps,80dd257eaf66d153ed20ac4bbfa651b7f1d0b82b0cabe984104599ac00c4fee1,0,support_canonical,canonical,support_row,,32,48,6eb769715c4d3e274f1c102dbab24ad23f9590726bb01d2b1f1e051b414e54d2,4507db73aeccfabc4a73c2b91af4c3ed511e85f24317481e880eec52e49e5230,48.903687,4.76837158203125e-07,"[11,12,14,7,16,23,26,21]",36b6220e815a1a102820ff9447bc71bcc851430bc9a170ced6e97401799ba7a9,8,0,1.0,1.0,1.0,True,0.002012995995755773,True,3.337860107421875e-06,3.092281986027956e-11,2.747056441876339e-06,1.3096723705530167e-10,2.700757704587886e-06,True,1.3096723705530167e-10,True,3.092281986027956e-11,34.138153076171875,0.9937622547149658,46.82317352294922,0.9995044469833374,41.02591143156353,50.1486930847168,0.9998751282691956,49.6352204987497,0.0026074639972648583,0.15434575080871582,0.8075339794158936,0.8121544394089142,40,40,40,True,0.004620459993020631
opposing_ramps,80dd257eaf66d153ed20ac4bbfa651b7f1d0b82b0cabe984104599ac00c4fee1,0,support_gauge_row,gauge,support_row,,32,48,6eb769715c4d3e274f1c102dbab24ad23f9590726bb01d2b1f1e051b414e54d2,4507db73aeccfabc4a73c2b91af4c3ed511e85f24317481e880eec52e49e5230,48.903687,4.76837158203125e-07,"[11,12,12,14,14,7,16,16]",efe5187a5654de06d458404db3d8711d5f440343a616fb440e7e661966958b91,5,3,0.25,0.45454545454545453,0.625,False,0.003120123001281172,True,3.337860107421875e-06,3.092281986027956e-11,2.747056441876339e-06,1.3096723705530167e-10,2.700757704587886e-06,True,1.3096723705530167e-10,True,3.092281986027956e-11,42.83824920654297,0.9987155795097351,44.607765197753906,0.9993091225624084,39.392432865343594,54.21626663208008,0.9999278783798218,49.507483048872515,0.0026055479975184426,0.1582324504852295,0.8478004932403564,0.8535261642391561,40,40,40,True,0.005725670998799615
opposing_ramps,80dd257eaf66d153ed20ac4bbfa651b7f1d0b82b0cabe984104599ac00c4fee1,0,responsibility_alpha0.7_canonical,canonical,responsibility_row,0.7,32,48,6eb769715c4d3e274f1c102dbab24ad23f9590726bb01d2b1f1e051b414e54d2,4507db73aeccfabc4a73c2b91af4c3ed511e85f24317481e880eec52e49e5230,48.903687,4.76837158203125e-07,"[11,14,12,7,21,23,16,13]",08db03c7bd49e9ed02e1a5e3e85b286c8b8559fe685c45c14c5e106684119eba,8,0,1.0,1.0,1.0,True,0.0041144619972328655,True,3.337860107421875e-06,3.092281986027956e-11,2.747056441876339e-06,1.3096723705530167e-10,2.700757704587886e-06,True,1.3096723705530167e-10,True,3.092281986027956e-11,33.894649505615234,0.9932731986045837,47.83283996582031,0.9996699690818787,41.028538151791224,53.44810104370117,0.999934196472168,49.853889523130476,0.0030823179986327887,0.4118232727050781,0.8057239055633545,0.8129206855592201,40,40,40,True,0.007196779995865654
opposing_ramps,80dd257eaf66d153ed20ac4bbfa651b7f1d0b82b0cabe984104599ac00c4fee1,0,responsibility_alpha0.7_gauge_row,gauge,responsibility_row,0.7,32,48,6eb769715c4d3e274f1c102dbab24ad23f9590726bb01d2b1f1e051b414e54d2,4507db73aeccfabc4a73c2b91af4c3ed511e85f24317481e880eec52e49e5230,48.903687,4.76837158203125e-07,"[11,7,14,14,21,12,12,23]",8e5bc21cfa7daa9725c5852aa3b2c57b9d6508cc7b8c01047ea26091aaad946c,6,2,0.25,0.6,0.75,False,0.006152100999315735,True,3.337860107421875e-06,3.092281986027956e-11,2.747056441876339e-06,1.3096723705530167e-10,2.700757704587886e-06,True,1.3096723705530167e-10,True,3.092281986027956e-11,34.95696258544922,0.9942083954811096,45.98561096191406,0.9993687868118286,40.25832688181024,52.82607650756836,0.9998882412910461,49.55322292597607,0.0026739949971670285,0.14965319633483887,0.7591278553009033,0.7679539512973861,40,40,40,True,0.008826095996482763
opposing_ramps,80dd257eaf66d153ed20ac4bbfa651b7f1d0b82b0cabe984104599ac00c4fee1,0,responsibility_alpha1_canonical,canonical,responsibility_row,1.0,32,48,6eb769715c4d3e274f1c102dbab24ad23f9590726bb01d2b1f1e051b414e54d2,4507db73aeccfabc4a73c2b91af4c3ed511e85f24317481e880eec52e49e5230,48.903687,4.76837158203125e-07,"[11,12,14,7,23,21,16,13]",bd97bf2a24091738859af8a8dde77d215d05a9d96c9aab5665c2b660bcdfe0d8,8,0,1.0,1.0,1.0,True,0.004169523999735247,True,3.337860107421875e-06,3.092281986027956e-11,2.747056441876339e-06,1.3096723705530167e-10,2.700757704587886e-06,True,1.3096723705530167e-10,True,3.092281986027956e-11,33.894649505615234,0.9932731986045837,47.834014892578125,0.9996702075004578,41.02852419803017,53.054813385009766,0.9999074339866638,49.320189177387896,0.0027645059963106178,0.1593000888824463,0.8137156963348389,0.8206497263308847,40,40,40,True,0.006934029996045865
opposing_ramps,80dd257eaf66d153ed20ac4bbfa651b7f1d0b82b0cabe984104599ac00c4fee1,0,responsibility_alpha1_gauge_row,gauge,responsibility_row,1.0,32,48,6eb769715c4d3e274f1c102dbab24ad23f9590726bb01d2b1f1e051b414e54d2,4507db73aeccfabc4a73c2b91af4c3ed511e85f24317481e880eec52e49e5230,48.903687,4.76837158203125e-07,"[11,12,12,14,14,7,23,21]",ad0b053a29abc423ad16cd6dfe9ed5dfae50b70932a2ad724d51cd3c6f0a9465,6,2,0.25,0.6,0.75,False,0.006492512999102473,True,3.337860107421875e-06,3.092281986027956e-11,2.747056441876339e-06,1.3096723705530167e-10,2.700757704587886e-06,True,1.3096723705530167e-10,True,3.092281986027956e-11,34.95696258544922,0.9942083358764648,45.98565673828125,0.9993689060211182,40.2583276849044,51.54706573486328,0.9999035596847534,49.475325073858706,0.0026513260017964058,0.14989805221557617,0.778656005859375,0.7877998448602739,40,40,40,True,0.009143839000898879
opposing_ramps,80dd257eaf66d153ed20ac4bbfa651b7f1d0b82b0cabe984104599ac00c4fee1,0,quotient_alpha1_canonical,canonical,quotient_responsibility,1.0,32,48,6eb769715c4d3e274f1c102dbab24ad23f9590726bb01d2b1f1e051b414e54d2,4507db73aeccfabc4a73c2b91af4c3ed511e85f24317481e880eec52e49e5230,48.903687,4.76837158203125e-07,"[11,12,14,7,23,21,16,13]",bd97bf2a24091738859af8a8dde77d215d05a9d96c9aab5665c2b660bcdfe0d8,8,0,1.0,1.0,1.0,True,0.004538228000456002,True,3.337860107421875e-06,3.092281986027956e-11,2.747056441876339e-06,1.3096723705530167e-10,2.700757704587886e-06,True,1.3096723705530167e-10,True,3.092281986027956e-11,33.894649505615234,0.9932731986045837,47.834014892578125,0.9996702075004578,41.02852419803017,53.054813385009766,0.9999074339866638,49.320189177387896,0.0027645059963106178,0.1593000888824463,0.8137156963348389,0.8210184303316055,40,40,40,True,0.007302733996766619
opposing_ramps,80dd257eaf66d153ed20ac4bbfa651b7f1d0b82b0cabe984104599ac00c4fee1,0,quotient_alpha1_gauge,gauge,quotient_responsibility,1.0,32,48,6eb769715c4d3e274f1c102dbab24ad23f9590726bb01d2b1f1e051b414e54d2,4507db73aeccfabc4a73c2b91af4c3ed511e85f24317481e880eec52e49e5230,48.903687,4.76837158203125e-07,"[11,12,14,7,23,21,16,13]",bd97bf2a24091738859af8a8dde77d215d05a9d96c9aab5665c2b660bcdfe0d8,8,0,1.0,1.0,1.0,True,0.007797828002367169,True,3.337860107421875e-06,3.092281986027956e-11,2.747056441876339e-06,1.3096723705530167e-10,2.700757704587886e-06,True,1.3096723705530167e-10,True,3.092281986027956e-11,33.894649505615234,0.9932731986045837,47.834014892578125,0.9996702075004578,41.02852419803017,53.054813385009766,0.9999074339866638,49.320189177387896,0.0027645059963106178,0.1593000888824463,0.8137156963348389,0.8242780303335167,40,40,40,True,0.010562333998677786
opposing_ramps,80dd257eaf66d153ed20ac4bbfa651b7f1d0b82b0cabe984104599ac00c4fee1,1,support_canonical,canonical,support_row,,32,48,b9ffdd73583a04ebaef1d5e41787d24398596d31fc2c7960188ee5c20dfed156,d9dd8d6f5d87cca17e058ed88869de8bf993614cec02176e722335c4461c03bd,48.72591,7.152557373046875e-07,"[16,7,3,14,17,20,0,11]",4d27aaa552f4d032fbd494aa47b4c3a2f1a0f38ee22cce958036d4a5e94acdf5,8,0,1.0,1.0,1.0,True,0.0019616169956861995,True,1.9073486328125e-06,3.2741809263825417e-11,2.1090729660500074e-06,1.0913936421275139e-10,2.0463721739361063e-06,True,9.094947017729282e-11,True,3.2741809263825417e-11,37.604957580566406,0.9975666999816895,44.688270568847656,0.9991405606269836,39.758505269100795,52.64714813232422,0.9999074935913086,49.368785896686596,0.002598006001790054,0.15375256538391113,0.7909433841705322,0.7955030071680085,40,40,40,True,0.004559622997476254
opposing_ramps,80dd257eaf66d153ed20ac4bbfa651b7f1d0b82b0cabe984104599ac00c4fee1,1,support_gauge_row,gauge,support_row,,32,48,b9ffdd73583a04ebaef1d5e41787d24398596d31fc2c7960188ee5c20dfed156,d9dd8d6f5d87cca17e058ed88869de8bf993614cec02176e722335c4461c03bd,48.72591,7.152557373046875e-07,"[16,16,7,3,14,14,17,20]",77e1d5c7581fa812091458855551c78e5f3261d3beea9b90dfd8d7004aa30e85,6,2,0.125,0.6,0.75,False,0.002943899999081623,True,1.9073486328125e-06,3.2741809263825417e-11,2.1090729660500074e-06,1.0913936421275139e-10,2.0463721739361063e-06,True,9.094947017729282e-11,True,3.2741809263825417e-11,35.99452209472656,0.9970654845237732,45.43010711669922,0.9992576837539673,39.96906973186292,52.80253601074219,0.9998473525047302,49.83935105680215,0.0027297940032440238,0.15945053100585938,0.8065078258514404,0.8121815198537661,40,40,40,True,0.005673694002325647
opposing_ramps,80dd257eaf66d153ed20ac4bbfa651b7f1d0b82b0cabe984104599ac00c4fee1,1,responsibility_alpha0.7_canonical,canonical,responsibility_row,0.7,32,48,b9ffdd73583a04ebaef1d5e41787d24398596d31fc2c7960188ee5c20dfed156,d9dd8d6f5d87cca17e058ed88869de8bf993614cec02176e722335c4461c03bd,48.72591,7.152557373046875e-07,"[3,16,4,14,17,22,7,18]",e47695224fc9a3f1665fbc9c78e2d3996defa30e979b714b633585a7351266db,8,0,1.0,1.0,1.0,True,0.003930068000045139,True,1.9073486328125e-06,3.2741809263825417e-11,2.1090729660500074e-06,1.0913936421275139e-10,2.0463721739361063e-06,True,9.094947017729282e-11,True,3.2741809263825417e-11,36.671932220458984,0.9965583682060242,45.91133117675781,0.9994125962257385,39.65729512666401,53.18027114868164,0.9998984932899475,49.17815784492878,0.0026264490006724373,0.1597144603729248,0.808377742767334,0.8149342597680516,40,40,40,True,0.006556517000717577
opposing_ramps,80dd257eaf66d153ed20ac4bbfa651b7f1d0b82b0cabe984104599ac00c4fee1,1,responsibility_alpha0.7_gauge_row,gauge,responsibility_row,0.7,32,48,b9ffdd73583a04ebaef1d5e41787d24398596d31fc2c7960188ee5c20dfed156,d9dd8d6f5d87cca17e058ed88869de8bf993614cec02176e722335c4461c03bd,48.72591,7.152557373046875e-07,"[3,16,16,17,7,4,4,14]",da01291245ed3692cca6929e01485e1d32d9860556330194be1ea751becc2bb1,6,2,0.25,0.6,0.75,False,0.006655867000517901,True,1.9073486328125e-06,3.2741809263825417e-11,2.1090729660500074e-06,1.0913936421275139e-10,2.0463721739361063e-06,True,9.094947017729282e-11,True,3.2741809263825417e-11,37.170127868652344,0.9974175095558167,44.12309265136719,0.999442994594574,38.80934454265394,53.51312255859375,0.999921977519989,49.488886553831776,0.0029357979947235435,0.17409181594848633,1.0324788093566895,1.042070474351931,40,40,40,True,0.009591664995241445
opposing_ramps,80dd257eaf66d153ed20ac4bbfa651b7f1d0b82b0cabe984104599ac00c4fee1,1,responsibility_alpha1_canonical,canonical,responsibility_row,1.0,32,48,b9ffdd73583a04ebaef1d5e41787d24398596d31fc2c7960188ee5c20dfed156,d9dd8d6f5d87cca17e058ed88869de8bf993614cec02176e722335c4461c03bd,48.72591,7.152557373046875e-07,"[3,16,7,14,4,17,22,20]",a749c30c4f42e028fbdeacce584095986ea0f61847f31d87d7042d2f56b3a918,8,0,1.0,1.0,1.0,True,0.003965383999457117,True,1.9073486328125e-06,3.2741809263825417e-11,2.1090729660500074e-06,1.0913936421275139e-10,2.0463721739361063e-06,True,9.094947017729282e-11,True,3.2741809263825417e-11,36.85582733154297,0.9972457885742188,44.814453125,0.9993327856063843,38.86960621883995,51.89306640625,0.9998899102210999,49.15031429252239,0.002643874002387747,0.15361428260803223,0.7917428016662598,0.7983520596681046,40,40,40,True,0.006609258001844864
opposing_ramps,80dd257eaf66d153ed20ac4bbfa651b7f1d0b82b0cabe984104599ac00c4fee1,1,responsibility_alpha1_gauge_row,gauge,responsibility_row,1.0,32,48,b9ffdd73583a04ebaef1d5e41787d24398596d31fc2c7960188ee5c20dfed156,d9dd8d6f5d87cca17e058ed88869de8bf993614cec02176e722335c4461c03bd,48.72591,7.152557373046875e-07,"[3,16,16,7,14,14,4,4]",b605d834c848acd5e48ba9bdeccd8f3a715f49b50d9535b68454090929442117,5,3,0.25,0.45454545454545453,0.625,False,0.0067704280008911155,True,1.9073486328125e-06,3.2741809263825417e-11,2.1090729660500074e-06,1.0913936421275139e-10,2.0463721739361063e-06,True,9.094947017729282e-11,True,3.2741809263825417e-11,37.07811737060547,0.9965107440948486,47.365203857421875,0.9996904134750366,40.06816793742933,50.20779037475586,0.999874472618103,49.23444268197724,0.0027649170006043278,0.15238451957702637,0.8134944438934326,0.8230297888949281,40,40,40,True,0.009535345001495443
opposing_ramps,80dd257eaf66d153ed20ac4bbfa651b7f1d0b82b0cabe984104599ac00c4fee1,1,quotient_alpha1_canonical,canonical,quotient_responsibility,1.0,32,48,b9ffdd73583a04ebaef1d5e41787d24398596d31fc2c7960188ee5c20dfed156,d9dd8d6f5d87cca17e058ed88869de8bf993614cec02176e722335c4461c03bd,48.72591,7.152557373046875e-07,"[3,16,7,14,4,17,22,20]",a749c30c4f42e028fbdeacce584095986ea0f61847f31d87d7042d2f56b3a918,8,0,1.0,1.0,1.0,True,0.004517467998084612,True,1.9073486328125e-06,3.2741809263825417e-11,2.1090729660500074e-06,1.0913936421275139e-10,2.0463721739361063e-06,True,9.094947017729282e-11,True,3.2741809263825417e-11,36.85582733154297,0.9972457885742188,44.814453125,0.9993327856063843,38.86960621883995,51.89306640625,0.9998899102210999,49.15031429252239,0.002643874002387747,0.15361428260803223,0.7917428016662598,0.7989041436667321,40,40,40,True,0.007161342000472359
opposing_ramps,80dd257eaf66d153ed20ac4bbfa651b7f1d0b82b0cabe984104599ac00c4fee1,1,quotient_alpha1_gauge,gauge,quotient_responsibility,1.0,32,48,b9ffdd73583a04ebaef1d5e41787d24398596d31fc2c7960188ee5c20dfed156,d9dd8d6f5d87cca17e058ed88869de8bf993614cec02176e722335c4461c03bd,48.72591,7.152557373046875e-07,"[3,16,7,14,4,17,22,20]",a749c30c4f42e028fbdeacce584095986ea0f61847f31d87d7042d2f56b3a918,8,0,1.0,1.0,1.0,True,0.007747185001790058,True,1.9073486328125e-06,3.2741809263825417e-11,2.1090729660500074e-06,1.0913936421275139e-10,2.0463721739361063e-06,True,9.094947017729282e-11,True,3.2741809263825417e-11,36.85582733154297,0.9972457885742188,44.814453125,0.9993327856063843,38.86960621883995,51.89306640625,0.9998899102210999,49.15031429252239,0.002643874002387747,0.15361428260803223,0.7917428016662598,0.8021338606704376,40,40,40,True,0.010391059004177805
