actual_support_overlap,cuda_event_ms,height,mode,n_gaussians,phase,repeat,requested_support_overlap,seed,support_aabb_visits,width,within_cell_measurement_order,work_scope
4.666259765625,0.43724799156188965,128,cuda,512,exact_forward,0,4.0,0,76452,128,0,synthetic_microfit_cuda_event_device_timeline_only
4.666259765625,0.4097279906272888,128,cuda,512,exact_forward,1,4.0,0,76452,128,0,synthetic_microfit_cuda_event_device_timeline_only
4.666259765625,0.3972479999065399,128,cuda,512,exact_forward,2,4.0,0,76452,128,0,synthetic_microfit_cuda_event_device_timeline_only
4.666259765625,0.3973119854927063,128,cuda,512,exact_forward,3,4.0,0,76452,128,0,synthetic_microfit_cuda_event_device_timeline_only
4.666259765625,0.39321601390838623,128,cuda,512,exact_forward,4,4.0,0,76452,128,0,synthetic_microfit_cuda_event_device_timeline_only
4.666259765625,0.3911679983139038,128,cuda,512,exact_forward,5,4.0,0,76452,128,0,synthetic_microfit_cuda_event_device_timeline_only
4.666259765625,0.3891200125217438,128,cuda,512,exact_forward,6,4.0,0,76452,128,0,synthetic_microfit_cuda_event_device_timeline_only
4.666259765625,0.3871360123157501,128,cuda,512,exact_forward,7,4.0,0,76452,128,0,synthetic_microfit_cuda_event_device_timeline_only
4.666259765625,0.4116480052471161,128,cuda,512,exact_forward,8,4.0,0,76452,128,0,synthetic_microfit_cuda_event_device_timeline_only
4.666259765625,0.39606401324272156,128,cuda,512,exact_forward,9,4.0,0,76452,128,0,synthetic_microfit_cuda_event_device_timeline_only
4.666259765625,0.4004800021648407,128,cuda,512,exact_forward,10,4.0,0,76452,128,0,synthetic_microfit_cuda_event_device_timeline_only
4.666259765625,0.3901439905166626,128,cuda,512,exact_forward,11,4.0,0,76452,128,0,synthetic_microfit_cuda_event_device_timeline_only
4.666259765625,0.39526399970054626,128,cuda,512,exact_forward,12,4.0,0,76452,128,0,synthetic_microfit_cuda_event_device_timeline_only
4.666259765625,0.38284799456596375,128,cuda,512,exact_forward,13,4.0,0,76452,128,0,synthetic_microfit_cuda_event_device_timeline_only
4.666259765625,0.39423999190330505,128,cuda,512,exact_forward,14,4.0,0,76452,128,0,synthetic_microfit_cuda_event_device_timeline_only
4.666259765625,0.5631999969482422,128,cuda,512,exact_backward,0,4.0,0,76452,128,0,synthetic_microfit_cuda_event_device_timeline_only
4.666259765625,0.5304319858551025,128,cuda,512,exact_backward,1,4.0,0,76452,128,0,synthetic_microfit_cuda_event_device_timeline_only
4.666259765625,0.5191680192947388,128,cuda,512,exact_backward,2,4.0,0,76452,128,0,synthetic_microfit_cuda_event_device_timeline_only
4.666259765625,0.5386239886283875,128,cuda,512,exact_backward,3,4.0,0,76452,128,0,synthetic_microfit_cuda_event_device_timeline_only
4.666259765625,0.5191680192947388,128,cuda,512,exact_backward,4,4.0,0,76452,128,0,synthetic_microfit_cuda_event_device_timeline_only
4.666259765625,0.5150719881057739,128,cuda,512,exact_backward,5,4.0,0,76452,128,0,synthetic_microfit_cuda_event_device_timeline_only
4.666259765625,0.5110719799995422,128,cuda,512,exact_backward,6,4.0,0,76452,128,0,synthetic_microfit_cuda_event_device_timeline_only
4.666259765625,0.5120000243186951,128,cuda,512,exact_backward,7,4.0,0,76452,128,0,synthetic_microfit_cuda_event_device_timeline_only
4.666259765625,0.536575973033905,128,cuda,512,exact_backward,8,4.0,0,76452,128,0,synthetic_microfit_cuda_event_device_timeline_only
4.666259765625,0.5273600220680237,128,cuda,512,exact_backward,9,4.0,0,76452,128,0,synthetic_microfit_cuda_event_device_timeline_only
4.666259765625,0.5160639882087708,128,cuda,512,exact_backward,10,4.0,0,76452,128,0,synthetic_microfit_cuda_event_device_timeline_only
4.666259765625,0.5171200037002563,128,cuda,512,exact_backward,11,4.0,0,76452,128,0,synthetic_microfit_cuda_event_device_timeline_only
4.666259765625,0.51801598072052,128,cuda,512,exact_backward,12,4.0,0,76452,128,0,synthetic_microfit_cuda_event_device_timeline_only
4.666259765625,0.5221120119094849,128,cuda,512,exact_backward,13,4.0,0,76452,128,0,synthetic_microfit_cuda_event_device_timeline_only
4.666259765625,0.5209919810295105,128,cuda,512,exact_backward,14,4.0,0,76452,128,0,synthetic_microfit_cuda_event_device_timeline_only
4.666259765625,0.8908799886703491,128,cuda,512,fit_backward,0,4.0,0,76452,128,0,synthetic_microfit_cuda_event_device_timeline_only
4.666259765625,0.8845760226249695,128,cuda,512,fit_backward,1,4.0,0,76452,128,0,synthetic_microfit_cuda_event_device_timeline_only
4.666259765625,0.899071991443634,128,cuda,512,fit_backward,2,4.0,0,76452,128,0,synthetic_microfit_cuda_event_device_timeline_only
4.666259765625,0.9728000164031982,128,cuda,512,fit_backward,3,4.0,0,76452,128,0,synthetic_microfit_cuda_event_device_timeline_only
4.666259765625,0.894976019859314,128,cuda,512,fit_backward,4,4.0,0,76452,128,0,synthetic_microfit_cuda_event_device_timeline_only
4.666259765625,0.9032639861106873,128,cuda,512,fit_backward,5,4.0,0,76452,128,0,synthetic_microfit_cuda_event_device_timeline_only
4.666259765625,0.9011200070381165,128,cuda,512,fit_backward,6,4.0,0,76452,128,0,synthetic_microfit_cuda_event_device_timeline_only
4.666259765625,0.9000959992408752,128,cuda,512,fit_backward,7,4.0,0,76452,128,0,synthetic_microfit_cuda_event_device_timeline_only
4.666259765625,0.9062399864196777,128,cuda,512,fit_backward,8,4.0,0,76452,128,0,synthetic_microfit_cuda_event_device_timeline_only
4.666259765625,0.8744959831237793,128,cuda,512,fit_backward,9,4.0,0,76452,128,0,synthetic_microfit_cuda_event_device_timeline_only
4.666259765625,0.8826879858970642,128,cuda,512,fit_backward,10,4.0,0,76452,128,0,synthetic_microfit_cuda_event_device_timeline_only
4.666259765625,0.8785920143127441,128,cuda,512,fit_backward,11,4.0,0,76452,128,0,synthetic_microfit_cuda_event_device_timeline_only
4.666259765625,0.9267200231552124,128,cuda,512,fit_backward,12,4.0,0,76452,128,0,synthetic_microfit_cuda_event_device_timeline_only
4.666259765625,0.869376003742218,128,cuda,512,fit_backward,13,4.0,0,76452,128,0,synthetic_microfit_cuda_event_device_timeline_only
4.666259765625,0.8672000169754028,128,cuda,512,fit_backward,14,4.0,0,76452,128,0,synthetic_microfit_cuda_event_device_timeline_only
4.666259765625,0.5407999753952026,128,cuda,512,optimizer_update,0,4.0,0,76452,128,0,synthetic_microfit_cuda_event_device_timeline_only
4.666259765625,0.43212801218032837,128,cuda,512,optimizer_update,1,4.0,0,76452,128,0,synthetic_microfit_cuda_event_device_timeline_only
4.666259765625,0.4331519901752472,128,cuda,512,optimizer_update,2,4.0,0,76452,128,0,synthetic_microfit_cuda_event_device_timeline_only
4.666259765625,0.41676801443099976,128,cuda,512,optimizer_update,3,4.0,0,76452,128,0,synthetic_microfit_cuda_event_device_timeline_only
4.666259765625,0.4240640103816986,128,cuda,512,optimizer_update,4,4.0,0,76452,128,0,synthetic_microfit_cuda_event_device_timeline_only
4.666259765625,0.42108801007270813,128,cuda,512,optimizer_update,5,4.0,0,76452,128,0,synthetic_microfit_cuda_event_device_timeline_only
4.666259765625,0.4299840033054352,128,cuda,512,optimizer_update,6,4.0,0,76452,128,0,synthetic_microfit_cuda_event_device_timeline_only
4.666259765625,0.41471999883651733,128,cuda,512,optimizer_update,7,4.0,0,76452,128,0,synthetic_microfit_cuda_event_device_timeline_only
4.666259765625,0.4227840006351471,128,cuda,512,optimizer_update,8,4.0,0,76452,128,0,synthetic_microfit_cuda_event_device_timeline_only
4.666259765625,0.4106239974498749,128,cuda,512,optimizer_update,9,4.0,0,76452,128,0,synthetic_microfit_cuda_event_device_timeline_only
4.666259765625,0.40937599539756775,128,cuda,512,optimizer_update,10,4.0,0,76452,128,0,synthetic_microfit_cuda_event_device_timeline_only
4.666259765625,0.4188160002231598,128,cuda,512,optimizer_update,11,4.0,0,76452,128,0,synthetic_microfit_cuda_event_device_timeline_only
4.666259765625,0.4177919924259186,128,cuda,512,optimizer_update,12,4.0,0,76452,128,0,synthetic_microfit_cuda_event_device_timeline_only
4.666259765625,0.4259839951992035,128,cuda,512,optimizer_update,13,4.0,0,76452,128,0,synthetic_microfit_cuda_event_device_timeline_only
4.666259765625,0.4136959910392761,128,cuda,512,optimizer_update,14,4.0,0,76452,128,0,synthetic_microfit_cuda_event_device_timeline_only
4.666259765625,2.12172794342041,128,cuda,512,representative_fit_step,0,4.0,0,76452,128,0,synthetic_microfit_cuda_event_device_timeline_only
4.666259765625,2.083616018295288,128,cuda,512,representative_fit_step,1,4.0,0,76452,128,0,synthetic_microfit_cuda_event_device_timeline_only
4.666259765625,2.0848639011383057,128,cuda,512,representative_fit_step,2,4.0,0,76452,128,0,synthetic_microfit_cuda_event_device_timeline_only
4.666259765625,2.0746240615844727,128,cuda,512,representative_fit_step,3,4.0,0,76452,128,0,synthetic_microfit_cuda_event_device_timeline_only
4.666259765625,2.0398080348968506,128,cuda,512,representative_fit_step,4,4.0,0,76452,128,0,synthetic_microfit_cuda_event_device_timeline_only
4.666259765625,2.041856050491333,128,cuda,512,representative_fit_step,5,4.0,0,76452,128,0,synthetic_microfit_cuda_event_device_timeline_only
4.666259765625,2.082848072052002,128,cuda,512,representative_fit_step,6,4.0,0,76452,128,0,synthetic_microfit_cuda_event_device_timeline_only
4.666259765625,2.0959041118621826,128,cuda,512,representative_fit_step,7,4.0,0,76452,128,0,synthetic_microfit_cuda_event_device_timeline_only
4.666259765625,2.0622398853302,128,cuda,512,representative_fit_step,8,4.0,0,76452,128,0,synthetic_microfit_cuda_event_device_timeline_only
4.666259765625,2.0981760025024414,128,cuda,512,representative_fit_step,9,4.0,0,76452,128,0,synthetic_microfit_cuda_event_device_timeline_only
4.666259765625,2.0684800148010254,128,cuda,512,representative_fit_step,10,4.0,0,76452,128,0,synthetic_microfit_cuda_event_device_timeline_only
4.666259765625,2.0684800148010254,128,cuda,512,representative_fit_step,11,4.0,0,76452,128,0,synthetic_microfit_cuda_event_device_timeline_only
4.666259765625,2.096127986907959,128,cuda,512,representative_fit_step,12,4.0,0,76452,128,0,synthetic_microfit_cuda_event_device_timeline_only
4.666259765625,2.071552038192749,128,cuda,512,representative_fit_step,13,4.0,0,76452,128,0,synthetic_microfit_cuda_event_device_timeline_only
4.666259765625,2.0448319911956787,128,cuda,512,representative_fit_step,14,4.0,0,76452,128,0,synthetic_microfit_cuda_event_device_timeline_only
4.666259765625,0.40963199734687805,128,cuda_block_reduce,512,exact_forward,0,4.0,0,76452,128,1,synthetic_microfit_cuda_event_device_timeline_only
4.666259765625,0.3973119854927063,128,cuda_block_reduce,512,exact_forward,1,4.0,0,76452,128,1,synthetic_microfit_cuda_event_device_timeline_only
4.666259765625,0.3891200125217438,128,cuda_block_reduce,512,exact_forward,2,4.0,0,76452,128,1,synthetic_microfit_cuda_event_device_timeline_only
4.666259765625,0.39232000708580017,128,cuda_block_reduce,512,exact_forward,3,4.0,0,76452,128,1,synthetic_microfit_cuda_event_device_timeline_only
4.666259765625,0.3929919898509979,128,cuda_block_reduce,512,exact_forward,4,4.0,0,76452,128,1,synthetic_microfit_cuda_event_device_timeline_only
4.666259765625,0.4055039882659912,128,cuda_block_reduce,512,exact_forward,5,4.0,0,76452,128,1,synthetic_microfit_cuda_event_device_timeline_only
4.666259765625,0.38604798913002014,128,cuda_block_reduce,512,exact_forward,6,4.0,0,76452,128,1,synthetic_microfit_cuda_event_device_timeline_only
4.666259765625,0.39824000000953674,128,cuda_block_reduce,512,exact_forward,7,4.0,0,76452,128,1,synthetic_microfit_cuda_event_device_timeline_only
4.666259765625,0.3852800130844116,128,cuda_block_reduce,512,exact_forward,8,4.0,0,76452,128,1,synthetic_microfit_cuda_event_device_timeline_only
4.666259765625,0.3962880074977875,128,cuda_block_reduce,512,exact_forward,9,4.0,0,76452,128,1,synthetic_microfit_cuda_event_device_timeline_only
4.666259765625,0.3891200125217438,128,cuda_block_reduce,512,exact_forward,10,4.0,0,76452,128,1,synthetic_microfit_cuda_event_device_timeline_only
4.666259765625,0.3930560052394867,128,cuda_block_reduce,512,exact_forward,11,4.0,0,76452,128,1,synthetic_microfit_cuda_event_device_timeline_only
4.666259765625,0.38604798913002014,128,cuda_block_reduce,512,exact_forward,12,4.0,0,76452,128,1,synthetic_microfit_cuda_event_device_timeline_only
4.666259765625,0.392192006111145,128,cuda_block_reduce,512,exact_forward,13,4.0,0,76452,128,1,synthetic_microfit_cuda_event_device_timeline_only
4.666259765625,0.3800959885120392,128,cuda_block_reduce,512,exact_forward,14,4.0,0,76452,128,1,synthetic_microfit_cuda_event_device_timeline_only
4.666259765625,0.5386239886283875,128,cuda_block_reduce,512,exact_backward,0,4.0,0,76452,128,1,synthetic_microfit_cuda_event_device_timeline_only
4.666259765625,0.5396479964256287,128,cuda_block_reduce,512,exact_backward,1,4.0,0,76452,128,1,synthetic_microfit_cuda_event_device_timeline_only
4.666259765625,0.5232639908790588,128,cuda_block_reduce,512,exact_backward,2,4.0,0,76452,128,1,synthetic_microfit_cuda_event_device_timeline_only
4.666259765625,0.5242879986763,128,cuda_block_reduce,512,exact_backward,3,4.0,0,76452,128,1,synthetic_microfit_cuda_event_device_timeline_only
4.666259765625,0.52019202709198,128,cuda_block_reduce,512,exact_backward,4,4.0,0,76452,128,1,synthetic_microfit_cuda_event_device_timeline_only
4.666259765625,0.525056004524231,128,cuda_block_reduce,512,exact_backward,5,4.0,0,76452,128,1,synthetic_microfit_cuda_event_device_timeline_only
4.666259765625,0.5078080296516418,128,cuda_block_reduce,512,exact_backward,6,4.0,0,76452,128,1,synthetic_microfit_cuda_event_device_timeline_only
4.666259765625,0.5067200064659119,128,cuda_block_reduce,512,exact_backward,7,4.0,0,76452,128,1,synthetic_microfit_cuda_event_device_timeline_only
4.666259765625,0.5079039931297302,128,cuda_block_reduce,512,exact_backward,8,4.0,0,76452,128,1,synthetic_microfit_cuda_event_device_timeline_only
4.666259765625,0.5120959877967834,128,cuda_block_reduce,512,exact_backward,9,4.0,0,76452,128,1,synthetic_microfit_cuda_event_device_timeline_only
4.666259765625,0.5120959877967834,128,cuda_block_reduce,512,exact_backward,10,4.0,0,76452,128,1,synthetic_microfit_cuda_event_device_timeline_only
4.666259765625,0.5099520087242126,128,cuda_block_reduce,512,exact_backward,11,4.0,0,76452,128,1,synthetic_microfit_cuda_event_device_timeline_only
4.666259765625,0.5148800015449524,128,cuda_block_reduce,512,exact_backward,12,4.0,0,76452,128,1,synthetic_microfit_cuda_event_device_timeline_only
4.666259765625,0.5047360062599182,128,cuda_block_reduce,512,exact_backward,13,4.0,0,76452,128,1,synthetic_microfit_cuda_event_device_timeline_only
4.666259765625,0.506879985332489,128,cuda_block_reduce,512,exact_backward,14,4.0,0,76452,128,1,synthetic_microfit_cuda_event_device_timeline_only
4.666259765625,0.876479983329773,128,cuda_block_reduce,512,fit_backward,0,4.0,0,76452,128,1,synthetic_microfit_cuda_event_device_timeline_only
4.666259765625,0.9064639806747437,128,cuda_block_reduce,512,fit_backward,1,4.0,0,76452,128,1,synthetic_microfit_cuda_event_device_timeline_only
4.666259765625,0.8611840009689331,128,cuda_block_reduce,512,fit_backward,2,4.0,0,76452,128,1,synthetic_microfit_cuda_event_device_timeline_only
4.666259765625,0.8663039803504944,128,cuda_block_reduce,512,fit_backward,3,4.0,0,76452,128,1,synthetic_microfit_cuda_event_device_timeline_only
4.666259765625,0.8726080060005188,128,cuda_block_reduce,512,fit_backward,4,4.0,0,76452,128,1,synthetic_microfit_cuda_event_device_timeline_only
4.666259765625,0.8734719753265381,128,cuda_block_reduce,512,fit_backward,5,4.0,0,76452,128,1,synthetic_microfit_cuda_event_device_timeline_only
4.666259765625,0.8592000007629395,128,cuda_block_reduce,512,fit_backward,6,4.0,0,76452,128,1,synthetic_microfit_cuda_event_device_timeline_only
4.666259765625,0.8634880185127258,128,cuda_block_reduce,512,fit_backward,7,4.0,0,76452,128,1,synthetic_microfit_cuda_event_device_timeline_only
4.666259765625,0.881663978099823,128,cuda_block_reduce,512,fit_backward,8,4.0,0,76452,128,1,synthetic_microfit_cuda_event_device_timeline_only
4.666259765625,0.8560640215873718,128,cuda_block_reduce,512,fit_backward,9,4.0,0,76452,128,1,synthetic_microfit_cuda_event_device_timeline_only
4.666259765625,0.8775680065155029,128,cuda_block_reduce,512,fit_backward,10,4.0,0,76452,128,1,synthetic_microfit_cuda_event_device_timeline_only
4.666259765625,0.8673279881477356,128,cuda_block_reduce,512,fit_backward,11,4.0,0,76452,128,1,synthetic_microfit_cuda_event_device_timeline_only
4.666259765625,0.8827199935913086,128,cuda_block_reduce,512,fit_backward,12,4.0,0,76452,128,1,synthetic_microfit_cuda_event_device_timeline_only
4.666259765625,0.8785920143127441,128,cuda_block_reduce,512,fit_backward,13,4.0,0,76452,128,1,synthetic_microfit_cuda_event_device_timeline_only
4.666259765625,0.8754879832267761,128,cuda_block_reduce,512,fit_backward,14,4.0,0,76452,128,1,synthetic_microfit_cuda_event_device_timeline_only
4.666259765625,0.5038080215454102,128,cuda_block_reduce,512,optimizer_update,0,4.0,0,76452,128,1,synthetic_microfit_cuda_event_device_timeline_only
4.666259765625,0.42905598878860474,128,cuda_block_reduce,512,optimizer_update,1,4.0,0,76452,128,1,synthetic_microfit_cuda_event_device_timeline_only
4.666259765625,0.4476799964904785,128,cuda_block_reduce,512,optimizer_update,2,4.0,0,76452,128,1,synthetic_microfit_cuda_event_device_timeline_only
4.666259765625,0.44729599356651306,128,cuda_block_reduce,512,optimizer_update,3,4.0,0,76452,128,1,synthetic_microfit_cuda_event_device_timeline_only
4.666259765625,0.41251200437545776,128,cuda_block_reduce,512,optimizer_update,4,4.0,0,76452,128,1,synthetic_microfit_cuda_event_device_timeline_only
4.666259765625,0.4126720130443573,128,cuda_block_reduce,512,optimizer_update,5,4.0,0,76452,128,1,synthetic_microfit_cuda_event_device_timeline_only
4.666259765625,0.4187520146369934,128,cuda_block_reduce,512,optimizer_update,6,4.0,0,76452,128,1,synthetic_microfit_cuda_event_device_timeline_only
4.666259765625,0.40959998965263367,128,cuda_block_reduce,512,optimizer_update,7,4.0,0,76452,128,1,synthetic_microfit_cuda_event_device_timeline_only
4.666259765625,0.419840008020401,128,cuda_block_reduce,512,optimizer_update,8,4.0,0,76452,128,1,synthetic_microfit_cuda_event_device_timeline_only
4.666259765625,0.41574400663375854,128,cuda_block_reduce,512,optimizer_update,9,4.0,0,76452,128,1,synthetic_microfit_cuda_event_device_timeline_only
4.666259765625,0.42188799381256104,128,cuda_block_reduce,512,optimizer_update,10,4.0,0,76452,128,1,synthetic_microfit_cuda_event_device_timeline_only
4.666259765625,0.4126720130443573,128,cuda_block_reduce,512,optimizer_update,11,4.0,0,76452,128,1,synthetic_microfit_cuda_event_device_timeline_only
4.666259765625,0.418720006942749,128,cuda_block_reduce,512,optimizer_update,12,4.0,0,76452,128,1,synthetic_microfit_cuda_event_device_timeline_only
4.666259765625,0.40959998965263367,128,cuda_block_reduce,512,optimizer_update,13,4.0,0,76452,128,1,synthetic_microfit_cuda_event_device_timeline_only
4.666259765625,0.4208639860153198,128,cuda_block_reduce,512,optimizer_update,14,4.0,0,76452,128,1,synthetic_microfit_cuda_event_device_timeline_only
4.666259765625,2.1370880603790283,128,cuda_block_reduce,512,representative_fit_step,0,4.0,0,76452,128,1,synthetic_microfit_cuda_event_device_timeline_only
4.666259765625,2.1307520866394043,128,cuda_block_reduce,512,representative_fit_step,1,4.0,0,76452,128,1,synthetic_microfit_cuda_event_device_timeline_only
4.666259765625,2.0531198978424072,128,cuda_block_reduce,512,representative_fit_step,2,4.0,0,76452,128,1,synthetic_microfit_cuda_event_device_timeline_only
4.666259765625,2.0633599758148193,128,cuda_block_reduce,512,representative_fit_step,3,4.0,0,76452,128,1,synthetic_microfit_cuda_event_device_timeline_only
4.666259765625,2.0654079914093018,128,cuda_block_reduce,512,representative_fit_step,4,4.0,0,76452,128,1,synthetic_microfit_cuda_event_device_timeline_only
4.666259765625,2.0848639011383057,128,cuda_block_reduce,512,representative_fit_step,5,4.0,0,76452,128,1,synthetic_microfit_cuda_event_device_timeline_only
4.666259765625,2.058016061782837,128,cuda_block_reduce,512,representative_fit_step,6,4.0,0,76452,128,1,synthetic_microfit_cuda_event_device_timeline_only
4.666259765625,2.0490241050720215,128,cuda_block_reduce,512,representative_fit_step,7,4.0,0,76452,128,1,synthetic_microfit_cuda_event_device_timeline_only
4.666259765625,2.2262721061706543,128,cuda_block_reduce,512,representative_fit_step,8,4.0,0,76452,128,1,synthetic_microfit_cuda_event_device_timeline_only
4.666259765625,2.4054720401763916,128,cuda_block_reduce,512,representative_fit_step,9,4.0,0,76452,128,1,synthetic_microfit_cuda_event_device_timeline_only
4.666259765625,2.3398399353027344,128,cuda_block_reduce,512,representative_fit_step,10,4.0,0,76452,128,1,synthetic_microfit_cuda_event_device_timeline_only
4.666259765625,2.273279905319214,128,cuda_block_reduce,512,representative_fit_step,11,4.0,0,76452,128,1,synthetic_microfit_cuda_event_device_timeline_only
4.666259765625,2.407423973083496,128,cuda_block_reduce,512,representative_fit_step,12,4.0,0,76452,128,1,synthetic_microfit_cuda_event_device_timeline_only
4.666259765625,2.2917120456695557,128,cuda_block_reduce,512,representative_fit_step,13,4.0,0,76452,128,1,synthetic_microfit_cuda_event_device_timeline_only
4.666259765625,2.1972479820251465,128,cuda_block_reduce,512,representative_fit_step,14,4.0,0,76452,128,1,synthetic_microfit_cuda_event_device_timeline_only
16.18792724609375,0.47206398844718933,128,cuda_block_reduce,512,exact_forward,0,16.0,1,265223,128,0,synthetic_microfit_cuda_event_device_timeline_only
16.18792724609375,0.43212801218032837,128,cuda_block_reduce,512,exact_forward,1,16.0,1,265223,128,0,synthetic_microfit_cuda_event_device_timeline_only
16.18792724609375,0.43212801218032837,128,cuda_block_reduce,512,exact_forward,2,16.0,1,265223,128,0,synthetic_microfit_cuda_event_device_timeline_only
16.18792724609375,0.4175359904766083,128,cuda_block_reduce,512,exact_forward,3,16.0,1,265223,128,0,synthetic_microfit_cuda_event_device_timeline_only
16.18792724609375,0.4044800102710724,128,cuda_block_reduce,512,exact_forward,4,16.0,1,265223,128,0,synthetic_microfit_cuda_event_device_timeline_only
16.18792724609375,0.4106239974498749,128,cuda_block_reduce,512,exact_forward,5,16.0,1,265223,128,0,synthetic_microfit_cuda_event_device_timeline_only
16.18792724609375,0.4023999869823456,128,cuda_block_reduce,512,exact_forward,6,16.0,1,265223,128,0,synthetic_microfit_cuda_event_device_timeline_only
16.18792724609375,0.4188160002231598,128,cuda_block_reduce,512,exact_forward,7,16.0,1,265223,128,0,synthetic_microfit_cuda_event_device_timeline_only
16.18792724609375,0.39420801401138306,128,cuda_block_reduce,512,exact_forward,8,16.0,1,265223,128,0,synthetic_microfit_cuda_event_device_timeline_only
16.18792724609375,0.40243199467658997,128,cuda_block_reduce,512,exact_forward,9,16.0,1,265223,128,0,synthetic_microfit_cuda_event_device_timeline_only
16.18792724609375,0.392192006111145,128,cuda_block_reduce,512,exact_forward,10,16.0,1,265223,128,0,synthetic_microfit_cuda_event_device_timeline_only
16.18792724609375,0.40544000267982483,128,cuda_block_reduce,512,exact_forward,11,16.0,1,265223,128,0,synthetic_microfit_cuda_event_device_timeline_only
16.18792724609375,0.392192006111145,128,cuda_block_reduce,512,exact_forward,12,16.0,1,265223,128,0,synthetic_microfit_cuda_event_device_timeline_only
16.18792724609375,0.40243199467658997,128,cuda_block_reduce,512,exact_forward,13,16.0,1,265223,128,0,synthetic_microfit_cuda_event_device_timeline_only
16.18792724609375,0.39321601390838623,128,cuda_block_reduce,512,exact_forward,14,16.0,1,265223,128,0,synthetic_microfit_cuda_event_device_timeline_only
16.18792724609375,0.5724160075187683,128,cuda_block_reduce,512,exact_backward,0,16.0,1,265223,128,0,synthetic_microfit_cuda_event_device_timeline_only
16.18792724609375,0.5212159752845764,128,cuda_block_reduce,512,exact_backward,1,16.0,1,265223,128,0,synthetic_microfit_cuda_event_device_timeline_only
16.18792724609375,0.5212479829788208,128,cuda_block_reduce,512,exact_backward,2,16.0,1,265223,128,0,synthetic_microfit_cuda_event_device_timeline_only
16.18792724609375,0.506879985332489,128,cuda_block_reduce,512,exact_backward,3,16.0,1,265223,128,0,synthetic_microfit_cuda_event_device_timeline_only
16.18792724609375,0.506879985332489,128,cuda_block_reduce,512,exact_backward,4,16.0,1,265223,128,0,synthetic_microfit_cuda_event_device_timeline_only
16.18792724609375,0.5130559802055359,128,cuda_block_reduce,512,exact_backward,5,16.0,1,265223,128,0,synthetic_microfit_cuda_event_device_timeline_only
16.18792724609375,0.5097919702529907,128,cuda_block_reduce,512,exact_backward,6,16.0,1,265223,128,0,synthetic_microfit_cuda_event_device_timeline_only
16.18792724609375,0.5118079781532288,128,cuda_block_reduce,512,exact_backward,7,16.0,1,265223,128,0,synthetic_microfit_cuda_event_device_timeline_only
16.18792724609375,0.5129600167274475,128,cuda_block_reduce,512,exact_backward,8,16.0,1,265223,128,0,synthetic_microfit_cuda_event_device_timeline_only
16.18792724609375,0.5048959851264954,128,cuda_block_reduce,512,exact_backward,9,16.0,1,265223,128,0,synthetic_microfit_cuda_event_device_timeline_only
16.18792724609375,0.5045760273933411,128,cuda_block_reduce,512,exact_backward,10,16.0,1,265223,128,0,synthetic_microfit_cuda_event_device_timeline_only
16.18792724609375,0.5007359981536865,128,cuda_block_reduce,512,exact_backward,11,16.0,1,265223,128,0,synthetic_microfit_cuda_event_device_timeline_only
16.18792724609375,0.5017600059509277,128,cuda_block_reduce,512,exact_backward,12,16.0,1,265223,128,0,synthetic_microfit_cuda_event_device_timeline_only
16.18792724609375,0.5007359981536865,128,cuda_block_reduce,512,exact_backward,13,16.0,1,265223,128,0,synthetic_microfit_cuda_event_device_timeline_only
16.18792724609375,0.5048320293426514,128,cuda_block_reduce,512,exact_backward,14,16.0,1,265223,128,0,synthetic_microfit_cuda_event_device_timeline_only
16.18792724609375,0.9215999841690063,128,cuda_block_reduce,512,fit_backward,0,16.0,1,265223,128,0,synthetic_microfit_cuda_event_device_timeline_only
16.18792724609375,0.8684160113334656,128,cuda_block_reduce,512,fit_backward,1,16.0,1,265223,128,0,synthetic_microfit_cuda_event_device_timeline_only
16.18792724609375,0.8776959776878357,128,cuda_block_reduce,512,fit_backward,2,16.0,1,265223,128,0,synthetic_microfit_cuda_event_device_timeline_only
16.18792724609375,0.876416027545929,128,cuda_block_reduce,512,fit_backward,3,16.0,1,265223,128,0,synthetic_microfit_cuda_event_device_timeline_only
16.18792724609375,0.8590080142021179,128,cuda_block_reduce,512,fit_backward,4,16.0,1,265223,128,0,synthetic_microfit_cuda_event_device_timeline_only
16.18792724609375,0.8877440094947815,128,cuda_block_reduce,512,fit_backward,5,16.0,1,265223,128,0,synthetic_microfit_cuda_event_device_timeline_only
16.18792724609375,0.8683519959449768,128,cuda_block_reduce,512,fit_backward,6,16.0,1,265223,128,0,synthetic_microfit_cuda_event_device_timeline_only
16.18792724609375,0.8540160059928894,128,cuda_block_reduce,512,fit_backward,7,16.0,1,265223,128,0,synthetic_microfit_cuda_event_device_timeline_only
16.18792724609375,0.8663039803504944,128,cuda_block_reduce,512,fit_backward,8,16.0,1,265223,128,0,synthetic_microfit_cuda_event_device_timeline_only
16.18792724609375,0.8960000276565552,128,cuda_block_reduce,512,fit_backward,9,16.0,1,265223,128,0,synthetic_microfit_cuda_event_device_timeline_only
16.18792724609375,0.8663039803504944,128,cuda_block_reduce,512,fit_backward,10,16.0,1,265223,128,0,synthetic_microfit_cuda_event_device_timeline_only
16.18792724609375,0.8632320165634155,128,cuda_block_reduce,512,fit_backward,11,16.0,1,265223,128,0,synthetic_microfit_cuda_event_device_timeline_only
16.18792724609375,0.8643839955329895,128,cuda_block_reduce,512,fit_backward,12,16.0,1,265223,128,0,synthetic_microfit_cuda_event_device_timeline_only
16.18792724609375,0.8898559808731079,128,cuda_block_reduce,512,fit_backward,13,16.0,1,265223,128,0,synthetic_microfit_cuda_event_device_timeline_only
16.18792724609375,0.8752639889717102,128,cuda_block_reduce,512,fit_backward,14,16.0,1,265223,128,0,synthetic_microfit_cuda_event_device_timeline_only
16.18792724609375,0.5231680274009705,128,cuda_block_reduce,512,optimizer_update,0,16.0,1,265223,128,0,synthetic_microfit_cuda_event_device_timeline_only
16.18792724609375,0.4299199879169464,128,cuda_block_reduce,512,optimizer_update,1,16.0,1,265223,128,0,synthetic_microfit_cuda_event_device_timeline_only
16.18792724609375,0.42393600940704346,128,cuda_block_reduce,512,optimizer_update,2,16.0,1,265223,128,0,synthetic_microfit_cuda_event_device_timeline_only
16.18792724609375,0.42371198534965515,128,cuda_block_reduce,512,optimizer_update,3,16.0,1,265223,128,0,synthetic_microfit_cuda_event_device_timeline_only
16.18792724609375,0.419840008020401,128,cuda_block_reduce,512,optimizer_update,4,16.0,1,265223,128,0,synthetic_microfit_cuda_event_device_timeline_only
16.18792724609375,0.4177919924259186,128,cuda_block_reduce,512,optimizer_update,5,16.0,1,265223,128,0,synthetic_microfit_cuda_event_device_timeline_only
16.18792724609375,0.4188160002231598,128,cuda_block_reduce,512,optimizer_update,6,16.0,1,265223,128,0,synthetic_microfit_cuda_event_device_timeline_only
16.18792724609375,0.42393600940704346,128,cuda_block_reduce,512,optimizer_update,7,16.0,1,265223,128,0,synthetic_microfit_cuda_event_device_timeline_only
16.18792724609375,0.41782400012016296,128,cuda_block_reduce,512,optimizer_update,8,16.0,1,265223,128,0,synthetic_microfit_cuda_event_device_timeline_only
16.18792724609375,0.42371198534965515,128,cuda_block_reduce,512,optimizer_update,9,16.0,1,265223,128,0,synthetic_microfit_cuda_event_device_timeline_only
16.18792724609375,0.4127359986305237,128,cuda_block_reduce,512,optimizer_update,10,16.0,1,265223,128,0,synthetic_microfit_cuda_event_device_timeline_only
16.18792724609375,0.42188799381256104,128,cuda_block_reduce,512,optimizer_update,11,16.0,1,265223,128,0,synthetic_microfit_cuda_event_device_timeline_only
16.18792724609375,0.4106239974498749,128,cuda_block_reduce,512,optimizer_update,12,16.0,1,265223,128,0,synthetic_microfit_cuda_event_device_timeline_only
16.18792724609375,0.4227519929409027,128,cuda_block_reduce,512,optimizer_update,13,16.0,1,265223,128,0,synthetic_microfit_cuda_event_device_timeline_only
16.18792724609375,0.4240959882736206,128,cuda_block_reduce,512,optimizer_update,14,16.0,1,265223,128,0,synthetic_microfit_cuda_event_device_timeline_only
16.18792724609375,2.12992000579834,128,cuda_block_reduce,512,representative_fit_step,0,16.0,1,265223,128,0,synthetic_microfit_cuda_event_device_timeline_only
16.18792724609375,2.076672077178955,128,cuda_block_reduce,512,representative_fit_step,1,16.0,1,265223,128,0,synthetic_microfit_cuda_event_device_timeline_only
16.18792724609375,2.0602879524230957,128,cuda_block_reduce,512,representative_fit_step,2,16.0,1,265223,128,0,synthetic_microfit_cuda_event_device_timeline_only
16.18792724609375,2.075648069381714,128,cuda_block_reduce,512,representative_fit_step,3,16.0,1,265223,128,0,synthetic_microfit_cuda_event_device_timeline_only
16.18792724609375,2.0644800662994385,128,cuda_block_reduce,512,representative_fit_step,4,16.0,1,265223,128,0,synthetic_microfit_cuda_event_device_timeline_only
16.18792724609375,2.1402881145477295,128,cuda_block_reduce,512,representative_fit_step,5,16.0,1,265223,128,0,synthetic_microfit_cuda_event_device_timeline_only
16.18792724609375,2.185215950012207,128,cuda_block_reduce,512,representative_fit_step,6,16.0,1,265223,128,0,synthetic_microfit_cuda_event_device_timeline_only
16.18792724609375,2.175935983657837,128,cuda_block_reduce,512,representative_fit_step,7,16.0,1,265223,128,0,synthetic_microfit_cuda_event_device_timeline_only
16.18792724609375,2.1145598888397217,128,cuda_block_reduce,512,representative_fit_step,8,16.0,1,265223,128,0,synthetic_microfit_cuda_event_device_timeline_only
16.18792724609375,2.113408088684082,128,cuda_block_reduce,512,representative_fit_step,9,16.0,1,265223,128,0,synthetic_microfit_cuda_event_device_timeline_only
16.18792724609375,2.0487680435180664,128,cuda_block_reduce,512,representative_fit_step,10,16.0,1,265223,128,0,synthetic_microfit_cuda_event_device_timeline_only
16.18792724609375,2.1094400882720947,128,cuda_block_reduce,512,representative_fit_step,11,16.0,1,265223,128,0,synthetic_microfit_cuda_event_device_timeline_only
16.18792724609375,2.0346879959106445,128,cuda_block_reduce,512,representative_fit_step,12,16.0,1,265223,128,0,synthetic_microfit_cuda_event_device_timeline_only
16.18792724609375,2.0490241050720215,128,cuda_block_reduce,512,representative_fit_step,13,16.0,1,265223,128,0,synthetic_microfit_cuda_event_device_timeline_only
16.18792724609375,2.067456007003784,128,cuda_block_reduce,512,representative_fit_step,14,16.0,1,265223,128,0,synthetic_microfit_cuda_event_device_timeline_only
16.18792724609375,0.419840008020401,128,cuda,512,exact_forward,0,16.0,1,265223,128,1,synthetic_microfit_cuda_event_device_timeline_only
16.18792724609375,0.4106239974498749,128,cuda,512,exact_forward,1,16.0,1,265223,128,1,synthetic_microfit_cuda_event_device_timeline_only
16.18792724609375,0.4012160003185272,128,cuda,512,exact_forward,2,16.0,1,265223,128,1,synthetic_microfit_cuda_event_device_timeline_only
16.18792724609375,0.40243199467658997,128,cuda,512,exact_forward,3,16.0,1,265223,128,1,synthetic_microfit_cuda_event_device_timeline_only
16.18792724609375,0.3962880074977875,128,cuda,512,exact_forward,4,16.0,1,265223,128,1,synthetic_microfit_cuda_event_device_timeline_only
16.18792724609375,0.40140798687934875,128,cuda,512,exact_forward,5,16.0,1,265223,128,1,synthetic_microfit_cuda_event_device_timeline_only
16.18792724609375,0.3993600010871887,128,cuda,512,exact_forward,6,16.0,1,265223,128,1,synthetic_microfit_cuda_event_device_timeline_only
16.18792724609375,0.3961920142173767,128,cuda,512,exact_forward,7,16.0,1,265223,128,1,synthetic_microfit_cuda_event_device_timeline_only
16.18792724609375,0.39526399970054626,128,cuda,512,exact_forward,8,16.0,1,265223,128,1,synthetic_microfit_cuda_event_device_timeline_only
16.18792724609375,0.392192006111145,128,cuda,512,exact_forward,9,16.0,1,265223,128,1,synthetic_microfit_cuda_event_device_timeline_only
16.18792724609375,0.4034239947795868,128,cuda,512,exact_forward,10,16.0,1,265223,128,1,synthetic_microfit_cuda_event_device_timeline_only
16.18792724609375,0.4145919978618622,128,cuda,512,exact_forward,11,16.0,1,265223,128,1,synthetic_microfit_cuda_event_device_timeline_only
16.18792724609375,0.3993600010871887,128,cuda,512,exact_forward,12,16.0,1,265223,128,1,synthetic_microfit_cuda_event_device_timeline_only
16.18792724609375,0.3909440040588379,128,cuda,512,exact_forward,13,16.0,1,265223,128,1,synthetic_microfit_cuda_event_device_timeline_only
16.18792724609375,0.40038400888442993,128,cuda,512,exact_forward,14,16.0,1,265223,128,1,synthetic_microfit_cuda_event_device_timeline_only
16.18792724609375,0.5436480045318604,128,cuda,512,exact_backward,0,16.0,1,265223,128,1,synthetic_microfit_cuda_event_device_timeline_only
16.18792724609375,0.5242879986763,128,cuda,512,exact_backward,1,16.0,1,265223,128,1,synthetic_microfit_cuda_event_device_timeline_only
16.18792724609375,0.5224639773368835,128,cuda,512,exact_backward,2,16.0,1,265223,128,1,synthetic_microfit_cuda_event_device_timeline_only
16.18792724609375,0.5192639827728271,128,cuda,512,exact_backward,3,16.0,1,265223,128,1,synthetic_microfit_cuda_event_device_timeline_only
16.18792724609375,0.5130239725112915,128,cuda,512,exact_backward,4,16.0,1,265223,128,1,synthetic_microfit_cuda_event_device_timeline_only
16.18792724609375,0.5181440114974976,128,cuda,512,exact_backward,5,16.0,1,265223,128,1,synthetic_microfit_cuda_event_device_timeline_only
16.18792724609375,0.6613119840621948,128,cuda,512,exact_backward,6,16.0,1,265223,128,1,synthetic_microfit_cuda_event_device_timeline_only
16.18792724609375,0.5765119791030884,128,cuda,512,exact_backward,7,16.0,1,265223,128,1,synthetic_microfit_cuda_event_device_timeline_only
16.18792724609375,0.5130239725112915,128,cuda,512,exact_backward,8,16.0,1,265223,128,1,synthetic_microfit_cuda_event_device_timeline_only
16.18792724609375,0.9095360040664673,128,cuda,512,exact_backward,9,16.0,1,265223,128,1,synthetic_microfit_cuda_event_device_timeline_only
16.18792724609375,0.9512320160865784,128,cuda,512,exact_backward,10,16.0,1,265223,128,1,synthetic_microfit_cuda_event_device_timeline_only
16.18792724609375,0.9379839897155762,128,cuda,512,exact_backward,11,16.0,1,265223,128,1,synthetic_microfit_cuda_event_device_timeline_only
16.18792724609375,0.8304640054702759,128,cuda,512,exact_backward,12,16.0,1,265223,128,1,synthetic_microfit_cuda_event_device_timeline_only
16.18792724609375,0.7065600156784058,128,cuda,512,exact_backward,13,16.0,1,265223,128,1,synthetic_microfit_cuda_event_device_timeline_only
16.18792724609375,0.5214719772338867,128,cuda,512,exact_backward,14,16.0,1,265223,128,1,synthetic_microfit_cuda_event_device_timeline_only
16.18792724609375,0.9064319729804993,128,cuda,512,fit_backward,0,16.0,1,265223,128,1,synthetic_microfit_cuda_event_device_timeline_only
16.18792724609375,0.8458240032196045,128,cuda,512,fit_backward,1,16.0,1,265223,128,1,synthetic_microfit_cuda_event_device_timeline_only
16.18792724609375,0.908128023147583,128,cuda,512,fit_backward,2,16.0,1,265223,128,1,synthetic_microfit_cuda_event_device_timeline_only
16.18792724609375,0.8663039803504944,128,cuda,512,fit_backward,3,16.0,1,265223,128,1,synthetic_microfit_cuda_event_device_timeline_only
16.18792724609375,1.031167984008789,128,cuda,512,fit_backward,4,16.0,1,265223,128,1,synthetic_microfit_cuda_event_device_timeline_only
16.18792724609375,0.9871360063552856,128,cuda,512,fit_backward,5,16.0,1,265223,128,1,synthetic_microfit_cuda_event_device_timeline_only
16.18792724609375,0.9227520227432251,128,cuda,512,fit_backward,6,16.0,1,265223,128,1,synthetic_microfit_cuda_event_device_timeline_only
16.18792724609375,0.9768959879875183,128,cuda,512,fit_backward,7,16.0,1,265223,128,1,synthetic_microfit_cuda_event_device_timeline_only
16.18792724609375,0.984063982963562,128,cuda,512,fit_backward,8,16.0,1,265223,128,1,synthetic_microfit_cuda_event_device_timeline_only
16.18792724609375,0.9626560211181641,128,cuda,512,fit_backward,9,16.0,1,265223,128,1,synthetic_microfit_cuda_event_device_timeline_only
16.18792724609375,0.9953280091285706,128,cuda,512,fit_backward,10,16.0,1,265223,128,1,synthetic_microfit_cuda_event_device_timeline_only
16.18792724609375,0.834559977054596,128,cuda,512,fit_backward,11,16.0,1,265223,128,1,synthetic_microfit_cuda_event_device_timeline_only
16.18792724609375,0.8916800022125244,128,cuda,512,fit_backward,12,16.0,1,265223,128,1,synthetic_microfit_cuda_event_device_timeline_only
16.18792724609375,0.9869760274887085,128,cuda,512,fit_backward,13,16.0,1,265223,128,1,synthetic_microfit_cuda_event_device_timeline_only
16.18792724609375,0.9482240080833435,128,cuda,512,fit_backward,14,16.0,1,265223,128,1,synthetic_microfit_cuda_event_device_timeline_only
16.18792724609375,0.7370880246162415,128,cuda,512,optimizer_update,0,16.0,1,265223,128,1,synthetic_microfit_cuda_event_device_timeline_only
16.18792724609375,0.6296640038490295,128,cuda,512,optimizer_update,1,16.0,1,265223,128,1,synthetic_microfit_cuda_event_device_timeline_only
16.18792724609375,0.6072319746017456,128,cuda,512,optimizer_update,2,16.0,1,265223,128,1,synthetic_microfit_cuda_event_device_timeline_only
16.18792724609375,0.6009600162506104,128,cuda,512,optimizer_update,3,16.0,1,265223,128,1,synthetic_microfit_cuda_event_device_timeline_only
16.18792724609375,0.6154239773750305,128,cuda,512,optimizer_update,4,16.0,1,265223,128,1,synthetic_microfit_cuda_event_device_timeline_only
16.18792724609375,0.6010559797286987,128,cuda,512,optimizer_update,5,16.0,1,265223,128,1,synthetic_microfit_cuda_event_device_timeline_only
16.18792724609375,0.6029120087623596,128,cuda,512,optimizer_update,6,16.0,1,265223,128,1,synthetic_microfit_cuda_event_device_timeline_only
16.18792724609375,0.6184960007667542,128,cuda,512,optimizer_update,7,16.0,1,265223,128,1,synthetic_microfit_cuda_event_device_timeline_only
16.18792724609375,0.5959680080413818,128,cuda,512,optimizer_update,8,16.0,1,265223,128,1,synthetic_microfit_cuda_event_device_timeline_only
16.18792724609375,0.6103039979934692,128,cuda,512,optimizer_update,9,16.0,1,265223,128,1,synthetic_microfit_cuda_event_device_timeline_only
16.18792724609375,0.652288019657135,128,cuda,512,optimizer_update,10,16.0,1,265223,128,1,synthetic_microfit_cuda_event_device_timeline_only
16.18792724609375,0.6133760213851929,128,cuda,512,optimizer_update,11,16.0,1,265223,128,1,synthetic_microfit_cuda_event_device_timeline_only
16.18792724609375,0.579584002494812,128,cuda,512,optimizer_update,12,16.0,1,265223,128,1,synthetic_microfit_cuda_event_device_timeline_only
16.18792724609375,0.6072319746017456,128,cuda,512,optimizer_update,13,16.0,1,265223,128,1,synthetic_microfit_cuda_event_device_timeline_only
16.18792724609375,0.5959680080413818,128,cuda,512,optimizer_update,14,16.0,1,265223,128,1,synthetic_microfit_cuda_event_device_timeline_only
16.18792724609375,2.169856071472168,128,cuda,512,representative_fit_step,0,16.0,1,265223,128,1,synthetic_microfit_cuda_event_device_timeline_only
16.18792724609375,2.1585919857025146,128,cuda,512,representative_fit_step,1,16.0,1,265223,128,1,synthetic_microfit_cuda_event_device_timeline_only
16.18792724609375,2.1985280513763428,128,cuda,512,representative_fit_step,2,16.0,1,265223,128,1,synthetic_microfit_cuda_event_device_timeline_only
16.18792724609375,2.2220799922943115,128,cuda,512,representative_fit_step,3,16.0,1,265223,128,1,synthetic_microfit_cuda_event_device_timeline_only
16.18792724609375,2.1790719032287598,128,cuda,512,representative_fit_step,4,16.0,1,265223,128,1,synthetic_microfit_cuda_event_device_timeline_only
16.18792724609375,2.2026240825653076,128,cuda,512,representative_fit_step,5,16.0,1,265223,128,1,synthetic_microfit_cuda_event_device_timeline_only
16.18792724609375,2.1667520999908447,128,cuda,512,representative_fit_step,6,16.0,1,265223,128,1,synthetic_microfit_cuda_event_device_timeline_only
16.18792724609375,2.215712070465088,128,cuda,512,representative_fit_step,7,16.0,1,265223,128,1,synthetic_microfit_cuda_event_device_timeline_only
16.18792724609375,2.1626880168914795,128,cuda,512,representative_fit_step,8,16.0,1,265223,128,1,synthetic_microfit_cuda_event_device_timeline_only
16.18792724609375,2.1912639141082764,128,cuda,512,representative_fit_step,9,16.0,1,265223,128,1,synthetic_microfit_cuda_event_device_timeline_only
16.18792724609375,2.2147839069366455,128,cuda,512,representative_fit_step,10,16.0,1,265223,128,1,synthetic_microfit_cuda_event_device_timeline_only
16.18792724609375,2.1967039108276367,128,cuda,512,representative_fit_step,11,16.0,1,265223,128,1,synthetic_microfit_cuda_event_device_timeline_only
16.18792724609375,2.1634879112243652,128,cuda,512,representative_fit_step,12,16.0,1,265223,128,1,synthetic_microfit_cuda_event_device_timeline_only
16.18792724609375,2.1483519077301025,128,cuda,512,representative_fit_step,13,16.0,1,265223,128,1,synthetic_microfit_cuda_event_device_timeline_only
16.18792724609375,2.2599680423736572,128,cuda,512,representative_fit_step,14,16.0,1,265223,128,1,synthetic_microfit_cuda_event_device_timeline_only
5.884521484375,0.4270080029964447,128,cuda,2048,exact_forward,0,4.0,2,96412,128,0,synthetic_microfit_cuda_event_device_timeline_only
5.884521484375,0.4373759925365448,128,cuda,2048,exact_forward,1,4.0,2,96412,128,0,synthetic_microfit_cuda_event_device_timeline_only
5.884521484375,0.4004479944705963,128,cuda,2048,exact_forward,2,4.0,2,96412,128,0,synthetic_microfit_cuda_event_device_timeline_only
5.884521484375,0.4267840087413788,128,cuda,2048,exact_forward,3,4.0,2,96412,128,0,synthetic_microfit_cuda_event_device_timeline_only
5.884521484375,0.3850240111351013,128,cuda,2048,exact_forward,4,4.0,2,96412,128,0,synthetic_microfit_cuda_event_device_timeline_only
5.884521484375,0.41468799114227295,128,cuda,2048,exact_forward,5,4.0,2,96412,128,0,synthetic_microfit_cuda_event_device_timeline_only
5.884521484375,0.44543999433517456,128,cuda,2048,exact_forward,6,4.0,2,96412,128,0,synthetic_microfit_cuda_event_device_timeline_only
5.884521484375,0.4403199851512909,128,cuda,2048,exact_forward,7,4.0,2,96412,128,0,synthetic_microfit_cuda_event_device_timeline_only
5.884521484375,0.4016000032424927,128,cuda,2048,exact_forward,8,4.0,2,96412,128,0,synthetic_microfit_cuda_event_device_timeline_only
5.884521484375,0.41676801443099976,128,cuda,2048,exact_forward,9,4.0,2,96412,128,0,synthetic_microfit_cuda_event_device_timeline_only
5.884521484375,0.40038400888442993,128,cuda,2048,exact_forward,10,4.0,2,96412,128,0,synthetic_microfit_cuda_event_device_timeline_only
5.884521484375,0.3983359932899475,128,cuda,2048,exact_forward,11,4.0,2,96412,128,0,synthetic_microfit_cuda_event_device_timeline_only
5.884521484375,0.39526399970054626,128,cuda,2048,exact_forward,12,4.0,2,96412,128,0,synthetic_microfit_cuda_event_device_timeline_only
5.884521484375,0.3911679983139038,128,cuda,2048,exact_forward,13,4.0,2,96412,128,0,synthetic_microfit_cuda_event_device_timeline_only
5.884521484375,0.392192006111145,128,cuda,2048,exact_forward,14,4.0,2,96412,128,0,synthetic_microfit_cuda_event_device_timeline_only
5.884521484375,1.0086400508880615,128,cuda,2048,exact_backward,0,4.0,2,96412,128,0,synthetic_microfit_cuda_event_device_timeline_only
5.884521484375,0.9809920191764832,128,cuda,2048,exact_backward,1,4.0,2,96412,128,0,synthetic_microfit_cuda_event_device_timeline_only
5.884521484375,0.9799680113792419,128,cuda,2048,exact_backward,2,4.0,2,96412,128,0,synthetic_microfit_cuda_event_device_timeline_only
5.884521484375,0.971776008605957,128,cuda,2048,exact_backward,3,4.0,2,96412,128,0,synthetic_microfit_cuda_event_device_timeline_only
5.884521484375,0.9748479723930359,128,cuda,2048,exact_backward,4,4.0,2,96412,128,0,synthetic_microfit_cuda_event_device_timeline_only
5.884521484375,0.9707520008087158,128,cuda,2048,exact_backward,5,4.0,2,96412,128,0,synthetic_microfit_cuda_event_device_timeline_only
5.884521484375,0.9707520008087158,128,cuda,2048,exact_backward,6,4.0,2,96412,128,0,synthetic_microfit_cuda_event_device_timeline_only
5.884521484375,0.9707520008087158,128,cuda,2048,exact_backward,7,4.0,2,96412,128,0,synthetic_microfit_cuda_event_device_timeline_only
5.884521484375,0.962336003780365,128,cuda,2048,exact_backward,8,4.0,2,96412,128,0,synthetic_microfit_cuda_event_device_timeline_only
5.884521484375,0.9789440035820007,128,cuda,2048,exact_backward,9,4.0,2,96412,128,0,synthetic_microfit_cuda_event_device_timeline_only
5.884521484375,0.971776008605957,128,cuda,2048,exact_backward,10,4.0,2,96412,128,0,synthetic_microfit_cuda_event_device_timeline_only
5.884521484375,0.9779199957847595,128,cuda,2048,exact_backward,11,4.0,2,96412,128,0,synthetic_microfit_cuda_event_device_timeline_only
5.884521484375,0.9687039852142334,128,cuda,2048,exact_backward,12,4.0,2,96412,128,0,synthetic_microfit_cuda_event_device_timeline_only
5.884521484375,0.9738240242004395,128,cuda,2048,exact_backward,13,4.0,2,96412,128,0,synthetic_microfit_cuda_event_device_timeline_only
5.884521484375,0.9687039852142334,128,cuda,2048,exact_backward,14,4.0,2,96412,128,0,synthetic_microfit_cuda_event_device_timeline_only
5.884521484375,1.3649920225143433,128,cuda,2048,fit_backward,0,4.0,2,96412,128,0,synthetic_microfit_cuda_event_device_timeline_only
5.884521484375,1.3352960348129272,128,cuda,2048,fit_backward,1,4.0,2,96412,128,0,synthetic_microfit_cuda_event_device_timeline_only
5.884521484375,1.3424639701843262,128,cuda,2048,fit_backward,2,4.0,2,96412,128,0,synthetic_microfit_cuda_event_device_timeline_only
5.884521484375,1.341439962387085,128,cuda,2048,fit_backward,3,4.0,2,96412,128,0,synthetic_microfit_cuda_event_device_timeline_only
5.884521484375,1.3383680582046509,128,cuda,2048,fit_backward,4,4.0,2,96412,128,0,synthetic_microfit_cuda_event_device_timeline_only
5.884521484375,1.3434879779815674,128,cuda,2048,fit_backward,5,4.0,2,96412,128,0,synthetic_microfit_cuda_event_device_timeline_only
5.884521484375,1.3341439962387085,128,cuda,2048,fit_backward,6,4.0,2,96412,128,0,synthetic_microfit_cuda_event_device_timeline_only
5.884521484375,1.3372479677200317,128,cuda,2048,fit_backward,7,4.0,2,96412,128,0,synthetic_microfit_cuda_event_device_timeline_only
5.884521484375,1.3393919467926025,128,cuda,2048,fit_backward,8,4.0,2,96412,128,0,synthetic_microfit_cuda_event_device_timeline_only
5.884521484375,1.3383680582046509,128,cuda,2048,fit_backward,9,4.0,2,96412,128,0,synthetic_microfit_cuda_event_device_timeline_only
5.884521484375,1.3525760173797607,128,cuda,2048,fit_backward,10,4.0,2,96412,128,0,synthetic_microfit_cuda_event_device_timeline_only
5.884521484375,1.338271975517273,128,cuda,2048,fit_backward,11,4.0,2,96412,128,0,synthetic_microfit_cuda_event_device_timeline_only
5.884521484375,1.3362239599227905,128,cuda,2048,fit_backward,12,4.0,2,96412,128,0,synthetic_microfit_cuda_event_device_timeline_only
5.884521484375,1.3363200426101685,128,cuda,2048,fit_backward,13,4.0,2,96412,128,0,synthetic_microfit_cuda_event_device_timeline_only
5.884521484375,1.3280320167541504,128,cuda,2048,fit_backward,14,4.0,2,96412,128,0,synthetic_microfit_cuda_event_device_timeline_only
5.884521484375,0.5509120225906372,128,cuda,2048,optimizer_update,0,4.0,2,96412,128,0,synthetic_microfit_cuda_event_device_timeline_only
5.884521484375,0.43827199935913086,128,cuda,2048,optimizer_update,1,4.0,2,96412,128,0,synthetic_microfit_cuda_event_device_timeline_only
5.884521484375,0.42393600940704346,128,cuda,2048,optimizer_update,2,4.0,2,96412,128,0,synthetic_microfit_cuda_event_device_timeline_only
5.884521484375,0.43212801218032837,128,cuda,2048,optimizer_update,3,4.0,2,96412,128,0,synthetic_microfit_cuda_event_device_timeline_only
5.884521484375,0.4127359986305237,128,cuda,2048,optimizer_update,4,4.0,2,96412,128,0,synthetic_microfit_cuda_event_device_timeline_only
5.884521484375,0.40959998965263367,128,cuda,2048,optimizer_update,5,4.0,2,96412,128,0,synthetic_microfit_cuda_event_device_timeline_only
5.884521484375,0.4084160029888153,128,cuda,2048,optimizer_update,6,4.0,2,96412,128,0,synthetic_microfit_cuda_event_device_timeline_only
5.884521484375,0.43212801218032837,128,cuda,2048,optimizer_update,7,4.0,2,96412,128,0,synthetic_microfit_cuda_event_device_timeline_only
5.884521484375,0.42188799381256104,128,cuda,2048,optimizer_update,8,4.0,2,96412,128,0,synthetic_microfit_cuda_event_device_timeline_only
5.884521484375,0.4196479916572571,128,cuda,2048,optimizer_update,9,4.0,2,96412,128,0,synthetic_microfit_cuda_event_device_timeline_only
5.884521484375,0.4126720130443573,128,cuda,2048,optimizer_update,10,4.0,2,96412,128,0,synthetic_microfit_cuda_event_device_timeline_only
5.884521484375,0.4188160002231598,128,cuda,2048,optimizer_update,11,4.0,2,96412,128,0,synthetic_microfit_cuda_event_device_timeline_only
5.884521484375,0.45772799849510193,128,cuda,2048,optimizer_update,12,4.0,2,96412,128,0,synthetic_microfit_cuda_event_device_timeline_only
5.884521484375,0.42188799381256104,128,cuda,2048,optimizer_update,13,4.0,2,96412,128,0,synthetic_microfit_cuda_event_device_timeline_only
5.884521484375,0.4086720049381256,128,cuda,2048,optimizer_update,14,4.0,2,96412,128,0,synthetic_microfit_cuda_event_device_timeline_only
5.884521484375,2.337791919708252,128,cuda,2048,representative_fit_step,0,4.0,2,96412,128,0,synthetic_microfit_cuda_event_device_timeline_only
5.884521484375,2.199552059173584,128,cuda,2048,representative_fit_step,1,4.0,2,96412,128,0,synthetic_microfit_cuda_event_device_timeline_only
5.884521484375,2.233344078063965,128,cuda,2048,representative_fit_step,2,4.0,2,96412,128,0,synthetic_microfit_cuda_event_device_timeline_only
5.884521484375,2.1473278999328613,128,cuda,2048,representative_fit_step,3,4.0,2,96412,128,0,synthetic_microfit_cuda_event_device_timeline_only
5.884521484375,2.4944639205932617,128,cuda,2048,representative_fit_step,4,4.0,2,96412,128,0,synthetic_microfit_cuda_event_device_timeline_only
5.884521484375,2.248703956604004,128,cuda,2048,representative_fit_step,5,4.0,2,96412,128,0,synthetic_microfit_cuda_event_device_timeline_only
5.884521484375,2.3079679012298584,128,cuda,2048,representative_fit_step,6,4.0,2,96412,128,0,synthetic_microfit_cuda_event_device_timeline_only
5.884521484375,2.180095911026001,128,cuda,2048,representative_fit_step,7,4.0,2,96412,128,0,synthetic_microfit_cuda_event_device_timeline_only
5.884521484375,2.317215919494629,128,cuda,2048,representative_fit_step,8,4.0,2,96412,128,0,synthetic_microfit_cuda_event_device_timeline_only
5.884521484375,2.1760001182556152,128,cuda,2048,representative_fit_step,9,4.0,2,96412,128,0,synthetic_microfit_cuda_event_device_timeline_only
5.884521484375,2.2425599098205566,128,cuda,2048,representative_fit_step,10,4.0,2,96412,128,0,synthetic_microfit_cuda_event_device_timeline_only
5.884521484375,2.2209599018096924,128,cuda,2048,representative_fit_step,11,4.0,2,96412,128,0,synthetic_microfit_cuda_event_device_timeline_only
5.884521484375,2.3050239086151123,128,cuda,2048,representative_fit_step,12,4.0,2,96412,128,0,synthetic_microfit_cuda_event_device_timeline_only
5.884521484375,2.1512959003448486,128,cuda,2048,representative_fit_step,13,4.0,2,96412,128,0,synthetic_microfit_cuda_event_device_timeline_only
5.884521484375,2.3859200477600098,128,cuda,2048,representative_fit_step,14,4.0,2,96412,128,0,synthetic_microfit_cuda_event_device_timeline_only
5.884521484375,0.4259839951992035,128,cuda_block_reduce,2048,exact_forward,0,4.0,2,96412,128,1,synthetic_microfit_cuda_event_device_timeline_only
5.884521484375,0.4044800102710724,128,cuda_block_reduce,2048,exact_forward,1,4.0,2,96412,128,1,synthetic_microfit_cuda_event_device_timeline_only
5.884521484375,0.396479994058609,128,cuda_block_reduce,2048,exact_forward,2,4.0,2,96412,128,1,synthetic_microfit_cuda_event_device_timeline_only
5.884521484375,0.39423999190330505,128,cuda_block_reduce,2048,exact_forward,3,4.0,2,96412,128,1,synthetic_microfit_cuda_event_device_timeline_only
5.884521484375,0.392192006111145,128,cuda_block_reduce,2048,exact_forward,4,4.0,2,96412,128,1,synthetic_microfit_cuda_event_device_timeline_only
5.884521484375,0.3850240111351013,128,cuda_block_reduce,2048,exact_forward,5,4.0,2,96412,128,1,synthetic_microfit_cuda_event_device_timeline_only
5.884521484375,0.3891200125217438,128,cuda_block_reduce,2048,exact_forward,6,4.0,2,96412,128,1,synthetic_microfit_cuda_event_device_timeline_only
5.884521484375,0.38092800974845886,128,cuda_block_reduce,2048,exact_forward,7,4.0,2,96412,128,1,synthetic_microfit_cuda_event_device_timeline_only
5.884521484375,0.3850879967212677,128,cuda_block_reduce,2048,exact_forward,8,4.0,2,96412,128,1,synthetic_microfit_cuda_event_device_timeline_only
5.884521484375,0.3821440041065216,128,cuda_block_reduce,2048,exact_forward,9,4.0,2,96412,128,1,synthetic_microfit_cuda_event_device_timeline_only
5.884521484375,0.38092800974845886,128,cuda_block_reduce,2048,exact_forward,10,4.0,2,96412,128,1,synthetic_microfit_cuda_event_device_timeline_only
5.884521484375,0.38604798913002014,128,cuda_block_reduce,2048,exact_forward,11,4.0,2,96412,128,1,synthetic_microfit_cuda_event_device_timeline_only
5.884521484375,0.38176000118255615,128,cuda_block_reduce,2048,exact_forward,12,4.0,2,96412,128,1,synthetic_microfit_cuda_event_device_timeline_only
5.884521484375,0.38604798913002014,128,cuda_block_reduce,2048,exact_forward,13,4.0,2,96412,128,1,synthetic_microfit_cuda_event_device_timeline_only
5.884521484375,0.3800320029258728,128,cuda_block_reduce,2048,exact_forward,14,4.0,2,96412,128,1,synthetic_microfit_cuda_event_device_timeline_only
5.884521484375,0.5242879986763,128,cuda_block_reduce,2048,exact_backward,0,4.0,2,96412,128,1,synthetic_microfit_cuda_event_device_timeline_only
5.884521484375,0.5140479803085327,128,cuda_block_reduce,2048,exact_backward,1,4.0,2,96412,128,1,synthetic_microfit_cuda_event_device_timeline_only
5.884521484375,0.5089280009269714,128,cuda_block_reduce,2048,exact_backward,2,4.0,2,96412,128,1,synthetic_microfit_cuda_event_device_timeline_only
5.884521484375,0.5090240240097046,128,cuda_block_reduce,2048,exact_backward,3,4.0,2,96412,128,1,synthetic_microfit_cuda_event_device_timeline_only
5.884521484375,0.5047680139541626,128,cuda_block_reduce,2048,exact_backward,4,4.0,2,96412,128,1,synthetic_microfit_cuda_event_device_timeline_only
5.884521484375,0.5130239725112915,128,cuda_block_reduce,2048,exact_backward,5,4.0,2,96412,128,1,synthetic_microfit_cuda_event_device_timeline_only
5.884521484375,0.5150719881057739,128,cuda_block_reduce,2048,exact_backward,6,4.0,2,96412,128,1,synthetic_microfit_cuda_event_device_timeline_only
5.884521484375,0.506879985332489,128,cuda_block_reduce,2048,exact_backward,7,4.0,2,96412,128,1,synthetic_microfit_cuda_event_device_timeline_only
5.884521484375,0.516319990158081,128,cuda_block_reduce,2048,exact_backward,8,4.0,2,96412,128,1,synthetic_microfit_cuda_event_device_timeline_only
5.884521484375,0.5109760165214539,128,cuda_block_reduce,2048,exact_backward,9,4.0,2,96412,128,1,synthetic_microfit_cuda_event_device_timeline_only
5.884521484375,0.5089280009269714,128,cuda_block_reduce,2048,exact_backward,10,4.0,2,96412,128,1,synthetic_microfit_cuda_event_device_timeline_only
5.884521484375,0.5061119794845581,128,cuda_block_reduce,2048,exact_backward,11,4.0,2,96412,128,1,synthetic_microfit_cuda_event_device_timeline_only
5.884521484375,0.5079039931297302,128,cuda_block_reduce,2048,exact_backward,12,4.0,2,96412,128,1,synthetic_microfit_cuda_event_device_timeline_only
5.884521484375,0.5406720042228699,128,cuda_block_reduce,2048,exact_backward,13,4.0,2,96412,128,1,synthetic_microfit_cuda_event_device_timeline_only
5.884521484375,0.5181440114974976,128,cuda_block_reduce,2048,exact_backward,14,4.0,2,96412,128,1,synthetic_microfit_cuda_event_device_timeline_only
5.884521484375,0.8961600065231323,128,cuda_block_reduce,2048,fit_backward,0,4.0,2,96412,128,1,synthetic_microfit_cuda_event_device_timeline_only
5.884521484375,0.907263994216919,128,cuda_block_reduce,2048,fit_backward,1,4.0,2,96412,128,1,synthetic_microfit_cuda_event_device_timeline_only
5.884521484375,0.8744959831237793,128,cuda_block_reduce,2048,fit_backward,2,4.0,2,96412,128,1,synthetic_microfit_cuda_event_device_timeline_only
5.884521484375,0.9063680171966553,128,cuda_block_reduce,2048,fit_backward,3,4.0,2,96412,128,1,synthetic_microfit_cuda_event_device_timeline_only
5.884521484375,0.9113600254058838,128,cuda_block_reduce,2048,fit_backward,4,4.0,2,96412,128,1,synthetic_microfit_cuda_event_device_timeline_only
5.884521484375,0.898144006729126,128,cuda_block_reduce,2048,fit_backward,5,4.0,2,96412,128,1,synthetic_microfit_cuda_event_device_timeline_only
5.884521484375,0.8970239758491516,128,cuda_block_reduce,2048,fit_backward,6,4.0,2,96412,128,1,synthetic_microfit_cuda_event_device_timeline_only
5.884521484375,0.87254399061203,128,cuda_block_reduce,2048,fit_backward,7,4.0,2,96412,128,1,synthetic_microfit_cuda_event_device_timeline_only
5.884521484375,0.9195520281791687,128,cuda_block_reduce,2048,fit_backward,8,4.0,2,96412,128,1,synthetic_microfit_cuda_event_device_timeline_only
5.884521484375,0.9605119824409485,128,cuda_block_reduce,2048,fit_backward,9,4.0,2,96412,128,1,synthetic_microfit_cuda_event_device_timeline_only
5.884521484375,0.899071991443634,128,cuda_block_reduce,2048,fit_backward,10,4.0,2,96412,128,1,synthetic_microfit_cuda_event_device_timeline_only
5.884521484375,0.8755199909210205,128,cuda_block_reduce,2048,fit_backward,11,4.0,2,96412,128,1,synthetic_microfit_cuda_event_device_timeline_only
5.884521484375,0.8683519959449768,128,cuda_block_reduce,2048,fit_backward,12,4.0,2,96412,128,1,synthetic_microfit_cuda_event_device_timeline_only
5.884521484375,0.8714240193367004,128,cuda_block_reduce,2048,fit_backward,13,4.0,2,96412,128,1,synthetic_microfit_cuda_event_device_timeline_only
5.884521484375,0.8747519850730896,128,cuda_block_reduce,2048,fit_backward,14,4.0,2,96412,128,1,synthetic_microfit_cuda_event_device_timeline_only
5.884521484375,0.5273600220680237,128,cuda_block_reduce,2048,optimizer_update,0,4.0,2,96412,128,1,synthetic_microfit_cuda_event_device_timeline_only
5.884521484375,0.43007999658584595,128,cuda_block_reduce,2048,optimizer_update,1,4.0,2,96412,128,1,synthetic_microfit_cuda_event_device_timeline_only
5.884521484375,0.42368000745773315,128,cuda_block_reduce,2048,optimizer_update,2,4.0,2,96412,128,1,synthetic_microfit_cuda_event_device_timeline_only
5.884521484375,0.41286399960517883,128,cuda_block_reduce,2048,optimizer_update,3,4.0,2,96412,128,1,synthetic_microfit_cuda_event_device_timeline_only
5.884521484375,0.427264004945755,128,cuda_block_reduce,2048,optimizer_update,4,4.0,2,96412,128,1,synthetic_microfit_cuda_event_device_timeline_only
5.884521484375,0.41571199893951416,128,cuda_block_reduce,2048,optimizer_update,5,4.0,2,96412,128,1,synthetic_microfit_cuda_event_device_timeline_only
5.884521484375,0.4259839951992035,128,cuda_block_reduce,2048,optimizer_update,6,4.0,2,96412,128,1,synthetic_microfit_cuda_event_device_timeline_only
5.884521484375,0.41676801443099976,128,cuda_block_reduce,2048,optimizer_update,7,4.0,2,96412,128,1,synthetic_microfit_cuda_event_device_timeline_only
5.884521484375,0.4647360146045685,128,cuda_block_reduce,2048,optimizer_update,8,4.0,2,96412,128,1,synthetic_microfit_cuda_event_device_timeline_only
5.884521484375,0.4156480133533478,128,cuda_block_reduce,2048,optimizer_update,9,4.0,2,96412,128,1,synthetic_microfit_cuda_event_device_timeline_only
5.884521484375,0.4272319972515106,128,cuda_block_reduce,2048,optimizer_update,10,4.0,2,96412,128,1,synthetic_microfit_cuda_event_device_timeline_only
5.884521484375,0.41574400663375854,128,cuda_block_reduce,2048,optimizer_update,11,4.0,2,96412,128,1,synthetic_microfit_cuda_event_device_timeline_only
5.884521484375,0.4248960018157959,128,cuda_block_reduce,2048,optimizer_update,12,4.0,2,96412,128,1,synthetic_microfit_cuda_event_device_timeline_only
5.884521484375,0.41676801443099976,128,cuda_block_reduce,2048,optimizer_update,13,4.0,2,96412,128,1,synthetic_microfit_cuda_event_device_timeline_only
5.884521484375,0.4280320107936859,128,cuda_block_reduce,2048,optimizer_update,14,4.0,2,96412,128,1,synthetic_microfit_cuda_event_device_timeline_only
5.884521484375,2.130176067352295,128,cuda_block_reduce,2048,representative_fit_step,0,4.0,2,96412,128,1,synthetic_microfit_cuda_event_device_timeline_only
5.884521484375,2.0541439056396484,128,cuda_block_reduce,2048,representative_fit_step,1,4.0,2,96412,128,1,synthetic_microfit_cuda_event_device_timeline_only
5.884521484375,2.062335968017578,128,cuda_block_reduce,2048,representative_fit_step,2,4.0,2,96412,128,1,synthetic_microfit_cuda_event_device_timeline_only
5.884521484375,2.052095890045166,128,cuda_block_reduce,2048,representative_fit_step,3,4.0,2,96412,128,1,synthetic_microfit_cuda_event_device_timeline_only
5.884521484375,2.051071882247925,128,cuda_block_reduce,2048,representative_fit_step,4,4.0,2,96412,128,1,synthetic_microfit_cuda_event_device_timeline_only
5.884521484375,2.0398080348968506,128,cuda_block_reduce,2048,representative_fit_step,5,4.0,2,96412,128,1,synthetic_microfit_cuda_event_device_timeline_only
5.884521484375,2.033600091934204,128,cuda_block_reduce,2048,representative_fit_step,6,4.0,2,96412,128,1,synthetic_microfit_cuda_event_device_timeline_only
5.884521484375,2.0633599758148193,128,cuda_block_reduce,2048,representative_fit_step,7,4.0,2,96412,128,1,synthetic_microfit_cuda_event_device_timeline_only
5.884521484375,2.0375680923461914,128,cuda_block_reduce,2048,representative_fit_step,8,4.0,2,96412,128,1,synthetic_microfit_cuda_event_device_timeline_only
5.884521484375,2.1245760917663574,128,cuda_block_reduce,2048,representative_fit_step,9,4.0,2,96412,128,1,synthetic_microfit_cuda_event_device_timeline_only
5.884521484375,2.1557440757751465,128,cuda_block_reduce,2048,representative_fit_step,10,4.0,2,96412,128,1,synthetic_microfit_cuda_event_device_timeline_only
5.884521484375,2.0881600379943848,128,cuda_block_reduce,2048,representative_fit_step,11,4.0,2,96412,128,1,synthetic_microfit_cuda_event_device_timeline_only
5.884521484375,2.059135913848877,128,cuda_block_reduce,2048,representative_fit_step,12,4.0,2,96412,128,1,synthetic_microfit_cuda_event_device_timeline_only
5.884521484375,2.066431999206543,128,cuda_block_reduce,2048,representative_fit_step,13,4.0,2,96412,128,1,synthetic_microfit_cuda_event_device_timeline_only
5.884521484375,2.0420799255371094,128,cuda_block_reduce,2048,representative_fit_step,14,4.0,2,96412,128,1,synthetic_microfit_cuda_event_device_timeline_only
18.62811279296875,0.44441598653793335,128,cuda_block_reduce,2048,exact_forward,0,16.0,3,305203,128,0,synthetic_microfit_cuda_event_device_timeline_only
18.62811279296875,0.4177919924259186,128,cuda_block_reduce,2048,exact_forward,1,16.0,3,305203,128,0,synthetic_microfit_cuda_event_device_timeline_only
18.62811279296875,0.4188160002231598,128,cuda_block_reduce,2048,exact_forward,2,16.0,3,305203,128,0,synthetic_microfit_cuda_event_device_timeline_only
18.62811279296875,0.40755200386047363,128,cuda_block_reduce,2048,exact_forward,3,16.0,3,305203,128,0,synthetic_microfit_cuda_event_device_timeline_only
18.62811279296875,0.413536012172699,128,cuda_block_reduce,2048,exact_forward,4,16.0,3,305203,128,0,synthetic_microfit_cuda_event_device_timeline_only
18.62811279296875,0.43724799156188965,128,cuda_block_reduce,2048,exact_forward,5,16.0,3,305203,128,0,synthetic_microfit_cuda_event_device_timeline_only
18.62811279296875,0.419840008020401,128,cuda_block_reduce,2048,exact_forward,6,16.0,3,305203,128,0,synthetic_microfit_cuda_event_device_timeline_only
18.62811279296875,0.40243199467658997,128,cuda_block_reduce,2048,exact_forward,7,16.0,3,305203,128,0,synthetic_microfit_cuda_event_device_timeline_only
18.62811279296875,0.4106239974498749,128,cuda_block_reduce,2048,exact_forward,8,16.0,3,305203,128,0,synthetic_microfit_cuda_event_device_timeline_only
18.62811279296875,0.4034560024738312,128,cuda_block_reduce,2048,exact_forward,9,16.0,3,305203,128,0,synthetic_microfit_cuda_event_device_timeline_only
18.62811279296875,0.4116480052471161,128,cuda_block_reduce,2048,exact_forward,10,16.0,3,305203,128,0,synthetic_microfit_cuda_event_device_timeline_only
18.62811279296875,0.4034560024738312,128,cuda_block_reduce,2048,exact_forward,11,16.0,3,305203,128,0,synthetic_microfit_cuda_event_device_timeline_only
18.62811279296875,0.40755200386047363,128,cuda_block_reduce,2048,exact_forward,12,16.0,3,305203,128,0,synthetic_microfit_cuda_event_device_timeline_only
18.62811279296875,0.40140798687934875,128,cuda_block_reduce,2048,exact_forward,13,16.0,3,305203,128,0,synthetic_microfit_cuda_event_device_timeline_only
18.62811279296875,0.41359999775886536,128,cuda_block_reduce,2048,exact_forward,14,16.0,3,305203,128,0,synthetic_microfit_cuda_event_device_timeline_only
18.62811279296875,0.5364800095558167,128,cuda_block_reduce,2048,exact_backward,0,16.0,3,305203,128,0,synthetic_microfit_cuda_event_device_timeline_only
18.62811279296875,0.5181440114974976,128,cuda_block_reduce,2048,exact_backward,1,16.0,3,305203,128,0,synthetic_microfit_cuda_event_device_timeline_only
18.62811279296875,0.5212159752845764,128,cuda_block_reduce,2048,exact_backward,2,16.0,3,305203,128,0,synthetic_microfit_cuda_event_device_timeline_only
18.62811279296875,0.5386239886283875,128,cuda_block_reduce,2048,exact_backward,3,16.0,3,305203,128,0,synthetic_microfit_cuda_event_device_timeline_only
18.62811279296875,0.507968008518219,128,cuda_block_reduce,2048,exact_backward,4,16.0,3,305203,128,0,synthetic_microfit_cuda_event_device_timeline_only
18.62811279296875,0.5130239725112915,128,cuda_block_reduce,2048,exact_backward,5,16.0,3,305203,128,0,synthetic_microfit_cuda_event_device_timeline_only
18.62811279296875,0.5081599950790405,128,cuda_block_reduce,2048,exact_backward,6,16.0,3,305203,128,0,synthetic_microfit_cuda_event_device_timeline_only
18.62811279296875,0.5079039931297302,128,cuda_block_reduce,2048,exact_backward,7,16.0,3,305203,128,0,synthetic_microfit_cuda_event_device_timeline_only
18.62811279296875,0.5058559775352478,128,cuda_block_reduce,2048,exact_backward,8,16.0,3,305203,128,0,synthetic_microfit_cuda_event_device_timeline_only
18.62811279296875,0.5150079727172852,128,cuda_block_reduce,2048,exact_backward,9,16.0,3,305203,128,0,synthetic_microfit_cuda_event_device_timeline_only
18.62811279296875,0.5171200037002563,128,cuda_block_reduce,2048,exact_backward,10,16.0,3,305203,128,0,synthetic_microfit_cuda_event_device_timeline_only
18.62811279296875,0.5142080187797546,128,cuda_block_reduce,2048,exact_backward,11,16.0,3,305203,128,0,synthetic_microfit_cuda_event_device_timeline_only
18.62811279296875,0.5109760165214539,128,cuda_block_reduce,2048,exact_backward,12,16.0,3,305203,128,0,synthetic_microfit_cuda_event_device_timeline_only
18.62811279296875,0.5487679839134216,128,cuda_block_reduce,2048,exact_backward,13,16.0,3,305203,128,0,synthetic_microfit_cuda_event_device_timeline_only
18.62811279296875,0.5253120064735413,128,cuda_block_reduce,2048,exact_backward,14,16.0,3,305203,128,0,synthetic_microfit_cuda_event_device_timeline_only
18.62811279296875,0.886784017086029,128,cuda_block_reduce,2048,fit_backward,0,16.0,3,305203,128,0,synthetic_microfit_cuda_event_device_timeline_only
18.62811279296875,0.9011200070381165,128,cuda_block_reduce,2048,fit_backward,1,16.0,3,305203,128,0,synthetic_microfit_cuda_event_device_timeline_only
18.62811279296875,0.8837119936943054,128,cuda_block_reduce,2048,fit_backward,2,16.0,3,305203,128,0,synthetic_microfit_cuda_event_device_timeline_only
18.62811279296875,0.8796160221099854,128,cuda_block_reduce,2048,fit_backward,3,16.0,3,305203,128,0,synthetic_microfit_cuda_event_device_timeline_only
18.62811279296875,0.8732799887657166,128,cuda_block_reduce,2048,fit_backward,4,16.0,3,305203,128,0,synthetic_microfit_cuda_event_device_timeline_only
18.62811279296875,0.9459840059280396,128,cuda_block_reduce,2048,fit_backward,5,16.0,3,305203,128,0,synthetic_microfit_cuda_event_device_timeline_only
18.62811279296875,0.9134079813957214,128,cuda_block_reduce,2048,fit_backward,6,16.0,3,305203,128,0,synthetic_microfit_cuda_event_device_timeline_only
18.62811279296875,0.8865280151367188,128,cuda_block_reduce,2048,fit_backward,7,16.0,3,305203,128,0,synthetic_microfit_cuda_event_device_timeline_only
18.62811279296875,0.8672000169754028,128,cuda_block_reduce,2048,fit_backward,8,16.0,3,305203,128,0,synthetic_microfit_cuda_event_device_timeline_only
18.62811279296875,0.8724480271339417,128,cuda_block_reduce,2048,fit_backward,9,16.0,3,305203,128,0,synthetic_microfit_cuda_event_device_timeline_only
18.62811279296875,0.8663039803504944,128,cuda_block_reduce,2048,fit_backward,10,16.0,3,305203,128,0,synthetic_microfit_cuda_event_device_timeline_only
18.62811279296875,0.886847972869873,128,cuda_block_reduce,2048,fit_backward,11,16.0,3,305203,128,0,synthetic_microfit_cuda_event_device_timeline_only
18.62811279296875,0.8747519850730896,128,cuda_block_reduce,2048,fit_backward,12,16.0,3,305203,128,0,synthetic_microfit_cuda_event_device_timeline_only
18.62811279296875,0.8724480271339417,128,cuda_block_reduce,2048,fit_backward,13,16.0,3,305203,128,0,synthetic_microfit_cuda_event_device_timeline_only
18.62811279296875,0.8806399703025818,128,cuda_block_reduce,2048,fit_backward,14,16.0,3,305203,128,0,synthetic_microfit_cuda_event_device_timeline_only
18.62811279296875,0.5099520087242126,128,cuda_block_reduce,2048,optimizer_update,0,16.0,3,305203,128,0,synthetic_microfit_cuda_event_device_timeline_only
18.62811279296875,0.4403199851512909,128,cuda_block_reduce,2048,optimizer_update,1,16.0,3,305203,128,0,synthetic_microfit_cuda_event_device_timeline_only
18.62811279296875,0.4208639860153198,128,cuda_block_reduce,2048,optimizer_update,2,16.0,3,305203,128,0,synthetic_microfit_cuda_event_device_timeline_only
18.62811279296875,0.4211199879646301,128,cuda_block_reduce,2048,optimizer_update,3,16.0,3,305203,128,0,synthetic_microfit_cuda_event_device_timeline_only
18.62811279296875,0.4116480052471161,128,cuda_block_reduce,2048,optimizer_update,4,16.0,3,305203,128,0,synthetic_microfit_cuda_event_device_timeline_only
18.62811279296875,0.4208639860153198,128,cuda_block_reduce,2048,optimizer_update,5,16.0,3,305203,128,0,synthetic_microfit_cuda_event_device_timeline_only
18.62811279296875,0.4105600118637085,128,cuda_block_reduce,2048,optimizer_update,6,16.0,3,305203,128,0,synthetic_microfit_cuda_event_device_timeline_only
18.62811279296875,0.4188160002231598,128,cuda_block_reduce,2048,optimizer_update,7,16.0,3,305203,128,0,synthetic_microfit_cuda_event_device_timeline_only
18.62811279296875,0.4108799993991852,128,cuda_block_reduce,2048,optimizer_update,8,16.0,3,305203,128,0,synthetic_microfit_cuda_event_device_timeline_only
18.62811279296875,0.42393600940704346,128,cuda_block_reduce,2048,optimizer_update,9,16.0,3,305203,128,0,synthetic_microfit_cuda_event_device_timeline_only
18.62811279296875,0.4106239974498749,128,cuda_block_reduce,2048,optimizer_update,10,16.0,3,305203,128,0,synthetic_microfit_cuda_event_device_timeline_only
18.62811279296875,0.419871985912323,128,cuda_block_reduce,2048,optimizer_update,11,16.0,3,305203,128,0,synthetic_microfit_cuda_event_device_timeline_only
18.62811279296875,0.43724799156188965,128,cuda_block_reduce,2048,optimizer_update,12,16.0,3,305203,128,0,synthetic_microfit_cuda_event_device_timeline_only
18.62811279296875,0.4217599928379059,128,cuda_block_reduce,2048,optimizer_update,13,16.0,3,305203,128,0,synthetic_microfit_cuda_event_device_timeline_only
18.62811279296875,0.40959998965263367,128,cuda_block_reduce,2048,optimizer_update,14,16.0,3,305203,128,0,synthetic_microfit_cuda_event_device_timeline_only
18.62811279296875,2.0848639011383057,128,cuda_block_reduce,2048,representative_fit_step,0,16.0,3,305203,128,0,synthetic_microfit_cuda_event_device_timeline_only
18.62811279296875,2.0480000972747803,128,cuda_block_reduce,2048,representative_fit_step,1,16.0,3,305203,128,0,synthetic_microfit_cuda_event_device_timeline_only
18.62811279296875,2.0245440006256104,128,cuda_block_reduce,2048,representative_fit_step,2,16.0,3,305203,128,0,synthetic_microfit_cuda_event_device_timeline_only
18.62811279296875,2.040992021560669,128,cuda_block_reduce,2048,representative_fit_step,3,16.0,3,305203,128,0,synthetic_microfit_cuda_event_device_timeline_only
18.62811279296875,2.0326080322265625,128,cuda_block_reduce,2048,representative_fit_step,4,16.0,3,305203,128,0,synthetic_microfit_cuda_event_device_timeline_only
18.62811279296875,2.1145598888397217,128,cuda_block_reduce,2048,representative_fit_step,5,16.0,3,305203,128,0,synthetic_microfit_cuda_event_device_timeline_only
18.62811279296875,2.115583896636963,128,cuda_block_reduce,2048,representative_fit_step,6,16.0,3,305203,128,0,synthetic_microfit_cuda_event_device_timeline_only
18.62811279296875,2.0551679134368896,128,cuda_block_reduce,2048,representative_fit_step,7,16.0,3,305203,128,0,synthetic_microfit_cuda_event_device_timeline_only
18.62811279296875,2.0390400886535645,128,cuda_block_reduce,2048,representative_fit_step,8,16.0,3,305203,128,0,synthetic_microfit_cuda_event_device_timeline_only
18.62811279296875,2.041856050491333,128,cuda_block_reduce,2048,representative_fit_step,9,16.0,3,305203,128,0,synthetic_microfit_cuda_event_device_timeline_only
18.62811279296875,2.0909759998321533,128,cuda_block_reduce,2048,representative_fit_step,10,16.0,3,305203,128,0,synthetic_microfit_cuda_event_device_timeline_only
18.62811279296875,2.057215929031372,128,cuda_block_reduce,2048,representative_fit_step,11,16.0,3,305203,128,0,synthetic_microfit_cuda_event_device_timeline_only
18.62811279296875,2.076672077178955,128,cuda_block_reduce,2048,representative_fit_step,12,16.0,3,305203,128,0,synthetic_microfit_cuda_event_device_timeline_only
18.62811279296875,2.045952081680298,128,cuda_block_reduce,2048,representative_fit_step,13,16.0,3,305203,128,0,synthetic_microfit_cuda_event_device_timeline_only
18.62811279296875,2.1319680213928223,128,cuda_block_reduce,2048,representative_fit_step,14,16.0,3,305203,128,0,synthetic_microfit_cuda_event_device_timeline_only
18.62811279296875,0.43929600715637207,128,cuda,2048,exact_forward,0,16.0,3,305203,128,1,synthetic_microfit_cuda_event_device_timeline_only
18.62811279296875,0.4177919924259186,128,cuda,2048,exact_forward,1,16.0,3,305203,128,1,synthetic_microfit_cuda_event_device_timeline_only
18.62811279296875,0.4249599874019623,128,cuda,2048,exact_forward,2,16.0,3,305203,128,1,synthetic_microfit_cuda_event_device_timeline_only
18.62811279296875,0.40956801176071167,128,cuda,2048,exact_forward,3,16.0,3,305203,128,1,synthetic_microfit_cuda_event_device_timeline_only
18.62811279296875,0.4155200123786926,128,cuda,2048,exact_forward,4,16.0,3,305203,128,1,synthetic_microfit_cuda_event_device_timeline_only
18.62811279296875,0.44646400213241577,128,cuda,2048,exact_forward,5,16.0,3,305203,128,1,synthetic_microfit_cuda_event_device_timeline_only
18.62811279296875,0.424127995967865,128,cuda,2048,exact_forward,6,16.0,3,305203,128,1,synthetic_microfit_cuda_event_device_timeline_only
18.62811279296875,0.4034560024738312,128,cuda,2048,exact_forward,7,16.0,3,305203,128,1,synthetic_microfit_cuda_event_device_timeline_only
18.62811279296875,0.4126720130443573,128,cuda,2048,exact_forward,8,16.0,3,305203,128,1,synthetic_microfit_cuda_event_device_timeline_only
18.62811279296875,0.40243199467658997,128,cuda,2048,exact_forward,9,16.0,3,305203,128,1,synthetic_microfit_cuda_event_device_timeline_only
18.62811279296875,0.40835198760032654,128,cuda,2048,exact_forward,10,16.0,3,305203,128,1,synthetic_microfit_cuda_event_device_timeline_only
18.62811279296875,0.4012480080127716,128,cuda,2048,exact_forward,11,16.0,3,305203,128,1,synthetic_microfit_cuda_event_device_timeline_only
18.62811279296875,0.4116480052471161,128,cuda,2048,exact_forward,12,16.0,3,305203,128,1,synthetic_microfit_cuda_event_device_timeline_only
18.62811279296875,0.4034560024738312,128,cuda,2048,exact_forward,13,16.0,3,305203,128,1,synthetic_microfit_cuda_event_device_timeline_only
18.62811279296875,0.4208639860153198,128,cuda,2048,exact_forward,14,16.0,3,305203,128,1,synthetic_microfit_cuda_event_device_timeline_only
18.62811279296875,0.9809920191764832,128,cuda,2048,exact_backward,0,16.0,3,305203,128,1,synthetic_microfit_cuda_event_device_timeline_only
18.62811279296875,0.9646080136299133,128,cuda,2048,exact_backward,1,16.0,3,305203,128,1,synthetic_microfit_cuda_event_device_timeline_only
18.62811279296875,0.9748479723930359,128,cuda,2048,exact_backward,2,16.0,3,305203,128,1,synthetic_microfit_cuda_event_device_timeline_only
18.62811279296875,0.9738240242004395,128,cuda,2048,exact_backward,3,16.0,3,305203,128,1,synthetic_microfit_cuda_event_device_timeline_only
18.62811279296875,0.9625599980354309,128,cuda,2048,exact_backward,4,16.0,3,305203,128,1,synthetic_microfit_cuda_event_device_timeline_only
18.62811279296875,0.9768959879875183,128,cuda,2048,exact_backward,5,16.0,3,305203,128,1,synthetic_microfit_cuda_event_device_timeline_only
18.62811279296875,0.9715200066566467,128,cuda,2048,exact_backward,6,16.0,3,305203,128,1,synthetic_microfit_cuda_event_device_timeline_only
18.62811279296875,0.9605119824409485,128,cuda,2048,exact_backward,7,16.0,3,305203,128,1,synthetic_microfit_cuda_event_device_timeline_only
18.62811279296875,0.9697279930114746,128,cuda,2048,exact_backward,8,16.0,3,305203,128,1,synthetic_microfit_cuda_event_device_timeline_only
18.62811279296875,0.962336003780365,128,cuda,2048,exact_backward,9,16.0,3,305203,128,1,synthetic_microfit_cuda_event_device_timeline_only
18.62811279296875,0.9779199957847595,128,cuda,2048,exact_backward,10,16.0,3,305203,128,1,synthetic_microfit_cuda_event_device_timeline_only
18.62811279296875,0.9656320214271545,128,cuda,2048,exact_backward,11,16.0,3,305203,128,1,synthetic_microfit_cuda_event_device_timeline_only
18.62811279296875,0.9715200066566467,128,cuda,2048,exact_backward,12,16.0,3,305203,128,1,synthetic_microfit_cuda_event_device_timeline_only
18.62811279296875,0.9605119824409485,128,cuda,2048,exact_backward,13,16.0,3,305203,128,1,synthetic_microfit_cuda_event_device_timeline_only
18.62811279296875,0.9738240242004395,128,cuda,2048,exact_backward,14,16.0,3,305203,128,1,synthetic_microfit_cuda_event_device_timeline_only
18.62811279296875,1.358847975730896,128,cuda,2048,fit_backward,0,16.0,3,305203,128,1,synthetic_microfit_cuda_event_device_timeline_only
18.62811279296875,1.3404159545898438,128,cuda,2048,fit_backward,1,16.0,3,305203,128,1,synthetic_microfit_cuda_event_device_timeline_only
18.62811279296875,1.3260799646377563,128,cuda,2048,fit_backward,2,16.0,3,305203,128,1,synthetic_microfit_cuda_event_device_timeline_only
18.62811279296875,1.3363200426101685,128,cuda,2048,fit_backward,3,16.0,3,305203,128,1,synthetic_microfit_cuda_event_device_timeline_only
18.62811279296875,1.3271039724349976,128,cuda,2048,fit_backward,4,16.0,3,305203,128,1,synthetic_microfit_cuda_event_device_timeline_only
18.62811279296875,1.3260799646377563,128,cuda,2048,fit_backward,5,16.0,3,305203,128,1,synthetic_microfit_cuda_event_device_timeline_only
18.62811279296875,1.3322240114212036,128,cuda,2048,fit_backward,6,16.0,3,305203,128,1,synthetic_microfit_cuda_event_device_timeline_only
18.62811279296875,1.3250559568405151,128,cuda,2048,fit_backward,7,16.0,3,305203,128,1,synthetic_microfit_cuda_event_device_timeline_only
18.62811279296875,1.334272027015686,128,cuda,2048,fit_backward,8,16.0,3,305203,128,1,synthetic_microfit_cuda_event_device_timeline_only
18.62811279296875,1.3209600448608398,128,cuda,2048,fit_backward,9,16.0,3,305203,128,1,synthetic_microfit_cuda_event_device_timeline_only
18.62811279296875,1.32915198802948,128,cuda,2048,fit_backward,10,16.0,3,305203,128,1,synthetic_microfit_cuda_event_device_timeline_only
18.62811279296875,1.3381760120391846,128,cuda,2048,fit_backward,11,16.0,3,305203,128,1,synthetic_microfit_cuda_event_device_timeline_only
18.62811279296875,1.346560001373291,128,cuda,2048,fit_backward,12,16.0,3,305203,128,1,synthetic_microfit_cuda_event_device_timeline_only
18.62811279296875,1.3260799646377563,128,cuda,2048,fit_backward,13,16.0,3,305203,128,1,synthetic_microfit_cuda_event_device_timeline_only
18.62811279296875,1.3361279964447021,128,cuda,2048,fit_backward,14,16.0,3,305203,128,1,synthetic_microfit_cuda_event_device_timeline_only
18.62811279296875,0.508895993232727,128,cuda,2048,optimizer_update,0,16.0,3,305203,128,1,synthetic_microfit_cuda_event_device_timeline_only
18.62811279296875,0.4352959990501404,128,cuda,2048,optimizer_update,1,16.0,3,305203,128,1,synthetic_microfit_cuda_event_device_timeline_only
18.62811279296875,0.41574400663375854,128,cuda,2048,optimizer_update,2,16.0,3,305203,128,1,synthetic_microfit_cuda_event_device_timeline_only
18.62811279296875,0.44649600982666016,128,cuda,2048,optimizer_update,3,16.0,3,305203,128,1,synthetic_microfit_cuda_event_device_timeline_only
18.62811279296875,0.4118399918079376,128,cuda,2048,optimizer_update,4,16.0,3,305203,128,1,synthetic_microfit_cuda_event_device_timeline_only
18.62811279296875,0.41999998688697815,128,cuda,2048,optimizer_update,5,16.0,3,305203,128,1,synthetic_microfit_cuda_event_device_timeline_only
18.62811279296875,0.4106239974498749,128,cuda,2048,optimizer_update,6,16.0,3,305203,128,1,synthetic_microfit_cuda_event_device_timeline_only
18.62811279296875,0.42073601484298706,128,cuda,2048,optimizer_update,7,16.0,3,305203,128,1,synthetic_microfit_cuda_event_device_timeline_only
18.62811279296875,0.41148799657821655,128,cuda,2048,optimizer_update,8,16.0,3,305203,128,1,synthetic_microfit_cuda_event_device_timeline_only
18.62811279296875,0.41676801443099976,128,cuda,2048,optimizer_update,9,16.0,3,305203,128,1,synthetic_microfit_cuda_event_device_timeline_only
18.62811279296875,0.40959998965263367,128,cuda,2048,optimizer_update,10,16.0,3,305203,128,1,synthetic_microfit_cuda_event_device_timeline_only
18.62811279296875,0.4227199852466583,128,cuda,2048,optimizer_update,11,16.0,3,305203,128,1,synthetic_microfit_cuda_event_device_timeline_only
18.62811279296875,0.4139519929885864,128,cuda,2048,optimizer_update,12,16.0,3,305203,128,1,synthetic_microfit_cuda_event_device_timeline_only
18.62811279296875,0.40857601165771484,128,cuda,2048,optimizer_update,13,16.0,3,305203,128,1,synthetic_microfit_cuda_event_device_timeline_only
18.62811279296875,0.41971200704574585,128,cuda,2048,optimizer_update,14,16.0,3,305203,128,1,synthetic_microfit_cuda_event_device_timeline_only
18.62811279296875,2.298880100250244,128,cuda,2048,representative_fit_step,0,16.0,3,305203,128,1,synthetic_microfit_cuda_event_device_timeline_only
18.62811279296875,2.2015678882598877,128,cuda,2048,representative_fit_step,1,16.0,3,305203,128,1,synthetic_microfit_cuda_event_device_timeline_only
18.62811279296875,2.258944034576416,128,cuda,2048,representative_fit_step,2,16.0,3,305203,128,1,synthetic_microfit_cuda_event_device_timeline_only
18.62811279296875,2.124799966812134,128,cuda,2048,representative_fit_step,3,16.0,3,305203,128,1,synthetic_microfit_cuda_event_device_timeline_only
18.62811279296875,2.451456069946289,128,cuda,2048,representative_fit_step,4,16.0,3,305203,128,1,synthetic_microfit_cuda_event_device_timeline_only
18.62811279296875,2.2507519721984863,128,cuda,2048,representative_fit_step,5,16.0,3,305203,128,1,synthetic_microfit_cuda_event_device_timeline_only
18.62811279296875,2.295583963394165,128,cuda,2048,representative_fit_step,6,16.0,3,305203,128,1,synthetic_microfit_cuda_event_device_timeline_only
18.62811279296875,2.155519962310791,128,cuda,2048,representative_fit_step,7,16.0,3,305203,128,1,synthetic_microfit_cuda_event_device_timeline_only
18.62811279296875,2.2353920936584473,128,cuda,2048,representative_fit_step,8,16.0,3,305203,128,1,synthetic_microfit_cuda_event_device_timeline_only
18.62811279296875,2.1637120246887207,128,cuda,2048,representative_fit_step,9,16.0,3,305203,128,1,synthetic_microfit_cuda_event_device_timeline_only
18.62811279296875,2.273279905319214,128,cuda,2048,representative_fit_step,10,16.0,3,305203,128,1,synthetic_microfit_cuda_event_device_timeline_only
18.62811279296875,2.135040044784546,128,cuda,2048,representative_fit_step,11,16.0,3,305203,128,1,synthetic_microfit_cuda_event_device_timeline_only
18.62811279296875,2.244607925415039,128,cuda,2048,representative_fit_step,12,16.0,3,305203,128,1,synthetic_microfit_cuda_event_device_timeline_only
18.62811279296875,2.159615993499756,128,cuda,2048,representative_fit_step,13,16.0,3,305203,128,1,synthetic_microfit_cuda_event_device_timeline_only
18.62811279296875,2.2609920501708984,128,cuda,2048,representative_fit_step,14,16.0,3,305203,128,1,synthetic_microfit_cuda_event_device_timeline_only
4.1982421875,0.4259839951992035,256,cuda,512,exact_forward,0,4.0,4,275136,256,0,synthetic_microfit_cuda_event_device_timeline_only
4.1982421875,0.41471999883651733,256,cuda,512,exact_forward,1,4.0,4,275136,256,0,synthetic_microfit_cuda_event_device_timeline_only
4.1982421875,0.4095360040664673,256,cuda,512,exact_forward,2,4.0,4,275136,256,0,synthetic_microfit_cuda_event_device_timeline_only
4.1982421875,0.4065279960632324,256,cuda,512,exact_forward,3,4.0,4,275136,256,0,synthetic_microfit_cuda_event_device_timeline_only
4.1982421875,0.41574400663375854,256,cuda,512,exact_forward,4,4.0,4,275136,256,0,synthetic_microfit_cuda_event_device_timeline_only
4.1982421875,0.4044800102710724,256,cuda,512,exact_forward,5,4.0,4,275136,256,0,synthetic_microfit_cuda_event_device_timeline_only
4.1982421875,0.403328001499176,256,cuda,512,exact_forward,6,4.0,4,275136,256,0,synthetic_microfit_cuda_event_device_timeline_only
4.1982421875,0.41471999883651733,256,cuda,512,exact_forward,7,4.0,4,275136,256,0,synthetic_microfit_cuda_event_device_timeline_only
4.1982421875,0.40140798687934875,256,cuda,512,exact_forward,8,4.0,4,275136,256,0,synthetic_microfit_cuda_event_device_timeline_only
4.1982421875,0.41152000427246094,256,cuda,512,exact_forward,9,4.0,4,275136,256,0,synthetic_microfit_cuda_event_device_timeline_only
4.1982421875,0.3993600010871887,256,cuda,512,exact_forward,10,4.0,4,275136,256,0,synthetic_microfit_cuda_event_device_timeline_only
4.1982421875,0.40755200386047363,256,cuda,512,exact_forward,11,4.0,4,275136,256,0,synthetic_microfit_cuda_event_device_timeline_only
4.1982421875,0.3994239866733551,256,cuda,512,exact_forward,12,4.0,4,275136,256,0,synthetic_microfit_cuda_event_device_timeline_only
4.1982421875,0.4126720130443573,256,cuda,512,exact_forward,13,4.0,4,275136,256,0,synthetic_microfit_cuda_event_device_timeline_only
4.1982421875,0.4023360013961792,256,cuda,512,exact_forward,14,4.0,4,275136,256,0,synthetic_microfit_cuda_event_device_timeline_only
4.1982421875,0.5212159752845764,256,cuda,512,exact_backward,0,4.0,4,275136,256,0,synthetic_microfit_cuda_event_device_timeline_only
4.1982421875,0.5130239725112915,256,cuda,512,exact_backward,1,4.0,4,275136,256,0,synthetic_microfit_cuda_event_device_timeline_only
4.1982421875,0.5058559775352478,256,cuda,512,exact_backward,2,4.0,4,275136,256,0,synthetic_microfit_cuda_event_device_timeline_only
4.1982421875,0.5038080215454102,256,cuda,512,exact_backward,3,4.0,4,275136,256,0,synthetic_microfit_cuda_event_device_timeline_only
4.1982421875,0.502784013748169,256,cuda,512,exact_backward,4,4.0,4,275136,256,0,synthetic_microfit_cuda_event_device_timeline_only
4.1982421875,0.5140479803085327,256,cuda,512,exact_backward,5,4.0,4,275136,256,0,synthetic_microfit_cuda_event_device_timeline_only
4.1982421875,0.5048320293426514,256,cuda,512,exact_backward,6,4.0,4,275136,256,0,synthetic_microfit_cuda_event_device_timeline_only
4.1982421875,0.5355520248413086,256,cuda,512,exact_backward,7,4.0,4,275136,256,0,synthetic_microfit_cuda_event_device_timeline_only
4.1982421875,0.5038080215454102,256,cuda,512,exact_backward,8,4.0,4,275136,256,0,synthetic_microfit_cuda_event_device_timeline_only
4.1982421875,0.5038080215454102,256,cuda,512,exact_backward,9,4.0,4,275136,256,0,synthetic_microfit_cuda_event_device_timeline_only
4.1982421875,0.4997119903564453,256,cuda,512,exact_backward,10,4.0,4,275136,256,0,synthetic_microfit_cuda_event_device_timeline_only
4.1982421875,0.4936319887638092,256,cuda,512,exact_backward,11,4.0,4,275136,256,0,synthetic_microfit_cuda_event_device_timeline_only
4.1982421875,0.4955520033836365,256,cuda,512,exact_backward,12,4.0,4,275136,256,0,synthetic_microfit_cuda_event_device_timeline_only
4.1982421875,0.508895993232727,256,cuda,512,exact_backward,13,4.0,4,275136,256,0,synthetic_microfit_cuda_event_device_timeline_only
4.1982421875,0.5017600059509277,256,cuda,512,exact_backward,14,4.0,4,275136,256,0,synthetic_microfit_cuda_event_device_timeline_only
4.1982421875,1.316864013671875,256,cuda,512,fit_backward,0,4.0,4,275136,256,0,synthetic_microfit_cuda_event_device_timeline_only
4.1982421875,1.3127679824829102,256,cuda,512,fit_backward,1,4.0,4,275136,256,0,synthetic_microfit_cuda_event_device_timeline_only
4.1982421875,1.3230079412460327,256,cuda,512,fit_backward,2,4.0,4,275136,256,0,synthetic_microfit_cuda_event_device_timeline_only
4.1982421875,1.3424639701843262,256,cuda,512,fit_backward,3,4.0,4,275136,256,0,synthetic_microfit_cuda_event_device_timeline_only
4.1982421875,1.316864013671875,256,cuda,512,fit_backward,4,4.0,4,275136,256,0,synthetic_microfit_cuda_event_device_timeline_only
4.1982421875,1.3127679824829102,256,cuda,512,fit_backward,5,4.0,4,275136,256,0,synthetic_microfit_cuda_event_device_timeline_only
4.1982421875,1.3148159980773926,256,cuda,512,fit_backward,6,4.0,4,275136,256,0,synthetic_microfit_cuda_event_device_timeline_only
4.1982421875,1.311743974685669,256,cuda,512,fit_backward,7,4.0,4,275136,256,0,synthetic_microfit_cuda_event_device_timeline_only
4.1982421875,1.3189120292663574,256,cuda,512,fit_backward,8,4.0,4,275136,256,0,synthetic_microfit_cuda_event_device_timeline_only
4.1982421875,1.3148159980773926,256,cuda,512,fit_backward,9,4.0,4,275136,256,0,synthetic_microfit_cuda_event_device_timeline_only
4.1982421875,1.32915198802948,256,cuda,512,fit_backward,10,4.0,4,275136,256,0,synthetic_microfit_cuda_event_device_timeline_only
4.1982421875,1.3148159980773926,256,cuda,512,fit_backward,11,4.0,4,275136,256,0,synthetic_microfit_cuda_event_device_timeline_only
4.1982421875,1.311743974685669,256,cuda,512,fit_backward,12,4.0,4,275136,256,0,synthetic_microfit_cuda_event_device_timeline_only
4.1982421875,1.3209600448608398,256,cuda,512,fit_backward,13,4.0,4,275136,256,0,synthetic_microfit_cuda_event_device_timeline_only
4.1982421875,1.3260799646377563,256,cuda,512,fit_backward,14,4.0,4,275136,256,0,synthetic_microfit_cuda_event_device_timeline_only
4.1982421875,0.5222079753875732,256,cuda,512,optimizer_update,0,4.0,4,275136,256,0,synthetic_microfit_cuda_event_device_timeline_only
4.1982421875,0.42188799381256104,256,cuda,512,optimizer_update,1,4.0,4,275136,256,0,synthetic_microfit_cuda_event_device_timeline_only
4.1982421875,0.42393600940704346,256,cuda,512,optimizer_update,2,4.0,4,275136,256,0,synthetic_microfit_cuda_event_device_timeline_only
4.1982421875,0.4116480052471161,256,cuda,512,optimizer_update,3,4.0,4,275136,256,0,synthetic_microfit_cuda_event_device_timeline_only
4.1982421875,0.4106239974498749,256,cuda,512,optimizer_update,4,4.0,4,275136,256,0,synthetic_microfit_cuda_event_device_timeline_only
4.1982421875,0.4505920112133026,256,cuda,512,optimizer_update,5,4.0,4,275136,256,0,synthetic_microfit_cuda_event_device_timeline_only
4.1982421875,0.4607999920845032,256,cuda,512,optimizer_update,6,4.0,4,275136,256,0,synthetic_microfit_cuda_event_device_timeline_only
4.1982421875,0.4095039963722229,256,cuda,512,optimizer_update,7,4.0,4,275136,256,0,synthetic_microfit_cuda_event_device_timeline_only
4.1982421875,0.4118399918079376,256,cuda,512,optimizer_update,8,4.0,4,275136,256,0,synthetic_microfit_cuda_event_device_timeline_only
4.1982421875,0.4169920086860657,256,cuda,512,optimizer_update,9,4.0,4,275136,256,0,synthetic_microfit_cuda_event_device_timeline_only
4.1982421875,0.4126720130443573,256,cuda,512,optimizer_update,10,4.0,4,275136,256,0,synthetic_microfit_cuda_event_device_timeline_only
4.1982421875,0.4352000057697296,256,cuda,512,optimizer_update,11,4.0,4,275136,256,0,synthetic_microfit_cuda_event_device_timeline_only
4.1982421875,0.4248639941215515,256,cuda,512,optimizer_update,12,4.0,4,275136,256,0,synthetic_microfit_cuda_event_device_timeline_only
4.1982421875,0.43007999658584595,256,cuda,512,optimizer_update,13,4.0,4,275136,256,0,synthetic_microfit_cuda_event_device_timeline_only
4.1982421875,0.4249599874019623,256,cuda,512,optimizer_update,14,4.0,4,275136,256,0,synthetic_microfit_cuda_event_device_timeline_only
4.1982421875,2.574336051940918,256,cuda,512,representative_fit_step,0,4.0,4,275136,256,0,synthetic_microfit_cuda_event_device_timeline_only
4.1982421875,2.5589759349823,256,cuda,512,representative_fit_step,1,4.0,4,275136,256,0,synthetic_microfit_cuda_event_device_timeline_only
4.1982421875,2.526240110397339,256,cuda,512,representative_fit_step,2,4.0,4,275136,256,0,synthetic_microfit_cuda_event_device_timeline_only
4.1982421875,2.618367910385132,256,cuda,512,representative_fit_step,3,4.0,4,275136,256,0,synthetic_microfit_cuda_event_device_timeline_only
4.1982421875,2.5518081188201904,256,cuda,512,representative_fit_step,4,4.0,4,275136,256,0,synthetic_microfit_cuda_event_device_timeline_only
4.1982421875,2.559999942779541,256,cuda,512,representative_fit_step,5,4.0,4,275136,256,0,synthetic_microfit_cuda_event_device_timeline_only
4.1982421875,2.5528318881988525,256,cuda,512,representative_fit_step,6,4.0,4,275136,256,0,synthetic_microfit_cuda_event_device_timeline_only
4.1982421875,2.504703998565674,256,cuda,512,representative_fit_step,7,4.0,4,275136,256,0,synthetic_microfit_cuda_event_device_timeline_only
4.1982421875,2.5231359004974365,256,cuda,512,representative_fit_step,8,4.0,4,275136,256,0,synthetic_microfit_cuda_event_device_timeline_only
4.1982421875,2.5538558959960938,256,cuda,512,representative_fit_step,9,4.0,4,275136,256,0,synthetic_microfit_cuda_event_device_timeline_only
4.1982421875,2.5147199630737305,256,cuda,512,representative_fit_step,10,4.0,4,275136,256,0,synthetic_microfit_cuda_event_device_timeline_only
4.1982421875,2.632607936859131,256,cuda,512,representative_fit_step,11,4.0,4,275136,256,0,synthetic_microfit_cuda_event_device_timeline_only
4.1982421875,2.5392959117889404,256,cuda,512,representative_fit_step,12,4.0,4,275136,256,0,synthetic_microfit_cuda_event_device_timeline_only
4.1982421875,2.5333759784698486,256,cuda,512,representative_fit_step,13,4.0,4,275136,256,0,synthetic_microfit_cuda_event_device_timeline_only
4.1982421875,2.578432083129883,256,cuda,512,representative_fit_step,14,4.0,4,275136,256,0,synthetic_microfit_cuda_event_device_timeline_only
4.1982421875,0.49663999676704407,256,cuda_block_reduce,512,exact_forward,0,4.0,4,275136,256,1,synthetic_microfit_cuda_event_device_timeline_only
4.1982421875,0.4270080029964447,256,cuda_block_reduce,512,exact_forward,1,4.0,4,275136,256,1,synthetic_microfit_cuda_event_device_timeline_only
4.1982421875,0.43907201290130615,256,cuda_block_reduce,512,exact_forward,2,4.0,4,275136,256,1,synthetic_microfit_cuda_event_device_timeline_only
4.1982421875,0.4136959910392761,256,cuda_block_reduce,512,exact_forward,3,4.0,4,275136,256,1,synthetic_microfit_cuda_event_device_timeline_only
4.1982421875,0.42188799381256104,256,cuda_block_reduce,512,exact_forward,4,4.0,4,275136,256,1,synthetic_microfit_cuda_event_device_timeline_only
4.1982421875,0.40243199467658997,256,cuda_block_reduce,512,exact_forward,5,4.0,4,275136,256,1,synthetic_microfit_cuda_event_device_timeline_only
4.1982421875,0.4259839951992035,256,cuda_block_reduce,512,exact_forward,6,4.0,4,275136,256,1,synthetic_microfit_cuda_event_device_timeline_only
4.1982421875,0.4485119879245758,256,cuda_block_reduce,512,exact_forward,7,4.0,4,275136,256,1,synthetic_microfit_cuda_event_device_timeline_only
4.1982421875,0.43507200479507446,256,cuda_block_reduce,512,exact_forward,8,4.0,4,275136,256,1,synthetic_microfit_cuda_event_device_timeline_only
4.1982421875,0.4116480052471161,256,cuda_block_reduce,512,exact_forward,9,4.0,4,275136,256,1,synthetic_microfit_cuda_event_device_timeline_only
4.1982421875,0.419840008020401,256,cuda_block_reduce,512,exact_forward,10,4.0,4,275136,256,1,synthetic_microfit_cuda_event_device_timeline_only
4.1982421875,0.4084160029888153,256,cuda_block_reduce,512,exact_forward,11,4.0,4,275136,256,1,synthetic_microfit_cuda_event_device_timeline_only
4.1982421875,0.41676801443099976,256,cuda_block_reduce,512,exact_forward,12,4.0,4,275136,256,1,synthetic_microfit_cuda_event_device_timeline_only
4.1982421875,0.3993600010871887,256,cuda_block_reduce,512,exact_forward,13,4.0,4,275136,256,1,synthetic_microfit_cuda_event_device_timeline_only
4.1982421875,0.4106239974498749,256,cuda_block_reduce,512,exact_forward,14,4.0,4,275136,256,1,synthetic_microfit_cuda_event_device_timeline_only
4.1982421875,0.5528320074081421,256,cuda_block_reduce,512,exact_backward,0,4.0,4,275136,256,1,synthetic_microfit_cuda_event_device_timeline_only
4.1982421875,0.5611519813537598,256,cuda_block_reduce,512,exact_backward,1,4.0,4,275136,256,1,synthetic_microfit_cuda_event_device_timeline_only
4.1982421875,0.532480001449585,256,cuda_block_reduce,512,exact_backward,2,4.0,4,275136,256,1,synthetic_microfit_cuda_event_device_timeline_only
4.1982421875,0.536575973033905,256,cuda_block_reduce,512,exact_backward,3,4.0,4,275136,256,1,synthetic_microfit_cuda_event_device_timeline_only
4.1982421875,0.5160959959030151,256,cuda_block_reduce,512,exact_backward,4,4.0,4,275136,256,1,synthetic_microfit_cuda_event_device_timeline_only
4.1982421875,0.5130559802055359,256,cuda_block_reduce,512,exact_backward,5,4.0,4,275136,256,1,synthetic_microfit_cuda_event_device_timeline_only
4.1982421875,0.5169280171394348,256,cuda_block_reduce,512,exact_backward,6,4.0,4,275136,256,1,synthetic_microfit_cuda_event_device_timeline_only
4.1982421875,0.5191680192947388,256,cuda_block_reduce,512,exact_backward,7,4.0,4,275136,256,1,synthetic_microfit_cuda_event_device_timeline_only
4.1982421875,0.506879985332489,256,cuda_block_reduce,512,exact_backward,8,4.0,4,275136,256,1,synthetic_microfit_cuda_event_device_timeline_only
4.1982421875,0.506879985332489,256,cuda_block_reduce,512,exact_backward,9,4.0,4,275136,256,1,synthetic_microfit_cuda_event_device_timeline_only
4.1982421875,0.5058559775352478,256,cuda_block_reduce,512,exact_backward,10,4.0,4,275136,256,1,synthetic_microfit_cuda_event_device_timeline_only
4.1982421875,0.5183039903640747,256,cuda_block_reduce,512,exact_backward,11,4.0,4,275136,256,1,synthetic_microfit_cuda_event_device_timeline_only
4.1982421875,0.5099520087242126,256,cuda_block_reduce,512,exact_backward,12,4.0,4,275136,256,1,synthetic_microfit_cuda_event_device_timeline_only
4.1982421875,0.5079039931297302,256,cuda_block_reduce,512,exact_backward,13,4.0,4,275136,256,1,synthetic_microfit_cuda_event_device_timeline_only
4.1982421875,0.506879985332489,256,cuda_block_reduce,512,exact_backward,14,4.0,4,275136,256,1,synthetic_microfit_cuda_event_device_timeline_only
4.1982421875,1.094655990600586,256,cuda_block_reduce,512,fit_backward,0,4.0,4,275136,256,1,synthetic_microfit_cuda_event_device_timeline_only
4.1982421875,1.0954879522323608,256,cuda_block_reduce,512,fit_backward,1,4.0,4,275136,256,1,synthetic_microfit_cuda_event_device_timeline_only
4.1982421875,1.090399980545044,256,cuda_block_reduce,512,fit_backward,2,4.0,4,275136,256,1,synthetic_microfit_cuda_event_device_timeline_only
4.1982421875,1.090559959411621,256,cuda_block_reduce,512,fit_backward,3,4.0,4,275136,256,1,synthetic_microfit_cuda_event_device_timeline_only
4.1982421875,1.0956799983978271,256,cuda_block_reduce,512,fit_backward,4,4.0,4,275136,256,1,synthetic_microfit_cuda_event_device_timeline_only
4.1982421875,1.1028480529785156,256,cuda_block_reduce,512,fit_backward,5,4.0,4,275136,256,1,synthetic_microfit_cuda_event_device_timeline_only
4.1982421875,1.0936319828033447,256,cuda_block_reduce,512,fit_backward,6,4.0,4,275136,256,1,synthetic_microfit_cuda_event_device_timeline_only
4.1982421875,1.0976320505142212,256,cuda_block_reduce,512,fit_backward,7,4.0,4,275136,256,1,synthetic_microfit_cuda_event_device_timeline_only
4.1982421875,1.1345280408859253,256,cuda_block_reduce,512,fit_backward,8,4.0,4,275136,256,1,synthetic_microfit_cuda_event_device_timeline_only
4.1982421875,1.1334400177001953,256,cuda_block_reduce,512,fit_backward,9,4.0,4,275136,256,1,synthetic_microfit_cuda_event_device_timeline_only
4.1982421875,1.0975359678268433,256,cuda_block_reduce,512,fit_backward,10,4.0,4,275136,256,1,synthetic_microfit_cuda_event_device_timeline_only
4.1982421875,1.16428804397583,256,cuda_block_reduce,512,fit_backward,11,4.0,4,275136,256,1,synthetic_microfit_cuda_event_device_timeline_only
4.1982421875,1.1519999504089355,256,cuda_block_reduce,512,fit_backward,12,4.0,4,275136,256,1,synthetic_microfit_cuda_event_device_timeline_only
4.1982421875,1.1386879682540894,256,cuda_block_reduce,512,fit_backward,13,4.0,4,275136,256,1,synthetic_microfit_cuda_event_device_timeline_only
4.1982421875,1.1263999938964844,256,cuda_block_reduce,512,fit_backward,14,4.0,4,275136,256,1,synthetic_microfit_cuda_event_device_timeline_only
4.1982421875,0.5378239750862122,256,cuda_block_reduce,512,optimizer_update,0,4.0,4,275136,256,1,synthetic_microfit_cuda_event_device_timeline_only
4.1982421875,0.44441598653793335,256,cuda_block_reduce,512,optimizer_update,1,4.0,4,275136,256,1,synthetic_microfit_cuda_event_device_timeline_only
4.1982421875,0.412416011095047,256,cuda_block_reduce,512,optimizer_update,2,4.0,4,275136,256,1,synthetic_microfit_cuda_event_device_timeline_only
4.1982421875,0.4177919924259186,256,cuda_block_reduce,512,optimizer_update,3,4.0,4,275136,256,1,synthetic_microfit_cuda_event_device_timeline_only
4.1982421875,0.419840008020401,256,cuda_block_reduce,512,optimizer_update,4,4.0,4,275136,256,1,synthetic_microfit_cuda_event_device_timeline_only
4.1982421875,0.4280320107936859,256,cuda_block_reduce,512,optimizer_update,5,4.0,4,275136,256,1,synthetic_microfit_cuda_event_device_timeline_only
4.1982421875,0.419840008020401,256,cuda_block_reduce,512,optimizer_update,6,4.0,4,275136,256,1,synthetic_microfit_cuda_event_device_timeline_only
4.1982421875,0.4227199852466583,256,cuda_block_reduce,512,optimizer_update,7,4.0,4,275136,256,1,synthetic_microfit_cuda_event_device_timeline_only
4.1982421875,0.4188480079174042,256,cuda_block_reduce,512,optimizer_update,8,4.0,4,275136,256,1,synthetic_microfit_cuda_event_device_timeline_only
4.1982421875,0.41887998580932617,256,cuda_block_reduce,512,optimizer_update,9,4.0,4,275136,256,1,synthetic_microfit_cuda_event_device_timeline_only
4.1982421875,0.4106239974498749,256,cuda_block_reduce,512,optimizer_update,10,4.0,4,275136,256,1,synthetic_microfit_cuda_event_device_timeline_only
4.1982421875,0.4057919979095459,256,cuda_block_reduce,512,optimizer_update,11,4.0,4,275136,256,1,synthetic_microfit_cuda_event_device_timeline_only
4.1982421875,0.42265599966049194,256,cuda_block_reduce,512,optimizer_update,12,4.0,4,275136,256,1,synthetic_microfit_cuda_event_device_timeline_only
4.1982421875,0.4177919924259186,256,cuda_block_reduce,512,optimizer_update,13,4.0,4,275136,256,1,synthetic_microfit_cuda_event_device_timeline_only
4.1982421875,0.4177919924259186,256,cuda_block_reduce,512,optimizer_update,14,4.0,4,275136,256,1,synthetic_microfit_cuda_event_device_timeline_only
4.1982421875,2.4248321056365967,256,cuda_block_reduce,512,representative_fit_step,0,4.0,4,275136,256,1,synthetic_microfit_cuda_event_device_timeline_only
4.1982421875,2.4227840900421143,256,cuda_block_reduce,512,representative_fit_step,1,4.0,4,275136,256,1,synthetic_microfit_cuda_event_device_timeline_only
4.1982421875,2.3683199882507324,256,cuda_block_reduce,512,representative_fit_step,2,4.0,4,275136,256,1,synthetic_microfit_cuda_event_device_timeline_only
4.1982421875,2.3695359230041504,256,cuda_block_reduce,512,representative_fit_step,3,4.0,4,275136,256,1,synthetic_microfit_cuda_event_device_timeline_only
4.1982421875,2.35315203666687,256,cuda_block_reduce,512,representative_fit_step,4,4.0,4,275136,256,1,synthetic_microfit_cuda_event_device_timeline_only
4.1982421875,2.343935966491699,256,cuda_block_reduce,512,representative_fit_step,5,4.0,4,275136,256,1,synthetic_microfit_cuda_event_device_timeline_only
4.1982421875,2.3613440990448,256,cuda_block_reduce,512,representative_fit_step,6,4.0,4,275136,256,1,synthetic_microfit_cuda_event_device_timeline_only
4.1982421875,2.372351884841919,256,cuda_block_reduce,512,representative_fit_step,7,4.0,4,275136,256,1,synthetic_microfit_cuda_event_device_timeline_only
4.1982421875,2.3859200477600098,256,cuda_block_reduce,512,representative_fit_step,8,4.0,4,275136,256,1,synthetic_microfit_cuda_event_device_timeline_only
4.1982421875,2.3951361179351807,256,cuda_block_reduce,512,representative_fit_step,9,4.0,4,275136,256,1,synthetic_microfit_cuda_event_device_timeline_only
4.1982421875,2.3633921146392822,256,cuda_block_reduce,512,representative_fit_step,10,4.0,4,275136,256,1,synthetic_microfit_cuda_event_device_timeline_only
4.1982421875,2.347007989883423,256,cuda_block_reduce,512,representative_fit_step,11,4.0,4,275136,256,1,synthetic_microfit_cuda_event_device_timeline_only
4.1982421875,2.363136053085327,256,cuda_block_reduce,512,representative_fit_step,12,4.0,4,275136,256,1,synthetic_microfit_cuda_event_device_timeline_only
4.1982421875,2.352128028869629,256,cuda_block_reduce,512,representative_fit_step,13,4.0,4,275136,256,1,synthetic_microfit_cuda_event_device_timeline_only
4.1982421875,2.3930881023406982,256,cuda_block_reduce,512,representative_fit_step,14,4.0,4,275136,256,1,synthetic_microfit_cuda_event_device_timeline_only
15.296539306640625,0.5315200090408325,256,cuda_block_reduce,512,exact_forward,0,16.0,5,1002474,256,0,synthetic_microfit_cuda_event_device_timeline_only
15.296539306640625,0.49663999676704407,256,cuda_block_reduce,512,exact_forward,1,16.0,5,1002474,256,0,synthetic_microfit_cuda_event_device_timeline_only
15.296539306640625,0.506879985332489,256,cuda_block_reduce,512,exact_forward,2,16.0,5,1002474,256,0,synthetic_microfit_cuda_event_device_timeline_only
15.296539306640625,0.4915199875831604,256,cuda_block_reduce,512,exact_forward,3,16.0,5,1002474,256,0,synthetic_microfit_cuda_event_device_timeline_only
15.296539306640625,0.4935680031776428,256,cuda_block_reduce,512,exact_forward,4,16.0,5,1002474,256,0,synthetic_microfit_cuda_event_device_timeline_only
15.296539306640625,0.49561598896980286,256,cuda_block_reduce,512,exact_forward,5,16.0,5,1002474,256,0,synthetic_microfit_cuda_event_device_timeline_only
15.296539306640625,0.4864000082015991,256,cuda_block_reduce,512,exact_forward,6,16.0,5,1002474,256,0,synthetic_microfit_cuda_event_device_timeline_only
15.296539306640625,0.4915199875831604,256,cuda_block_reduce,512,exact_forward,7,16.0,5,1002474,256,0,synthetic_microfit_cuda_event_device_timeline_only
15.296539306640625,0.4800319969654083,256,cuda_block_reduce,512,exact_forward,8,16.0,5,1002474,256,0,synthetic_microfit_cuda_event_device_timeline_only
15.296539306640625,0.4925439953804016,256,cuda_block_reduce,512,exact_forward,9,16.0,5,1002474,256,0,synthetic_microfit_cuda_event_device_timeline_only
15.296539306640625,0.4853760004043579,256,cuda_block_reduce,512,exact_forward,10,16.0,5,1002474,256,0,synthetic_microfit_cuda_event_device_timeline_only
15.296539306640625,0.4853760004043579,256,cuda_block_reduce,512,exact_forward,11,16.0,5,1002474,256,0,synthetic_microfit_cuda_event_device_timeline_only
15.296539306640625,0.48230400681495667,256,cuda_block_reduce,512,exact_forward,12,16.0,5,1002474,256,0,synthetic_microfit_cuda_event_device_timeline_only
15.296539306640625,0.4832319915294647,256,cuda_block_reduce,512,exact_forward,13,16.0,5,1002474,256,0,synthetic_microfit_cuda_event_device_timeline_only
15.296539306640625,0.48947200179100037,256,cuda_block_reduce,512,exact_forward,14,16.0,5,1002474,256,0,synthetic_microfit_cuda_event_device_timeline_only
15.296539306640625,0.7004160284996033,256,cuda_block_reduce,512,exact_backward,0,16.0,5,1002474,256,0,synthetic_microfit_cuda_event_device_timeline_only
15.296539306640625,0.6041600108146667,256,cuda_block_reduce,512,exact_backward,1,16.0,5,1002474,256,0,synthetic_microfit_cuda_event_device_timeline_only
15.296539306640625,0.5591040253639221,256,cuda_block_reduce,512,exact_backward,2,16.0,5,1002474,256,0,synthetic_microfit_cuda_event_device_timeline_only
15.296539306640625,0.5876160264015198,256,cuda_block_reduce,512,exact_backward,3,16.0,5,1002474,256,0,synthetic_microfit_cuda_event_device_timeline_only
15.296539306640625,0.6133760213851929,256,cuda_block_reduce,512,exact_backward,4,16.0,5,1002474,256,0,synthetic_microfit_cuda_event_device_timeline_only
15.296539306640625,0.6144959926605225,256,cuda_block_reduce,512,exact_backward,5,16.0,5,1002474,256,0,synthetic_microfit_cuda_event_device_timeline_only
15.296539306640625,0.5714240074157715,256,cuda_block_reduce,512,exact_backward,6,16.0,5,1002474,256,0,synthetic_microfit_cuda_event_device_timeline_only
15.296539306640625,0.5549119710922241,256,cuda_block_reduce,512,exact_backward,7,16.0,5,1002474,256,0,synthetic_microfit_cuda_event_device_timeline_only
15.296539306640625,0.5529599785804749,256,cuda_block_reduce,512,exact_backward,8,16.0,5,1002474,256,0,synthetic_microfit_cuda_event_device_timeline_only
15.296539306640625,0.5099520087242126,256,cuda_block_reduce,512,exact_backward,9,16.0,5,1002474,256,0,synthetic_microfit_cuda_event_device_timeline_only
15.296539306640625,0.4843519926071167,256,cuda_block_reduce,512,exact_backward,10,16.0,5,1002474,256,0,synthetic_microfit_cuda_event_device_timeline_only
15.296539306640625,0.6246399879455566,256,cuda_block_reduce,512,exact_backward,11,16.0,5,1002474,256,0,synthetic_microfit_cuda_event_device_timeline_only
15.296539306640625,0.5058240294456482,256,cuda_block_reduce,512,exact_backward,12,16.0,5,1002474,256,0,synthetic_microfit_cuda_event_device_timeline_only
15.296539306640625,0.5242879986763,256,cuda_block_reduce,512,exact_backward,13,16.0,5,1002474,256,0,synthetic_microfit_cuda_event_device_timeline_only
15.296539306640625,0.5243200063705444,256,cuda_block_reduce,512,exact_backward,14,16.0,5,1002474,256,0,synthetic_microfit_cuda_event_device_timeline_only
15.296539306640625,1.120255947113037,256,cuda_block_reduce,512,fit_backward,0,16.0,5,1002474,256,0,synthetic_microfit_cuda_event_device_timeline_only
15.296539306640625,1.1182080507278442,256,cuda_block_reduce,512,fit_backward,1,16.0,5,1002474,256,0,synthetic_microfit_cuda_event_device_timeline_only
15.296539306640625,1.1857919692993164,256,cuda_block_reduce,512,fit_backward,2,16.0,5,1002474,256,0,synthetic_microfit_cuda_event_device_timeline_only
15.296539306640625,1.171455979347229,256,cuda_block_reduce,512,fit_backward,3,16.0,5,1002474,256,0,synthetic_microfit_cuda_event_device_timeline_only
15.296539306640625,1.176576018333435,256,cuda_block_reduce,512,fit_backward,4,16.0,5,1002474,256,0,synthetic_microfit_cuda_event_device_timeline_only
15.296539306640625,1.1663360595703125,256,cuda_block_reduce,512,fit_backward,5,16.0,5,1002474,256,0,synthetic_microfit_cuda_event_device_timeline_only
15.296539306640625,1.136639952659607,256,cuda_block_reduce,512,fit_backward,6,16.0,5,1002474,256,0,synthetic_microfit_cuda_event_device_timeline_only
15.296539306640625,1.176576018333435,256,cuda_block_reduce,512,fit_backward,7,16.0,5,1002474,256,0,synthetic_microfit_cuda_event_device_timeline_only
15.296539306640625,1.1704319715499878,256,cuda_block_reduce,512,fit_backward,8,16.0,5,1002474,256,0,synthetic_microfit_cuda_event_device_timeline_only
15.296539306640625,1.1438080072402954,256,cuda_block_reduce,512,fit_backward,9,16.0,5,1002474,256,0,synthetic_microfit_cuda_event_device_timeline_only
15.296539306640625,1.171455979347229,256,cuda_block_reduce,512,fit_backward,10,16.0,5,1002474,256,0,synthetic_microfit_cuda_event_device_timeline_only
15.296539306640625,1.1653120517730713,256,cuda_block_reduce,512,fit_backward,11,16.0,5,1002474,256,0,synthetic_microfit_cuda_event_device_timeline_only
15.296539306640625,1.1653120517730713,256,cuda_block_reduce,512,fit_backward,12,16.0,5,1002474,256,0,synthetic_microfit_cuda_event_device_timeline_only
15.296539306640625,1.1610560417175293,256,cuda_block_reduce,512,fit_backward,13,16.0,5,1002474,256,0,synthetic_microfit_cuda_event_device_timeline_only
15.296539306640625,1.1620800495147705,256,cuda_block_reduce,512,fit_backward,14,16.0,5,1002474,256,0,synthetic_microfit_cuda_event_device_timeline_only
15.296539306640625,0.5396479964256287,256,cuda_block_reduce,512,optimizer_update,0,16.0,5,1002474,256,0,synthetic_microfit_cuda_event_device_timeline_only
15.296539306640625,0.42188799381256104,256,cuda_block_reduce,512,optimizer_update,1,16.0,5,1002474,256,0,synthetic_microfit_cuda_event_device_timeline_only
15.296539306640625,0.41676801443099976,256,cuda_block_reduce,512,optimizer_update,2,16.0,5,1002474,256,0,synthetic_microfit_cuda_event_device_timeline_only
15.296539306640625,0.41471999883651733,256,cuda_block_reduce,512,optimizer_update,3,16.0,5,1002474,256,0,synthetic_microfit_cuda_event_device_timeline_only
15.296539306640625,0.4700160026550293,256,cuda_block_reduce,512,optimizer_update,4,16.0,5,1002474,256,0,synthetic_microfit_cuda_event_device_timeline_only
15.296539306640625,0.45686399936676025,256,cuda_block_reduce,512,optimizer_update,5,16.0,5,1002474,256,0,synthetic_microfit_cuda_event_device_timeline_only
15.296539306640625,0.4403199851512909,256,cuda_block_reduce,512,optimizer_update,6,16.0,5,1002474,256,0,synthetic_microfit_cuda_event_device_timeline_only
15.296539306640625,0.40959998965263367,256,cuda_block_reduce,512,optimizer_update,7,16.0,5,1002474,256,0,synthetic_microfit_cuda_event_device_timeline_only
15.296539306640625,0.4106239974498749,256,cuda_block_reduce,512,optimizer_update,8,16.0,5,1002474,256,0,synthetic_microfit_cuda_event_device_timeline_only
15.296539306640625,0.41385599970817566,256,cuda_block_reduce,512,optimizer_update,9,16.0,5,1002474,256,0,synthetic_microfit_cuda_event_device_timeline_only
15.296539306640625,0.40959998965263367,256,cuda_block_reduce,512,optimizer_update,10,16.0,5,1002474,256,0,synthetic_microfit_cuda_event_device_timeline_only
15.296539306640625,0.4196160137653351,256,cuda_block_reduce,512,optimizer_update,11,16.0,5,1002474,256,0,synthetic_microfit_cuda_event_device_timeline_only
15.296539306640625,0.5007359981536865,256,cuda_block_reduce,512,optimizer_update,12,16.0,5,1002474,256,0,synthetic_microfit_cuda_event_device_timeline_only
15.296539306640625,0.4618239998817444,256,cuda_block_reduce,512,optimizer_update,13,16.0,5,1002474,256,0,synthetic_microfit_cuda_event_device_timeline_only
15.296539306640625,0.4556800127029419,256,cuda_block_reduce,512,optimizer_update,14,16.0,5,1002474,256,0,synthetic_microfit_cuda_event_device_timeline_only
15.296539306640625,2.5866239070892334,256,cuda_block_reduce,512,representative_fit_step,0,16.0,5,1002474,256,0,synthetic_microfit_cuda_event_device_timeline_only
15.296539306640625,2.491391897201538,256,cuda_block_reduce,512,representative_fit_step,1,16.0,5,1002474,256,0,synthetic_microfit_cuda_event_device_timeline_only
15.296539306640625,2.4729599952697754,256,cuda_block_reduce,512,representative_fit_step,2,16.0,5,1002474,256,0,synthetic_microfit_cuda_event_device_timeline_only
15.296539306640625,2.4596478939056396,256,cuda_block_reduce,512,representative_fit_step,3,16.0,5,1002474,256,0,synthetic_microfit_cuda_event_device_timeline_only
15.296539306640625,2.4647679328918457,256,cuda_block_reduce,512,representative_fit_step,4,16.0,5,1002474,256,0,synthetic_microfit_cuda_event_device_timeline_only
15.296539306640625,2.475872039794922,256,cuda_block_reduce,512,representative_fit_step,5,16.0,5,1002474,256,0,synthetic_microfit_cuda_event_device_timeline_only
15.296539306640625,2.450432062149048,256,cuda_block_reduce,512,representative_fit_step,6,16.0,5,1002474,256,0,synthetic_microfit_cuda_event_device_timeline_only
15.296539306640625,2.4535040855407715,256,cuda_block_reduce,512,representative_fit_step,7,16.0,5,1002474,256,0,synthetic_microfit_cuda_event_device_timeline_only
15.296539306640625,2.5128960609436035,256,cuda_block_reduce,512,representative_fit_step,8,16.0,5,1002474,256,0,synthetic_microfit_cuda_event_device_timeline_only
15.296539306640625,2.933759927749634,256,cuda_block_reduce,512,representative_fit_step,9,16.0,5,1002474,256,0,synthetic_microfit_cuda_event_device_timeline_only
15.296539306640625,2.6746881008148193,256,cuda_block_reduce,512,representative_fit_step,10,16.0,5,1002474,256,0,synthetic_microfit_cuda_event_device_timeline_only
15.296539306640625,2.678783893585205,256,cuda_block_reduce,512,representative_fit_step,11,16.0,5,1002474,256,0,synthetic_microfit_cuda_event_device_timeline_only
15.296539306640625,2.4647679328918457,256,cuda_block_reduce,512,representative_fit_step,12,16.0,5,1002474,256,0,synthetic_microfit_cuda_event_device_timeline_only
15.296539306640625,2.4618239402770996,256,cuda_block_reduce,512,representative_fit_step,13,16.0,5,1002474,256,0,synthetic_microfit_cuda_event_device_timeline_only
15.296539306640625,2.4922239780426025,256,cuda_block_reduce,512,representative_fit_step,14,16.0,5,1002474,256,0,synthetic_microfit_cuda_event_device_timeline_only
15.296539306640625,0.5232639908790588,256,cuda,512,exact_forward,0,16.0,5,1002474,256,1,synthetic_microfit_cuda_event_device_timeline_only
15.296539306640625,0.5109760165214539,256,cuda,512,exact_forward,1,16.0,5,1002474,256,1,synthetic_microfit_cuda_event_device_timeline_only
15.296539306640625,0.4997119903564453,256,cuda,512,exact_forward,2,16.0,5,1002474,256,1,synthetic_microfit_cuda_event_device_timeline_only
15.296539306640625,0.49344000220298767,256,cuda,512,exact_forward,3,16.0,5,1002474,256,1,synthetic_microfit_cuda_event_device_timeline_only
15.296539306640625,0.5079039931297302,256,cuda,512,exact_forward,4,16.0,5,1002474,256,1,synthetic_microfit_cuda_event_device_timeline_only
15.296539306640625,0.48844799399375916,256,cuda,512,exact_forward,5,16.0,5,1002474,256,1,synthetic_microfit_cuda_event_device_timeline_only
15.296539306640625,0.4976640045642853,256,cuda,512,exact_forward,6,16.0,5,1002474,256,1,synthetic_microfit_cuda_event_device_timeline_only
15.296539306640625,0.4864000082015991,256,cuda,512,exact_forward,7,16.0,5,1002474,256,1,synthetic_microfit_cuda_event_device_timeline_only
15.296539306640625,0.4976640045642853,256,cuda,512,exact_forward,8,16.0,5,1002474,256,1,synthetic_microfit_cuda_event_device_timeline_only
15.296539306640625,0.49033600091934204,256,cuda,512,exact_forward,9,16.0,5,1002474,256,1,synthetic_microfit_cuda_event_device_timeline_only
15.296539306640625,0.4935680031776428,256,cuda,512,exact_forward,10,16.0,5,1002474,256,1,synthetic_microfit_cuda_event_device_timeline_only
15.296539306640625,0.4935680031776428,256,cuda,512,exact_forward,11,16.0,5,1002474,256,1,synthetic_microfit_cuda_event_device_timeline_only
15.296539306640625,0.48947200179100037,256,cuda,512,exact_forward,12,16.0,5,1002474,256,1,synthetic_microfit_cuda_event_device_timeline_only
15.296539306640625,0.48844799399375916,256,cuda,512,exact_forward,13,16.0,5,1002474,256,1,synthetic_microfit_cuda_event_device_timeline_only
15.296539306640625,0.48230400681495667,256,cuda,512,exact_forward,14,16.0,5,1002474,256,1,synthetic_microfit_cuda_event_device_timeline_only
15.296539306640625,0.5560320019721985,256,cuda,512,exact_backward,0,16.0,5,1002474,256,1,synthetic_microfit_cuda_event_device_timeline_only
15.296539306640625,0.567296028137207,256,cuda,512,exact_backward,1,16.0,5,1002474,256,1,synthetic_microfit_cuda_event_device_timeline_only
15.296539306640625,0.5631999969482422,256,cuda,512,exact_backward,2,16.0,5,1002474,256,1,synthetic_microfit_cuda_event_device_timeline_only
15.296539306640625,0.5681599974632263,256,cuda,512,exact_backward,3,16.0,5,1002474,256,1,synthetic_microfit_cuda_event_device_timeline_only
15.296539306640625,0.4864000082015991,256,cuda,512,exact_backward,4,16.0,5,1002474,256,1,synthetic_microfit_cuda_event_device_timeline_only
15.296539306640625,0.4925439953804016,256,cuda,512,exact_backward,5,16.0,5,1002474,256,1,synthetic_microfit_cuda_event_device_timeline_only
15.296539306640625,0.4904960095882416,256,cuda,512,exact_backward,6,16.0,5,1002474,256,1,synthetic_microfit_cuda_event_device_timeline_only
15.296539306640625,0.48127999901771545,256,cuda,512,exact_backward,7,16.0,5,1002474,256,1,synthetic_microfit_cuda_event_device_timeline_only
15.296539306640625,0.5570560097694397,256,cuda,512,exact_backward,8,16.0,5,1002474,256,1,synthetic_microfit_cuda_event_device_timeline_only
15.296539306640625,0.5691519975662231,256,cuda,512,exact_backward,9,16.0,5,1002474,256,1,synthetic_microfit_cuda_event_device_timeline_only
15.296539306640625,0.5507519841194153,256,cuda,512,exact_backward,10,16.0,5,1002474,256,1,synthetic_microfit_cuda_event_device_timeline_only
15.296539306640625,0.5550079941749573,256,cuda,512,exact_backward,11,16.0,5,1002474,256,1,synthetic_microfit_cuda_event_device_timeline_only
15.296539306640625,0.4835200011730194,256,cuda,512,exact_backward,12,16.0,5,1002474,256,1,synthetic_microfit_cuda_event_device_timeline_only
15.296539306640625,0.48019200563430786,256,cuda,512,exact_backward,13,16.0,5,1002474,256,1,synthetic_microfit_cuda_event_device_timeline_only
15.296539306640625,0.48742398619651794,256,cuda,512,exact_backward,14,16.0,5,1002474,256,1,synthetic_microfit_cuda_event_device_timeline_only
15.296539306640625,1.3434879779815674,256,cuda,512,fit_backward,0,16.0,5,1002474,256,1,synthetic_microfit_cuda_event_device_timeline_only
15.296539306640625,1.3824000358581543,256,cuda,512,fit_backward,1,16.0,5,1002474,256,1,synthetic_microfit_cuda_event_device_timeline_only
15.296539306640625,1.4049279689788818,256,cuda,512,fit_backward,2,16.0,5,1002474,256,1,synthetic_microfit_cuda_event_device_timeline_only
15.296539306640625,1.3793280124664307,256,cuda,512,fit_backward,3,16.0,5,1002474,256,1,synthetic_microfit_cuda_event_device_timeline_only
15.296539306640625,1.3709759712219238,256,cuda,512,fit_backward,4,16.0,5,1002474,256,1,synthetic_microfit_cuda_event_device_timeline_only
15.296539306640625,1.369088053703308,256,cuda,512,fit_backward,5,16.0,5,1002474,256,1,synthetic_microfit_cuda_event_device_timeline_only
15.296539306640625,1.3721599578857422,256,cuda,512,fit_backward,6,16.0,5,1002474,256,1,synthetic_microfit_cuda_event_device_timeline_only
15.296539306640625,1.381376028060913,256,cuda,512,fit_backward,7,16.0,5,1002474,256,1,synthetic_microfit_cuda_event_device_timeline_only
15.296539306640625,1.3956480026245117,256,cuda,512,fit_backward,8,16.0,5,1002474,256,1,synthetic_microfit_cuda_event_device_timeline_only
15.296539306640625,1.3637759685516357,256,cuda,512,fit_backward,9,16.0,5,1002474,256,1,synthetic_microfit_cuda_event_device_timeline_only
15.296539306640625,1.3731839656829834,256,cuda,512,fit_backward,10,16.0,5,1002474,256,1,synthetic_microfit_cuda_event_device_timeline_only
15.296539306640625,1.393664002418518,256,cuda,512,fit_backward,11,16.0,5,1002474,256,1,synthetic_microfit_cuda_event_device_timeline_only
15.296539306640625,1.385472059249878,256,cuda,512,fit_backward,12,16.0,5,1002474,256,1,synthetic_microfit_cuda_event_device_timeline_only
15.296539306640625,1.376255989074707,256,cuda,512,fit_backward,13,16.0,5,1002474,256,1,synthetic_microfit_cuda_event_device_timeline_only
15.296539306640625,1.3721599578857422,256,cuda,512,fit_backward,14,16.0,5,1002474,256,1,synthetic_microfit_cuda_event_device_timeline_only
15.296539306640625,0.5601279735565186,256,cuda,512,optimizer_update,0,16.0,5,1002474,256,1,synthetic_microfit_cuda_event_device_timeline_only
15.296539306640625,0.4413439929485321,256,cuda,512,optimizer_update,1,16.0,5,1002474,256,1,synthetic_microfit_cuda_event_device_timeline_only
15.296539306640625,0.4433920085430145,256,cuda,512,optimizer_update,2,16.0,5,1002474,256,1,synthetic_microfit_cuda_event_device_timeline_only
15.296539306640625,0.43827199935913086,256,cuda,512,optimizer_update,3,16.0,5,1002474,256,1,synthetic_microfit_cuda_event_device_timeline_only
15.296539306640625,0.43212801218032837,256,cuda,512,optimizer_update,4,16.0,5,1002474,256,1,synthetic_microfit_cuda_event_device_timeline_only
15.296539306640625,0.42716801166534424,256,cuda,512,optimizer_update,5,16.0,5,1002474,256,1,synthetic_microfit_cuda_event_device_timeline_only
15.296539306640625,0.4270080029964447,256,cuda,512,optimizer_update,6,16.0,5,1002474,256,1,synthetic_microfit_cuda_event_device_timeline_only
15.296539306640625,0.4248639941215515,256,cuda,512,optimizer_update,7,16.0,5,1002474,256,1,synthetic_microfit_cuda_event_device_timeline_only
15.296539306640625,0.418720006942749,256,cuda,512,optimizer_update,8,16.0,5,1002474,256,1,synthetic_microfit_cuda_event_device_timeline_only
15.296539306640625,0.42419201135635376,256,cuda,512,optimizer_update,9,16.0,5,1002474,256,1,synthetic_microfit_cuda_event_device_timeline_only
15.296539306640625,0.4413439929485321,256,cuda,512,optimizer_update,10,16.0,5,1002474,256,1,synthetic_microfit_cuda_event_device_timeline_only
15.296539306640625,0.4259839951992035,256,cuda,512,optimizer_update,11,16.0,5,1002474,256,1,synthetic_microfit_cuda_event_device_timeline_only
15.296539306640625,0.4106239974498749,256,cuda,512,optimizer_update,12,16.0,5,1002474,256,1,synthetic_microfit_cuda_event_device_timeline_only
15.296539306640625,0.42188799381256104,256,cuda,512,optimizer_update,13,16.0,5,1002474,256,1,synthetic_microfit_cuda_event_device_timeline_only
15.296539306640625,0.41471999883651733,256,cuda,512,optimizer_update,14,16.0,5,1002474,256,1,synthetic_microfit_cuda_event_device_timeline_only
15.296539306640625,2.6501119136810303,256,cuda,512,representative_fit_step,0,16.0,5,1002474,256,1,synthetic_microfit_cuda_event_device_timeline_only
15.296539306640625,2.6357760429382324,256,cuda,512,representative_fit_step,1,16.0,5,1002474,256,1,synthetic_microfit_cuda_event_device_timeline_only
15.296539306640625,2.605056047439575,256,cuda,512,representative_fit_step,2,16.0,5,1002474,256,1,synthetic_microfit_cuda_event_device_timeline_only
15.296539306640625,2.6460158824920654,256,cuda,512,representative_fit_step,3,16.0,5,1002474,256,1,synthetic_microfit_cuda_event_device_timeline_only
15.296539306640625,2.6407361030578613,256,cuda,512,representative_fit_step,4,16.0,5,1002474,256,1,synthetic_microfit_cuda_event_device_timeline_only
15.296539306640625,2.613248109817505,256,cuda,512,representative_fit_step,5,16.0,5,1002474,256,1,synthetic_microfit_cuda_event_device_timeline_only
15.296539306640625,2.615295886993408,256,cuda,512,representative_fit_step,6,16.0,5,1002474,256,1,synthetic_microfit_cuda_event_device_timeline_only
15.296539306640625,2.60915207862854,256,cuda,512,representative_fit_step,7,16.0,5,1002474,256,1,synthetic_microfit_cuda_event_device_timeline_only
15.296539306640625,2.5907199382781982,256,cuda,512,representative_fit_step,8,16.0,5,1002474,256,1,synthetic_microfit_cuda_event_device_timeline_only
15.296539306640625,2.653183937072754,256,cuda,512,representative_fit_step,9,16.0,5,1002474,256,1,synthetic_microfit_cuda_event_device_timeline_only
15.296539306640625,2.619391918182373,256,cuda,512,representative_fit_step,10,16.0,5,1002474,256,1,synthetic_microfit_cuda_event_device_timeline_only
15.296539306640625,2.7115519046783447,256,cuda,512,representative_fit_step,11,16.0,5,1002474,256,1,synthetic_microfit_cuda_event_device_timeline_only
15.296539306640625,2.6224000453948975,256,cuda,512,representative_fit_step,12,16.0,5,1002474,256,1,synthetic_microfit_cuda_event_device_timeline_only
15.296539306640625,2.6173439025878906,256,cuda,512,representative_fit_step,13,16.0,5,1002474,256,1,synthetic_microfit_cuda_event_device_timeline_only
15.296539306640625,2.6132800579071045,256,cuda,512,representative_fit_step,14,16.0,5,1002474,256,1,synthetic_microfit_cuda_event_device_timeline_only
4.753082275390625,0.46694400906562805,256,cuda,2048,exact_forward,0,4.0,6,311498,256,0,synthetic_microfit_cuda_event_device_timeline_only
4.753082275390625,0.44441598653793335,256,cuda,2048,exact_forward,1,4.0,6,311498,256,0,synthetic_microfit_cuda_event_device_timeline_only
4.753082275390625,0.43212801218032837,256,cuda,2048,exact_forward,2,4.0,6,311498,256,0,synthetic_microfit_cuda_event_device_timeline_only
4.753082275390625,0.4392319917678833,256,cuda,2048,exact_forward,3,4.0,6,311498,256,0,synthetic_microfit_cuda_event_device_timeline_only
4.753082275390625,0.42393600940704346,256,cuda,2048,exact_forward,4,4.0,6,311498,256,0,synthetic_microfit_cuda_event_device_timeline_only
4.753082275390625,0.4403199851512909,256,cuda,2048,exact_forward,5,4.0,6,311498,256,0,synthetic_microfit_cuda_event_device_timeline_only
4.753082275390625,0.419840008020401,256,cuda,2048,exact_forward,6,4.0,6,311498,256,0,synthetic_microfit_cuda_event_device_timeline_only
4.753082275390625,0.43212801218032837,256,cuda,2048,exact_forward,7,4.0,6,311498,256,0,synthetic_microfit_cuda_event_device_timeline_only
4.753082275390625,0.4505600035190582,256,cuda,2048,exact_forward,8,4.0,6,311498,256,0,synthetic_microfit_cuda_event_device_timeline_only
4.753082275390625,0.43724799156188965,256,cuda,2048,exact_forward,9,4.0,6,311498,256,0,synthetic_microfit_cuda_event_device_timeline_only
4.753082275390625,0.419840008020401,256,cuda,2048,exact_forward,10,4.0,6,311498,256,0,synthetic_microfit_cuda_event_device_timeline_only
4.753082275390625,0.4352000057697296,256,cuda,2048,exact_forward,11,4.0,6,311498,256,0,synthetic_microfit_cuda_event_device_timeline_only
4.753082275390625,0.4280320107936859,256,cuda,2048,exact_forward,12,4.0,6,311498,256,0,synthetic_microfit_cuda_event_device_timeline_only
4.753082275390625,0.4312320053577423,256,cuda,2048,exact_forward,13,4.0,6,311498,256,0,synthetic_microfit_cuda_event_device_timeline_only
4.753082275390625,0.4208639860153198,256,cuda,2048,exact_forward,14,4.0,6,311498,256,0,synthetic_microfit_cuda_event_device_timeline_only
4.753082275390625,1.154047966003418,256,cuda,2048,exact_backward,0,4.0,6,311498,256,0,synthetic_microfit_cuda_event_device_timeline_only
4.753082275390625,1.1653120517730713,256,cuda,2048,exact_backward,1,4.0,6,311498,256,0,synthetic_microfit_cuda_event_device_timeline_only
4.753082275390625,1.1519039869308472,256,cuda,2048,exact_backward,2,4.0,6,311498,256,0,synthetic_microfit_cuda_event_device_timeline_only
4.753082275390625,1.141759991645813,256,cuda,2048,exact_backward,3,4.0,6,311498,256,0,synthetic_microfit_cuda_event_device_timeline_only
4.753082275390625,1.1571199893951416,256,cuda,2048,exact_backward,4,4.0,6,311498,256,0,synthetic_microfit_cuda_event_device_timeline_only
4.753082275390625,1.1694079637527466,256,cuda,2048,exact_backward,5,4.0,6,311498,256,0,synthetic_microfit_cuda_event_device_timeline_only
4.753082275390625,1.154047966003418,256,cuda,2048,exact_backward,6,4.0,6,311498,256,0,synthetic_microfit_cuda_event_device_timeline_only
4.753082275390625,1.1550719738006592,256,cuda,2048,exact_backward,7,4.0,6,311498,256,0,synthetic_microfit_cuda_event_device_timeline_only
4.753082275390625,1.1929600238800049,256,cuda,2048,exact_backward,8,4.0,6,311498,256,0,synthetic_microfit_cuda_event_device_timeline_only
4.753082275390625,1.146880030632019,256,cuda,2048,exact_backward,9,4.0,6,311498,256,0,synthetic_microfit_cuda_event_device_timeline_only
4.753082275390625,1.1776000261306763,256,cuda,2048,exact_backward,10,4.0,6,311498,256,0,synthetic_microfit_cuda_event_device_timeline_only
4.753082275390625,1.1857919692993164,256,cuda,2048,exact_backward,11,4.0,6,311498,256,0,synthetic_microfit_cuda_event_device_timeline_only
4.753082275390625,1.154047966003418,256,cuda,2048,exact_backward,12,4.0,6,311498,256,0,synthetic_microfit_cuda_event_device_timeline_only
4.753082275390625,1.1509759426116943,256,cuda,2048,exact_backward,13,4.0,6,311498,256,0,synthetic_microfit_cuda_event_device_timeline_only
4.753082275390625,1.1253759860992432,256,cuda,2048,exact_backward,14,4.0,6,311498,256,0,synthetic_microfit_cuda_event_device_timeline_only
4.753082275390625,1.9742720127105713,256,cuda,2048,fit_backward,0,4.0,6,311498,256,0,synthetic_microfit_cuda_event_device_timeline_only
4.753082275390625,1.9619200229644775,256,cuda,2048,fit_backward,1,4.0,6,311498,256,0,synthetic_microfit_cuda_event_device_timeline_only
4.753082275390625,2.0336639881134033,256,cuda,2048,fit_backward,2,4.0,6,311498,256,0,synthetic_microfit_cuda_event_device_timeline_only
4.753082275390625,2.028480052947998,256,cuda,2048,fit_backward,3,4.0,6,311498,256,0,synthetic_microfit_cuda_event_device_timeline_only
4.753082275390625,2.0346879959106445,256,cuda,2048,fit_backward,4,4.0,6,311498,256,0,synthetic_microfit_cuda_event_device_timeline_only
4.753082275390625,2.0101120471954346,256,cuda,2048,fit_backward,5,4.0,6,311498,256,0,synthetic_microfit_cuda_event_device_timeline_only
4.753082275390625,2.02239990234375,256,cuda,2048,fit_backward,6,4.0,6,311498,256,0,synthetic_microfit_cuda_event_device_timeline_only
4.753082275390625,2.032543897628784,256,cuda,2048,fit_backward,7,4.0,6,311498,256,0,synthetic_microfit_cuda_event_device_timeline_only
4.753082275390625,2.0142080783843994,256,cuda,2048,fit_backward,8,4.0,6,311498,256,0,synthetic_microfit_cuda_event_device_timeline_only
4.753082275390625,2.0049920082092285,256,cuda,2048,fit_backward,9,4.0,6,311498,256,0,synthetic_microfit_cuda_event_device_timeline_only
4.753082275390625,2.021375894546509,256,cuda,2048,fit_backward,10,4.0,6,311498,256,0,synthetic_microfit_cuda_event_device_timeline_only
4.753082275390625,2.012160062789917,256,cuda,2048,fit_backward,11,4.0,6,311498,256,0,synthetic_microfit_cuda_event_device_timeline_only
4.753082275390625,2.011136054992676,256,cuda,2048,fit_backward,12,4.0,6,311498,256,0,synthetic_microfit_cuda_event_device_timeline_only
4.753082275390625,2.021375894546509,256,cuda,2048,fit_backward,13,4.0,6,311498,256,0,synthetic_microfit_cuda_event_device_timeline_only
4.753082275390625,2.042880058288574,256,cuda,2048,fit_backward,14,4.0,6,311498,256,0,synthetic_microfit_cuda_event_device_timeline_only
4.753082275390625,0.5693439841270447,256,cuda,2048,optimizer_update,0,4.0,6,311498,256,0,synthetic_microfit_cuda_event_device_timeline_only
4.753082275390625,0.4433920085430145,256,cuda,2048,optimizer_update,1,4.0,6,311498,256,0,synthetic_microfit_cuda_event_device_timeline_only
4.753082275390625,0.4249599874019623,256,cuda,2048,optimizer_update,2,4.0,6,311498,256,0,synthetic_microfit_cuda_event_device_timeline_only
4.753082275390625,0.4302400052547455,256,cuda,2048,optimizer_update,3,4.0,6,311498,256,0,synthetic_microfit_cuda_event_device_timeline_only
4.753082275390625,0.4177600145339966,256,cuda,2048,optimizer_update,4,4.0,6,311498,256,0,synthetic_microfit_cuda_event_device_timeline_only
4.753082275390625,0.43007999658584595,256,cuda,2048,optimizer_update,5,4.0,6,311498,256,0,synthetic_microfit_cuda_event_device_timeline_only
4.753082275390625,0.4158399999141693,256,cuda,2048,optimizer_update,6,4.0,6,311498,256,0,synthetic_microfit_cuda_event_device_timeline_only
4.753082275390625,0.42905598878860474,256,cuda,2048,optimizer_update,7,4.0,6,311498,256,0,synthetic_microfit_cuda_event_device_timeline_only
4.753082275390625,0.42188799381256104,256,cuda,2048,optimizer_update,8,4.0,6,311498,256,0,synthetic_microfit_cuda_event_device_timeline_only
4.753082275390625,0.4281280040740967,256,cuda,2048,optimizer_update,9,4.0,6,311498,256,0,synthetic_microfit_cuda_event_device_timeline_only
4.753082275390625,0.419840008020401,256,cuda,2048,optimizer_update,10,4.0,6,311498,256,0,synthetic_microfit_cuda_event_device_timeline_only
4.753082275390625,0.42985600233078003,256,cuda,2048,optimizer_update,11,4.0,6,311498,256,0,synthetic_microfit_cuda_event_device_timeline_only
4.753082275390625,0.419840008020401,256,cuda,2048,optimizer_update,12,4.0,6,311498,256,0,synthetic_microfit_cuda_event_device_timeline_only
4.753082275390625,0.4259839951992035,256,cuda,2048,optimizer_update,13,4.0,6,311498,256,0,synthetic_microfit_cuda_event_device_timeline_only
4.753082275390625,0.4545600116252899,256,cuda,2048,optimizer_update,14,4.0,6,311498,256,0,synthetic_microfit_cuda_event_device_timeline_only
4.753082275390625,3.2962560653686523,256,cuda,2048,representative_fit_step,0,4.0,6,311498,256,0,synthetic_microfit_cuda_event_device_timeline_only
4.753082275390625,3.212575912475586,256,cuda,2048,representative_fit_step,1,4.0,6,311498,256,0,synthetic_microfit_cuda_event_device_timeline_only
4.753082275390625,3.240959882736206,256,cuda,2048,representative_fit_step,2,4.0,6,311498,256,0,synthetic_microfit_cuda_event_device_timeline_only
4.753082275390625,3.2174079418182373,256,cuda,2048,representative_fit_step,3,4.0,6,311498,256,0,synthetic_microfit_cuda_event_device_timeline_only
4.753082275390625,3.234816074371338,256,cuda,2048,representative_fit_step,4,4.0,6,311498,256,0,synthetic_microfit_cuda_event_device_timeline_only
4.753082275390625,3.4141440391540527,256,cuda,2048,representative_fit_step,5,4.0,6,311498,256,0,synthetic_microfit_cuda_event_device_timeline_only
4.753082275390625,3.3720319271087646,256,cuda,2048,representative_fit_step,6,4.0,6,311498,256,0,synthetic_microfit_cuda_event_device_timeline_only
4.753082275390625,3.1846399307250977,256,cuda,2048,representative_fit_step,7,4.0,6,311498,256,0,synthetic_microfit_cuda_event_device_timeline_only
4.753082275390625,3.3064959049224854,256,cuda,2048,representative_fit_step,8,4.0,6,311498,256,0,synthetic_microfit_cuda_event_device_timeline_only
4.753082275390625,3.3566720485687256,256,cuda,2048,representative_fit_step,9,4.0,6,311498,256,0,synthetic_microfit_cuda_event_device_timeline_only
4.753082275390625,3.309567928314209,256,cuda,2048,representative_fit_step,10,4.0,6,311498,256,0,synthetic_microfit_cuda_event_device_timeline_only
4.753082275390625,3.2522239685058594,256,cuda,2048,representative_fit_step,11,4.0,6,311498,256,0,synthetic_microfit_cuda_event_device_timeline_only
4.753082275390625,3.2664639949798584,256,cuda,2048,representative_fit_step,12,4.0,6,311498,256,0,synthetic_microfit_cuda_event_device_timeline_only
4.753082275390625,3.2543039321899414,256,cuda,2048,representative_fit_step,13,4.0,6,311498,256,0,synthetic_microfit_cuda_event_device_timeline_only
4.753082275390625,3.2010560035705566,256,cuda,2048,representative_fit_step,14,4.0,6,311498,256,0,synthetic_microfit_cuda_event_device_timeline_only
4.753082275390625,0.4843519926071167,256,cuda_block_reduce,2048,exact_forward,0,4.0,6,311498,256,1,synthetic_microfit_cuda_event_device_timeline_only
4.753082275390625,0.477183997631073,256,cuda_block_reduce,2048,exact_forward,1,4.0,6,311498,256,1,synthetic_microfit_cuda_event_device_timeline_only
4.753082275390625,0.4341759979724884,256,cuda_block_reduce,2048,exact_forward,2,4.0,6,311498,256,1,synthetic_microfit_cuda_event_device_timeline_only
4.753082275390625,0.45260798931121826,256,cuda_block_reduce,2048,exact_forward,3,4.0,6,311498,256,1,synthetic_microfit_cuda_event_device_timeline_only
4.753082275390625,0.43110400438308716,256,cuda_block_reduce,2048,exact_forward,4,4.0,6,311498,256,1,synthetic_microfit_cuda_event_device_timeline_only
4.753082275390625,0.43724799156188965,256,cuda_block_reduce,2048,exact_forward,5,4.0,6,311498,256,1,synthetic_microfit_cuda_event_device_timeline_only
4.753082275390625,0.42393600940704346,256,cuda_block_reduce,2048,exact_forward,6,4.0,6,311498,256,1,synthetic_microfit_cuda_event_device_timeline_only
4.753082275390625,0.5294079780578613,256,cuda_block_reduce,2048,exact_forward,7,4.0,6,311498,256,1,synthetic_microfit_cuda_event_device_timeline_only
4.753082275390625,0.4280320107936859,256,cuda_block_reduce,2048,exact_forward,8,4.0,6,311498,256,1,synthetic_microfit_cuda_event_device_timeline_only
4.753082275390625,0.4403199851512909,256,cuda_block_reduce,2048,exact_forward,9,4.0,6,311498,256,1,synthetic_microfit_cuda_event_device_timeline_only
4.753082275390625,0.42291200160980225,256,cuda_block_reduce,2048,exact_forward,10,4.0,6,311498,256,1,synthetic_microfit_cuda_event_device_timeline_only
4.753082275390625,0.43929600715637207,256,cuda_block_reduce,2048,exact_forward,11,4.0,6,311498,256,1,synthetic_microfit_cuda_event_device_timeline_only
4.753082275390625,0.4177919924259186,256,cuda_block_reduce,2048,exact_forward,12,4.0,6,311498,256,1,synthetic_microfit_cuda_event_device_timeline_only
4.753082275390625,0.434143990278244,256,cuda_block_reduce,2048,exact_forward,13,4.0,6,311498,256,1,synthetic_microfit_cuda_event_device_timeline_only
4.753082275390625,0.4216960072517395,256,cuda_block_reduce,2048,exact_forward,14,4.0,6,311498,256,1,synthetic_microfit_cuda_event_device_timeline_only
4.753082275390625,0.5888640284538269,256,cuda_block_reduce,2048,exact_backward,0,4.0,6,311498,256,1,synthetic_microfit_cuda_event_device_timeline_only
4.753082275390625,0.5867519974708557,256,cuda_block_reduce,2048,exact_backward,1,4.0,6,311498,256,1,synthetic_microfit_cuda_event_device_timeline_only
4.753082275390625,0.5877119898796082,256,cuda_block_reduce,2048,exact_backward,2,4.0,6,311498,256,1,synthetic_microfit_cuda_event_device_timeline_only
4.753082275390625,0.5867519974708557,256,cuda_block_reduce,2048,exact_backward,3,4.0,6,311498,256,1,synthetic_microfit_cuda_event_device_timeline_only
4.753082275390625,0.5908480286598206,256,cuda_block_reduce,2048,exact_backward,4,4.0,6,311498,256,1,synthetic_microfit_cuda_event_device_timeline_only
4.753082275390625,0.4976640045642853,256,cuda_block_reduce,2048,exact_backward,5,4.0,6,311498,256,1,synthetic_microfit_cuda_event_device_timeline_only
4.753082275390625,0.5274879932403564,256,cuda_block_reduce,2048,exact_backward,6,4.0,6,311498,256,1,synthetic_microfit_cuda_event_device_timeline_only
4.753082275390625,0.5160959959030151,256,cuda_block_reduce,2048,exact_backward,7,4.0,6,311498,256,1,synthetic_microfit_cuda_event_device_timeline_only
4.753082275390625,0.5038080215454102,256,cuda_block_reduce,2048,exact_backward,8,4.0,6,311498,256,1,synthetic_microfit_cuda_event_device_timeline_only
4.753082275390625,0.5765119791030884,256,cuda_block_reduce,2048,exact_backward,9,4.0,6,311498,256,1,synthetic_microfit_cuda_event_device_timeline_only
4.753082275390625,0.5908480286598206,256,cuda_block_reduce,2048,exact_backward,10,4.0,6,311498,256,1,synthetic_microfit_cuda_event_device_timeline_only
4.753082275390625,0.5683199763298035,256,cuda_block_reduce,2048,exact_backward,11,4.0,6,311498,256,1,synthetic_microfit_cuda_event_device_timeline_only
4.753082275390625,0.5908480286598206,256,cuda_block_reduce,2048,exact_backward,12,4.0,6,311498,256,1,synthetic_microfit_cuda_event_device_timeline_only
4.753082275390625,0.5795199871063232,256,cuda_block_reduce,2048,exact_backward,13,4.0,6,311498,256,1,synthetic_microfit_cuda_event_device_timeline_only
4.753082275390625,0.5109760165214539,256,cuda_block_reduce,2048,exact_backward,14,4.0,6,311498,256,1,synthetic_microfit_cuda_event_device_timeline_only
4.753082275390625,1.1530239582061768,256,cuda_block_reduce,2048,fit_backward,0,4.0,6,311498,256,1,synthetic_microfit_cuda_event_device_timeline_only
4.753082275390625,1.1479040384292603,256,cuda_block_reduce,2048,fit_backward,1,4.0,6,311498,256,1,synthetic_microfit_cuda_event_device_timeline_only
4.753082275390625,1.2031999826431274,256,cuda_block_reduce,2048,fit_backward,2,4.0,6,311498,256,1,synthetic_microfit_cuda_event_device_timeline_only
4.753082275390625,1.2072960138320923,256,cuda_block_reduce,2048,fit_backward,3,4.0,6,311498,256,1,synthetic_microfit_cuda_event_device_timeline_only
4.753082275390625,1.2042239904403687,256,cuda_block_reduce,2048,fit_backward,4,4.0,6,311498,256,1,synthetic_microfit_cuda_event_device_timeline_only
4.753082275390625,1.2124160528182983,256,cuda_block_reduce,2048,fit_backward,5,4.0,6,311498,256,1,synthetic_microfit_cuda_event_device_timeline_only
4.753082275390625,1.1774719953536987,256,cuda_block_reduce,2048,fit_backward,6,4.0,6,311498,256,1,synthetic_microfit_cuda_event_device_timeline_only
4.753082275390625,1.2462079524993896,256,cuda_block_reduce,2048,fit_backward,7,4.0,6,311498,256,1,synthetic_microfit_cuda_event_device_timeline_only
4.753082275390625,1.206272006034851,256,cuda_block_reduce,2048,fit_backward,8,4.0,6,311498,256,1,synthetic_microfit_cuda_event_device_timeline_only
4.753082275390625,1.1724799871444702,256,cuda_block_reduce,2048,fit_backward,9,4.0,6,311498,256,1,synthetic_microfit_cuda_event_device_timeline_only
4.753082275390625,1.227776050567627,256,cuda_block_reduce,2048,fit_backward,10,4.0,6,311498,256,1,synthetic_microfit_cuda_event_device_timeline_only
4.753082275390625,1.1868159770965576,256,cuda_block_reduce,2048,fit_backward,11,4.0,6,311498,256,1,synthetic_microfit_cuda_event_device_timeline_only
4.753082275390625,1.1989120244979858,256,cuda_block_reduce,2048,fit_backward,12,4.0,6,311498,256,1,synthetic_microfit_cuda_event_device_timeline_only
4.753082275390625,1.2031999826431274,256,cuda_block_reduce,2048,fit_backward,13,4.0,6,311498,256,1,synthetic_microfit_cuda_event_device_timeline_only
4.753082275390625,1.2154879570007324,256,cuda_block_reduce,2048,fit_backward,14,4.0,6,311498,256,1,synthetic_microfit_cuda_event_device_timeline_only
4.753082275390625,0.5222399830818176,256,cuda_block_reduce,2048,optimizer_update,0,4.0,6,311498,256,1,synthetic_microfit_cuda_event_device_timeline_only
4.753082275390625,0.4362240135669708,256,cuda_block_reduce,2048,optimizer_update,1,4.0,6,311498,256,1,synthetic_microfit_cuda_event_device_timeline_only
4.753082275390625,0.424127995967865,256,cuda_block_reduce,2048,optimizer_update,2,4.0,6,311498,256,1,synthetic_microfit_cuda_event_device_timeline_only
4.753082275390625,0.4249599874019623,256,cuda_block_reduce,2048,optimizer_update,3,4.0,6,311498,256,1,synthetic_microfit_cuda_event_device_timeline_only
4.753082275390625,0.4188160002231598,256,cuda_block_reduce,2048,optimizer_update,4,4.0,6,311498,256,1,synthetic_microfit_cuda_event_device_timeline_only
4.753082275390625,0.4251840114593506,256,cuda_block_reduce,2048,optimizer_update,5,4.0,6,311498,256,1,synthetic_microfit_cuda_event_device_timeline_only
4.753082275390625,0.4188160002231598,256,cuda_block_reduce,2048,optimizer_update,6,4.0,6,311498,256,1,synthetic_microfit_cuda_event_device_timeline_only
4.753082275390625,0.4270080029964447,256,cuda_block_reduce,2048,optimizer_update,7,4.0,6,311498,256,1,synthetic_microfit_cuda_event_device_timeline_only
4.753082275390625,0.419840008020401,256,cuda_block_reduce,2048,optimizer_update,8,4.0,6,311498,256,1,synthetic_microfit_cuda_event_device_timeline_only
4.753082275390625,0.4267520010471344,256,cuda_block_reduce,2048,optimizer_update,9,4.0,6,311498,256,1,synthetic_microfit_cuda_event_device_timeline_only
4.753082275390625,0.5406720042228699,256,cuda_block_reduce,2048,optimizer_update,10,4.0,6,311498,256,1,synthetic_microfit_cuda_event_device_timeline_only
4.753082275390625,0.4362240135669708,256,cuda_block_reduce,2048,optimizer_update,11,4.0,6,311498,256,1,synthetic_microfit_cuda_event_device_timeline_only
4.753082275390625,0.4188160002231598,256,cuda_block_reduce,2048,optimizer_update,12,4.0,6,311498,256,1,synthetic_microfit_cuda_event_device_timeline_only
4.753082275390625,0.42694398760795593,256,cuda_block_reduce,2048,optimizer_update,13,4.0,6,311498,256,1,synthetic_microfit_cuda_event_device_timeline_only
4.753082275390625,0.4188160002231598,256,cuda_block_reduce,2048,optimizer_update,14,4.0,6,311498,256,1,synthetic_microfit_cuda_event_device_timeline_only
4.753082275390625,2.557823896408081,256,cuda_block_reduce,2048,representative_fit_step,0,4.0,6,311498,256,1,synthetic_microfit_cuda_event_device_timeline_only
4.753082275390625,2.4586238861083984,256,cuda_block_reduce,2048,representative_fit_step,1,4.0,6,311498,256,1,synthetic_microfit_cuda_event_device_timeline_only
4.753082275390625,2.4286720752716064,256,cuda_block_reduce,2048,representative_fit_step,2,4.0,6,311498,256,1,synthetic_microfit_cuda_event_device_timeline_only
4.753082275390625,2.431999921798706,256,cuda_block_reduce,2048,representative_fit_step,3,4.0,6,311498,256,1,synthetic_microfit_cuda_event_device_timeline_only
4.753082275390625,2.427903890609741,256,cuda_block_reduce,2048,representative_fit_step,4,4.0,6,311498,256,1,synthetic_microfit_cuda_event_device_timeline_only
4.753082275390625,2.441215991973877,256,cuda_block_reduce,2048,representative_fit_step,5,4.0,6,311498,256,1,synthetic_microfit_cuda_event_device_timeline_only
4.753082275390625,2.447360038757324,256,cuda_block_reduce,2048,representative_fit_step,6,4.0,6,311498,256,1,synthetic_microfit_cuda_event_device_timeline_only
4.753082275390625,2.462559938430786,256,cuda_block_reduce,2048,representative_fit_step,7,4.0,6,311498,256,1,synthetic_microfit_cuda_event_device_timeline_only
4.753082275390625,2.45468807220459,256,cuda_block_reduce,2048,representative_fit_step,8,4.0,6,311498,256,1,synthetic_microfit_cuda_event_device_timeline_only
4.753082275390625,2.456576108932495,256,cuda_block_reduce,2048,representative_fit_step,9,4.0,6,311498,256,1,synthetic_microfit_cuda_event_device_timeline_only
4.753082275390625,2.44320011138916,256,cuda_block_reduce,2048,representative_fit_step,10,4.0,6,311498,256,1,synthetic_microfit_cuda_event_device_timeline_only
4.753082275390625,2.476799964904785,256,cuda_block_reduce,2048,representative_fit_step,11,4.0,6,311498,256,1,synthetic_microfit_cuda_event_device_timeline_only
4.753082275390625,2.4535040855407715,256,cuda_block_reduce,2048,representative_fit_step,12,4.0,6,311498,256,1,synthetic_microfit_cuda_event_device_timeline_only
4.753082275390625,2.4780800342559814,256,cuda_block_reduce,2048,representative_fit_step,13,4.0,6,311498,256,1,synthetic_microfit_cuda_event_device_timeline_only
4.753082275390625,2.4463679790496826,256,cuda_block_reduce,2048,representative_fit_step,14,4.0,6,311498,256,1,synthetic_microfit_cuda_event_device_timeline_only
16.91473388671875,0.5437440276145935,256,cuda_block_reduce,2048,exact_forward,0,16.0,7,1108524,256,0,synthetic_microfit_cuda_event_device_timeline_only
16.91473388671875,0.5294079780578613,256,cuda_block_reduce,2048,exact_forward,1,16.0,7,1108524,256,0,synthetic_microfit_cuda_event_device_timeline_only
16.91473388671875,0.5304319858551025,256,cuda_block_reduce,2048,exact_forward,2,16.0,7,1108524,256,0,synthetic_microfit_cuda_event_device_timeline_only
16.91473388671875,0.5191680192947388,256,cuda_block_reduce,2048,exact_forward,3,16.0,7,1108524,256,0,synthetic_microfit_cuda_event_device_timeline_only
16.91473388671875,0.5775359869003296,256,cuda_block_reduce,2048,exact_forward,4,16.0,7,1108524,256,0,synthetic_microfit_cuda_event_device_timeline_only
16.91473388671875,0.5447679758071899,256,cuda_block_reduce,2048,exact_forward,5,16.0,7,1108524,256,0,synthetic_microfit_cuda_event_device_timeline_only
16.91473388671875,0.5654720067977905,256,cuda_block_reduce,2048,exact_forward,6,16.0,7,1108524,256,0,synthetic_microfit_cuda_event_device_timeline_only
16.91473388671875,0.5355520248413086,256,cuda_block_reduce,2048,exact_forward,7,16.0,7,1108524,256,0,synthetic_microfit_cuda_event_device_timeline_only
16.91473388671875,0.5102400183677673,256,cuda_block_reduce,2048,exact_forward,8,16.0,7,1108524,256,0,synthetic_microfit_cuda_event_device_timeline_only
16.91473388671875,0.5089280009269714,256,cuda_block_reduce,2048,exact_forward,9,16.0,7,1108524,256,0,synthetic_microfit_cuda_event_device_timeline_only
16.91473388671875,0.6338559985160828,256,cuda_block_reduce,2048,exact_forward,10,16.0,7,1108524,256,0,synthetic_microfit_cuda_event_device_timeline_only
16.91473388671875,0.5446079969406128,256,cuda_block_reduce,2048,exact_forward,11,16.0,7,1108524,256,0,synthetic_microfit_cuda_event_device_timeline_only
16.91473388671875,0.5263360142707825,256,cuda_block_reduce,2048,exact_forward,12,16.0,7,1108524,256,0,synthetic_microfit_cuda_event_device_timeline_only
16.91473388671875,0.5140479803085327,256,cuda_block_reduce,2048,exact_forward,13,16.0,7,1108524,256,0,synthetic_microfit_cuda_event_device_timeline_only
16.91473388671875,0.5127679705619812,256,cuda_block_reduce,2048,exact_forward,14,16.0,7,1108524,256,0,synthetic_microfit_cuda_event_device_timeline_only
16.91473388671875,0.609503984451294,256,cuda_block_reduce,2048,exact_backward,0,16.0,7,1108524,256,0,synthetic_microfit_cuda_event_device_timeline_only
16.91473388671875,0.6113280057907104,256,cuda_block_reduce,2048,exact_backward,1,16.0,7,1108524,256,0,synthetic_microfit_cuda_event_device_timeline_only
16.91473388671875,0.5998719930648804,256,cuda_block_reduce,2048,exact_backward,2,16.0,7,1108524,256,0,synthetic_microfit_cuda_event_device_timeline_only
16.91473388671875,0.5570560097694397,256,cuda_block_reduce,2048,exact_backward,3,16.0,7,1108524,256,0,synthetic_microfit_cuda_event_device_timeline_only
16.91473388671875,0.5991359949111938,256,cuda_block_reduce,2048,exact_backward,4,16.0,7,1108524,256,0,synthetic_microfit_cuda_event_device_timeline_only
16.91473388671875,0.5713919997215271,256,cuda_block_reduce,2048,exact_backward,5,16.0,7,1108524,256,0,synthetic_microfit_cuda_event_device_timeline_only
16.91473388671875,0.5662720203399658,256,cuda_block_reduce,2048,exact_backward,6,16.0,7,1108524,256,0,synthetic_microfit_cuda_event_device_timeline_only
16.91473388671875,0.5591999888420105,256,cuda_block_reduce,2048,exact_backward,7,16.0,7,1108524,256,0,synthetic_microfit_cuda_event_device_timeline_only
16.91473388671875,0.596127986907959,256,cuda_block_reduce,2048,exact_backward,8,16.0,7,1108524,256,0,synthetic_microfit_cuda_event_device_timeline_only
16.91473388671875,0.6041600108146667,256,cuda_block_reduce,2048,exact_backward,9,16.0,7,1108524,256,0,synthetic_microfit_cuda_event_device_timeline_only
16.91473388671875,0.6205440163612366,256,cuda_block_reduce,2048,exact_backward,10,16.0,7,1108524,256,0,synthetic_microfit_cuda_event_device_timeline_only
16.91473388671875,0.5826560258865356,256,cuda_block_reduce,2048,exact_backward,11,16.0,7,1108524,256,0,synthetic_microfit_cuda_event_device_timeline_only
16.91473388671875,0.5058559775352478,256,cuda_block_reduce,2048,exact_backward,12,16.0,7,1108524,256,0,synthetic_microfit_cuda_event_device_timeline_only
16.91473388671875,0.5529599785804749,256,cuda_block_reduce,2048,exact_backward,13,16.0,7,1108524,256,0,synthetic_microfit_cuda_event_device_timeline_only
16.91473388671875,0.5550079941749573,256,cuda_block_reduce,2048,exact_backward,14,16.0,7,1108524,256,0,synthetic_microfit_cuda_event_device_timeline_only
16.91473388671875,1.2431360483169556,256,cuda_block_reduce,2048,fit_backward,0,16.0,7,1108524,256,0,synthetic_microfit_cuda_event_device_timeline_only
16.91473388671875,1.2513279914855957,256,cuda_block_reduce,2048,fit_backward,1,16.0,7,1108524,256,0,synthetic_microfit_cuda_event_device_timeline_only
16.91473388671875,1.235967993736267,256,cuda_block_reduce,2048,fit_backward,2,16.0,7,1108524,256,0,synthetic_microfit_cuda_event_device_timeline_only
16.91473388671875,1.2636159658432007,256,cuda_block_reduce,2048,fit_backward,3,16.0,7,1108524,256,0,synthetic_microfit_cuda_event_device_timeline_only
16.91473388671875,1.2339199781417847,256,cuda_block_reduce,2048,fit_backward,4,16.0,7,1108524,256,0,synthetic_microfit_cuda_event_device_timeline_only
16.91473388671875,1.2339199781417847,256,cuda_block_reduce,2048,fit_backward,5,16.0,7,1108524,256,0,synthetic_microfit_cuda_event_device_timeline_only
16.91473388671875,1.248255968093872,256,cuda_block_reduce,2048,fit_backward,6,16.0,7,1108524,256,0,synthetic_microfit_cuda_event_device_timeline_only
16.91473388671875,1.230847954750061,256,cuda_block_reduce,2048,fit_backward,7,16.0,7,1108524,256,0,synthetic_microfit_cuda_event_device_timeline_only
16.91473388671875,1.2544000148773193,256,cuda_block_reduce,2048,fit_backward,8,16.0,7,1108524,256,0,synthetic_microfit_cuda_event_device_timeline_only
16.91473388671875,1.2462079524993896,256,cuda_block_reduce,2048,fit_backward,9,16.0,7,1108524,256,0,synthetic_microfit_cuda_event_device_timeline_only
16.91473388671875,1.235967993736267,256,cuda_block_reduce,2048,fit_backward,10,16.0,7,1108524,256,0,synthetic_microfit_cuda_event_device_timeline_only
16.91473388671875,1.2369920015335083,256,cuda_block_reduce,2048,fit_backward,11,16.0,7,1108524,256,0,synthetic_microfit_cuda_event_device_timeline_only
16.91473388671875,1.2318719625473022,256,cuda_block_reduce,2048,fit_backward,12,16.0,7,1108524,256,0,synthetic_microfit_cuda_event_device_timeline_only
16.91473388671875,1.2380160093307495,256,cuda_block_reduce,2048,fit_backward,13,16.0,7,1108524,256,0,synthetic_microfit_cuda_event_device_timeline_only
16.91473388671875,1.201151967048645,256,cuda_block_reduce,2048,fit_backward,14,16.0,7,1108524,256,0,synthetic_microfit_cuda_event_device_timeline_only
16.91473388671875,0.5416960120201111,256,cuda_block_reduce,2048,optimizer_update,0,16.0,7,1108524,256,0,synthetic_microfit_cuda_event_device_timeline_only
16.91473388671875,0.44646400213241577,256,cuda_block_reduce,2048,optimizer_update,1,16.0,7,1108524,256,0,synthetic_microfit_cuda_event_device_timeline_only
16.91473388671875,0.43212801218032837,256,cuda_block_reduce,2048,optimizer_update,2,16.0,7,1108524,256,0,synthetic_microfit_cuda_event_device_timeline_only
16.91473388671875,0.42694398760795593,256,cuda_block_reduce,2048,optimizer_update,3,16.0,7,1108524,256,0,synthetic_microfit_cuda_event_device_timeline_only
16.91473388671875,0.4249599874019623,256,cuda_block_reduce,2048,optimizer_update,4,16.0,7,1108524,256,0,synthetic_microfit_cuda_event_device_timeline_only
16.91473388671875,0.42211198806762695,256,cuda_block_reduce,2048,optimizer_update,5,16.0,7,1108524,256,0,synthetic_microfit_cuda_event_device_timeline_only
16.91473388671875,0.4259519875049591,256,cuda_block_reduce,2048,optimizer_update,6,16.0,7,1108524,256,0,synthetic_microfit_cuda_event_device_timeline_only
16.91473388671875,0.42185598611831665,256,cuda_block_reduce,2048,optimizer_update,7,16.0,7,1108524,256,0,synthetic_microfit_cuda_event_device_timeline_only
16.91473388671875,0.43007999658584595,256,cuda_block_reduce,2048,optimizer_update,8,16.0,7,1108524,256,0,synthetic_microfit_cuda_event_device_timeline_only
16.91473388671875,0.4249599874019623,256,cuda_block_reduce,2048,optimizer_update,9,16.0,7,1108524,256,0,synthetic_microfit_cuda_event_device_timeline_only
16.91473388671875,0.43212801218032837,256,cuda_block_reduce,2048,optimizer_update,10,16.0,7,1108524,256,0,synthetic_microfit_cuda_event_device_timeline_only
16.91473388671875,0.4208639860153198,256,cuda_block_reduce,2048,optimizer_update,11,16.0,7,1108524,256,0,synthetic_microfit_cuda_event_device_timeline_only
16.91473388671875,0.43007999658584595,256,cuda_block_reduce,2048,optimizer_update,12,16.0,7,1108524,256,0,synthetic_microfit_cuda_event_device_timeline_only
16.91473388671875,0.4208639860153198,256,cuda_block_reduce,2048,optimizer_update,13,16.0,7,1108524,256,0,synthetic_microfit_cuda_event_device_timeline_only
16.91473388671875,0.4341759979724884,256,cuda_block_reduce,2048,optimizer_update,14,16.0,7,1108524,256,0,synthetic_microfit_cuda_event_device_timeline_only
16.91473388671875,2.759552001953125,256,cuda_block_reduce,2048,representative_fit_step,0,16.0,7,1108524,256,0,synthetic_microfit_cuda_event_device_timeline_only
16.91473388671875,2.586751937866211,256,cuda_block_reduce,2048,representative_fit_step,1,16.0,7,1108524,256,0,synthetic_microfit_cuda_event_device_timeline_only
16.91473388671875,2.5997118949890137,256,cuda_block_reduce,2048,representative_fit_step,2,16.0,7,1108524,256,0,synthetic_microfit_cuda_event_device_timeline_only
16.91473388671875,2.5569279193878174,256,cuda_block_reduce,2048,representative_fit_step,3,16.0,7,1108524,256,0,synthetic_microfit_cuda_event_device_timeline_only
16.91473388671875,2.555840015411377,256,cuda_block_reduce,2048,representative_fit_step,4,16.0,7,1108524,256,0,synthetic_microfit_cuda_event_device_timeline_only
16.91473388671875,2.5661439895629883,256,cuda_block_reduce,2048,representative_fit_step,5,16.0,7,1108524,256,0,synthetic_microfit_cuda_event_device_timeline_only
16.91473388671875,2.5590720176696777,256,cuda_block_reduce,2048,representative_fit_step,6,16.0,7,1108524,256,0,synthetic_microfit_cuda_event_device_timeline_only
16.91473388671875,2.5539519786834717,256,cuda_block_reduce,2048,representative_fit_step,7,16.0,7,1108524,256,0,synthetic_microfit_cuda_event_device_timeline_only
16.91473388671875,2.564095973968506,256,cuda_block_reduce,2048,representative_fit_step,8,16.0,7,1108524,256,0,synthetic_microfit_cuda_event_device_timeline_only
16.91473388671875,2.561984062194824,256,cuda_block_reduce,2048,representative_fit_step,9,16.0,7,1108524,256,0,synthetic_microfit_cuda_event_device_timeline_only
16.91473388671875,2.58022403717041,256,cuda_block_reduce,2048,representative_fit_step,10,16.0,7,1108524,256,0,synthetic_microfit_cuda_event_device_timeline_only
16.91473388671875,2.5713279247283936,256,cuda_block_reduce,2048,representative_fit_step,11,16.0,7,1108524,256,0,synthetic_microfit_cuda_event_device_timeline_only
16.91473388671875,2.5495998859405518,256,cuda_block_reduce,2048,representative_fit_step,12,16.0,7,1108524,256,0,synthetic_microfit_cuda_event_device_timeline_only
16.91473388671875,2.563904047012329,256,cuda_block_reduce,2048,representative_fit_step,13,16.0,7,1108524,256,0,synthetic_microfit_cuda_event_device_timeline_only
16.91473388671875,2.565119981765747,256,cuda_block_reduce,2048,representative_fit_step,14,16.0,7,1108524,256,0,synthetic_microfit_cuda_event_device_timeline_only
16.91473388671875,0.5775359869003296,256,cuda,2048,exact_forward,0,16.0,7,1108524,256,1,synthetic_microfit_cuda_event_device_timeline_only
16.91473388671875,0.5416960120201111,256,cuda,2048,exact_forward,1,16.0,7,1108524,256,1,synthetic_microfit_cuda_event_device_timeline_only
16.91473388671875,0.5396479964256287,256,cuda,2048,exact_forward,2,16.0,7,1108524,256,1,synthetic_microfit_cuda_event_device_timeline_only
16.91473388671875,0.5171200037002563,256,cuda,2048,exact_forward,3,16.0,7,1108524,256,1,synthetic_microfit_cuda_event_device_timeline_only
16.91473388671875,0.5160959959030151,256,cuda,2048,exact_forward,4,16.0,7,1108524,256,1,synthetic_microfit_cuda_event_device_timeline_only
16.91473388671875,0.5294079780578613,256,cuda,2048,exact_forward,5,16.0,7,1108524,256,1,synthetic_microfit_cuda_event_device_timeline_only
16.91473388671875,0.5171200037002563,256,cuda,2048,exact_forward,6,16.0,7,1108524,256,1,synthetic_microfit_cuda_event_device_timeline_only
16.91473388671875,0.5315840244293213,256,cuda,2048,exact_forward,7,16.0,7,1108524,256,1,synthetic_microfit_cuda_event_device_timeline_only
16.91473388671875,0.5160959959030151,256,cuda,2048,exact_forward,8,16.0,7,1108524,256,1,synthetic_microfit_cuda_event_device_timeline_only
16.91473388671875,0.5137919783592224,256,cuda,2048,exact_forward,9,16.0,7,1108524,256,1,synthetic_microfit_cuda_event_device_timeline_only
16.91473388671875,0.5222399830818176,256,cuda,2048,exact_forward,10,16.0,7,1108524,256,1,synthetic_microfit_cuda_event_device_timeline_only
16.91473388671875,0.5139520168304443,256,cuda,2048,exact_forward,11,16.0,7,1108524,256,1,synthetic_microfit_cuda_event_device_timeline_only
16.91473388671875,0.5283839702606201,256,cuda,2048,exact_forward,12,16.0,7,1108524,256,1,synthetic_microfit_cuda_event_device_timeline_only
16.91473388671875,0.5120000243186951,256,cuda,2048,exact_forward,13,16.0,7,1108524,256,1,synthetic_microfit_cuda_event_device_timeline_only
16.91473388671875,0.5140479803085327,256,cuda,2048,exact_forward,14,16.0,7,1108524,256,1,synthetic_microfit_cuda_event_device_timeline_only
16.91473388671875,1.2042239904403687,256,cuda,2048,exact_backward,0,16.0,7,1108524,256,1,synthetic_microfit_cuda_event_device_timeline_only
16.91473388671875,1.1786240339279175,256,cuda,2048,exact_backward,1,16.0,7,1108524,256,1,synthetic_microfit_cuda_event_device_timeline_only
16.91473388671875,1.1980799436569214,256,cuda,2048,exact_backward,2,16.0,7,1108524,256,1,synthetic_microfit_cuda_event_device_timeline_only
16.91473388671875,1.177567958831787,256,cuda,2048,exact_backward,3,16.0,7,1108524,256,1,synthetic_microfit_cuda_event_device_timeline_only
16.91473388671875,1.2298239469528198,256,cuda,2048,exact_backward,4,16.0,7,1108524,256,1,synthetic_microfit_cuda_event_device_timeline_only
16.91473388671875,1.1786240339279175,256,cuda,2048,exact_backward,5,16.0,7,1108524,256,1,synthetic_microfit_cuda_event_device_timeline_only
16.91473388671875,1.2175359725952148,256,cuda,2048,exact_backward,6,16.0,7,1108524,256,1,synthetic_microfit_cuda_event_device_timeline_only
16.91473388671875,1.1960320472717285,256,cuda,2048,exact_backward,7,16.0,7,1108524,256,1,synthetic_microfit_cuda_event_device_timeline_only
16.91473388671875,1.176576018333435,256,cuda,2048,exact_backward,8,16.0,7,1108524,256,1,synthetic_microfit_cuda_event_device_timeline_only
16.91473388671875,1.1806720495224,256,cuda,2048,exact_backward,9,16.0,7,1108524,256,1,synthetic_microfit_cuda_event_device_timeline_only
16.91473388671875,1.1704319715499878,256,cuda,2048,exact_backward,10,16.0,7,1108524,256,1,synthetic_microfit_cuda_event_device_timeline_only
16.91473388671875,1.2461119890213013,256,cuda,2048,exact_backward,11,16.0,7,1108524,256,1,synthetic_microfit_cuda_event_device_timeline_only
16.91473388671875,1.2421120405197144,256,cuda,2048,exact_backward,12,16.0,7,1108524,256,1,synthetic_microfit_cuda_event_device_timeline_only
16.91473388671875,1.2195839881896973,256,cuda,2048,exact_backward,13,16.0,7,1108524,256,1,synthetic_microfit_cuda_event_device_timeline_only
16.91473388671875,1.1714240312576294,256,cuda,2048,exact_backward,14,16.0,7,1108524,256,1,synthetic_microfit_cuda_event_device_timeline_only
16.91473388671875,2.091007947921753,256,cuda,2048,fit_backward,0,16.0,7,1108524,256,1,synthetic_microfit_cuda_event_device_timeline_only
16.91473388671875,2.0838398933410645,256,cuda,2048,fit_backward,1,16.0,7,1108524,256,1,synthetic_microfit_cuda_event_device_timeline_only
16.91473388671875,2.0490241050720215,256,cuda,2048,fit_backward,2,16.0,7,1108524,256,1,synthetic_microfit_cuda_event_device_timeline_only
16.91473388671875,2.0797441005706787,256,cuda,2048,fit_backward,3,16.0,7,1108524,256,1,synthetic_microfit_cuda_event_device_timeline_only
16.91473388671875,2.081792116165161,256,cuda,2048,fit_backward,4,16.0,7,1108524,256,1,synthetic_microfit_cuda_event_device_timeline_only
16.91473388671875,2.0551679134368896,256,cuda,2048,fit_backward,5,16.0,7,1108524,256,1,synthetic_microfit_cuda_event_device_timeline_only
16.91473388671875,2.0797441005706787,256,cuda,2048,fit_backward,6,16.0,7,1108524,256,1,synthetic_microfit_cuda_event_device_timeline_only
16.91473388671875,2.08076810836792,256,cuda,2048,fit_backward,7,16.0,7,1108524,256,1,synthetic_microfit_cuda_event_device_timeline_only
16.91473388671875,2.0509119033813477,256,cuda,2048,fit_backward,8,16.0,7,1108524,256,1,synthetic_microfit_cuda_event_device_timeline_only
16.91473388671875,2.0846400260925293,256,cuda,2048,fit_backward,9,16.0,7,1108524,256,1,synthetic_microfit_cuda_event_device_timeline_only
16.91473388671875,2.0897600650787354,256,cuda,2048,fit_backward,10,16.0,7,1108524,256,1,synthetic_microfit_cuda_event_device_timeline_only
16.91473388671875,2.076672077178955,256,cuda,2048,fit_backward,11,16.0,7,1108524,256,1,synthetic_microfit_cuda_event_device_timeline_only
16.91473388671875,2.046976089477539,256,cuda,2048,fit_backward,12,16.0,7,1108524,256,1,synthetic_microfit_cuda_event_device_timeline_only
16.91473388671875,2.0838398933410645,256,cuda,2048,fit_backward,13,16.0,7,1108524,256,1,synthetic_microfit_cuda_event_device_timeline_only
16.91473388671875,2.0469119548797607,256,cuda,2048,fit_backward,14,16.0,7,1108524,256,1,synthetic_microfit_cuda_event_device_timeline_only
16.91473388671875,0.5531520247459412,256,cuda,2048,optimizer_update,0,16.0,7,1108524,256,1,synthetic_microfit_cuda_event_device_timeline_only
16.91473388671875,0.4270080029964447,256,cuda,2048,optimizer_update,1,16.0,7,1108524,256,1,synthetic_microfit_cuda_event_device_timeline_only
16.91473388671875,0.48931199312210083,256,cuda,2048,optimizer_update,2,16.0,7,1108524,256,1,synthetic_microfit_cuda_event_device_timeline_only
16.91473388671875,0.4761599898338318,256,cuda,2048,optimizer_update,3,16.0,7,1108524,256,1,synthetic_microfit_cuda_event_device_timeline_only
16.91473388671875,0.44543999433517456,256,cuda,2048,optimizer_update,4,16.0,7,1108524,256,1,synthetic_microfit_cuda_event_device_timeline_only
16.91473388671875,0.43536001443862915,256,cuda,2048,optimizer_update,5,16.0,7,1108524,256,1,synthetic_microfit_cuda_event_device_timeline_only
16.91473388671875,0.43827199935913086,256,cuda,2048,optimizer_update,6,16.0,7,1108524,256,1,synthetic_microfit_cuda_event_device_timeline_only
16.91473388671875,0.4320319890975952,256,cuda,2048,optimizer_update,7,16.0,7,1108524,256,1,synthetic_microfit_cuda_event_device_timeline_only
16.91473388671875,0.4349760115146637,256,cuda,2048,optimizer_update,8,16.0,7,1108524,256,1,synthetic_microfit_cuda_event_device_timeline_only
16.91473388671875,0.4302400052547455,256,cuda,2048,optimizer_update,9,16.0,7,1108524,256,1,synthetic_microfit_cuda_event_device_timeline_only
16.91473388671875,0.43532800674438477,256,cuda,2048,optimizer_update,10,16.0,7,1108524,256,1,synthetic_microfit_cuda_event_device_timeline_only
16.91473388671875,0.4331519901752472,256,cuda,2048,optimizer_update,11,16.0,7,1108524,256,1,synthetic_microfit_cuda_event_device_timeline_only
16.91473388671875,0.4382080137729645,256,cuda,2048,optimizer_update,12,16.0,7,1108524,256,1,synthetic_microfit_cuda_event_device_timeline_only
16.91473388671875,0.4280320107936859,256,cuda,2048,optimizer_update,13,16.0,7,1108524,256,1,synthetic_microfit_cuda_event_device_timeline_only
16.91473388671875,0.43929600715637207,256,cuda,2048,optimizer_update,14,16.0,7,1108524,256,1,synthetic_microfit_cuda_event_device_timeline_only
16.91473388671875,3.5522561073303223,256,cuda,2048,representative_fit_step,0,16.0,7,1108524,256,1,synthetic_microfit_cuda_event_device_timeline_only
16.91473388671875,3.407871961593628,256,cuda,2048,representative_fit_step,1,16.0,7,1108524,256,1,synthetic_microfit_cuda_event_device_timeline_only
16.91473388671875,3.338239908218384,256,cuda,2048,representative_fit_step,2,16.0,7,1108524,256,1,synthetic_microfit_cuda_event_device_timeline_only
16.91473388671875,3.360960006713867,256,cuda,2048,representative_fit_step,3,16.0,7,1108524,256,1,synthetic_microfit_cuda_event_device_timeline_only
16.91473388671875,3.3761279582977295,256,cuda,2048,representative_fit_step,4,16.0,7,1108524,256,1,synthetic_microfit_cuda_event_device_timeline_only
16.91473388671875,3.60479998588562,256,cuda,2048,representative_fit_step,5,16.0,7,1108524,256,1,synthetic_microfit_cuda_event_device_timeline_only
16.91473388671875,3.4744319915771484,256,cuda,2048,representative_fit_step,6,16.0,7,1108524,256,1,synthetic_microfit_cuda_event_device_timeline_only
16.91473388671875,3.333120107650757,256,cuda,2048,representative_fit_step,7,16.0,7,1108524,256,1,synthetic_microfit_cuda_event_device_timeline_only
16.91473388671875,3.486720085144043,256,cuda,2048,representative_fit_step,8,16.0,7,1108524,256,1,synthetic_microfit_cuda_event_device_timeline_only
16.91473388671875,3.3197760581970215,256,cuda,2048,representative_fit_step,9,16.0,7,1108524,256,1,synthetic_microfit_cuda_event_device_timeline_only
16.91473388671875,3.436415910720825,256,cuda,2048,representative_fit_step,10,16.0,7,1108524,256,1,synthetic_microfit_cuda_event_device_timeline_only
16.91473388671875,3.3863680362701416,256,cuda,2048,representative_fit_step,11,16.0,7,1108524,256,1,synthetic_microfit_cuda_event_device_timeline_only
16.91473388671875,3.4235520362854004,256,cuda,2048,representative_fit_step,12,16.0,7,1108524,256,1,synthetic_microfit_cuda_event_device_timeline_only
16.91473388671875,3.4242560863494873,256,cuda,2048,representative_fit_step,13,16.0,7,1108524,256,1,synthetic_microfit_cuda_event_device_timeline_only
16.91473388671875,3.3269760608673096,256,cuda,2048,representative_fit_step,14,16.0,7,1108524,256,1,synthetic_microfit_cuda_event_device_timeline_only
