image,source_path,height,width,max_side,strategy,init_strategy,sampling_mode,fit_control,relocate_every,relocate_count,iters,target_psnr,target_psnrs,render_chunk,renderer,color_solve_every,color_solve_lambda,color_solve_maxiter,early_exit,early_exit_window,early_exit_min_delta,early_exit_min_iters,pixel_loss,ssim_weight,compute_lpips,budget,seed,flank_offset_frac,flat_frac,corner_frac,max_axis_ratio,coherence_power,psnr,ssim,ms_ssim,lpips,auc_psnr,auc_psnr_horizon,iters_to_target,n_gaussians,iterations_run,stopped_early,stopped_at,init_seconds,fit_seconds
kodim01,results/datasets/abl004/kodak24/kodim01.png,512,768,768,aniso_flanking,aniso_flanking,wse,none,,,1500,35.0,"[28.0, 30.0, 32.0, 35.0]",512,cuda,,0.0001,32,False,150,,,l1,0.3,False,2000,0,0.5,0.02,0.15,6.0,1.0,22.441,0.65682,0.85179,,23.161595268834823,observed,,2000,1500,False,,0.3842284679412842,5.305948495864868
kodim01,results/datasets/abl004/kodak24/kodim01.png,512,768,768,aniso_flanking,aniso_flanking,wse,none,,,1500,35.0,"[28.0, 30.0, 32.0, 35.0]",512,cuda,,0.0001,32,False,150,,,l1,0.3,False,2000,1,0.5,0.02,0.15,6.0,1.0,22.514,0.65813,0.85813,,23.13532170746786,observed,,2000,1500,False,,0.3131577968597412,4.377013683319092
kodim01,results/datasets/abl004/kodak24/kodim01.png,512,768,768,aniso_onedge,aniso_onedge,wse,none,,,1500,35.0,"[28.0, 30.0, 32.0, 35.0]",512,cuda,,0.0001,32,False,150,,,l1,0.3,False,2000,0,0.0,0.02,0.15,6.0,1.0,23.5242,0.66358,0.87075,,23.489813242219462,observed,,2000,1500,False,,0.3243112564086914,4.763991594314575
kodim01,results/datasets/abl004/kodak24/kodim01.png,512,768,768,aniso_onedge,aniso_onedge,wse,none,,,1500,35.0,"[28.0, 30.0, 32.0, 35.0]",512,cuda,,0.0001,32,False,150,,,l1,0.3,False,2000,1,0.0,0.02,0.15,6.0,1.0,23.3902,0.66164,0.86987,,23.52482758433601,observed,,2000,1500,False,,0.3470296859741211,4.56178617477417
kodim01,results/datasets/abl004/kodak24/kodim01.png,512,768,768,floyd_steinberg,aniso_flanking,floyd_steinberg,none,,,1500,35.0,"[28.0, 30.0, 32.0, 35.0]",512,cuda,,0.0001,32,False,150,,,l1,0.3,False,2000,0,0.5,0.02,0.15,6.0,1.0,22.4366,0.64327,0.85846,,23.04417202550622,observed,,2000,1500,False,,0.3869466781616211,5.400469779968262
kodim01,results/datasets/abl004/kodak24/kodim01.png,512,768,768,floyd_steinberg,aniso_flanking,floyd_steinberg,none,,,1500,35.0,"[28.0, 30.0, 32.0, 35.0]",512,cuda,,0.0001,32,False,150,,,l1,0.3,False,2000,1,0.5,0.02,0.15,6.0,1.0,23.4073,0.6522,0.87003,,22.929760591279194,observed,,2000,1500,False,,0.47276902198791504,5.432058095932007
kodim01,results/datasets/abl004/kodak24/kodim01.png,512,768,768,iso_blue_noise,iso_blue_noise,wse,none,,,1500,35.0,"[28.0, 30.0, 32.0, 35.0]",512,cuda,,0.0001,32,False,150,,,l1,0.3,False,2000,0,0.0,0.02,0.15,6.0,1.0,21.838,0.65236,0.84365,,22.665226804009272,observed,,2000,1500,False,,0.29046082496643066,4.752667427062988
kodim01,results/datasets/abl004/kodak24/kodim01.png,512,768,768,iso_blue_noise,iso_blue_noise,wse,none,,,1500,35.0,"[28.0, 30.0, 32.0, 35.0]",512,cuda,,0.0001,32,False,150,,,l1,0.3,False,2000,1,0.0,0.02,0.15,6.0,1.0,22.8114,0.65693,0.86346,,22.995668150410005,observed,,2000,1500,False,,0.2860856056213379,5.00346827507019
kodim01,results/datasets/abl004/kodak24/kodim01.png,512,768,768,quadtree_hybrid,quadtree_hybrid,wse,none,,,1500,35.0,"[28.0, 30.0, 32.0, 35.0]",512,cuda,,0.0001,32,False,150,,,l1,0.3,False,2000,0,0.0,0.02,0.15,6.0,1.0,23.1371,0.66183,0.86715,,23.341183094281686,observed,,2000,1500,False,,0.36197638511657715,4.435230016708374
kodim01,results/datasets/abl004/kodak24/kodim01.png,512,768,768,quadtree_hybrid,quadtree_hybrid,wse,none,,,1500,35.0,"[28.0, 30.0, 32.0, 35.0]",512,cuda,,0.0001,32,False,150,,,l1,0.3,False,2000,1,0.0,0.02,0.15,6.0,1.0,22.6722,0.65727,0.85879,,23.19525421071323,observed,,2000,1500,False,,0.29961657524108887,4.338132381439209
kodim01,results/datasets/abl004/kodak24/kodim01.png,512,768,768,quadtree_wse,quadtree_wse,wse,none,,,1500,35.0,"[28.0, 30.0, 32.0, 35.0]",512,cuda,,0.0001,32,False,150,,,l1,0.3,False,2000,0,0.0,0.02,0.15,6.0,1.0,23.4592,0.66563,0.87086,,23.55639089211533,observed,,2000,1500,False,,0.758195161819458,5.31093168258667
kodim01,results/datasets/abl004/kodak24/kodim01.png,512,768,768,quadtree_wse,quadtree_wse,wse,none,,,1500,35.0,"[28.0, 30.0, 32.0, 35.0]",512,cuda,,0.0001,32,False,150,,,l1,0.3,False,2000,1,0.0,0.02,0.15,6.0,1.0,23.1453,0.66486,0.86768,,23.39445387959242,observed,,2000,1500,False,,0.7439436912536621,5.124230861663818
kodim02,results/datasets/abl004/kodak24/kodim02.png,512,768,768,aniso_flanking,aniso_flanking,wse,none,,,1500,35.0,"[28.0, 30.0, 32.0, 35.0]",512,cuda,,0.0001,32,False,150,,,l1,0.3,False,2000,0,0.5,0.02,0.15,6.0,1.0,31.1353,0.81277,0.93414,,31.009394403296046,observed,,2000,1500,False,,0.3856942653656006,6.067870140075684
kodim02,results/datasets/abl004/kodak24/kodim02.png,512,768,768,aniso_flanking,aniso_flanking,wse,none,,,1500,35.0,"[28.0, 30.0, 32.0, 35.0]",512,cuda,,0.0001,32,False,150,,,l1,0.3,False,2000,1,0.5,0.02,0.15,6.0,1.0,31.1622,0.8138,0.93488,,30.98192946603888,observed,,2000,1500,False,,0.3151125907897949,5.375044584274292
kodim02,results/datasets/abl004/kodak24/kodim02.png,512,768,768,aniso_onedge,aniso_onedge,wse,none,,,1500,35.0,"[28.0, 30.0, 32.0, 35.0]",512,cuda,,0.0001,32,False,150,,,l1,0.3,False,2000,0,0.0,0.02,0.15,6.0,1.0,31.3664,0.81389,0.93644,,31.024173281048043,observed,,2000,1500,False,,0.32538366317749023,5.594297647476196
kodim02,results/datasets/abl004/kodak24/kodim02.png,512,768,768,aniso_onedge,aniso_onedge,wse,none,,,1500,35.0,"[28.0, 30.0, 32.0, 35.0]",512,cuda,,0.0001,32,False,150,,,l1,0.3,False,2000,1,0.0,0.02,0.15,6.0,1.0,31.1234,0.8141,0.93376,,30.973554278469784,observed,,2000,1500,False,,0.3264951705932617,5.38136887550354
kodim02,results/datasets/abl004/kodak24/kodim02.png,512,768,768,floyd_steinberg,aniso_flanking,floyd_steinberg,none,,,1500,35.0,"[28.0, 30.0, 32.0, 35.0]",512,cuda,,0.0001,32,False,150,,,l1,0.3,False,2000,0,0.5,0.02,0.15,6.0,1.0,30.9594,0.80196,0.93088,,30.453286963673413,observed,,2000,1500,False,,0.39075160026550293,5.582062482833862
kodim02,results/datasets/abl004/kodak24/kodim02.png,512,768,768,floyd_steinberg,aniso_flanking,floyd_steinberg,none,,,1500,35.0,"[28.0, 30.0, 32.0, 35.0]",512,cuda,,0.0001,32,False,150,,,l1,0.3,False,2000,1,0.5,0.02,0.15,6.0,1.0,31.0136,0.80176,0.93107,,30.517034343594787,observed,,2000,1500,False,,0.39388036727905273,5.537502288818359
kodim02,results/datasets/abl004/kodak24/kodim02.png,512,768,768,iso_blue_noise,iso_blue_noise,wse,none,,,1500,35.0,"[28.0, 30.0, 32.0, 35.0]",512,cuda,,0.0001,32,False,150,,,l1,0.3,False,2000,0,0.0,0.02,0.15,6.0,1.0,30.3809,0.80681,0.92863,,30.71552142944234,observed,,2000,1500,False,,0.24643754959106445,5.442065715789795
kodim02,results/datasets/abl004/kodak24/kodim02.png,512,768,768,iso_blue_noise,iso_blue_noise,wse,none,,,1500,35.0,"[28.0, 30.0, 32.0, 35.0]",512,cuda,,0.0001,32,False,150,,,l1,0.3,False,2000,1,0.0,0.02,0.15,6.0,1.0,30.8457,0.80804,0.93039,,30.69682692845238,observed,,2000,1500,False,,0.26422953605651855,5.278260946273804
kodim02,results/datasets/abl004/kodak24/kodim02.png,512,768,768,quadtree_hybrid,quadtree_hybrid,wse,none,,,1500,35.0,"[28.0, 30.0, 32.0, 35.0]",512,cuda,,0.0001,32,False,150,,,l1,0.3,False,2000,0,0.0,0.02,0.15,6.0,1.0,31.1789,0.81427,0.93479,,30.930776401389988,observed,,2000,1500,False,,0.3124125003814697,5.4651288986206055
kodim02,results/datasets/abl004/kodak24/kodim02.png,512,768,768,quadtree_hybrid,quadtree_hybrid,wse,none,,,1500,35.0,"[28.0, 30.0, 32.0, 35.0]",512,cuda,,0.0001,32,False,150,,,l1,0.3,False,2000,1,0.0,0.02,0.15,6.0,1.0,30.8105,0.8144,0.93408,,30.85037687096777,observed,,2000,1500,False,,0.3027944564819336,5.285276174545288
kodim02,results/datasets/abl004/kodak24/kodim02.png,512,768,768,quadtree_wse,quadtree_wse,wse,none,,,1500,35.0,"[28.0, 30.0, 32.0, 35.0]",512,cuda,,0.0001,32,False,150,,,l1,0.3,False,2000,0,0.0,0.02,0.15,6.0,1.0,31.0506,0.81534,0.93491,,31.016375863607763,observed,,2000,1500,False,,0.6295363903045654,5.577737808227539
kodim02,results/datasets/abl004/kodak24/kodim02.png,512,768,768,quadtree_wse,quadtree_wse,wse,none,,,1500,35.0,"[28.0, 30.0, 32.0, 35.0]",512,cuda,,0.0001,32,False,150,,,l1,0.3,False,2000,1,0.0,0.02,0.15,6.0,1.0,31.3016,0.81594,0.93681,,31.030697127832738,observed,,2000,1500,False,,0.626610517501831,5.433263301849365
kodim03,results/datasets/abl004/kodak24/kodim03.png,512,768,768,aniso_flanking,aniso_flanking,wse,none,,,1500,35.0,"[28.0, 30.0, 32.0, 35.0]",512,cuda,,0.0001,32,False,150,,,l1,0.3,False,2000,0,0.5,0.02,0.15,6.0,1.0,31.3968,0.88099,0.96109,,31.611390589713412,observed,,2000,1500,False,,0.3796675205230713,6.091644287109375
kodim03,results/datasets/abl004/kodak24/kodim03.png,512,768,768,aniso_flanking,aniso_flanking,wse,none,,,1500,35.0,"[28.0, 30.0, 32.0, 35.0]",512,cuda,,0.0001,32,False,150,,,l1,0.3,False,2000,1,0.5,0.02,0.15,6.0,1.0,31.7705,0.88166,0.963,,31.440809349126223,observed,,2000,1500,False,,0.3316328525543213,5.507115602493286
kodim03,results/datasets/abl004/kodak24/kodim03.png,512,768,768,aniso_onedge,aniso_onedge,wse,none,,,1500,35.0,"[28.0, 30.0, 32.0, 35.0]",512,cuda,,0.0001,32,False,150,,,l1,0.3,False,2000,0,0.0,0.02,0.15,6.0,1.0,31.701,0.88167,0.96233,,31.634369766179365,observed,,2000,1500,False,,0.3111395835876465,5.487982988357544
kodim03,results/datasets/abl004/kodak24/kodim03.png,512,768,768,aniso_onedge,aniso_onedge,wse,none,,,1500,35.0,"[28.0, 30.0, 32.0, 35.0]",512,cuda,,0.0001,32,False,150,,,l1,0.3,False,2000,1,0.0,0.02,0.15,6.0,1.0,29.9685,0.87873,0.9573,,31.20103342808271,observed,,2000,1500,False,,0.3711681365966797,4.8877174854278564
kodim03,results/datasets/abl004/kodak24/kodim03.png,512,768,768,floyd_steinberg,aniso_flanking,floyd_steinberg,none,,,1500,35.0,"[28.0, 30.0, 32.0, 35.0]",512,cuda,,0.0001,32,False,150,,,l1,0.3,False,2000,0,0.5,0.02,0.15,6.0,1.0,25.3205,0.86009,0.92907,,27.92354226382754,observed,,2000,1500,False,,0.42670369148254395,5.060394763946533
kodim03,results/datasets/abl004/kodak24/kodim03.png,512,768,768,floyd_steinberg,aniso_flanking,floyd_steinberg,none,,,1500,35.0,"[28.0, 30.0, 32.0, 35.0]",512,cuda,,0.0001,32,False,150,,,l1,0.3,False,2000,1,0.5,0.02,0.15,6.0,1.0,27.1483,0.86755,0.94361,,27.908417790153965,observed,,2000,1500,False,,0.44615960121154785,5.0738255977630615
kodim03,results/datasets/abl004/kodak24/kodim03.png,512,768,768,iso_blue_noise,iso_blue_noise,wse,none,,,1500,35.0,"[28.0, 30.0, 32.0, 35.0]",512,cuda,,0.0001,32,False,150,,,l1,0.3,False,2000,0,0.0,0.02,0.15,6.0,1.0,30.0946,0.87824,0.9581,,30.9228188888163,observed,,2000,1500,False,,0.22831130027770996,4.71496844291687
kodim03,results/datasets/abl004/kodak24/kodim03.png,512,768,768,iso_blue_noise,iso_blue_noise,wse,none,,,1500,35.0,"[28.0, 30.0, 32.0, 35.0]",512,cuda,,0.0001,32,False,150,,,l1,0.3,False,2000,1,0.0,0.02,0.15,6.0,1.0,29.9199,0.87731,0.95806,,30.882648941355598,observed,,2000,1500,False,,0.22731328010559082,4.956353187561035
kodim03,results/datasets/abl004/kodak24/kodim03.png,512,768,768,quadtree_hybrid,quadtree_hybrid,wse,none,,,1500,35.0,"[28.0, 30.0, 32.0, 35.0]",512,cuda,,0.0001,32,False,150,,,l1,0.3,False,2000,0,0.0,0.02,0.15,6.0,1.0,31.5195,0.88061,0.96251,,31.633750345485858,observed,,2000,1500,False,,0.3186337947845459,5.160720109939575
kodim03,results/datasets/abl004/kodak24/kodim03.png,512,768,768,quadtree_hybrid,quadtree_hybrid,wse,none,,,1500,35.0,"[28.0, 30.0, 32.0, 35.0]",512,cuda,,0.0001,32,False,150,,,l1,0.3,False,2000,1,0.0,0.02,0.15,6.0,1.0,31.7067,0.88189,0.96204,,31.629017121160405,observed,,2000,1500,False,,0.3096153736114502,5.433808088302612
kodim03,results/datasets/abl004/kodak24/kodim03.png,512,768,768,quadtree_wse,quadtree_wse,wse,none,,,1500,35.0,"[28.0, 30.0, 32.0, 35.0]",512,cuda,,0.0001,32,False,150,,,l1,0.3,False,2000,0,0.0,0.02,0.15,6.0,1.0,31.9668,0.88424,0.96474,,31.92653338411317,observed,,2000,1500,False,,0.7347805500030518,5.457233905792236
kodim03,results/datasets/abl004/kodak24/kodim03.png,512,768,768,quadtree_wse,quadtree_wse,wse,none,,,1500,35.0,"[28.0, 30.0, 32.0, 35.0]",512,cuda,,0.0001,32,False,150,,,l1,0.3,False,2000,1,0.0,0.02,0.15,6.0,1.0,32.0645,0.88251,0.9629,,31.70289099415276,observed,,2000,1500,False,,0.7669034004211426,5.152505874633789
kodim04,results/datasets/abl004/kodak24/kodim04.png,768,512,768,aniso_flanking,aniso_flanking,wse,none,,,1500,35.0,"[28.0, 30.0, 32.0, 35.0]",512,cuda,,0.0001,32,False,150,,,l1,0.3,False,2000,0,0.5,0.02,0.15,6.0,1.0,29.8645,0.80689,0.93074,,29.763309304439044,observed,,2000,1500,False,,0.31395459175109863,4.721990585327148
kodim04,results/datasets/abl004/kodak24/kodim04.png,768,512,768,aniso_flanking,aniso_flanking,wse,none,,,1500,35.0,"[28.0, 30.0, 32.0, 35.0]",512,cuda,,0.0001,32,False,150,,,l1,0.3,False,2000,1,0.5,0.02,0.15,6.0,1.0,30.1047,0.80866,0.93426,,29.80633673053968,observed,,2000,1500,False,,0.31007957458496094,4.651321887969971
kodim04,results/datasets/abl004/kodak24/kodim04.png,768,512,768,aniso_onedge,aniso_onedge,wse,none,,,1500,35.0,"[28.0, 30.0, 32.0, 35.0]",512,cuda,,0.0001,32,False,150,,,l1,0.3,False,2000,0,0.0,0.02,0.15,6.0,1.0,30.2632,0.81057,0.93571,,29.892493714325582,observed,,2000,1500,False,,0.3239872455596924,4.714712619781494
kodim04,results/datasets/abl004/kodak24/kodim04.png,768,512,768,aniso_onedge,aniso_onedge,wse,none,,,1500,35.0,"[28.0, 30.0, 32.0, 35.0]",512,cuda,,0.0001,32,False,150,,,l1,0.3,False,2000,1,0.0,0.02,0.15,6.0,1.0,29.7729,0.80848,0.93252,,29.870644424341773,observed,,2000,1500,False,,0.3202085494995117,4.519876003265381
kodim04,results/datasets/abl004/kodak24/kodim04.png,768,512,768,floyd_steinberg,aniso_flanking,floyd_steinberg,none,,,1500,35.0,"[28.0, 30.0, 32.0, 35.0]",512,cuda,,0.0001,32,False,150,,,l1,0.3,False,2000,0,0.5,0.02,0.15,6.0,1.0,29.5019,0.80243,0.93176,,29.240019695213274,observed,,2000,1500,False,,0.3918004035949707,4.836609840393066
kodim04,results/datasets/abl004/kodak24/kodim04.png,768,512,768,floyd_steinberg,aniso_flanking,floyd_steinberg,none,,,1500,35.0,"[28.0, 30.0, 32.0, 35.0]",512,cuda,,0.0001,32,False,150,,,l1,0.3,False,2000,1,0.5,0.02,0.15,6.0,1.0,29.4925,0.8011,0.93111,,29.226859780452187,observed,,2000,1500,False,,0.3903779983520508,4.723755359649658
kodim04,results/datasets/abl004/kodak24/kodim04.png,768,512,768,iso_blue_noise,iso_blue_noise,wse,none,,,1500,35.0,"[28.0, 30.0, 32.0, 35.0]",512,cuda,,0.0001,32,False,150,,,l1,0.3,False,2000,0,0.0,0.02,0.15,6.0,1.0,30.2498,0.80661,0.93381,,29.713524678454867,observed,,2000,1500,False,,0.22059178352355957,4.392420768737793
kodim04,results/datasets/abl004/kodak24/kodim04.png,768,512,768,iso_blue_noise,iso_blue_noise,wse,none,,,1500,35.0,"[28.0, 30.0, 32.0, 35.0]",512,cuda,,0.0001,32,False,150,,,l1,0.3,False,2000,1,0.0,0.02,0.15,6.0,1.0,29.7552,0.80414,0.93098,,29.611587481151986,observed,,2000,1500,False,,0.2324538230895996,5.06296443939209
kodim04,results/datasets/abl004/kodak24/kodim04.png,768,512,768,quadtree_hybrid,quadtree_hybrid,wse,none,,,1500,35.0,"[28.0, 30.0, 32.0, 35.0]",512,cuda,,0.0001,32,False,150,,,l1,0.3,False,2000,0,0.0,0.02,0.15,6.0,1.0,30.1762,0.8078,0.93364,,29.820376874606875,observed,,2000,1500,False,,0.2840580940246582,4.698779821395874
kodim04,results/datasets/abl004/kodak24/kodim04.png,768,512,768,quadtree_hybrid,quadtree_hybrid,wse,none,,,1500,35.0,"[28.0, 30.0, 32.0, 35.0]",512,cuda,,0.0001,32,False,150,,,l1,0.3,False,2000,1,0.0,0.02,0.15,6.0,1.0,29.9498,0.80729,0.93352,,29.8405161661017,observed,,2000,1500,False,,0.2848496437072754,4.679370403289795
kodim04,results/datasets/abl004/kodak24/kodim04.png,768,512,768,quadtree_wse,quadtree_wse,wse,none,,,1500,35.0,"[28.0, 30.0, 32.0, 35.0]",512,cuda,,0.0001,32,False,150,,,l1,0.3,False,2000,0,0.0,0.02,0.15,6.0,1.0,29.8391,0.80797,0.93227,,29.864653643963734,observed,,2000,1500,False,,0.6236703395843506,4.584714889526367
kodim04,results/datasets/abl004/kodak24/kodim04.png,768,512,768,quadtree_wse,quadtree_wse,wse,none,,,1500,35.0,"[28.0, 30.0, 32.0, 35.0]",512,cuda,,0.0001,32,False,150,,,l1,0.3,False,2000,1,0.0,0.02,0.15,6.0,1.0,30.0914,0.80793,0.93184,,29.84980278193275,observed,,2000,1500,False,,0.6293683052062988,4.563766956329346
kodim05,results/datasets/abl004/kodak24/kodim05.png,512,768,768,aniso_flanking,aniso_flanking,wse,none,,,1500,35.0,"[28.0, 30.0, 32.0, 35.0]",512,cuda,,0.0001,32,False,150,,,l1,0.3,False,2000,0,0.5,0.02,0.15,6.0,1.0,21.2404,0.63796,0.8402,,21.85861329796952,observed,,2000,1500,False,,0.30812978744506836,4.448874473571777
kodim05,results/datasets/abl004/kodak24/kodim05.png,512,768,768,aniso_flanking,aniso_flanking,wse,none,,,1500,35.0,"[28.0, 30.0, 32.0, 35.0]",512,cuda,,0.0001,32,False,150,,,l1,0.3,False,2000,1,0.5,0.02,0.15,6.0,1.0,21.0275,0.63479,0.83827,,21.612650127550854,observed,,2000,1500,False,,0.30474853515625,5.096613883972168
kodim05,results/datasets/abl004/kodak24/kodim05.png,512,768,768,aniso_onedge,aniso_onedge,wse,none,,,1500,35.0,"[28.0, 30.0, 32.0, 35.0]",512,cuda,,0.0001,32,False,150,,,l1,0.3,False,2000,0,0.0,0.02,0.15,6.0,1.0,20.9307,0.62865,0.83787,,21.86164581879049,observed,,2000,1500,False,,0.3136732578277588,4.5956995487213135
kodim05,results/datasets/abl004/kodak24/kodim05.png,512,768,768,aniso_onedge,aniso_onedge,wse,none,,,1500,35.0,"[28.0, 30.0, 32.0, 35.0]",512,cuda,,0.0001,32,False,150,,,l1,0.3,False,2000,1,0.0,0.02,0.15,6.0,1.0,21.4419,0.64223,0.84869,,21.91745241711027,observed,,2000,1500,False,,0.29815006256103516,4.713785171508789
kodim05,results/datasets/abl004/kodak24/kodim05.png,512,768,768,floyd_steinberg,aniso_flanking,floyd_steinberg,none,,,1500,35.0,"[28.0, 30.0, 32.0, 35.0]",512,cuda,,0.0001,32,False,150,,,l1,0.3,False,2000,0,0.5,0.02,0.15,6.0,1.0,18.1677,0.58324,0.78492,,19.69512889510874,observed,,2000,1500,False,,0.39486145973205566,4.98603892326355
kodim05,results/datasets/abl004/kodak24/kodim05.png,512,768,768,floyd_steinberg,aniso_flanking,floyd_steinberg,none,,,1500,35.0,"[28.0, 30.0, 32.0, 35.0]",512,cuda,,0.0001,32,False,150,,,l1,0.3,False,2000,1,0.5,0.02,0.15,6.0,1.0,19.0856,0.60243,0.8069,,19.899165439160367,observed,,2000,1500,False,,0.38677263259887695,5.096825838088989
kodim05,results/datasets/abl004/kodak24/kodim05.png,512,768,768,iso_blue_noise,iso_blue_noise,wse,none,,,1500,35.0,"[28.0, 30.0, 32.0, 35.0]",512,cuda,,0.0001,32,False,150,,,l1,0.3,False,2000,0,0.0,0.02,0.15,6.0,1.0,20.8431,0.622,0.83562,,21.45334881890051,observed,,2000,1500,False,,0.23139286041259766,5.039220094680786
kodim05,results/datasets/abl004/kodak24/kodim05.png,512,768,768,iso_blue_noise,iso_blue_noise,wse,none,,,1500,35.0,"[28.0, 30.0, 32.0, 35.0]",512,cuda,,0.0001,32,False,150,,,l1,0.3,False,2000,1,0.0,0.02,0.15,6.0,1.0,20.3948,0.61879,0.82666,,21.25016802100041,observed,,2000,1500,False,,0.23634958267211914,4.841943740844727
kodim05,results/datasets/abl004/kodak24/kodim05.png,512,768,768,quadtree_hybrid,quadtree_hybrid,wse,none,,,1500,35.0,"[28.0, 30.0, 32.0, 35.0]",512,cuda,,0.0001,32,False,150,,,l1,0.3,False,2000,0,0.0,0.02,0.15,6.0,1.0,21.5233,0.64765,0.85638,,21.864413680037792,observed,,2000,1500,False,,0.29631495475769043,5.139845609664917
kodim05,results/datasets/abl004/kodak24/kodim05.png,512,768,768,quadtree_hybrid,quadtree_hybrid,wse,none,,,1500,35.0,"[28.0, 30.0, 32.0, 35.0]",512,cuda,,0.0001,32,False,150,,,l1,0.3,False,2000,1,0.0,0.02,0.15,6.0,1.0,21.3916,0.63778,0.84963,,21.804049738730647,observed,,2000,1500,False,,0.26760053634643555,4.579966306686401
kodim05,results/datasets/abl004/kodak24/kodim05.png,512,768,768,quadtree_wse,quadtree_wse,wse,none,,,1500,35.0,"[28.0, 30.0, 32.0, 35.0]",512,cuda,,0.0001,32,False,150,,,l1,0.3,False,2000,0,0.0,0.02,0.15,6.0,1.0,21.4366,0.63959,0.8416,,21.82109334168234,observed,,2000,1500,False,,0.6700105667114258,5.1598451137542725
kodim05,results/datasets/abl004/kodak24/kodim05.png,512,768,768,quadtree_wse,quadtree_wse,wse,none,,,1500,35.0,"[28.0, 30.0, 32.0, 35.0]",512,cuda,,0.0001,32,False,150,,,l1,0.3,False,2000,1,0.0,0.02,0.15,6.0,1.0,20.9638,0.63187,0.83312,,21.750657766162753,observed,,2000,1500,False,,0.6600584983825684,4.741452217102051
kodim06,results/datasets/abl004/kodak24/kodim06.png,512,768,768,aniso_flanking,aniso_flanking,wse,none,,,1500,35.0,"[28.0, 30.0, 32.0, 35.0]",512,cuda,,0.0001,32,False,150,,,l1,0.3,False,2000,0,0.5,0.02,0.15,6.0,1.0,25.0103,0.71547,0.87856,,25.083989459566467,observed,,2000,1500,False,,0.3443284034729004,5.391769886016846
kodim06,results/datasets/abl004/kodak24/kodim06.png,512,768,768,aniso_flanking,aniso_flanking,wse,none,,,1500,35.0,"[28.0, 30.0, 32.0, 35.0]",512,cuda,,0.0001,32,False,150,,,l1,0.3,False,2000,1,0.5,0.02,0.15,6.0,1.0,25.1083,0.71826,0.87718,,24.99621572615386,observed,,2000,1500,False,,0.3341693878173828,5.137331008911133
kodim06,results/datasets/abl004/kodak24/kodim06.png,512,768,768,aniso_onedge,aniso_onedge,wse,none,,,1500,35.0,"[28.0, 30.0, 32.0, 35.0]",512,cuda,,0.0001,32,False,150,,,l1,0.3,False,2000,0,0.0,0.02,0.15,6.0,1.0,25.2076,0.72277,0.87942,,25.12637511438493,observed,,2000,1500,False,,0.3249211311340332,5.15714168548584
kodim06,results/datasets/abl004/kodak24/kodim06.png,512,768,768,aniso_onedge,aniso_onedge,wse,none,,,1500,35.0,"[28.0, 30.0, 32.0, 35.0]",512,cuda,,0.0001,32,False,150,,,l1,0.3,False,2000,1,0.0,0.02,0.15,6.0,1.0,25.0342,0.7179,0.87795,,24.969490632126536,observed,,2000,1500,False,,0.3256511688232422,4.809872627258301
kodim06,results/datasets/abl004/kodak24/kodim06.png,512,768,768,floyd_steinberg,aniso_flanking,floyd_steinberg,none,,,1500,35.0,"[28.0, 30.0, 32.0, 35.0]",512,cuda,,0.0001,32,False,150,,,l1,0.3,False,2000,0,0.5,0.02,0.15,6.0,1.0,24.9283,0.71424,0.87612,,23.857538388680425,observed,,2000,1500,False,,0.4023878574371338,5.5605034828186035
kodim06,results/datasets/abl004/kodak24/kodim06.png,512,768,768,floyd_steinberg,aniso_flanking,floyd_steinberg,none,,,1500,35.0,"[28.0, 30.0, 32.0, 35.0]",512,cuda,,0.0001,32,False,150,,,l1,0.3,False,2000,1,0.5,0.02,0.15,6.0,1.0,24.0498,0.71378,0.87225,,23.20668162052595,observed,,2000,1500,False,,0.40163087844848633,5.396380424499512
kodim06,results/datasets/abl004/kodak24/kodim06.png,512,768,768,iso_blue_noise,iso_blue_noise,wse,none,,,1500,35.0,"[28.0, 30.0, 32.0, 35.0]",512,cuda,,0.0001,32,False,150,,,l1,0.3,False,2000,0,0.0,0.02,0.15,6.0,1.0,24.1965,0.69151,0.85976,,24.401418583483757,observed,,2000,1500,False,,0.23088932037353516,4.954996824264526
kodim06,results/datasets/abl004/kodak24/kodim06.png,512,768,768,iso_blue_noise,iso_blue_noise,wse,none,,,1500,35.0,"[28.0, 30.0, 32.0, 35.0]",512,cuda,,0.0001,32,False,150,,,l1,0.3,False,2000,1,0.0,0.02,0.15,6.0,1.0,24.5572,0.69797,0.86289,,24.471329712565538,observed,,2000,1500,False,,0.28351759910583496,5.020934581756592
kodim06,results/datasets/abl004/kodak24/kodim06.png,512,768,768,quadtree_hybrid,quadtree_hybrid,wse,none,,,1500,35.0,"[28.0, 30.0, 32.0, 35.0]",512,cuda,,0.0001,32,False,150,,,l1,0.3,False,2000,0,0.0,0.02,0.15,6.0,1.0,25.1055,0.71718,0.87848,,24.84341426337855,observed,,2000,1500,False,,0.3081395626068115,5.041383266448975
kodim06,results/datasets/abl004/kodak24/kodim06.png,512,768,768,quadtree_hybrid,quadtree_hybrid,wse,none,,,1500,35.0,"[28.0, 30.0, 32.0, 35.0]",512,cuda,,0.0001,32,False,150,,,l1,0.3,False,2000,1,0.0,0.02,0.15,6.0,1.0,25.0799,0.71802,0.87687,,24.973591074138742,observed,,2000,1500,False,,0.2941560745239258,5.334376335144043
kodim06,results/datasets/abl004/kodak24/kodim06.png,512,768,768,quadtree_wse,quadtree_wse,wse,none,,,1500,35.0,"[28.0, 30.0, 32.0, 35.0]",512,cuda,,0.0001,32,False,150,,,l1,0.3,False,2000,0,0.0,0.02,0.15,6.0,1.0,25.3652,0.72191,0.88082,,25.148304995256236,observed,,2000,1500,False,,0.6431968212127686,4.788116693496704
kodim06,results/datasets/abl004/kodak24/kodim06.png,512,768,768,quadtree_wse,quadtree_wse,wse,none,,,1500,35.0,"[28.0, 30.0, 32.0, 35.0]",512,cuda,,0.0001,32,False,150,,,l1,0.3,False,2000,1,0.0,0.02,0.15,6.0,1.0,24.8431,0.71318,0.87762,,25.024749922545613,observed,,2000,1500,False,,0.6430764198303223,4.69162654876709
kodim07,results/datasets/abl004/kodak24/kodim07.png,512,768,768,aniso_flanking,aniso_flanking,wse,none,,,1500,35.0,"[28.0, 30.0, 32.0, 35.0]",512,cuda,,0.0001,32,False,150,,,l1,0.3,False,2000,0,0.5,0.02,0.15,6.0,1.0,25.3632,0.8713,0.93819,,27.08085091675497,observed,,2000,1500,False,,0.3248279094696045,4.422749280929565
kodim07,results/datasets/abl004/kodak24/kodim07.png,512,768,768,aniso_flanking,aniso_flanking,wse,none,,,1500,35.0,"[28.0, 30.0, 32.0, 35.0]",512,cuda,,0.0001,32,False,150,,,l1,0.3,False,2000,1,0.5,0.02,0.15,6.0,1.0,25.8495,0.87118,0.94147,,27.095346750459168,observed,,2000,1500,False,,0.33090662956237793,4.768132448196411
kodim07,results/datasets/abl004/kodak24/kodim07.png,512,768,768,aniso_onedge,aniso_onedge,wse,none,,,1500,35.0,"[28.0, 30.0, 32.0, 35.0]",512,cuda,,0.0001,32,False,150,,,l1,0.3,False,2000,0,0.0,0.02,0.15,6.0,1.0,27.0414,0.88029,0.94949,,28.04078596062943,observed,,2000,1500,False,,0.3196241855621338,5.0183751583099365
kodim07,results/datasets/abl004/kodak24/kodim07.png,512,768,768,aniso_onedge,aniso_onedge,wse,none,,,1500,35.0,"[28.0, 30.0, 32.0, 35.0]",512,cuda,,0.0001,32,False,150,,,l1,0.3,False,2000,1,0.0,0.02,0.15,6.0,1.0,25.6719,0.87351,0.94127,,27.677487451605515,observed,,2000,1500,False,,0.32959890365600586,5.119573593139648
kodim07,results/datasets/abl004/kodak24/kodim07.png,512,768,768,floyd_steinberg,aniso_flanking,floyd_steinberg,none,,,1500,35.0,"[28.0, 30.0, 32.0, 35.0]",512,cuda,,0.0001,32,False,150,,,l1,0.3,False,2000,0,0.5,0.02,0.15,6.0,1.0,18.4144,0.80221,0.86109,,21.28357973474117,observed,,2000,1500,False,,0.3872201442718506,4.302369594573975
kodim07,results/datasets/abl004/kodak24/kodim07.png,512,768,768,floyd_steinberg,aniso_flanking,floyd_steinberg,none,,,1500,35.0,"[28.0, 30.0, 32.0, 35.0]",512,cuda,,0.0001,32,False,150,,,l1,0.3,False,2000,1,0.5,0.02,0.15,6.0,1.0,19.9007,0.82401,0.88266,,20.620695815235873,observed,,2000,1500,False,,0.38584280014038086,4.271361351013184
kodim07,results/datasets/abl004/kodak24/kodim07.png,512,768,768,iso_blue_noise,iso_blue_noise,wse,none,,,1500,35.0,"[28.0, 30.0, 32.0, 35.0]",512,cuda,,0.0001,32,False,150,,,l1,0.3,False,2000,0,0.0,0.02,0.15,6.0,1.0,25.7292,0.8699,0.93857,,26.864677896811376,observed,,2000,1500,False,,0.2286677360534668,4.804287672042847
kodim07,results/datasets/abl004/kodak24/kodim07.png,512,768,768,iso_blue_noise,iso_blue_noise,wse,none,,,1500,35.0,"[28.0, 30.0, 32.0, 35.0]",512,cuda,,0.0001,32,False,150,,,l1,0.3,False,2000,1,0.0,0.02,0.15,6.0,1.0,25.2857,0.86882,0.93763,,26.97116348630512,observed,,2000,1500,False,,0.23930907249450684,5.196187973022461
kodim07,results/datasets/abl004/kodak24/kodim07.png,512,768,768,quadtree_hybrid,quadtree_hybrid,wse,none,,,1500,35.0,"[28.0, 30.0, 32.0, 35.0]",512,cuda,,0.0001,32,False,150,,,l1,0.3,False,2000,0,0.0,0.02,0.15,6.0,1.0,25.9268,0.87413,0.94416,,27.089628434642464,observed,,2000,1500,False,,0.28368067741394043,5.1625964641571045
kodim07,results/datasets/abl004/kodak24/kodim07.png,512,768,768,quadtree_hybrid,quadtree_hybrid,wse,none,,,1500,35.0,"[28.0, 30.0, 32.0, 35.0]",512,cuda,,0.0001,32,False,150,,,l1,0.3,False,2000,1,0.0,0.02,0.15,6.0,1.0,26.6099,0.87892,0.94898,,27.483531925819808,observed,,2000,1500,False,,0.3044896125793457,4.684164047241211
kodim07,results/datasets/abl004/kodak24/kodim07.png,512,768,768,quadtree_wse,quadtree_wse,wse,none,,,1500,35.0,"[28.0, 30.0, 32.0, 35.0]",512,cuda,,0.0001,32,False,150,,,l1,0.3,False,2000,0,0.0,0.02,0.15,6.0,1.0,25.2234,0.87156,0.93785,,27.115098120452085,observed,,2000,1500,False,,0.7041540145874023,4.570598602294922
kodim07,results/datasets/abl004/kodak24/kodim07.png,512,768,768,quadtree_wse,quadtree_wse,wse,none,,,1500,35.0,"[28.0, 30.0, 32.0, 35.0]",512,cuda,,0.0001,32,False,150,,,l1,0.3,False,2000,1,0.0,0.02,0.15,6.0,1.0,25.8482,0.87548,0.9427,,27.685610213225647,observed,,2000,1500,False,,0.690762996673584,4.700773239135742
kodim08,results/datasets/abl004/kodak24/kodim08.png,512,768,768,aniso_flanking,aniso_flanking,wse,none,,,1500,35.0,"[28.0, 30.0, 32.0, 35.0]",512,cuda,,0.0001,32,False,150,,,l1,0.3,False,2000,0,0.5,0.02,0.15,6.0,1.0,20.6532,0.68845,0.87949,,21.03761009918681,observed,,2000,1500,False,,0.2966644763946533,4.437314748764038
kodim08,results/datasets/abl004/kodak24/kodim08.png,512,768,768,aniso_flanking,aniso_flanking,wse,none,,,1500,35.0,"[28.0, 30.0, 32.0, 35.0]",512,cuda,,0.0001,32,False,150,,,l1,0.3,False,2000,1,0.5,0.02,0.15,6.0,1.0,20.0326,0.6806,0.86577,,20.971418715382196,observed,,2000,1500,False,,0.3072509765625,4.2833921909332275
kodim08,results/datasets/abl004/kodak24/kodim08.png,512,768,768,aniso_onedge,aniso_onedge,wse,none,,,1500,35.0,"[28.0, 30.0, 32.0, 35.0]",512,cuda,,0.0001,32,False,150,,,l1,0.3,False,2000,0,0.0,0.02,0.15,6.0,1.0,20.3997,0.6896,0.87511,,21.047131479860067,observed,,2000,1500,False,,0.32491445541381836,4.377999782562256
kodim08,results/datasets/abl004/kodak24/kodim08.png,512,768,768,aniso_onedge,aniso_onedge,wse,none,,,1500,35.0,"[28.0, 30.0, 32.0, 35.0]",512,cuda,,0.0001,32,False,150,,,l1,0.3,False,2000,1,0.0,0.02,0.15,6.0,1.0,20.8701,0.69207,0.88533,,21.151830558064304,observed,,2000,1500,False,,0.3211252689361572,4.53842306137085
kodim08,results/datasets/abl004/kodak24/kodim08.png,512,768,768,floyd_steinberg,aniso_flanking,floyd_steinberg,none,,,1500,35.0,"[28.0, 30.0, 32.0, 35.0]",512,cuda,,0.0001,32,False,150,,,l1,0.3,False,2000,0,0.5,0.02,0.15,6.0,1.0,17.1474,0.64635,0.82931,,18.21430959058969,observed,,2000,1500,False,,0.4031376838684082,5.32324743270874
kodim08,results/datasets/abl004/kodak24/kodim08.png,512,768,768,floyd_steinberg,aniso_flanking,floyd_steinberg,none,,,1500,35.0,"[28.0, 30.0, 32.0, 35.0]",512,cuda,,0.0001,32,False,150,,,l1,0.3,False,2000,1,0.5,0.02,0.15,6.0,1.0,18.8952,0.65962,0.85293,,18.841146906826637,observed,,2000,1500,False,,0.409773588180542,5.3539557456970215
kodim08,results/datasets/abl004/kodak24/kodim08.png,512,768,768,iso_blue_noise,iso_blue_noise,wse,none,,,1500,35.0,"[28.0, 30.0, 32.0, 35.0]",512,cuda,,0.0001,32,False,150,,,l1,0.3,False,2000,0,0.0,0.02,0.15,6.0,1.0,20.8426,0.68449,0.88421,,20.734295989450732,observed,,2000,1500,False,,0.2310199737548828,4.558776140213013
kodim08,results/datasets/abl004/kodak24/kodim08.png,512,768,768,iso_blue_noise,iso_blue_noise,wse,none,,,1500,35.0,"[28.0, 30.0, 32.0, 35.0]",512,cuda,,0.0001,32,False,150,,,l1,0.3,False,2000,1,0.0,0.02,0.15,6.0,1.0,20.2324,0.68124,0.87844,,20.499447921182888,observed,,2000,1500,False,,0.24097657203674316,4.252902507781982
kodim08,results/datasets/abl004/kodak24/kodim08.png,512,768,768,quadtree_hybrid,quadtree_hybrid,wse,none,,,1500,35.0,"[28.0, 30.0, 32.0, 35.0]",512,cuda,,0.0001,32,False,150,,,l1,0.3,False,2000,0,0.0,0.02,0.15,6.0,1.0,20.2464,0.68827,0.87242,,20.877868904917936,observed,,2000,1500,False,,0.3063344955444336,4.36904764175415
kodim08,results/datasets/abl004/kodak24/kodim08.png,512,768,768,quadtree_hybrid,quadtree_hybrid,wse,none,,,1500,35.0,"[28.0, 30.0, 32.0, 35.0]",512,cuda,,0.0001,32,False,150,,,l1,0.3,False,2000,1,0.0,0.02,0.15,6.0,1.0,20.4271,0.69168,0.87914,,20.84685855074037,observed,,2000,1500,False,,0.2824218273162842,4.8290886878967285
kodim08,results/datasets/abl004/kodak24/kodim08.png,512,768,768,quadtree_wse,quadtree_wse,wse,none,,,1500,35.0,"[28.0, 30.0, 32.0, 35.0]",512,cuda,,0.0001,32,False,150,,,l1,0.3,False,2000,0,0.0,0.02,0.15,6.0,1.0,20.3885,0.68802,0.87542,,20.835026504995028,observed,,2000,1500,False,,0.7239453792572021,4.178407907485962
kodim08,results/datasets/abl004/kodak24/kodim08.png,512,768,768,quadtree_wse,quadtree_wse,wse,none,,,1500,35.0,"[28.0, 30.0, 32.0, 35.0]",512,cuda,,0.0001,32,False,150,,,l1,0.3,False,2000,1,0.0,0.02,0.15,6.0,1.0,20.254,0.68341,0.87273,,20.61511197195123,observed,,2000,1500,False,,0.7220053672790527,5.100747585296631
kodim09,results/datasets/abl004/kodak24/kodim09.png,768,512,768,aniso_flanking,aniso_flanking,wse,none,,,1500,35.0,"[28.0, 30.0, 32.0, 35.0]",512,cuda,,0.0001,32,False,150,,,l1,0.3,False,2000,0,0.5,0.02,0.15,6.0,1.0,30.6154,0.8759,0.9638,,30.221413178472538,observed,,2000,1500,False,,0.3309168815612793,5.256221532821655
kodim09,results/datasets/abl004/kodak24/kodim09.png,768,512,768,aniso_flanking,aniso_flanking,wse,none,,,1500,35.0,"[28.0, 30.0, 32.0, 35.0]",512,cuda,,0.0001,32,False,150,,,l1,0.3,False,2000,1,0.5,0.02,0.15,6.0,1.0,30.5087,0.87563,0.96294,,30.289189603982408,observed,,2000,1500,False,,0.33576083183288574,5.38450288772583
kodim09,results/datasets/abl004/kodak24/kodim09.png,768,512,768,aniso_onedge,aniso_onedge,wse,none,,,1500,35.0,"[28.0, 30.0, 32.0, 35.0]",512,cuda,,0.0001,32,False,150,,,l1,0.3,False,2000,0,0.0,0.02,0.15,6.0,1.0,30.5336,0.87534,0.96291,,30.350060585103407,observed,,2000,1500,False,,0.3282442092895508,5.352275848388672
kodim09,results/datasets/abl004/kodak24/kodim09.png,768,512,768,aniso_onedge,aniso_onedge,wse,none,,,1500,35.0,"[28.0, 30.0, 32.0, 35.0]",512,cuda,,0.0001,32,False,150,,,l1,0.3,False,2000,1,0.0,0.02,0.15,6.0,1.0,31.0089,0.87616,0.96448,,30.484679750794964,observed,,2000,1500,False,,0.32875800132751465,5.459919452667236
kodim09,results/datasets/abl004/kodak24/kodim09.png,768,512,768,floyd_steinberg,aniso_flanking,floyd_steinberg,none,,,1500,35.0,"[28.0, 30.0, 32.0, 35.0]",512,cuda,,0.0001,32,False,150,,,l1,0.3,False,2000,0,0.5,0.02,0.15,6.0,1.0,31.0152,0.87777,0.96577,,30.055644824236055,observed,,2000,1500,False,,0.39522814750671387,5.431803941726685
kodim09,results/datasets/abl004/kodak24/kodim09.png,768,512,768,floyd_steinberg,aniso_flanking,floyd_steinberg,none,,,1500,35.0,"[28.0, 30.0, 32.0, 35.0]",512,cuda,,0.0001,32,False,150,,,l1,0.3,False,2000,1,0.5,0.02,0.15,6.0,1.0,30.854,0.8777,0.9657,,30.126378037119963,observed,,2000,1500,False,,0.393465518951416,5.028379440307617
kodim09,results/datasets/abl004/kodak24/kodim09.png,768,512,768,iso_blue_noise,iso_blue_noise,wse,none,,,1500,35.0,"[28.0, 30.0, 32.0, 35.0]",512,cuda,,0.0001,32,False,150,,,l1,0.3,False,2000,0,0.0,0.02,0.15,6.0,1.0,30.7256,0.86938,0.96305,,30.063367527433044,observed,,2000,1500,False,,0.2540247440338135,5.275430679321289
kodim09,results/datasets/abl004/kodak24/kodim09.png,768,512,768,iso_blue_noise,iso_blue_noise,wse,none,,,1500,35.0,"[28.0, 30.0, 32.0, 35.0]",512,cuda,,0.0001,32,False,150,,,l1,0.3,False,2000,1,0.0,0.02,0.15,6.0,1.0,29.6427,0.87035,0.96083,,29.66194574128317,observed,,2000,1500,False,,0.24298930168151855,4.992121458053589
kodim09,results/datasets/abl004/kodak24/kodim09.png,768,512,768,quadtree_hybrid,quadtree_hybrid,wse,none,,,1500,35.0,"[28.0, 30.0, 32.0, 35.0]",512,cuda,,0.0001,32,False,150,,,l1,0.3,False,2000,0,0.0,0.02,0.15,6.0,1.0,30.5285,0.87462,0.96329,,30.170289689179178,observed,,2000,1500,False,,0.30462026596069336,5.435593843460083
kodim09,results/datasets/abl004/kodak24/kodim09.png,768,512,768,quadtree_hybrid,quadtree_hybrid,wse,none,,,1500,35.0,"[28.0, 30.0, 32.0, 35.0]",512,cuda,,0.0001,32,False,150,,,l1,0.3,False,2000,1,0.0,0.02,0.15,6.0,1.0,29.8236,0.8732,0.96106,,30.108739336305177,observed,,2000,1500,False,,0.31021881103515625,5.346187353134155
kodim09,results/datasets/abl004/kodak24/kodim09.png,768,512,768,quadtree_wse,quadtree_wse,wse,none,,,1500,35.0,"[28.0, 30.0, 32.0, 35.0]",512,cuda,,0.0001,32,False,150,,,l1,0.3,False,2000,0,0.0,0.02,0.15,6.0,1.0,30.8213,0.87477,0.96182,,30.450050878238486,observed,,2000,1500,False,,0.6633915901184082,5.298683166503906
kodim09,results/datasets/abl004/kodak24/kodim09.png,768,512,768,quadtree_wse,quadtree_wse,wse,none,,,1500,35.0,"[28.0, 30.0, 32.0, 35.0]",512,cuda,,0.0001,32,False,150,,,l1,0.3,False,2000,1,0.0,0.02,0.15,6.0,1.0,30.8306,0.87339,0.96298,,30.342431086870413,observed,,2000,1500,False,,0.6677238941192627,5.481706142425537
kodim10,results/datasets/abl004/kodak24/kodim10.png,768,512,768,aniso_flanking,aniso_flanking,wse,none,,,1500,35.0,"[28.0, 30.0, 32.0, 35.0]",512,cuda,,0.0001,32,False,150,,,l1,0.3,False,2000,0,0.5,0.02,0.15,6.0,1.0,31.6599,0.88974,0.96951,,31.0217692602309,observed,,2000,1500,False,,0.3274960517883301,5.175226211547852
kodim10,results/datasets/abl004/kodak24/kodim10.png,768,512,768,aniso_flanking,aniso_flanking,wse,none,,,1500,35.0,"[28.0, 30.0, 32.0, 35.0]",512,cuda,,0.0001,32,False,150,,,l1,0.3,False,2000,1,0.5,0.02,0.15,6.0,1.0,30.9557,0.88323,0.9635,,30.76120196858432,observed,,2000,1500,False,,0.3408529758453369,5.572971820831299
kodim10,results/datasets/abl004/kodak24/kodim10.png,768,512,768,aniso_onedge,aniso_onedge,wse,none,,,1500,35.0,"[28.0, 30.0, 32.0, 35.0]",512,cuda,,0.0001,32,False,150,,,l1,0.3,False,2000,0,0.0,0.02,0.15,6.0,1.0,30.6872,0.88659,0.96709,,30.865536371018585,observed,,2000,1500,False,,0.32695627212524414,5.437682867050171
kodim10,results/datasets/abl004/kodak24/kodim10.png,768,512,768,aniso_onedge,aniso_onedge,wse,none,,,1500,35.0,"[28.0, 30.0, 32.0, 35.0]",512,cuda,,0.0001,32,False,150,,,l1,0.3,False,2000,1,0.0,0.02,0.15,6.0,1.0,31.739,0.88849,0.96808,,31.156024385087086,observed,,2000,1500,False,,0.33086061477661133,4.949128866195679
kodim10,results/datasets/abl004/kodak24/kodim10.png,768,512,768,floyd_steinberg,aniso_flanking,floyd_steinberg,none,,,1500,35.0,"[28.0, 30.0, 32.0, 35.0]",512,cuda,,0.0001,32,False,150,,,l1,0.3,False,2000,0,0.5,0.02,0.15,6.0,1.0,30.8256,0.87679,0.9598,,30.3098610921889,observed,,2000,1500,False,,0.39548659324645996,5.8907248973846436
kodim10,results/datasets/abl004/kodak24/kodim10.png,768,512,768,floyd_steinberg,aniso_flanking,floyd_steinberg,none,,,1500,35.0,"[28.0, 30.0, 32.0, 35.0]",512,cuda,,0.0001,32,False,150,,,l1,0.3,False,2000,1,0.5,0.02,0.15,6.0,1.0,30.9734,0.87485,0.95929,,29.957363749600155,observed,,2000,1500,False,,0.3970961570739746,5.72126030921936
kodim10,results/datasets/abl004/kodak24/kodim10.png,768,512,768,iso_blue_noise,iso_blue_noise,wse,none,,,1500,35.0,"[28.0, 30.0, 32.0, 35.0]",512,cuda,,0.0001,32,False,150,,,l1,0.3,False,2000,0,0.0,0.02,0.15,6.0,1.0,31.2066,0.87856,0.96382,,30.441042711768173,observed,,2000,1500,False,,0.21473145484924316,5.163579225540161
kodim10,results/datasets/abl004/kodak24/kodim10.png,768,512,768,iso_blue_noise,iso_blue_noise,wse,none,,,1500,35.0,"[28.0, 30.0, 32.0, 35.0]",512,cuda,,0.0001,32,False,150,,,l1,0.3,False,2000,1,0.0,0.02,0.15,6.0,1.0,31.1369,0.87836,0.96389,,30.291906755077115,observed,,2000,1500,False,,0.24367690086364746,5.408441543579102
kodim10,results/datasets/abl004/kodak24/kodim10.png,768,512,768,quadtree_hybrid,quadtree_hybrid,wse,none,,,1500,35.0,"[28.0, 30.0, 32.0, 35.0]",512,cuda,,0.0001,32,False,150,,,l1,0.3,False,2000,0,0.0,0.02,0.15,6.0,1.0,31.2509,0.88237,0.96614,,30.740687787015887,observed,,2000,1500,False,,0.2941122055053711,5.486229181289673
kodim10,results/datasets/abl004/kodak24/kodim10.png,768,512,768,quadtree_hybrid,quadtree_hybrid,wse,none,,,1500,35.0,"[28.0, 30.0, 32.0, 35.0]",512,cuda,,0.0001,32,False,150,,,l1,0.3,False,2000,1,0.0,0.02,0.15,6.0,1.0,31.2679,0.88466,0.96672,,30.7851012950742,observed,,2000,1500,False,,0.31407809257507324,5.694912910461426
kodim10,results/datasets/abl004/kodak24/kodim10.png,768,512,768,quadtree_wse,quadtree_wse,wse,none,,,1500,35.0,"[28.0, 30.0, 32.0, 35.0]",512,cuda,,0.0001,32,False,150,,,l1,0.3,False,2000,0,0.0,0.02,0.15,6.0,1.0,31.2564,0.88567,0.96633,,30.83417183594198,observed,,2000,1500,False,,0.6854870319366455,5.477598190307617
kodim10,results/datasets/abl004/kodak24/kodim10.png,768,512,768,quadtree_wse,quadtree_wse,wse,none,,,1500,35.0,"[28.0, 30.0, 32.0, 35.0]",512,cuda,,0.0001,32,False,150,,,l1,0.3,False,2000,1,0.0,0.02,0.15,6.0,1.0,31.8073,0.88752,0.96865,,31.175037899360884,observed,,2000,1500,False,,0.6849691867828369,5.646621227264404
kodim11,results/datasets/abl004/kodak24/kodim11.png,512,768,768,aniso_flanking,aniso_flanking,wse,none,,,1500,35.0,"[28.0, 30.0, 32.0, 35.0]",512,cuda,,0.0001,32,False,150,,,l1,0.3,False,2000,0,0.5,0.02,0.15,6.0,1.0,26.6965,0.75867,0.91419,,26.680398815707257,observed,,2000,1500,False,,0.3279268741607666,5.36696720123291
kodim11,results/datasets/abl004/kodak24/kodim11.png,512,768,768,aniso_flanking,aniso_flanking,wse,none,,,1500,35.0,"[28.0, 30.0, 32.0, 35.0]",512,cuda,,0.0001,32,False,150,,,l1,0.3,False,2000,1,0.5,0.02,0.15,6.0,1.0,26.7943,0.75799,0.91282,,26.80951550453802,observed,,2000,1500,False,,0.33832788467407227,5.2635462284088135
kodim11,results/datasets/abl004/kodak24/kodim11.png,512,768,768,aniso_onedge,aniso_onedge,wse,none,,,1500,35.0,"[28.0, 30.0, 32.0, 35.0]",512,cuda,,0.0001,32,False,150,,,l1,0.3,False,2000,0,0.0,0.02,0.15,6.0,1.0,26.8493,0.76048,0.91441,,26.73887215716748,observed,,2000,1500,False,,0.32972288131713867,5.403210163116455
kodim11,results/datasets/abl004/kodak24/kodim11.png,512,768,768,aniso_onedge,aniso_onedge,wse,none,,,1500,35.0,"[28.0, 30.0, 32.0, 35.0]",512,cuda,,0.0001,32,False,150,,,l1,0.3,False,2000,1,0.0,0.02,0.15,6.0,1.0,27.0945,0.76151,0.91846,,26.868858900445552,observed,,2000,1500,False,,0.3418385982513428,5.34224271774292
kodim11,results/datasets/abl004/kodak24/kodim11.png,512,768,768,floyd_steinberg,aniso_flanking,floyd_steinberg,none,,,1500,35.0,"[28.0, 30.0, 32.0, 35.0]",512,cuda,,0.0001,32,False,150,,,l1,0.3,False,2000,0,0.5,0.02,0.15,6.0,1.0,26.8328,0.74766,0.90897,,19.44095964539918,observed,,2000,1500,False,,0.39597320556640625,5.350169658660889
kodim11,results/datasets/abl004/kodak24/kodim11.png,512,768,768,floyd_steinberg,aniso_flanking,floyd_steinberg,none,,,1500,35.0,"[28.0, 30.0, 32.0, 35.0]",512,cuda,,0.0001,32,False,150,,,l1,0.3,False,2000,1,0.5,0.02,0.15,6.0,1.0,18.0187,0.68418,0.82242,,19.5557956638298,observed,,2000,1500,False,,0.39345693588256836,5.446318864822388
kodim11,results/datasets/abl004/kodak24/kodim11.png,512,768,768,iso_blue_noise,iso_blue_noise,wse,none,,,1500,35.0,"[28.0, 30.0, 32.0, 35.0]",512,cuda,,0.0001,32,False,150,,,l1,0.3,False,2000,0,0.0,0.02,0.15,6.0,1.0,26.493,0.74704,0.90806,,26.50534906190105,observed,,2000,1500,False,,0.22901582717895508,5.002832651138306
kodim11,results/datasets/abl004/kodak24/kodim11.png,512,768,768,iso_blue_noise,iso_blue_noise,wse,none,,,1500,35.0,"[28.0, 30.0, 32.0, 35.0]",512,cuda,,0.0001,32,False,150,,,l1,0.3,False,2000,1,0.0,0.02,0.15,6.0,1.0,26.6805,0.74902,0.90959,,26.38934004251125,observed,,2000,1500,False,,0.24492549896240234,5.158731698989868
kodim11,results/datasets/abl004/kodak24/kodim11.png,512,768,768,quadtree_hybrid,quadtree_hybrid,wse,none,,,1500,35.0,"[28.0, 30.0, 32.0, 35.0]",512,cuda,,0.0001,32,False,150,,,l1,0.3,False,2000,0,0.0,0.02,0.15,6.0,1.0,26.7835,0.7592,0.91338,,26.67348208882317,observed,,2000,1500,False,,0.377744197845459,5.066425800323486
kodim11,results/datasets/abl004/kodak24/kodim11.png,512,768,768,quadtree_hybrid,quadtree_hybrid,wse,none,,,1500,35.0,"[28.0, 30.0, 32.0, 35.0]",512,cuda,,0.0001,32,False,150,,,l1,0.3,False,2000,1,0.0,0.02,0.15,6.0,1.0,26.8876,0.75968,0.91505,,26.730007431839528,observed,,2000,1500,False,,0.30337047576904297,5.338073015213013
kodim11,results/datasets/abl004/kodak24/kodim11.png,512,768,768,quadtree_wse,quadtree_wse,wse,none,,,1500,35.0,"[28.0, 30.0, 32.0, 35.0]",512,cuda,,0.0001,32,False,150,,,l1,0.3,False,2000,0,0.0,0.02,0.15,6.0,1.0,26.8255,0.75669,0.91093,,26.690916060128952,observed,,2000,1500,False,,0.6921894550323486,5.1527650356292725
kodim11,results/datasets/abl004/kodak24/kodim11.png,512,768,768,quadtree_wse,quadtree_wse,wse,none,,,1500,35.0,"[28.0, 30.0, 32.0, 35.0]",512,cuda,,0.0001,32,False,150,,,l1,0.3,False,2000,1,0.0,0.02,0.15,6.0,1.0,26.6825,0.75929,0.9126,,26.75842243357449,observed,,2000,1500,False,,0.6742599010467529,5.167316675186157
kodim12,results/datasets/abl004/kodak24/kodim12.png,512,768,768,aniso_flanking,aniso_flanking,wse,none,,,1500,35.0,"[28.0, 30.0, 32.0, 35.0]",512,cuda,,0.0001,32,False,150,,,l1,0.3,False,2000,0,0.5,0.02,0.15,6.0,1.0,28.9879,0.82863,0.9271,,30.35135056226551,observed,,2000,1500,False,,0.31787943840026855,5.041515111923218
kodim12,results/datasets/abl004/kodak24/kodim12.png,512,768,768,aniso_flanking,aniso_flanking,wse,none,,,1500,35.0,"[28.0, 30.0, 32.0, 35.0]",512,cuda,,0.0001,32,False,150,,,l1,0.3,False,2000,1,0.5,0.02,0.15,6.0,1.0,29.6613,0.82997,0.93253,,30.545837594478268,observed,,2000,1500,False,,0.32498979568481445,5.202770233154297
kodim12,results/datasets/abl004/kodak24/kodim12.png,512,768,768,aniso_onedge,aniso_onedge,wse,none,,,1500,35.0,"[28.0, 30.0, 32.0, 35.0]",512,cuda,,0.0001,32,False,150,,,l1,0.3,False,2000,0,0.0,0.02,0.15,6.0,1.0,29.2366,0.82934,0.93331,,30.485074323205012,observed,,2000,1500,False,,0.3156862258911133,5.322383403778076
kodim12,results/datasets/abl004/kodak24/kodim12.png,512,768,768,aniso_onedge,aniso_onedge,wse,none,,,1500,35.0,"[28.0, 30.0, 32.0, 35.0]",512,cuda,,0.0001,32,False,150,,,l1,0.3,False,2000,1,0.0,0.02,0.15,6.0,1.0,28.8381,0.82683,0.93219,,30.74171752878791,observed,,2000,1500,False,,0.32169127464294434,5.446409225463867
kodim12,results/datasets/abl004/kodak24/kodim12.png,512,768,768,floyd_steinberg,aniso_flanking,floyd_steinberg,none,,,1500,35.0,"[28.0, 30.0, 32.0, 35.0]",512,cuda,,0.0001,32,False,150,,,l1,0.3,False,2000,0,0.5,0.02,0.15,6.0,1.0,30.1505,0.82217,0.92903,,30.209387047597772,observed,,2000,1500,False,,0.39506053924560547,4.826943874359131
kodim12,results/datasets/abl004/kodak24/kodim12.png,512,768,768,floyd_steinberg,aniso_flanking,floyd_steinberg,none,,,1500,35.0,"[28.0, 30.0, 32.0, 35.0]",512,cuda,,0.0001,32,False,150,,,l1,0.3,False,2000,1,0.5,0.02,0.15,6.0,1.0,29.5648,0.82112,0.92672,,30.115112923716925,observed,,2000,1500,False,,0.4045596122741699,4.8824779987335205
kodim12,results/datasets/abl004/kodak24/kodim12.png,512,768,768,iso_blue_noise,iso_blue_noise,wse,none,,,1500,35.0,"[28.0, 30.0, 32.0, 35.0]",512,cuda,,0.0001,32,False,150,,,l1,0.3,False,2000,0,0.0,0.02,0.15,6.0,1.0,29.5452,0.82224,0.93259,,29.74390005985843,observed,,2000,1500,False,,0.24381566047668457,4.52100133895874
kodim12,results/datasets/abl004/kodak24/kodim12.png,512,768,768,iso_blue_noise,iso_blue_noise,wse,none,,,1500,35.0,"[28.0, 30.0, 32.0, 35.0]",512,cuda,,0.0001,32,False,150,,,l1,0.3,False,2000,1,0.0,0.02,0.15,6.0,1.0,30.1607,0.82022,0.93235,,30.282623272565623,observed,,2000,1500,False,,0.23994684219360352,4.897064685821533
kodim12,results/datasets/abl004/kodak24/kodim12.png,512,768,768,quadtree_hybrid,quadtree_hybrid,wse,none,,,1500,35.0,"[28.0, 30.0, 32.0, 35.0]",512,cuda,,0.0001,32,False,150,,,l1,0.3,False,2000,0,0.0,0.02,0.15,6.0,1.0,29.5959,0.8277,0.93215,,30.239803158338265,observed,,2000,1500,False,,0.3024454116821289,4.7845680713653564
kodim12,results/datasets/abl004/kodak24/kodim12.png,512,768,768,quadtree_hybrid,quadtree_hybrid,wse,none,,,1500,35.0,"[28.0, 30.0, 32.0, 35.0]",512,cuda,,0.0001,32,False,150,,,l1,0.3,False,2000,1,0.0,0.02,0.15,6.0,1.0,30.8613,0.83071,0.93969,,30.704625706103265,observed,,2000,1500,False,,0.29915738105773926,5.016418695449829
kodim12,results/datasets/abl004/kodak24/kodim12.png,512,768,768,quadtree_wse,quadtree_wse,wse,none,,,1500,35.0,"[28.0, 30.0, 32.0, 35.0]",512,cuda,,0.0001,32,False,150,,,l1,0.3,False,2000,0,0.0,0.02,0.15,6.0,1.0,30.6782,0.82873,0.93638,,30.536936382677972,observed,,2000,1500,False,,0.7389554977416992,4.796127796173096
kodim12,results/datasets/abl004/kodak24/kodim12.png,512,768,768,quadtree_wse,quadtree_wse,wse,none,,,1500,35.0,"[28.0, 30.0, 32.0, 35.0]",512,cuda,,0.0001,32,False,150,,,l1,0.3,False,2000,1,0.0,0.02,0.15,6.0,1.0,29.4641,0.82656,0.92735,,30.2486205085108,observed,,2000,1500,False,,0.7580606937408447,4.70939302444458
kodim13,results/datasets/abl004/kodak24/kodim13.png,512,768,768,aniso_flanking,aniso_flanking,wse,none,,,1500,35.0,"[28.0, 30.0, 32.0, 35.0]",512,cuda,,0.0001,32,False,150,,,l1,0.3,False,2000,0,0.5,0.02,0.15,6.0,1.0,20.3657,0.50374,0.79738,,20.453103779951203,observed,,2000,1500,False,,0.3366215229034424,4.990038871765137
kodim13,results/datasets/abl004/kodak24/kodim13.png,512,768,768,aniso_flanking,aniso_flanking,wse,none,,,1500,35.0,"[28.0, 30.0, 32.0, 35.0]",512,cuda,,0.0001,32,False,150,,,l1,0.3,False,2000,1,0.5,0.02,0.15,6.0,1.0,20.2784,0.50598,0.80285,,20.278615693238038,observed,,2000,1500,False,,0.31134843826293945,4.650131464004517
kodim13,results/datasets/abl004/kodak24/kodim13.png,512,768,768,aniso_onedge,aniso_onedge,wse,none,,,1500,35.0,"[28.0, 30.0, 32.0, 35.0]",512,cuda,,0.0001,32,False,150,,,l1,0.3,False,2000,0,0.0,0.02,0.15,6.0,1.0,20.4528,0.50669,0.80191,,20.451879117073737,observed,,2000,1500,False,,0.31929755210876465,5.220232009887695
kodim13,results/datasets/abl004/kodak24/kodim13.png,512,768,768,aniso_onedge,aniso_onedge,wse,none,,,1500,35.0,"[28.0, 30.0, 32.0, 35.0]",512,cuda,,0.0001,32,False,150,,,l1,0.3,False,2000,1,0.0,0.02,0.15,6.0,1.0,20.4753,0.50793,0.80261,,20.507976879351453,observed,,2000,1500,False,,0.31406188011169434,4.923823833465576
kodim13,results/datasets/abl004/kodak24/kodim13.png,512,768,768,floyd_steinberg,aniso_flanking,floyd_steinberg,none,,,1500,35.0,"[28.0, 30.0, 32.0, 35.0]",512,cuda,,0.0001,32,False,150,,,l1,0.3,False,2000,0,0.5,0.02,0.15,6.0,1.0,17.1474,0.46969,0.7568,,18.14911663190296,observed,,2000,1500,False,,0.3943312168121338,5.385862588882446
kodim13,results/datasets/abl004/kodak24/kodim13.png,512,768,768,floyd_steinberg,aniso_flanking,floyd_steinberg,none,,,1500,35.0,"[28.0, 30.0, 32.0, 35.0]",512,cuda,,0.0001,32,False,150,,,l1,0.3,False,2000,1,0.5,0.02,0.15,6.0,1.0,18.7581,0.47861,0.7766,,19.81538084207017,observed,,2000,1500,False,,0.3896818161010742,5.346203804016113
kodim13,results/datasets/abl004/kodak24/kodim13.png,512,768,768,iso_blue_noise,iso_blue_noise,wse,none,,,1500,35.0,"[28.0, 30.0, 32.0, 35.0]",512,cuda,,0.0001,32,False,150,,,l1,0.3,False,2000,0,0.0,0.02,0.15,6.0,1.0,20.079,0.49244,0.78847,,20.1593563590072,observed,,2000,1500,False,,0.22279000282287598,5.0604283809661865
kodim13,results/datasets/abl004/kodak24/kodim13.png,512,768,768,iso_blue_noise,iso_blue_noise,wse,none,,,1500,35.0,"[28.0, 30.0, 32.0, 35.0]",512,cuda,,0.0001,32,False,150,,,l1,0.3,False,2000,1,0.0,0.02,0.15,6.0,1.0,19.9999,0.4916,0.78771,,20.17340089163039,observed,,2000,1500,False,,0.2243027687072754,5.208595037460327
kodim13,results/datasets/abl004/kodak24/kodim13.png,512,768,768,quadtree_hybrid,quadtree_hybrid,wse,none,,,1500,35.0,"[28.0, 30.0, 32.0, 35.0]",512,cuda,,0.0001,32,False,150,,,l1,0.3,False,2000,0,0.0,0.02,0.15,6.0,1.0,20.3838,0.50824,0.8004,,20.399553449095052,observed,,2000,1500,False,,0.28263258934020996,4.994498014450073
kodim13,results/datasets/abl004/kodak24/kodim13.png,512,768,768,quadtree_hybrid,quadtree_hybrid,wse,none,,,1500,35.0,"[28.0, 30.0, 32.0, 35.0]",512,cuda,,0.0001,32,False,150,,,l1,0.3,False,2000,1,0.0,0.02,0.15,6.0,1.0,20.1201,0.50813,0.80311,,20.313500759361425,observed,,2000,1500,False,,0.27110838890075684,5.024965524673462
kodim13,results/datasets/abl004/kodak24/kodim13.png,512,768,768,quadtree_wse,quadtree_wse,wse,none,,,1500,35.0,"[28.0, 30.0, 32.0, 35.0]",512,cuda,,0.0001,32,False,150,,,l1,0.3,False,2000,0,0.0,0.02,0.15,6.0,1.0,20.2018,0.50459,0.79818,,20.379546579637076,observed,,2000,1500,False,,0.5700290203094482,5.010301113128662
kodim13,results/datasets/abl004/kodak24/kodim13.png,512,768,768,quadtree_wse,quadtree_wse,wse,none,,,1500,35.0,"[28.0, 30.0, 32.0, 35.0]",512,cuda,,0.0001,32,False,150,,,l1,0.3,False,2000,1,0.0,0.02,0.15,6.0,1.0,20.1404,0.50324,0.79743,,20.400656900539488,observed,,2000,1500,False,,0.5800557136535645,4.711402893066406
kodim14,results/datasets/abl004/kodak24/kodim14.png,512,768,768,aniso_flanking,aniso_flanking,wse,none,,,1500,35.0,"[28.0, 30.0, 32.0, 35.0]",512,cuda,,0.0001,32,False,150,,,l1,0.3,False,2000,0,0.5,0.02,0.15,6.0,1.0,24.7249,0.67429,0.88479,,24.779733759630037,observed,,2000,1500,False,,0.31963372230529785,5.212864398956299
kodim14,results/datasets/abl004/kodak24/kodim14.png,512,768,768,aniso_flanking,aniso_flanking,wse,none,,,1500,35.0,"[28.0, 30.0, 32.0, 35.0]",512,cuda,,0.0001,32,False,150,,,l1,0.3,False,2000,1,0.5,0.02,0.15,6.0,1.0,24.3304,0.67267,0.88343,,24.585039786452686,observed,,2000,1500,False,,0.3243687152862549,5.203563928604126
kodim14,results/datasets/abl004/kodak24/kodim14.png,512,768,768,aniso_onedge,aniso_onedge,wse,none,,,1500,35.0,"[28.0, 30.0, 32.0, 35.0]",512,cuda,,0.0001,32,False,150,,,l1,0.3,False,2000,0,0.0,0.02,0.15,6.0,1.0,24.7117,0.67917,0.88876,,24.790702786105246,observed,,2000,1500,False,,0.31201863288879395,5.361645936965942
kodim14,results/datasets/abl004/kodak24/kodim14.png,512,768,768,aniso_onedge,aniso_onedge,wse,none,,,1500,35.0,"[28.0, 30.0, 32.0, 35.0]",512,cuda,,0.0001,32,False,150,,,l1,0.3,False,2000,1,0.0,0.02,0.15,6.0,1.0,24.4084,0.67819,0.88669,,24.671725616047905,observed,,2000,1500,False,,0.31937718391418457,5.283718824386597
kodim14,results/datasets/abl004/kodak24/kodim14.png,512,768,768,floyd_steinberg,aniso_flanking,floyd_steinberg,none,,,1500,35.0,"[28.0, 30.0, 32.0, 35.0]",512,cuda,,0.0001,32,False,150,,,l1,0.3,False,2000,0,0.5,0.02,0.15,6.0,1.0,23.9019,0.64762,0.86623,,24.115196707727435,observed,,2000,1500,False,,0.3970189094543457,5.51378870010376
kodim14,results/datasets/abl004/kodak24/kodim14.png,512,768,768,floyd_steinberg,aniso_flanking,floyd_steinberg,none,,,1500,35.0,"[28.0, 30.0, 32.0, 35.0]",512,cuda,,0.0001,32,False,150,,,l1,0.3,False,2000,1,0.5,0.02,0.15,6.0,1.0,24.0804,0.65043,0.86594,,24.095960622791292,observed,,2000,1500,False,,0.4030625820159912,5.491901636123657
kodim14,results/datasets/abl004/kodak24/kodim14.png,512,768,768,iso_blue_noise,iso_blue_noise,wse,none,,,1500,35.0,"[28.0, 30.0, 32.0, 35.0]",512,cuda,,0.0001,32,False,150,,,l1,0.3,False,2000,0,0.0,0.02,0.15,6.0,1.0,23.3075,0.65229,0.86956,,23.781903647994742,observed,,2000,1500,False,,0.24830079078674316,5.053687810897827
kodim14,results/datasets/abl004/kodak24/kodim14.png,512,768,768,iso_blue_noise,iso_blue_noise,wse,none,,,1500,35.0,"[28.0, 30.0, 32.0, 35.0]",512,cuda,,0.0001,32,False,150,,,l1,0.3,False,2000,1,0.0,0.02,0.15,6.0,1.0,23.9038,0.66375,0.87685,,24.29311956987133,observed,,2000,1500,False,,0.24114561080932617,5.13641095161438
kodim14,results/datasets/abl004/kodak24/kodim14.png,512,768,768,quadtree_hybrid,quadtree_hybrid,wse,none,,,1500,35.0,"[28.0, 30.0, 32.0, 35.0]",512,cuda,,0.0001,32,False,150,,,l1,0.3,False,2000,0,0.0,0.02,0.15,6.0,1.0,24.7266,0.67808,0.8919,,24.657891851810714,observed,,2000,1500,False,,0.29094839096069336,5.4139885902404785
kodim14,results/datasets/abl004/kodak24/kodim14.png,512,768,768,quadtree_hybrid,quadtree_hybrid,wse,none,,,1500,35.0,"[28.0, 30.0, 32.0, 35.0]",512,cuda,,0.0001,32,False,150,,,l1,0.3,False,2000,1,0.0,0.02,0.15,6.0,1.0,23.5922,0.66482,0.87979,,24.29879205333463,observed,,2000,1500,False,,0.2933518886566162,5.390430450439453
kodim14,results/datasets/abl004/kodak24/kodim14.png,512,768,768,quadtree_wse,quadtree_wse,wse,none,,,1500,35.0,"[28.0, 30.0, 32.0, 35.0]",512,cuda,,0.0001,32,False,150,,,l1,0.3,False,2000,0,0.0,0.02,0.15,6.0,1.0,24.9326,0.67772,0.88879,,24.84385674026825,observed,,2000,1500,False,,0.639744758605957,5.3803088665008545
kodim14,results/datasets/abl004/kodak24/kodim14.png,512,768,768,quadtree_wse,quadtree_wse,wse,none,,,1500,35.0,"[28.0, 30.0, 32.0, 35.0]",512,cuda,,0.0001,32,False,150,,,l1,0.3,False,2000,1,0.0,0.02,0.15,6.0,1.0,24.554,0.67346,0.88408,,24.674496020214647,observed,,2000,1500,False,,0.6317892074584961,5.0476672649383545
kodim15,results/datasets/abl004/kodak24/kodim15.png,512,768,768,aniso_flanking,aniso_flanking,wse,none,,,1500,35.0,"[28.0, 30.0, 32.0, 35.0]",512,cuda,,0.0001,32,False,150,,,l1,0.3,False,2000,0,0.5,0.02,0.15,6.0,1.0,30.0434,0.83065,0.94906,,29.77920837351447,observed,,2000,1500,False,,0.321073055267334,4.456538915634155
kodim15,results/datasets/abl004/kodak24/kodim15.png,512,768,768,aniso_flanking,aniso_flanking,wse,none,,,1500,35.0,"[28.0, 30.0, 32.0, 35.0]",512,cuda,,0.0001,32,False,150,,,l1,0.3,False,2000,1,0.5,0.02,0.15,6.0,1.0,30.0609,0.82993,0.94976,,29.807198341883684,observed,,2000,1500,False,,0.32465147972106934,4.545112609863281
kodim15,results/datasets/abl004/kodak24/kodim15.png,512,768,768,aniso_onedge,aniso_onedge,wse,none,,,1500,35.0,"[28.0, 30.0, 32.0, 35.0]",512,cuda,,0.0001,32,False,150,,,l1,0.3,False,2000,0,0.0,0.02,0.15,6.0,1.0,30.2035,0.8325,0.95105,,29.833726259451694,observed,,2000,1500,False,,0.3225741386413574,4.506605863571167
kodim15,results/datasets/abl004/kodak24/kodim15.png,512,768,768,aniso_onedge,aniso_onedge,wse,none,,,1500,35.0,"[28.0, 30.0, 32.0, 35.0]",512,cuda,,0.0001,32,False,150,,,l1,0.3,False,2000,1,0.0,0.02,0.15,6.0,1.0,30.3501,0.83356,0.95231,,29.919224530398807,observed,,2000,1500,False,,0.3223304748535156,4.509408473968506
kodim15,results/datasets/abl004/kodak24/kodim15.png,512,768,768,floyd_steinberg,aniso_flanking,floyd_steinberg,none,,,1500,35.0,"[28.0, 30.0, 32.0, 35.0]",512,cuda,,0.0001,32,False,150,,,l1,0.3,False,2000,0,0.5,0.02,0.15,6.0,1.0,25.3727,0.81342,0.92129,,26.329005532776858,observed,,2000,1500,False,,0.3942742347717285,4.502863168716431
kodim15,results/datasets/abl004/kodak24/kodim15.png,512,768,768,floyd_steinberg,aniso_flanking,floyd_steinberg,none,,,1500,35.0,"[28.0, 30.0, 32.0, 35.0]",512,cuda,,0.0001,32,False,150,,,l1,0.3,False,2000,1,0.5,0.02,0.15,6.0,1.0,24.8243,0.80565,0.9138,,26.09653157468952,observed,,2000,1500,False,,0.3918912410736084,4.471560955047607
kodim15,results/datasets/abl004/kodak24/kodim15.png,512,768,768,iso_blue_noise,iso_blue_noise,wse,none,,,1500,35.0,"[28.0, 30.0, 32.0, 35.0]",512,cuda,,0.0001,32,False,150,,,l1,0.3,False,2000,0,0.0,0.02,0.15,6.0,1.0,30.1032,0.82896,0.94856,,29.500294539036155,observed,,2000,1500,False,,0.25336241722106934,4.3414435386657715
kodim15,results/datasets/abl004/kodak24/kodim15.png,512,768,768,iso_blue_noise,iso_blue_noise,wse,none,,,1500,35.0,"[28.0, 30.0, 32.0, 35.0]",512,cuda,,0.0001,32,False,150,,,l1,0.3,False,2000,1,0.0,0.02,0.15,6.0,1.0,30.0342,0.82978,0.95034,,29.540455131072694,observed,,2000,1500,False,,0.2495720386505127,4.536907911300659
kodim15,results/datasets/abl004/kodak24/kodim15.png,512,768,768,quadtree_hybrid,quadtree_hybrid,wse,none,,,1500,35.0,"[28.0, 30.0, 32.0, 35.0]",512,cuda,,0.0001,32,False,150,,,l1,0.3,False,2000,0,0.0,0.02,0.15,6.0,1.0,30.0944,0.83243,0.95162,,29.679024855401853,observed,,2000,1500,False,,0.31113123893737793,4.652947664260864
kodim15,results/datasets/abl004/kodak24/kodim15.png,512,768,768,quadtree_hybrid,quadtree_hybrid,wse,none,,,1500,35.0,"[28.0, 30.0, 32.0, 35.0]",512,cuda,,0.0001,32,False,150,,,l1,0.3,False,2000,1,0.0,0.02,0.15,6.0,1.0,30.021,0.83081,0.9495,,29.647030052938327,observed,,2000,1500,False,,0.3062267303466797,4.627099990844727
kodim15,results/datasets/abl004/kodak24/kodim15.png,512,768,768,quadtree_wse,quadtree_wse,wse,none,,,1500,35.0,"[28.0, 30.0, 32.0, 35.0]",512,cuda,,0.0001,32,False,150,,,l1,0.3,False,2000,0,0.0,0.02,0.15,6.0,1.0,29.5309,0.82982,0.94623,,29.76754456889717,observed,,2000,1500,False,,0.8118650913238525,4.670834541320801
kodim15,results/datasets/abl004/kodak24/kodim15.png,512,768,768,quadtree_wse,quadtree_wse,wse,none,,,1500,35.0,"[28.0, 30.0, 32.0, 35.0]",512,cuda,,0.0001,32,False,150,,,l1,0.3,False,2000,1,0.0,0.02,0.15,6.0,1.0,30.0757,0.83179,0.94893,,29.83424350657091,observed,,2000,1500,False,,0.8050851821899414,4.654177188873291
kodim16,results/datasets/abl004/kodak24/kodim16.png,512,768,768,aniso_flanking,aniso_flanking,wse,none,,,1500,35.0,"[28.0, 30.0, 32.0, 35.0]",512,cuda,,0.0001,32,False,150,,,l1,0.3,False,2000,0,0.5,0.02,0.15,6.0,1.0,28.9926,0.79328,0.92108,,28.709527798220666,observed,,2000,1500,False,,0.3317112922668457,5.1927900314331055
kodim16,results/datasets/abl004/kodak24/kodim16.png,512,768,768,aniso_flanking,aniso_flanking,wse,none,,,1500,35.0,"[28.0, 30.0, 32.0, 35.0]",512,cuda,,0.0001,32,False,150,,,l1,0.3,False,2000,1,0.5,0.02,0.15,6.0,1.0,29.1244,0.79455,0.92315,,28.890995752183176,observed,,2000,1500,False,,0.3169209957122803,5.415844678878784
kodim16,results/datasets/abl004/kodak24/kodim16.png,512,768,768,aniso_onedge,aniso_onedge,wse,none,,,1500,35.0,"[28.0, 30.0, 32.0, 35.0]",512,cuda,,0.0001,32,False,150,,,l1,0.3,False,2000,0,0.0,0.02,0.15,6.0,1.0,29.0358,0.79252,0.92275,,28.850588021077975,observed,,2000,1500,False,,0.32184481620788574,5.477470636367798
kodim16,results/datasets/abl004/kodak24/kodim16.png,512,768,768,aniso_onedge,aniso_onedge,wse,none,,,1500,35.0,"[28.0, 30.0, 32.0, 35.0]",512,cuda,,0.0001,32,False,150,,,l1,0.3,False,2000,1,0.0,0.02,0.15,6.0,1.0,29.1908,0.79529,0.9247,,28.926847938858245,observed,,2000,1500,False,,0.32761526107788086,5.316794157028198
kodim16,results/datasets/abl004/kodak24/kodim16.png,512,768,768,floyd_steinberg,aniso_flanking,floyd_steinberg,none,,,1500,35.0,"[28.0, 30.0, 32.0, 35.0]",512,cuda,,0.0001,32,False,150,,,l1,0.3,False,2000,0,0.5,0.02,0.15,6.0,1.0,28.9332,0.78725,0.91689,,27.299422949930285,observed,,2000,1500,False,,0.39859509468078613,5.581390857696533
kodim16,results/datasets/abl004/kodak24/kodim16.png,512,768,768,floyd_steinberg,aniso_flanking,floyd_steinberg,none,,,1500,35.0,"[28.0, 30.0, 32.0, 35.0]",512,cuda,,0.0001,32,False,150,,,l1,0.3,False,2000,1,0.5,0.02,0.15,6.0,1.0,27.0238,0.78061,0.90823,,26.465832850231656,observed,,2000,1500,False,,0.3963460922241211,5.586341381072998
kodim16,results/datasets/abl004/kodak24/kodim16.png,512,768,768,iso_blue_noise,iso_blue_noise,wse,none,,,1500,35.0,"[28.0, 30.0, 32.0, 35.0]",512,cuda,,0.0001,32,False,150,,,l1,0.3,False,2000,0,0.0,0.02,0.15,6.0,1.0,28.5522,0.77516,0.91264,,28.423686906128744,observed,,2000,1500,False,,0.23470568656921387,4.9860923290252686
kodim16,results/datasets/abl004/kodak24/kodim16.png,512,768,768,iso_blue_noise,iso_blue_noise,wse,none,,,1500,35.0,"[28.0, 30.0, 32.0, 35.0]",512,cuda,,0.0001,32,False,150,,,l1,0.3,False,2000,1,0.0,0.02,0.15,6.0,1.0,27.8587,0.77165,0.9059,,28.178998603591765,observed,,2000,1500,False,,0.24230599403381348,4.828575134277344
kodim16,results/datasets/abl004/kodak24/kodim16.png,512,768,768,quadtree_hybrid,quadtree_hybrid,wse,none,,,1500,35.0,"[28.0, 30.0, 32.0, 35.0]",512,cuda,,0.0001,32,False,150,,,l1,0.3,False,2000,0,0.0,0.02,0.15,6.0,1.0,28.8005,0.78844,0.92175,,28.61864201111186,observed,,2000,1500,False,,0.30503344535827637,5.1210410594940186
kodim16,results/datasets/abl004/kodak24/kodim16.png,512,768,768,quadtree_hybrid,quadtree_hybrid,wse,none,,,1500,35.0,"[28.0, 30.0, 32.0, 35.0]",512,cuda,,0.0001,32,False,150,,,l1,0.3,False,2000,1,0.0,0.02,0.15,6.0,1.0,28.8241,0.79146,0.92038,,28.524671681806833,observed,,2000,1500,False,,0.2900674343109131,5.315070867538452
kodim16,results/datasets/abl004/kodak24/kodim16.png,512,768,768,quadtree_wse,quadtree_wse,wse,none,,,1500,35.0,"[28.0, 30.0, 32.0, 35.0]",512,cuda,,0.0001,32,False,150,,,l1,0.3,False,2000,0,0.0,0.02,0.15,6.0,1.0,29.1617,0.79204,0.92289,,28.848800117767517,observed,,2000,1500,False,,0.6220746040344238,5.219783782958984
kodim16,results/datasets/abl004/kodak24/kodim16.png,512,768,768,quadtree_wse,quadtree_wse,wse,none,,,1500,35.0,"[28.0, 30.0, 32.0, 35.0]",512,cuda,,0.0001,32,False,150,,,l1,0.3,False,2000,1,0.0,0.02,0.15,6.0,1.0,28.7672,0.7926,0.92149,,28.765864698627617,observed,,2000,1500,False,,0.6302409172058105,4.895822525024414
kodim17,results/datasets/abl004/kodak24/kodim17.png,768,512,768,aniso_flanking,aniso_flanking,wse,none,,,1500,35.0,"[28.0, 30.0, 32.0, 35.0]",512,cuda,,0.0001,32,False,150,,,l1,0.3,False,2000,0,0.5,0.02,0.15,6.0,1.0,29.4985,0.84255,0.95339,,28.996110168594452,observed,,2000,1500,False,,0.32960939407348633,5.287602186203003
kodim17,results/datasets/abl004/kodak24/kodim17.png,768,512,768,aniso_flanking,aniso_flanking,wse,none,,,1500,35.0,"[28.0, 30.0, 32.0, 35.0]",512,cuda,,0.0001,32,False,150,,,l1,0.3,False,2000,1,0.5,0.02,0.15,6.0,1.0,29.5447,0.84354,0.95368,,29.033847106465345,observed,,2000,1500,False,,0.3215334415435791,5.509307146072388
kodim17,results/datasets/abl004/kodak24/kodim17.png,768,512,768,aniso_onedge,aniso_onedge,wse,none,,,1500,35.0,"[28.0, 30.0, 32.0, 35.0]",512,cuda,,0.0001,32,False,150,,,l1,0.3,False,2000,0,0.0,0.02,0.15,6.0,1.0,29.6758,0.84408,0.95451,,29.082862063834792,observed,,2000,1500,False,,0.31388425827026367,5.590062141418457
kodim17,results/datasets/abl004/kodak24/kodim17.png,768,512,768,aniso_onedge,aniso_onedge,wse,none,,,1500,35.0,"[28.0, 30.0, 32.0, 35.0]",512,cuda,,0.0001,32,False,150,,,l1,0.3,False,2000,1,0.0,0.02,0.15,6.0,1.0,29.5558,0.84506,0.95442,,29.090577315139008,observed,,2000,1500,False,,0.3202395439147949,5.518007278442383
kodim17,results/datasets/abl004/kodak24/kodim17.png,768,512,768,floyd_steinberg,aniso_flanking,floyd_steinberg,none,,,1500,35.0,"[28.0, 30.0, 32.0, 35.0]",512,cuda,,0.0001,32,False,150,,,l1,0.3,False,2000,0,0.5,0.02,0.15,6.0,1.0,28.5599,0.83396,0.94275,,27.96529720018831,observed,,2000,1500,False,,0.44101548194885254,5.256828546524048
kodim17,results/datasets/abl004/kodak24/kodim17.png,768,512,768,floyd_steinberg,aniso_flanking,floyd_steinberg,none,,,1500,35.0,"[28.0, 30.0, 32.0, 35.0]",512,cuda,,0.0001,32,False,150,,,l1,0.3,False,2000,1,0.5,0.02,0.15,6.0,1.0,28.2206,0.8316,0.93713,,27.808900990273017,observed,,2000,1500,False,,0.3993825912475586,5.21727442741394
kodim17,results/datasets/abl004/kodak24/kodim17.png,768,512,768,iso_blue_noise,iso_blue_noise,wse,none,,,1500,35.0,"[28.0, 30.0, 32.0, 35.0]",512,cuda,,0.0001,32,False,150,,,l1,0.3,False,2000,0,0.0,0.02,0.15,6.0,1.0,29.2805,0.83791,0.95161,,28.697741193561413,observed,,2000,1500,False,,0.23332977294921875,4.905027866363525
kodim17,results/datasets/abl004/kodak24/kodim17.png,768,512,768,iso_blue_noise,iso_blue_noise,wse,none,,,1500,35.0,"[28.0, 30.0, 32.0, 35.0]",512,cuda,,0.0001,32,False,150,,,l1,0.3,False,2000,1,0.0,0.02,0.15,6.0,1.0,29.0525,0.83558,0.94916,,28.672659960486556,observed,,2000,1500,False,,0.24054908752441406,4.77837610244751
kodim17,results/datasets/abl004/kodak24/kodim17.png,768,512,768,quadtree_hybrid,quadtree_hybrid,wse,none,,,1500,35.0,"[28.0, 30.0, 32.0, 35.0]",512,cuda,,0.0001,32,False,150,,,l1,0.3,False,2000,0,0.0,0.02,0.15,6.0,1.0,29.2648,0.83884,0.95229,,28.81288411762016,observed,,2000,1500,False,,0.2939169406890869,4.994846820831299
kodim17,results/datasets/abl004/kodak24/kodim17.png,768,512,768,quadtree_hybrid,quadtree_hybrid,wse,none,,,1500,35.0,"[28.0, 30.0, 32.0, 35.0]",512,cuda,,0.0001,32,False,150,,,l1,0.3,False,2000,1,0.0,0.02,0.15,6.0,1.0,29.2959,0.8405,0.9529,,28.827820454063694,observed,,2000,1500,False,,0.2792472839355469,5.4616522789001465
kodim17,results/datasets/abl004/kodak24/kodim17.png,768,512,768,quadtree_wse,quadtree_wse,wse,none,,,1500,35.0,"[28.0, 30.0, 32.0, 35.0]",512,cuda,,0.0001,32,False,150,,,l1,0.3,False,2000,0,0.0,0.02,0.15,6.0,1.0,29.6102,0.84424,0.95393,,29.102783372992274,observed,,2000,1500,False,,0.6949319839477539,5.4075517654418945
kodim17,results/datasets/abl004/kodak24/kodim17.png,768,512,768,quadtree_wse,quadtree_wse,wse,none,,,1500,35.0,"[28.0, 30.0, 32.0, 35.0]",512,cuda,,0.0001,32,False,150,,,l1,0.3,False,2000,1,0.0,0.02,0.15,6.0,1.0,29.6212,0.84411,0.95411,,29.074373083642676,observed,,2000,1500,False,,0.6791274547576904,5.444634437561035
kodim18,results/datasets/abl004/kodak24/kodim18.png,768,512,768,aniso_flanking,aniso_flanking,wse,none,,,1500,35.0,"[28.0, 30.0, 32.0, 35.0]",512,cuda,,0.0001,32,False,150,,,l1,0.3,False,2000,0,0.5,0.02,0.15,6.0,1.0,23.9012,0.67063,0.8663,,24.037756970121194,observed,,2000,1500,False,,0.3230445384979248,4.57541823387146
kodim18,results/datasets/abl004/kodak24/kodim18.png,768,512,768,aniso_flanking,aniso_flanking,wse,none,,,1500,35.0,"[28.0, 30.0, 32.0, 35.0]",512,cuda,,0.0001,32,False,150,,,l1,0.3,False,2000,1,0.5,0.02,0.15,6.0,1.0,24.1756,0.67325,0.87209,,24.16228053631824,observed,,2000,1500,False,,0.32202959060668945,5.1881749629974365
kodim18,results/datasets/abl004/kodak24/kodim18.png,768,512,768,aniso_onedge,aniso_onedge,wse,none,,,1500,35.0,"[28.0, 30.0, 32.0, 35.0]",512,cuda,,0.0001,32,False,150,,,l1,0.3,False,2000,0,0.0,0.02,0.15,6.0,1.0,24.2747,0.67356,0.87522,,24.139645217020085,observed,,2000,1500,False,,0.3133049011230469,5.0941643714904785
kodim18,results/datasets/abl004/kodak24/kodim18.png,768,512,768,aniso_onedge,aniso_onedge,wse,none,,,1500,35.0,"[28.0, 30.0, 32.0, 35.0]",512,cuda,,0.0001,32,False,150,,,l1,0.3,False,2000,1,0.0,0.02,0.15,6.0,1.0,24.3853,0.67827,0.87801,,24.167323433772335,observed,,2000,1500,False,,0.3190579414367676,5.234563112258911
kodim18,results/datasets/abl004/kodak24/kodim18.png,768,512,768,floyd_steinberg,aniso_flanking,floyd_steinberg,none,,,1500,35.0,"[28.0, 30.0, 32.0, 35.0]",512,cuda,,0.0001,32,False,150,,,l1,0.3,False,2000,0,0.5,0.02,0.15,6.0,1.0,23.11,0.64485,0.83944,,23.413324426061873,observed,,2000,1500,False,,0.39799046516418457,5.209933280944824
kodim18,results/datasets/abl004/kodak24/kodim18.png,768,512,768,floyd_steinberg,aniso_flanking,floyd_steinberg,none,,,1500,35.0,"[28.0, 30.0, 32.0, 35.0]",512,cuda,,0.0001,32,False,150,,,l1,0.3,False,2000,1,0.5,0.02,0.15,6.0,1.0,22.8829,0.63945,0.83261,,23.337286637416277,observed,,2000,1500,False,,0.39961719512939453,5.159054756164551
kodim18,results/datasets/abl004/kodak24/kodim18.png,768,512,768,iso_blue_noise,iso_blue_noise,wse,none,,,1500,35.0,"[28.0, 30.0, 32.0, 35.0]",512,cuda,,0.0001,32,False,150,,,l1,0.3,False,2000,0,0.0,0.02,0.15,6.0,1.0,24.0407,0.66266,0.86676,,23.963339804330612,observed,,2000,1500,False,,0.23325824737548828,5.103860378265381
kodim18,results/datasets/abl004/kodak24/kodim18.png,768,512,768,iso_blue_noise,iso_blue_noise,wse,none,,,1500,35.0,"[28.0, 30.0, 32.0, 35.0]",512,cuda,,0.0001,32,False,150,,,l1,0.3,False,2000,1,0.0,0.02,0.15,6.0,1.0,23.4934,0.65338,0.85043,,23.736472112644186,observed,,2000,1500,False,,0.2380685806274414,4.622613430023193
kodim18,results/datasets/abl004/kodak24/kodim18.png,768,512,768,quadtree_hybrid,quadtree_hybrid,wse,none,,,1500,35.0,"[28.0, 30.0, 32.0, 35.0]",512,cuda,,0.0001,32,False,150,,,l1,0.3,False,2000,0,0.0,0.02,0.15,6.0,1.0,23.8218,0.66716,0.86408,,23.94751913059227,observed,,2000,1500,False,,0.2914741039276123,5.277490139007568
kodim18,results/datasets/abl004/kodak24/kodim18.png,768,512,768,quadtree_hybrid,quadtree_hybrid,wse,none,,,1500,35.0,"[28.0, 30.0, 32.0, 35.0]",512,cuda,,0.0001,32,False,150,,,l1,0.3,False,2000,1,0.0,0.02,0.15,6.0,1.0,24.1446,0.67087,0.87071,,24.065731149104693,observed,,2000,1500,False,,0.28168487548828125,5.272040843963623
kodim18,results/datasets/abl004/kodak24/kodim18.png,768,512,768,quadtree_wse,quadtree_wse,wse,none,,,1500,35.0,"[28.0, 30.0, 32.0, 35.0]",512,cuda,,0.0001,32,False,150,,,l1,0.3,False,2000,0,0.0,0.02,0.15,6.0,1.0,24.1197,0.66754,0.8653,,24.10911213961977,observed,,2000,1500,False,,0.5498230457305908,5.241372108459473
kodim18,results/datasets/abl004/kodak24/kodim18.png,768,512,768,quadtree_wse,quadtree_wse,wse,none,,,1500,35.0,"[28.0, 30.0, 32.0, 35.0]",512,cuda,,0.0001,32,False,150,,,l1,0.3,False,2000,1,0.0,0.02,0.15,6.0,1.0,24.1674,0.66912,0.86728,,24.06606276119606,observed,,2000,1500,False,,0.5562288761138916,4.621057987213135
kodim19,results/datasets/abl004/kodak24/kodim19.png,768,512,768,aniso_flanking,aniso_flanking,wse,none,,,1500,35.0,"[28.0, 30.0, 32.0, 35.0]",512,cuda,,0.0001,32,False,150,,,l1,0.3,False,2000,0,0.5,0.02,0.15,6.0,1.0,26.4922,0.773,0.91114,,26.966491920618793,observed,,2000,1500,False,,0.343519926071167,5.398022413253784
kodim19,results/datasets/abl004/kodak24/kodim19.png,768,512,768,aniso_flanking,aniso_flanking,wse,none,,,1500,35.0,"[28.0, 30.0, 32.0, 35.0]",512,cuda,,0.0001,32,False,150,,,l1,0.3,False,2000,1,0.5,0.02,0.15,6.0,1.0,26.5592,0.77305,0.91097,,26.866647162383362,observed,,2000,1500,False,,0.34825754165649414,5.575415372848511
kodim19,results/datasets/abl004/kodak24/kodim19.png,768,512,768,aniso_onedge,aniso_onedge,wse,none,,,1500,35.0,"[28.0, 30.0, 32.0, 35.0]",512,cuda,,0.0001,32,False,150,,,l1,0.3,False,2000,0,0.0,0.02,0.15,6.0,1.0,27.5758,0.77949,0.91712,,27.304842018778917,observed,,2000,1500,False,,0.3372640609741211,5.409548282623291
kodim19,results/datasets/abl004/kodak24/kodim19.png,768,512,768,aniso_onedge,aniso_onedge,wse,none,,,1500,35.0,"[28.0, 30.0, 32.0, 35.0]",512,cuda,,0.0001,32,False,150,,,l1,0.3,False,2000,1,0.0,0.02,0.15,6.0,1.0,27.4295,0.77589,0.91742,,27.3144148469687,observed,,2000,1500,False,,0.33707261085510254,5.327805042266846
kodim19,results/datasets/abl004/kodak24/kodim19.png,768,512,768,floyd_steinberg,aniso_flanking,floyd_steinberg,none,,,1500,35.0,"[28.0, 30.0, 32.0, 35.0]",512,cuda,,0.0001,32,False,150,,,l1,0.3,False,2000,0,0.5,0.02,0.15,6.0,1.0,20.4195,0.72988,0.85189,,24.25273805494862,observed,,2000,1500,False,,0.41696596145629883,5.394354581832886
kodim19,results/datasets/abl004/kodak24/kodim19.png,768,512,768,floyd_steinberg,aniso_flanking,floyd_steinberg,none,,,1500,35.0,"[28.0, 30.0, 32.0, 35.0]",512,cuda,,0.0001,32,False,150,,,l1,0.3,False,2000,1,0.5,0.02,0.15,6.0,1.0,22.5525,0.74649,0.86684,,25.213905464258886,observed,,2000,1500,False,,0.3844027519226074,5.389812231063843
kodim19,results/datasets/abl004/kodak24/kodim19.png,768,512,768,iso_blue_noise,iso_blue_noise,wse,none,,,1500,35.0,"[28.0, 30.0, 32.0, 35.0]",512,cuda,,0.0001,32,False,150,,,l1,0.3,False,2000,0,0.0,0.02,0.15,6.0,1.0,25.3008,0.761,0.90205,,26.03228736989414,observed,,2000,1500,False,,0.2441883087158203,5.380008935928345
kodim19,results/datasets/abl004/kodak24/kodim19.png,768,512,768,iso_blue_noise,iso_blue_noise,wse,none,,,1500,35.0,"[28.0, 30.0, 32.0, 35.0]",512,cuda,,0.0001,32,False,150,,,l1,0.3,False,2000,1,0.0,0.02,0.15,6.0,1.0,26.2229,0.76706,0.90949,,26.30398086423155,observed,,2000,1500,False,,0.24722695350646973,5.164166450500488
kodim19,results/datasets/abl004/kodak24/kodim19.png,768,512,768,quadtree_hybrid,quadtree_hybrid,wse,none,,,1500,35.0,"[28.0, 30.0, 32.0, 35.0]",512,cuda,,0.0001,32,False,150,,,l1,0.3,False,2000,0,0.0,0.02,0.15,6.0,1.0,26.691,0.77538,0.91625,,26.855716903818855,observed,,2000,1500,False,,0.3151984214782715,5.518899917602539
kodim19,results/datasets/abl004/kodak24/kodim19.png,768,512,768,quadtree_hybrid,quadtree_hybrid,wse,none,,,1500,35.0,"[28.0, 30.0, 32.0, 35.0]",512,cuda,,0.0001,32,False,150,,,l1,0.3,False,2000,1,0.0,0.02,0.15,6.0,1.0,26.554,0.77409,0.91269,,26.92281994873719,observed,,2000,1500,False,,0.4187157154083252,5.467047929763794
kodim19,results/datasets/abl004/kodak24/kodim19.png,768,512,768,quadtree_wse,quadtree_wse,wse,none,,,1500,35.0,"[28.0, 30.0, 32.0, 35.0]",512,cuda,,0.0001,32,False,150,,,l1,0.3,False,2000,0,0.0,0.02,0.15,6.0,1.0,27.417,0.77791,0.91635,,27.241174491108698,observed,,2000,1500,False,,0.5776212215423584,5.363159894943237
kodim19,results/datasets/abl004/kodak24/kodim19.png,768,512,768,quadtree_wse,quadtree_wse,wse,none,,,1500,35.0,"[28.0, 30.0, 32.0, 35.0]",512,cuda,,0.0001,32,False,150,,,l1,0.3,False,2000,1,0.0,0.02,0.15,6.0,1.0,27.2562,0.77668,0.91504,,27.166188960873818,observed,,2000,1500,False,,0.5880475044250488,5.398446083068848
kodim20,results/datasets/abl004/kodak24/kodim20.png,512,768,768,aniso_flanking,aniso_flanking,wse,none,,,1500,35.0,"[28.0, 30.0, 32.0, 35.0]",512,cuda,,0.0001,32,False,150,,,l1,0.3,False,2000,0,0.5,0.02,0.15,6.0,1.0,28.6378,0.84729,0.94926,,29.132064935125616,observed,,2000,1500,False,,0.3320934772491455,5.3152923583984375
kodim20,results/datasets/abl004/kodak24/kodim20.png,512,768,768,aniso_flanking,aniso_flanking,wse,none,,,1500,35.0,"[28.0, 30.0, 32.0, 35.0]",512,cuda,,0.0001,32,False,150,,,l1,0.3,False,2000,1,0.5,0.02,0.15,6.0,1.0,29.6036,0.85392,0.95459,,29.45062931256743,observed,,2000,1500,False,,0.33338117599487305,5.531083822250366
kodim20,results/datasets/abl004/kodak24/kodim20.png,512,768,768,aniso_onedge,aniso_onedge,wse,none,,,1500,35.0,"[28.0, 30.0, 32.0, 35.0]",512,cuda,,0.0001,32,False,150,,,l1,0.3,False,2000,0,0.0,0.02,0.15,6.0,1.0,29.3026,0.85151,0.95177,,29.415764371580565,observed,,2000,1500,False,,0.33301210403442383,5.554707765579224
kodim20,results/datasets/abl004/kodak24/kodim20.png,512,768,768,aniso_onedge,aniso_onedge,wse,none,,,1500,35.0,"[28.0, 30.0, 32.0, 35.0]",512,cuda,,0.0001,32,False,150,,,l1,0.3,False,2000,1,0.0,0.02,0.15,6.0,1.0,29.4705,0.85264,0.95478,,29.469835180215156,observed,,2000,1500,False,,0.3217282295227051,5.3526647090911865
kodim20,results/datasets/abl004/kodak24/kodim20.png,512,768,768,floyd_steinberg,aniso_flanking,floyd_steinberg,none,,,1500,35.0,"[28.0, 30.0, 32.0, 35.0]",512,cuda,,0.0001,32,False,150,,,l1,0.3,False,2000,0,0.5,0.02,0.15,6.0,1.0,27.4723,0.85237,0.95322,,25.63476530498787,observed,,2000,1500,False,,0.39675140380859375,5.333714485168457
kodim20,results/datasets/abl004/kodak24/kodim20.png,512,768,768,floyd_steinberg,aniso_flanking,floyd_steinberg,none,,,1500,35.0,"[28.0, 30.0, 32.0, 35.0]",512,cuda,,0.0001,32,False,150,,,l1,0.3,False,2000,1,0.5,0.02,0.15,6.0,1.0,19.3628,0.84068,0.93687,,23.637120545268296,observed,,2000,1500,False,,0.40065455436706543,5.3375563621521
kodim20,results/datasets/abl004/kodak24/kodim20.png,512,768,768,iso_blue_noise,iso_blue_noise,wse,none,,,1500,35.0,"[28.0, 30.0, 32.0, 35.0]",512,cuda,,0.0001,32,False,150,,,l1,0.3,False,2000,0,0.0,0.02,0.15,6.0,1.0,29.2528,0.84883,0.95374,,28.90310426232336,observed,,2000,1500,False,,0.2399892807006836,5.138260841369629
kodim20,results/datasets/abl004/kodak24/kodim20.png,512,768,768,iso_blue_noise,iso_blue_noise,wse,none,,,1500,35.0,"[28.0, 30.0, 32.0, 35.0]",512,cuda,,0.0001,32,False,150,,,l1,0.3,False,2000,1,0.0,0.02,0.15,6.0,1.0,29.0093,0.84925,0.95303,,29.178334556793356,observed,,2000,1500,False,,0.2525498867034912,5.530914068222046
kodim20,results/datasets/abl004/kodak24/kodim20.png,512,768,768,quadtree_hybrid,quadtree_hybrid,wse,none,,,1500,35.0,"[28.0, 30.0, 32.0, 35.0]",512,cuda,,0.0001,32,False,150,,,l1,0.3,False,2000,0,0.0,0.02,0.15,6.0,1.0,28.9324,0.8496,0.95072,,29.183394813155875,observed,,2000,1500,False,,0.32109832763671875,5.231902599334717
kodim20,results/datasets/abl004/kodak24/kodim20.png,512,768,768,quadtree_hybrid,quadtree_hybrid,wse,none,,,1500,35.0,"[28.0, 30.0, 32.0, 35.0]",512,cuda,,0.0001,32,False,150,,,l1,0.3,False,2000,1,0.0,0.02,0.15,6.0,1.0,28.739,0.84534,0.9488,,28.963423191347943,observed,,2000,1500,False,,0.32170534133911133,5.304291248321533
kodim20,results/datasets/abl004/kodak24/kodim20.png,512,768,768,quadtree_wse,quadtree_wse,wse,none,,,1500,35.0,"[28.0, 30.0, 32.0, 35.0]",512,cuda,,0.0001,32,False,150,,,l1,0.3,False,2000,0,0.0,0.02,0.15,6.0,1.0,29.4658,0.85078,0.95361,,29.53785475195846,observed,,2000,1500,False,,0.683480978012085,5.427697420120239
kodim20,results/datasets/abl004/kodak24/kodim20.png,512,768,768,quadtree_wse,quadtree_wse,wse,none,,,1500,35.0,"[28.0, 30.0, 32.0, 35.0]",512,cuda,,0.0001,32,False,150,,,l1,0.3,False,2000,1,0.0,0.02,0.15,6.0,1.0,28.7009,0.84741,0.9474,,29.144233963185744,observed,,2000,1500,False,,0.6805076599121094,5.592318534851074
kodim21,results/datasets/abl004/kodak24/kodim21.png,512,768,768,aniso_flanking,aniso_flanking,wse,none,,,1500,35.0,"[28.0, 30.0, 32.0, 35.0]",512,cuda,,0.0001,32,False,150,,,l1,0.3,False,2000,0,0.5,0.02,0.15,6.0,1.0,24.8827,0.78289,0.92664,,25.15810608625253,observed,,2000,1500,False,,0.3285067081451416,5.228463888168335
kodim21,results/datasets/abl004/kodak24/kodim21.png,512,768,768,aniso_flanking,aniso_flanking,wse,none,,,1500,35.0,"[28.0, 30.0, 32.0, 35.0]",512,cuda,,0.0001,32,False,150,,,l1,0.3,False,2000,1,0.5,0.02,0.15,6.0,1.0,24.3075,0.77941,0.92224,,24.804567039927456,observed,,2000,1500,False,,0.30991148948669434,5.413345098495483
kodim21,results/datasets/abl004/kodak24/kodim21.png,512,768,768,aniso_onedge,aniso_onedge,wse,none,,,1500,35.0,"[28.0, 30.0, 32.0, 35.0]",512,cuda,,0.0001,32,False,150,,,l1,0.3,False,2000,0,0.0,0.02,0.15,6.0,1.0,24.9825,0.78448,0.92729,,25.251284370269673,observed,,2000,1500,False,,0.31114840507507324,5.505197525024414
kodim21,results/datasets/abl004/kodak24/kodim21.png,512,768,768,aniso_onedge,aniso_onedge,wse,none,,,1500,35.0,"[28.0, 30.0, 32.0, 35.0]",512,cuda,,0.0001,32,False,150,,,l1,0.3,False,2000,1,0.0,0.02,0.15,6.0,1.0,24.657,0.78436,0.92743,,25.04887618598658,observed,,2000,1500,False,,0.3208892345428467,5.448763132095337
kodim21,results/datasets/abl004/kodak24/kodim21.png,512,768,768,floyd_steinberg,aniso_flanking,floyd_steinberg,none,,,1500,35.0,"[28.0, 30.0, 32.0, 35.0]",512,cuda,,0.0001,32,False,150,,,l1,0.3,False,2000,0,0.5,0.02,0.15,6.0,1.0,19.2477,0.74546,0.86441,,17.83698934678478,observed,,2000,1500,False,,0.3938710689544678,4.746798753738403
kodim21,results/datasets/abl004/kodak24/kodim21.png,512,768,768,floyd_steinberg,aniso_flanking,floyd_steinberg,none,,,1500,35.0,"[28.0, 30.0, 32.0, 35.0]",512,cuda,,0.0001,32,False,150,,,l1,0.3,False,2000,1,0.5,0.02,0.15,6.0,1.0,14.9733,0.67343,0.78338,,18.193102423074325,observed,,2000,1500,False,,0.4012742042541504,4.760074853897095
kodim21,results/datasets/abl004/kodak24/kodim21.png,512,768,768,iso_blue_noise,iso_blue_noise,wse,none,,,1500,35.0,"[28.0, 30.0, 32.0, 35.0]",512,cuda,,0.0001,32,False,150,,,l1,0.3,False,2000,0,0.0,0.02,0.15,6.0,1.0,24.4464,0.77536,0.92506,,24.662604104208103,observed,,2000,1500,False,,0.2354128360748291,5.356080532073975
kodim21,results/datasets/abl004/kodak24/kodim21.png,512,768,768,iso_blue_noise,iso_blue_noise,wse,none,,,1500,35.0,"[28.0, 30.0, 32.0, 35.0]",512,cuda,,0.0001,32,False,150,,,l1,0.3,False,2000,1,0.0,0.02,0.15,6.0,1.0,24.3378,0.77201,0.92011,,24.689811650556752,observed,,2000,1500,False,,0.2310810089111328,5.181628704071045
kodim21,results/datasets/abl004/kodak24/kodim21.png,512,768,768,quadtree_hybrid,quadtree_hybrid,wse,none,,,1500,35.0,"[28.0, 30.0, 32.0, 35.0]",512,cuda,,0.0001,32,False,150,,,l1,0.3,False,2000,0,0.0,0.02,0.15,6.0,1.0,24.6532,0.78004,0.92547,,25.084997377529234,observed,,2000,1500,False,,0.29616332054138184,5.3582658767700195
kodim21,results/datasets/abl004/kodak24/kodim21.png,512,768,768,quadtree_hybrid,quadtree_hybrid,wse,none,,,1500,35.0,"[28.0, 30.0, 32.0, 35.0]",512,cuda,,0.0001,32,False,150,,,l1,0.3,False,2000,1,0.0,0.02,0.15,6.0,1.0,24.7777,0.77793,0.92597,,24.892936649284337,observed,,2000,1500,False,,0.2914607524871826,5.545764923095703
kodim21,results/datasets/abl004/kodak24/kodim21.png,512,768,768,quadtree_wse,quadtree_wse,wse,none,,,1500,35.0,"[28.0, 30.0, 32.0, 35.0]",512,cuda,,0.0001,32,False,150,,,l1,0.3,False,2000,0,0.0,0.02,0.15,6.0,1.0,24.7109,0.78237,0.92399,,25.099631613616232,observed,,2000,1500,False,,0.5930557250976562,5.414094686508179
kodim21,results/datasets/abl004/kodak24/kodim21.png,512,768,768,quadtree_wse,quadtree_wse,wse,none,,,1500,35.0,"[28.0, 30.0, 32.0, 35.0]",512,cuda,,0.0001,32,False,150,,,l1,0.3,False,2000,1,0.0,0.02,0.15,6.0,1.0,24.8977,0.78594,0.92766,,25.270571490460192,observed,,2000,1500,False,,0.5807585716247559,4.964218616485596
kodim22,results/datasets/abl004/kodak24/kodim22.png,512,768,768,aniso_flanking,aniso_flanking,wse,none,,,1500,35.0,"[28.0, 30.0, 32.0, 35.0]",512,cuda,,0.0001,32,False,150,,,l1,0.3,False,2000,0,0.5,0.02,0.15,6.0,1.0,27.3987,0.73519,0.90029,,27.222098086498992,observed,,2000,1500,False,,0.32243990898132324,4.4837799072265625
kodim22,results/datasets/abl004/kodak24/kodim22.png,512,768,768,aniso_flanking,aniso_flanking,wse,none,,,1500,35.0,"[28.0, 30.0, 32.0, 35.0]",512,cuda,,0.0001,32,False,150,,,l1,0.3,False,2000,1,0.5,0.02,0.15,6.0,1.0,27.277,0.7352,0.89869,,27.29157657636015,observed,,2000,1500,False,,0.31444740295410156,5.2225048542022705
kodim22,results/datasets/abl004/kodak24/kodim22.png,512,768,768,aniso_onedge,aniso_onedge,wse,none,,,1500,35.0,"[28.0, 30.0, 32.0, 35.0]",512,cuda,,0.0001,32,False,150,,,l1,0.3,False,2000,0,0.0,0.02,0.15,6.0,1.0,27.6165,0.73796,0.90409,,27.428705480752427,observed,,2000,1500,False,,0.31540966033935547,5.30021071434021
kodim22,results/datasets/abl004/kodak24/kodim22.png,512,768,768,aniso_onedge,aniso_onedge,wse,none,,,1500,35.0,"[28.0, 30.0, 32.0, 35.0]",512,cuda,,0.0001,32,False,150,,,l1,0.3,False,2000,1,0.0,0.02,0.15,6.0,1.0,27.5044,0.73853,0.90291,,27.38724814103873,observed,,2000,1500,False,,0.31637001037597656,4.682363510131836
kodim22,results/datasets/abl004/kodak24/kodim22.png,512,768,768,floyd_steinberg,aniso_flanking,floyd_steinberg,none,,,1500,35.0,"[28.0, 30.0, 32.0, 35.0]",512,cuda,,0.0001,32,False,150,,,l1,0.3,False,2000,0,0.5,0.02,0.15,6.0,1.0,26.1451,0.72227,0.88833,,26.354486124447142,observed,,2000,1500,False,,0.407346248626709,4.885673999786377
kodim22,results/datasets/abl004/kodak24/kodim22.png,512,768,768,floyd_steinberg,aniso_flanking,floyd_steinberg,none,,,1500,35.0,"[28.0, 30.0, 32.0, 35.0]",512,cuda,,0.0001,32,False,150,,,l1,0.3,False,2000,1,0.5,0.02,0.15,6.0,1.0,18.1461,0.68285,0.83002,,21.310418977667442,observed,,2000,1500,False,,0.4072754383087158,4.450540065765381
kodim22,results/datasets/abl004/kodak24/kodim22.png,512,768,768,iso_blue_noise,iso_blue_noise,wse,none,,,1500,35.0,"[28.0, 30.0, 32.0, 35.0]",512,cuda,,0.0001,32,False,150,,,l1,0.3,False,2000,0,0.0,0.02,0.15,6.0,1.0,27.0729,0.73096,0.89659,,27.091036124735215,observed,,2000,1500,False,,0.24988770484924316,4.751387119293213
kodim22,results/datasets/abl004/kodak24/kodim22.png,512,768,768,iso_blue_noise,iso_blue_noise,wse,none,,,1500,35.0,"[28.0, 30.0, 32.0, 35.0]",512,cuda,,0.0001,32,False,150,,,l1,0.3,False,2000,1,0.0,0.02,0.15,6.0,1.0,27.2408,0.73121,0.89806,,27.093163655709233,observed,,2000,1500,False,,0.2390451431274414,4.61143946647644
kodim22,results/datasets/abl004/kodak24/kodim22.png,512,768,768,quadtree_hybrid,quadtree_hybrid,wse,none,,,1500,35.0,"[28.0, 30.0, 32.0, 35.0]",512,cuda,,0.0001,32,False,150,,,l1,0.3,False,2000,0,0.0,0.02,0.15,6.0,1.0,27.338,0.73413,0.89984,,27.29434312065893,observed,,2000,1500,False,,0.2858443260192871,4.864128112792969
kodim22,results/datasets/abl004/kodak24/kodim22.png,512,768,768,quadtree_hybrid,quadtree_hybrid,wse,none,,,1500,35.0,"[28.0, 30.0, 32.0, 35.0]",512,cuda,,0.0001,32,False,150,,,l1,0.3,False,2000,1,0.0,0.02,0.15,6.0,1.0,27.3659,0.73678,0.89976,,27.255334751060442,observed,,2000,1500,False,,0.2909829616546631,4.929204225540161
kodim22,results/datasets/abl004/kodak24/kodim22.png,512,768,768,quadtree_wse,quadtree_wse,wse,none,,,1500,35.0,"[28.0, 30.0, 32.0, 35.0]",512,cuda,,0.0001,32,False,150,,,l1,0.3,False,2000,0,0.0,0.02,0.15,6.0,1.0,27.5273,0.7349,0.89788,,27.351837705341158,observed,,2000,1500,False,,0.6106276512145996,5.182275295257568
kodim22,results/datasets/abl004/kodak24/kodim22.png,512,768,768,quadtree_wse,quadtree_wse,wse,none,,,1500,35.0,"[28.0, 30.0, 32.0, 35.0]",512,cuda,,0.0001,32,False,150,,,l1,0.3,False,2000,1,0.0,0.02,0.15,6.0,1.0,26.989,0.73357,0.8955,,27.21350648038939,observed,,2000,1500,False,,0.6036381721496582,5.305445194244385
kodim23,results/datasets/abl004/kodak24/kodim23.png,512,768,768,aniso_flanking,aniso_flanking,wse,none,,,1500,35.0,"[28.0, 30.0, 32.0, 35.0]",512,cuda,,0.0001,32,False,150,,,l1,0.3,False,2000,0,0.5,0.02,0.15,6.0,1.0,33.8236,0.91305,0.97463,,33.063087589347894,observed,,2000,1500,False,,0.34499216079711914,5.318525791168213
kodim23,results/datasets/abl004/kodak24/kodim23.png,512,768,768,aniso_flanking,aniso_flanking,wse,none,,,1500,35.0,"[28.0, 30.0, 32.0, 35.0]",512,cuda,,0.0001,32,False,150,,,l1,0.3,False,2000,1,0.5,0.02,0.15,6.0,1.0,33.9554,0.91271,0.97433,,33.21728655081578,observed,,2000,1500,False,,0.35585856437683105,4.866482973098755
kodim23,results/datasets/abl004/kodak24/kodim23.png,512,768,768,aniso_onedge,aniso_onedge,wse,none,,,1500,35.0,"[28.0, 30.0, 32.0, 35.0]",512,cuda,,0.0001,32,False,150,,,l1,0.3,False,2000,0,0.0,0.02,0.15,6.0,1.0,33.9931,0.91403,0.97481,,33.192372511036005,observed,,2000,1500,False,,0.3406977653503418,5.284586668014526
kodim23,results/datasets/abl004/kodak24/kodim23.png,512,768,768,aniso_onedge,aniso_onedge,wse,none,,,1500,35.0,"[28.0, 30.0, 32.0, 35.0]",512,cuda,,0.0001,32,False,150,,,l1,0.3,False,2000,1,0.0,0.02,0.15,6.0,1.0,33.8286,0.91242,0.97386,,33.25190104000404,observed,,2000,1500,False,,0.352130651473999,4.812525272369385
kodim23,results/datasets/abl004/kodak24/kodim23.png,512,768,768,floyd_steinberg,aniso_flanking,floyd_steinberg,none,,,1500,35.0,"[28.0, 30.0, 32.0, 35.0]",512,cuda,,0.0001,32,False,150,,,l1,0.3,False,2000,0,0.5,0.02,0.15,6.0,1.0,21.9337,0.88917,0.94205,,27.04853604935741,observed,,2000,1500,False,,0.3851630687713623,4.868914842605591
kodim23,results/datasets/abl004/kodak24/kodim23.png,512,768,768,floyd_steinberg,aniso_flanking,floyd_steinberg,none,,,1500,35.0,"[28.0, 30.0, 32.0, 35.0]",512,cuda,,0.0001,32,False,150,,,l1,0.3,False,2000,1,0.5,0.02,0.15,6.0,1.0,22.8416,0.89312,0.94853,,27.581972532545908,observed,,2000,1500,False,,0.3917121887207031,4.835327386856079
kodim23,results/datasets/abl004/kodak24/kodim23.png,512,768,768,iso_blue_noise,iso_blue_noise,wse,none,,,1500,35.0,"[28.0, 30.0, 32.0, 35.0]",512,cuda,,0.0001,32,False,150,,,l1,0.3,False,2000,0,0.0,0.02,0.15,6.0,1.0,33.8697,0.91236,0.97397,,32.92965419201791,observed,,2000,1500,False,,0.2539665699005127,4.900787115097046
kodim23,results/datasets/abl004/kodak24/kodim23.png,512,768,768,iso_blue_noise,iso_blue_noise,wse,none,,,1500,35.0,"[28.0, 30.0, 32.0, 35.0]",512,cuda,,0.0001,32,False,150,,,l1,0.3,False,2000,1,0.0,0.02,0.15,6.0,1.0,33.8113,0.91143,0.97353,,32.99605433315814,observed,,2000,1500,False,,0.25396251678466797,4.606566667556763
kodim23,results/datasets/abl004/kodak24/kodim23.png,512,768,768,quadtree_hybrid,quadtree_hybrid,wse,none,,,1500,35.0,"[28.0, 30.0, 32.0, 35.0]",512,cuda,,0.0001,32,False,150,,,l1,0.3,False,2000,0,0.0,0.02,0.15,6.0,1.0,33.8633,0.91274,0.9742,,33.18828870329243,observed,,2000,1500,False,,0.3336756229400635,5.312687158584595
kodim23,results/datasets/abl004/kodak24/kodim23.png,512,768,768,quadtree_hybrid,quadtree_hybrid,wse,none,,,1500,35.0,"[28.0, 30.0, 32.0, 35.0]",512,cuda,,0.0001,32,False,150,,,l1,0.3,False,2000,1,0.0,0.02,0.15,6.0,1.0,33.9429,0.91364,0.97472,,33.14028821236456,observed,,2000,1500,False,,0.3381369113922119,5.187448740005493
kodim23,results/datasets/abl004/kodak24/kodim23.png,512,768,768,quadtree_wse,quadtree_wse,wse,none,,,1500,35.0,"[28.0, 30.0, 32.0, 35.0]",512,cuda,,0.0001,32,False,150,,,l1,0.3,False,2000,0,0.0,0.02,0.15,6.0,1.0,34.0556,0.91459,0.97489,,33.444654929152804,observed,,2000,1500,False,,0.5924873352050781,4.964778423309326
kodim23,results/datasets/abl004/kodak24/kodim23.png,512,768,768,quadtree_wse,quadtree_wse,wse,none,,,1500,35.0,"[28.0, 30.0, 32.0, 35.0]",512,cuda,,0.0001,32,False,150,,,l1,0.3,False,2000,1,0.0,0.02,0.15,6.0,1.0,34.3238,0.91408,0.97416,,33.46366959686992,observed,,2000,1500,False,,0.5796575546264648,4.974567651748657
kodim24,results/datasets/abl004/kodak24/kodim24.png,512,768,768,aniso_flanking,aniso_flanking,wse,none,,,1500,35.0,"[28.0, 30.0, 32.0, 35.0]",512,cuda,,0.0001,32,False,150,,,l1,0.3,False,2000,0,0.5,0.02,0.15,6.0,1.0,21.8486,0.69382,0.84763,,22.98851476151439,observed,,2000,1500,False,,0.3342008590698242,4.505514621734619
kodim24,results/datasets/abl004/kodak24/kodim24.png,512,768,768,aniso_flanking,aniso_flanking,wse,none,,,1500,35.0,"[28.0, 30.0, 32.0, 35.0]",512,cuda,,0.0001,32,False,150,,,l1,0.3,False,2000,1,0.5,0.02,0.15,6.0,1.0,21.7788,0.69663,0.85603,,22.84639310296016,observed,,2000,1500,False,,0.332059383392334,4.996122598648071
kodim24,results/datasets/abl004/kodak24/kodim24.png,512,768,768,aniso_onedge,aniso_onedge,wse,none,,,1500,35.0,"[28.0, 30.0, 32.0, 35.0]",512,cuda,,0.0001,32,False,150,,,l1,0.3,False,2000,0,0.0,0.02,0.15,6.0,1.0,22.0488,0.70341,0.85801,,23.10185891584685,observed,,2000,1500,False,,0.33249759674072266,4.87980580329895
kodim24,results/datasets/abl004/kodak24/kodim24.png,512,768,768,aniso_onedge,aniso_onedge,wse,none,,,1500,35.0,"[28.0, 30.0, 32.0, 35.0]",512,cuda,,0.0001,32,False,150,,,l1,0.3,False,2000,1,0.0,0.02,0.15,6.0,1.0,22.0508,0.69975,0.85723,,22.803566320010866,observed,,2000,1500,False,,0.3345050811767578,4.611940145492554
kodim24,results/datasets/abl004/kodak24/kodim24.png,512,768,768,floyd_steinberg,aniso_flanking,floyd_steinberg,none,,,1500,35.0,"[28.0, 30.0, 32.0, 35.0]",512,cuda,,0.0001,32,False,150,,,l1,0.3,False,2000,0,0.5,0.02,0.15,6.0,1.0,19.0506,0.6763,0.81952,,20.423574703387057,observed,,2000,1500,False,,0.3902132511138916,5.125272274017334
kodim24,results/datasets/abl004/kodak24/kodim24.png,512,768,768,floyd_steinberg,aniso_flanking,floyd_steinberg,none,,,1500,35.0,"[28.0, 30.0, 32.0, 35.0]",512,cuda,,0.0001,32,False,150,,,l1,0.3,False,2000,1,0.5,0.02,0.15,6.0,1.0,18.2955,0.67857,0.8215,,21.819656088321985,observed,,2000,1500,False,,0.39859652519226074,5.126561403274536
kodim24,results/datasets/abl004/kodak24/kodim24.png,512,768,768,iso_blue_noise,iso_blue_noise,wse,none,,,1500,35.0,"[28.0, 30.0, 32.0, 35.0]",512,cuda,,0.0001,32,False,150,,,l1,0.3,False,2000,0,0.0,0.02,0.15,6.0,1.0,21.7831,0.69746,0.85651,,22.727733802286444,observed,,2000,1500,False,,0.2415478229522705,4.903531074523926
kodim24,results/datasets/abl004/kodak24/kodim24.png,512,768,768,iso_blue_noise,iso_blue_noise,wse,none,,,1500,35.0,"[28.0, 30.0, 32.0, 35.0]",512,cuda,,0.0001,32,False,150,,,l1,0.3,False,2000,1,0.0,0.02,0.15,6.0,1.0,21.56,0.69262,0.85098,,22.910063535551615,observed,,2000,1500,False,,0.2456364631652832,4.986418962478638
kodim24,results/datasets/abl004/kodak24/kodim24.png,512,768,768,quadtree_hybrid,quadtree_hybrid,wse,none,,,1500,35.0,"[28.0, 30.0, 32.0, 35.0]",512,cuda,,0.0001,32,False,150,,,l1,0.3,False,2000,0,0.0,0.02,0.15,6.0,1.0,22.234,0.70534,0.86334,,22.89014070331454,observed,,2000,1500,False,,0.30104899406433105,4.975011587142944
kodim24,results/datasets/abl004/kodak24/kodim24.png,512,768,768,quadtree_hybrid,quadtree_hybrid,wse,none,,,1500,35.0,"[28.0, 30.0, 32.0, 35.0]",512,cuda,,0.0001,32,False,150,,,l1,0.3,False,2000,1,0.0,0.02,0.15,6.0,1.0,21.5551,0.70172,0.86111,,22.533929570346295,observed,,2000,1500,False,,0.2827732563018799,4.945019483566284
kodim24,results/datasets/abl004/kodak24/kodim24.png,512,768,768,quadtree_wse,quadtree_wse,wse,none,,,1500,35.0,"[28.0, 30.0, 32.0, 35.0]",512,cuda,,0.0001,32,False,150,,,l1,0.3,False,2000,0,0.0,0.02,0.15,6.0,1.0,21.5672,0.6923,0.84967,,22.73817742610471,observed,,2000,1500,False,,0.5990855693817139,4.494570255279541
kodim24,results/datasets/abl004/kodak24/kodim24.png,512,768,768,quadtree_wse,quadtree_wse,wse,none,,,1500,35.0,"[28.0, 30.0, 32.0, 35.0]",512,cuda,,0.0001,32,False,150,,,l1,0.3,False,2000,1,0.0,0.02,0.15,6.0,1.0,22.6274,0.70688,0.86975,,23.247336899780926,observed,,2000,1500,False,,0.615128755569458,5.138575315475464
COCO_train2014_000000000009,tests/test_images/COCO_train2014_000000000009.jpg,480,640,768,aniso_flanking,aniso_flanking,wse,none,,,1500,35.0,"[28.0, 30.0, 32.0, 35.0]",512,cuda,,0.0001,32,False,150,,,l1,0.3,False,2000,0,0.5,0.02,0.15,6.0,1.0,24.7736,0.81539,0.94033,,24.580807930155544,observed,,2000,1500,False,,0.31820201873779297,4.623922109603882
COCO_train2014_000000000009,tests/test_images/COCO_train2014_000000000009.jpg,480,640,768,aniso_flanking,aniso_flanking,wse,none,,,1500,35.0,"[28.0, 30.0, 32.0, 35.0]",512,cuda,,0.0001,32,False,150,,,l1,0.3,False,2000,1,0.5,0.02,0.15,6.0,1.0,24.9322,0.81622,0.94194,,24.586968111467012,observed,,2000,1500,False,,0.33587098121643066,4.618540287017822
COCO_train2014_000000000009,tests/test_images/COCO_train2014_000000000009.jpg,480,640,768,aniso_onedge,aniso_onedge,wse,none,,,1500,35.0,"[28.0, 30.0, 32.0, 35.0]",512,cuda,,0.0001,32,False,150,,,l1,0.3,False,2000,0,0.0,0.02,0.15,6.0,1.0,24.9656,0.8185,0.9444,,24.609264250355135,observed,,2000,1500,False,,0.3296687602996826,4.584842681884766
COCO_train2014_000000000009,tests/test_images/COCO_train2014_000000000009.jpg,480,640,768,aniso_onedge,aniso_onedge,wse,none,,,1500,35.0,"[28.0, 30.0, 32.0, 35.0]",512,cuda,,0.0001,32,False,150,,,l1,0.3,False,2000,1,0.0,0.02,0.15,6.0,1.0,24.9959,0.8188,0.94478,,24.638408228904108,observed,,2000,1500,False,,0.3205380439758301,4.5150110721588135
COCO_train2014_000000000009,tests/test_images/COCO_train2014_000000000009.jpg,480,640,768,floyd_steinberg,aniso_flanking,floyd_steinberg,none,,,1500,35.0,"[28.0, 30.0, 32.0, 35.0]",512,cuda,,0.0001,32,False,150,,,l1,0.3,False,2000,0,0.5,0.02,0.15,6.0,1.0,21.6901,0.79193,0.9187,,22.484710335811034,observed,,2000,1500,False,,0.3064882755279541,4.645393133163452
COCO_train2014_000000000009,tests/test_images/COCO_train2014_000000000009.jpg,480,640,768,floyd_steinberg,aniso_flanking,floyd_steinberg,none,,,1500,35.0,"[28.0, 30.0, 32.0, 35.0]",512,cuda,,0.0001,32,False,150,,,l1,0.3,False,2000,1,0.5,0.02,0.15,6.0,1.0,23.173,0.80094,0.92971,,23.508128122936654,observed,,2000,1500,False,,0.308582067489624,4.604530096054077
COCO_train2014_000000000009,tests/test_images/COCO_train2014_000000000009.jpg,480,640,768,iso_blue_noise,iso_blue_noise,wse,none,,,1500,35.0,"[28.0, 30.0, 32.0, 35.0]",512,cuda,,0.0001,32,False,150,,,l1,0.3,False,2000,0,0.0,0.02,0.15,6.0,1.0,24.2892,0.8133,0.94002,,24.25919865130424,observed,,2000,1500,False,,0.2352430820465088,4.2445104122161865
COCO_train2014_000000000009,tests/test_images/COCO_train2014_000000000009.jpg,480,640,768,iso_blue_noise,iso_blue_noise,wse,none,,,1500,35.0,"[28.0, 30.0, 32.0, 35.0]",512,cuda,,0.0001,32,False,150,,,l1,0.3,False,2000,1,0.0,0.02,0.15,6.0,1.0,24.3802,0.80994,0.93662,,24.256782612536572,observed,,2000,1500,False,,0.24814701080322266,4.351539850234985
COCO_train2014_000000000009,tests/test_images/COCO_train2014_000000000009.jpg,480,640,768,quadtree_hybrid,quadtree_hybrid,wse,none,,,1500,35.0,"[28.0, 30.0, 32.0, 35.0]",512,cuda,,0.0001,32,False,150,,,l1,0.3,False,2000,0,0.0,0.02,0.15,6.0,1.0,24.8551,0.81681,0.94195,,24.53473678535426,observed,,2000,1500,False,,0.274183988571167,4.653700828552246
COCO_train2014_000000000009,tests/test_images/COCO_train2014_000000000009.jpg,480,640,768,quadtree_hybrid,quadtree_hybrid,wse,none,,,1500,35.0,"[28.0, 30.0, 32.0, 35.0]",512,cuda,,0.0001,32,False,150,,,l1,0.3,False,2000,1,0.0,0.02,0.15,6.0,1.0,24.8348,0.81721,0.94388,,24.570692822645313,observed,,2000,1500,False,,0.26934051513671875,4.565672397613525
COCO_train2014_000000000009,tests/test_images/COCO_train2014_000000000009.jpg,480,640,768,quadtree_wse,quadtree_wse,wse,none,,,1500,35.0,"[28.0, 30.0, 32.0, 35.0]",512,cuda,,0.0001,32,False,150,,,l1,0.3,False,2000,0,0.0,0.02,0.15,6.0,1.0,24.8822,0.81467,0.94238,,24.549059082143224,observed,,2000,1500,False,,0.6944262981414795,4.781669855117798
COCO_train2014_000000000009,tests/test_images/COCO_train2014_000000000009.jpg,480,640,768,quadtree_wse,quadtree_wse,wse,none,,,1500,35.0,"[28.0, 30.0, 32.0, 35.0]",512,cuda,,0.0001,32,False,150,,,l1,0.3,False,2000,1,0.0,0.02,0.15,6.0,1.0,24.946,0.81642,0.94315,,24.6384351614557,observed,,2000,1500,False,,0.6835010051727295,4.671105623245239
COCO_train2014_000000000025,tests/test_images/COCO_train2014_000000000025.jpg,426,640,768,aniso_flanking,aniso_flanking,wse,none,,,1500,35.0,"[28.0, 30.0, 32.0, 35.0]",512,cuda,,0.0001,32,False,150,,,l1,0.3,False,2000,0,0.5,0.02,0.15,6.0,1.0,19.263,0.51172,0.8199,,19.501089852519478,observed,,2000,1500,False,,0.2901296615600586,3.834195137023926
COCO_train2014_000000000025,tests/test_images/COCO_train2014_000000000025.jpg,426,640,768,aniso_flanking,aniso_flanking,wse,none,,,1500,35.0,"[28.0, 30.0, 32.0, 35.0]",512,cuda,,0.0001,32,False,150,,,l1,0.3,False,2000,1,0.5,0.02,0.15,6.0,1.0,19.4391,0.51403,0.82898,,19.533365564556263,observed,,2000,1500,False,,0.3060784339904785,3.7017369270324707
COCO_train2014_000000000025,tests/test_images/COCO_train2014_000000000025.jpg,426,640,768,aniso_onedge,aniso_onedge,wse,none,,,1500,35.0,"[28.0, 30.0, 32.0, 35.0]",512,cuda,,0.0001,32,False,150,,,l1,0.3,False,2000,0,0.0,0.02,0.15,6.0,1.0,19.4986,0.51669,0.82937,,19.58950345495528,observed,,2000,1500,False,,0.3046104907989502,3.7370262145996094
COCO_train2014_000000000025,tests/test_images/COCO_train2014_000000000025.jpg,426,640,768,aniso_onedge,aniso_onedge,wse,none,,,1500,35.0,"[28.0, 30.0, 32.0, 35.0]",512,cuda,,0.0001,32,False,150,,,l1,0.3,False,2000,1,0.0,0.02,0.15,6.0,1.0,19.6364,0.5233,0.83593,,19.648857644751043,observed,,2000,1500,False,,0.305370569229126,3.825359344482422
COCO_train2014_000000000025,tests/test_images/COCO_train2014_000000000025.jpg,426,640,768,floyd_steinberg,aniso_flanking,floyd_steinberg,none,,,1500,35.0,"[28.0, 30.0, 32.0, 35.0]",512,cuda,,0.0001,32,False,150,,,l1,0.3,False,2000,0,0.5,0.02,0.15,6.0,1.0,16.7532,0.48931,0.79796,,17.21212974813002,observed,,2000,1500,False,,0.27295994758605957,3.8001155853271484
COCO_train2014_000000000025,tests/test_images/COCO_train2014_000000000025.jpg,426,640,768,floyd_steinberg,aniso_flanking,floyd_steinberg,none,,,1500,35.0,"[28.0, 30.0, 32.0, 35.0]",512,cuda,,0.0001,32,False,150,,,l1,0.3,False,2000,1,0.5,0.02,0.15,6.0,1.0,15.5226,0.48068,0.79334,,16.881561093524425,observed,,2000,1500,False,,0.27123165130615234,3.9874930381774902
COCO_train2014_000000000025,tests/test_images/COCO_train2014_000000000025.jpg,426,640,768,iso_blue_noise,iso_blue_noise,wse,none,,,1500,35.0,"[28.0, 30.0, 32.0, 35.0]",512,cuda,,0.0001,32,False,150,,,l1,0.3,False,2000,0,0.0,0.02,0.15,6.0,1.0,19.1246,0.50378,0.81898,,19.309186751560976,observed,,2000,1500,False,,0.22211432456970215,3.3891220092773438
COCO_train2014_000000000025,tests/test_images/COCO_train2014_000000000025.jpg,426,640,768,iso_blue_noise,iso_blue_noise,wse,none,,,1500,35.0,"[28.0, 30.0, 32.0, 35.0]",512,cuda,,0.0001,32,False,150,,,l1,0.3,False,2000,1,0.0,0.02,0.15,6.0,1.0,19.4139,0.50989,0.82854,,19.49911314078058,observed,,2000,1500,False,,0.23798632621765137,3.83796763420105
COCO_train2014_000000000025,tests/test_images/COCO_train2014_000000000025.jpg,426,640,768,quadtree_hybrid,quadtree_hybrid,wse,none,,,1500,35.0,"[28.0, 30.0, 32.0, 35.0]",512,cuda,,0.0001,32,False,150,,,l1,0.3,False,2000,0,0.0,0.02,0.15,6.0,1.0,19.3636,0.51541,0.82822,,19.488220735261088,observed,,2000,1500,False,,0.2699158191680908,3.495985984802246
COCO_train2014_000000000025,tests/test_images/COCO_train2014_000000000025.jpg,426,640,768,quadtree_hybrid,quadtree_hybrid,wse,none,,,1500,35.0,"[28.0, 30.0, 32.0, 35.0]",512,cuda,,0.0001,32,False,150,,,l1,0.3,False,2000,1,0.0,0.02,0.15,6.0,1.0,19.5232,0.51923,0.83491,,19.58986514691435,observed,,2000,1500,False,,0.25510621070861816,3.8370659351348877
COCO_train2014_000000000025,tests/test_images/COCO_train2014_000000000025.jpg,426,640,768,quadtree_wse,quadtree_wse,wse,none,,,1500,35.0,"[28.0, 30.0, 32.0, 35.0]",512,cuda,,0.0001,32,False,150,,,l1,0.3,False,2000,0,0.0,0.02,0.15,6.0,1.0,19.4389,0.51466,0.82777,,19.540056266810115,observed,,2000,1500,False,,0.5311925411224365,3.6341891288757324
COCO_train2014_000000000025,tests/test_images/COCO_train2014_000000000025.jpg,426,640,768,quadtree_wse,quadtree_wse,wse,none,,,1500,35.0,"[28.0, 30.0, 32.0, 35.0]",512,cuda,,0.0001,32,False,150,,,l1,0.3,False,2000,1,0.0,0.02,0.15,6.0,1.0,19.6168,0.51931,0.83438,,19.5931240416432,observed,,2000,1500,False,,0.5423336029052734,3.6825344562530518
COCO_train2014_000000000030,tests/test_images/COCO_train2014_000000000030.jpg,428,640,768,aniso_flanking,aniso_flanking,wse,none,,,1500,35.0,"[28.0, 30.0, 32.0, 35.0]",512,cuda,,0.0001,32,False,150,,,l1,0.3,False,2000,0,0.5,0.02,0.15,6.0,1.0,30.3164,0.92488,0.9803,,30.35792279959202,observed,,2000,1500,False,,0.32773733139038086,3.722214937210083
COCO_train2014_000000000030,tests/test_images/COCO_train2014_000000000030.jpg,428,640,768,aniso_flanking,aniso_flanking,wse,none,,,1500,35.0,"[28.0, 30.0, 32.0, 35.0]",512,cuda,,0.0001,32,False,150,,,l1,0.3,False,2000,1,0.5,0.02,0.15,6.0,1.0,30.6296,0.92536,0.98091,,30.318776810781568,observed,,2000,1500,False,,0.33429908752441406,3.747610330581665
COCO_train2014_000000000030,tests/test_images/COCO_train2014_000000000030.jpg,428,640,768,aniso_onedge,aniso_onedge,wse,none,,,1500,35.0,"[28.0, 30.0, 32.0, 35.0]",512,cuda,,0.0001,32,False,150,,,l1,0.3,False,2000,0,0.0,0.02,0.15,6.0,1.0,30.5915,0.92467,0.98011,,30.337384318732834,observed,,2000,1500,False,,0.3100295066833496,3.7516286373138428
COCO_train2014_000000000030,tests/test_images/COCO_train2014_000000000030.jpg,428,640,768,aniso_onedge,aniso_onedge,wse,none,,,1500,35.0,"[28.0, 30.0, 32.0, 35.0]",512,cuda,,0.0001,32,False,150,,,l1,0.3,False,2000,1,0.0,0.02,0.15,6.0,1.0,30.9604,0.92589,0.98158,,30.392696804965315,observed,,2000,1500,False,,0.3282804489135742,3.76796817779541
COCO_train2014_000000000030,tests/test_images/COCO_train2014_000000000030.jpg,428,640,768,floyd_steinberg,aniso_flanking,floyd_steinberg,none,,,1500,35.0,"[28.0, 30.0, 32.0, 35.0]",512,cuda,,0.0001,32,False,150,,,l1,0.3,False,2000,0,0.5,0.02,0.15,6.0,1.0,28.5605,0.91771,0.97343,,28.834654542109902,observed,,2000,1500,False,,0.272066593170166,3.837235450744629
COCO_train2014_000000000030,tests/test_images/COCO_train2014_000000000030.jpg,428,640,768,floyd_steinberg,aniso_flanking,floyd_steinberg,none,,,1500,35.0,"[28.0, 30.0, 32.0, 35.0]",512,cuda,,0.0001,32,False,150,,,l1,0.3,False,2000,1,0.5,0.02,0.15,6.0,1.0,29.9717,0.91999,0.97666,,29.759048919346906,observed,,2000,1500,False,,0.2688760757446289,3.823160171508789
COCO_train2014_000000000030,tests/test_images/COCO_train2014_000000000030.jpg,428,640,768,iso_blue_noise,iso_blue_noise,wse,none,,,1500,35.0,"[28.0, 30.0, 32.0, 35.0]",512,cuda,,0.0001,32,False,150,,,l1,0.3,False,2000,0,0.0,0.02,0.15,6.0,1.0,30.2687,0.92491,0.98028,,30.207359258614833,observed,,2000,1500,False,,0.23449039459228516,3.6393039226531982
COCO_train2014_000000000030,tests/test_images/COCO_train2014_000000000030.jpg,428,640,768,iso_blue_noise,iso_blue_noise,wse,none,,,1500,35.0,"[28.0, 30.0, 32.0, 35.0]",512,cuda,,0.0001,32,False,150,,,l1,0.3,False,2000,1,0.0,0.02,0.15,6.0,1.0,30.785,0.92477,0.98093,,30.311052272763547,observed,,2000,1500,False,,0.24894952774047852,3.779376745223999
COCO_train2014_000000000030,tests/test_images/COCO_train2014_000000000030.jpg,428,640,768,quadtree_hybrid,quadtree_hybrid,wse,none,,,1500,35.0,"[28.0, 30.0, 32.0, 35.0]",512,cuda,,0.0001,32,False,150,,,l1,0.3,False,2000,0,0.0,0.02,0.15,6.0,1.0,30.8421,0.92617,0.98154,,30.364433272669043,observed,,2000,1500,False,,0.30785632133483887,4.053374290466309
COCO_train2014_000000000030,tests/test_images/COCO_train2014_000000000030.jpg,428,640,768,quadtree_hybrid,quadtree_hybrid,wse,none,,,1500,35.0,"[28.0, 30.0, 32.0, 35.0]",512,cuda,,0.0001,32,False,150,,,l1,0.3,False,2000,1,0.0,0.02,0.15,6.0,1.0,30.7885,0.92495,0.98103,,30.356386205051006,observed,,2000,1500,False,,0.29045891761779785,3.9925458431243896
COCO_train2014_000000000030,tests/test_images/COCO_train2014_000000000030.jpg,428,640,768,quadtree_wse,quadtree_wse,wse,none,,,1500,35.0,"[28.0, 30.0, 32.0, 35.0]",512,cuda,,0.0001,32,False,150,,,l1,0.3,False,2000,0,0.0,0.02,0.15,6.0,1.0,31.2918,0.92763,0.98188,,30.68543524611704,observed,,2000,1500,False,,0.6068968772888184,3.6734323501586914
COCO_train2014_000000000030,tests/test_images/COCO_train2014_000000000030.jpg,428,640,768,quadtree_wse,quadtree_wse,wse,none,,,1500,35.0,"[28.0, 30.0, 32.0, 35.0]",512,cuda,,0.0001,32,False,150,,,l1,0.3,False,2000,1,0.0,0.02,0.15,6.0,1.0,31.2749,0.92856,0.98232,,30.73920344097603,observed,,2000,1500,False,,0.624957799911499,4.040197372436523
COCO_train2014_000000000034,tests/test_images/COCO_train2014_000000000034.jpg,425,640,768,aniso_flanking,aniso_flanking,wse,none,,,1500,35.0,"[28.0, 30.0, 32.0, 35.0]",512,cuda,,0.0001,32,False,150,,,l1,0.3,False,2000,0,0.5,0.02,0.15,6.0,1.0,17.5563,0.46204,0.75855,,17.668616498447086,observed,,2000,1500,False,,0.3241901397705078,4.105530738830566
COCO_train2014_000000000034,tests/test_images/COCO_train2014_000000000034.jpg,425,640,768,aniso_flanking,aniso_flanking,wse,none,,,1500,35.0,"[28.0, 30.0, 32.0, 35.0]",512,cuda,,0.0001,32,False,150,,,l1,0.3,False,2000,1,0.5,0.02,0.15,6.0,1.0,17.5444,0.46007,0.75602,,17.675170633139174,observed,,2000,1500,False,,0.31882214546203613,4.154610872268677
COCO_train2014_000000000034,tests/test_images/COCO_train2014_000000000034.jpg,425,640,768,aniso_onedge,aniso_onedge,wse,none,,,1500,35.0,"[28.0, 30.0, 32.0, 35.0]",512,cuda,,0.0001,32,False,150,,,l1,0.3,False,2000,0,0.0,0.02,0.15,6.0,1.0,17.5596,0.46512,0.7605,,17.72455575610893,observed,,2000,1500,False,,0.33836936950683594,4.085747480392456
COCO_train2014_000000000034,tests/test_images/COCO_train2014_000000000034.jpg,425,640,768,aniso_onedge,aniso_onedge,wse,none,,,1500,35.0,"[28.0, 30.0, 32.0, 35.0]",512,cuda,,0.0001,32,False,150,,,l1,0.3,False,2000,1,0.0,0.02,0.15,6.0,1.0,17.5627,0.46361,0.75777,,17.69881740516627,observed,,2000,1500,False,,0.3300187587738037,4.119899034500122
COCO_train2014_000000000034,tests/test_images/COCO_train2014_000000000034.jpg,425,640,768,floyd_steinberg,aniso_flanking,floyd_steinberg,none,,,1500,35.0,"[28.0, 30.0, 32.0, 35.0]",512,cuda,,0.0001,32,False,150,,,l1,0.3,False,2000,0,0.5,0.02,0.15,6.0,1.0,17.0932,0.45166,0.73702,,17.325330445414945,observed,,2000,1500,False,,0.2707674503326416,4.202418804168701
COCO_train2014_000000000034,tests/test_images/COCO_train2014_000000000034.jpg,425,640,768,floyd_steinberg,aniso_flanking,floyd_steinberg,none,,,1500,35.0,"[28.0, 30.0, 32.0, 35.0]",512,cuda,,0.0001,32,False,150,,,l1,0.3,False,2000,1,0.5,0.02,0.15,6.0,1.0,17.6993,0.45617,0.7467,,16.945718648832905,observed,,2000,1500,False,,0.26931071281433105,4.203246593475342
COCO_train2014_000000000034,tests/test_images/COCO_train2014_000000000034.jpg,425,640,768,iso_blue_noise,iso_blue_noise,wse,none,,,1500,35.0,"[28.0, 30.0, 32.0, 35.0]",512,cuda,,0.0001,32,False,150,,,l1,0.3,False,2000,0,0.0,0.02,0.15,6.0,1.0,17.4675,0.45426,0.7535,,17.54263222829909,observed,,2000,1500,False,,0.23277640342712402,4.022946119308472
COCO_train2014_000000000034,tests/test_images/COCO_train2014_000000000034.jpg,425,640,768,iso_blue_noise,iso_blue_noise,wse,none,,,1500,35.0,"[28.0, 30.0, 32.0, 35.0]",512,cuda,,0.0001,32,False,150,,,l1,0.3,False,2000,1,0.0,0.02,0.15,6.0,1.0,17.3177,0.44892,0.74844,,17.500774186320747,observed,,2000,1500,False,,0.2567901611328125,4.0039238929748535
COCO_train2014_000000000034,tests/test_images/COCO_train2014_000000000034.jpg,425,640,768,quadtree_hybrid,quadtree_hybrid,wse,none,,,1500,35.0,"[28.0, 30.0, 32.0, 35.0]",512,cuda,,0.0001,32,False,150,,,l1,0.3,False,2000,0,0.0,0.02,0.15,6.0,1.0,17.5712,0.47082,0.76553,,17.71580663277675,observed,,2000,1500,False,,0.29012084007263184,4.2486677169799805
COCO_train2014_000000000034,tests/test_images/COCO_train2014_000000000034.jpg,425,640,768,quadtree_hybrid,quadtree_hybrid,wse,none,,,1500,35.0,"[28.0, 30.0, 32.0, 35.0]",512,cuda,,0.0001,32,False,150,,,l1,0.3,False,2000,1,0.0,0.02,0.15,6.0,1.0,17.4407,0.46262,0.75812,,17.650986001521765,observed,,2000,1500,False,,0.3858373165130615,4.111691951751709
COCO_train2014_000000000034,tests/test_images/COCO_train2014_000000000034.jpg,425,640,768,quadtree_wse,quadtree_wse,wse,none,,,1500,35.0,"[28.0, 30.0, 32.0, 35.0]",512,cuda,,0.0001,32,False,150,,,l1,0.3,False,2000,0,0.0,0.02,0.15,6.0,1.0,17.6356,0.46112,0.76225,,17.64996367092527,observed,,2000,1500,False,,0.555042028427124,4.1634674072265625
COCO_train2014_000000000034,tests/test_images/COCO_train2014_000000000034.jpg,425,640,768,quadtree_wse,quadtree_wse,wse,none,,,1500,35.0,"[28.0, 30.0, 32.0, 35.0]",512,cuda,,0.0001,32,False,150,,,l1,0.3,False,2000,1,0.0,0.02,0.15,6.0,1.0,17.5543,0.4573,0.75334,,17.680250938293376,observed,,2000,1500,False,,0.5410125255584717,4.107589483261108
