accepted_steps,artifacts,bundle_root,call_seconds,call_time_cv,cell_id,event_count,exploratory_observer_subtracted_seconds,final_reference_rgb_max_error,group_id,image,iterations_run,kind,lpips,mae,median_call_seconds,method,ms_ssim,mse,n_gaussians,native_pipeline_seconds,observer_seconds,parity_pass,peak_allocated_bytes,psnr,quality,seed,selected_iteration,ssim,state,status,timing_eligible,total_seconds,trajectory_sha256,untimed_reference_coverage_calls,worker_peak_rss_bytes
,"{""config.json"":""cells/same_coco000000000009_s0_initial_legacy_a/config.json"",""curves.png"":""cells/same_coco000000000009_s0_initial_legacy_a/curves.png"",""error.png"":""cells/same_coco000000000009_s0_initial_legacy_a/error.png"",""field.npz"":""cells/same_coco000000000009_s0_initial_legacy_a/field.npz"",""history.json"":""cells/same_coco000000000009_s0_initial_legacy_a/history.json"",""measurements.json"":""cells/same_coco000000000009_s0_initial_legacy_a/measurements.json"",""measurements.npz"":""cells/same_coco000000000009_s0_initial_legacy_a/measurements.npz"",""parity.json"":""cells/same_coco000000000009_s0_initial_legacy_a/parity.json"",""reconstruction.npy"":""cells/same_coco000000000009_s0_initial_legacy_a/reconstruction.npy"",""reconstruction.png"":""cells/same_coco000000000009_s0_initial_legacy_a/reconstruction.png"",""target.npy"":""cells/same_coco000000000009_s0_initial_legacy_a/target.npy"",""target.png"":""cells/same_coco000000000009_s0_initial_legacy_a/target.png""}",,"[0.029011587001150474,0.029065551003441215,0.02907790100289276,0.028751074001775123,0.02892982299817959,0.02891931799968006,0.029130169001291506,0.028734121995512396,0.029041665999102406,0.028854756004875526]",0.004515905502687054,same_coco000000000009_s0_initial_legacy_a,,,,,9,0,same,0.5594217777252197,0.09323301166296005,0.02897070499966503,legacy_a,0.6378294229507446,0.017089140547902455,2000,,,true,244745728,17.672797783962437,"{""boundary_hole_fraction"":0.0,""boundary_mse"":0.01708914153277874,""boundary_psnr_db"":17.672797533671137,""cvar99_mse"":0.1774246245622635,""finite"":true,""foreground_mse"":0.01708914153277874,""foreground_psnr_db"":17.672797533671137,""interior_hole_fraction"":0.0,""n_gaussians"":2000,""outside_coverage_max"":0.0,""outside_max_abs"":0.0,""p99_mse"":0.12899358570575714}",0,0,0.4835756719112396,initial,ok,true,0.28951596700790105,,10,2455588864
,"{""config.json"":""cells/same_coco000000000009_s0_initial_legacy_b/config.json"",""curves.png"":""cells/same_coco000000000009_s0_initial_legacy_b/curves.png"",""error.png"":""cells/same_coco000000000009_s0_initial_legacy_b/error.png"",""field.npz"":""cells/same_coco000000000009_s0_initial_legacy_b/field.npz"",""history.json"":""cells/same_coco000000000009_s0_initial_legacy_b/history.json"",""measurements.json"":""cells/same_coco000000000009_s0_initial_legacy_b/measurements.json"",""measurements.npz"":""cells/same_coco000000000009_s0_initial_legacy_b/measurements.npz"",""parity.json"":""cells/same_coco000000000009_s0_initial_legacy_b/parity.json"",""reconstruction.npy"":""cells/same_coco000000000009_s0_initial_legacy_b/reconstruction.npy"",""reconstruction.png"":""cells/same_coco000000000009_s0_initial_legacy_b/reconstruction.png"",""target.npy"":""cells/same_coco000000000009_s0_initial_legacy_b/target.npy"",""target.png"":""cells/same_coco000000000009_s0_initial_legacy_b/target.png""}",,"[0.029082293003739323,0.028890572000818793,0.02898387900495436,0.029119455997715704,0.028895324998302385,0.02889754700299818,0.029296378001163248,0.029069124000670854,0.029071109005599283,0.028902801001095213]",0.004324516344915697,same_coco000000000009_s0_initial_legacy_b,,,,,9,0,same,0.5594214200973511,0.09323301166296005,0.029026501502812607,legacy_b,0.6378294229507446,0.017089140520440083,2000,,,true,244745728,17.672797790941583,"{""boundary_hole_fraction"":0.0,""boundary_mse"":0.01708914153277874,""boundary_psnr_db"":17.672797533671137,""cvar99_mse"":0.1774246245622635,""finite"":true,""foreground_mse"":0.01708914153277874,""foreground_psnr_db"":17.672797533671137,""interior_hole_fraction"":0.0,""n_gaussians"":2000,""outside_coverage_max"":0.0,""outside_max_abs"":0.0,""p99_mse"":0.12899364531040192}",0,0,0.48357561230659485,initial,ok,true,0.29020848401705734,,10,2455588864
,"{""config.json"":""cells/same_coco000000000009_s0_initial_coverage/config.json"",""curves.png"":""cells/same_coco000000000009_s0_initial_coverage/curves.png"",""error.png"":""cells/same_coco000000000009_s0_initial_coverage/error.png"",""field.npz"":""cells/same_coco000000000009_s0_initial_coverage/field.npz"",""history.json"":""cells/same_coco000000000009_s0_initial_coverage/history.json"",""measurements.json"":""cells/same_coco000000000009_s0_initial_coverage/measurements.json"",""measurements.npz"":""cells/same_coco000000000009_s0_initial_coverage/measurements.npz"",""parity.json"":""cells/same_coco000000000009_s0_initial_coverage/parity.json"",""reconstruction.npy"":""cells/same_coco000000000009_s0_initial_coverage/reconstruction.npy"",""reconstruction.png"":""cells/same_coco000000000009_s0_initial_coverage/reconstruction.png"",""target.npy"":""cells/same_coco000000000009_s0_initial_coverage/target.npy"",""target.png"":""cells/same_coco000000000009_s0_initial_coverage/target.png""}",,"[0.0025901859989971854,0.0025994330062530935,0.0025814059990807436,0.0025795830006245524,0.002585476999229286,0.0026020479999715462,0.002543332004279364,0.002653297000506427,0.0025810200022533536,0.002598863997263834]",0.010032321467488788,same_coco000000000009_s0_initial_coverage,,,,,9,0,same,0.5594221353530884,0.09323301166296005,0.0025878314991132356,coverage,0.6378293633460999,0.017089140525495417,2000,,,false,26157568,17.672797789656848,"{""boundary_hole_fraction"":0.0,""boundary_mse"":0.01708914153277874,""boundary_psnr_db"":17.672797533671137,""cvar99_mse"":0.1774246245622635,""finite"":true,""foreground_mse"":0.01708914153277874,""foreground_psnr_db"":17.672797533671137,""interior_hole_fraction"":0.0,""n_gaussians"":2000,""outside_coverage_max"":0.0,""outside_max_abs"":0.0,""p99_mse"":0.12899361550807953}",0,0,0.4835757315158844,initial,ok,true,0.025914646008459385,,0,2455588864
,"{""config.json"":""cells/same_coco000000000009_s0_initial_tail/config.json"",""curves.png"":""cells/same_coco000000000009_s0_initial_tail/curves.png"",""error.png"":""cells/same_coco000000000009_s0_initial_tail/error.png"",""field.npz"":""cells/same_coco000000000009_s0_initial_tail/field.npz"",""history.json"":""cells/same_coco000000000009_s0_initial_tail/history.json"",""measurements.json"":""cells/same_coco000000000009_s0_initial_tail/measurements.json"",""measurements.npz"":""cells/same_coco000000000009_s0_initial_tail/measurements.npz"",""parity.json"":""cells/same_coco000000000009_s0_initial_tail/parity.json"",""reconstruction.npy"":""cells/same_coco000000000009_s0_initial_tail/reconstruction.npy"",""reconstruction.png"":""cells/same_coco000000000009_s0_initial_tail/reconstruction.png"",""target.npy"":""cells/same_coco000000000009_s0_initial_tail/target.npy"",""target.png"":""cells/same_coco000000000009_s0_initial_tail/target.png""}",,"[0.028780289001588244,0.028931729997566435,0.029064919996017125,0.028809559997171164,0.028722208000544924,0.028691483996226452,0.02913328100112267,0.02870325399999274,0.029257834001327865,0.028761106994352303]",0.006606647566532379,same_coco000000000009_s0_initial_tail,,,,,9,0,same,0.5594209432601929,0.09323301166296005,0.028794924499379704,tail,0.6378293633460999,0.017089140528938413,2000,,,false,244745728,17.672797788781864,"{""boundary_hole_fraction"":0.0,""boundary_mse"":0.01708914153277874,""boundary_psnr_db"":17.672797533671137,""cvar99_mse"":0.1774246245622635,""finite"":true,""foreground_mse"":0.01708914153277874,""foreground_psnr_db"":17.672797533671137,""interior_hole_fraction"":0.0,""n_gaussians"":2000,""outside_coverage_max"":0.0,""outside_max_abs"":0.0,""p99_mse"":0.12899361550807953}",0,0,0.4835757315158844,initial,ok,true,0.2888556669859099,,10,2455588864
,"{""config.json"":""cells/same_coco000000000009_s0_initial_both/config.json"",""curves.png"":""cells/same_coco000000000009_s0_initial_both/curves.png"",""error.png"":""cells/same_coco000000000009_s0_initial_both/error.png"",""field.npz"":""cells/same_coco000000000009_s0_initial_both/field.npz"",""history.json"":""cells/same_coco000000000009_s0_initial_both/history.json"",""measurements.json"":""cells/same_coco000000000009_s0_initial_both/measurements.json"",""measurements.npz"":""cells/same_coco000000000009_s0_initial_both/measurements.npz"",""parity.json"":""cells/same_coco000000000009_s0_initial_both/parity.json"",""reconstruction.npy"":""cells/same_coco000000000009_s0_initial_both/reconstruction.npy"",""reconstruction.png"":""cells/same_coco000000000009_s0_initial_both/reconstruction.png"",""target.npy"":""cells/same_coco000000000009_s0_initial_both/target.npy"",""target.png"":""cells/same_coco000000000009_s0_initial_both/target.png""}",,"[0.0025751909997779876,0.0025670679970062338,0.0025105039967456833,0.0024986720018205233,0.0025520130002405494,0.002511006001441274,0.0025015900027938187,0.0025188049985445105,0.003617989998019766,0.0024879420016077347]",0.12497718512926931,same_coco000000000009_s0_initial_both,,,,,9,0,same,0.5594221949577332,0.09323301166296005,0.002514905499992892,both,0.6378293633460999,0.017089140550482124,2000,,,true,23920640,17.672797783306855,"{""boundary_hole_fraction"":0.0,""boundary_mse"":0.01708914153277874,""boundary_psnr_db"":17.672797533671137,""cvar99_mse"":0.1774246245622635,""finite"":true,""foreground_mse"":0.01708914153277874,""foreground_psnr_db"":17.672797533671137,""interior_hole_fraction"":0.0,""n_gaussians"":2000,""outside_coverage_max"":0.0,""outside_max_abs"":0.0,""p99_mse"":0.12899361550807953}",0,0,0.48357561230659485,initial,ok,true,0.02634078099799808,,0,2455588864
,"{""config.json"":""cells/same_coco000000000009_s0_terminal_legacy_a/config.json"",""curves.png"":""cells/same_coco000000000009_s0_terminal_legacy_a/curves.png"",""error.png"":""cells/same_coco000000000009_s0_terminal_legacy_a/error.png"",""field.npz"":""cells/same_coco000000000009_s0_terminal_legacy_a/field.npz"",""history.json"":""cells/same_coco000000000009_s0_terminal_legacy_a/history.json"",""measurements.json"":""cells/same_coco000000000009_s0_terminal_legacy_a/measurements.json"",""measurements.npz"":""cells/same_coco000000000009_s0_terminal_legacy_a/measurements.npz"",""parity.json"":""cells/same_coco000000000009_s0_terminal_legacy_a/parity.json"",""reconstruction.npy"":""cells/same_coco000000000009_s0_terminal_legacy_a/reconstruction.npy"",""reconstruction.png"":""cells/same_coco000000000009_s0_terminal_legacy_a/reconstruction.png"",""target.npy"":""cells/same_coco000000000009_s0_terminal_legacy_a/target.npy"",""target.png"":""cells/same_coco000000000009_s0_terminal_legacy_a/target.png""}",,"[0.028323692000412848,0.02858582299813861,0.028454849998524878,0.028501273001893423,0.028855171003669966,0.028747173004376236,0.028339998003502842,0.028504185000201687,0.02867536999838194,0.028366068996547256]",0.0059630623250467715,same_coco000000000009_s0_terminal_legacy_a,,,,,9,750,same,0.19461914896965027,0.02652912773191929,0.028502729001047555,legacy_a,0.956710159778595,0.002236007842490021,2000,,,true,244951040,26.505266775547703,"{""boundary_hole_fraction"":0.0,""boundary_mse"":0.002236007945612073,""boundary_psnr_db"":26.5052665752562,""cvar99_mse"":0.06523604691028595,""finite"":true,""foreground_mse"":0.002236007945612073,""foreground_psnr_db"":26.5052665752562,""interior_hole_fraction"":0.006540934555232525,""n_gaussians"":2000,""outside_coverage_max"":0.0,""outside_max_abs"":0.0,""p99_mse"":0.03530734404921532}",0,750,0.8196954727172852,terminal,ok,true,0.2853536040056497,,10,2455588864
,"{""config.json"":""cells/same_coco000000000009_s0_terminal_legacy_b/config.json"",""curves.png"":""cells/same_coco000000000009_s0_terminal_legacy_b/curves.png"",""error.png"":""cells/same_coco000000000009_s0_terminal_legacy_b/error.png"",""field.npz"":""cells/same_coco000000000009_s0_terminal_legacy_b/field.npz"",""history.json"":""cells/same_coco000000000009_s0_terminal_legacy_b/history.json"",""measurements.json"":""cells/same_coco000000000009_s0_terminal_legacy_b/measurements.json"",""measurements.npz"":""cells/same_coco000000000009_s0_terminal_legacy_b/measurements.npz"",""parity.json"":""cells/same_coco000000000009_s0_terminal_legacy_b/parity.json"",""reconstruction.npy"":""cells/same_coco000000000009_s0_terminal_legacy_b/reconstruction.npy"",""reconstruction.png"":""cells/same_coco000000000009_s0_terminal_legacy_b/reconstruction.png"",""target.npy"":""cells/same_coco000000000009_s0_terminal_legacy_b/target.npy"",""target.png"":""cells/same_coco000000000009_s0_terminal_legacy_b/target.png""}",,"[0.02861396000662353,0.028331639005045872,0.028575483003805857,0.028612704001716338,0.028504921996500343,0.02835495500039542,0.028771447003236972,0.028672344000369776,0.028400306997355074,0.028866988002846483]",0.005847732271408897,same_coco000000000009_s0_terminal_legacy_b,,,,,9,750,same,0.19461917877197266,0.02652912773191929,0.028594093502761098,legacy_b,0.9567102193832397,0.002236007841182741,2000,,,false,244951040,26.5052667780868,"{""boundary_hole_fraction"":0.0,""boundary_mse"":0.002236007945612073,""boundary_psnr_db"":26.5052665752562,""cvar99_mse"":0.06523604691028595,""finite"":true,""foreground_mse"":0.002236007945612073,""foreground_psnr_db"":26.5052665752562,""interior_hole_fraction"":0.006540934555232525,""n_gaussians"":2000,""outside_coverage_max"":0.0,""outside_max_abs"":0.0,""p99_mse"":0.03530734032392502}",0,750,0.8196954727172852,terminal,ok,true,0.28570474901789567,,10,2455588864
,"{""config.json"":""cells/same_coco000000000009_s0_terminal_coverage/config.json"",""curves.png"":""cells/same_coco000000000009_s0_terminal_coverage/curves.png"",""error.png"":""cells/same_coco000000000009_s0_terminal_coverage/error.png"",""field.npz"":""cells/same_coco000000000009_s0_terminal_coverage/field.npz"",""history.json"":""cells/same_coco000000000009_s0_terminal_coverage/history.json"",""measurements.json"":""cells/same_coco000000000009_s0_terminal_coverage/measurements.json"",""measurements.npz"":""cells/same_coco000000000009_s0_terminal_coverage/measurements.npz"",""parity.json"":""cells/same_coco000000000009_s0_terminal_coverage/parity.json"",""reconstruction.npy"":""cells/same_coco000000000009_s0_terminal_coverage/reconstruction.npy"",""reconstruction.png"":""cells/same_coco000000000009_s0_terminal_coverage/reconstruction.png"",""target.npy"":""cells/same_coco000000000009_s0_terminal_coverage/target.npy"",""target.png"":""cells/same_coco000000000009_s0_terminal_coverage/target.png""}",,"[0.028659683994192164,0.02903127099853009,0.02867739299836103,0.029015392996370792,0.028799507999792695,0.029160276004404295,0.02879170500091277,0.029159188001358416,0.028955462999874726,0.028808720999222714]",0.006048363740936113,same_coco000000000009_s0_terminal_coverage,,,,,9,750,same,0.19461944699287415,0.02652912773191929,0.02888209199954872,coverage,0.956710159778595,0.0022360078427505277,2000,,,false,245737472,26.505266775041726,"{""boundary_hole_fraction"":0.0,""boundary_mse"":0.002236007945612073,""boundary_psnr_db"":26.5052665752562,""cvar99_mse"":0.06523604691028595,""finite"":true,""foreground_mse"":0.002236007945612073,""foreground_psnr_db"":26.5052665752562,""interior_hole_fraction"":0.006540934555232525,""n_gaussians"":2000,""outside_coverage_max"":0.0,""outside_max_abs"":0.0,""p99_mse"":0.03530733659863472}",0,750,0.8196955919265747,terminal,ok,true,0.2890586019930197,,10,2455588864
,"{""config.json"":""cells/same_coco000000000009_s0_terminal_tail/config.json"",""curves.png"":""cells/same_coco000000000009_s0_terminal_tail/curves.png"",""error.png"":""cells/same_coco000000000009_s0_terminal_tail/error.png"",""field.npz"":""cells/same_coco000000000009_s0_terminal_tail/field.npz"",""history.json"":""cells/same_coco000000000009_s0_terminal_tail/history.json"",""measurements.json"":""cells/same_coco000000000009_s0_terminal_tail/measurements.json"",""measurements.npz"":""cells/same_coco000000000009_s0_terminal_tail/measurements.npz"",""parity.json"":""cells/same_coco000000000009_s0_terminal_tail/parity.json"",""reconstruction.npy"":""cells/same_coco000000000009_s0_terminal_tail/reconstruction.npy"",""reconstruction.png"":""cells/same_coco000000000009_s0_terminal_tail/reconstruction.png"",""target.npy"":""cells/same_coco000000000009_s0_terminal_tail/target.npy"",""target.png"":""cells/same_coco000000000009_s0_terminal_tail/target.png""}",,"[0.02845349499693839,0.028320122000877745,0.028703074996883515,0.028310642002907116,0.028707622994261328,0.02864844199939398,0.028590062000148464,0.02826485799596412,0.028598658005648758,0.02856168099970091]",0.0055578466630833556,same_coco000000000009_s0_terminal_tail,,,,,9,750,same,0.19461941719055176,0.02652912773191929,0.028575871499924688,tail,0.956710159778595,0.002236007831303032,2000,,,true,244951040,26.505266797275926,"{""boundary_hole_fraction"":0.0,""boundary_mse"":0.002236007945612073,""boundary_psnr_db"":26.5052665752562,""cvar99_mse"":0.06523604691028595,""finite"":true,""foreground_mse"":0.002236007945612073,""foreground_psnr_db"":26.5052665752562,""interior_hole_fraction"":0.006540934555232525,""n_gaussians"":2000,""outside_coverage_max"":0.0,""outside_max_abs"":0.0,""p99_mse"":0.03530734032392502}",0,750,0.8196955919265747,terminal,ok,true,0.28515865799272433,,10,2455588864
,"{""config.json"":""cells/same_coco000000000009_s0_terminal_both/config.json"",""curves.png"":""cells/same_coco000000000009_s0_terminal_both/curves.png"",""error.png"":""cells/same_coco000000000009_s0_terminal_both/error.png"",""field.npz"":""cells/same_coco000000000009_s0_terminal_both/field.npz"",""history.json"":""cells/same_coco000000000009_s0_terminal_both/history.json"",""measurements.json"":""cells/same_coco000000000009_s0_terminal_both/measurements.json"",""measurements.npz"":""cells/same_coco000000000009_s0_terminal_both/measurements.npz"",""parity.json"":""cells/same_coco000000000009_s0_terminal_both/parity.json"",""reconstruction.npy"":""cells/same_coco000000000009_s0_terminal_both/reconstruction.npy"",""reconstruction.png"":""cells/same_coco000000000009_s0_terminal_both/reconstruction.png"",""target.npy"":""cells/same_coco000000000009_s0_terminal_both/target.npy"",""target.png"":""cells/same_coco000000000009_s0_terminal_both/target.png""}",,"[0.028983946998778265,0.028818762002629228,0.028729334997478873,0.028981153001950588,0.02855636599997524,0.02854423099779524,0.028970382001716644,0.029065832000924274,0.02869768600066891,0.028950938998605125]",0.006212646473867806,same_coco000000000009_s0_terminal_both,,,,,9,750,same,0.19461870193481445,0.02652912586927414,0.028884850500617176,both,0.956710159778595,0.002236007840460071,2000,,,false,245737472,26.505266779490423,"{""boundary_hole_fraction"":0.0,""boundary_mse"":0.002236007945612073,""boundary_psnr_db"":26.5052665752562,""cvar99_mse"":0.06523604691028595,""finite"":true,""foreground_mse"":0.002236007945612073,""foreground_psnr_db"":26.5052665752562,""interior_hole_fraction"":0.006540934555232525,""n_gaussians"":2000,""outside_coverage_max"":0.0,""outside_max_abs"":0.0,""p99_mse"":0.03530734032392502}",0,750,0.8196954727172852,terminal,ok,true,0.2882986330005224,,10,2455588864
,"{""config.json"":""cells/same_coco000000000009_s1_initial_legacy_a/config.json"",""curves.png"":""cells/same_coco000000000009_s1_initial_legacy_a/curves.png"",""error.png"":""cells/same_coco000000000009_s1_initial_legacy_a/error.png"",""field.npz"":""cells/same_coco000000000009_s1_initial_legacy_a/field.npz"",""history.json"":""cells/same_coco000000000009_s1_initial_legacy_a/history.json"",""measurements.json"":""cells/same_coco000000000009_s1_initial_legacy_a/measurements.json"",""measurements.npz"":""cells/same_coco000000000009_s1_initial_legacy_a/measurements.npz"",""parity.json"":""cells/same_coco000000000009_s1_initial_legacy_a/parity.json"",""reconstruction.npy"":""cells/same_coco000000000009_s1_initial_legacy_a/reconstruction.npy"",""reconstruction.png"":""cells/same_coco000000000009_s1_initial_legacy_a/reconstruction.png"",""target.npy"":""cells/same_coco000000000009_s1_initial_legacy_a/target.npy"",""target.png"":""cells/same_coco000000000009_s1_initial_legacy_a/target.png""}",,"[0.029456582000420894,0.029136238001228776,0.029131457005860284,0.02924693000386469,0.029144464002456516,0.029283652002050076,0.029456657997798175,0.02912125400325749,0.029394899000180885,0.029382846994849388]",0.004497692583377799,same_coco000000000009_s1_initial_legacy_a,,,,,9,0,same,0.5518002510070801,0.09119970351457596,0.029265291002957383,legacy_a,0.6432445049285889,0.016786654905547992,2000,,,true,244678144,17.750358375604893,"{""boundary_hole_fraction"":0.0,""boundary_mse"":0.01678665727376938,""boundary_psnr_db"":17.7503577629126,""cvar99_mse"":0.18345525860786438,""finite"":true,""foreground_mse"":0.01678665727376938,""foreground_psnr_db"":17.7503577629126,""interior_hole_fraction"":0.0,""n_gaussians"":2000,""outside_coverage_max"":0.0,""outside_max_abs"":0.0,""p99_mse"":0.12913082540035248}",1,0,0.4865455627441406,initial,ok,true,0.2927549810119672,,10,2458685440
,"{""config.json"":""cells/same_coco000000000009_s1_initial_legacy_b/config.json"",""curves.png"":""cells/same_coco000000000009_s1_initial_legacy_b/curves.png"",""error.png"":""cells/same_coco000000000009_s1_initial_legacy_b/error.png"",""field.npz"":""cells/same_coco000000000009_s1_initial_legacy_b/field.npz"",""history.json"":""cells/same_coco000000000009_s1_initial_legacy_b/history.json"",""measurements.json"":""cells/same_coco000000000009_s1_initial_legacy_b/measurements.json"",""measurements.npz"":""cells/same_coco000000000009_s1_initial_legacy_b/measurements.npz"",""parity.json"":""cells/same_coco000000000009_s1_initial_legacy_b/parity.json"",""reconstruction.npy"":""cells/same_coco000000000009_s1_initial_legacy_b/reconstruction.npy"",""reconstruction.png"":""cells/same_coco000000000009_s1_initial_legacy_b/reconstruction.png"",""target.npy"":""cells/same_coco000000000009_s1_initial_legacy_b/target.npy"",""target.png"":""cells/same_coco000000000009_s1_initial_legacy_b/target.png""}",,"[0.029352143996220548,0.029389493996859528,0.02921353600686416,0.029319209003006108,0.029393009004706983,0.02905788100179052,0.02928008899471024,0.029429351998260245,0.029137650999473408,0.02939318399876356]",0.004008285826475867,same_coco000000000009_s1_initial_legacy_b,,,,,9,0,same,0.5517998337745667,0.09119970351457596,0.029335676499613328,legacy_b,0.6432445049285889,0.016786654874111413,2000,,,false,244678144,17.750358383737982,"{""boundary_hole_fraction"":0.0,""boundary_mse"":0.01678665727376938,""boundary_psnr_db"":17.7503577629126,""cvar99_mse"":0.18345525860786438,""finite"":true,""foreground_mse"":0.01678665727376938,""foreground_psnr_db"":17.7503577629126,""interior_hole_fraction"":0.0,""n_gaussians"":2000,""outside_coverage_max"":0.0,""outside_max_abs"":0.0,""p99_mse"":0.1291307955980301}",1,0,0.4865456223487854,initial,ok,true,0.2929655490006553,,10,2458685440
,"{""config.json"":""cells/same_coco000000000009_s1_initial_coverage/config.json"",""curves.png"":""cells/same_coco000000000009_s1_initial_coverage/curves.png"",""error.png"":""cells/same_coco000000000009_s1_initial_coverage/error.png"",""field.npz"":""cells/same_coco000000000009_s1_initial_coverage/field.npz"",""history.json"":""cells/same_coco000000000009_s1_initial_coverage/history.json"",""measurements.json"":""cells/same_coco000000000009_s1_initial_coverage/measurements.json"",""measurements.npz"":""cells/same_coco000000000009_s1_initial_coverage/measurements.npz"",""parity.json"":""cells/same_coco000000000009_s1_initial_coverage/parity.json"",""reconstruction.npy"":""cells/same_coco000000000009_s1_initial_coverage/reconstruction.npy"",""reconstruction.png"":""cells/same_coco000000000009_s1_initial_coverage/reconstruction.png"",""target.npy"":""cells/same_coco000000000009_s1_initial_coverage/target.npy"",""target.png"":""cells/same_coco000000000009_s1_initial_coverage/target.png""}",,"[0.0026237570054945536,0.0026553080024314113,0.0025700780024635606,0.0025955910023185425,0.002578749001258984,0.002584289999504108,0.002589550997072365,0.0026033570029539987,0.002566210998338647,0.0025720940029714257]",0.010130574680226045,same_coco000000000009_s1_initial_coverage,,,,,9,0,same,0.5517985820770264,0.09119970351457596,0.0025869204982882366,coverage,0.6432445049285889,0.01678665489387416,2000,,,false,26157568,17.75035837862508,"{""boundary_hole_fraction"":0.0,""boundary_mse"":0.01678665727376938,""boundary_psnr_db"":17.7503577629126,""cvar99_mse"":0.18345525860786438,""finite"":true,""foreground_mse"":0.01678665727376938,""foreground_psnr_db"":17.7503577629126,""interior_hole_fraction"":0.0,""n_gaussians"":2000,""outside_coverage_max"":0.0,""outside_max_abs"":0.0,""p99_mse"":0.12913084030151367}",1,0,0.4865456819534302,initial,ok,true,0.025938986014807597,,0,2458685440
,"{""config.json"":""cells/same_coco000000000009_s1_initial_tail/config.json"",""curves.png"":""cells/same_coco000000000009_s1_initial_tail/curves.png"",""error.png"":""cells/same_coco000000000009_s1_initial_tail/error.png"",""field.npz"":""cells/same_coco000000000009_s1_initial_tail/field.npz"",""history.json"":""cells/same_coco000000000009_s1_initial_tail/history.json"",""measurements.json"":""cells/same_coco000000000009_s1_initial_tail/measurements.json"",""measurements.npz"":""cells/same_coco000000000009_s1_initial_tail/measurements.npz"",""parity.json"":""cells/same_coco000000000009_s1_initial_tail/parity.json"",""reconstruction.npy"":""cells/same_coco000000000009_s1_initial_tail/reconstruction.npy"",""reconstruction.png"":""cells/same_coco000000000009_s1_initial_tail/reconstruction.png"",""target.npy"":""cells/same_coco000000000009_s1_initial_tail/target.npy"",""target.png"":""cells/same_coco000000000009_s1_initial_tail/target.png""}",,"[0.029389126000751276,0.029365230999246705,0.029018583001743536,0.02941953600384295,0.029169145003834274,0.02905220299726352,0.029361920998780988,0.029294205996848177,0.029309921999811195,0.029360590000578668]",0.004647645929718674,same_coco000000000009_s1_initial_tail,,,,,9,0,same,0.5518007874488831,0.09119970351457596,0.02933525600019493,tail,0.6432445645332336,0.016786654846635506,2000,,,false,244678144,17.750358390846387,"{""boundary_hole_fraction"":0.0,""boundary_mse"":0.01678665727376938,""boundary_psnr_db"":17.7503577629126,""cvar99_mse"":0.18345525860786438,""finite"":true,""foreground_mse"":0.01678665727376938,""foreground_psnr_db"":17.7503577629126,""interior_hole_fraction"":0.0,""n_gaussians"":2000,""outside_coverage_max"":0.0,""outside_max_abs"":0.0,""p99_mse"":0.12913082540035248}",1,0,0.4865456223487854,initial,ok,true,0.2927404630027013,,10,2458685440
,"{""config.json"":""cells/same_coco000000000009_s1_initial_both/config.json"",""curves.png"":""cells/same_coco000000000009_s1_initial_both/curves.png"",""error.png"":""cells/same_coco000000000009_s1_initial_both/error.png"",""field.npz"":""cells/same_coco000000000009_s1_initial_both/field.npz"",""history.json"":""cells/same_coco000000000009_s1_initial_both/history.json"",""measurements.json"":""cells/same_coco000000000009_s1_initial_both/measurements.json"",""measurements.npz"":""cells/same_coco000000000009_s1_initial_both/measurements.npz"",""parity.json"":""cells/same_coco000000000009_s1_initial_both/parity.json"",""reconstruction.npy"":""cells/same_coco000000000009_s1_initial_both/reconstruction.npy"",""reconstruction.png"":""cells/same_coco000000000009_s1_initial_both/reconstruction.png"",""target.npy"":""cells/same_coco000000000009_s1_initial_both/target.npy"",""target.png"":""cells/same_coco000000000009_s1_initial_both/target.png""}",,"[0.0025259940011892468,0.0025165340048260987,0.0025381739978911355,0.0024958879948826507,0.0025168220017803833,0.0025181330056511797,0.0025459060052526183,0.0025981099970522337,0.002576853999926243,0.0025738210024428554]",0.012208869065990523,same_coco000000000009_s1_initial_both,,,,,9,0,same,0.5518007278442383,0.09119970351457596,0.002532083999540191,both,0.6432445049285889,0.016786654888193524,2000,,,false,23920640,17.750358380094738,"{""boundary_hole_fraction"":0.0,""boundary_mse"":0.01678665727376938,""boundary_psnr_db"":17.7503577629126,""cvar99_mse"":0.18345525860786438,""finite"":true,""foreground_mse"":0.01678665727376938,""foreground_psnr_db"":17.7503577629126,""interior_hole_fraction"":0.0,""n_gaussians"":2000,""outside_coverage_max"":0.0,""outside_max_abs"":0.0,""p99_mse"":0.12913081049919128}",1,0,0.4865456819534302,initial,ok,true,0.025406236010894645,,0,2458685440
,"{""config.json"":""cells/same_coco000000000009_s1_terminal_legacy_a/config.json"",""curves.png"":""cells/same_coco000000000009_s1_terminal_legacy_a/curves.png"",""error.png"":""cells/same_coco000000000009_s1_terminal_legacy_a/error.png"",""field.npz"":""cells/same_coco000000000009_s1_terminal_legacy_a/field.npz"",""history.json"":""cells/same_coco000000000009_s1_terminal_legacy_a/history.json"",""measurements.json"":""cells/same_coco000000000009_s1_terminal_legacy_a/measurements.json"",""measurements.npz"":""cells/same_coco000000000009_s1_terminal_legacy_a/measurements.npz"",""parity.json"":""cells/same_coco000000000009_s1_terminal_legacy_a/parity.json"",""reconstruction.npy"":""cells/same_coco000000000009_s1_terminal_legacy_a/reconstruction.npy"",""reconstruction.png"":""cells/same_coco000000000009_s1_terminal_legacy_a/reconstruction.png"",""target.npy"":""cells/same_coco000000000009_s1_terminal_legacy_a/target.npy"",""target.png"":""cells/same_coco000000000009_s1_terminal_legacy_a/target.png""}",,"[0.03307933999894885,0.033644015005847905,0.03315401500003645,0.03286367600230733,0.032719211994844954,0.0327977600027225,0.03271552800288191,0.03290481399744749,0.03302745099790627,0.03276455299783265]",0.008130268958874393,same_coco000000000009_s1_terminal_legacy_a,,,,,9,750,same,0.19982045888900757,0.026614712551236153,0.03288424499987741,legacy_a,0.9565301537513733,0.002253203687821178,2000,,,true,244779520,26.471995466258058,"{""boundary_hole_fraction"":0.0,""boundary_mse"":0.002253203885629773,""boundary_psnr_db"":26.47199508499125,""cvar99_mse"":0.06704747676849365,""finite"":true,""foreground_mse"":0.002253203885629773,""foreground_psnr_db"":26.47199508499125,""interior_hole_fraction"":0.0039723715744912624,""n_gaussians"":2000,""outside_coverage_max"":0.0,""outside_max_abs"":0.0,""p99_mse"":0.03542652353644371}",1,750,0.817816436290741,terminal,ok,true,0.3296703640007763,,10,2458685440
,"{""config.json"":""cells/same_coco000000000009_s1_terminal_legacy_b/config.json"",""curves.png"":""cells/same_coco000000000009_s1_terminal_legacy_b/curves.png"",""error.png"":""cells/same_coco000000000009_s1_terminal_legacy_b/error.png"",""field.npz"":""cells/same_coco000000000009_s1_terminal_legacy_b/field.npz"",""history.json"":""cells/same_coco000000000009_s1_terminal_legacy_b/history.json"",""measurements.json"":""cells/same_coco000000000009_s1_terminal_legacy_b/measurements.json"",""measurements.npz"":""cells/same_coco000000000009_s1_terminal_legacy_b/measurements.npz"",""parity.json"":""cells/same_coco000000000009_s1_terminal_legacy_b/parity.json"",""reconstruction.npy"":""cells/same_coco000000000009_s1_terminal_legacy_b/reconstruction.npy"",""reconstruction.png"":""cells/same_coco000000000009_s1_terminal_legacy_b/reconstruction.png"",""target.npy"":""cells/same_coco000000000009_s1_terminal_legacy_b/target.npy"",""target.png"":""cells/same_coco000000000009_s1_terminal_legacy_b/target.png""}",,"[0.033200430996657815,0.033040693000657484,0.032708567996451166,0.03286623700114433,0.03285313100059284,0.032679156996891834,0.032887700996070635,0.03283955799997784,0.0331437589993584,0.032776836000266485]",0.005060632271376895,same_coco000000000009_s1_terminal_legacy_b,,,,,9,750,same,0.19981974363327026,0.026614712551236153,0.03285968400086858,legacy_b,0.9565302133560181,0.002253203686734568,2000,,,true,244779520,26.471995468352446,"{""boundary_hole_fraction"":0.0,""boundary_mse"":0.002253203885629773,""boundary_psnr_db"":26.47199508499125,""cvar99_mse"":0.06704747676849365,""finite"":true,""foreground_mse"":0.002253203885629773,""foreground_psnr_db"":26.47199508499125,""interior_hole_fraction"":0.0039723715744912624,""n_gaussians"":2000,""outside_coverage_max"":0.0,""outside_max_abs"":0.0,""p99_mse"":0.03542652353644371}",1,750,0.8178163170814514,terminal,ok,true,0.3289960709880688,,10,2458685440
,"{""config.json"":""cells/same_coco000000000009_s1_terminal_coverage/config.json"",""curves.png"":""cells/same_coco000000000009_s1_terminal_coverage/curves.png"",""error.png"":""cells/same_coco000000000009_s1_terminal_coverage/error.png"",""field.npz"":""cells/same_coco000000000009_s1_terminal_coverage/field.npz"",""history.json"":""cells/same_coco000000000009_s1_terminal_coverage/history.json"",""measurements.json"":""cells/same_coco000000000009_s1_terminal_coverage/measurements.json"",""measurements.npz"":""cells/same_coco000000000009_s1_terminal_coverage/measurements.npz"",""parity.json"":""cells/same_coco000000000009_s1_terminal_coverage/parity.json"",""reconstruction.npy"":""cells/same_coco000000000009_s1_terminal_coverage/reconstruction.npy"",""reconstruction.png"":""cells/same_coco000000000009_s1_terminal_coverage/reconstruction.png"",""target.npy"":""cells/same_coco000000000009_s1_terminal_coverage/target.npy"",""target.png"":""cells/same_coco000000000009_s1_terminal_coverage/target.png""}",,"[0.003116774001682643,0.003131454999675043,0.0030791539975325577,0.003000712997163646,0.0029753220005659387,0.002983974998642225,0.0029890619989600964,0.002972155998577364,0.0030383420016733,0.002935306998551823]",0.020837294741057655,same_coco000000000009_s1_terminal_coverage,,,,,9,750,same,0.19982032477855682,0.026614712551236153,0.002994887498061871,coverage,0.9565302133560181,0.002253203689856834,2000,,,false,26157568,26.471995462334426,"{""boundary_hole_fraction"":0.0,""boundary_mse"":0.002253203885629773,""boundary_psnr_db"":26.47199508499125,""cvar99_mse"":0.06704747676849365,""finite"":true,""foreground_mse"":0.002253203885629773,""foreground_psnr_db"":26.47199508499125,""interior_hole_fraction"":0.0039723715744912624,""n_gaussians"":2000,""outside_coverage_max"":0.0,""outside_max_abs"":0.0,""p99_mse"":0.03542652353644371}",1,750,0.817816436290741,terminal,ok,true,0.030222259993024636,,0,2458685440
,"{""config.json"":""cells/same_coco000000000009_s1_terminal_tail/config.json"",""curves.png"":""cells/same_coco000000000009_s1_terminal_tail/curves.png"",""error.png"":""cells/same_coco000000000009_s1_terminal_tail/error.png"",""field.npz"":""cells/same_coco000000000009_s1_terminal_tail/field.npz"",""history.json"":""cells/same_coco000000000009_s1_terminal_tail/history.json"",""measurements.json"":""cells/same_coco000000000009_s1_terminal_tail/measurements.json"",""measurements.npz"":""cells/same_coco000000000009_s1_terminal_tail/measurements.npz"",""parity.json"":""cells/same_coco000000000009_s1_terminal_tail/parity.json"",""reconstruction.npy"":""cells/same_coco000000000009_s1_terminal_tail/reconstruction.npy"",""reconstruction.png"":""cells/same_coco000000000009_s1_terminal_tail/reconstruction.png"",""target.npy"":""cells/same_coco000000000009_s1_terminal_tail/target.npy"",""target.png"":""cells/same_coco000000000009_s1_terminal_tail/target.png""}",,"[0.03296000199770788,0.03335716699803015,0.03308431999903405,0.032691186999727506,0.03274975599924801,0.032913948998611886,0.03276631199696567,0.03270528799475869,0.03265370900044218,0.03263800199783873]",0.006633902714011023,same_coco000000000009_s1_terminal_tail,,,,,9,750,same,0.19982093572616577,0.026614712551236153,0.03275803399810684,tail,0.9565302133560181,0.0022532036787942813,2000,,,false,244779520,26.47199548365698,"{""boundary_hole_fraction"":0.0,""boundary_mse"":0.002253203885629773,""boundary_psnr_db"":26.47199508499125,""cvar99_mse"":0.06704747676849365,""finite"":true,""foreground_mse"":0.002253203885629773,""foreground_psnr_db"":26.47199508499125,""interior_hole_fraction"":0.0039723715744912624,""n_gaussians"":2000,""outside_coverage_max"":0.0,""outside_max_abs"":0.0,""p99_mse"":0.03542652353644371}",1,750,0.817816436290741,terminal,ok,true,0.32851969198236475,,10,2458685440
,"{""config.json"":""cells/same_coco000000000009_s1_terminal_both/config.json"",""curves.png"":""cells/same_coco000000000009_s1_terminal_both/curves.png"",""error.png"":""cells/same_coco000000000009_s1_terminal_both/error.png"",""field.npz"":""cells/same_coco000000000009_s1_terminal_both/field.npz"",""history.json"":""cells/same_coco000000000009_s1_terminal_both/history.json"",""measurements.json"":""cells/same_coco000000000009_s1_terminal_both/measurements.json"",""measurements.npz"":""cells/same_coco000000000009_s1_terminal_both/measurements.npz"",""parity.json"":""cells/same_coco000000000009_s1_terminal_both/parity.json"",""reconstruction.npy"":""cells/same_coco000000000009_s1_terminal_both/reconstruction.npy"",""reconstruction.png"":""cells/same_coco000000000009_s1_terminal_both/reconstruction.png"",""target.npy"":""cells/same_coco000000000009_s1_terminal_both/target.npy"",""target.png"":""cells/same_coco000000000009_s1_terminal_both/target.png""}",,"[0.002992699002788868,0.0031417150021297857,0.0029165779997128993,0.0029817280010320246,0.0029264379991218448,0.0030190339966793545,0.002839002998371143,0.002961958998639602,0.0028642949982895516,0.0029642200024682097]",0.027203907469998803,same_coco000000000009_s1_terminal_both,,,,,9,750,same,0.1998213827610016,0.026614712551236153,0.002963089500553906,both,0.9565302133560181,0.00225320368556753,2000,,,false,23920640,26.47199547060186,"{""boundary_hole_fraction"":0.0,""boundary_mse"":0.002253203885629773,""boundary_psnr_db"":26.47199508499125,""cvar99_mse"":0.06704746186733246,""finite"":true,""foreground_mse"":0.002253203885629773,""foreground_psnr_db"":26.47199508499125,""interior_hole_fraction"":0.0039723715744912624,""n_gaussians"":2000,""outside_coverage_max"":0.0,""outside_max_abs"":0.0,""p99_mse"":0.03542652353644371}",1,750,0.8178163170814514,terminal,ok,true,0.029607668999233283,,0,2458685440
,"{""config.json"":""cells/same_coco000000000025_s0_initial_legacy_a/config.json"",""curves.png"":""cells/same_coco000000000025_s0_initial_legacy_a/curves.png"",""error.png"":""cells/same_coco000000000025_s0_initial_legacy_a/error.png"",""field.npz"":""cells/same_coco000000000025_s0_initial_legacy_a/field.npz"",""history.json"":""cells/same_coco000000000025_s0_initial_legacy_a/history.json"",""measurements.json"":""cells/same_coco000000000025_s0_initial_legacy_a/measurements.json"",""measurements.npz"":""cells/same_coco000000000025_s0_initial_legacy_a/measurements.npz"",""parity.json"":""cells/same_coco000000000025_s0_initial_legacy_a/parity.json"",""reconstruction.npy"":""cells/same_coco000000000025_s0_initial_legacy_a/reconstruction.npy"",""reconstruction.png"":""cells/same_coco000000000025_s0_initial_legacy_a/reconstruction.png"",""target.npy"":""cells/same_coco000000000025_s0_initial_legacy_a/target.npy"",""target.png"":""cells/same_coco000000000025_s0_initial_legacy_a/target.png""}",,"[0.018792531001963653,0.018743792999885045,0.018622825999045745,0.018671536003239453,0.018632164006703533,0.018648894998477772,0.018650147001608275,0.018621629002154805,0.018603630996949505,0.018594303001009393]",0.003216980171925878,same_coco000000000025_s0_initial_legacy_a,,,,,25,0,same,0.9539302587509155,0.10964220017194748,0.018640529502590653,legacy_a,0.4866492450237274,0.02054599915924943,2000,,,true,242658304,16.872727339933814,"{""boundary_hole_fraction"":0.0,""boundary_mse"":0.020546000450849533,""boundary_psnr_db"":16.872727066919698,""cvar99_mse"":0.21071197092533112,""finite"":true,""foreground_mse"":0.020546000450849533,""foreground_psnr_db"":16.872727066919698,""interior_hole_fraction"":0.0,""n_gaussians"":2000,""outside_coverage_max"":0.0,""outside_max_abs"":0.0,""p99_mse"":0.1547032743692398}",0,0,0.2207675576210022,initial,ok,true,0.18658145501103718,,10,2374905856
,"{""config.json"":""cells/same_coco000000000025_s0_initial_legacy_b/config.json"",""curves.png"":""cells/same_coco000000000025_s0_initial_legacy_b/curves.png"",""error.png"":""cells/same_coco000000000025_s0_initial_legacy_b/error.png"",""field.npz"":""cells/same_coco000000000025_s0_initial_legacy_b/field.npz"",""history.json"":""cells/same_coco000000000025_s0_initial_legacy_b/history.json"",""measurements.json"":""cells/same_coco000000000025_s0_initial_legacy_b/measurements.json"",""measurements.npz"":""cells/same_coco000000000025_s0_initial_legacy_b/measurements.npz"",""parity.json"":""cells/same_coco000000000025_s0_initial_legacy_b/parity.json"",""reconstruction.npy"":""cells/same_coco000000000025_s0_initial_legacy_b/reconstruction.npy"",""reconstruction.png"":""cells/same_coco000000000025_s0_initial_legacy_b/reconstruction.png"",""target.npy"":""cells/same_coco000000000025_s0_initial_legacy_b/target.npy"",""target.png"":""cells/same_coco000000000025_s0_initial_legacy_b/target.png""}",,"[0.018786637992889155,0.018628122001246084,0.01861739799642237,0.01857685300637968,0.018667124000785407,0.018637134999153204,0.019005782996828202,0.01885937000042759,0.01863905700156465,0.018617816996993497]",0.006949310281076169,same_coco000000000025_s0_initial_legacy_b,,,,,25,0,same,0.9539313316345215,0.10964220017194748,0.018638096000358928,legacy_b,0.4866492450237274,0.020545999168818864,2000,,,true,242658304,16.87272733791106,"{""boundary_hole_fraction"":0.0,""boundary_mse"":0.020546000450849533,""boundary_psnr_db"":16.872727066919698,""cvar99_mse"":0.21071197092533112,""finite"":true,""foreground_mse"":0.020546000450849533,""foreground_psnr_db"":16.872727066919698,""interior_hole_fraction"":0.0,""n_gaussians"":2000,""outside_coverage_max"":0.0,""outside_max_abs"":0.0,""p99_mse"":0.15470324456691742}",0,0,0.22076760232448578,initial,ok,true,0.18703529699268984,,10,2374905856
,"{""config.json"":""cells/same_coco000000000025_s0_initial_coverage/config.json"",""curves.png"":""cells/same_coco000000000025_s0_initial_coverage/curves.png"",""error.png"":""cells/same_coco000000000025_s0_initial_coverage/error.png"",""field.npz"":""cells/same_coco000000000025_s0_initial_coverage/field.npz"",""history.json"":""cells/same_coco000000000025_s0_initial_coverage/history.json"",""measurements.json"":""cells/same_coco000000000025_s0_initial_coverage/measurements.json"",""measurements.npz"":""cells/same_coco000000000025_s0_initial_coverage/measurements.npz"",""parity.json"":""cells/same_coco000000000025_s0_initial_coverage/parity.json"",""reconstruction.npy"":""cells/same_coco000000000025_s0_initial_coverage/reconstruction.npy"",""reconstruction.png"":""cells/same_coco000000000025_s0_initial_coverage/reconstruction.png"",""target.npy"":""cells/same_coco000000000025_s0_initial_coverage/target.npy"",""target.png"":""cells/same_coco000000000025_s0_initial_coverage/target.png""}",,"[0.00211598799796775,0.0020302720004110597,0.0020431560042197816,0.002011233998928219,0.0020128079995629378,0.0020107640011701733,0.002145569000276737,0.002028082999459002,0.0019950540008721873,0.002107475003867876]",0.024463881005859812,same_coco000000000025_s0_initial_coverage,,,,,25,0,same,0.9539318680763245,0.10964220017194748,0.002029177499935031,coverage,0.48664921522140503,0.02054599915605119,2000,,,true,23244288,16.872727340609845,"{""boundary_hole_fraction"":0.0,""boundary_mse"":0.020546000450849533,""boundary_psnr_db"":16.872727066919698,""cvar99_mse"":0.21071197092533112,""finite"":true,""foreground_mse"":0.020546000450849533,""foreground_psnr_db"":16.872727066919698,""interior_hole_fraction"":0.0,""n_gaussians"":2000,""outside_coverage_max"":0.0,""outside_max_abs"":0.0,""p99_mse"":0.15470324456691742}",0,0,0.22076758742332458,initial,ok,true,0.020500403006735723,,0,2374905856
,"{""config.json"":""cells/same_coco000000000025_s0_initial_tail/config.json"",""curves.png"":""cells/same_coco000000000025_s0_initial_tail/curves.png"",""error.png"":""cells/same_coco000000000025_s0_initial_tail/error.png"",""field.npz"":""cells/same_coco000000000025_s0_initial_tail/field.npz"",""history.json"":""cells/same_coco000000000025_s0_initial_tail/history.json"",""measurements.json"":""cells/same_coco000000000025_s0_initial_tail/measurements.json"",""measurements.npz"":""cells/same_coco000000000025_s0_initial_tail/measurements.npz"",""parity.json"":""cells/same_coco000000000025_s0_initial_tail/parity.json"",""reconstruction.npy"":""cells/same_coco000000000025_s0_initial_tail/reconstruction.npy"",""reconstruction.png"":""cells/same_coco000000000025_s0_initial_tail/reconstruction.png"",""target.npy"":""cells/same_coco000000000025_s0_initial_tail/target.npy"",""target.png"":""cells/same_coco000000000025_s0_initial_tail/target.png""}",,"[0.018602805001137313,0.01857992599980207,0.01865812300093239,0.01858093200280564,0.01857473899872275,0.01859279299969785,0.018572387998574413,0.01861145900329575,0.018619486996612977,0.018601236006361432]",0.0013294289682550771,same_coco000000000025_s0_initial_tail,,,,,25,0,same,0.9539332389831543,0.10964220017194748,0.01859701450302964,tail,0.48664921522140503,0.02054599915075905,2000,,,true,242658304,16.872727341728478,"{""boundary_hole_fraction"":0.0,""boundary_mse"":0.020546000450849533,""boundary_psnr_db"":16.872727066919698,""cvar99_mse"":0.21071197092533112,""finite"":true,""foreground_mse"":0.020546000450849533,""foreground_psnr_db"":16.872727066919698,""interior_hole_fraction"":0.0,""n_gaussians"":2000,""outside_coverage_max"":0.0,""outside_max_abs"":0.0,""p99_mse"":0.154703289270401}",0,0,0.22076760232448578,initial,ok,true,0.1859938880079426,,10,2374905856
,"{""config.json"":""cells/same_coco000000000025_s0_initial_both/config.json"",""curves.png"":""cells/same_coco000000000025_s0_initial_both/curves.png"",""error.png"":""cells/same_coco000000000025_s0_initial_both/error.png"",""field.npz"":""cells/same_coco000000000025_s0_initial_both/field.npz"",""history.json"":""cells/same_coco000000000025_s0_initial_both/history.json"",""measurements.json"":""cells/same_coco000000000025_s0_initial_both/measurements.json"",""measurements.npz"":""cells/same_coco000000000025_s0_initial_both/measurements.npz"",""parity.json"":""cells/same_coco000000000025_s0_initial_both/parity.json"",""reconstruction.npy"":""cells/same_coco000000000025_s0_initial_both/reconstruction.npy"",""reconstruction.png"":""cells/same_coco000000000025_s0_initial_both/reconstruction.png"",""target.npy"":""cells/same_coco000000000025_s0_initial_both/target.npy"",""target.png"":""cells/same_coco000000000025_s0_initial_both/target.png""}",,"[0.0020414929967955686,0.0019651570037240162,0.0019652799965115264,0.001973860002181027,0.0019945570020354353,0.002019090999965556,0.0019955009993282147,0.0019772349987761118,0.001997845000005327,0.0019903550055460073]",0.011470091600265415,same_coco000000000025_s0_initial_both,,,,,25,0,same,0.9539333581924438,0.10964220017194748,0.0019924560037907213,both,0.48664921522140503,0.02054599914665944,2000,,,false,21256704,16.87272734259504,"{""boundary_hole_fraction"":0.0,""boundary_mse"":0.020546000450849533,""boundary_psnr_db"":16.872727066919698,""cvar99_mse"":0.21071195602416992,""finite"":true,""foreground_mse"":0.020546000450849533,""foreground_psnr_db"":16.872727066919698,""interior_hole_fraction"":0.0,""n_gaussians"":2000,""outside_coverage_max"":0.0,""outside_max_abs"":0.0,""p99_mse"":0.15470324456691742}",0,0,0.22076758742332458,initial,ok,true,0.01992037400486879,,0,2374905856
,"{""config.json"":""cells/same_coco000000000025_s0_terminal_legacy_a/config.json"",""curves.png"":""cells/same_coco000000000025_s0_terminal_legacy_a/curves.png"",""error.png"":""cells/same_coco000000000025_s0_terminal_legacy_a/error.png"",""field.npz"":""cells/same_coco000000000025_s0_terminal_legacy_a/field.npz"",""history.json"":""cells/same_coco000000000025_s0_terminal_legacy_a/history.json"",""measurements.json"":""cells/same_coco000000000025_s0_terminal_legacy_a/measurements.json"",""measurements.npz"":""cells/same_coco000000000025_s0_terminal_legacy_a/measurements.npz"",""parity.json"":""cells/same_coco000000000025_s0_terminal_legacy_a/parity.json"",""reconstruction.npy"":""cells/same_coco000000000025_s0_terminal_legacy_a/reconstruction.npy"",""reconstruction.png"":""cells/same_coco000000000025_s0_terminal_legacy_a/reconstruction.png"",""target.npy"":""cells/same_coco000000000025_s0_terminal_legacy_a/target.npy"",""target.png"":""cells/same_coco000000000025_s0_terminal_legacy_a/target.png""}",,"[0.017968073996598832,0.017959277996851597,0.01796598799410276,0.018028352002147585,0.017895351993502118,0.01805822700407589,0.01792608200048562,0.01800279899907764,0.017976602997805458,0.018004967998422217]",0.0025142107105057443,same_coco000000000025_s0_terminal_legacy_a,,,,,25,750,same,0.5374329686164856,0.05818774551153183,0.017972338497202145,legacy_a,0.894514799118042,0.006736390075272721,2000,,,true,242657280,21.715727726613842,"{""boundary_hole_fraction"":0.0,""boundary_mse"":0.006736390292644501,""boundary_psnr_db"":21.715727586474447,""cvar99_mse"":0.10435181111097336,""finite"":true,""foreground_mse"":0.006736390292644501,""foreground_psnr_db"":21.715727586474447,""interior_hole_fraction"":0.01173020526766777,""n_gaussians"":2000,""outside_coverage_max"":0.0,""outside_max_abs"":0.0,""p99_mse"":0.06114941090345383}",0,750,0.5563477277755737,terminal,ok,true,0.17978572298306972,,10,2374905856
,"{""config.json"":""cells/same_coco000000000025_s0_terminal_legacy_b/config.json"",""curves.png"":""cells/same_coco000000000025_s0_terminal_legacy_b/curves.png"",""error.png"":""cells/same_coco000000000025_s0_terminal_legacy_b/error.png"",""field.npz"":""cells/same_coco000000000025_s0_terminal_legacy_b/field.npz"",""history.json"":""cells/same_coco000000000025_s0_terminal_legacy_b/history.json"",""measurements.json"":""cells/same_coco000000000025_s0_terminal_legacy_b/measurements.json"",""measurements.npz"":""cells/same_coco000000000025_s0_terminal_legacy_b/measurements.npz"",""parity.json"":""cells/same_coco000000000025_s0_terminal_legacy_b/parity.json"",""reconstruction.npy"":""cells/same_coco000000000025_s0_terminal_legacy_b/reconstruction.npy"",""reconstruction.png"":""cells/same_coco000000000025_s0_terminal_legacy_b/reconstruction.png"",""target.npy"":""cells/same_coco000000000025_s0_terminal_legacy_b/target.npy"",""target.png"":""cells/same_coco000000000025_s0_terminal_legacy_b/target.png""}",,"[0.01800845300022047,0.017959172997507267,0.017946729996765498,0.017980143005843274,0.018039127004158217,0.018013411994616035,0.017982874996960163,0.018003297001996543,0.017955750998225994,0.01798319699446438]",0.0015317607234772484,same_coco000000000025_s0_terminal_legacy_b,,,,,25,750,same,0.5374316573143005,0.05818774551153183,0.01798303599571227,legacy_b,0.8945147395133972,0.006736390080201303,2000,,,false,242657280,21.71572772343639,"{""boundary_hole_fraction"":0.0,""boundary_mse"":0.006736390292644501,""boundary_psnr_db"":21.715727586474447,""cvar99_mse"":0.10435181111097336,""finite"":true,""foreground_mse"":0.006736390292644501,""foreground_psnr_db"":21.715727586474447,""interior_hole_fraction"":0.01173020526766777,""n_gaussians"":2000,""outside_coverage_max"":0.0,""outside_max_abs"":0.0,""p99_mse"":0.06114941090345383}",0,750,0.5563477277755737,terminal,ok,true,0.17987215799075784,,10,2374905856
,"{""config.json"":""cells/same_coco000000000025_s0_terminal_coverage/config.json"",""curves.png"":""cells/same_coco000000000025_s0_terminal_coverage/curves.png"",""error.png"":""cells/same_coco000000000025_s0_terminal_coverage/error.png"",""field.npz"":""cells/same_coco000000000025_s0_terminal_coverage/field.npz"",""history.json"":""cells/same_coco000000000025_s0_terminal_coverage/history.json"",""measurements.json"":""cells/same_coco000000000025_s0_terminal_coverage/measurements.json"",""measurements.npz"":""cells/same_coco000000000025_s0_terminal_coverage/measurements.npz"",""parity.json"":""cells/same_coco000000000025_s0_terminal_coverage/parity.json"",""reconstruction.npy"":""cells/same_coco000000000025_s0_terminal_coverage/reconstruction.npy"",""reconstruction.png"":""cells/same_coco000000000025_s0_terminal_coverage/reconstruction.png"",""target.npy"":""cells/same_coco000000000025_s0_terminal_coverage/target.npy"",""target.png"":""cells/same_coco000000000025_s0_terminal_coverage/target.png""}",,"[0.018391240999335423,0.018384140996204223,0.01836945000104606,0.01835992599808378,0.018412753997836262,0.018415687001834158,0.01834476300427923,0.018368044002272654,0.0183252229981008,0.01831228799710516]",0.0017739365989672673,same_coco000000000025_s0_terminal_coverage,,,,,25,750,same,0.5374313592910767,0.05818774551153183,0.018368747001659358,coverage,0.894514799118042,0.00673639007692975,2000,,,false,243355648,21.715727725545555,"{""boundary_hole_fraction"":0.0,""boundary_mse"":0.006736390292644501,""boundary_psnr_db"":21.715727586474447,""cvar99_mse"":0.10435181111097336,""finite"":true,""foreground_mse"":0.006736390292644501,""foreground_psnr_db"":21.715727586474447,""interior_hole_fraction"":0.01173020526766777,""n_gaussians"":2000,""outside_coverage_max"":0.0,""outside_max_abs"":0.0,""p99_mse"":0.06114943325519562}",0,750,0.556347668170929,terminal,ok,true,0.18368351699609775,,10,2374905856
,"{""config.json"":""cells/same_coco000000000025_s0_terminal_tail/config.json"",""curves.png"":""cells/same_coco000000000025_s0_terminal_tail/curves.png"",""error.png"":""cells/same_coco000000000025_s0_terminal_tail/error.png"",""field.npz"":""cells/same_coco000000000025_s0_terminal_tail/field.npz"",""history.json"":""cells/same_coco000000000025_s0_terminal_tail/history.json"",""measurements.json"":""cells/same_coco000000000025_s0_terminal_tail/measurements.json"",""measurements.npz"":""cells/same_coco000000000025_s0_terminal_tail/measurements.npz"",""parity.json"":""cells/same_coco000000000025_s0_terminal_tail/parity.json"",""reconstruction.npy"":""cells/same_coco000000000025_s0_terminal_tail/reconstruction.npy"",""reconstruction.png"":""cells/same_coco000000000025_s0_terminal_tail/reconstruction.png"",""target.npy"":""cells/same_coco000000000025_s0_terminal_tail/target.npy"",""target.png"":""cells/same_coco000000000025_s0_terminal_tail/target.png""}",,"[0.017929352005012333,0.017960958000912797,0.01791816100012511,0.017921797996677924,0.017946619998838287,0.017974680005863775,0.017935316005605273,0.017907597997691482,0.01791620400035754,0.017930422000063118]",0.0011138545274060655,same_coco000000000025_s0_terminal_tail,,,,,25,750,same,0.5374314785003662,0.05818774551153183,0.017929887002537725,tail,0.8945147395133972,0.006736390066062138,2000,,,false,242657280,21.715727732551894,"{""boundary_hole_fraction"":0.0,""boundary_mse"":0.006736390292644501,""boundary_psnr_db"":21.715727586474447,""cvar99_mse"":0.10435181111097336,""finite"":true,""foreground_mse"":0.006736390292644501,""foreground_psnr_db"":21.715727586474447,""interior_hole_fraction"":0.01173020526766777,""n_gaussians"":2000,""outside_coverage_max"":0.0,""outside_max_abs"":0.0,""p99_mse"":0.061149436980485916}",0,750,0.5563477277755737,terminal,ok,true,0.17934110901114764,,10,2374905856
,"{""config.json"":""cells/same_coco000000000025_s0_terminal_both/config.json"",""curves.png"":""cells/same_coco000000000025_s0_terminal_both/curves.png"",""error.png"":""cells/same_coco000000000025_s0_terminal_both/error.png"",""field.npz"":""cells/same_coco000000000025_s0_terminal_both/field.npz"",""history.json"":""cells/same_coco000000000025_s0_terminal_both/history.json"",""measurements.json"":""cells/same_coco000000000025_s0_terminal_both/measurements.json"",""measurements.npz"":""cells/same_coco000000000025_s0_terminal_both/measurements.npz"",""parity.json"":""cells/same_coco000000000025_s0_terminal_both/parity.json"",""reconstruction.npy"":""cells/same_coco000000000025_s0_terminal_both/reconstruction.npy"",""reconstruction.png"":""cells/same_coco000000000025_s0_terminal_both/reconstruction.png"",""target.npy"":""cells/same_coco000000000025_s0_terminal_both/target.npy"",""target.png"":""cells/same_coco000000000025_s0_terminal_both/target.png""}",,"[0.018346415999985766,0.01835859899438219,0.018347245000768453,0.01821277900307905,0.01836467699467903,0.018360069996560924,0.0183017360031954,0.018333266998524778,0.01827968800353119,0.018266198007040657]",0.0026165947860423678,same_coco000000000025_s0_terminal_both,,,,,25,750,same,0.5374317169189453,0.05818774551153183,0.01833984149925527,both,0.894514799118042,0.0067363900869608405,2000,,,false,243355648,21.715727719078522,"{""boundary_hole_fraction"":0.0,""boundary_mse"":0.006736390292644501,""boundary_psnr_db"":21.715727586474447,""cvar99_mse"":0.10435181111097336,""finite"":true,""foreground_mse"":0.006736390292644501,""foreground_psnr_db"":21.715727586474447,""interior_hole_fraction"":0.01173020526766777,""n_gaussians"":2000,""outside_coverage_max"":0.0,""outside_max_abs"":0.0,""p99_mse"":0.06114941090345383}",0,750,0.5563477277755737,terminal,ok,true,0.18317067500174744,,10,2374905856
,"{""config.json"":""cells/same_coco000000000025_s1_initial_legacy_a/config.json"",""curves.png"":""cells/same_coco000000000025_s1_initial_legacy_a/curves.png"",""error.png"":""cells/same_coco000000000025_s1_initial_legacy_a/error.png"",""field.npz"":""cells/same_coco000000000025_s1_initial_legacy_a/field.npz"",""history.json"":""cells/same_coco000000000025_s1_initial_legacy_a/history.json"",""measurements.json"":""cells/same_coco000000000025_s1_initial_legacy_a/measurements.json"",""measurements.npz"":""cells/same_coco000000000025_s1_initial_legacy_a/measurements.npz"",""parity.json"":""cells/same_coco000000000025_s1_initial_legacy_a/parity.json"",""reconstruction.npy"":""cells/same_coco000000000025_s1_initial_legacy_a/reconstruction.npy"",""reconstruction.png"":""cells/same_coco000000000025_s1_initial_legacy_a/reconstruction.png"",""target.npy"":""cells/same_coco000000000025_s1_initial_legacy_a/target.npy"",""target.png"":""cells/same_coco000000000025_s1_initial_legacy_a/target.png""}",,"[0.018792741000652313,0.01854489900142653,0.018585043006169144,0.018581318996439222,0.018560564996732865,0.018567541002994403,0.018550546999904327,0.018552833993453532,0.018564721001894213,0.01855510899622459]",0.003774179323661786,same_coco000000000025_s1_initial_legacy_a,,,,,25,0,same,0.958561897277832,0.10882002860307693,0.01856264299931354,legacy_a,0.4850154221057892,0.02043783692678037,2000,,,true,242662400,16.895650704000232,"{""boundary_hole_fraction"":0.0,""boundary_mse"":0.02043783850967884,""boundary_psnr_db"":16.895650367641718,""cvar99_mse"":0.20798957347869873,""finite"":true,""foreground_mse"":0.02043783850967884,""foreground_psnr_db"":16.895650367641718,""interior_hole_fraction"":0.0,""n_gaussians"":2000,""outside_coverage_max"":0.0,""outside_max_abs"":0.0,""p99_mse"":0.1523723155260086}",1,0,0.22075334191322327,initial,ok,true,0.18585531899589114,,10,2369351680
,"{""config.json"":""cells/same_coco000000000025_s1_initial_legacy_b/config.json"",""curves.png"":""cells/same_coco000000000025_s1_initial_legacy_b/curves.png"",""error.png"":""cells/same_coco000000000025_s1_initial_legacy_b/error.png"",""field.npz"":""cells/same_coco000000000025_s1_initial_legacy_b/field.npz"",""history.json"":""cells/same_coco000000000025_s1_initial_legacy_b/history.json"",""measurements.json"":""cells/same_coco000000000025_s1_initial_legacy_b/measurements.json"",""measurements.npz"":""cells/same_coco000000000025_s1_initial_legacy_b/measurements.npz"",""parity.json"":""cells/same_coco000000000025_s1_initial_legacy_b/parity.json"",""reconstruction.npy"":""cells/same_coco000000000025_s1_initial_legacy_b/reconstruction.npy"",""reconstruction.png"":""cells/same_coco000000000025_s1_initial_legacy_b/reconstruction.png"",""target.npy"":""cells/same_coco000000000025_s1_initial_legacy_b/target.npy"",""target.png"":""cells/same_coco000000000025_s1_initial_legacy_b/target.png""}",,"[0.018698066000069957,0.018582518998300657,0.018551006003690418,0.018604561002575792,0.0185228839982301,0.018524475999583956,0.018557057999714743,0.01855102999979863,0.018614596003317274,0.01855883700045524]",0.002671203692363764,same_coco000000000025_s1_initial_legacy_b,,,,,25,0,same,0.9585611820220947,0.10882002860307693,0.018557947500084992,legacy_b,0.4850154221057892,0.020437836941379732,2000,,,true,242662400,16.895650700897935,"{""boundary_hole_fraction"":0.0,""boundary_mse"":0.02043783850967884,""boundary_psnr_db"":16.895650367641718,""cvar99_mse"":0.20798957347869873,""finite"":true,""foreground_mse"":0.02043783850967884,""foreground_psnr_db"":16.895650367641718,""interior_hole_fraction"":0.0,""n_gaussians"":2000,""outside_coverage_max"":0.0,""outside_max_abs"":0.0,""p99_mse"":0.1523723155260086}",1,0,0.22075332701206207,initial,ok,true,0.18576503300573677,,10,2369351680
,"{""config.json"":""cells/same_coco000000000025_s1_initial_coverage/config.json"",""curves.png"":""cells/same_coco000000000025_s1_initial_coverage/curves.png"",""error.png"":""cells/same_coco000000000025_s1_initial_coverage/error.png"",""field.npz"":""cells/same_coco000000000025_s1_initial_coverage/field.npz"",""history.json"":""cells/same_coco000000000025_s1_initial_coverage/history.json"",""measurements.json"":""cells/same_coco000000000025_s1_initial_coverage/measurements.json"",""measurements.npz"":""cells/same_coco000000000025_s1_initial_coverage/measurements.npz"",""parity.json"":""cells/same_coco000000000025_s1_initial_coverage/parity.json"",""reconstruction.npy"":""cells/same_coco000000000025_s1_initial_coverage/reconstruction.npy"",""reconstruction.png"":""cells/same_coco000000000025_s1_initial_coverage/reconstruction.png"",""target.npy"":""cells/same_coco000000000025_s1_initial_coverage/target.npy"",""target.png"":""cells/same_coco000000000025_s1_initial_coverage/target.png""}",,"[0.0022130459983600304,0.0020238759971107356,0.002025424997555092,0.0020538759999908507,0.0020192520023556426,0.002059427999483887,0.002036181998846587,0.0020102540001971647,0.002024663997872267,0.0019982980011263862]",0.02844211647293654,same_coco000000000025_s1_initial_coverage,,,,,25,0,same,0.9585583806037903,0.10882002860307693,0.0020250444977136794,coverage,0.48501548171043396,0.020437836948450767,2000,,,true,23244288,16.89565069939537,"{""boundary_hole_fraction"":0.0,""boundary_mse"":0.02043783850967884,""boundary_psnr_db"":16.895650367641718,""cvar99_mse"":0.20798957347869873,""finite"":true,""foreground_mse"":0.02043783850967884,""foreground_psnr_db"":16.895650367641718,""interior_hole_fraction"":0.0,""n_gaussians"":2000,""outside_coverage_max"":0.0,""outside_max_abs"":0.0,""p99_mse"":0.1523723006248474}",1,0,0.22075329720973969,initial,ok,true,0.020464300992898643,,0,2369351680
,"{""config.json"":""cells/same_coco000000000025_s1_initial_tail/config.json"",""curves.png"":""cells/same_coco000000000025_s1_initial_tail/curves.png"",""error.png"":""cells/same_coco000000000025_s1_initial_tail/error.png"",""field.npz"":""cells/same_coco000000000025_s1_initial_tail/field.npz"",""history.json"":""cells/same_coco000000000025_s1_initial_tail/history.json"",""measurements.json"":""cells/same_coco000000000025_s1_initial_tail/measurements.json"",""measurements.npz"":""cells/same_coco000000000025_s1_initial_tail/measurements.npz"",""parity.json"":""cells/same_coco000000000025_s1_initial_tail/parity.json"",""reconstruction.npy"":""cells/same_coco000000000025_s1_initial_tail/reconstruction.npy"",""reconstruction.png"":""cells/same_coco000000000025_s1_initial_tail/reconstruction.png"",""target.npy"":""cells/same_coco000000000025_s1_initial_tail/target.npy"",""target.png"":""cells/same_coco000000000025_s1_initial_tail/target.png""}",,"[0.018636073000379838,0.018506202002754435,0.018564709003840107,0.018486036999092903,0.018569045001640916,0.018532970003434457,0.018561064003733918,0.01855272900138516,0.018533278001996223,0.018593560002045706]",0.0021871513238848708,same_coco000000000025_s1_initial_tail,,,,,25,0,same,0.9585591554641724,0.10882002860307693,0.01855689650255954,tail,0.48501548171043396,0.020437836995698774,2000,,,true,242662400,16.895650689355392,"{""boundary_hole_fraction"":0.0,""boundary_mse"":0.02043783850967884,""boundary_psnr_db"":16.895650367641718,""cvar99_mse"":0.20798957347869873,""finite"":true,""foreground_mse"":0.02043783850967884,""foreground_psnr_db"":16.895650367641718,""interior_hole_fraction"":0.0,""n_gaussians"":2000,""outside_coverage_max"":0.0,""outside_max_abs"":0.0,""p99_mse"":0.1523723006248474}",1,0,0.22075331211090088,initial,ok,true,0.18553566702030366,,10,2369351680
,"{""config.json"":""cells/same_coco000000000025_s1_initial_both/config.json"",""curves.png"":""cells/same_coco000000000025_s1_initial_both/curves.png"",""error.png"":""cells/same_coco000000000025_s1_initial_both/error.png"",""field.npz"":""cells/same_coco000000000025_s1_initial_both/field.npz"",""history.json"":""cells/same_coco000000000025_s1_initial_both/history.json"",""measurements.json"":""cells/same_coco000000000025_s1_initial_both/measurements.json"",""measurements.npz"":""cells/same_coco000000000025_s1_initial_both/measurements.npz"",""parity.json"":""cells/same_coco000000000025_s1_initial_both/parity.json"",""reconstruction.npy"":""cells/same_coco000000000025_s1_initial_both/reconstruction.npy"",""reconstruction.png"":""cells/same_coco000000000025_s1_initial_both/reconstruction.png"",""target.npy"":""cells/same_coco000000000025_s1_initial_both/target.npy"",""target.png"":""cells/same_coco000000000025_s1_initial_both/target.png""}",,"[0.0019546389958122745,0.0019578350038500503,0.0020079079986317083,0.0019709519983734936,0.0019889209943357855,0.0019900199986295775,0.0019664540013764054,0.0019702930003404617,0.0020014140027342364,0.0019835720013361424]",0.008630577459620405,same_coco000000000025_s1_initial_both,,,,,25,0,same,0.9585598707199097,0.10882002860307693,0.001977261999854818,both,0.48501548171043396,0.02043783693926292,2000,,,true,21256704,16.895650701347748,"{""boundary_hole_fraction"":0.0,""boundary_mse"":0.02043783850967884,""boundary_psnr_db"":16.895650367641718,""cvar99_mse"":0.20798957347869873,""finite"":true,""foreground_mse"":0.02043783850967884,""foreground_psnr_db"":16.895650367641718,""interior_hole_fraction"":0.0,""n_gaussians"":2000,""outside_coverage_max"":0.0,""outside_max_abs"":0.0,""p99_mse"":0.1523723155260086}",1,0,0.22075329720973969,initial,ok,true,0.019792007995420136,,0,2369351680
,"{""config.json"":""cells/same_coco000000000025_s1_terminal_legacy_a/config.json"",""curves.png"":""cells/same_coco000000000025_s1_terminal_legacy_a/curves.png"",""error.png"":""cells/same_coco000000000025_s1_terminal_legacy_a/error.png"",""field.npz"":""cells/same_coco000000000025_s1_terminal_legacy_a/field.npz"",""history.json"":""cells/same_coco000000000025_s1_terminal_legacy_a/history.json"",""measurements.json"":""cells/same_coco000000000025_s1_terminal_legacy_a/measurements.json"",""measurements.npz"":""cells/same_coco000000000025_s1_terminal_legacy_a/measurements.npz"",""parity.json"":""cells/same_coco000000000025_s1_terminal_legacy_a/parity.json"",""reconstruction.npy"":""cells/same_coco000000000025_s1_terminal_legacy_a/reconstruction.npy"",""reconstruction.png"":""cells/same_coco000000000025_s1_terminal_legacy_a/reconstruction.png"",""target.npy"":""cells/same_coco000000000025_s1_terminal_legacy_a/target.npy"",""target.png"":""cells/same_coco000000000025_s1_terminal_legacy_a/target.png""}",,"[0.016895970002224203,0.016870692001248244,0.016832161003549118,0.016846520004037302,0.01687491199845681,0.016785814994364046,0.016831758999614976,0.016371071003959514,0.01640720599971246,0.016331874001480173]",0.013264799513625723,same_coco000000000025_s1_terminal_legacy_a,,,,,25,750,same,0.5270932912826538,0.058018673211336136,0.016831960001582047,legacy_a,0.895139753818512,0.0066664893988585125,2000,,,true,242684928,21.7610280717385,"{""boundary_hole_fraction"":0.0,""boundary_mse"":0.006666489876806736,""boundary_psnr_db"":21.76102776037482,""cvar99_mse"":0.09771613776683807,""finite"":true,""foreground_mse"":0.006666489876806736,""foreground_psnr_db"":21.76102776037482,""interior_hole_fraction"":0.013459952548146248,""n_gaussians"":2000,""outside_coverage_max"":0.0,""outside_max_abs"":0.0,""p99_mse"":0.06084436923265457}",1,750,0.5584839582443237,terminal,ok,true,0.16704798000864685,,10,2369351680
,"{""config.json"":""cells/same_coco000000000025_s1_terminal_legacy_b/config.json"",""curves.png"":""cells/same_coco000000000025_s1_terminal_legacy_b/curves.png"",""error.png"":""cells/same_coco000000000025_s1_terminal_legacy_b/error.png"",""field.npz"":""cells/same_coco000000000025_s1_terminal_legacy_b/field.npz"",""history.json"":""cells/same_coco000000000025_s1_terminal_legacy_b/history.json"",""measurements.json"":""cells/same_coco000000000025_s1_terminal_legacy_b/measurements.json"",""measurements.npz"":""cells/same_coco000000000025_s1_terminal_legacy_b/measurements.npz"",""parity.json"":""cells/same_coco000000000025_s1_terminal_legacy_b/parity.json"",""reconstruction.npy"":""cells/same_coco000000000025_s1_terminal_legacy_b/reconstruction.npy"",""reconstruction.png"":""cells/same_coco000000000025_s1_terminal_legacy_b/reconstruction.png"",""target.npy"":""cells/same_coco000000000025_s1_terminal_legacy_b/target.npy"",""target.png"":""cells/same_coco000000000025_s1_terminal_legacy_b/target.png""}",,"[0.016922517999773845,0.01700533099938184,0.016816026996821165,0.016941794005106203,0.01694499400036875,0.01689011500275228,0.01711322899791412,0.016633194994938094,0.01635526999598369,0.01633648700226331]",0.01512174353576158,same_coco000000000025_s1_terminal_legacy_b,,,,,25,750,same,0.5270930528640747,0.058018673211336136,0.016906316501263063,legacy_b,0.8951396942138672,0.006666489385587346,2000,,,false,242684928,21.761028080384122,"{""boundary_hole_fraction"":0.0,""boundary_mse"":0.006666489876806736,""boundary_psnr_db"":21.76102776037482,""cvar99_mse"":0.09771613776683807,""finite"":true,""foreground_mse"":0.006666489876806736,""foreground_psnr_db"":21.76102776037482,""interior_hole_fraction"":0.013459952548146248,""n_gaussians"":2000,""outside_coverage_max"":0.0,""outside_max_abs"":0.0,""p99_mse"":0.06084438040852547}",1,750,0.5584838390350342,terminal,ok,true,0.1679589599953033,,10,2369351680
,"{""config.json"":""cells/same_coco000000000025_s1_terminal_coverage/config.json"",""curves.png"":""cells/same_coco000000000025_s1_terminal_coverage/curves.png"",""error.png"":""cells/same_coco000000000025_s1_terminal_coverage/error.png"",""field.npz"":""cells/same_coco000000000025_s1_terminal_coverage/field.npz"",""history.json"":""cells/same_coco000000000025_s1_terminal_coverage/history.json"",""measurements.json"":""cells/same_coco000000000025_s1_terminal_coverage/measurements.json"",""measurements.npz"":""cells/same_coco000000000025_s1_terminal_coverage/measurements.npz"",""parity.json"":""cells/same_coco000000000025_s1_terminal_coverage/parity.json"",""reconstruction.npy"":""cells/same_coco000000000025_s1_terminal_coverage/reconstruction.npy"",""reconstruction.png"":""cells/same_coco000000000025_s1_terminal_coverage/reconstruction.png"",""target.npy"":""cells/same_coco000000000025_s1_terminal_coverage/target.npy"",""target.png"":""cells/same_coco000000000025_s1_terminal_coverage/target.png""}",,"[0.017281981999985874,0.01724452600319637,0.01730373400641838,0.017235381994396448,0.017298531995038502,0.017285701993387192,0.019573969999328256,0.01673861099698115,0.016812182002468035,0.016723087006539572]",0.04479420269684736,same_coco000000000025_s1_terminal_coverage,,,,,25,750,same,0.5270937085151672,0.058018673211336136,0.017263254001591122,coverage,0.8951396942138672,0.006666489389567412,2000,,,true,243383296,21.761028077791273,"{""boundary_hole_fraction"":0.0,""boundary_mse"":0.006666489876806736,""boundary_psnr_db"":21.76102776037482,""cvar99_mse"":0.09771613776683807,""finite"":true,""foreground_mse"":0.006666489876806736,""foreground_psnr_db"":21.76102776037482,""interior_hole_fraction"":0.013459952548146248,""n_gaussians"":2000,""outside_coverage_max"":0.0,""outside_max_abs"":0.0,""p99_mse"":0.06084438040852547}",1,750,0.558483898639679,terminal,ok,true,0.17349770799773978,,10,2369351680
,"{""config.json"":""cells/same_coco000000000025_s1_terminal_tail/config.json"",""curves.png"":""cells/same_coco000000000025_s1_terminal_tail/curves.png"",""error.png"":""cells/same_coco000000000025_s1_terminal_tail/error.png"",""field.npz"":""cells/same_coco000000000025_s1_terminal_tail/field.npz"",""history.json"":""cells/same_coco000000000025_s1_terminal_tail/history.json"",""measurements.json"":""cells/same_coco000000000025_s1_terminal_tail/measurements.json"",""measurements.npz"":""cells/same_coco000000000025_s1_terminal_tail/measurements.npz"",""parity.json"":""cells/same_coco000000000025_s1_terminal_tail/parity.json"",""reconstruction.npy"":""cells/same_coco000000000025_s1_terminal_tail/reconstruction.npy"",""reconstruction.png"":""cells/same_coco000000000025_s1_terminal_tail/reconstruction.png"",""target.npy"":""cells/same_coco000000000025_s1_terminal_tail/target.npy"",""target.png"":""cells/same_coco000000000025_s1_terminal_tail/target.png""}",,"[0.01678224000352202,0.01684066500456538,0.016676304003340192,0.016800365003291517,0.016814307004096918,0.016933291000896133,0.01664228300069226,0.01631282499874942,0.01628360600443557,0.016278877003060188]",0.014329220698041848,same_coco000000000025_s1_terminal_tail,,,,,25,750,same,0.5270931720733643,0.058018673211336136,0.016729272003431106,tail,0.8951396346092224,0.0066664893803837525,2000,,,false,242684928,21.76102808377405,"{""boundary_hole_fraction"":0.0,""boundary_mse"":0.006666489876806736,""boundary_psnr_db"":21.76102776037482,""cvar99_mse"":0.09771613776683807,""finite"":true,""foreground_mse"":0.006666489876806736,""foreground_psnr_db"":21.76102776037482,""interior_hole_fraction"":0.013459952548146248,""n_gaussians"":2000,""outside_coverage_max"":0.0,""outside_max_abs"":0.0,""p99_mse"":0.06084438040852547}",1,750,0.5584839582443237,terminal,ok,true,0.1663647630266496,,10,2369351680
,"{""config.json"":""cells/same_coco000000000025_s1_terminal_both/config.json"",""curves.png"":""cells/same_coco000000000025_s1_terminal_both/curves.png"",""error.png"":""cells/same_coco000000000025_s1_terminal_both/error.png"",""field.npz"":""cells/same_coco000000000025_s1_terminal_both/field.npz"",""history.json"":""cells/same_coco000000000025_s1_terminal_both/history.json"",""measurements.json"":""cells/same_coco000000000025_s1_terminal_both/measurements.json"",""measurements.npz"":""cells/same_coco000000000025_s1_terminal_both/measurements.npz"",""parity.json"":""cells/same_coco000000000025_s1_terminal_both/parity.json"",""reconstruction.npy"":""cells/same_coco000000000025_s1_terminal_both/reconstruction.npy"",""reconstruction.png"":""cells/same_coco000000000025_s1_terminal_both/reconstruction.png"",""target.npy"":""cells/same_coco000000000025_s1_terminal_both/target.npy"",""target.png"":""cells/same_coco000000000025_s1_terminal_both/target.png""}",,"[0.017139864998171106,0.017139916999440175,0.017272123994189315,0.017032242998539004,0.017160035997221712,0.017147778999060392,0.01718065099703381,0.03006648999871686,0.01666747499984922,0.0166828439978417]",0.2131339343474566,same_coco000000000025_s1_terminal_both,,,,,25,750,same,0.5270929932594299,0.058018673211336136,0.017143847999250283,both,0.8951396346092224,0.006666489400317788,2000,,,true,243383296,21.761028070787845,"{""boundary_hole_fraction"":0.0,""boundary_mse"":0.006666489876806736,""boundary_psnr_db"":21.76102776037482,""cvar99_mse"":0.09771613776683807,""finite"":true,""foreground_mse"":0.006666489876806736,""foreground_psnr_db"":21.76102776037482,""interior_hole_fraction"":0.013459952548146248,""n_gaussians"":2000,""outside_coverage_max"":0.0,""outside_max_abs"":0.0,""p99_mse"":0.06084437668323517}",1,750,0.558483898639679,terminal,ok,true,0.1834894239800633,,10,2369351680
,"{""config.json"":""cells/same_coco000000000030_s0_initial_legacy_a/config.json"",""curves.png"":""cells/same_coco000000000030_s0_initial_legacy_a/curves.png"",""error.png"":""cells/same_coco000000000030_s0_initial_legacy_a/error.png"",""field.npz"":""cells/same_coco000000000030_s0_initial_legacy_a/field.npz"",""history.json"":""cells/same_coco000000000030_s0_initial_legacy_a/history.json"",""measurements.json"":""cells/same_coco000000000030_s0_initial_legacy_a/measurements.json"",""measurements.npz"":""cells/same_coco000000000030_s0_initial_legacy_a/measurements.npz"",""parity.json"":""cells/same_coco000000000030_s0_initial_legacy_a/parity.json"",""reconstruction.npy"":""cells/same_coco000000000030_s0_initial_legacy_a/reconstruction.npy"",""reconstruction.png"":""cells/same_coco000000000030_s0_initial_legacy_a/reconstruction.png"",""target.npy"":""cells/same_coco000000000030_s0_initial_legacy_a/target.npy"",""target.png"":""cells/same_coco000000000030_s0_initial_legacy_a/target.png""}",,"[0.025091515002714004,0.025151241003186442,0.025164109996694606,0.025217987997166347,0.02504237800167175,0.025051003001863137,0.025096131997997873,0.024983283998153638,0.025242107003577985,0.024805434004520066]",0.00479468552336782,same_coco000000000030_s0_initial_legacy_a,,,,,30,0,same,0.5035384297370911,0.05214833468198776,0.02509382350035594,legacy_a,0.7792602777481079,0.006463041000005927,2000,,,true,242712064,21.89563089006949,"{""boundary_hole_fraction"":0.0,""boundary_mse"":0.006463041063398123,""boundary_psnr_db"":21.89563084747208,""cvar99_mse"":0.1101166307926178,""finite"":true,""foreground_mse"":0.006463041063398123,""foreground_psnr_db"":21.89563084747208,""interior_hole_fraction"":0.0,""n_gaussians"":2000,""outside_coverage_max"":0.0,""outside_max_abs"":0.0,""p99_mse"":0.07683901488780975}",0,0,0.7311800122261047,initial,ok,true,0.25084519200754585,,10,2379370496
,"{""config.json"":""cells/same_coco000000000030_s0_initial_legacy_b/config.json"",""curves.png"":""cells/same_coco000000000030_s0_initial_legacy_b/curves.png"",""error.png"":""cells/same_coco000000000030_s0_initial_legacy_b/error.png"",""field.npz"":""cells/same_coco000000000030_s0_initial_legacy_b/field.npz"",""history.json"":""cells/same_coco000000000030_s0_initial_legacy_b/history.json"",""measurements.json"":""cells/same_coco000000000030_s0_initial_legacy_b/measurements.json"",""measurements.npz"":""cells/same_coco000000000030_s0_initial_legacy_b/measurements.npz"",""parity.json"":""cells/same_coco000000000030_s0_initial_legacy_b/parity.json"",""reconstruction.npy"":""cells/same_coco000000000030_s0_initial_legacy_b/reconstruction.npy"",""reconstruction.png"":""cells/same_coco000000000030_s0_initial_legacy_b/reconstruction.png"",""target.npy"":""cells/same_coco000000000030_s0_initial_legacy_b/target.npy"",""target.png"":""cells/same_coco000000000030_s0_initial_legacy_b/target.png""}",,"[0.025126920998445712,0.025072172000363935,0.025359103994560428,0.025433611997868866,0.025049365998711437,0.02510975799668813,0.025145674000668805,0.025083268999878783,0.025033586003701203,0.025081093001062982]",0.005111672310606906,same_coco000000000030_s0_initial_legacy_b,,,,,30,0,same,0.5035373568534851,0.05214833468198776,0.025096513498283457,legacy_b,0.7792601585388184,0.006463040984735858,2000,,,true,242712064,21.89563090033046,"{""boundary_hole_fraction"":0.0,""boundary_mse"":0.006463041063398123,""boundary_psnr_db"":21.89563084747208,""cvar99_mse"":0.1101166307926178,""finite"":true,""foreground_mse"":0.006463041063398123,""foreground_psnr_db"":21.89563084747208,""interior_hole_fraction"":0.0,""n_gaussians"":2000,""outside_coverage_max"":0.0,""outside_max_abs"":0.0,""p99_mse"":0.07683900743722916}",0,0,0.7311800718307495,initial,ok,true,0.2514945549919503,,10,2379370496
,"{""config.json"":""cells/same_coco000000000030_s0_initial_coverage/config.json"",""curves.png"":""cells/same_coco000000000030_s0_initial_coverage/curves.png"",""error.png"":""cells/same_coco000000000030_s0_initial_coverage/error.png"",""field.npz"":""cells/same_coco000000000030_s0_initial_coverage/field.npz"",""history.json"":""cells/same_coco000000000030_s0_initial_coverage/history.json"",""measurements.json"":""cells/same_coco000000000030_s0_initial_coverage/measurements.json"",""measurements.npz"":""cells/same_coco000000000030_s0_initial_coverage/measurements.npz"",""parity.json"":""cells/same_coco000000000030_s0_initial_coverage/parity.json"",""reconstruction.npy"":""cells/same_coco000000000030_s0_initial_coverage/reconstruction.npy"",""reconstruction.png"":""cells/same_coco000000000030_s0_initial_coverage/reconstruction.png"",""target.npy"":""cells/same_coco000000000030_s0_initial_coverage/target.npy"",""target.png"":""cells/same_coco000000000030_s0_initial_coverage/target.png""}",,"[0.0023036019993014634,0.0022960119968047366,0.0023000420042080805,0.002407512998615857,0.002291413002240006,0.0023063080006977543,0.0022845650019007735,0.0022935880042496137,0.002251029000035487,0.002282266999827698]",0.016639120335473233,same_coco000000000030_s0_initial_coverage,,,,,30,0,same,0.5035395622253418,0.052148330956697464,0.002294800000527175,coverage,0.7792602181434631,0.006463040972394515,2000,,,true,23311872,21.895630908623428,"{""boundary_hole_fraction"":0.0,""boundary_mse"":0.006463041063398123,""boundary_psnr_db"":21.89563084747208,""cvar99_mse"":0.1101166307926178,""finite"":true,""foreground_mse"":0.006463041063398123,""foreground_psnr_db"":21.89563084747208,""interior_hole_fraction"":0.0,""n_gaussians"":2000,""outside_coverage_max"":0.0,""outside_max_abs"":0.0,""p99_mse"":0.07683900743722916}",0,0,0.73117995262146,initial,ok,true,0.02301633900788147,,0,2379370496
,"{""config.json"":""cells/same_coco000000000030_s0_initial_tail/config.json"",""curves.png"":""cells/same_coco000000000030_s0_initial_tail/curves.png"",""error.png"":""cells/same_coco000000000030_s0_initial_tail/error.png"",""field.npz"":""cells/same_coco000000000030_s0_initial_tail/field.npz"",""history.json"":""cells/same_coco000000000030_s0_initial_tail/history.json"",""measurements.json"":""cells/same_coco000000000030_s0_initial_tail/measurements.json"",""measurements.npz"":""cells/same_coco000000000030_s0_initial_tail/measurements.npz"",""parity.json"":""cells/same_coco000000000030_s0_initial_tail/parity.json"",""reconstruction.npy"":""cells/same_coco000000000030_s0_initial_tail/reconstruction.npy"",""reconstruction.png"":""cells/same_coco000000000030_s0_initial_tail/reconstruction.png"",""target.npy"":""cells/same_coco000000000030_s0_initial_tail/target.npy"",""target.png"":""cells/same_coco000000000030_s0_initial_tail/target.png""}",,"[0.024796313999104314,0.02488813499803655,0.025009500001033302,0.02537780399870826,0.02486762400076259,0.025005846000567544,0.024826546003168914,0.025040419001015835,0.02492552900366718,0.025013575002958532]",0.006275534432706743,same_coco000000000030_s0_initial_tail,,,,,30,0,same,0.5035386681556702,0.052148330956697464,0.024965687502117362,tail,0.7792603373527527,0.006463040969847747,2000,,,true,242712064,21.89563091033477,"{""boundary_hole_fraction"":0.0,""boundary_mse"":0.006463041063398123,""boundary_psnr_db"":21.89563084747208,""cvar99_mse"":0.1101166307926178,""finite"":true,""foreground_mse"":0.006463041063398123,""foreground_psnr_db"":21.89563084747208,""interior_hole_fraction"":0.0,""n_gaussians"":2000,""outside_coverage_max"":0.0,""outside_max_abs"":0.0,""p99_mse"":0.07683900743722916}",0,0,0.7311800122261047,initial,ok,true,0.24975129200902302,,10,2379370496
,"{""config.json"":""cells/same_coco000000000030_s0_initial_both/config.json"",""curves.png"":""cells/same_coco000000000030_s0_initial_both/curves.png"",""error.png"":""cells/same_coco000000000030_s0_initial_both/error.png"",""field.npz"":""cells/same_coco000000000030_s0_initial_both/field.npz"",""history.json"":""cells/same_coco000000000030_s0_initial_both/history.json"",""measurements.json"":""cells/same_coco000000000030_s0_initial_both/measurements.json"",""measurements.npz"":""cells/same_coco000000000030_s0_initial_both/measurements.npz"",""parity.json"":""cells/same_coco000000000030_s0_initial_both/parity.json"",""reconstruction.npy"":""cells/same_coco000000000030_s0_initial_both/reconstruction.npy"",""reconstruction.png"":""cells/same_coco000000000030_s0_initial_both/reconstruction.png"",""target.npy"":""cells/same_coco000000000030_s0_initial_both/target.npy"",""target.png"":""cells/same_coco000000000030_s0_initial_both/target.png""}",,"[0.002238865999970585,0.002226479999080766,0.0022466709997388534,0.0023572539939777926,0.002316890997462906,0.0022175869962666184,0.0022273899958236143,0.002230402002169285,0.002230335994681809,0.0022369869984686375]",0.019391120393125027,same_coco000000000030_s0_initial_both,,,,,30,0,same,0.5035392045974731,0.052148330956697464,0.0022336945003189612,both,0.7792602181434631,0.0064630409685933555,2000,,,true,21318656,21.895630911177676,"{""boundary_hole_fraction"":0.0,""boundary_mse"":0.006463041063398123,""boundary_psnr_db"":21.89563084747208,""cvar99_mse"":0.1101166307926178,""finite"":true,""foreground_mse"":0.006463041063398123,""foreground_psnr_db"":21.89563084747208,""interior_hole_fraction"":0.0,""n_gaussians"":2000,""outside_coverage_max"":0.0,""outside_max_abs"":0.0,""p99_mse"":0.07683900743722916}",0,0,0.7311798930168152,initial,ok,true,0.022528863977640867,,0,2379370496
,"{""config.json"":""cells/same_coco000000000030_s0_terminal_legacy_a/config.json"",""curves.png"":""cells/same_coco000000000030_s0_terminal_legacy_a/curves.png"",""error.png"":""cells/same_coco000000000030_s0_terminal_legacy_a/error.png"",""field.npz"":""cells/same_coco000000000030_s0_terminal_legacy_a/field.npz"",""history.json"":""cells/same_coco000000000030_s0_terminal_legacy_a/history.json"",""measurements.json"":""cells/same_coco000000000030_s0_terminal_legacy_a/measurements.json"",""measurements.npz"":""cells/same_coco000000000030_s0_terminal_legacy_a/measurements.npz"",""parity.json"":""cells/same_coco000000000030_s0_terminal_legacy_a/parity.json"",""reconstruction.npy"":""cells/same_coco000000000030_s0_terminal_legacy_a/reconstruction.npy"",""reconstruction.png"":""cells/same_coco000000000030_s0_terminal_legacy_a/reconstruction.png"",""target.npy"":""cells/same_coco000000000030_s0_terminal_legacy_a/target.npy"",""target.png"":""cells/same_coco000000000030_s0_terminal_legacy_a/target.png""}",,"[0.02608913299627602,0.026289610003004782,0.02588226900115842,0.025976102995628025,0.026140964997466654,0.026019506993179675,0.02624294999986887,0.02629492000414757,0.026140062997001223,0.02620893099810928]",0.005001741690014402,same_coco000000000030_s0_terminal_legacy_a,,,,,30,750,same,0.11083146929740906,0.011743409559130669,0.02614051399723394,legacy_a,0.984688401222229,0.0005185975597360411,2000,,,true,242703360,32.85169531137175,"{""boundary_hole_fraction"":0.0,""boundary_mse"":0.0005185976042412221,""boundary_psnr_db"":32.85169493866746,""cvar99_mse"":0.0197502002120018,""finite"":true,""foreground_mse"":0.0005185976042412221,""foreground_psnr_db"":32.85169493866746,""interior_hole_fraction"":0.0014848319115117192,""n_gaussians"":2000,""outside_coverage_max"":0.0,""outside_max_abs"":0.0,""p99_mse"":0.008869613520801067}",0,750,0.9288328289985657,terminal,ok,true,0.2612844509858405,,10,2379370496
,"{""config.json"":""cells/same_coco000000000030_s0_terminal_legacy_b/config.json"",""curves.png"":""cells/same_coco000000000030_s0_terminal_legacy_b/curves.png"",""error.png"":""cells/same_coco000000000030_s0_terminal_legacy_b/error.png"",""field.npz"":""cells/same_coco000000000030_s0_terminal_legacy_b/field.npz"",""history.json"":""cells/same_coco000000000030_s0_terminal_legacy_b/history.json"",""measurements.json"":""cells/same_coco000000000030_s0_terminal_legacy_b/measurements.json"",""measurements.npz"":""cells/same_coco000000000030_s0_terminal_legacy_b/measurements.npz"",""parity.json"":""cells/same_coco000000000030_s0_terminal_legacy_b/parity.json"",""reconstruction.npy"":""cells/same_coco000000000030_s0_terminal_legacy_b/reconstruction.npy"",""reconstruction.png"":""cells/same_coco000000000030_s0_terminal_legacy_b/reconstruction.png"",""target.npy"":""cells/same_coco000000000030_s0_terminal_legacy_b/target.npy"",""target.png"":""cells/same_coco000000000030_s0_terminal_legacy_b/target.png""}",,"[0.026116540997463744,0.025907596995239146,0.025933156997780316,0.0262887930002762,0.025908384006470442,0.02584009600104764,0.025776447997486684,0.025977657998737413,0.026064429999678396,0.02602547399874311]",0.005396494619213182,same_coco000000000030_s0_terminal_legacy_b,,,,,30,750,same,0.11083229631185532,0.011743409559130669,0.025955407498258865,legacy_b,0.9846883416175842,0.0005185975568077904,2000,,,false,242703360,32.8516953358941,"{""boundary_hole_fraction"":0.0,""boundary_mse"":0.0005185976042412221,""boundary_psnr_db"":32.85169493866746,""cvar99_mse"":0.01975019834935665,""finite"":true,""foreground_mse"":0.0005185976042412221,""foreground_psnr_db"":32.85169493866746,""interior_hole_fraction"":0.0014848319115117192,""n_gaussians"":2000,""outside_coverage_max"":0.0,""outside_max_abs"":0.0,""p99_mse"":0.008869613520801067}",0,750,0.9288330078125,terminal,ok,true,0.2598385779929231,,10,2379370496
,"{""config.json"":""cells/same_coco000000000030_s0_terminal_coverage/config.json"",""curves.png"":""cells/same_coco000000000030_s0_terminal_coverage/curves.png"",""error.png"":""cells/same_coco000000000030_s0_terminal_coverage/error.png"",""field.npz"":""cells/same_coco000000000030_s0_terminal_coverage/field.npz"",""history.json"":""cells/same_coco000000000030_s0_terminal_coverage/history.json"",""measurements.json"":""cells/same_coco000000000030_s0_terminal_coverage/measurements.json"",""measurements.npz"":""cells/same_coco000000000030_s0_terminal_coverage/measurements.npz"",""parity.json"":""cells/same_coco000000000030_s0_terminal_coverage/parity.json"",""reconstruction.npy"":""cells/same_coco000000000030_s0_terminal_coverage/reconstruction.npy"",""reconstruction.png"":""cells/same_coco000000000030_s0_terminal_coverage/reconstruction.png"",""target.npy"":""cells/same_coco000000000030_s0_terminal_coverage/target.npy"",""target.png"":""cells/same_coco000000000030_s0_terminal_coverage/target.png""}",,"[0.00244584699976258,0.002417477997369133,0.0023935939971124753,0.0024051029977272265,0.0023745649959892035,0.0023963389976415783,0.0024196599988499656,0.0023954380012582988,0.002475110006344039,0.0024534459953429177]",0.012354893341430704,same_coco000000000030_s0_terminal_coverage,,,,,30,750,same,0.1108313798904419,0.011743409559130669,0.0024112904975481797,coverage,0.9846883416175842,0.0005185975606806582,2000,,,false,23311872,32.85169530346114,"{""boundary_hole_fraction"":0.0,""boundary_mse"":0.0005185976042412221,""boundary_psnr_db"":32.85169493866746,""cvar99_mse"":0.0197502002120018,""finite"":true,""foreground_mse"":0.0005185976042412221,""foreground_psnr_db"":32.85169493866746,""interior_hole_fraction"":0.0014848319115117192,""n_gaussians"":2000,""outside_coverage_max"":0.0,""outside_max_abs"":0.0,""p99_mse"":0.008869617246091366}",0,750,0.9288328886032104,terminal,ok,true,0.024176579987397417,,0,2379370496
,"{""config.json"":""cells/same_coco000000000030_s0_terminal_tail/config.json"",""curves.png"":""cells/same_coco000000000030_s0_terminal_tail/curves.png"",""error.png"":""cells/same_coco000000000030_s0_terminal_tail/error.png"",""field.npz"":""cells/same_coco000000000030_s0_terminal_tail/field.npz"",""history.json"":""cells/same_coco000000000030_s0_terminal_tail/history.json"",""measurements.json"":""cells/same_coco000000000030_s0_terminal_tail/measurements.json"",""measurements.npz"":""cells/same_coco000000000030_s0_terminal_tail/measurements.npz"",""parity.json"":""cells/same_coco000000000030_s0_terminal_tail/parity.json"",""reconstruction.npy"":""cells/same_coco000000000030_s0_terminal_tail/reconstruction.npy"",""reconstruction.png"":""cells/same_coco000000000030_s0_terminal_tail/reconstruction.png"",""target.npy"":""cells/same_coco000000000030_s0_terminal_tail/target.npy"",""target.png"":""cells/same_coco000000000030_s0_terminal_tail/target.png""}",,"[0.026054084999486804,0.02600979700218886,0.025910583994118497,0.026251736999256536,0.02611579600488767,0.02603511200140929,0.025962232000892982,0.025966552006138954,0.025986209999246057,0.02613820499391295]",0.0036899803386514778,same_coco000000000030_s0_terminal_tail,,,,,30,750,same,0.11083324253559113,0.011743409559130669,0.026022454501799075,tail,0.9846883416175842,0.00051859755778603,2000,,,false,242703360,32.851695327701925,"{""boundary_hole_fraction"":0.0,""boundary_mse"":0.0005185976042412221,""boundary_psnr_db"":32.85169493866746,""cvar99_mse"":0.0197502002120018,""finite"":true,""foreground_mse"":0.0005185976042412221,""foreground_psnr_db"":32.85169493866746,""interior_hole_fraction"":0.0014848319115117192,""n_gaussians"":2000,""outside_coverage_max"":0.0,""outside_max_abs"":0.0,""p99_mse"":0.008869613520801067}",0,750,0.9288328886032104,terminal,ok,true,0.2604303100015386,,10,2379370496
,"{""config.json"":""cells/same_coco000000000030_s0_terminal_both/config.json"",""curves.png"":""cells/same_coco000000000030_s0_terminal_both/curves.png"",""error.png"":""cells/same_coco000000000030_s0_terminal_both/error.png"",""field.npz"":""cells/same_coco000000000030_s0_terminal_both/field.npz"",""history.json"":""cells/same_coco000000000030_s0_terminal_both/history.json"",""measurements.json"":""cells/same_coco000000000030_s0_terminal_both/measurements.json"",""measurements.npz"":""cells/same_coco000000000030_s0_terminal_both/measurements.npz"",""parity.json"":""cells/same_coco000000000030_s0_terminal_both/parity.json"",""reconstruction.npy"":""cells/same_coco000000000030_s0_terminal_both/reconstruction.npy"",""reconstruction.png"":""cells/same_coco000000000030_s0_terminal_both/reconstruction.png"",""target.npy"":""cells/same_coco000000000030_s0_terminal_both/target.npy"",""target.png"":""cells/same_coco000000000030_s0_terminal_both/target.png""}",,"[0.0023493550033890642,0.0023622380031156354,0.002429102998576127,0.002365419997659046,0.0023867579948273487,0.0024377630033995956,0.0024031089997151867,0.0024006590028875507,0.0024353799963137135,0.0024518529971828684]",0.014140919842112007,same_coco000000000030_s0_terminal_both,,,,,30,750,same,0.11083116382360458,0.011743409559130669,0.0024018840013013687,both,0.9846882224082947,0.0005185975593221638,2000,,,false,21318656,32.85169531483773,"{""boundary_hole_fraction"":0.0,""boundary_mse"":0.0005185976042412221,""boundary_psnr_db"":32.85169493866746,""cvar99_mse"":0.0197502002120018,""finite"":true,""foreground_mse"":0.0005185976042412221,""foreground_psnr_db"":32.85169493866746,""interior_hole_fraction"":0.0014848319115117192,""n_gaussians"":2000,""outside_coverage_max"":0.0,""outside_max_abs"":0.0,""p99_mse"":0.008869611658155918}",0,750,0.9288328289985657,terminal,ok,true,0.024021637997066136,,0,2379370496
,"{""config.json"":""cells/same_coco000000000030_s1_initial_legacy_a/config.json"",""curves.png"":""cells/same_coco000000000030_s1_initial_legacy_a/curves.png"",""error.png"":""cells/same_coco000000000030_s1_initial_legacy_a/error.png"",""field.npz"":""cells/same_coco000000000030_s1_initial_legacy_a/field.npz"",""history.json"":""cells/same_coco000000000030_s1_initial_legacy_a/history.json"",""measurements.json"":""cells/same_coco000000000030_s1_initial_legacy_a/measurements.json"",""measurements.npz"":""cells/same_coco000000000030_s1_initial_legacy_a/measurements.npz"",""parity.json"":""cells/same_coco000000000030_s1_initial_legacy_a/parity.json"",""reconstruction.npy"":""cells/same_coco000000000030_s1_initial_legacy_a/reconstruction.npy"",""reconstruction.png"":""cells/same_coco000000000030_s1_initial_legacy_a/reconstruction.png"",""target.npy"":""cells/same_coco000000000030_s1_initial_legacy_a/target.npy"",""target.png"":""cells/same_coco000000000030_s1_initial_legacy_a/target.png""}",,"[0.02507966499979375,0.02501175200450234,0.025039464999281336,0.02502190000086557,0.02508869400480762,0.02505698300228687,0.025028702002600767,0.02502246599760838,0.025052297998627182,0.02502989200002048]",0.000973691114614693,same_coco000000000030_s1_initial_legacy_a,,,,,30,0,same,0.509381115436554,0.05175162851810455,0.02503467849965091,legacy_a,0.784692645072937,0.006425139790337086,2000,,,true,242757632,21.921174190454483,"{""boundary_hole_fraction"":0.0,""boundary_mse"":0.006425140425562859,""boundary_psnr_db"":21.92117376108634,""cvar99_mse"":0.1120075210928917,""finite"":true,""foreground_mse"":0.006425140425562859,""foreground_psnr_db"":21.92117376108634,""interior_hole_fraction"":0.0,""n_gaussians"":2000,""outside_coverage_max"":0.0,""outside_max_abs"":0.0,""p99_mse"":0.07566630840301514}",1,0,0.7348693609237671,initial,ok,true,0.2504318170103943,,10,2407124992
,"{""config.json"":""cells/same_coco000000000030_s1_initial_legacy_b/config.json"",""curves.png"":""cells/same_coco000000000030_s1_initial_legacy_b/curves.png"",""error.png"":""cells/same_coco000000000030_s1_initial_legacy_b/error.png"",""field.npz"":""cells/same_coco000000000030_s1_initial_legacy_b/field.npz"",""history.json"":""cells/same_coco000000000030_s1_initial_legacy_b/history.json"",""measurements.json"":""cells/same_coco000000000030_s1_initial_legacy_b/measurements.json"",""measurements.npz"":""cells/same_coco000000000030_s1_initial_legacy_b/measurements.npz"",""parity.json"":""cells/same_coco000000000030_s1_initial_legacy_b/parity.json"",""reconstruction.npy"":""cells/same_coco000000000030_s1_initial_legacy_b/reconstruction.npy"",""reconstruction.png"":""cells/same_coco000000000030_s1_initial_legacy_b/reconstruction.png"",""target.npy"":""cells/same_coco000000000030_s1_initial_legacy_b/target.npy"",""target.png"":""cells/same_coco000000000030_s1_initial_legacy_b/target.png""}",,"[0.025150959998427425,0.025034127000253648,0.025044121000973973,0.025044048998097423,0.025029730000824202,0.025050978001672775,0.025019792999955826,0.025016409003001172,0.025065929999982473,0.025048199997399934]",0.001451590688297839,same_coco000000000030_s1_initial_legacy_b,,,,,30,0,same,0.509382426738739,0.05175162851810455,0.0250440849995357,legacy_b,0.784692645072937,0.00642513978326666,2000,,,false,242757632,21.921174195233597,"{""boundary_hole_fraction"":0.0,""boundary_mse"":0.006425140425562859,""boundary_psnr_db"":21.92117376108634,""cvar99_mse"":0.1120075210928917,""finite"":true,""foreground_mse"":0.006425140425562859,""foreground_psnr_db"":21.92117376108634,""interior_hole_fraction"":0.0,""n_gaussians"":2000,""outside_coverage_max"":0.0,""outside_max_abs"":0.0,""p99_mse"":0.07566630840301514}",1,0,0.7348694801330566,initial,ok,true,0.25050429700058885,,10,2407124992
,"{""config.json"":""cells/same_coco000000000030_s1_initial_coverage/config.json"",""curves.png"":""cells/same_coco000000000030_s1_initial_coverage/curves.png"",""error.png"":""cells/same_coco000000000030_s1_initial_coverage/error.png"",""field.npz"":""cells/same_coco000000000030_s1_initial_coverage/field.npz"",""history.json"":""cells/same_coco000000000030_s1_initial_coverage/history.json"",""measurements.json"":""cells/same_coco000000000030_s1_initial_coverage/measurements.json"",""measurements.npz"":""cells/same_coco000000000030_s1_initial_coverage/measurements.npz"",""parity.json"":""cells/same_coco000000000030_s1_initial_coverage/parity.json"",""reconstruction.npy"":""cells/same_coco000000000030_s1_initial_coverage/reconstruction.npy"",""reconstruction.png"":""cells/same_coco000000000030_s1_initial_coverage/reconstruction.png"",""target.npy"":""cells/same_coco000000000030_s1_initial_coverage/target.npy"",""target.png"":""cells/same_coco000000000030_s1_initial_coverage/target.png""}",,"[0.002344530999835115,0.0023295920036616735,0.002337810001336038,0.0023531299957539886,0.002338694001082331,0.002332835996639915,0.0023595370003022254,0.0023711920002824627,0.0023297649968299083,0.0023553350038127974]",0.005686942038291868,same_coco000000000030_s1_initial_coverage,,,,,30,0,same,0.5093823075294495,0.05175162851810455,0.002341612500458723,coverage,0.784692645072937,0.006425139771858951,2000,,,false,23311872,21.921174202944407,"{""boundary_hole_fraction"":0.0,""boundary_mse"":0.006425140425562859,""boundary_psnr_db"":21.92117376108634,""cvar99_mse"":0.1120075210928917,""finite"":true,""foreground_mse"":0.006425140425562859,""foreground_psnr_db"":21.92117376108634,""interior_hole_fraction"":0.0,""n_gaussians"":2000,""outside_coverage_max"":0.0,""outside_max_abs"":0.0,""p99_mse"":0.07566631585359573}",1,0,0.7348693609237671,initial,ok,true,0.023452421999536455,,0,2407124992
,"{""config.json"":""cells/same_coco000000000030_s1_initial_tail/config.json"",""curves.png"":""cells/same_coco000000000030_s1_initial_tail/curves.png"",""error.png"":""cells/same_coco000000000030_s1_initial_tail/error.png"",""field.npz"":""cells/same_coco000000000030_s1_initial_tail/field.npz"",""history.json"":""cells/same_coco000000000030_s1_initial_tail/history.json"",""measurements.json"":""cells/same_coco000000000030_s1_initial_tail/measurements.json"",""measurements.npz"":""cells/same_coco000000000030_s1_initial_tail/measurements.npz"",""parity.json"":""cells/same_coco000000000030_s1_initial_tail/parity.json"",""reconstruction.npy"":""cells/same_coco000000000030_s1_initial_tail/reconstruction.npy"",""reconstruction.png"":""cells/same_coco000000000030_s1_initial_tail/reconstruction.png"",""target.npy"":""cells/same_coco000000000030_s1_initial_tail/target.npy"",""target.png"":""cells/same_coco000000000030_s1_initial_tail/target.png""}",,"[0.02501344399934169,0.02499087700562086,0.025012786005390808,0.025016778003191575,0.024984420000691898,0.025077687998418696,0.02501568300067447,0.024966483004391193,0.025003201997606084,0.024990373996843118]",0.0011271361649031163,same_coco000000000030_s1_initial_tail,,,,,30,0,same,0.5093804001808167,0.05175162851810455,0.025007994001498446,tail,0.784692645072937,0.006425139775478244,2000,,,false,242757632,21.921174200498022,"{""boundary_hole_fraction"":0.0,""boundary_mse"":0.006425140425562859,""boundary_psnr_db"":21.92117376108634,""cvar99_mse"":0.1120075210928917,""finite"":true,""foreground_mse"":0.006425140425562859,""foreground_psnr_db"":21.92117376108634,""interior_hole_fraction"":0.0,""n_gaussians"":2000,""outside_coverage_max"":0.0,""outside_max_abs"":0.0,""p99_mse"":0.07566630840301514}",1,0,0.7348693609237671,initial,ok,true,0.2500717350121704,,10,2407124992
,"{""config.json"":""cells/same_coco000000000030_s1_initial_both/config.json"",""curves.png"":""cells/same_coco000000000030_s1_initial_both/curves.png"",""error.png"":""cells/same_coco000000000030_s1_initial_both/error.png"",""field.npz"":""cells/same_coco000000000030_s1_initial_both/field.npz"",""history.json"":""cells/same_coco000000000030_s1_initial_both/history.json"",""measurements.json"":""cells/same_coco000000000030_s1_initial_both/measurements.json"",""measurements.npz"":""cells/same_coco000000000030_s1_initial_both/measurements.npz"",""parity.json"":""cells/same_coco000000000030_s1_initial_both/parity.json"",""reconstruction.npy"":""cells/same_coco000000000030_s1_initial_both/reconstruction.npy"",""reconstruction.png"":""cells/same_coco000000000030_s1_initial_both/reconstruction.png"",""target.npy"":""cells/same_coco000000000030_s1_initial_both/target.npy"",""target.png"":""cells/same_coco000000000030_s1_initial_both/target.png""}",,"[0.002318252001714427,0.0022904029974597506,0.002287821000209078,0.00230913999985205,0.002312163000169676,0.0023177460025181063,0.0022827330030850135,0.00229533200035803,0.0023046930000418797,0.002292286000738386]",0.005340710786560162,same_coco000000000030_s1_initial_both,,,,,30,0,same,0.5093844532966614,0.05175162851810455,0.002300012500199955,both,0.784692645072937,0.006425139760012821,2000,,,false,21318656,21.921174210951563,"{""boundary_hole_fraction"":0.0,""boundary_mse"":0.006425140425562859,""boundary_psnr_db"":21.92117376108634,""cvar99_mse"":0.1120075210928917,""finite"":true,""foreground_mse"":0.006425140425562859,""foreground_psnr_db"":21.92117376108634,""interior_hole_fraction"":0.0,""n_gaussians"":2000,""outside_coverage_max"":0.0,""outside_max_abs"":0.0,""p99_mse"":0.07566630840301514}",1,0,0.7348693609237671,initial,ok,true,0.023010569006146397,,0,2407124992
,"{""config.json"":""cells/same_coco000000000030_s1_terminal_legacy_a/config.json"",""curves.png"":""cells/same_coco000000000030_s1_terminal_legacy_a/curves.png"",""error.png"":""cells/same_coco000000000030_s1_terminal_legacy_a/error.png"",""field.npz"":""cells/same_coco000000000030_s1_terminal_legacy_a/field.npz"",""history.json"":""cells/same_coco000000000030_s1_terminal_legacy_a/history.json"",""measurements.json"":""cells/same_coco000000000030_s1_terminal_legacy_a/measurements.json"",""measurements.npz"":""cells/same_coco000000000030_s1_terminal_legacy_a/measurements.npz"",""parity.json"":""cells/same_coco000000000030_s1_terminal_legacy_a/parity.json"",""reconstruction.npy"":""cells/same_coco000000000030_s1_terminal_legacy_a/reconstruction.npy"",""reconstruction.png"":""cells/same_coco000000000030_s1_terminal_legacy_a/reconstruction.png"",""target.npy"":""cells/same_coco000000000030_s1_terminal_legacy_a/target.npy"",""target.png"":""cells/same_coco000000000030_s1_terminal_legacy_a/target.png""}",,"[0.02463877400441561,0.024629424995509908,0.024590772998635657,0.024634059001982678,0.024910703003115486,0.024575294999522157,0.024577307005529292,0.024633856002765242,0.02466789800382685,0.024674870001035742]",0.003722776526712523,same_coco000000000030_s1_terminal_legacy_a,,,,,30,750,same,0.10600517690181732,0.011686017736792564,0.02463395750237396,legacy_a,0.9850508570671082,0.0004975086410917492,2000,,,true,242720768,33.0319937171047,"{""boundary_hole_fraction"":0.0,""boundary_mse"":0.0004975086194463074,""boundary_psnr_db"":33.031993906056115,""cvar99_mse"":0.017692137509584427,""finite"":true,""foreground_mse"":0.0004975086194463074,""foreground_psnr_db"":33.031993906056115,""interior_hole_fraction"":0.0014105902519077063,""n_gaussians"":2000,""outside_coverage_max"":0.0,""outside_max_abs"":0.0,""p99_mse"":0.00920393131673336}",1,750,0.9292472004890442,terminal,ok,true,0.24653296001633862,,10,2407124992
,"{""config.json"":""cells/same_coco000000000030_s1_terminal_legacy_b/config.json"",""curves.png"":""cells/same_coco000000000030_s1_terminal_legacy_b/curves.png"",""error.png"":""cells/same_coco000000000030_s1_terminal_legacy_b/error.png"",""field.npz"":""cells/same_coco000000000030_s1_terminal_legacy_b/field.npz"",""history.json"":""cells/same_coco000000000030_s1_terminal_legacy_b/history.json"",""measurements.json"":""cells/same_coco000000000030_s1_terminal_legacy_b/measurements.json"",""measurements.npz"":""cells/same_coco000000000030_s1_terminal_legacy_b/measurements.npz"",""parity.json"":""cells/same_coco000000000030_s1_terminal_legacy_b/parity.json"",""reconstruction.npy"":""cells/same_coco000000000030_s1_terminal_legacy_b/reconstruction.npy"",""reconstruction.png"":""cells/same_coco000000000030_s1_terminal_legacy_b/reconstruction.png"",""target.npy"":""cells/same_coco000000000030_s1_terminal_legacy_b/target.npy"",""target.png"":""cells/same_coco000000000030_s1_terminal_legacy_b/target.png""}",,"[0.02465081800619373,0.024629649000416975,0.024620999000035226,0.02457973400305491,0.024643520002427977,0.02467337599955499,0.024600024000392295,0.02461763699830044,0.024625626996567007,0.024639463998028077]",0.0010133850000715763,same_coco000000000030_s1_terminal_legacy_b,,,,,30,750,same,0.10600508004426956,0.011686017736792564,0.02462763799849199,legacy_b,0.9850508570671082,0.0004975086411108745,2000,,,true,242720768,33.03199371693774,"{""boundary_hole_fraction"":0.0,""boundary_mse"":0.0004975086194463074,""boundary_psnr_db"":33.031993906056115,""cvar99_mse"":0.017692137509584427,""finite"":true,""foreground_mse"":0.0004975086194463074,""foreground_psnr_db"":33.031993906056115,""interior_hole_fraction"":0.0014105902519077063,""n_gaussians"":2000,""outside_coverage_max"":0.0,""outside_max_abs"":0.0,""p99_mse"":0.009203941561281681}",1,750,0.929247260093689,terminal,ok,true,0.24628084800497163,,10,2407124992
,"{""config.json"":""cells/same_coco000000000030_s1_terminal_coverage/config.json"",""curves.png"":""cells/same_coco000000000030_s1_terminal_coverage/curves.png"",""error.png"":""cells/same_coco000000000030_s1_terminal_coverage/error.png"",""field.npz"":""cells/same_coco000000000030_s1_terminal_coverage/field.npz"",""history.json"":""cells/same_coco000000000030_s1_terminal_coverage/history.json"",""measurements.json"":""cells/same_coco000000000030_s1_terminal_coverage/measurements.json"",""measurements.npz"":""cells/same_coco000000000030_s1_terminal_coverage/measurements.npz"",""parity.json"":""cells/same_coco000000000030_s1_terminal_coverage/parity.json"",""reconstruction.npy"":""cells/same_coco000000000030_s1_terminal_coverage/reconstruction.npy"",""reconstruction.png"":""cells/same_coco000000000030_s1_terminal_coverage/reconstruction.png"",""target.npy"":""cells/same_coco000000000030_s1_terminal_coverage/target.npy"",""target.png"":""cells/same_coco000000000030_s1_terminal_coverage/target.png""}",,"[0.024985996999021154,0.02495181900303578,0.024971926999569405,0.024984604999190196,0.024972374994831625,0.025029830998391844,0.02501043299707817,0.024995029001729563,0.024991297999804374,0.024995797000883613]",0.0008194295035963572,same_coco000000000030_s1_terminal_coverage,,,,,30,750,same,0.10600503534078598,0.011686017736792564,0.024988647499412764,coverage,0.9850509166717529,0.0004975086402768386,2000,,,true,243421184,33.03199372421836,"{""boundary_hole_fraction"":0.0,""boundary_mse"":0.0004975086194463074,""boundary_psnr_db"":33.031993906056115,""cvar99_mse"":0.017692137509584427,""finite"":true,""foreground_mse"":0.0004975086194463074,""foreground_psnr_db"":33.031993906056115,""interior_hole_fraction"":0.0014105902519077063,""n_gaussians"":2000,""outside_coverage_max"":0.0,""outside_max_abs"":0.0,""p99_mse"":0.00920393131673336}",1,750,0.9292470812797546,terminal,ok,true,0.24988911099353572,,10,2407124992
,"{""config.json"":""cells/same_coco000000000030_s1_terminal_tail/config.json"",""curves.png"":""cells/same_coco000000000030_s1_terminal_tail/curves.png"",""error.png"":""cells/same_coco000000000030_s1_terminal_tail/error.png"",""field.npz"":""cells/same_coco000000000030_s1_terminal_tail/field.npz"",""history.json"":""cells/same_coco000000000030_s1_terminal_tail/history.json"",""measurements.json"":""cells/same_coco000000000030_s1_terminal_tail/measurements.json"",""measurements.npz"":""cells/same_coco000000000030_s1_terminal_tail/measurements.npz"",""parity.json"":""cells/same_coco000000000030_s1_terminal_tail/parity.json"",""reconstruction.npy"":""cells/same_coco000000000030_s1_terminal_tail/reconstruction.npy"",""reconstruction.png"":""cells/same_coco000000000030_s1_terminal_tail/reconstruction.png"",""target.npy"":""cells/same_coco000000000030_s1_terminal_tail/target.npy"",""target.png"":""cells/same_coco000000000030_s1_terminal_tail/target.png""}",,"[0.02454678299545776,0.02460901200538501,0.024584273996879347,0.02456440799869597,0.024543214996811002,0.024547783003072254,0.024529294998501427,0.024548354995204136,0.02455468799598748,0.024601894001534674]",0.0010291277060799147,same_coco000000000030_s1_terminal_tail,,,,,30,750,same,0.1060057282447815,0.011686017736792564,0.024551521495595807,tail,0.9850508570671082,0.0004975086450564716,2000,,,true,242720768,33.031993682495106,"{""boundary_hole_fraction"":0.0,""boundary_mse"":0.0004975086194463074,""boundary_psnr_db"":33.031993906056115,""cvar99_mse"":0.017692137509584427,""finite"":true,""foreground_mse"":0.0004975086194463074,""foreground_psnr_db"":33.031993906056115,""interior_hole_fraction"":0.0014105902519077063,""n_gaussians"":2000,""outside_coverage_max"":0.0,""outside_max_abs"":0.0,""p99_mse"":0.009203941561281681}",1,750,0.9292472004890442,terminal,ok,true,0.24562970698752906,,10,2407124992
,"{""config.json"":""cells/same_coco000000000030_s1_terminal_both/config.json"",""curves.png"":""cells/same_coco000000000030_s1_terminal_both/curves.png"",""error.png"":""cells/same_coco000000000030_s1_terminal_both/error.png"",""field.npz"":""cells/same_coco000000000030_s1_terminal_both/field.npz"",""history.json"":""cells/same_coco000000000030_s1_terminal_both/history.json"",""measurements.json"":""cells/same_coco000000000030_s1_terminal_both/measurements.json"",""measurements.npz"":""cells/same_coco000000000030_s1_terminal_both/measurements.npz"",""parity.json"":""cells/same_coco000000000030_s1_terminal_both/parity.json"",""reconstruction.npy"":""cells/same_coco000000000030_s1_terminal_both/reconstruction.npy"",""reconstruction.png"":""cells/same_coco000000000030_s1_terminal_both/reconstruction.png"",""target.npy"":""cells/same_coco000000000030_s1_terminal_both/target.npy"",""target.png"":""cells/same_coco000000000030_s1_terminal_both/target.png""}",,"[0.02494383600424044,0.024935949993960094,0.024940098999650218,0.024966526005300693,0.02497679099906236,0.02495702500164043,0.024971911996544804,0.024957383000582922,0.02493149299698416,0.024966816999949515]",0.0006083655987057334,same_coco000000000030_s1_terminal_both,,,,,30,750,same,0.1060057133436203,0.011686017736792564,0.024957204001111677,both,0.9850508570671082,0.0004975086416352931,2000,,,true,243421184,33.03199371235989,"{""boundary_hole_fraction"":0.0,""boundary_mse"":0.0004975086194463074,""boundary_psnr_db"":33.031993906056115,""cvar99_mse"":0.017692137509584427,""finite"":true,""foreground_mse"":0.0004975086194463074,""foreground_psnr_db"":33.031993906056115,""interior_hole_fraction"":0.0014105902519077063,""n_gaussians"":2000,""outside_coverage_max"":0.0,""outside_max_abs"":0.0,""p99_mse"":0.00920393131673336}",1,750,0.9292470812797546,terminal,ok,true,0.24954783199791564,,10,2407124992
,"{""config.json"":""cells/same_coco000000000034_s0_initial_legacy_a/config.json"",""curves.png"":""cells/same_coco000000000034_s0_initial_legacy_a/curves.png"",""error.png"":""cells/same_coco000000000034_s0_initial_legacy_a/error.png"",""field.npz"":""cells/same_coco000000000034_s0_initial_legacy_a/field.npz"",""history.json"":""cells/same_coco000000000034_s0_initial_legacy_a/history.json"",""measurements.json"":""cells/same_coco000000000034_s0_initial_legacy_a/measurements.json"",""measurements.npz"":""cells/same_coco000000000034_s0_initial_legacy_a/measurements.npz"",""parity.json"":""cells/same_coco000000000034_s0_initial_legacy_a/parity.json"",""reconstruction.npy"":""cells/same_coco000000000034_s0_initial_legacy_a/reconstruction.npy"",""reconstruction.png"":""cells/same_coco000000000034_s0_initial_legacy_a/reconstruction.png"",""target.npy"":""cells/same_coco000000000034_s0_initial_legacy_a/target.npy"",""target.png"":""cells/same_coco000000000034_s0_initial_legacy_a/target.png""}",,"[0.021454065004945733,0.021363878004194703,0.02138288500282215,0.021404591003374662,0.021351363000576384,0.021385869004006963,0.02139178699871991,0.021366408000176307,0.021376421995228156,0.021381901002314407]",0.0012549658320433093,same_coco000000000034_s0_initial_legacy_a,,,,,34,0,same,0.9215763807296753,0.13472279906272888,0.02138239300256828,legacy_a,0.43060776591300964,0.029187426588760158,2000,,,true,242610688,15.348041944114046,"{""boundary_hole_fraction"":0.0,""boundary_mse"":0.029187427833676338,""boundary_psnr_db"":15.348041758876676,""cvar99_mse"":0.25517770648002625,""finite"":true,""foreground_mse"":0.029187427833676338,""foreground_psnr_db"":15.348041758876676,""interior_hole_fraction"":0.0,""n_gaussians"":2000,""outside_coverage_max"":0.0,""outside_max_abs"":0.0,""p99_mse"":0.19695338606834412}",0,0,0.17458300292491913,initial,ok,true,0.21385916901635937,,10,2370805760
,"{""config.json"":""cells/same_coco000000000034_s0_initial_legacy_b/config.json"",""curves.png"":""cells/same_coco000000000034_s0_initial_legacy_b/curves.png"",""error.png"":""cells/same_coco000000000034_s0_initial_legacy_b/error.png"",""field.npz"":""cells/same_coco000000000034_s0_initial_legacy_b/field.npz"",""history.json"":""cells/same_coco000000000034_s0_initial_legacy_b/history.json"",""measurements.json"":""cells/same_coco000000000034_s0_initial_legacy_b/measurements.json"",""measurements.npz"":""cells/same_coco000000000034_s0_initial_legacy_b/measurements.npz"",""parity.json"":""cells/same_coco000000000034_s0_initial_legacy_b/parity.json"",""reconstruction.npy"":""cells/same_coco000000000034_s0_initial_legacy_b/reconstruction.npy"",""reconstruction.png"":""cells/same_coco000000000034_s0_initial_legacy_b/reconstruction.png"",""target.npy"":""cells/same_coco000000000034_s0_initial_legacy_b/target.npy"",""target.png"":""cells/same_coco000000000034_s0_initial_legacy_b/target.png""}",,"[0.021407800995802972,0.021396096002717968,0.021400183002697304,0.021392615002696402,0.021341988001950085,0.021380859994678758,0.02136752200021874,0.021361336002883036,0.02135674800229026,0.021354602999053895]",0.0010002751891289964,same_coco000000000034_s0_initial_legacy_b,,,,,34,0,same,0.9215763807296753,0.13472279906272888,0.02137419099744875,legacy_b,0.43060776591300964,0.02918742661557427,2000,,,true,242610688,15.34804194012424,"{""boundary_hole_fraction"":0.0,""boundary_mse"":0.029187427833676338,""boundary_psnr_db"":15.348041758876676,""cvar99_mse"":0.25517770648002625,""finite"":true,""foreground_mse"":0.029187427833676338,""foreground_psnr_db"":15.348041758876676,""interior_hole_fraction"":0.0,""n_gaussians"":2000,""outside_coverage_max"":0.0,""outside_max_abs"":0.0,""p99_mse"":0.19695335626602173}",0,0,0.17458300292491913,initial,ok,true,0.21375975200498942,,10,2370805760
,"{""config.json"":""cells/same_coco000000000034_s0_initial_coverage/config.json"",""curves.png"":""cells/same_coco000000000034_s0_initial_coverage/curves.png"",""error.png"":""cells/same_coco000000000034_s0_initial_coverage/error.png"",""field.npz"":""cells/same_coco000000000034_s0_initial_coverage/field.npz"",""history.json"":""cells/same_coco000000000034_s0_initial_coverage/history.json"",""measurements.json"":""cells/same_coco000000000034_s0_initial_coverage/measurements.json"",""measurements.npz"":""cells/same_coco000000000034_s0_initial_coverage/measurements.npz"",""parity.json"":""cells/same_coco000000000034_s0_initial_coverage/parity.json"",""reconstruction.npy"":""cells/same_coco000000000034_s0_initial_coverage/reconstruction.npy"",""reconstruction.png"":""cells/same_coco000000000034_s0_initial_coverage/reconstruction.png"",""target.npy"":""cells/same_coco000000000034_s0_initial_coverage/target.npy"",""target.png"":""cells/same_coco000000000034_s0_initial_coverage/target.png""}",,"[0.0022042920027161017,0.0021895820027566515,0.002205703996878583,0.002183366996177938,0.002183662996685598,0.002193956999690272,0.002194449996750336,0.002186785997764673,0.0021690349967684597,0.002180798001063522]",0.004787001538662671,same_coco000000000034_s0_initial_coverage,,,,,34,0,same,0.9215774536132812,0.13472281396389008,0.0021881840002606623,coverage,0.43060776591300964,0.029187426609604807,2000,,,true,23176704,15.348041941012465,"{""boundary_hole_fraction"":0.0,""boundary_mse"":0.029187427833676338,""boundary_psnr_db"":15.348041758876676,""cvar99_mse"":0.25517770648002625,""finite"":true,""foreground_mse"":0.029187427833676338,""foreground_psnr_db"":15.348041758876676,""interior_hole_fraction"":0.0,""n_gaussians"":2000,""outside_coverage_max"":0.0,""outside_max_abs"":0.0,""p99_mse"":0.19695338606834412}",0,0,0.17458301782608032,initial,ok,true,0.021891633987252135,,0,2370805760
,"{""config.json"":""cells/same_coco000000000034_s0_initial_tail/config.json"",""curves.png"":""cells/same_coco000000000034_s0_initial_tail/curves.png"",""error.png"":""cells/same_coco000000000034_s0_initial_tail/error.png"",""field.npz"":""cells/same_coco000000000034_s0_initial_tail/field.npz"",""history.json"":""cells/same_coco000000000034_s0_initial_tail/history.json"",""measurements.json"":""cells/same_coco000000000034_s0_initial_tail/measurements.json"",""measurements.npz"":""cells/same_coco000000000034_s0_initial_tail/measurements.npz"",""parity.json"":""cells/same_coco000000000034_s0_initial_tail/parity.json"",""reconstruction.npy"":""cells/same_coco000000000034_s0_initial_tail/reconstruction.npy"",""reconstruction.png"":""cells/same_coco000000000034_s0_initial_tail/reconstruction.png"",""target.npy"":""cells/same_coco000000000034_s0_initial_tail/target.npy"",""target.png"":""cells/same_coco000000000034_s0_initial_tail/target.png""}",,"[0.021444158999656793,0.02134587400360033,0.021305513997504022,0.021339893006370403,0.021396621996245813,0.021309960000508,0.021337860998755787,0.021313719000318088,0.021329647999664303,0.021307688002707437]",0.001984077105395585,same_coco000000000034_s0_initial_tail,,,,,34,0,same,0.921576976776123,0.13472279906272888,0.021333754499210045,tail,0.43060776591300964,0.02918742661031626,2000,,,true,242610688,15.348041940906604,"{""boundary_hole_fraction"":0.0,""boundary_mse"":0.029187427833676338,""boundary_psnr_db"":15.348041758876676,""cvar99_mse"":0.25517770648002625,""finite"":true,""foreground_mse"":0.029187427833676338,""foreground_psnr_db"":15.348041758876676,""interior_hole_fraction"":0.0,""n_gaussians"":2000,""outside_coverage_max"":0.0,""outside_max_abs"":0.0,""p99_mse"":0.1969534158706665}",0,0,0.17458300292491913,initial,ok,true,0.21343093800533097,,10,2370805760
,"{""config.json"":""cells/same_coco000000000034_s0_initial_both/config.json"",""curves.png"":""cells/same_coco000000000034_s0_initial_both/curves.png"",""error.png"":""cells/same_coco000000000034_s0_initial_both/error.png"",""field.npz"":""cells/same_coco000000000034_s0_initial_both/field.npz"",""history.json"":""cells/same_coco000000000034_s0_initial_both/history.json"",""measurements.json"":""cells/same_coco000000000034_s0_initial_both/measurements.json"",""measurements.npz"":""cells/same_coco000000000034_s0_initial_both/measurements.npz"",""parity.json"":""cells/same_coco000000000034_s0_initial_both/parity.json"",""reconstruction.npy"":""cells/same_coco000000000034_s0_initial_both/reconstruction.npy"",""reconstruction.png"":""cells/same_coco000000000034_s0_initial_both/reconstruction.png"",""target.npy"":""cells/same_coco000000000034_s0_initial_both/target.npy"",""target.png"":""cells/same_coco000000000034_s0_initial_both/target.png""}",,"[0.002184539000154473,0.0021408280008472502,0.002138765004929155,0.002147333994798828,0.002130089000274893,0.0021338149963412434,0.0021545130002778023,0.002184076001867652,0.002160629999707453,0.0021426029998110607]",0.008554963469877485,same_coco000000000034_s0_initial_both,,,,,34,0,same,0.9215758442878723,0.13472281396389008,0.0021449684973049443,both,0.43060776591300964,0.029187426581973867,2000,,,true,21194752,15.348041945123814,"{""boundary_hole_fraction"":0.0,""boundary_mse"":0.029187427833676338,""boundary_psnr_db"":15.348041758876676,""cvar99_mse"":0.25517770648002625,""finite"":true,""foreground_mse"":0.029187427833676338,""foreground_psnr_db"":15.348041758876676,""interior_hole_fraction"":0.0,""n_gaussians"":2000,""outside_coverage_max"":0.0,""outside_max_abs"":0.0,""p99_mse"":0.19695334136486053}",0,0,0.17458300292491913,initial,ok,true,0.02151719199900981,,0,2370805760
,"{""config.json"":""cells/same_coco000000000034_s0_terminal_legacy_a/config.json"",""curves.png"":""cells/same_coco000000000034_s0_terminal_legacy_a/curves.png"",""error.png"":""cells/same_coco000000000034_s0_terminal_legacy_a/error.png"",""field.npz"":""cells/same_coco000000000034_s0_terminal_legacy_a/field.npz"",""history.json"":""cells/same_coco000000000034_s0_terminal_legacy_a/history.json"",""measurements.json"":""cells/same_coco000000000034_s0_terminal_legacy_a/measurements.json"",""measurements.npz"":""cells/same_coco000000000034_s0_terminal_legacy_a/measurements.npz"",""parity.json"":""cells/same_coco000000000034_s0_terminal_legacy_a/parity.json"",""reconstruction.npy"":""cells/same_coco000000000034_s0_terminal_legacy_a/reconstruction.npy"",""reconstruction.png"":""cells/same_coco000000000034_s0_terminal_legacy_a/reconstruction.png"",""target.npy"":""cells/same_coco000000000034_s0_terminal_legacy_a/target.npy"",""target.png"":""cells/same_coco000000000034_s0_terminal_legacy_a/target.png""}",,"[0.02152130899776239,0.021450273001391906,0.02146200700371992,0.021492978994501755,0.02150182400509948,0.021495689994480927,0.021537014996283688,0.0214787549994071,0.021467448001203593,0.021485849996679462]",0.0011755102690007805,same_coco000000000034_s0_terminal_legacy_a,,,,,34,750,same,0.588502824306488,0.07275094836950302,0.02148941449559061,legacy_a,0.8309580087661743,0.010603987823449387,2000,,,true,242615808,19.74530779638659,"{""boundary_hole_fraction"":0.0,""boundary_mse"":0.01060398854315281,""boundary_psnr_db"":19.745307501626527,""cvar99_mse"":0.13925321400165558,""finite"":true,""foreground_mse"":0.01060398854315281,""foreground_psnr_db"":19.745307501626527,""interior_hole_fraction"":0.012310432270169258,""n_gaussians"":2000,""outside_coverage_max"":0.0,""outside_max_abs"":0.0,""p99_mse"":0.09113840013742447}",0,750,0.47332772612571716,terminal,ok,true,0.21489314999053022,,10,2370805760
,"{""config.json"":""cells/same_coco000000000034_s0_terminal_legacy_b/config.json"",""curves.png"":""cells/same_coco000000000034_s0_terminal_legacy_b/curves.png"",""error.png"":""cells/same_coco000000000034_s0_terminal_legacy_b/error.png"",""field.npz"":""cells/same_coco000000000034_s0_terminal_legacy_b/field.npz"",""history.json"":""cells/same_coco000000000034_s0_terminal_legacy_b/history.json"",""measurements.json"":""cells/same_coco000000000034_s0_terminal_legacy_b/measurements.json"",""measurements.npz"":""cells/same_coco000000000034_s0_terminal_legacy_b/measurements.npz"",""parity.json"":""cells/same_coco000000000034_s0_terminal_legacy_b/parity.json"",""reconstruction.npy"":""cells/same_coco000000000034_s0_terminal_legacy_b/reconstruction.npy"",""reconstruction.png"":""cells/same_coco000000000034_s0_terminal_legacy_b/reconstruction.png"",""target.npy"":""cells/same_coco000000000034_s0_terminal_legacy_b/target.npy"",""target.png"":""cells/same_coco000000000034_s0_terminal_legacy_b/target.png""}",,"[0.02157802599685965,0.021467683000082616,0.02150868500029901,0.021494909000466578,0.02152755999850342,0.021641952997015323,0.021483621996594593,0.02160836099938024,0.02148891699471278,0.021512364997761324]",0.002572968135635315,same_coco000000000034_s0_terminal_legacy_b,,,,,34,750,same,0.5885024070739746,0.07275094836950302,0.021510524999030167,legacy_b,0.8309580087661743,0.010603987801314808,2000,,,false,242615808,19.745307805451976,"{""boundary_hole_fraction"":0.0,""boundary_mse"":0.01060398854315281,""boundary_psnr_db"":19.745307501626527,""cvar99_mse"":0.13925319910049438,""finite"":true,""foreground_mse"":0.01060398854315281,""foreground_psnr_db"":19.745307501626527,""interior_hole_fraction"":0.012310432270169258,""n_gaussians"":2000,""outside_coverage_max"":0.0,""outside_max_abs"":0.0,""p99_mse"":0.09113837778568268}",0,750,0.47332772612571716,terminal,ok,true,0.21531208098167554,,10,2370805760
,"{""config.json"":""cells/same_coco000000000034_s0_terminal_coverage/config.json"",""curves.png"":""cells/same_coco000000000034_s0_terminal_coverage/curves.png"",""error.png"":""cells/same_coco000000000034_s0_terminal_coverage/error.png"",""field.npz"":""cells/same_coco000000000034_s0_terminal_coverage/field.npz"",""history.json"":""cells/same_coco000000000034_s0_terminal_coverage/history.json"",""measurements.json"":""cells/same_coco000000000034_s0_terminal_coverage/measurements.json"",""measurements.npz"":""cells/same_coco000000000034_s0_terminal_coverage/measurements.npz"",""parity.json"":""cells/same_coco000000000034_s0_terminal_coverage/parity.json"",""reconstruction.npy"":""cells/same_coco000000000034_s0_terminal_coverage/reconstruction.npy"",""reconstruction.png"":""cells/same_coco000000000034_s0_terminal_coverage/reconstruction.png"",""target.npy"":""cells/same_coco000000000034_s0_terminal_coverage/target.npy"",""target.png"":""cells/same_coco000000000034_s0_terminal_coverage/target.png""}",,"[0.0024198140017688274,0.002329555994947441,0.002353878997382708,0.002351039001950994,0.002369060995988548,0.002365767002629582,0.0023316969964071177,0.0023379649937851354,0.002361222999752499,0.0023427299965987913]",0.010554770979973661,same_coco000000000034_s0_terminal_coverage,,,,,34,750,same,0.5885035395622253,0.07275094836950302,0.002352458999666851,coverage,0.8309580683708191,0.010603987825350783,2000,,,true,23176704,19.745307795607857,"{""boundary_hole_fraction"":0.0,""boundary_mse"":0.01060398854315281,""boundary_psnr_db"":19.745307501626527,""cvar99_mse"":0.13925321400165558,""finite"":true,""foreground_mse"":0.01060398854315281,""foreground_psnr_db"":19.745307501626527,""interior_hole_fraction"":0.012310432270169258,""n_gaussians"":2000,""outside_coverage_max"":0.0,""outside_max_abs"":0.0,""p99_mse"":0.09113840758800507}",0,750,0.47332772612571716,terminal,ok,true,0.023562730981211644,,0,2370805760
,"{""config.json"":""cells/same_coco000000000034_s0_terminal_tail/config.json"",""curves.png"":""cells/same_coco000000000034_s0_terminal_tail/curves.png"",""error.png"":""cells/same_coco000000000034_s0_terminal_tail/error.png"",""field.npz"":""cells/same_coco000000000034_s0_terminal_tail/field.npz"",""history.json"":""cells/same_coco000000000034_s0_terminal_tail/history.json"",""measurements.json"":""cells/same_coco000000000034_s0_terminal_tail/measurements.json"",""measurements.npz"":""cells/same_coco000000000034_s0_terminal_tail/measurements.npz"",""parity.json"":""cells/same_coco000000000034_s0_terminal_tail/parity.json"",""reconstruction.npy"":""cells/same_coco000000000034_s0_terminal_tail/reconstruction.npy"",""reconstruction.png"":""cells/same_coco000000000034_s0_terminal_tail/reconstruction.png"",""target.npy"":""cells/same_coco000000000034_s0_terminal_tail/target.npy"",""target.png"":""cells/same_coco000000000034_s0_terminal_tail/target.png""}",,"[0.021495091998076532,0.021441627999593038,0.02141328300058376,0.021410408997326158,0.021457861999806482,0.021485181998286862,0.02153834699856816,0.02148381699953461,0.02152904000104172,0.021414355003798846]",0.0020795489418069073,same_coco000000000034_s0_terminal_tail,,,,,34,750,same,0.5885025858879089,0.07275094836950302,0.021470839499670547,tail,0.8309580087661743,0.010603987817036342,2000,,,true,242615808,19.7453077990131,"{""boundary_hole_fraction"":0.0,""boundary_mse"":0.01060398854315281,""boundary_psnr_db"":19.745307501626527,""cvar99_mse"":0.13925321400165558,""finite"":true,""foreground_mse"":0.01060398854315281,""foreground_psnr_db"":19.745307501626527,""interior_hole_fraction"":0.012310432270169258,""n_gaussians"":2000,""outside_coverage_max"":0.0,""outside_max_abs"":0.0,""p99_mse"":0.09113840758800507}",0,750,0.47332772612571716,terminal,ok,true,0.21466901499661617,,10,2370805760
,"{""config.json"":""cells/same_coco000000000034_s0_terminal_both/config.json"",""curves.png"":""cells/same_coco000000000034_s0_terminal_both/curves.png"",""error.png"":""cells/same_coco000000000034_s0_terminal_both/error.png"",""field.npz"":""cells/same_coco000000000034_s0_terminal_both/field.npz"",""history.json"":""cells/same_coco000000000034_s0_terminal_both/history.json"",""measurements.json"":""cells/same_coco000000000034_s0_terminal_both/measurements.json"",""measurements.npz"":""cells/same_coco000000000034_s0_terminal_both/measurements.npz"",""parity.json"":""cells/same_coco000000000034_s0_terminal_both/parity.json"",""reconstruction.npy"":""cells/same_coco000000000034_s0_terminal_both/reconstruction.npy"",""reconstruction.png"":""cells/same_coco000000000034_s0_terminal_both/reconstruction.png"",""target.npy"":""cells/same_coco000000000034_s0_terminal_both/target.npy"",""target.png"":""cells/same_coco000000000034_s0_terminal_both/target.png""}",,"[0.0022864129932713695,0.0022744080051779747,0.0023113099960028194,0.0023190420033643022,0.002261262998217717,0.0023508630038122647,0.0022993990060058422,0.0022994700048002414,0.002342386003874708,0.0022831640017102472]",0.011830284762340451,same_coco000000000034_s0_terminal_both,,,,,34,750,same,0.5885027647018433,0.07275094836950302,0.002299434505403042,both,0.8309580683708191,0.01060398783421355,2000,,,true,21194752,19.745307791978043,"{""boundary_hole_fraction"":0.0,""boundary_mse"":0.01060398854315281,""boundary_psnr_db"":19.745307501626527,""cvar99_mse"":0.13925321400165558,""finite"":true,""foreground_mse"":0.01060398854315281,""foreground_psnr_db"":19.745307501626527,""interior_hole_fraction"":0.012310432270169258,""n_gaussians"":2000,""outside_coverage_max"":0.0,""outside_max_abs"":0.0,""p99_mse"":0.09113838523626328}",0,750,0.47332772612571716,terminal,ok,true,0.023027718016237486,,0,2370805760
,"{""config.json"":""cells/same_coco000000000034_s1_initial_legacy_a/config.json"",""curves.png"":""cells/same_coco000000000034_s1_initial_legacy_a/curves.png"",""error.png"":""cells/same_coco000000000034_s1_initial_legacy_a/error.png"",""field.npz"":""cells/same_coco000000000034_s1_initial_legacy_a/field.npz"",""history.json"":""cells/same_coco000000000034_s1_initial_legacy_a/history.json"",""measurements.json"":""cells/same_coco000000000034_s1_initial_legacy_a/measurements.json"",""measurements.npz"":""cells/same_coco000000000034_s1_initial_legacy_a/measurements.npz"",""parity.json"":""cells/same_coco000000000034_s1_initial_legacy_a/parity.json"",""reconstruction.npy"":""cells/same_coco000000000034_s1_initial_legacy_a/reconstruction.npy"",""reconstruction.png"":""cells/same_coco000000000034_s1_initial_legacy_a/reconstruction.png"",""target.npy"":""cells/same_coco000000000034_s1_initial_legacy_a/target.npy"",""target.png"":""cells/same_coco000000000034_s1_initial_legacy_a/target.png""}",,"[0.02123895900149364,0.021167213999433443,0.021555564002483152,0.021147204999579117,0.021158073999686167,0.02136330400389852,0.02131697900040308,0.02117808800539933,0.021386912994785234,0.021090930997161195]",0.006394812783877621,same_coco000000000034_s1_initial_legacy_a,,,,,34,0,same,0.9128425121307373,0.13645844161510468,0.021208523503446486,legacy_a,0.42352041602134705,0.029994367121300942,2000,,,true,242612224,15.229602972079867,"{""boundary_hole_fraction"":0.0,""boundary_mse"":0.02999437041580677,""boundary_psnr_db"":15.22960249506176,""cvar99_mse"":0.25271254777908325,""finite"":true,""foreground_mse"":0.02999437041580677,""foreground_psnr_db"":15.22960249506176,""interior_hole_fraction"":0.0,""n_gaussians"":2000,""outside_coverage_max"":0.0,""outside_max_abs"":0.0,""p99_mse"":0.20153841376304626}",1,0,0.17405888438224792,initial,ok,true,0.21260323100432288,,10,2393182208
,"{""config.json"":""cells/same_coco000000000034_s1_initial_legacy_b/config.json"",""curves.png"":""cells/same_coco000000000034_s1_initial_legacy_b/curves.png"",""error.png"":""cells/same_coco000000000034_s1_initial_legacy_b/error.png"",""field.npz"":""cells/same_coco000000000034_s1_initial_legacy_b/field.npz"",""history.json"":""cells/same_coco000000000034_s1_initial_legacy_b/history.json"",""measurements.json"":""cells/same_coco000000000034_s1_initial_legacy_b/measurements.json"",""measurements.npz"":""cells/same_coco000000000034_s1_initial_legacy_b/measurements.npz"",""parity.json"":""cells/same_coco000000000034_s1_initial_legacy_b/parity.json"",""reconstruction.npy"":""cells/same_coco000000000034_s1_initial_legacy_b/reconstruction.npy"",""reconstruction.png"":""cells/same_coco000000000034_s1_initial_legacy_b/reconstruction.png"",""target.npy"":""cells/same_coco000000000034_s1_initial_legacy_b/target.npy"",""target.png"":""cells/same_coco000000000034_s1_initial_legacy_b/target.png""}",,"[0.021173055996769108,0.02116278399626026,0.021138158997928258,0.021221725997747853,0.021199629998591263,0.021155381000426132,0.021235122003417928,0.021449758001836017,0.021256280000670813,0.021119419994647615]",0.004228162451877677,same_coco000000000034_s1_initial_legacy_b,,,,,34,0,same,0.9128448963165283,0.13645844161510468,0.021186342997680185,legacy_b,0.42352041602134705,0.02999436714415865,2000,,,true,242612224,15.229602968770255,"{""boundary_hole_fraction"":0.0,""boundary_mse"":0.02999437041580677,""boundary_psnr_db"":15.22960249506176,""cvar99_mse"":0.25271254777908325,""finite"":true,""foreground_mse"":0.02999437041580677,""foreground_psnr_db"":15.22960249506176,""interior_hole_fraction"":0.0,""n_gaussians"":2000,""outside_coverage_max"":0.0,""outside_max_abs"":0.0,""p99_mse"":0.20153847336769104}",1,0,0.17405888438224792,initial,ok,true,0.21211131598829525,,10,2393182208
,"{""config.json"":""cells/same_coco000000000034_s1_initial_coverage/config.json"",""curves.png"":""cells/same_coco000000000034_s1_initial_coverage/curves.png"",""error.png"":""cells/same_coco000000000034_s1_initial_coverage/error.png"",""field.npz"":""cells/same_coco000000000034_s1_initial_coverage/field.npz"",""history.json"":""cells/same_coco000000000034_s1_initial_coverage/history.json"",""measurements.json"":""cells/same_coco000000000034_s1_initial_coverage/measurements.json"",""measurements.npz"":""cells/same_coco000000000034_s1_initial_coverage/measurements.npz"",""parity.json"":""cells/same_coco000000000034_s1_initial_coverage/parity.json"",""reconstruction.npy"":""cells/same_coco000000000034_s1_initial_coverage/reconstruction.npy"",""reconstruction.png"":""cells/same_coco000000000034_s1_initial_coverage/reconstruction.png"",""target.npy"":""cells/same_coco000000000034_s1_initial_coverage/target.npy"",""target.png"":""cells/same_coco000000000034_s1_initial_coverage/target.png""}",,"[0.0021712829984608106,0.0021089840010972694,0.0020977300009690225,0.0021137860021553934,0.0021598809980787337,0.0021163839992368594,0.00211276800109772,0.002107132997480221,0.0021032889999332838,0.0021148599989828654]",0.0109675074815938,same_coco000000000034_s1_initial_coverage,,,,,34,0,same,0.9128419756889343,0.13645844161510468,0.0021132770016265567,coverage,0.42352041602134705,0.029994367127152487,2000,,,true,23176704,15.229602971232612,"{""boundary_hole_fraction"":0.0,""boundary_mse"":0.02999437041580677,""boundary_psnr_db"":15.22960249506176,""cvar99_mse"":0.25271254777908325,""finite"":true,""foreground_mse"":0.02999437041580677,""foreground_psnr_db"":15.22960249506176,""interior_hole_fraction"":0.0,""n_gaussians"":2000,""outside_coverage_max"":0.0,""outside_max_abs"":0.0,""p99_mse"":0.20153841376304626}",1,0,0.17405889928340912,initial,ok,true,0.02120609799749218,,0,2393182208
,"{""config.json"":""cells/same_coco000000000034_s1_initial_tail/config.json"",""curves.png"":""cells/same_coco000000000034_s1_initial_tail/curves.png"",""error.png"":""cells/same_coco000000000034_s1_initial_tail/error.png"",""field.npz"":""cells/same_coco000000000034_s1_initial_tail/field.npz"",""history.json"":""cells/same_coco000000000034_s1_initial_tail/history.json"",""measurements.json"":""cells/same_coco000000000034_s1_initial_tail/measurements.json"",""measurements.npz"":""cells/same_coco000000000034_s1_initial_tail/measurements.npz"",""parity.json"":""cells/same_coco000000000034_s1_initial_tail/parity.json"",""reconstruction.npy"":""cells/same_coco000000000034_s1_initial_tail/reconstruction.npy"",""reconstruction.png"":""cells/same_coco000000000034_s1_initial_tail/reconstruction.png"",""target.npy"":""cells/same_coco000000000034_s1_initial_tail/target.npy"",""target.png"":""cells/same_coco000000000034_s1_initial_tail/target.png""}",,"[0.02113407599972561,0.021113376998982858,0.02136085100210039,0.021147582003322896,0.02112114599731285,0.021111474998178892,0.02120039599685697,0.02119885999854887,0.02125425099802669,0.021149154999875464]",0.003523667813050159,same_coco000000000034_s1_initial_tail,,,,,34,0,same,0.9128427505493164,0.13645844161510468,0.02114836850159918,tail,0.42352038621902466,0.02999436718631772,2000,,,true,242612224,15.229602962665957,"{""boundary_hole_fraction"":0.0,""boundary_mse"":0.02999437041580677,""boundary_psnr_db"":15.22960249506176,""cvar99_mse"":0.25271254777908325,""finite"":true,""foreground_mse"":0.02999437041580677,""foreground_psnr_db"":15.22960249506176,""interior_hole_fraction"":0.0,""n_gaussians"":2000,""outside_coverage_max"":0.0,""outside_max_abs"":0.0,""p99_mse"":0.20153847336769104}",1,0,0.17405888438224792,initial,ok,true,0.2117911689929315,,10,2393182208
,"{""config.json"":""cells/same_coco000000000034_s1_initial_both/config.json"",""curves.png"":""cells/same_coco000000000034_s1_initial_both/curves.png"",""error.png"":""cells/same_coco000000000034_s1_initial_both/error.png"",""field.npz"":""cells/same_coco000000000034_s1_initial_both/field.npz"",""history.json"":""cells/same_coco000000000034_s1_initial_both/history.json"",""measurements.json"":""cells/same_coco000000000034_s1_initial_both/measurements.json"",""measurements.npz"":""cells/same_coco000000000034_s1_initial_both/measurements.npz"",""parity.json"":""cells/same_coco000000000034_s1_initial_both/parity.json"",""reconstruction.npy"":""cells/same_coco000000000034_s1_initial_both/reconstruction.npy"",""reconstruction.png"":""cells/same_coco000000000034_s1_initial_both/reconstruction.png"",""target.npy"":""cells/same_coco000000000034_s1_initial_both/target.npy"",""target.png"":""cells/same_coco000000000034_s1_initial_both/target.png""}",,"[0.002075021002383437,0.0020650880032917485,0.002079608995700255,0.002089973997499328,0.0020551909983623773,0.002065679000224918,0.0020788129986613058,0.0020811710055568255,0.0020773279975401238,0.00208061500597978]",0.004603511763275379,same_coco000000000034_s1_initial_both,,,,,34,0,same,0.9128407835960388,0.13645844161510468,0.0020780704981007148,both,0.42352041602134705,0.029994367152494934,2000,,,true,21194752,15.229602967563228,"{""boundary_hole_fraction"":0.0,""boundary_mse"":0.02999437041580677,""boundary_psnr_db"":15.22960249506176,""cvar99_mse"":0.25271254777908325,""finite"":true,""foreground_mse"":0.02999437041580677,""foreground_psnr_db"":15.22960249506176,""interior_hole_fraction"":0.0,""n_gaussians"":2000,""outside_coverage_max"":0.0,""outside_max_abs"":0.0,""p99_mse"":0.20153841376304626}",1,0,0.17405888438224792,initial,ok,true,0.0207484890052001,,0,2393182208
,"{""config.json"":""cells/same_coco000000000034_s1_terminal_legacy_a/config.json"",""curves.png"":""cells/same_coco000000000034_s1_terminal_legacy_a/curves.png"",""error.png"":""cells/same_coco000000000034_s1_terminal_legacy_a/error.png"",""field.npz"":""cells/same_coco000000000034_s1_terminal_legacy_a/field.npz"",""history.json"":""cells/same_coco000000000034_s1_terminal_legacy_a/history.json"",""measurements.json"":""cells/same_coco000000000034_s1_terminal_legacy_a/measurements.json"",""measurements.npz"":""cells/same_coco000000000034_s1_terminal_legacy_a/measurements.npz"",""parity.json"":""cells/same_coco000000000034_s1_terminal_legacy_a/parity.json"",""reconstruction.npy"":""cells/same_coco000000000034_s1_terminal_legacy_a/reconstruction.npy"",""reconstruction.png"":""cells/same_coco000000000034_s1_terminal_legacy_a/reconstruction.png"",""target.npy"":""cells/same_coco000000000034_s1_terminal_legacy_a/target.npy"",""target.png"":""cells/same_coco000000000034_s1_terminal_legacy_a/target.png""}",,"[0.022723210000549443,0.02263589000358479,0.022403151000617072,0.025636788006522693,0.023732953995931894,0.02277863099880051,0.022612473003391642,0.022655610999208875,0.02267330600443529,0.022602715995162725]",0.040280182928186324,same_coco000000000034_s1_terminal_legacy_a,,,,,34,750,same,0.6012079119682312,0.07258045673370361,0.022664458501822082,legacy_a,0.8318191766738892,0.010456177888976967,2000,,,true,242607616,19.80627036794774,"{""boundary_hole_fraction"":0.0,""boundary_mse"":0.010456178337335587,""boundary_psnr_db"":19.806270181723217,""cvar99_mse"":0.12746718525886536,""finite"":true,""foreground_mse"":0.010456178337335587,""foreground_psnr_db"":19.806270181723217,""interior_hole_fraction"":0.006255744490772486,""n_gaussians"":2000,""outside_coverage_max"":0.0,""outside_max_abs"":0.0,""p99_mse"":0.08903349936008453}",1,750,0.4744020402431488,terminal,ok,true,0.23045473000820493,,10,2393182208
,"{""config.json"":""cells/same_coco000000000034_s1_terminal_legacy_b/config.json"",""curves.png"":""cells/same_coco000000000034_s1_terminal_legacy_b/curves.png"",""error.png"":""cells/same_coco000000000034_s1_terminal_legacy_b/error.png"",""field.npz"":""cells/same_coco000000000034_s1_terminal_legacy_b/field.npz"",""history.json"":""cells/same_coco000000000034_s1_terminal_legacy_b/history.json"",""measurements.json"":""cells/same_coco000000000034_s1_terminal_legacy_b/measurements.json"",""measurements.npz"":""cells/same_coco000000000034_s1_terminal_legacy_b/measurements.npz"",""parity.json"":""cells/same_coco000000000034_s1_terminal_legacy_b/parity.json"",""reconstruction.npy"":""cells/same_coco000000000034_s1_terminal_legacy_b/reconstruction.npy"",""reconstruction.png"":""cells/same_coco000000000034_s1_terminal_legacy_b/reconstruction.png"",""target.npy"":""cells/same_coco000000000034_s1_terminal_legacy_b/target.npy"",""target.png"":""cells/same_coco000000000034_s1_terminal_legacy_b/target.png""}",,"[0.022753031997126527,0.0223669789993437,0.02245357799984049,0.02483565700094914,0.02501382999616908,0.022530608002853114,0.02250049899885198,0.02256404800573364,0.022587175997614395,0.02256587600277271]",0.041674728794152065,same_coco000000000034_s1_terminal_legacy_b,,,,,34,750,same,0.6012061834335327,0.07258045673370361,0.022564962004253175,legacy_b,0.8318191766738892,0.010456177891429427,2000,,,false,242607616,19.806270366929116,"{""boundary_hole_fraction"":0.0,""boundary_mse"":0.010456178337335587,""boundary_psnr_db"":19.806270181723217,""cvar99_mse"":0.12746720016002655,""finite"":true,""foreground_mse"":0.010456178337335587,""foreground_psnr_db"":19.806270181723217,""interior_hole_fraction"":0.006255744490772486,""n_gaussians"":2000,""outside_coverage_max"":0.0,""outside_max_abs"":0.0,""p99_mse"":0.08903349936008453}",1,750,0.4744020700454712,terminal,ok,true,0.23017128300125478,,10,2393182208
,"{""config.json"":""cells/same_coco000000000034_s1_terminal_coverage/config.json"",""curves.png"":""cells/same_coco000000000034_s1_terminal_coverage/curves.png"",""error.png"":""cells/same_coco000000000034_s1_terminal_coverage/error.png"",""field.npz"":""cells/same_coco000000000034_s1_terminal_coverage/field.npz"",""history.json"":""cells/same_coco000000000034_s1_terminal_coverage/history.json"",""measurements.json"":""cells/same_coco000000000034_s1_terminal_coverage/measurements.json"",""measurements.npz"":""cells/same_coco000000000034_s1_terminal_coverage/measurements.npz"",""parity.json"":""cells/same_coco000000000034_s1_terminal_coverage/parity.json"",""reconstruction.npy"":""cells/same_coco000000000034_s1_terminal_coverage/reconstruction.npy"",""reconstruction.png"":""cells/same_coco000000000034_s1_terminal_coverage/reconstruction.png"",""target.npy"":""cells/same_coco000000000034_s1_terminal_coverage/target.npy"",""target.png"":""cells/same_coco000000000034_s1_terminal_coverage/target.png""}",,"[0.0022911590058356524,0.002412030997220427,0.0023100719990907237,0.002449677005643025,0.002460628005792387,0.0023495599962188862,0.0023195290050352924,0.002402328005700838,0.0022885680009494536,0.002355927004828118]",0.02559501408702735,same_coco000000000034_s1_terminal_coverage,,,,,34,750,same,0.6012079119682312,0.07258045673370361,0.002352743500523502,coverage,0.8318192362785339,0.010456177889371676,2000,,,false,23176704,19.806270367783796,"{""boundary_hole_fraction"":0.0,""boundary_mse"":0.010456178337335587,""boundary_psnr_db"":19.806270181723217,""cvar99_mse"":0.12746718525886536,""finite"":true,""foreground_mse"":0.010456178337335587,""foreground_psnr_db"":19.806270181723217,""interior_hole_fraction"":0.006255744490772486,""n_gaussians"":2000,""outside_coverage_max"":0.0,""outside_max_abs"":0.0,""p99_mse"":0.08903348445892334}",1,750,0.4744020700454712,terminal,ok,true,0.023639479026314802,,0,2393182208
,"{""config.json"":""cells/same_coco000000000034_s1_terminal_tail/config.json"",""curves.png"":""cells/same_coco000000000034_s1_terminal_tail/curves.png"",""error.png"":""cells/same_coco000000000034_s1_terminal_tail/error.png"",""field.npz"":""cells/same_coco000000000034_s1_terminal_tail/field.npz"",""history.json"":""cells/same_coco000000000034_s1_terminal_tail/history.json"",""measurements.json"":""cells/same_coco000000000034_s1_terminal_tail/measurements.json"",""measurements.npz"":""cells/same_coco000000000034_s1_terminal_tail/measurements.npz"",""parity.json"":""cells/same_coco000000000034_s1_terminal_tail/parity.json"",""reconstruction.npy"":""cells/same_coco000000000034_s1_terminal_tail/reconstruction.npy"",""reconstruction.png"":""cells/same_coco000000000034_s1_terminal_tail/reconstruction.png"",""target.npy"":""cells/same_coco000000000034_s1_terminal_tail/target.npy"",""target.png"":""cells/same_coco000000000034_s1_terminal_tail/target.png""}",,"[0.022556347998033743,0.022393432001990732,0.022502123996673618,0.022570524000911973,0.023836473999836016,0.022995119004917797,0.02244190700002946,0.022447136005212087,0.022650831000646576,0.022584003003430553]",0.01814161760497577,same_coco000000000034_s1_terminal_tail,,,,,34,750,same,0.6012076735496521,0.07258045673370361,0.02256343599947286,tail,0.8318192362785339,0.010456177888704428,2000,,,false,242607616,19.806270368060936,"{""boundary_hole_fraction"":0.0,""boundary_mse"":0.010456178337335587,""boundary_psnr_db"":19.806270181723217,""cvar99_mse"":0.12746718525886536,""finite"":true,""foreground_mse"":0.010456178337335587,""foreground_psnr_db"":19.806270181723217,""interior_hole_fraction"":0.006255744490772486,""n_gaussians"":2000,""outside_coverage_max"":0.0,""outside_max_abs"":0.0,""p99_mse"":0.08903348445892334}",1,750,0.4744020700454712,terminal,ok,true,0.22697789801168256,,10,2393182208
,"{""config.json"":""cells/same_coco000000000034_s1_terminal_both/config.json"",""curves.png"":""cells/same_coco000000000034_s1_terminal_both/curves.png"",""error.png"":""cells/same_coco000000000034_s1_terminal_both/error.png"",""field.npz"":""cells/same_coco000000000034_s1_terminal_both/field.npz"",""history.json"":""cells/same_coco000000000034_s1_terminal_both/history.json"",""measurements.json"":""cells/same_coco000000000034_s1_terminal_both/measurements.json"",""measurements.npz"":""cells/same_coco000000000034_s1_terminal_both/measurements.npz"",""parity.json"":""cells/same_coco000000000034_s1_terminal_both/parity.json"",""reconstruction.npy"":""cells/same_coco000000000034_s1_terminal_both/reconstruction.npy"",""reconstruction.png"":""cells/same_coco000000000034_s1_terminal_both/reconstruction.png"",""target.npy"":""cells/same_coco000000000034_s1_terminal_both/target.npy"",""target.png"":""cells/same_coco000000000034_s1_terminal_both/target.png""}",,"[0.002406071995210368,0.0023052670003380626,0.0022871570035931654,0.002350139999180101,0.0022989110002527013,0.003004029000294395,0.002278704007039778,0.0023154969967436045,0.002308609000465367,0.0023707430009380914]",0.08665226537660216,same_coco000000000034_s1_terminal_both,,,,,34,750,same,0.6012070775032043,0.07258045673370361,0.0023120529986044858,both,0.8318191766738892,0.010456177889795418,2000,,,false,21194752,19.806270367607798,"{""boundary_hole_fraction"":0.0,""boundary_mse"":0.010456178337335587,""boundary_psnr_db"":19.806270181723217,""cvar99_mse"":0.12746720016002655,""finite"":true,""foreground_mse"":0.010456178337335587,""foreground_psnr_db"":19.806270181723217,""interior_hole_fraction"":0.006255744490772486,""n_gaussians"":2000,""outside_coverage_max"":0.0,""outside_max_abs"":0.0,""p99_mse"":0.08903346210718155}",1,750,0.4744020402431488,terminal,ok,true,0.023925129004055634,,0,2393182208
296,"{""checkpoint_0000.png"":""cells/pipeline_coco000000000009_s0_legacy_a/checkpoint_0000.png"",""checkpoint_0020.png"":""cells/pipeline_coco000000000009_s0_legacy_a/checkpoint_0020.png"",""config.json"":""cells/pipeline_coco000000000009_s0_legacy_a/config.json"",""curves.png"":""cells/pipeline_coco000000000009_s0_legacy_a/curves.png"",""error.png"":""cells/pipeline_coco000000000009_s0_legacy_a/error.png"",""field.npz"":""cells/pipeline_coco000000000009_s0_legacy_a/field.npz"",""history.json"":""cells/pipeline_coco000000000009_s0_legacy_a/history.json"",""mask.npy"":""cells/pipeline_coco000000000009_s0_legacy_a/mask.npy"",""reconstruction.npy"":""cells/pipeline_coco000000000009_s0_legacy_a/reconstruction.npy"",""reconstruction.png"":""cells/pipeline_coco000000000009_s0_legacy_a/reconstruction.png"",""reference_denominator.npy"":""cells/pipeline_coco000000000009_s0_legacy_a/reference_denominator.npy"",""reference_reconstruction.npy"":""cells/pipeline_coco000000000009_s0_legacy_a/reference_reconstruction.npy"",""target.npy"":""cells/pipeline_coco000000000009_s0_legacy_a/target.npy"",""target.png"":""cells/pipeline_coco000000000009_s0_legacy_a/target.png"",""trajectory.json"":""cells/pipeline_coco000000000009_s0_legacy_a/trajectory.json""}",/home/alex/Documents/structsplat/results/code-driven-2026-09-05/port007-v1,,,pipeline_coco000000000009_s0_legacy_a,21,142.37397870900895,2.980232238769531e-07,pipeline_coco000000000009_s0_legacy_a,9,1580,pipeline,0.30795764923095703,0.050284892320632935,,legacy_a,0.8549913763999939,0.0056230539344265,1000,142.3751582459954,0.0020923339907312766,,243896832,22.500277508652232,"{""boundary_hole_fraction"":0.0,""boundary_mse"":0.005623054690659046,""boundary_psnr_db"":22.500276924578873,""cvar99_mse"":0.0753166675567627,""finite"":true,""foreground_mse"":0.005623054690659046,""foreground_psnr_db"":22.500276924578873,""interior_hole_fraction"":0.00012715658522211015,""n_gaussians"":1000,""outside_coverage_max"":0.0,""outside_max_abs"":0.0,""p99_mse"":0.054322317242622375}",0,1580,0.6647583842277527,,ok,true,142.37607104299968,2c14219c198971f01f431d9172f31e2bf0006094aa3c2b6851bf4ab89f9e7f33,,2276888576
296,"{""checkpoint_0000.png"":""cells/pipeline_coco000000000009_s0_legacy_b/checkpoint_0000.png"",""checkpoint_0020.png"":""cells/pipeline_coco000000000009_s0_legacy_b/checkpoint_0020.png"",""config.json"":""cells/pipeline_coco000000000009_s0_legacy_b/config.json"",""curves.png"":""cells/pipeline_coco000000000009_s0_legacy_b/curves.png"",""error.png"":""cells/pipeline_coco000000000009_s0_legacy_b/error.png"",""field.npz"":""cells/pipeline_coco000000000009_s0_legacy_b/field.npz"",""history.json"":""cells/pipeline_coco000000000009_s0_legacy_b/history.json"",""mask.npy"":""cells/pipeline_coco000000000009_s0_legacy_b/mask.npy"",""reconstruction.npy"":""cells/pipeline_coco000000000009_s0_legacy_b/reconstruction.npy"",""reconstruction.png"":""cells/pipeline_coco000000000009_s0_legacy_b/reconstruction.png"",""reference_denominator.npy"":""cells/pipeline_coco000000000009_s0_legacy_b/reference_denominator.npy"",""reference_reconstruction.npy"":""cells/pipeline_coco000000000009_s0_legacy_b/reference_reconstruction.npy"",""target.npy"":""cells/pipeline_coco000000000009_s0_legacy_b/target.npy"",""target.png"":""cells/pipeline_coco000000000009_s0_legacy_b/target.png"",""trajectory.json"":""cells/pipeline_coco000000000009_s0_legacy_b/trajectory.json""}",/home/alex/Documents/structsplat/results/code-driven-2026-09-05/port007-v1,,,pipeline_coco000000000009_s0_legacy_b,21,149.0307598939835,3.5762786865234375e-07,pipeline_coco000000000009_s0_legacy_b,9,1580,pipeline,0.305618554353714,0.05001048371195793,,legacy_b,0.8563840389251709,0.005570850979998072,1000,149.03112771199812,0.002192204017774202,,243896832,22.540784587421605,"{""boundary_hole_fraction"":0.0,""boundary_mse"":0.005570851266384125,""boundary_psnr_db"":22.540784364159702,""cvar99_mse"":0.07510913908481598,""finite"":true,""foreground_mse"":0.005570851266384125,""foreground_psnr_db"":22.540784364159702,""interior_hole_fraction"":9.663899982115254e-05,""n_gaussians"":1000,""outside_coverage_max"":0.0,""outside_max_abs"":0.0,""p99_mse"":0.053681328892707825}",0,1580,0.6658176779747009,,ok,true,149.03295209800126,216cc8395475367595cf56d18798a26b67b7c43c735ef593641dd75545d513d7,,2294759424
296,"{""checkpoint_0000.png"":""cells/pipeline_coco000000000009_s0_coverage/checkpoint_0000.png"",""checkpoint_0020.png"":""cells/pipeline_coco000000000009_s0_coverage/checkpoint_0020.png"",""config.json"":""cells/pipeline_coco000000000009_s0_coverage/config.json"",""curves.png"":""cells/pipeline_coco000000000009_s0_coverage/curves.png"",""error.png"":""cells/pipeline_coco000000000009_s0_coverage/error.png"",""field.npz"":""cells/pipeline_coco000000000009_s0_coverage/field.npz"",""history.json"":""cells/pipeline_coco000000000009_s0_coverage/history.json"",""mask.npy"":""cells/pipeline_coco000000000009_s0_coverage/mask.npy"",""reconstruction.npy"":""cells/pipeline_coco000000000009_s0_coverage/reconstruction.npy"",""reconstruction.png"":""cells/pipeline_coco000000000009_s0_coverage/reconstruction.png"",""reference_denominator.npy"":""cells/pipeline_coco000000000009_s0_coverage/reference_denominator.npy"",""reference_reconstruction.npy"":""cells/pipeline_coco000000000009_s0_coverage/reference_reconstruction.npy"",""target.npy"":""cells/pipeline_coco000000000009_s0_coverage/target.npy"",""target.png"":""cells/pipeline_coco000000000009_s0_coverage/target.png"",""trajectory.json"":""cells/pipeline_coco000000000009_s0_coverage/trajectory.json""}",/home/alex/Documents/structsplat/results/code-driven-2026-09-05/port007-v1,,,pipeline_coco000000000009_s0_coverage,21,146.6891692199788,2.980232238769531e-07,pipeline_coco000000000009_s0_coverage,9,1580,pipeline,0.304593563079834,0.04997118189930916,,coverage,0.8564773201942444,0.0055624679511729275,1000,146.68985028500174,0.0020842890153289773,,243896832,22.547324782436135,"{""boundary_hole_fraction"":0.0,""boundary_mse"":0.005562468431890011,""boundary_psnr_db"":22.547324407112143,""cvar99_mse"":0.07520906627178192,""finite"":true,""foreground_mse"":0.005562468431890011,""foreground_psnr_db"":22.547324407112143,""interior_hole_fraction"":0.0001220703125,""n_gaussians"":1000,""outside_coverage_max"":0.0,""outside_max_abs"":0.0,""p99_mse"":0.053928591310977936}",0,1580,0.6660522222518921,,ok,true,146.69125350899412,6a15a59999fe143dabe19e59a817cc12ff99bb8512b144f87c1324ce33483e68,,2290581504
456,"{""checkpoint_0000.png"":""cells/pipeline_coco000000000009_s0_tail/checkpoint_0000.png"",""checkpoint_0022.png"":""cells/pipeline_coco000000000009_s0_tail/checkpoint_0022.png"",""config.json"":""cells/pipeline_coco000000000009_s0_tail/config.json"",""curves.png"":""cells/pipeline_coco000000000009_s0_tail/curves.png"",""error.png"":""cells/pipeline_coco000000000009_s0_tail/error.png"",""field.npz"":""cells/pipeline_coco000000000009_s0_tail/field.npz"",""history.json"":""cells/pipeline_coco000000000009_s0_tail/history.json"",""mask.npy"":""cells/pipeline_coco000000000009_s0_tail/mask.npy"",""reconstruction.npy"":""cells/pipeline_coco000000000009_s0_tail/reconstruction.npy"",""reconstruction.png"":""cells/pipeline_coco000000000009_s0_tail/reconstruction.png"",""reference_denominator.npy"":""cells/pipeline_coco000000000009_s0_tail/reference_denominator.npy"",""reference_reconstruction.npy"":""cells/pipeline_coco000000000009_s0_tail/reference_reconstruction.npy"",""target.npy"":""cells/pipeline_coco000000000009_s0_tail/target.npy"",""target.png"":""cells/pipeline_coco000000000009_s0_tail/target.png"",""trajectory.json"":""cells/pipeline_coco000000000009_s0_tail/trajectory.json""}",/home/alex/Documents/structsplat/results/code-driven-2026-09-05/port007-v1,,,pipeline_coco000000000009_s0_tail,23,210.52079252601106,3.5762786865234375e-07,pipeline_coco000000000009_s0_tail,9,2309,pipeline,0.3073102831840515,0.05016319826245308,,tail,0.8561068773269653,0.005595497848122495,1000,210.52220906099683,0.0022903439894434996,,252615168,22.52161266941959,"{""boundary_hole_fraction"":0.0,""boundary_mse"":0.005595497786998749,""boundary_psnr_db"":22.521612716860776,""cvar99_mse"":0.07494223117828369,""finite"":true,""foreground_mse"":0.005595497786998749,""foreground_psnr_db"":22.521612716860776,""interior_hole_fraction"":9.1552734375e-05,""n_gaussians"":1000,""outside_coverage_max"":0.0,""outside_max_abs"":0.0,""p99_mse"":0.05385080724954605}",0,2309,0.6644700765609741,,ok,true,210.5230828700005,7856fd5eaa905f5c8f8de4ccb6604f3b9d3a63e1654cf04ed732553309175f82,,2417688576
296,"{""checkpoint_0000.png"":""cells/pipeline_coco000000000009_s0_both/checkpoint_0000.png"",""checkpoint_0020.png"":""cells/pipeline_coco000000000009_s0_both/checkpoint_0020.png"",""config.json"":""cells/pipeline_coco000000000009_s0_both/config.json"",""curves.png"":""cells/pipeline_coco000000000009_s0_both/curves.png"",""error.png"":""cells/pipeline_coco000000000009_s0_both/error.png"",""field.npz"":""cells/pipeline_coco000000000009_s0_both/field.npz"",""history.json"":""cells/pipeline_coco000000000009_s0_both/history.json"",""mask.npy"":""cells/pipeline_coco000000000009_s0_both/mask.npy"",""reconstruction.npy"":""cells/pipeline_coco000000000009_s0_both/reconstruction.npy"",""reconstruction.png"":""cells/pipeline_coco000000000009_s0_both/reconstruction.png"",""reference_denominator.npy"":""cells/pipeline_coco000000000009_s0_both/reference_denominator.npy"",""reference_reconstruction.npy"":""cells/pipeline_coco000000000009_s0_both/reference_reconstruction.npy"",""target.npy"":""cells/pipeline_coco000000000009_s0_both/target.npy"",""target.png"":""cells/pipeline_coco000000000009_s0_both/target.png"",""trajectory.json"":""cells/pipeline_coco000000000009_s0_both/trajectory.json""}",/home/alex/Documents/structsplat/results/code-driven-2026-09-05/port007-v1,,,pipeline_coco000000000009_s0_both,21,148.716728804,3.5762786865234375e-07,pipeline_coco000000000009_s0_both,9,1580,pipeline,0.30581778287887573,0.04997752979397774,,both,0.856767475605011,0.00556525969237676,1000,148.71770878999814,0.002115372000844218,,243896832,22.54514565321227,"{""boundary_hole_fraction"":0.0,""boundary_mse"":0.005565259605646133,""boundary_psnr_db"":22.545145720893984,""cvar99_mse"":0.0750725269317627,""finite"":true,""foreground_mse"":0.005565259605646133,""foreground_psnr_db"":22.545145720893984,""interior_hole_fraction"":0.0001220703125,""n_gaussians"":1000,""outside_coverage_max"":0.0,""outside_max_abs"":0.0,""p99_mse"":0.054154954850673676}",0,1580,0.6663252711296082,,ok,true,148.71884417600086,33f608ebd7d0acdb911b1d961a4a787bfff2a0e0b17c371f81dba613e2328259,,2279624704
456,"{""checkpoint_0000.png"":""cells/pipeline_coco000000000009_s1_legacy_b/checkpoint_0000.png"",""checkpoint_0022.png"":""cells/pipeline_coco000000000009_s1_legacy_b/checkpoint_0022.png"",""config.json"":""cells/pipeline_coco000000000009_s1_legacy_b/config.json"",""curves.png"":""cells/pipeline_coco000000000009_s1_legacy_b/curves.png"",""error.png"":""cells/pipeline_coco000000000009_s1_legacy_b/error.png"",""field.npz"":""cells/pipeline_coco000000000009_s1_legacy_b/field.npz"",""history.json"":""cells/pipeline_coco000000000009_s1_legacy_b/history.json"",""mask.npy"":""cells/pipeline_coco000000000009_s1_legacy_b/mask.npy"",""reconstruction.npy"":""cells/pipeline_coco000000000009_s1_legacy_b/reconstruction.npy"",""reconstruction.png"":""cells/pipeline_coco000000000009_s1_legacy_b/reconstruction.png"",""reference_denominator.npy"":""cells/pipeline_coco000000000009_s1_legacy_b/reference_denominator.npy"",""reference_reconstruction.npy"":""cells/pipeline_coco000000000009_s1_legacy_b/reference_reconstruction.npy"",""target.npy"":""cells/pipeline_coco000000000009_s1_legacy_b/target.npy"",""target.png"":""cells/pipeline_coco000000000009_s1_legacy_b/target.png"",""trajectory.json"":""cells/pipeline_coco000000000009_s1_legacy_b/trajectory.json""}",/home/alex/Documents/structsplat/results/code-driven-2026-09-05/port007-v1,,,pipeline_coco000000000009_s1_legacy_b,23,147.80975586901332,3.5762786865234375e-07,pipeline_coco000000000009_s1_legacy_b,9,1989,pipeline,0.3223504424095154,0.05008291080594063,,legacy_b,0.8513922095298767,0.005581139509141418,1000,147.81124510399968,0.0023705469866399653,,252460544,22.53277121491037,"{""boundary_hole_fraction"":0.0,""boundary_mse"":0.005581139586865902,""boundary_psnr_db"":22.532771154429327,""cvar99_mse"":0.07440406829118729,""finite"":true,""foreground_mse"":0.005581139586865902,""foreground_psnr_db"":22.532771154429327,""interior_hole_fraction"":0.0004119873046875,""n_gaussians"":1000,""outside_coverage_max"":0.0,""outside_max_abs"":0.0,""p99_mse"":0.053366079926490784}",1,1989,0.6559363603591919,,ok,true,147.81212641599996,b94863ec22a09cc8522e9ac43d131c5d7626fabd9ebe968370b028d6f81bd122,,2407059456
456,"{""checkpoint_0000.png"":""cells/pipeline_coco000000000009_s1_coverage/checkpoint_0000.png"",""checkpoint_0022.png"":""cells/pipeline_coco000000000009_s1_coverage/checkpoint_0022.png"",""config.json"":""cells/pipeline_coco000000000009_s1_coverage/config.json"",""curves.png"":""cells/pipeline_coco000000000009_s1_coverage/curves.png"",""error.png"":""cells/pipeline_coco000000000009_s1_coverage/error.png"",""field.npz"":""cells/pipeline_coco000000000009_s1_coverage/field.npz"",""history.json"":""cells/pipeline_coco000000000009_s1_coverage/history.json"",""mask.npy"":""cells/pipeline_coco000000000009_s1_coverage/mask.npy"",""reconstruction.npy"":""cells/pipeline_coco000000000009_s1_coverage/reconstruction.npy"",""reconstruction.png"":""cells/pipeline_coco000000000009_s1_coverage/reconstruction.png"",""reference_denominator.npy"":""cells/pipeline_coco000000000009_s1_coverage/reference_denominator.npy"",""reference_reconstruction.npy"":""cells/pipeline_coco000000000009_s1_coverage/reference_reconstruction.npy"",""target.npy"":""cells/pipeline_coco000000000009_s1_coverage/target.npy"",""target.png"":""cells/pipeline_coco000000000009_s1_coverage/target.png"",""trajectory.json"":""cells/pipeline_coco000000000009_s1_coverage/trajectory.json""}",/home/alex/Documents/structsplat/results/code-driven-2026-09-05/port007-v1,,,pipeline_coco000000000009_s1_coverage,23,163.66562054000678,3.5762786865234375e-07,pipeline_coco000000000009_s1_coverage,9,2149,pipeline,0.3204635679721832,0.050680629909038544,,coverage,0.8489912152290344,0.005687849934708723,1000,163.66707669199968,0.002333716991415713,,252483584,22.4505187032816,"{""boundary_hole_fraction"":0.0,""boundary_mse"":0.0056878505274653435,""boundary_psnr_db"":22.450518250683658,""cvar99_mse"":0.07404762506484985,""finite"":true,""foreground_mse"":0.0056878505274653435,""foreground_psnr_db"":22.450518250683658,""interior_hole_fraction"":0.0004526774282567203,""n_gaussians"":1000,""outside_coverage_max"":0.0,""outside_max_abs"":0.0,""p99_mse"":0.05364084616303444}",1,2149,0.653719961643219,,ok,true,163.6679542569982,b8416caa5e63ddd966bfae31e5bd6b527ae8a5aee09965841d1a5eba0dffea21,,2407112704
376,"{""checkpoint_0000.png"":""cells/pipeline_coco000000000009_s1_tail/checkpoint_0000.png"",""checkpoint_0022.png"":""cells/pipeline_coco000000000009_s1_tail/checkpoint_0022.png"",""config.json"":""cells/pipeline_coco000000000009_s1_tail/config.json"",""curves.png"":""cells/pipeline_coco000000000009_s1_tail/curves.png"",""error.png"":""cells/pipeline_coco000000000009_s1_tail/error.png"",""field.npz"":""cells/pipeline_coco000000000009_s1_tail/field.npz"",""history.json"":""cells/pipeline_coco000000000009_s1_tail/history.json"",""mask.npy"":""cells/pipeline_coco000000000009_s1_tail/mask.npy"",""reconstruction.npy"":""cells/pipeline_coco000000000009_s1_tail/reconstruction.npy"",""reconstruction.png"":""cells/pipeline_coco000000000009_s1_tail/reconstruction.png"",""reference_denominator.npy"":""cells/pipeline_coco000000000009_s1_tail/reference_denominator.npy"",""reference_reconstruction.npy"":""cells/pipeline_coco000000000009_s1_tail/reference_reconstruction.npy"",""target.npy"":""cells/pipeline_coco000000000009_s1_tail/target.npy"",""target.png"":""cells/pipeline_coco000000000009_s1_tail/target.png"",""trajectory.json"":""cells/pipeline_coco000000000009_s1_tail/trajectory.json""}",/home/alex/Documents/structsplat/results/code-driven-2026-09-05/port007-v1,,,pipeline_coco000000000009_s1_tail,23,152.79619155399996,3.5762786865234375e-07,pipeline_coco000000000009_s1_tail,9,1989,pipeline,0.32757100462913513,0.05140257626771927,,tail,0.8455880284309387,0.0058422897588524935,1000,152.79702484599693,0.002369663998251781,,252534784,22.334169072135435,"{""boundary_hole_fraction"":0.0,""boundary_mse"":0.005842289887368679,""boundary_psnr_db"":22.3341689766012,""cvar99_mse"":0.07496786117553711,""finite"":true,""foreground_mse"":0.005842289887368679,""foreground_psnr_db"":22.3341689766012,""interior_hole_fraction"":0.0003916422720067203,""n_gaussians"":1000,""outside_coverage_max"":0.0,""outside_max_abs"":0.0,""p99_mse"":0.0549250952899456}",1,1989,0.6501534581184387,,ok,true,152.7985612179982,3dd8610cf4e04339496ba0f44c976bc11981c8882432f4e181918ef6705ca8f5,,2402975744
376,"{""checkpoint_0000.png"":""cells/pipeline_coco000000000009_s1_both/checkpoint_0000.png"",""checkpoint_0022.png"":""cells/pipeline_coco000000000009_s1_both/checkpoint_0022.png"",""config.json"":""cells/pipeline_coco000000000009_s1_both/config.json"",""curves.png"":""cells/pipeline_coco000000000009_s1_both/curves.png"",""error.png"":""cells/pipeline_coco000000000009_s1_both/error.png"",""field.npz"":""cells/pipeline_coco000000000009_s1_both/field.npz"",""history.json"":""cells/pipeline_coco000000000009_s1_both/history.json"",""mask.npy"":""cells/pipeline_coco000000000009_s1_both/mask.npy"",""reconstruction.npy"":""cells/pipeline_coco000000000009_s1_both/reconstruction.npy"",""reconstruction.png"":""cells/pipeline_coco000000000009_s1_both/reconstruction.png"",""reference_denominator.npy"":""cells/pipeline_coco000000000009_s1_both/reference_denominator.npy"",""reference_reconstruction.npy"":""cells/pipeline_coco000000000009_s1_both/reference_reconstruction.npy"",""target.npy"":""cells/pipeline_coco000000000009_s1_both/target.npy"",""target.png"":""cells/pipeline_coco000000000009_s1_both/target.png"",""trajectory.json"":""cells/pipeline_coco000000000009_s1_both/trajectory.json""}",/home/alex/Documents/structsplat/results/code-driven-2026-09-05/port007-v1,,,pipeline_coco000000000009_s1_both,23,153.82890657700045,3.5762786865234375e-07,pipeline_coco000000000009_s1_both,9,2069,pipeline,0.3234992027282715,0.051041025668382645,,both,0.8486448526382446,0.005733605562356243,1000,153.82969938700262,0.0022935960005270317,,252535296,22.41572187215185,"{""boundary_hole_fraction"":0.0,""boundary_mse"":0.005733606405556202,""boundary_psnr_db"":22.41572123346637,""cvar99_mse"":0.07331671565771103,""finite"":true,""foreground_mse"":0.005733606405556202,""foreground_psnr_db"":22.41572123346637,""interior_hole_fraction"":0.0005035400390625,""n_gaussians"":1000,""outside_coverage_max"":0.0,""outside_max_abs"":0.0,""p99_mse"":0.05352775752544403}",1,2069,0.6528024673461914,,ok,true,153.83120017300098,90a44b3716d205b221df0ccc9155a3ebac3d89c324f06ca19cc376a7765593ce,,2418851840
456,"{""checkpoint_0000.png"":""cells/pipeline_coco000000000009_s1_legacy_a/checkpoint_0000.png"",""checkpoint_0022.png"":""cells/pipeline_coco000000000009_s1_legacy_a/checkpoint_0022.png"",""config.json"":""cells/pipeline_coco000000000009_s1_legacy_a/config.json"",""curves.png"":""cells/pipeline_coco000000000009_s1_legacy_a/curves.png"",""error.png"":""cells/pipeline_coco000000000009_s1_legacy_a/error.png"",""field.npz"":""cells/pipeline_coco000000000009_s1_legacy_a/field.npz"",""history.json"":""cells/pipeline_coco000000000009_s1_legacy_a/history.json"",""mask.npy"":""cells/pipeline_coco000000000009_s1_legacy_a/mask.npy"",""reconstruction.npy"":""cells/pipeline_coco000000000009_s1_legacy_a/reconstruction.npy"",""reconstruction.png"":""cells/pipeline_coco000000000009_s1_legacy_a/reconstruction.png"",""reference_denominator.npy"":""cells/pipeline_coco000000000009_s1_legacy_a/reference_denominator.npy"",""reference_reconstruction.npy"":""cells/pipeline_coco000000000009_s1_legacy_a/reference_reconstruction.npy"",""target.npy"":""cells/pipeline_coco000000000009_s1_legacy_a/target.npy"",""target.png"":""cells/pipeline_coco000000000009_s1_legacy_a/target.png"",""trajectory.json"":""cells/pipeline_coco000000000009_s1_legacy_a/trajectory.json""}",/home/alex/Documents/structsplat/results/code-driven-2026-09-05/port007-v1,,,pipeline_coco000000000009_s1_legacy_a,23,159.1910855829774,2.980232238769531e-07,pipeline_coco000000000009_s1_legacy_a,9,2229,pipeline,0.320320725440979,0.05093620717525482,,legacy_a,0.8483703136444092,0.00569582506727293,1000,159.19240196500323,0.0024397110246354714,,252531712,22.444433574127565,"{""boundary_hole_fraction"":0.0,""boundary_mse"":0.005695825442671776,""boundary_psnr_db"":22.444433287893983,""cvar99_mse"":0.07304126024246216,""finite"":true,""foreground_mse"":0.005695825442671776,""foreground_psnr_db"":22.444433287893983,""interior_hole_fraction"":0.0004221598501317203,""n_gaussians"":1000,""outside_coverage_max"":0.0,""outside_max_abs"":0.0,""p99_mse"":0.05298859626054764}",1,2229,0.6535031199455261,,ok,true,159.19352529400203,9a4b59971626933397b7be074b5ea10b705d9b55f36b4cf068c5d2069148d2a0,,2422206464
296,"{""checkpoint_0000.png"":""cells/pipeline_coco000000000009_s2_coverage/checkpoint_0000.png"",""checkpoint_0020.png"":""cells/pipeline_coco000000000009_s2_coverage/checkpoint_0020.png"",""config.json"":""cells/pipeline_coco000000000009_s2_coverage/config.json"",""curves.png"":""cells/pipeline_coco000000000009_s2_coverage/curves.png"",""error.png"":""cells/pipeline_coco000000000009_s2_coverage/error.png"",""field.npz"":""cells/pipeline_coco000000000009_s2_coverage/field.npz"",""history.json"":""cells/pipeline_coco000000000009_s2_coverage/history.json"",""mask.npy"":""cells/pipeline_coco000000000009_s2_coverage/mask.npy"",""reconstruction.npy"":""cells/pipeline_coco000000000009_s2_coverage/reconstruction.npy"",""reconstruction.png"":""cells/pipeline_coco000000000009_s2_coverage/reconstruction.png"",""reference_denominator.npy"":""cells/pipeline_coco000000000009_s2_coverage/reference_denominator.npy"",""reference_reconstruction.npy"":""cells/pipeline_coco000000000009_s2_coverage/reference_reconstruction.npy"",""target.npy"":""cells/pipeline_coco000000000009_s2_coverage/target.npy"",""target.png"":""cells/pipeline_coco000000000009_s2_coverage/target.png"",""trajectory.json"":""cells/pipeline_coco000000000009_s2_coverage/trajectory.json""}",/home/alex/Documents/structsplat/results/code-driven-2026-09-05/port007-v1,,,pipeline_coco000000000009_s2_coverage,21,151.87221905200568,2.980232238769531e-07,pipeline_coco000000000009_s2_coverage,9,1580,pipeline,0.3119935095310211,0.050509922206401825,,coverage,0.8500561118125916,0.0057648077855291975,1000,151.8727955649956,0.0021290759978001006,,243708416,22.39215168694639,"{""boundary_hole_fraction"":0.0,""boundary_mse"":0.005764808040112257,""boundary_psnr_db"":22.39215149515506,""cvar99_mse"":0.07591793686151505,""finite"":true,""foreground_mse"":0.005764808040112257,""foreground_psnr_db"":22.39215149515506,""interior_hole_fraction"":0.00015767416334711015,""n_gaussians"":1000,""outside_coverage_max"":0.0,""outside_max_abs"":0.0,""p99_mse"":0.055697377771139145}",2,1580,0.6580842137336731,,ok,true,151.87434812800348,8f50ff780adac84c468a2e69044849a2e4962544dd1eda2bf4bd8c88783ed5a6,,2277761024
296,"{""checkpoint_0000.png"":""cells/pipeline_coco000000000009_s2_tail/checkpoint_0000.png"",""checkpoint_0020.png"":""cells/pipeline_coco000000000009_s2_tail/checkpoint_0020.png"",""config.json"":""cells/pipeline_coco000000000009_s2_tail/config.json"",""curves.png"":""cells/pipeline_coco000000000009_s2_tail/curves.png"",""error.png"":""cells/pipeline_coco000000000009_s2_tail/error.png"",""field.npz"":""cells/pipeline_coco000000000009_s2_tail/field.npz"",""history.json"":""cells/pipeline_coco000000000009_s2_tail/history.json"",""mask.npy"":""cells/pipeline_coco000000000009_s2_tail/mask.npy"",""reconstruction.npy"":""cells/pipeline_coco000000000009_s2_tail/reconstruction.npy"",""reconstruction.png"":""cells/pipeline_coco000000000009_s2_tail/reconstruction.png"",""reference_denominator.npy"":""cells/pipeline_coco000000000009_s2_tail/reference_denominator.npy"",""reference_reconstruction.npy"":""cells/pipeline_coco000000000009_s2_tail/reference_reconstruction.npy"",""target.npy"":""cells/pipeline_coco000000000009_s2_tail/target.npy"",""target.png"":""cells/pipeline_coco000000000009_s2_tail/target.png"",""trajectory.json"":""cells/pipeline_coco000000000009_s2_tail/trajectory.json""}",/home/alex/Documents/structsplat/results/code-driven-2026-09-05/port007-v1,,,pipeline_coco000000000009_s2_tail,21,176.30135919100576,3.5762786865234375e-07,pipeline_coco000000000009_s2_tail,9,1580,pipeline,0.31610941886901855,0.05091170594096184,,tail,0.8471387028694153,0.0058543878920623875,1000,176.30251374899672,0.0020821459911530837,,243838976,22.32518506056417,"{""boundary_hole_fraction"":0.0,""boundary_mse"":0.005854388233274221,""boundary_psnr_db"":22.32518480744392,""cvar99_mse"":0.07774920016527176,""finite"":true,""foreground_mse"":0.005854388233274221,""foreground_psnr_db"":22.32518480744392,""interior_hole_fraction"":0.0006103515625,""n_gaussians"":1000,""outside_coverage_max"":0.0,""outside_max_abs"":0.0,""p99_mse"":0.057013317942619324}",2,1580,0.6545733213424683,,ok,true,176.3034413369969,0c32190144ed2249e8b6c30848851882bcec2d29f0c687377ce7eee4d2c1997d,,2295029760
296,"{""checkpoint_0000.png"":""cells/pipeline_coco000000000009_s2_both/checkpoint_0000.png"",""checkpoint_0020.png"":""cells/pipeline_coco000000000009_s2_both/checkpoint_0020.png"",""config.json"":""cells/pipeline_coco000000000009_s2_both/config.json"",""curves.png"":""cells/pipeline_coco000000000009_s2_both/curves.png"",""error.png"":""cells/pipeline_coco000000000009_s2_both/error.png"",""field.npz"":""cells/pipeline_coco000000000009_s2_both/field.npz"",""history.json"":""cells/pipeline_coco000000000009_s2_both/history.json"",""mask.npy"":""cells/pipeline_coco000000000009_s2_both/mask.npy"",""reconstruction.npy"":""cells/pipeline_coco000000000009_s2_both/reconstruction.npy"",""reconstruction.png"":""cells/pipeline_coco000000000009_s2_both/reconstruction.png"",""reference_denominator.npy"":""cells/pipeline_coco000000000009_s2_both/reference_denominator.npy"",""reference_reconstruction.npy"":""cells/pipeline_coco000000000009_s2_both/reference_reconstruction.npy"",""target.npy"":""cells/pipeline_coco000000000009_s2_both/target.npy"",""target.png"":""cells/pipeline_coco000000000009_s2_both/target.png"",""trajectory.json"":""cells/pipeline_coco000000000009_s2_both/trajectory.json""}",/home/alex/Documents/structsplat/results/code-driven-2026-09-05/port007-v1,,,pipeline_coco000000000009_s2_both,21,165.6629038739993,2.980232238769531e-07,pipeline_coco000000000009_s2_both,9,1580,pipeline,0.3123115599155426,0.05068415403366089,,both,0.8492251038551331,0.005805405474645896,1000,165.6637371110046,0.0020678009968833067,,243893248,22.361674418596902,"{""boundary_hole_fraction"":0.0,""boundary_mse"":0.005805405788123608,""boundary_psnr_db"":22.3616741840885,""cvar99_mse"":0.07665082812309265,""finite"":true,""foreground_mse"":0.005805405788123608,""foreground_psnr_db"":22.3616741840885,""interior_hole_fraction"":0.0003204345703125,""n_gaussians"":1000,""outside_coverage_max"":0.0,""outside_max_abs"":0.0,""p99_mse"":0.05612955987453461}",2,1580,0.657409131526947,,ok,true,165.6649716749962,3c385809ef45742e7af20171932d2059171790ba9c1e8de6fc64e2f7b84c9671,,2281357312
296,"{""checkpoint_0000.png"":""cells/pipeline_coco000000000009_s2_legacy_a/checkpoint_0000.png"",""checkpoint_0020.png"":""cells/pipeline_coco000000000009_s2_legacy_a/checkpoint_0020.png"",""config.json"":""cells/pipeline_coco000000000009_s2_legacy_a/config.json"",""curves.png"":""cells/pipeline_coco000000000009_s2_legacy_a/curves.png"",""error.png"":""cells/pipeline_coco000000000009_s2_legacy_a/error.png"",""field.npz"":""cells/pipeline_coco000000000009_s2_legacy_a/field.npz"",""history.json"":""cells/pipeline_coco000000000009_s2_legacy_a/history.json"",""mask.npy"":""cells/pipeline_coco000000000009_s2_legacy_a/mask.npy"",""reconstruction.npy"":""cells/pipeline_coco000000000009_s2_legacy_a/reconstruction.npy"",""reconstruction.png"":""cells/pipeline_coco000000000009_s2_legacy_a/reconstruction.png"",""reference_denominator.npy"":""cells/pipeline_coco000000000009_s2_legacy_a/reference_denominator.npy"",""reference_reconstruction.npy"":""cells/pipeline_coco000000000009_s2_legacy_a/reference_reconstruction.npy"",""target.npy"":""cells/pipeline_coco000000000009_s2_legacy_a/target.npy"",""target.png"":""cells/pipeline_coco000000000009_s2_legacy_a/target.png"",""trajectory.json"":""cells/pipeline_coco000000000009_s2_legacy_a/trajectory.json""}",/home/alex/Documents/structsplat/results/code-driven-2026-09-05/port007-v1,,,pipeline_coco000000000009_s2_legacy_a,21,183.56343698801356,3.5762786865234375e-07,pipeline_coco000000000009_s2_legacy_a,9,1580,pipeline,0.3134823739528656,0.050461284816265106,,legacy_a,0.8502464294433594,0.005756364326257297,1000,183.56463316800364,0.002144528982171323,,243720704,22.39851726918208,"{""boundary_hole_fraction"":0.0,""boundary_mse"":0.005756364669650793,""boundary_psnr_db"":22.39851701010554,""cvar99_mse"":0.0767989456653595,""finite"":true,""foreground_mse"":0.005756364669650793,""foreground_psnr_db"":22.39851701010554,""interior_hole_fraction"":0.00026448568678461015,""n_gaussians"":1000,""outside_coverage_max"":0.0,""outside_max_abs"":0.0,""p99_mse"":0.05638273060321808}",2,1580,0.6584118604660034,,ok,true,183.56558151699574,0e1666464898bb1c3f2b6773febad2c75f296321b9b0ea5479c9ca1fca98df30,,2280828928
296,"{""checkpoint_0000.png"":""cells/pipeline_coco000000000009_s2_legacy_b/checkpoint_0000.png"",""checkpoint_0020.png"":""cells/pipeline_coco000000000009_s2_legacy_b/checkpoint_0020.png"",""config.json"":""cells/pipeline_coco000000000009_s2_legacy_b/config.json"",""curves.png"":""cells/pipeline_coco000000000009_s2_legacy_b/curves.png"",""error.png"":""cells/pipeline_coco000000000009_s2_legacy_b/error.png"",""field.npz"":""cells/pipeline_coco000000000009_s2_legacy_b/field.npz"",""history.json"":""cells/pipeline_coco000000000009_s2_legacy_b/history.json"",""mask.npy"":""cells/pipeline_coco000000000009_s2_legacy_b/mask.npy"",""reconstruction.npy"":""cells/pipeline_coco000000000009_s2_legacy_b/reconstruction.npy"",""reconstruction.png"":""cells/pipeline_coco000000000009_s2_legacy_b/reconstruction.png"",""reference_denominator.npy"":""cells/pipeline_coco000000000009_s2_legacy_b/reference_denominator.npy"",""reference_reconstruction.npy"":""cells/pipeline_coco000000000009_s2_legacy_b/reference_reconstruction.npy"",""target.npy"":""cells/pipeline_coco000000000009_s2_legacy_b/target.npy"",""target.png"":""cells/pipeline_coco000000000009_s2_legacy_b/target.png"",""trajectory.json"":""cells/pipeline_coco000000000009_s2_legacy_b/trajectory.json""}",/home/alex/Documents/structsplat/results/code-driven-2026-09-05/port007-v1,,,pipeline_coco000000000009_s2_legacy_b,21,144.8606649630019,2.980232238769531e-07,pipeline_coco000000000009_s2_legacy_b,9,1580,pipeline,0.3126254975795746,0.05055819824337959,,legacy_b,0.8491497039794922,0.005812732701465823,1000,144.86172112200438,0.0020953639977960847,,243703296,22.356196476177537,"{""boundary_hole_fraction"":0.0,""boundary_mse"":0.005812733434140682,""boundary_psnr_db"":22.356195928764393,""cvar99_mse"":0.077798031270504,""finite"":true,""foreground_mse"":0.005812733434140682,""foreground_psnr_db"":22.356195928764393,""interior_hole_fraction"":0.00034077963209711015,""n_gaussians"":1000,""outside_coverage_max"":0.0,""outside_max_abs"":0.0,""p99_mse"":0.05706294625997543}",2,1580,0.6576865315437317,,ok,true,144.8627603269997,d7ff2f887ab09553623f1eabc6a0ab88d4f7e63420fcd36c70256e58d1f23dd1,,2280726528
277,"{""checkpoint_0000.png"":""cells/pipeline_coco000000000025_s0_tail/checkpoint_0000.png"",""checkpoint_0020.png"":""cells/pipeline_coco000000000025_s0_tail/checkpoint_0020.png"",""config.json"":""cells/pipeline_coco000000000025_s0_tail/config.json"",""curves.png"":""cells/pipeline_coco000000000025_s0_tail/curves.png"",""error.png"":""cells/pipeline_coco000000000025_s0_tail/error.png"",""field.npz"":""cells/pipeline_coco000000000025_s0_tail/field.npz"",""history.json"":""cells/pipeline_coco000000000025_s0_tail/history.json"",""mask.npy"":""cells/pipeline_coco000000000025_s0_tail/mask.npy"",""reconstruction.npy"":""cells/pipeline_coco000000000025_s0_tail/reconstruction.npy"",""reconstruction.png"":""cells/pipeline_coco000000000025_s0_tail/reconstruction.png"",""reference_denominator.npy"":""cells/pipeline_coco000000000025_s0_tail/reference_denominator.npy"",""reference_reconstruction.npy"":""cells/pipeline_coco000000000025_s0_tail/reference_reconstruction.npy"",""target.npy"":""cells/pipeline_coco000000000025_s0_tail/target.npy"",""target.png"":""cells/pipeline_coco000000000025_s0_tail/target.png"",""trajectory.json"":""cells/pipeline_coco000000000025_s0_tail/trajectory.json""}",/home/alex/Documents/structsplat/results/code-driven-2026-09-05/port007-v1,,,pipeline_coco000000000025_s0_tail,21,34.11113549199945,2.384185791015625e-07,pipeline_coco000000000025_s0_tail,25,1324,pipeline,0.4554808437824249,0.048844851553440094,,tail,0.8518648743629456,0.0078824997067767,1000,34.111947632998636,0.0022836839998490177,,123692544,21.033360367354987,"{""boundary_hole_fraction"":0.4109926223754883,""boundary_mse"":0.03331734612584114,""boundary_psnr_db"":14.773295993662408,""cvar99_mse"":0.17254336178302765,""finite"":true,""foreground_mse"":0.014223335310816765,""foreground_psnr_db"":18.469985514799838,""interior_hole_fraction"":0.013735008426010609,""n_gaussians"":1000,""outside_coverage_max"":0.0,""outside_max_abs"":0.0,""p99_mse"":0.11709548532962799}",0,1324,0.6153417825698853,,ok,true,34.1134191759993,7aba6fca4bfebf0410f132ed1b12e9bb6a8624740468d1b3df5edc65b17c525a,,2368974848
257,"{""checkpoint_0000.png"":""cells/pipeline_coco000000000025_s0_both/checkpoint_0000.png"",""checkpoint_0020.png"":""cells/pipeline_coco000000000025_s0_both/checkpoint_0020.png"",""config.json"":""cells/pipeline_coco000000000025_s0_both/config.json"",""curves.png"":""cells/pipeline_coco000000000025_s0_both/curves.png"",""error.png"":""cells/pipeline_coco000000000025_s0_both/error.png"",""field.npz"":""cells/pipeline_coco000000000025_s0_both/field.npz"",""history.json"":""cells/pipeline_coco000000000025_s0_both/history.json"",""mask.npy"":""cells/pipeline_coco000000000025_s0_both/mask.npy"",""reconstruction.npy"":""cells/pipeline_coco000000000025_s0_both/reconstruction.npy"",""reconstruction.png"":""cells/pipeline_coco000000000025_s0_both/reconstruction.png"",""reference_denominator.npy"":""cells/pipeline_coco000000000025_s0_both/reference_denominator.npy"",""reference_reconstruction.npy"":""cells/pipeline_coco000000000025_s0_both/reference_reconstruction.npy"",""target.npy"":""cells/pipeline_coco000000000025_s0_both/target.npy"",""target.png"":""cells/pipeline_coco000000000025_s0_both/target.png"",""trajectory.json"":""cells/pipeline_coco000000000025_s0_both/trajectory.json""}",/home/alex/Documents/structsplat/results/code-driven-2026-09-05/port007-v1,,,pipeline_coco000000000025_s0_both,21,39.479908228007844,2.980232238769531e-07,pipeline_coco000000000025_s0_both,25,1580,pipeline,0.4605632424354553,0.04988456889986992,,both,0.8436451554298401,0.008138125501816612,1000,39.479752160004864,0.002237556989712175,,121260544,20.894756169739907,"{""boundary_hole_fraction"":0.39335522055625916,""boundary_mse"":0.03244757279753685,""boundary_psnr_db"":14.888177845357646,""cvar99_mse"":0.1703331619501114,""finite"":true,""foreground_mse"":0.014684590511023998,""foreground_psnr_db"":18.33138159545146,""interior_hole_fraction"":0.0135935228317976,""n_gaussians"":1000,""outside_coverage_max"":0.0,""outside_max_abs"":0.0,""p99_mse"":0.12000240385532379}",0,1580,0.6076337695121765,,ok,true,39.482145784997556,7793244249290790c456d3f1bba9fa9173df0c1325216950c610b447fbf4bee0,,2357657600
277,"{""checkpoint_0000.png"":""cells/pipeline_coco000000000025_s0_legacy_a/checkpoint_0000.png"",""checkpoint_0022.png"":""cells/pipeline_coco000000000025_s0_legacy_a/checkpoint_0022.png"",""config.json"":""cells/pipeline_coco000000000025_s0_legacy_a/config.json"",""curves.png"":""cells/pipeline_coco000000000025_s0_legacy_a/curves.png"",""error.png"":""cells/pipeline_coco000000000025_s0_legacy_a/error.png"",""field.npz"":""cells/pipeline_coco000000000025_s0_legacy_a/field.npz"",""history.json"":""cells/pipeline_coco000000000025_s0_legacy_a/history.json"",""mask.npy"":""cells/pipeline_coco000000000025_s0_legacy_a/mask.npy"",""reconstruction.npy"":""cells/pipeline_coco000000000025_s0_legacy_a/reconstruction.npy"",""reconstruction.png"":""cells/pipeline_coco000000000025_s0_legacy_a/reconstruction.png"",""reference_denominator.npy"":""cells/pipeline_coco000000000025_s0_legacy_a/reference_denominator.npy"",""reference_reconstruction.npy"":""cells/pipeline_coco000000000025_s0_legacy_a/reference_reconstruction.npy"",""target.npy"":""cells/pipeline_coco000000000025_s0_legacy_a/target.npy"",""target.png"":""cells/pipeline_coco000000000025_s0_legacy_a/target.png"",""trajectory.json"":""cells/pipeline_coco000000000025_s0_legacy_a/trajectory.json""}",/home/alex/Documents/structsplat/results/code-driven-2026-09-05/port007-v1,,,pipeline_coco000000000025_s0_legacy_a,23,51.33815099600906,2.384185791015625e-07,pipeline_coco000000000025_s0_legacy_a,25,2149,pipeline,0.46993839740753174,0.050321660935878754,,legacy_a,0.8393500447273254,0.008313396154199317,1000,51.33867980099603,0.0025380739898537286,,117884416,20.80221523782548,"{""boundary_hole_fraction"":0.37510254979133606,""boundary_mse"":0.02902340516448021,""boundary_psnr_db"":15.372516354066285,""cvar99_mse"":0.17367981374263763,""finite"":true,""foreground_mse"":0.015000853687524796,""foreground_psnr_db"":18.2388402486222,""interior_hole_fraction"":0.013245249167084694,""n_gaussians"":1000,""outside_coverage_max"":0.0,""outside_max_abs"":0.0,""p99_mse"":0.12278009206056595}",0,2149,0.6002643704414368,,ok,true,51.340689069998916,73613ed50994b89296452613c8b81dbab44143bdb1bdf534ac7655c27330c147,,2375860224
211,"{""checkpoint_0000.png"":""cells/pipeline_coco000000000025_s0_legacy_b/checkpoint_0000.png"",""checkpoint_0020.png"":""cells/pipeline_coco000000000025_s0_legacy_b/checkpoint_0020.png"",""config.json"":""cells/pipeline_coco000000000025_s0_legacy_b/config.json"",""curves.png"":""cells/pipeline_coco000000000025_s0_legacy_b/curves.png"",""error.png"":""cells/pipeline_coco000000000025_s0_legacy_b/error.png"",""field.npz"":""cells/pipeline_coco000000000025_s0_legacy_b/field.npz"",""history.json"":""cells/pipeline_coco000000000025_s0_legacy_b/history.json"",""mask.npy"":""cells/pipeline_coco000000000025_s0_legacy_b/mask.npy"",""reconstruction.npy"":""cells/pipeline_coco000000000025_s0_legacy_b/reconstruction.npy"",""reconstruction.png"":""cells/pipeline_coco000000000025_s0_legacy_b/reconstruction.png"",""reference_denominator.npy"":""cells/pipeline_coco000000000025_s0_legacy_b/reference_denominator.npy"",""reference_reconstruction.npy"":""cells/pipeline_coco000000000025_s0_legacy_b/reference_reconstruction.npy"",""target.npy"":""cells/pipeline_coco000000000025_s0_legacy_b/target.npy"",""target.png"":""cells/pipeline_coco000000000025_s0_legacy_b/target.png"",""trajectory.json"":""cells/pipeline_coco000000000025_s0_legacy_b/trajectory.json""}",/home/alex/Documents/structsplat/results/code-driven-2026-09-05/port007-v1,,,pipeline_coco000000000025_s0_legacy_b,21,37.78211726999143,2.384185791015625e-07,pipeline_coco000000000025_s0_legacy_b,25,1580,pipeline,0.476080060005188,0.05140750855207443,,legacy_b,0.832490086555481,0.008622896761662375,1000,37.7824735969989,0.002272673009429127,,117281792,20.643468134944897,"{""boundary_hole_fraction"":0.38576701283454895,""boundary_mse"":0.03210442140698433,""boundary_psnr_db"":14.934351526286038,""cvar99_mse"":0.17836754024028778,""finite"":true,""foreground_mse"":0.015559321269392967,""foreground_psnr_db"":18.08009351779907,""interior_hole_fraction"":0.012189547531306744,""n_gaussians"":1000,""outside_coverage_max"":0.0,""outside_max_abs"":0.0,""p99_mse"":0.12524209916591644}",0,1580,0.5954619646072388,,ok,true,37.78438994300086,80bbd9399eb099da7210939394ee657a356e278c3e7c3cfcb6aa62ed7b362e7e,,2361831424
307,"{""checkpoint_0000.png"":""cells/pipeline_coco000000000025_s0_coverage/checkpoint_0000.png"",""checkpoint_0020.png"":""cells/pipeline_coco000000000025_s0_coverage/checkpoint_0020.png"",""config.json"":""cells/pipeline_coco000000000025_s0_coverage/config.json"",""curves.png"":""cells/pipeline_coco000000000025_s0_coverage/curves.png"",""error.png"":""cells/pipeline_coco000000000025_s0_coverage/error.png"",""field.npz"":""cells/pipeline_coco000000000025_s0_coverage/field.npz"",""history.json"":""cells/pipeline_coco000000000025_s0_coverage/history.json"",""mask.npy"":""cells/pipeline_coco000000000025_s0_coverage/mask.npy"",""reconstruction.npy"":""cells/pipeline_coco000000000025_s0_coverage/reconstruction.npy"",""reconstruction.png"":""cells/pipeline_coco000000000025_s0_coverage/reconstruction.png"",""reference_denominator.npy"":""cells/pipeline_coco000000000025_s0_coverage/reference_denominator.npy"",""reference_reconstruction.npy"":""cells/pipeline_coco000000000025_s0_coverage/reference_reconstruction.npy"",""target.npy"":""cells/pipeline_coco000000000025_s0_coverage/target.npy"",""target.png"":""cells/pipeline_coco000000000025_s0_coverage/target.png"",""trajectory.json"":""cells/pipeline_coco000000000025_s0_coverage/trajectory.json""}",/home/alex/Documents/structsplat/results/code-driven-2026-09-05/port007-v1,,,pipeline_coco000000000025_s0_coverage,21,39.36830510003347,2.980232238769531e-07,pipeline_coco000000000025_s0_coverage,25,1580,pipeline,0.46044638752937317,0.04957544431090355,,coverage,0.8450734615325928,0.008100602599925934,1000,39.36722348299372,0.0022766999682062306,,121210368,20.914826729623005,"{""boundary_hole_fraction"":0.39930272102355957,""boundary_mse"":0.03303247317671776,""boundary_psnr_db"":14.810589089973153,""cvar99_mse"":0.17440223693847656,""finite"":true,""foreground_mse"":0.014616885222494602,""foreground_psnr_db"":18.351451632743576,""interior_hole_fraction"":0.01178685761988163,""n_gaussians"":1000,""outside_coverage_max"":0.0,""outside_max_abs"":0.0,""p99_mse"":0.11981336772441864}",0,1580,0.6086869835853577,,ok,true,39.37058180000167,94a7ce78a6966c9abba845da2b97193ea89a17f34025a0189c7172e944bf7c71,,2363449344
175,"{""checkpoint_0000.png"":""cells/pipeline_coco000000000025_s1_both/checkpoint_0000.png"",""checkpoint_0020.png"":""cells/pipeline_coco000000000025_s1_both/checkpoint_0020.png"",""config.json"":""cells/pipeline_coco000000000025_s1_both/config.json"",""curves.png"":""cells/pipeline_coco000000000025_s1_both/curves.png"",""error.png"":""cells/pipeline_coco000000000025_s1_both/error.png"",""field.npz"":""cells/pipeline_coco000000000025_s1_both/field.npz"",""history.json"":""cells/pipeline_coco000000000025_s1_both/history.json"",""mask.npy"":""cells/pipeline_coco000000000025_s1_both/mask.npy"",""reconstruction.npy"":""cells/pipeline_coco000000000025_s1_both/reconstruction.npy"",""reconstruction.png"":""cells/pipeline_coco000000000025_s1_both/reconstruction.png"",""reference_denominator.npy"":""cells/pipeline_coco000000000025_s1_both/reference_denominator.npy"",""reference_reconstruction.npy"":""cells/pipeline_coco000000000025_s1_both/reference_reconstruction.npy"",""target.npy"":""cells/pipeline_coco000000000025_s1_both/target.npy"",""target.png"":""cells/pipeline_coco000000000025_s1_both/target.png"",""trajectory.json"":""cells/pipeline_coco000000000025_s1_both/trajectory.json""}",/home/alex/Documents/structsplat/results/code-driven-2026-09-05/port007-v1,,,pipeline_coco000000000025_s1_both,21,30.317711846000748,2.384185791015625e-07,pipeline_coco000000000025_s1_both,25,1500,pipeline,0.46910035610198975,0.05147838965058327,,both,0.8324041366577148,0.00859628737548805,1000,30.31655982600205,0.0022391620004782453,,109551104,20.65689074392491,"{""boundary_hole_fraction"":0.38576701283454895,""boundary_mse"":0.031014569103717804,""boundary_psnr_db"":15.084342482626,""cvar99_mse"":0.1730690449476242,""finite"":true,""foreground_mse"":0.015511306934058666,""foreground_psnr_db"":18.09351608354199,""interior_hole_fraction"":0.011623604223132133,""n_gaussians"":1000,""outside_coverage_max"":0.0,""outside_max_abs"":0.0,""p99_mse"":0.12240420281887054}",1,1500,0.5951917171478271,,ok,true,30.319951008001226,23d4eae4f6bc9a8917b1dabb20212fccefef41e5d995fa79c605cca43233c944,,2357194752
280,"{""checkpoint_0000.png"":""cells/pipeline_coco000000000025_s1_legacy_a/checkpoint_0000.png"",""checkpoint_0022.png"":""cells/pipeline_coco000000000025_s1_legacy_a/checkpoint_0022.png"",""config.json"":""cells/pipeline_coco000000000025_s1_legacy_a/config.json"",""curves.png"":""cells/pipeline_coco000000000025_s1_legacy_a/curves.png"",""error.png"":""cells/pipeline_coco000000000025_s1_legacy_a/error.png"",""field.npz"":""cells/pipeline_coco000000000025_s1_legacy_a/field.npz"",""history.json"":""cells/pipeline_coco000000000025_s1_legacy_a/history.json"",""mask.npy"":""cells/pipeline_coco000000000025_s1_legacy_a/mask.npy"",""reconstruction.npy"":""cells/pipeline_coco000000000025_s1_legacy_a/reconstruction.npy"",""reconstruction.png"":""cells/pipeline_coco000000000025_s1_legacy_a/reconstruction.png"",""reference_denominator.npy"":""cells/pipeline_coco000000000025_s1_legacy_a/reference_denominator.npy"",""reference_reconstruction.npy"":""cells/pipeline_coco000000000025_s1_legacy_a/reference_reconstruction.npy"",""target.npy"":""cells/pipeline_coco000000000025_s1_legacy_a/target.npy"",""target.png"":""cells/pipeline_coco000000000025_s1_legacy_a/target.png"",""trajectory.json"":""cells/pipeline_coco000000000025_s1_legacy_a/trajectory.json""}",/home/alex/Documents/structsplat/results/code-driven-2026-09-05/port007-v1,,,pipeline_coco000000000025_s1_legacy_a,23,34.85480793601164,2.384185791015625e-07,pipeline_coco000000000025_s1_legacy_a,25,1749,pipeline,0.4721020460128784,0.051412712782621384,,legacy_a,0.8323554992675781,0.008573804177320125,1000,34.85399051000422,0.0026168959884671494,,111292416,20.66826439845737,"{""boundary_hole_fraction"":0.3913043439388275,""boundary_mse"":0.030416129156947136,""boundary_psnr_db"":15.168960563166664,""cvar99_mse"":0.17335036396980286,""finite"":true,""foreground_mse"":0.015470737591385841,""foreground_psnr_db"":18.104889801446863,""interior_hole_fraction"":0.011471235193312168,""n_gaussians"":1000,""outside_coverage_max"":0.0,""outside_max_abs"":0.0,""p99_mse"":0.12203244119882584}",1,1749,0.5950479507446289,,ok,true,34.857424832000106,8c07a26f0777ad1426eb2eed19b2ced5f7b222bc33933020cf10480e14bde944,,2372956160
200,"{""checkpoint_0000.png"":""cells/pipeline_coco000000000025_s1_legacy_b/checkpoint_0000.png"",""checkpoint_0020.png"":""cells/pipeline_coco000000000025_s1_legacy_b/checkpoint_0020.png"",""config.json"":""cells/pipeline_coco000000000025_s1_legacy_b/config.json"",""curves.png"":""cells/pipeline_coco000000000025_s1_legacy_b/curves.png"",""error.png"":""cells/pipeline_coco000000000025_s1_legacy_b/error.png"",""field.npz"":""cells/pipeline_coco000000000025_s1_legacy_b/field.npz"",""history.json"":""cells/pipeline_coco000000000025_s1_legacy_b/history.json"",""mask.npy"":""cells/pipeline_coco000000000025_s1_legacy_b/mask.npy"",""reconstruction.npy"":""cells/pipeline_coco000000000025_s1_legacy_b/reconstruction.npy"",""reconstruction.png"":""cells/pipeline_coco000000000025_s1_legacy_b/reconstruction.png"",""reference_denominator.npy"":""cells/pipeline_coco000000000025_s1_legacy_b/reference_denominator.npy"",""reference_reconstruction.npy"":""cells/pipeline_coco000000000025_s1_legacy_b/reference_reconstruction.npy"",""target.npy"":""cells/pipeline_coco000000000025_s1_legacy_b/target.npy"",""target.png"":""cells/pipeline_coco000000000025_s1_legacy_b/target.png"",""trajectory.json"":""cells/pipeline_coco000000000025_s1_legacy_b/trajectory.json""}",/home/alex/Documents/structsplat/results/code-driven-2026-09-05/port007-v1,,,pipeline_coco000000000025_s1_legacy_b,21,31.683813202005695,2.384185791015625e-07,pipeline_coco000000000025_s1_legacy_b,25,1580,pipeline,0.4715713858604431,0.05138836428523064,,legacy_b,0.8330961465835571,0.008568488577846731,1000,31.684165062004467,0.002244896997581236,,111108096,20.670957778656,"{""boundary_hole_fraction"":0.40894174575805664,""boundary_mse"":0.03140658140182495,""boundary_psnr_db"":15.029793338696823,""cvar99_mse"":0.1737542450428009,""finite"":true,""foreground_mse"":0.015461145900189877,""foreground_psnr_db"":18.107583215634314,""interior_hole_fraction"":0.011460351757705212,""n_gaussians"":1000,""outside_coverage_max"":0.0,""outside_max_abs"":0.0,""p99_mse"":0.12248434126377106}",1,1580,0.5961755514144897,,ok,true,31.686058099003276,ee6f063242ca57621625177e6ac828f20ccd4c34b19159d20e68bba57b3bc468,,2377814016
175,"{""checkpoint_0000.png"":""cells/pipeline_coco000000000025_s1_coverage/checkpoint_0000.png"",""checkpoint_0020.png"":""cells/pipeline_coco000000000025_s1_coverage/checkpoint_0020.png"",""config.json"":""cells/pipeline_coco000000000025_s1_coverage/config.json"",""curves.png"":""cells/pipeline_coco000000000025_s1_coverage/curves.png"",""error.png"":""cells/pipeline_coco000000000025_s1_coverage/error.png"",""field.npz"":""cells/pipeline_coco000000000025_s1_coverage/field.npz"",""history.json"":""cells/pipeline_coco000000000025_s1_coverage/history.json"",""mask.npy"":""cells/pipeline_coco000000000025_s1_coverage/mask.npy"",""reconstruction.npy"":""cells/pipeline_coco000000000025_s1_coverage/reconstruction.npy"",""reconstruction.png"":""cells/pipeline_coco000000000025_s1_coverage/reconstruction.png"",""reference_denominator.npy"":""cells/pipeline_coco000000000025_s1_coverage/reference_denominator.npy"",""reference_reconstruction.npy"":""cells/pipeline_coco000000000025_s1_coverage/reference_reconstruction.npy"",""target.npy"":""cells/pipeline_coco000000000025_s1_coverage/target.npy"",""target.png"":""cells/pipeline_coco000000000025_s1_coverage/target.png"",""trajectory.json"":""cells/pipeline_coco000000000025_s1_coverage/trajectory.json""}",/home/alex/Documents/structsplat/results/code-driven-2026-09-05/port007-v1,,,pipeline_coco000000000025_s1_coverage,21,26.30666161301633,2.980232238769531e-07,pipeline_coco000000000025_s1_coverage,25,1260,pipeline,0.46981120109558105,0.05150711536407471,,coverage,0.8325027227401733,0.008604819086213428,1000,26.306942859999253,0.002308600982360076,,110647808,20.65258256153987,"{""boundary_hole_fraction"":0.4011484980583191,""boundary_mse"":0.03241338953375816,""boundary_psnr_db"":14.89275551539935,""cvar99_mse"":0.1744178831577301,""finite"":true,""foreground_mse"":0.015526702627539635,""foreground_psnr_db"":18.089207646650145,""interior_hole_fraction"":0.011863041669130325,""n_gaussians"":1000,""outside_coverage_max"":0.0,""outside_max_abs"":0.0,""p99_mse"":0.12245092540979385}",1,1260,0.5956239700317383,,ok,true,26.30897021399869,1e89df7177bc8cb7473c2f502bbcb940bd21983a61272e38672d9851f7c9f066,,2366533632
175,"{""checkpoint_0000.png"":""cells/pipeline_coco000000000025_s1_tail/checkpoint_0000.png"",""checkpoint_0020.png"":""cells/pipeline_coco000000000025_s1_tail/checkpoint_0020.png"",""config.json"":""cells/pipeline_coco000000000025_s1_tail/config.json"",""curves.png"":""cells/pipeline_coco000000000025_s1_tail/curves.png"",""error.png"":""cells/pipeline_coco000000000025_s1_tail/error.png"",""field.npz"":""cells/pipeline_coco000000000025_s1_tail/field.npz"",""history.json"":""cells/pipeline_coco000000000025_s1_tail/history.json"",""mask.npy"":""cells/pipeline_coco000000000025_s1_tail/mask.npy"",""reconstruction.npy"":""cells/pipeline_coco000000000025_s1_tail/reconstruction.npy"",""reconstruction.png"":""cells/pipeline_coco000000000025_s1_tail/reconstruction.png"",""reference_denominator.npy"":""cells/pipeline_coco000000000025_s1_tail/reference_denominator.npy"",""reference_reconstruction.npy"":""cells/pipeline_coco000000000025_s1_tail/reference_reconstruction.npy"",""target.npy"":""cells/pipeline_coco000000000025_s1_tail/target.npy"",""target.png"":""cells/pipeline_coco000000000025_s1_tail/target.png"",""trajectory.json"":""cells/pipeline_coco000000000025_s1_tail/trajectory.json""}",/home/alex/Documents/structsplat/results/code-driven-2026-09-05/port007-v1,,,pipeline_coco000000000025_s1_tail,21,26.92676301701431,2.384185791015625e-07,pipeline_coco000000000025_s1_tail,25,1260,pipeline,0.47198110818862915,0.05150375887751579,,tail,0.8319957256317139,0.008610079228531064,1000,26.92689777399937,0.002284581983985845,,110738432,20.6499285222166,"{""boundary_hole_fraction"":0.4029942452907562,""boundary_mse"":0.03177347034215927,""boundary_psnr_db"":14.979353483412325,""cvar99_mse"":0.17494182288646698,""finite"":true,""foreground_mse"":0.015536193735897541,""foreground_psnr_db"":18.086553717623676,""interior_hole_fraction"":0.01160183735191822,""n_gaussians"":1000,""outside_coverage_max"":0.0,""outside_max_abs"":0.0,""p99_mse"":0.1225389614701271}",1,1260,0.5953052639961243,,ok,true,26.929047598998295,b2a9ccec277aa49710c3c235fb103f865fb45c082a39a90e2af0a1e3696057ea,,2386690048
266,"{""checkpoint_0000.png"":""cells/pipeline_coco000000000025_s2_legacy_a/checkpoint_0000.png"",""checkpoint_0022.png"":""cells/pipeline_coco000000000025_s2_legacy_a/checkpoint_0022.png"",""config.json"":""cells/pipeline_coco000000000025_s2_legacy_a/config.json"",""curves.png"":""cells/pipeline_coco000000000025_s2_legacy_a/curves.png"",""error.png"":""cells/pipeline_coco000000000025_s2_legacy_a/error.png"",""field.npz"":""cells/pipeline_coco000000000025_s2_legacy_a/field.npz"",""history.json"":""cells/pipeline_coco000000000025_s2_legacy_a/history.json"",""mask.npy"":""cells/pipeline_coco000000000025_s2_legacy_a/mask.npy"",""reconstruction.npy"":""cells/pipeline_coco000000000025_s2_legacy_a/reconstruction.npy"",""reconstruction.png"":""cells/pipeline_coco000000000025_s2_legacy_a/reconstruction.png"",""reference_denominator.npy"":""cells/pipeline_coco000000000025_s2_legacy_a/reference_denominator.npy"",""reference_reconstruction.npy"":""cells/pipeline_coco000000000025_s2_legacy_a/reference_reconstruction.npy"",""target.npy"":""cells/pipeline_coco000000000025_s2_legacy_a/target.npy"",""target.png"":""cells/pipeline_coco000000000025_s2_legacy_a/target.png"",""trajectory.json"":""cells/pipeline_coco000000000025_s2_legacy_a/trajectory.json""}",/home/alex/Documents/structsplat/results/code-driven-2026-09-05/port007-v1,,,pipeline_coco000000000025_s2_legacy_a,23,46.430093380986364,3.5762786865234375e-07,pipeline_coco000000000025_s2_legacy_a,25,1909,pipeline,0.4686935245990753,0.05066949874162674,,legacy_a,0.8392885327339172,0.008380901907728356,1000,46.43114796499867,0.0024625980149721727,,111121920,20.767092424111464,"{""boundary_hole_fraction"":0.4237079620361328,""boundary_mse"":0.035870976746082306,""boundary_psnr_db"":14.452567975738686,""cvar99_mse"":0.17434749007225037,""finite"":true,""foreground_mse"":0.015122662298381329,""foreground_psnr_db"":18.203717458906596,""interior_hole_fraction"":0.013669706881046295,""n_gaussians"":1000,""outside_coverage_max"":0.0,""outside_max_abs"":0.0,""p99_mse"":0.12023881822824478}",2,1909,0.6011309027671814,,ok,true,46.432555979001336,9f02a2ed8c55ef19e9bde0a7574890eff6cc570afd515de9d56961b313e8847f,,2376187904
282,"{""checkpoint_0000.png"":""cells/pipeline_coco000000000025_s2_legacy_b/checkpoint_0000.png"",""checkpoint_0022.png"":""cells/pipeline_coco000000000025_s2_legacy_b/checkpoint_0022.png"",""config.json"":""cells/pipeline_coco000000000025_s2_legacy_b/config.json"",""curves.png"":""cells/pipeline_coco000000000025_s2_legacy_b/curves.png"",""error.png"":""cells/pipeline_coco000000000025_s2_legacy_b/error.png"",""field.npz"":""cells/pipeline_coco000000000025_s2_legacy_b/field.npz"",""history.json"":""cells/pipeline_coco000000000025_s2_legacy_b/history.json"",""mask.npy"":""cells/pipeline_coco000000000025_s2_legacy_b/mask.npy"",""reconstruction.npy"":""cells/pipeline_coco000000000025_s2_legacy_b/reconstruction.npy"",""reconstruction.png"":""cells/pipeline_coco000000000025_s2_legacy_b/reconstruction.png"",""reference_denominator.npy"":""cells/pipeline_coco000000000025_s2_legacy_b/reference_denominator.npy"",""reference_reconstruction.npy"":""cells/pipeline_coco000000000025_s2_legacy_b/reference_reconstruction.npy"",""target.npy"":""cells/pipeline_coco000000000025_s2_legacy_b/target.npy"",""target.png"":""cells/pipeline_coco000000000025_s2_legacy_b/target.png"",""trajectory.json"":""cells/pipeline_coco000000000025_s2_legacy_b/trajectory.json""}",/home/alex/Documents/structsplat/results/code-driven-2026-09-05/port007-v1,,,pipeline_coco000000000025_s2_legacy_b,23,55.200693099985074,2.980232238769531e-07,pipeline_coco000000000025_s2_legacy_b,25,2149,pipeline,0.4632786512374878,0.04967588931322098,,legacy_b,0.8454686999320984,0.008105481947324876,1000,55.20173124100256,0.002454358014801983,,115699200,20.912211571460027,"{""boundary_hole_fraction"":0.41817063093185425,""boundary_mse"":0.03362873196601868,""boundary_psnr_db"":14.732895082590609,""cvar99_mse"":0.17015168070793152,""finite"":true,""foreground_mse"":0.014625689014792442,""foreground_psnr_db"":18.348836651928778,""interior_hole_fraction"":0.014224766753613949,""n_gaussians"":1000,""outside_coverage_max"":0.0,""outside_max_abs"":0.0,""p99_mse"":0.11707661300897598}",2,2149,0.607289731502533,,ok,true,55.203147457999876,ae1bc1f912638dc4b754117e1994ef1220f5303449b6dd7c011ead292f4d1d45,,2377580544
257,"{""checkpoint_0000.png"":""cells/pipeline_coco000000000025_s2_coverage/checkpoint_0000.png"",""checkpoint_0020.png"":""cells/pipeline_coco000000000025_s2_coverage/checkpoint_0020.png"",""config.json"":""cells/pipeline_coco000000000025_s2_coverage/config.json"",""curves.png"":""cells/pipeline_coco000000000025_s2_coverage/curves.png"",""error.png"":""cells/pipeline_coco000000000025_s2_coverage/error.png"",""field.npz"":""cells/pipeline_coco000000000025_s2_coverage/field.npz"",""history.json"":""cells/pipeline_coco000000000025_s2_coverage/history.json"",""mask.npy"":""cells/pipeline_coco000000000025_s2_coverage/mask.npy"",""reconstruction.npy"":""cells/pipeline_coco000000000025_s2_coverage/reconstruction.npy"",""reconstruction.png"":""cells/pipeline_coco000000000025_s2_coverage/reconstruction.png"",""reference_denominator.npy"":""cells/pipeline_coco000000000025_s2_coverage/reference_denominator.npy"",""reference_reconstruction.npy"":""cells/pipeline_coco000000000025_s2_coverage/reference_reconstruction.npy"",""target.npy"":""cells/pipeline_coco000000000025_s2_coverage/target.npy"",""target.png"":""cells/pipeline_coco000000000025_s2_coverage/target.png"",""trajectory.json"":""cells/pipeline_coco000000000025_s2_coverage/trajectory.json""}",/home/alex/Documents/structsplat/results/code-driven-2026-09-05/port007-v1,,,pipeline_coco000000000025_s2_coverage,21,39.727308222980355,2.980232238769531e-07,pipeline_coco000000000025_s2_coverage,25,1500,pipeline,0.4656907320022583,0.04964195564389229,,coverage,0.8456087112426758,0.00811389362689851,1000,39.72633791300177,0.002312431017344352,,115572736,20.907706901926765,"{""boundary_hole_fraction"":0.4175553619861603,""boundary_mse"":0.03422045707702637,""boundary_psnr_db"":14.65714193956092,""cvar99_mse"":0.17138248682022095,""finite"":true,""foreground_mse"":0.014640865847468376,""foreground_psnr_db"":18.344332387381222,""interior_hole_fraction"":0.016303520649671555,""n_gaussians"":1000,""outside_coverage_max"":0.0,""outside_max_abs"":0.0,""p99_mse"":0.11871830374002457}",2,1500,0.6070190072059631,,ok,true,39.7296206539977,eaefb20a4f85e7fa14db0016bae615d5fb025af3d644dabcb8235e50e9fd3fe7,,2360197120
266,"{""checkpoint_0000.png"":""cells/pipeline_coco000000000025_s2_tail/checkpoint_0000.png"",""checkpoint_0022.png"":""cells/pipeline_coco000000000025_s2_tail/checkpoint_0022.png"",""config.json"":""cells/pipeline_coco000000000025_s2_tail/config.json"",""curves.png"":""cells/pipeline_coco000000000025_s2_tail/curves.png"",""error.png"":""cells/pipeline_coco000000000025_s2_tail/error.png"",""field.npz"":""cells/pipeline_coco000000000025_s2_tail/field.npz"",""history.json"":""cells/pipeline_coco000000000025_s2_tail/history.json"",""mask.npy"":""cells/pipeline_coco000000000025_s2_tail/mask.npy"",""reconstruction.npy"":""cells/pipeline_coco000000000025_s2_tail/reconstruction.npy"",""reconstruction.png"":""cells/pipeline_coco000000000025_s2_tail/reconstruction.png"",""reference_denominator.npy"":""cells/pipeline_coco000000000025_s2_tail/reference_denominator.npy"",""reference_reconstruction.npy"":""cells/pipeline_coco000000000025_s2_tail/reference_reconstruction.npy"",""target.npy"":""cells/pipeline_coco000000000025_s2_tail/target.npy"",""target.png"":""cells/pipeline_coco000000000025_s2_tail/target.png"",""trajectory.json"":""cells/pipeline_coco000000000025_s2_tail/trajectory.json""}",/home/alex/Documents/structsplat/results/code-driven-2026-09-05/port007-v1,,,pipeline_coco000000000025_s2_tail,23,41.829770961994654,2.980232238769531e-07,pipeline_coco000000000025_s2_tail,25,1669,pipeline,0.47209495306015015,0.0506892092525959,,tail,0.8396667838096619,0.008394701702497459,1000,41.828983002000314,0.0025681900078780018,,111472128,20.759947314807853,"{""boundary_hole_fraction"":0.40996718406677246,""boundary_mse"":0.03486541286110878,""boundary_psnr_db"":14.576051877015779,""cvar99_mse"":0.17544125020503998,""finite"":true,""foreground_mse"":0.015147561207413673,""foreground_psnr_db"":18.196572839551624,""interior_hole_fraction"":0.01265753898769617,""n_gaussians"":1000,""outside_coverage_max"":0.0,""outside_max_abs"":0.0,""p99_mse"":0.12087715417146683}",2,1669,0.5999921560287476,,ok,true,41.83233915200253,cb366fb0bb60b4af512f217c298b207fa072c67e4bddbbcf5b31163773d45c3a,,2360360960
307,"{""checkpoint_0000.png"":""cells/pipeline_coco000000000025_s2_both/checkpoint_0000.png"",""checkpoint_0022.png"":""cells/pipeline_coco000000000025_s2_both/checkpoint_0022.png"",""config.json"":""cells/pipeline_coco000000000025_s2_both/config.json"",""curves.png"":""cells/pipeline_coco000000000025_s2_both/curves.png"",""error.png"":""cells/pipeline_coco000000000025_s2_both/error.png"",""field.npz"":""cells/pipeline_coco000000000025_s2_both/field.npz"",""history.json"":""cells/pipeline_coco000000000025_s2_both/history.json"",""mask.npy"":""cells/pipeline_coco000000000025_s2_both/mask.npy"",""reconstruction.npy"":""cells/pipeline_coco000000000025_s2_both/reconstruction.npy"",""reconstruction.png"":""cells/pipeline_coco000000000025_s2_both/reconstruction.png"",""reference_denominator.npy"":""cells/pipeline_coco000000000025_s2_both/reference_denominator.npy"",""reference_reconstruction.npy"":""cells/pipeline_coco000000000025_s2_both/reference_reconstruction.npy"",""target.npy"":""cells/pipeline_coco000000000025_s2_both/target.npy"",""target.png"":""cells/pipeline_coco000000000025_s2_both/target.png"",""trajectory.json"":""cells/pipeline_coco000000000025_s2_both/trajectory.json""}",/home/alex/Documents/structsplat/results/code-driven-2026-09-05/port007-v1,,,pipeline_coco000000000025_s2_both,23,53.640182818999165,3.5762786865234375e-07,pipeline_coco000000000025_s2_both,25,2149,pipeline,0.4709809422492981,0.04960038512945175,,both,0.8453241586685181,0.008122897644949877,1000,53.64120166000066,0.0025260370020987466,,115973632,20.902890191913023,"{""boundary_hole_fraction"":0.41140279173851013,""boundary_mse"":0.03171193227171898,""boundary_psnr_db"":14.987772947317172,""cvar99_mse"":0.17011265456676483,""finite"":true,""foreground_mse"":0.014657113701105118,""foreground_psnr_db"":18.33951543139359,""interior_hole_fraction"":0.015421954914927483,""n_gaussians"":1000,""outside_coverage_max"":0.0,""outside_max_abs"":0.0,""p99_mse"":0.1206178367137909}",2,2149,0.6061055660247803,,ok,true,53.64270885600126,6779c2deef8f695ad7d7a4c2f01fe49168cbe6f51bcfcbe6221ee4ea6c044fa8,,2366181376
