adaptive_count,auc_psnr,color_solve_every,color_solve_schedule,error,feature_cap_px,final_budget,final_scale_max,final_scale_mean,final_scale_p95,fit_seconds,growth_rule,growth_waves,height,image,init_seconds,iterations_run,iters,loss_weight_beta,loss_weighting,lpips,luma_psnr,mae,max_side,method,method_label,method_note,method_track,ms_ssim,mse,n_gaussians,p95_abs_error,pixel_loss,psnr,reconstruction_path,relocate_count_per_event,relocate_fraction,relocate_residual_downsample,relocate_rule,renderer,scale_cap_input,scale_cap_max,scale_cap_reference_side,scale_cap_rule,seed,source_path,ssim,ssim_weight,start_budget,start_fraction,start_gaussians,status,stopped_early,support_fade,target_path,total_seconds,variant_max_gaussians,width
False,24.44742045660535,,none,,12.0,640,12.0,2.921656370162964,9.480490684509277,2.262587785720825,residual_tensor_add,5,120,COCO_train2014_000000000009,0.07723879814147949,500,500,1.0,none,,28.648290634155273,0.02614331617951393,160,structsplat_best_default,SS best default,"Pinned current Gaussian-image winner: aniso_onedge + WSE, feature cap 12@160, tensor-aware residual growth, 5 growth waves, L1 + 0.3 SSIM.",best-default,0.9828824996948242,0.00179132423363626,640,0.09356556087732315,l1,27.468257904052734,results/fair_gaussian_variants_20260709_best_candidates/reconstructions/COCO_train2014_000000000009/640/seed0_structsplat_best_default.png,,,,,cuda,12.0,12.0,160.0,feature,0,tests/test_images/COCO_train2014_000000000009.jpg,0.9063054919242859,0.3,320,0.5,320,ok,False,False,results/fair_gaussian_variants_20260709_best_candidates/targets/COCO_train2014_000000000009.png,2.3398265838623047,,160
False,24.36422377454494,,none,,12.0,640,12.0,2.951613187789917,9.575738906860352,1.5027437210083008,residual_tensor_add,5,120,COCO_train2014_000000000009,0.07949542999267578,500,500,1.0,none,,28.340328216552734,0.02600233443081379,160,structsplat_best_ssim010,SS best + SSIM 0.10,Best default geometry/growth with SSIM weight lowered to 0.10 for lower pixel diff.,best-loss-sweep,0.980719804763794,0.0018883920274674892,640,0.09653191268444061,l1,27.239078521728516,results/fair_gaussian_variants_20260709_best_candidates/reconstructions/COCO_train2014_000000000009/640/seed0_structsplat_best_ssim010.png,,,,,cuda,12.0,12.0,160.0,feature,0,tests/test_images/COCO_train2014_000000000009.jpg,0.8907857537269592,0.1,320,0.5,320,ok,False,False,results/fair_gaussian_variants_20260709_best_candidates/targets/COCO_train2014_000000000009.png,1.5822391510009766,,160
False,23.966339875796514,,none,,12.0,640,12.0,2.95426344871521,9.038215637207031,1.0682716369628906,residual_tensor_add,5,120,COCO_train2014_000000000009,0.06114959716796875,500,500,1.0,none,,27.778799057006836,0.027034759521484375,160,structsplat_best_l1_only,SS best + L1 only,Best default geometry/growth with pure L1 pixel loss and no SSIM term.,best-loss-sweep,0.9746681451797485,0.0021911622025072575,640,0.10455075651407242,l1,26.5932559967041,results/fair_gaussian_variants_20260709_best_candidates/reconstructions/COCO_train2014_000000000009/640/seed0_structsplat_best_l1_only.png,,,,,cuda,12.0,12.0,160.0,feature,0,tests/test_images/COCO_train2014_000000000009.jpg,0.8653056025505066,0.0,320,0.5,320,ok,False,False,results/fair_gaussian_variants_20260709_best_candidates/targets/COCO_train2014_000000000009.png,1.1294212341308594,,160
False,24.438539527938936,,none,,12.0,640,12.0,2.934474229812622,9.458868026733398,1.537872314453125,residual_tensor_add,5,120,COCO_train2014_000000000009,0.0626368522644043,500,500,1.0,none,,28.44243812561035,0.025833265855908394,160,structsplat_best_charbonnier,SS best + Charbonnier,Best default geometry/growth with Charbonnier pixel loss and SSIM weight 0.10.,best-loss-sweep,0.981144368648529,0.0018589902902022004,640,0.09592990577220917,charbonnier,27.307228088378906,results/fair_gaussian_variants_20260709_best_candidates/reconstructions/COCO_train2014_000000000009/640/seed0_structsplat_best_charbonnier.png,,,,,cuda,12.0,12.0,160.0,feature,0,tests/test_images/COCO_train2014_000000000009.jpg,0.895561695098877,0.1,320,0.5,320,ok,False,False,results/fair_gaussian_variants_20260709_best_candidates/targets/COCO_train2014_000000000009.png,1.6005091667175293,,160
False,24.432187737826116,,none,,12.0,640,12.0,2.8945114612579346,9.66876220703125,1.5694749355316162,residual_tensor_add,5,120,COCO_train2014_000000000009,0.06312251091003418,500,500,1.0,tensor,,28.586742401123047,0.026453018188476562,160,structsplat_best_tensor_loss,SS best + tensor loss,Best default geometry/growth with tensor-weighted pixel loss to emphasize edges.,best-edge-loss,0.98331618309021,0.001804565079510212,640,0.09432436525821686,l1,27.436275482177734,results/fair_gaussian_variants_20260709_best_candidates/reconstructions/COCO_train2014_000000000009/640/seed0_structsplat_best_tensor_loss.png,,,,,cuda,12.0,12.0,160.0,feature,0,tests/test_images/COCO_train2014_000000000009.jpg,0.9036626815795898,0.3,320,0.5,320,ok,False,False,results/fair_gaussian_variants_20260709_best_candidates/targets/COCO_train2014_000000000009.png,1.6325974464416504,,160
False,24.42993589106925,,final,,12.0,640,12.0,2.9080376625061035,9.42872142791748,1.7908494472503662,residual_tensor_add,5,120,COCO_train2014_000000000009,0.07267522811889648,500,500,1.0,none,,28.735595703125,0.026316583156585693,160,structsplat_best_color_final,SS best + final color solve,Best default geometry/growth with a final fixed-geometry RGB least-squares color solve.,best-color-polish,0.9826890230178833,0.0017271743854507804,640,0.09157814830541611,l1,27.626638412475586,results/fair_gaussian_variants_20260709_best_candidates/reconstructions/COCO_train2014_000000000009/640/seed0_structsplat_best_color_final.png,,,,,cuda,12.0,12.0,160.0,feature,0,tests/test_images/COCO_train2014_000000000009.jpg,0.8989799618721008,0.3,320,0.5,320,ok,False,False,results/fair_gaussian_variants_20260709_best_candidates/targets/COCO_train2014_000000000009.png,1.8635246753692627,,160
False,24.233887634200897,,none,,12.0,640,12.0,3.0017688274383545,9.516779899597168,1.515819787979126,residual_tensor_add+relocate,5,120,COCO_train2014_000000000009,0.06326961517333984,500,500,1.0,none,,28.496171951293945,0.02670823410153389,160,structsplat_best_relocate,SS best + split relocate,Best default geometry/growth plus split-scheduled residual relocation.,best-relocate,0.9820806384086609,0.0018371657934039831,640,0.09490109235048294,l1,27.358516693115234,results/fair_gaussian_variants_20260709_best_candidates/reconstructions/COCO_train2014_000000000009/640/seed0_structsplat_best_relocate.png,16,0.25,4,at_split,cuda,12.0,12.0,160.0,feature,0,tests/test_images/COCO_train2014_000000000009.jpg,0.8994579911231995,0.3,320,0.5,320,ok,False,False,results/fair_gaussian_variants_20260709_best_candidates/targets/COCO_train2014_000000000009.png,1.5790894031524658,,160
True,25.216849982619046,,none,,12.0,640,12.0,2.6540026664733887,8.280729293823242,1.3964893817901611,residual_tensor_add,5,120,COCO_train2014_000000000009,0.061007022857666016,500,500,1.0,none,,30.95752716064453,0.020877406001091003,160,structsplat_best_adaptive_1p5x,SS best + adaptive 1.5x cap,Best default warm start with adaptive residual growth allowed up to 1.5x the requested cap.,best-adaptive-capacity,0.9899716377258301,0.0011095000663772225,960,0.07310844957828522,l1,29.548728942871094,results/fair_gaussian_variants_20260709_best_candidates/reconstructions/COCO_train2014_000000000009/640/seed0_structsplat_best_adaptive_1p5x.png,,,,,cuda,12.0,12.0,160.0,feature,0,tests/test_images/COCO_train2014_000000000009.jpg,0.936155378818512,0.3,320,0.5,320,ok,False,False,results/fair_gaussian_variants_20260709_best_candidates/targets/COCO_train2014_000000000009.png,1.4574964046478271,960,160
False,24.416536193572448,,none,,,640,65.40827941894531,3.5874335765838623,10.855000495910645,1.5402185916900635,none,4,120,COCO_train2014_000000000009,0.0015671253204345703,500,500,1.0,none,,26.67896270751953,0.029182296246290207,160,gaussianimage_fixed_full,GaussianImage fixed,GaussianImage-style random fixed-count control; starts at the final cap and does not grow.,fixed-full,0.9793087244033813,0.002571884775534272,640,0.11226658523082733,l1,25.897485733032227,results/fair_gaussian_variants_20260709_best_candidates/reconstructions/COCO_train2014_000000000009/640/seed0_gaussianimage_fixed_full.png,,,,,cuda,,,,,0,tests/test_images/COCO_train2014_000000000009.jpg,0.8909116983413696,0.3,320,0.5,640,ok,False,False,results/fair_gaussian_variants_20260709_best_candidates/targets/COCO_train2014_000000000009.png,1.541785717010498,,160
False,22.23124109719225,,none,,,640,84.24291229248047,3.6196160316467285,10.948062896728516,1.3980414867401123,residual_add,4,120,COCO_train2014_000000000009,0.0009889602661132812,500,500,1.0,none,,27.799196243286133,0.028835413977503777,160,gaussianimage_plus_residual,GaussianImage++ residual,GaussianImage++-style analogue: random half-budget start plus residual-add growth.,repo-growth,0.980682909488678,0.002196752466261387,640,0.1039254441857338,l1,26.58218765258789,results/fair_gaussian_variants_20260709_best_candidates/reconstructions/COCO_train2014_000000000009/640/seed0_gaussianimage_plus_residual.png,,,,,cuda,,,,,0,tests/test_images/COCO_train2014_000000000009.jpg,0.8890360593795776,0.3,320,0.5,320,ok,False,False,results/fair_gaussian_variants_20260709_best_candidates/targets/COCO_train2014_000000000009.png,1.3990304470062256,,160
False,22.766009624114258,,none,,,640,70.65619659423828,3.919548749923706,13.615427017211914,1.5055842399597168,residual_add,4,120,COCO_train2014_000000000009,0.005956411361694336,500,500,1.0,none,,28.18600082397461,0.02745928056538105,160,image_gs_residual,Image-GS residual,Image-GS-style analogue: gradient-density random half-budget start plus residual-add growth.,repo-growth,0.9828864932060242,0.0019819573499262333,640,0.09840228408575058,l1,27.0290584564209,results/fair_gaussian_variants_20260709_best_candidates/reconstructions/COCO_train2014_000000000009/640/seed0_image_gs_residual.png,,,,,cuda,,,,,0,tests/test_images/COCO_train2014_000000000009.jpg,0.9000245928764343,0.3,320,0.5,320,ok,False,False,results/fair_gaussian_variants_20260709_best_candidates/targets/COCO_train2014_000000000009.png,1.5115406513214111,,160
False,,,none,RuntimeError: Instant-GI methods require STRUCTSPLAT_INSTANT_GI=/path/to/quard_image.py; unset -> this method is skipped.,,640,,,,,,4,120,COCO_train2014_000000000009,,,500,1.0,none,,,,160,instant_gi_quadtree_fixed,Instant-GI quadtree,Instant-GI quadtree/Delaunay fallback if STRUCTSPLAT_INSTANT_GI is configured; fixed count.,fixed-full,,,,,l1,,,,,,,cuda,,,,,0,tests/test_images/COCO_train2014_000000000009.jpg,,0.3,320,0.5,,error,,False,results/fair_gaussian_variants_20260709_best_candidates/targets/COCO_train2014_000000000009.png,,,160
False,23.67388145431488,,none,,,640,128.5972137451172,4.637013912200928,15.660567283630371,1.4707634449005127,residual_add,4,120,COCO_train2014_000000000009,0.06228971481323242,500,500,1.0,none,,28.232498168945312,0.027475357055664062,160,structsplat_onedge_residual,SS on-edge + residual,StructSplat on-edge initializer under the same residual-add growth as external analogues.,same-growth,0.9825141429901123,0.0019545198883861303,640,0.098072350025177,l1,27.089599609375,results/fair_gaussian_variants_20260709_best_candidates/reconstructions/COCO_train2014_000000000009/640/seed0_structsplat_onedge_residual.png,,,,,cuda,,,,,0,tests/test_images/COCO_train2014_000000000009.jpg,0.8975502848625183,0.3,320,0.5,320,ok,False,False,results/fair_gaussian_variants_20260709_best_candidates/targets/COCO_train2014_000000000009.png,1.5330531597137451,,160
False,23.361596787859778,,none,,,640,160.00001525878906,4.686206340789795,15.397695541381836,1.740964412689209,residual_add+relocate,4,120,COCO_train2014_000000000009,0.07455205917358398,500,500,1.0,none,,28.149642944335938,0.027523554861545563,160,structsplat_onedge_residual_relocate,SS on-edge + residual relocate,StructSplat on-edge residual-add growth plus split-scheduled residual relocation.,same-growth+relocate,0.9824011921882629,0.001976839965209365,640,0.09900999069213867,l1,27.040287017822266,results/fair_gaussian_variants_20260709_best_candidates/reconstructions/COCO_train2014_000000000009/640/seed0_structsplat_onedge_residual_relocate.png,20,0.25,4,at_split,cuda,,,,,0,tests/test_images/COCO_train2014_000000000009.jpg,0.8978485465049744,0.3,320,0.5,320,ok,False,False,results/fair_gaussian_variants_20260709_best_candidates/targets/COCO_train2014_000000000009.png,1.815516471862793,,160
False,23.55698603093027,,none,,12.0,640,12.0,2.7095558643341064,9.116753578186035,1.4039547443389893,residual_add,4,120,COCO_train2014_000000000009,0.05713248252868652,500,500,1.0,none,,28.579301834106445,0.02628263272345066,160,structsplat_onedge_residual_featurecap,SS on-edge + residual feature cap,StructSplat on-edge residual-add growth with feature-adaptive per-Gaussian scale caps.,same-growth+feature-cap,0.9835084676742554,0.001795480609871447,640,0.09456764161586761,l1,27.458192825317383,results/fair_gaussian_variants_20260709_best_candidates/reconstructions/COCO_train2014_000000000009/640/seed0_structsplat_onedge_residual_featurecap.png,,,,,cuda,12.0,12.0,160.0,feature,0,tests/test_images/COCO_train2014_000000000009.jpg,0.9051028490066528,0.3,320,0.5,320,ok,False,False,results/fair_gaussian_variants_20260709_best_candidates/targets/COCO_train2014_000000000009.png,1.4610872268676758,,160
False,23.758075057624097,,none,,,640,115.84069061279297,3.89019775390625,11.36804485321045,1.3274786472320557,residual_add,4,120,COCO_train2014_000000000009,0.05809497833251953,500,500,1.0,none,,28.33120346069336,0.0273323692381382,160,structsplat_onedge_residual_feature_rel,SS on-edge + residual feature-rel cap,StructSplat on-edge residual-add growth with feature-relative local-radius scale caps.,same-growth+feature-rel-cap,0.9824768900871277,0.0018987719668075442,640,0.09737877547740936,l1,27.215272903442383,results/fair_gaussian_variants_20260709_best_candidates/reconstructions/COCO_train2014_000000000009/640/seed0_structsplat_onedge_residual_feature_rel.png,,,,,cuda,,,,feature_rel,0,tests/test_images/COCO_train2014_000000000009.jpg,0.9000349640846252,0.3,320,0.5,320,ok,False,False,results/fair_gaussian_variants_20260709_best_candidates/targets/COCO_train2014_000000000009.png,1.3855736255645752,,160
False,23.685271297523638,,none,,,640,121.53524017333984,4.876458168029785,15.410477638244629,1.334394931793213,residual_tensor_add,4,120,COCO_train2014_000000000009,0.0583040714263916,500,500,1.0,none,,28.125530242919922,0.027686217799782753,160,structsplat_onedge_tensor,SS on-edge + tensor,StructSplat on-edge initializer plus tensor-aware residual growth.,tensor-growth,0.9819135665893555,0.002009968739002943,640,0.09972961246967316,l1,26.968107223510742,results/fair_gaussian_variants_20260709_best_candidates/reconstructions/COCO_train2014_000000000009/640/seed0_structsplat_onedge_tensor.png,,,,,cuda,,,,,0,tests/test_images/COCO_train2014_000000000009.jpg,0.8977835774421692,0.3,320,0.5,320,ok,False,False,results/fair_gaussian_variants_20260709_best_candidates/targets/COCO_train2014_000000000009.png,1.3926990032196045,,160
False,23.831808904368796,,none,,12.0,640,12.0,2.809234380722046,9.185118675231934,1.3134357929229736,residual_tensor_add,4,120,COCO_train2014_000000000009,0.05951118469238281,500,500,1.0,none,,28.845338821411133,0.025520212948322296,160,structsplat_onedge_tensor_featurecap,SS on-edge + tensor feature cap,StructSplat on-edge tensor-aware residual growth with feature-adaptive scale caps.,tensor-growth+feature-cap,0.9841597080230713,0.0016763730673119426,640,0.09182631224393845,l1,27.75629425048828,results/fair_gaussian_variants_20260709_best_candidates/reconstructions/COCO_train2014_000000000009/640/seed0_structsplat_onedge_tensor_featurecap.png,,,,,cuda,12.0,12.0,160.0,feature,0,tests/test_images/COCO_train2014_000000000009.jpg,0.9097434282302856,0.3,320,0.5,320,ok,False,False,results/fair_gaussian_variants_20260709_best_candidates/targets/COCO_train2014_000000000009.png,1.3729469776153564,,160
False,23.647780208167188,,none,,,640,85.66748046875,4.144155979156494,11.388009071350098,1.3413116931915283,residual_tensor_add,4,120,COCO_train2014_000000000009,0.05837082862854004,500,500,1.0,none,,28.133813858032227,0.02794857881963253,160,structsplat_onedge_tensor_feature_rel,SS on-edge + tensor feature-rel cap,StructSplat on-edge tensor-aware residual growth with feature-relative local-radius caps.,tensor-growth+feature-rel-cap,0.9823470711708069,0.0020103745628148317,640,0.09993672370910645,l1,26.96722984313965,results/fair_gaussian_variants_20260709_best_candidates/reconstructions/COCO_train2014_000000000009/640/seed0_structsplat_onedge_tensor_feature_rel.png,,,,,cuda,,,,feature_rel,0,tests/test_images/COCO_train2014_000000000009.jpg,0.8984413743019104,0.3,320,0.5,320,ok,False,False,results/fair_gaussian_variants_20260709_best_candidates/targets/COCO_train2014_000000000009.png,1.3996825218200684,,160
False,23.76714044104597,,none,,,640,136.23899841308594,4.766632080078125,14.875345230102539,1.3380515575408936,residual_tensor_add,4,120,COCO_train2014_000000000009,0.05846142768859863,500,500,1.0,none,,28.41899871826172,0.026758428663015366,160,structsplat_flanking_tensor,SS flanking + tensor,StructSplat flanking initializer plus tensor-aware residual growth.,tensor-growth,0.9836317300796509,0.001907091005705297,640,0.09688539803028107,l1,27.196285247802734,results/fair_gaussian_variants_20260709_best_candidates/reconstructions/COCO_train2014_000000000009/640/seed0_structsplat_flanking_tensor.png,,,,,cuda,,,,,0,tests/test_images/COCO_train2014_000000000009.jpg,0.9045071005821228,0.3,320,0.5,320,ok,False,False,results/fair_gaussian_variants_20260709_best_candidates/targets/COCO_train2014_000000000009.png,1.3965129852294922,,160
False,23.6048620134174,,none,,,640,160.00001525878906,4.383728981018066,13.698227882385254,1.3171977996826172,residual_add,4,120,COCO_train2014_000000000009,0.17623281478881836,500,500,1.0,none,,28.49888038635254,0.026414375752210617,160,structsplat_quadtree_wse_residual,SS qt-WSE + residual,StructSplat quadtree-WSE initializer under the same residual-add growth as external analogues.,same-growth,0.9837061762809753,0.0018362439004704356,640,0.0945180132985115,l1,27.36069679260254,results/fair_gaussian_variants_20260709_best_candidates/reconstructions/COCO_train2014_000000000009/640/seed0_structsplat_quadtree_wse_residual.png,,,,,cuda,,,,,0,tests/test_images/COCO_train2014_000000000009.jpg,0.9039450883865356,0.3,320,0.5,320,ok,False,False,results/fair_gaussian_variants_20260709_best_candidates/targets/COCO_train2014_000000000009.png,1.4934306144714355,,160
False,23.37029035965761,,none,,,640,160.00001525878906,4.635194301605225,15.762565612792969,1.5714025497436523,residual_add+relocate,4,120,COCO_train2014_000000000009,0.1640310287475586,500,500,1.0,none,,28.190521240234375,0.027610009536147118,160,structsplat_quadtree_wse_residual_relocate,SS qt-WSE + residual relocate,StructSplat quadtree-WSE residual-add growth plus split-scheduled residual relocation.,same-growth+relocate,0.9826685786247253,0.001987327355891466,640,0.09875834733247757,l1,27.017305374145508,results/fair_gaussian_variants_20260709_best_candidates/reconstructions/COCO_train2014_000000000009/640/seed0_structsplat_quadtree_wse_residual_relocate.png,20,0.25,4,at_split,cuda,,,,,0,tests/test_images/COCO_train2014_000000000009.jpg,0.8984591364860535,0.3,320,0.5,320,ok,False,False,results/fair_gaussian_variants_20260709_best_candidates/targets/COCO_train2014_000000000009.png,1.735433578491211,,160
False,23.60316593995792,,none,,12.0,640,12.0,2.704713821411133,8.600656509399414,1.3782026767730713,residual_add,4,120,COCO_train2014_000000000009,0.1912250518798828,500,500,1.0,none,,28.462419509887695,0.026265420019626617,160,structsplat_quadtree_wse_residual_featurecap,SS qt-WSE + residual feature cap,StructSplat quadtree-WSE residual-add growth with feature-adaptive scale caps.,same-growth+feature-cap,0.9840171337127686,0.0018383099231868982,640,0.09494338184595108,l1,27.35581398010254,results/fair_gaussian_variants_20260709_best_candidates/reconstructions/COCO_train2014_000000000009/640/seed0_structsplat_quadtree_wse_residual_featurecap.png,,,,,cuda,12.0,12.0,160.0,feature,0,tests/test_images/COCO_train2014_000000000009.jpg,0.9054877758026123,0.3,320,0.5,320,ok,False,False,results/fair_gaussian_variants_20260709_best_candidates/targets/COCO_train2014_000000000009.png,1.569427728652954,,160
False,23.657575501229815,,none,,,640,87.49005889892578,3.821622610092163,11.93082046508789,1.297933578491211,residual_add,4,120,COCO_train2014_000000000009,0.1654069423675537,500,500,1.0,none,,28.298189163208008,0.027171500027179718,160,structsplat_quadtree_wse_residual_feature_rel,SS qt-WSE + residual feature-rel cap,StructSplat quadtree-WSE residual-add growth with feature-relative local-radius caps.,same-growth+feature-rel-cap,0.9832944273948669,0.001924788230098784,640,0.0975799411535263,l1,27.156171798706055,results/fair_gaussian_variants_20260709_best_candidates/reconstructions/COCO_train2014_000000000009/640/seed0_structsplat_quadtree_wse_residual_feature_rel.png,,,,,cuda,,,,feature_rel,0,tests/test_images/COCO_train2014_000000000009.jpg,0.9011819362640381,0.3,320,0.5,320,ok,False,False,results/fair_gaussian_variants_20260709_best_candidates/targets/COCO_train2014_000000000009.png,1.4633405208587646,,160
False,23.573822075952748,,none,,,640,160.00001525878906,4.767301082611084,14.0082426071167,1.26731276512146,residual_tensor_add,4,120,COCO_train2014_000000000009,0.16839146614074707,500,500,1.0,none,,28.155010223388672,0.027592265978455544,160,structsplat_quadtree_wse_tensor,SS qt-WSE + tensor,StructSplat quadtree-WSE initializer plus tensor-aware residual growth.,tensor-growth,0.9816222190856934,0.001994100632146001,640,0.09895597398281097,l1,27.00252914428711,results/fair_gaussian_variants_20260709_best_candidates/reconstructions/COCO_train2014_000000000009/640/seed0_structsplat_quadtree_wse_tensor.png,,,,,cuda,,,,,0,tests/test_images/COCO_train2014_000000000009.jpg,0.8972998261451721,0.3,320,0.5,320,ok,False,False,results/fair_gaussian_variants_20260709_best_candidates/targets/COCO_train2014_000000000009.png,1.435704231262207,,160
False,23.573639755019684,,none,,12.0,640,12.0,2.8250911235809326,8.793452262878418,1.2834739685058594,residual_tensor_add,4,120,COCO_train2014_000000000009,0.17350435256958008,500,500,1.0,none,,28.4263916015625,0.026348231360316277,160,structsplat_quadtree_wse_tensor_featurecap,SS qt-WSE + tensor feature cap,StructSplat quadtree-WSE tensor-aware residual growth with feature-adaptive scale caps.,tensor-growth+feature-cap,0.9837151765823364,0.001842305762693286,640,0.09593815356492996,l1,27.34638214111328,results/fair_gaussian_variants_20260709_best_candidates/reconstructions/COCO_train2014_000000000009/640/seed0_structsplat_quadtree_wse_tensor_featurecap.png,,,,,cuda,12.0,12.0,160.0,feature,0,tests/test_images/COCO_train2014_000000000009.jpg,0.9041541814804077,0.3,320,0.5,320,ok,False,False,results/fair_gaussian_variants_20260709_best_candidates/targets/COCO_train2014_000000000009.png,1.4569783210754395,,160
False,23.67211599770433,,none,,,640,90.03807830810547,4.107180118560791,13.146763801574707,1.470735788345337,residual_tensor_add,4,120,COCO_train2014_000000000009,0.2190537452697754,500,500,1.0,none,,28.241987228393555,0.027392812073230743,160,structsplat_quadtree_wse_tensor_feature_rel,SS qt-WSE + tensor feature-rel cap,StructSplat quadtree-WSE tensor-aware residual growth with feature-relative local-radius caps.,tensor-growth+feature-rel-cap,0.9819978475570679,0.0019772201776504517,640,0.09882927685976028,l1,27.03944969177246,results/fair_gaussian_variants_20260709_best_candidates/reconstructions/COCO_train2014_000000000009/640/seed0_structsplat_quadtree_wse_tensor_feature_rel.png,,,,,cuda,,,,feature_rel,0,tests/test_images/COCO_train2014_000000000009.jpg,0.8994187712669373,0.3,320,0.5,320,ok,False,False,results/fair_gaussian_variants_20260709_best_candidates/targets/COCO_train2014_000000000009.png,1.6897895336151123,,160
False,23.596719755199487,,none,,,640,160.00001525878906,4.776280879974365,14.449817657470703,1.2768287658691406,residual_tensor_add,4,120,COCO_train2014_000000000009,0.07222127914428711,500,500,1.0,none,,28.24365997314453,0.027189040556550026,160,structsplat_quadtree_hybrid_tensor,SS qt-hybrid + tensor,StructSplat quadtree-hybrid initializer plus tensor-aware residual growth.,tensor-growth,0.9829010963439941,0.0019298113184049726,640,0.09786216169595718,l1,27.144851684570312,results/fair_gaussian_variants_20260709_best_candidates/reconstructions/COCO_train2014_000000000009/640/seed0_structsplat_quadtree_hybrid_tensor.png,,,,,cuda,,,,,0,tests/test_images/COCO_train2014_000000000009.jpg,0.9024937748908997,0.3,320,0.5,320,ok,False,False,results/fair_gaussian_variants_20260709_best_candidates/targets/COCO_train2014_000000000009.png,1.3490500450134277,,160
False,22.86474253419406,,none,,,640,137.28041076660156,5.05879020690918,17.542316436767578,1.2917029857635498,residual_tensor_add,4,120,COCO_train2014_000000000009,0.030440330505371094,500,500,1.0,none,,27.73003578186035,0.02902747504413128,160,floyd_steinberg_tensor,Floyd + tensor,Floyd-Steinberg placement control plus tensor-aware residual growth.,tensor-growth-control,0.9794020056724548,0.0021867738105356693,640,0.10423080623149872,l1,26.60196304321289,results/fair_gaussian_variants_20260709_best_candidates/reconstructions/COCO_train2014_000000000009/640/seed0_floyd_steinberg_tensor.png,,,,,cuda,,,,,0,tests/test_images/COCO_train2014_000000000009.jpg,0.8921976685523987,0.3,320,0.5,320,ok,False,False,results/fair_gaussian_variants_20260709_best_candidates/targets/COCO_train2014_000000000009.png,1.322143316268921,,160
False,24.351527071668055,,none,,12.0,640,12.0,2.9450433254241943,9.6394624710083,1.317765235900879,residual_tensor_add,5,120,COCO_train2014_000000000009,0.06256961822509766,500,500,1.0,none,,28.46766471862793,0.02642238885164261,160,structsplat_best_default,SS best default,"Pinned current Gaussian-image winner: aniso_onedge + WSE, feature cap 12@160, tensor-aware residual growth, 5 growth waves, L1 + 0.3 SSIM.",best-default,0.981871485710144,0.0018431859789416194,640,0.09451330453157425,l1,27.344310760498047,results/fair_gaussian_variants_20260709_best_candidates/reconstructions/COCO_train2014_000000000009/640/seed1_structsplat_best_default.png,,,,,cuda,12.0,12.0,160.0,feature,1,tests/test_images/COCO_train2014_000000000009.jpg,0.8999508023262024,0.3,320,0.5,320,ok,False,False,results/fair_gaussian_variants_20260709_best_candidates/targets/COCO_train2014_000000000009.png,1.3803348541259766,,160
False,24.404912880761827,,none,,12.0,640,12.0,2.928837537765503,8.866459846496582,1.3325672149658203,residual_tensor_add,5,120,COCO_train2014_000000000009,0.060016632080078125,500,500,1.0,none,,28.437236785888672,0.02574903704226017,160,structsplat_best_ssim010,SS best + SSIM 0.10,Best default geometry/growth with SSIM weight lowered to 0.10 for lower pixel diff.,best-loss-sweep,0.9812114834785461,0.0018673134036362171,640,0.09612441807985306,l1,27.28782844543457,results/fair_gaussian_variants_20260709_best_candidates/reconstructions/COCO_train2014_000000000009/640/seed1_structsplat_best_ssim010.png,,,,,cuda,12.0,12.0,160.0,feature,1,tests/test_images/COCO_train2014_000000000009.jpg,0.8946669697761536,0.1,320,0.5,320,ok,False,False,results/fair_gaussian_variants_20260709_best_candidates/targets/COCO_train2014_000000000009.png,1.3925838470458984,,160
False,23.88381614857064,,none,,12.0,640,12.0,3.0197808742523193,9.030586242675781,0.8884775638580322,residual_tensor_add,5,120,COCO_train2014_000000000009,0.05875563621520996,500,500,1.0,none,,27.206172943115234,0.027127206325531006,160,structsplat_best_l1_only,SS best + L1 only,Best default geometry/growth with pure L1 pixel loss and no SSIM term.,best-loss-sweep,0.9727614521980286,0.0023985581938177347,640,0.10419359803199768,l1,26.200496673583984,results/fair_gaussian_variants_20260709_best_candidates/reconstructions/COCO_train2014_000000000009/640/seed1_structsplat_best_l1_only.png,,,,,cuda,12.0,12.0,160.0,feature,1,tests/test_images/COCO_train2014_000000000009.jpg,0.8601279258728027,0.0,320,0.5,320,ok,False,False,results/fair_gaussian_variants_20260709_best_candidates/targets/COCO_train2014_000000000009.png,0.9472332000732422,,160
False,24.35569734611588,,none,,12.0,640,12.0,2.8884408473968506,8.951749801635742,1.4021148681640625,residual_tensor_add,5,120,COCO_train2014_000000000009,0.06188368797302246,500,500,1.0,none,,28.44150161743164,0.025995679199695587,160,structsplat_best_charbonnier,SS best + Charbonnier,Best default geometry/growth with Charbonnier pixel loss and SSIM weight 0.10.,best-loss-sweep,0.9809468984603882,0.0018960563465952873,640,0.09669861942529678,charbonnier,27.22148895263672,results/fair_gaussian_variants_20260709_best_candidates/reconstructions/COCO_train2014_000000000009/640/seed1_structsplat_best_charbonnier.png,,,,,cuda,12.0,12.0,160.0,feature,1,tests/test_images/COCO_train2014_000000000009.jpg,0.8930431008338928,0.1,320,0.5,320,ok,False,False,results/fair_gaussian_variants_20260709_best_candidates/targets/COCO_train2014_000000000009.png,1.463998556137085,,160
False,24.39132251529273,,none,,12.0,640,12.0,2.9174511432647705,9.667062759399414,1.3294157981872559,residual_tensor_add,5,120,COCO_train2014_000000000009,0.058411359786987305,500,500,1.0,tensor,,28.627670288085938,0.026063496246933937,160,structsplat_best_tensor_loss,SS best + tensor loss,Best default geometry/growth with tensor-weighted pixel loss to emphasize edges.,best-edge-loss,0.9828670620918274,0.0017937180818989873,640,0.09420192986726761,l1,27.462459564208984,results/fair_gaussian_variants_20260709_best_candidates/reconstructions/COCO_train2014_000000000009/640/seed1_structsplat_best_tensor_loss.png,,,,,cuda,12.0,12.0,160.0,feature,1,tests/test_images/COCO_train2014_000000000009.jpg,0.904483437538147,0.3,320,0.5,320,ok,False,False,results/fair_gaussian_variants_20260709_best_candidates/targets/COCO_train2014_000000000009.png,1.3878271579742432,,160
False,24.334387009989523,,final,,12.0,640,12.0,2.9851436614990234,9.87464427947998,1.607950210571289,residual_tensor_add,5,120,COCO_train2014_000000000009,0.06040143966674805,500,500,1.0,none,,28.484086990356445,0.02642124332487583,160,structsplat_best_color_final,SS best + final color solve,Best default geometry/growth with a final fixed-geometry RGB least-squares color solve.,best-color-polish,0.9830957055091858,0.0018385376315563917,640,0.0924169272184372,l1,27.355274200439453,results/fair_gaussian_variants_20260709_best_candidates/reconstructions/COCO_train2014_000000000009/640/seed1_structsplat_best_color_final.png,,,,,cuda,12.0,12.0,160.0,feature,1,tests/test_images/COCO_train2014_000000000009.jpg,0.8999789953231812,0.3,320,0.5,320,ok,False,False,results/fair_gaussian_variants_20260709_best_candidates/targets/COCO_train2014_000000000009.png,1.668351650238037,,160
False,24.197471205839413,,none,,12.0,640,12.0,3.0699925422668457,9.900530815124512,1.4502274990081787,residual_tensor_add+relocate,5,120,COCO_train2014_000000000009,0.058562517166137695,500,500,1.0,none,,28.180484771728516,0.027149103581905365,160,structsplat_best_relocate,SS best + split relocate,Best default geometry/growth plus split-scheduled residual relocation.,best-relocate,0.981701135635376,0.0019548467826098204,640,0.09729638695716858,l1,27.0888729095459,results/fair_gaussian_variants_20260709_best_candidates/reconstructions/COCO_train2014_000000000009/640/seed1_structsplat_best_relocate.png,16,0.25,4,at_split,cuda,12.0,12.0,160.0,feature,1,tests/test_images/COCO_train2014_000000000009.jpg,0.8988398909568787,0.3,320,0.5,320,ok,False,False,results/fair_gaussian_variants_20260709_best_candidates/targets/COCO_train2014_000000000009.png,1.5087900161743164,,160
True,25.130355209052443,,none,,12.0,640,12.0,2.6250007152557373,7.669395923614502,1.3292505741119385,residual_tensor_add,5,120,COCO_train2014_000000000009,0.059823036193847656,500,500,1.0,none,,29.521867752075195,0.021046020090579987,160,structsplat_best_adaptive_1p5x,SS best + adaptive 1.5x cap,Best default warm start with adaptive residual growth allowed up to 1.5x the requested cap.,best-adaptive-capacity,0.9873455166816711,0.0014107420574873686,960,0.07309774309396744,l1,28.505525588989258,results/fair_gaussian_variants_20260709_best_candidates/reconstructions/COCO_train2014_000000000009/640/seed1_structsplat_best_adaptive_1p5x.png,,,,,cuda,12.0,12.0,160.0,feature,1,tests/test_images/COCO_train2014_000000000009.jpg,0.9335269331932068,0.3,320,0.5,320,ok,False,False,results/fair_gaussian_variants_20260709_best_candidates/targets/COCO_train2014_000000000009.png,1.3890736103057861,960,160
False,24.454393807298434,,none,,,640,138.3812713623047,3.672959089279175,10.555031776428223,1.3272762298583984,none,4,120,COCO_train2014_000000000009,0.0018072128295898438,500,500,1.0,none,,26.4287166595459,0.028537288308143616,160,gaussianimage_fixed_full,GaussianImage fixed,GaussianImage-style random fixed-count control; starts at the final cap and does not grow.,fixed-full,0.9799938201904297,0.0026506714057177305,640,0.10847114026546478,l1,25.766441345214844,results/fair_gaussian_variants_20260709_best_candidates/reconstructions/COCO_train2014_000000000009/640/seed1_gaussianimage_fixed_full.png,,,,,cuda,,,,,1,tests/test_images/COCO_train2014_000000000009.jpg,0.893951416015625,0.3,320,0.5,640,ok,False,False,results/fair_gaussian_variants_20260709_best_candidates/targets/COCO_train2014_000000000009.png,1.3290834426879883,,160
False,22.31216694405657,,none,,,640,157.08941650390625,3.959728717803955,11.92558479309082,1.3445041179656982,residual_add,4,120,COCO_train2014_000000000009,0.0014545917510986328,500,500,1.0,none,,27.904417037963867,0.028489897027611732,160,gaussianimage_plus_residual,GaussianImage++ residual,GaussianImage++-style analogue: random half-budget start plus residual-add growth.,repo-growth,0.9822878837585449,0.002140198601409793,640,0.10230117291212082,l1,26.69546127319336,results/fair_gaussian_variants_20260709_best_candidates/reconstructions/COCO_train2014_000000000009/640/seed1_gaussianimage_plus_residual.png,,,,,cuda,,,,,1,tests/test_images/COCO_train2014_000000000009.jpg,0.8960997462272644,0.3,320,0.5,320,ok,False,False,results/fair_gaussian_variants_20260709_best_candidates/targets/COCO_train2014_000000000009.png,1.3459587097167969,,160
False,22.95752751421116,,none,,,640,121.70336151123047,3.907238483428955,12.630894660949707,1.3146147727966309,residual_add,4,120,COCO_train2014_000000000009,0.004815101623535156,500,500,1.0,none,,28.27484130859375,0.027335651218891144,160,image_gs_residual,Image-GS residual,Image-GS-style analogue: gradient-density random half-budget start plus residual-add growth.,repo-growth,0.983475387096405,0.0019328221678733826,640,0.0969989150762558,l1,27.138080596923828,results/fair_gaussian_variants_20260709_best_candidates/reconstructions/COCO_train2014_000000000009/640/seed1_image_gs_residual.png,,,,,cuda,,,,,1,tests/test_images/COCO_train2014_000000000009.jpg,0.9012603163719177,0.3,320,0.5,320,ok,False,False,results/fair_gaussian_variants_20260709_best_candidates/targets/COCO_train2014_000000000009.png,1.319429874420166,,160
False,,,none,RuntimeError: Instant-GI methods require STRUCTSPLAT_INSTANT_GI=/path/to/quard_image.py; unset -> this method is skipped.,,640,,,,,,4,120,COCO_train2014_000000000009,,,500,1.0,none,,,,160,instant_gi_quadtree_fixed,Instant-GI quadtree,Instant-GI quadtree/Delaunay fallback if STRUCTSPLAT_INSTANT_GI is configured; fixed count.,fixed-full,,,,,l1,,,,,,,cuda,,,,,1,tests/test_images/COCO_train2014_000000000009.jpg,,0.3,320,0.5,,error,,False,results/fair_gaussian_variants_20260709_best_candidates/targets/COCO_train2014_000000000009.png,,,160
False,23.62272969037593,,none,,,640,144.7015380859375,4.480020046234131,15.33074951171875,1.323803186416626,residual_add,4,120,COCO_train2014_000000000009,0.06199979782104492,500,500,1.0,none,,28.291419982910156,0.02701294608414173,160,structsplat_onedge_residual,SS on-edge + residual,StructSplat on-edge initializer under the same residual-add growth as external analogues.,same-growth,0.9830892086029053,0.0019182796822860837,640,0.09697253257036209,l1,27.170883178710938,results/fair_gaussian_variants_20260709_best_candidates/reconstructions/COCO_train2014_000000000009/640/seed1_structsplat_onedge_residual.png,,,,,cuda,,,,,1,tests/test_images/COCO_train2014_000000000009.jpg,0.9001473784446716,0.3,320,0.5,320,ok,False,False,results/fair_gaussian_variants_20260709_best_candidates/targets/COCO_train2014_000000000009.png,1.385802984237671,,160
False,23.391774998399203,,none,,,640,160.00001525878906,4.574462413787842,14.09609603881836,1.3634891510009766,residual_add+relocate,4,120,COCO_train2014_000000000009,0.060735225677490234,500,500,1.0,none,,28.183992385864258,0.027273260056972504,160,structsplat_onedge_residual_relocate,SS on-edge + residual relocate,StructSplat on-edge residual-add growth plus split-scheduled residual relocation.,same-growth+relocate,0.9829586148262024,0.0019590260926634073,640,0.09875638782978058,l1,27.079599380493164,results/fair_gaussian_variants_20260709_best_candidates/reconstructions/COCO_train2014_000000000009/640/seed1_structsplat_onedge_residual_relocate.png,20,0.25,4,at_split,cuda,,,,,1,tests/test_images/COCO_train2014_000000000009.jpg,0.8995808959007263,0.3,320,0.5,320,ok,False,False,results/fair_gaussian_variants_20260709_best_candidates/targets/COCO_train2014_000000000009.png,1.4242243766784668,,160
False,23.636494356549097,,none,,12.0,640,12.0,2.7521188259124756,8.955923080444336,1.4268133640289307,residual_add,4,120,COCO_train2014_000000000009,0.05900168418884277,500,500,1.0,none,,28.76603889465332,0.025910023599863052,160,structsplat_onedge_residual_featurecap,SS on-edge + residual feature cap,StructSplat on-edge residual-add growth with feature-adaptive per-Gaussian scale caps.,same-growth+feature-cap,0.9835923910140991,0.0017715917201712728,640,0.09233827143907547,l1,27.51636505126953,results/fair_gaussian_variants_20260709_best_candidates/reconstructions/COCO_train2014_000000000009/640/seed1_structsplat_onedge_residual_featurecap.png,,,,,cuda,12.0,12.0,160.0,feature,1,tests/test_images/COCO_train2014_000000000009.jpg,0.9059428572654724,0.3,320,0.5,320,ok,False,False,results/fair_gaussian_variants_20260709_best_candidates/targets/COCO_train2014_000000000009.png,1.4858150482177734,,160
False,23.737880705831525,,none,,,640,113.11445617675781,3.918288469314575,11.809636116027832,1.500462532043457,residual_add,4,120,COCO_train2014_000000000009,0.06633210182189941,500,500,1.0,none,,28.57921600341797,0.026560600847005844,160,structsplat_onedge_residual_feature_rel,SS on-edge + residual feature-rel cap,StructSplat on-edge residual-add growth with feature-relative local-radius scale caps.,same-growth+feature-rel-cap,0.9839537143707275,0.0018163244239985943,640,0.09454959630966187,l1,27.408065795898438,results/fair_gaussian_variants_20260709_best_candidates/reconstructions/COCO_train2014_000000000009/640/seed1_structsplat_onedge_residual_feature_rel.png,,,,,cuda,,,,feature_rel,1,tests/test_images/COCO_train2014_000000000009.jpg,0.9040893912315369,0.3,320,0.5,320,ok,False,False,results/fair_gaussian_variants_20260709_best_candidates/targets/COCO_train2014_000000000009.png,1.5667946338653564,,160
False,23.662869383672437,,none,,,640,160.00001525878906,4.643157005310059,15.094550132751465,1.287365436553955,residual_tensor_add,4,120,COCO_train2014_000000000009,0.05853009223937988,500,500,1.0,none,,28.327423095703125,0.026851912960410118,160,structsplat_onedge_tensor,SS on-edge + tensor,StructSplat on-edge initializer plus tensor-aware residual growth.,tensor-growth,0.9829927682876587,0.0019152186578139663,640,0.09607545286417007,l1,27.177818298339844,results/fair_gaussian_variants_20260709_best_candidates/reconstructions/COCO_train2014_000000000009/640/seed1_structsplat_onedge_tensor.png,,,,,cuda,,,,,1,tests/test_images/COCO_train2014_000000000009.jpg,0.902807354927063,0.3,320,0.5,320,ok,False,False,results/fair_gaussian_variants_20260709_best_candidates/targets/COCO_train2014_000000000009.png,1.345895528793335,,160
False,23.809090535005254,,none,,12.0,640,12.0,2.9021403789520264,9.618651390075684,1.3190975189208984,residual_tensor_add,4,120,COCO_train2014_000000000009,0.060292720794677734,500,500,1.0,none,,28.752939224243164,0.025794491171836853,160,structsplat_onedge_tensor_featurecap,SS on-edge + tensor feature cap,StructSplat on-edge tensor-aware residual growth with feature-adaptive scale caps.,tensor-growth+feature-cap,0.9839860796928406,0.001740761217661202,640,0.09193706512451172,l1,27.592609405517578,results/fair_gaussian_variants_20260709_best_candidates/reconstructions/COCO_train2014_000000000009/640/seed1_structsplat_onedge_tensor_featurecap.png,,,,,cuda,12.0,12.0,160.0,feature,1,tests/test_images/COCO_train2014_000000000009.jpg,0.9062584042549133,0.3,320,0.5,320,ok,False,False,results/fair_gaussian_variants_20260709_best_candidates/targets/COCO_train2014_000000000009.png,1.3793902397155762,,160
False,23.724240632716544,,none,,,640,149.68597412109375,4.215897560119629,11.837905883789062,1.3176310062408447,residual_tensor_add,4,120,COCO_train2014_000000000009,0.06003379821777344,500,500,1.0,none,,28.291561126708984,0.027120094746351242,160,structsplat_onedge_tensor_feature_rel,SS on-edge + tensor feature-rel cap,StructSplat on-edge tensor-aware residual growth with feature-relative local-radius caps.,tensor-growth+feature-rel-cap,0.9825630784034729,0.0019142095698043704,640,0.09801523387432098,l1,27.18010711669922,results/fair_gaussian_variants_20260709_best_candidates/reconstructions/COCO_train2014_000000000009/640/seed1_structsplat_onedge_tensor_feature_rel.png,,,,,cuda,,,,feature_rel,1,tests/test_images/COCO_train2014_000000000009.jpg,0.8998736143112183,0.3,320,0.5,320,ok,False,False,results/fair_gaussian_variants_20260709_best_candidates/targets/COCO_train2014_000000000009.png,1.3776648044586182,,160
False,23.627130603025815,,none,,,640,121.71514129638672,4.441842079162598,14.98692798614502,1.289210557937622,residual_tensor_add,4,120,COCO_train2014_000000000009,0.0586092472076416,500,500,1.0,none,,28.158008575439453,0.02727058343589306,160,structsplat_flanking_tensor,SS flanking + tensor,StructSplat flanking initializer plus tensor-aware residual growth.,tensor-growth,0.9816009998321533,0.0019539236091077328,640,0.09787973761558533,l1,27.090927124023438,results/fair_gaussian_variants_20260709_best_candidates/reconstructions/COCO_train2014_000000000009/640/seed1_structsplat_flanking_tensor.png,,,,,cuda,,,,,1,tests/test_images/COCO_train2014_000000000009.jpg,0.8956000208854675,0.3,320,0.5,320,ok,False,False,results/fair_gaussian_variants_20260709_best_candidates/targets/COCO_train2014_000000000009.png,1.3478198051452637,,160
False,23.524594469395332,,none,,,640,160.00001525878906,4.286746501922607,14.262463569641113,1.299853801727295,residual_add,4,120,COCO_train2014_000000000009,0.16663360595703125,500,500,1.0,none,,28.265132904052734,0.02732413448393345,160,structsplat_quadtree_wse_residual,SS qt-WSE + residual,StructSplat quadtree-WSE initializer under the same residual-add growth as external analogues.,same-growth,0.9822754859924316,0.001947232405655086,640,0.09713684767484665,l1,27.105823516845703,results/fair_gaussian_variants_20260709_best_candidates/reconstructions/COCO_train2014_000000000009/640/seed1_structsplat_quadtree_wse_residual.png,,,,,cuda,,,,,1,tests/test_images/COCO_train2014_000000000009.jpg,0.9001737833023071,0.3,320,0.5,320,ok,False,False,results/fair_gaussian_variants_20260709_best_candidates/targets/COCO_train2014_000000000009.png,1.4664874076843262,,160
False,23.288834933049692,,none,,,640,160.00001525878906,4.4930949211120605,15.580373764038086,1.4311127662658691,residual_add+relocate,4,120,COCO_train2014_000000000009,0.1727433204650879,500,500,1.0,none,,28.205415725708008,0.027455423027276993,160,structsplat_quadtree_wse_residual_relocate,SS qt-WSE + residual relocate,StructSplat quadtree-WSE residual-add growth plus split-scheduled residual relocation.,same-growth+relocate,0.9826666712760925,0.0019663095008581877,640,0.09821055084466934,l1,27.0634822845459,results/fair_gaussian_variants_20260709_best_candidates/reconstructions/COCO_train2014_000000000009/640/seed1_structsplat_quadtree_wse_residual_relocate.png,20,0.25,4,at_split,cuda,,,,,1,tests/test_images/COCO_train2014_000000000009.jpg,0.9003830552101135,0.3,320,0.5,320,ok,False,False,results/fair_gaussian_variants_20260709_best_candidates/targets/COCO_train2014_000000000009.png,1.603856086730957,,160
False,23.308128860527145,,none,,12.0,640,12.0,2.727776288986206,8.883169174194336,1.3705658912658691,residual_add,4,120,COCO_train2014_000000000009,0.16836261749267578,500,500,1.0,none,,28.42435646057129,0.026912512257695198,160,structsplat_quadtree_wse_residual_featurecap,SS qt-WSE + residual feature cap,StructSplat quadtree-WSE residual-add growth with feature-adaptive scale caps.,same-growth+feature-cap,0.9830316305160522,0.001906947116367519,640,0.0967605859041214,l1,27.19661521911621,results/fair_gaussian_variants_20260709_best_candidates/reconstructions/COCO_train2014_000000000009/640/seed1_structsplat_quadtree_wse_residual_featurecap.png,,,,,cuda,12.0,12.0,160.0,feature,1,tests/test_images/COCO_train2014_000000000009.jpg,0.9014354348182678,0.3,320,0.5,320,ok,False,False,results/fair_gaussian_variants_20260709_best_candidates/targets/COCO_train2014_000000000009.png,1.538928508758545,,160
False,23.590910545570818,,none,,,640,97.5566635131836,3.6364479064941406,10.697430610656738,1.3168034553527832,residual_add,4,120,COCO_train2014_000000000009,0.1685013771057129,500,500,1.0,none,,28.475828170776367,0.026645198464393616,160,structsplat_quadtree_wse_residual_feature_rel,SS qt-WSE + residual feature-rel cap,StructSplat quadtree-WSE residual-add growth with feature-relative local-radius caps.,same-growth+feature-rel-cap,0.9830797910690308,0.001853685942478478,640,0.09605372697114944,l1,27.319639205932617,results/fair_gaussian_variants_20260709_best_candidates/reconstructions/COCO_train2014_000000000009/640/seed1_structsplat_quadtree_wse_residual_feature_rel.png,,,,,cuda,,,,feature_rel,1,tests/test_images/COCO_train2014_000000000009.jpg,0.9027156829833984,0.3,320,0.5,320,ok,False,False,results/fair_gaussian_variants_20260709_best_candidates/targets/COCO_train2014_000000000009.png,1.485304832458496,,160
False,23.621542789176374,,none,,,640,159.9126739501953,4.547141075134277,15.589478492736816,1.4035348892211914,residual_tensor_add,4,120,COCO_train2014_000000000009,0.16734719276428223,500,500,1.0,none,,28.348100662231445,0.0269879512488842,160,structsplat_quadtree_wse_tensor,SS qt-WSE + tensor,StructSplat quadtree-WSE initializer plus tensor-aware residual growth.,tensor-growth,0.9825072884559631,0.0019070092821493745,640,0.096494659781456,l1,27.19647216796875,results/fair_gaussian_variants_20260709_best_candidates/reconstructions/COCO_train2014_000000000009/640/seed1_structsplat_quadtree_wse_tensor.png,,,,,cuda,,,,,1,tests/test_images/COCO_train2014_000000000009.jpg,0.9013300538063049,0.3,320,0.5,320,ok,False,False,results/fair_gaussian_variants_20260709_best_candidates/targets/COCO_train2014_000000000009.png,1.5708820819854736,,160
False,23.427440414925616,,none,,12.0,640,12.0,2.7393012046813965,8.695959091186523,1.334179162979126,residual_tensor_add,4,120,COCO_train2014_000000000009,0.17261815071105957,500,500,1.0,none,,28.594993591308594,0.026251429691910744,160,structsplat_quadtree_wse_tensor_featurecap,SS qt-WSE + tensor feature cap,StructSplat quadtree-WSE tensor-aware residual growth with feature-adaptive scale caps.,tensor-growth+feature-cap,0.9828971028327942,0.0018123165937140584,640,0.09359872341156006,l1,27.417659759521484,results/fair_gaussian_variants_20260709_best_candidates/reconstructions/COCO_train2014_000000000009/640/seed1_structsplat_quadtree_wse_tensor_featurecap.png,,,,,cuda,12.0,12.0,160.0,feature,1,tests/test_images/COCO_train2014_000000000009.jpg,0.9032978415489197,0.3,320,0.5,320,ok,False,False,results/fair_gaussian_variants_20260709_best_candidates/targets/COCO_train2014_000000000009.png,1.5067973136901855,,160
False,23.555633910911116,,none,,,640,93.13565826416016,3.9310035705566406,11.338438034057617,1.2886171340942383,residual_tensor_add,4,120,COCO_train2014_000000000009,0.16881585121154785,500,500,1.0,none,,28.247295379638672,0.027147704735398293,160,structsplat_quadtree_wse_tensor_feature_rel,SS qt-WSE + tensor feature-rel cap,StructSplat quadtree-WSE tensor-aware residual growth with feature-relative local-radius caps.,tensor-growth+feature-rel-cap,0.981730580329895,0.0019594375044107437,640,0.09723646193742752,l1,27.078685760498047,results/fair_gaussian_variants_20260709_best_candidates/reconstructions/COCO_train2014_000000000009/640/seed1_structsplat_quadtree_wse_tensor_feature_rel.png,,,,,cuda,,,,feature_rel,1,tests/test_images/COCO_train2014_000000000009.jpg,0.898209273815155,0.3,320,0.5,320,ok,False,False,results/fair_gaussian_variants_20260709_best_candidates/targets/COCO_train2014_000000000009.png,1.4574329853057861,,160
False,23.554440584354744,,none,,,640,147.3926544189453,4.7122087478637695,15.438611030578613,1.3087475299835205,residual_tensor_add,4,120,COCO_train2014_000000000009,0.07642340660095215,500,500,1.0,none,,28.176143646240234,0.027523748576641083,160,structsplat_quadtree_hybrid_tensor,SS qt-hybrid + tensor,StructSplat quadtree-hybrid initializer plus tensor-aware residual growth.,tensor-growth,0.982856273651123,0.0019727947656065226,640,0.0989939421415329,l1,27.04918098449707,results/fair_gaussian_variants_20260709_best_candidates/reconstructions/COCO_train2014_000000000009/640/seed1_structsplat_quadtree_hybrid_tensor.png,,,,,cuda,,,,,1,tests/test_images/COCO_train2014_000000000009.jpg,0.9034128189086914,0.3,320,0.5,320,ok,False,False,results/fair_gaussian_variants_20260709_best_candidates/targets/COCO_train2014_000000000009.png,1.3851709365844727,,160
False,22.87110601493973,,none,,,640,160.00001525878906,5.0410895347595215,18.899728775024414,1.3117237091064453,residual_tensor_add,4,120,COCO_train2014_000000000009,0.030282258987426758,500,500,1.0,none,,27.77373504638672,0.029127737507224083,160,floyd_steinberg_tensor,Floyd + tensor,Floyd-Steinberg placement control plus tensor-aware residual growth.,tensor-growth-control,0.9802457094192505,0.002139078686013818,640,0.1032445877790451,l1,26.697731018066406,results/fair_gaussian_variants_20260709_best_candidates/reconstructions/COCO_train2014_000000000009/640/seed1_floyd_steinberg_tensor.png,,,,,cuda,,,,,1,tests/test_images/COCO_train2014_000000000009.jpg,0.8913512825965881,0.3,320,0.5,320,ok,False,False,results/fair_gaussian_variants_20260709_best_candidates/targets/COCO_train2014_000000000009.png,1.342005968093872,,160
False,23.118449157607817,,none,,12.0,640,12.0,2.570725202560425,8.121760368347168,1.2581071853637695,residual_tensor_add,5,106,COCO_train2014_000000000025,0.05883288383483887,500,500,1.0,none,,25.452356338500977,0.038036178797483444,160,structsplat_best_default,SS best default,"Pinned current Gaussian-image winner: aniso_onedge + WSE, feature cap 12@160, tensor-aware residual growth, 5 growth waves, L1 + 0.3 SSIM.",best-default,0.9673176407814026,0.002957703312858939,640,0.11586667597293854,l1,25.290454864501953,results/fair_gaussian_variants_20260709_best_candidates/reconstructions/COCO_train2014_000000000025/640/seed0_structsplat_best_default.png,,,,,cuda,12.0,12.0,160.0,feature,0,tests/test_images/COCO_train2014_000000000025.jpg,0.8251506090164185,0.3,320,0.5,320,ok,False,False,results/fair_gaussian_variants_20260709_best_candidates/targets/COCO_train2014_000000000025.png,1.3169400691986084,,160
False,23.267012619064424,,none,,12.0,640,12.0,2.622903823852539,8.460870742797852,1.3440992832183838,residual_tensor_add,5,106,COCO_train2014_000000000025,0.05596518516540527,500,500,1.0,none,,25.35988998413086,0.03725045546889305,160,structsplat_best_ssim010,SS best + SSIM 0.10,Best default geometry/growth with SSIM weight lowered to 0.10 for lower pixel diff.,best-loss-sweep,0.966781735420227,0.0029989902395755053,640,0.11782775074243546,l1,25.23025131225586,results/fair_gaussian_variants_20260709_best_candidates/reconstructions/COCO_train2014_000000000025/640/seed0_structsplat_best_ssim010.png,,,,,cuda,12.0,12.0,160.0,feature,0,tests/test_images/COCO_train2014_000000000025.jpg,0.8097508549690247,0.1,320,0.5,320,ok,False,False,results/fair_gaussian_variants_20260709_best_candidates/targets/COCO_train2014_000000000025.png,1.400064468383789,,160
False,22.820322036743164,,none,,12.0,640,12.0,2.8556289672851562,8.818047523498535,0.9186422824859619,residual_tensor_add,5,106,COCO_train2014_000000000025,0.05726504325866699,500,500,1.0,none,,24.73670768737793,0.03897088021039963,160,structsplat_best_l1_only,SS best + L1 only,Best default geometry/growth with pure L1 pixel loss and no SSIM term.,best-loss-sweep,0.9565715789794922,0.003442902583628893,640,0.12997771799564362,l1,24.630754470825195,results/fair_gaussian_variants_20260709_best_candidates/reconstructions/COCO_train2014_000000000025/640/seed0_structsplat_best_l1_only.png,,,,,cuda,12.0,12.0,160.0,feature,0,tests/test_images/COCO_train2014_000000000025.jpg,0.762077271938324,0.0,320,0.5,320,ok,False,False,results/fair_gaussian_variants_20260709_best_candidates/targets/COCO_train2014_000000000025.png,0.9759073257446289,,160
False,23.21721010265465,,none,,12.0,640,12.0,2.5942256450653076,8.023775100708008,1.350459098815918,residual_tensor_add,5,106,COCO_train2014_000000000025,0.058118581771850586,500,500,1.0,none,,25.376293182373047,0.03733610734343529,160,structsplat_best_charbonnier,SS best + Charbonnier,Best default geometry/growth with Charbonnier pixel loss and SSIM weight 0.10.,best-loss-sweep,0.9643378257751465,0.0029889331199228764,640,0.11906097084283829,charbonnier,25.244836807250977,results/fair_gaussian_variants_20260709_best_candidates/reconstructions/COCO_train2014_000000000025/640/seed0_structsplat_best_charbonnier.png,,,,,cuda,12.0,12.0,160.0,feature,0,tests/test_images/COCO_train2014_000000000025.jpg,0.8061457276344299,0.1,320,0.5,320,ok,False,False,results/fair_gaussian_variants_20260709_best_candidates/targets/COCO_train2014_000000000025.png,1.4085776805877686,,160
False,23.194112412676304,,none,,12.0,640,12.0,2.5479137897491455,8.285683631896973,1.3670549392700195,residual_tensor_add,5,106,COCO_train2014_000000000025,0.05680251121520996,500,500,1.0,tensor,,25.433544158935547,0.03811145946383476,160,structsplat_best_tensor_loss,SS best + tensor loss,Best default geometry/growth with tensor-weighted pixel loss to emphasize edges.,best-edge-loss,0.9653962850570679,0.002946048742160201,640,0.11663686484098434,l1,25.307601928710938,results/fair_gaussian_variants_20260709_best_candidates/reconstructions/COCO_train2014_000000000025/640/seed0_structsplat_best_tensor_loss.png,,,,,cuda,12.0,12.0,160.0,feature,0,tests/test_images/COCO_train2014_000000000025.jpg,0.820562481880188,0.3,320,0.5,320,ok,False,False,results/fair_gaussian_variants_20260709_best_candidates/targets/COCO_train2014_000000000025.png,1.4238574504852295,,160
False,23.088934355603907,,final,,12.0,640,12.0,2.531742572784424,8.221444129943848,1.4831414222717285,residual_tensor_add,5,106,COCO_train2014_000000000025,0.05567431449890137,500,500,1.0,none,,25.4965877532959,0.03828505426645279,160,structsplat_best_color_final,SS best + final color solve,Best default geometry/growth with a final fixed-geometry RGB least-squares color solve.,best-color-polish,0.9664932489395142,0.0029150117188692093,640,0.1153346598148346,l1,25.353599548339844,results/fair_gaussian_variants_20260709_best_candidates/reconstructions/COCO_train2014_000000000025/640/seed0_structsplat_best_color_final.png,,,,,cuda,12.0,12.0,160.0,feature,0,tests/test_images/COCO_train2014_000000000025.jpg,0.8146172761917114,0.3,320,0.5,320,ok,False,False,results/fair_gaussian_variants_20260709_best_candidates/targets/COCO_train2014_000000000025.png,1.5388157367706299,,160
False,23.035018009269884,,none,,12.0,640,12.0,2.730727434158325,8.571314811706543,1.5439953804016113,residual_tensor_add+relocate,5,106,COCO_train2014_000000000025,0.05802345275878906,500,500,1.0,none,,25.223674774169922,0.03924250602722168,160,structsplat_best_relocate,SS best + split relocate,Best default geometry/growth plus split-scheduled residual relocation.,best-relocate,0.9650782346725464,0.0030880130361765623,640,0.11839290708303452,l1,25.10321044921875,results/fair_gaussian_variants_20260709_best_candidates/reconstructions/COCO_train2014_000000000025/640/seed0_structsplat_best_relocate.png,16,0.25,4,at_split,cuda,12.0,12.0,160.0,feature,0,tests/test_images/COCO_train2014_000000000025.jpg,0.8162575960159302,0.3,320,0.5,320,ok,False,False,results/fair_gaussian_variants_20260709_best_candidates/targets/COCO_train2014_000000000025.png,1.6020188331604004,,160
True,24.091701908914263,,none,,12.0,640,12.0,2.492502450942993,8.116641998291016,1.325362205505371,residual_tensor_add,5,106,COCO_train2014_000000000025,0.056130409240722656,500,500,1.0,none,,27.284828186035156,0.030837491154670715,160,structsplat_best_adaptive_1p5x,SS best + adaptive 1.5x cap,Best default warm start with adaptive residual growth allowed up to 1.5x the requested cap.,best-adaptive-capacity,0.979289174079895,0.0019655870273709297,960,0.09453004598617554,l1,27.065078735351562,results/fair_gaussian_variants_20260709_best_candidates/reconstructions/COCO_train2014_000000000025/640/seed0_structsplat_best_adaptive_1p5x.png,,,,,cuda,12.0,12.0,160.0,feature,0,tests/test_images/COCO_train2014_000000000025.jpg,0.8773119449615479,0.3,320,0.5,320,ok,False,False,results/fair_gaussian_variants_20260709_best_candidates/targets/COCO_train2014_000000000025.png,1.3814926147460938,960,160
False,23.4472463126173,,none,,,640,132.71646118164062,3.88608717918396,12.586807250976562,1.363654613494873,none,4,106,COCO_train2014_000000000025,0.0008752346038818359,500,500,1.0,none,,24.483890533447266,0.03975902125239372,160,gaussianimage_fixed_full,GaussianImage fixed,GaussianImage-style random fixed-count control; starts at the final cap and does not grow.,fixed-full,0.9665968418121338,0.0035995596554130316,640,0.1248200312256813,l1,24.4375057220459,results/fair_gaussian_variants_20260709_best_candidates/reconstructions/COCO_train2014_000000000025/640/seed0_gaussianimage_fixed_full.png,,,,,cuda,,,,,0,tests/test_images/COCO_train2014_000000000025.jpg,0.8326966166496277,0.3,320,0.5,640,ok,False,False,results/fair_gaussian_variants_20260709_best_candidates/targets/COCO_train2014_000000000025.png,1.3645298480987549,,160
False,22.277908757119953,,none,,,640,160.00001525878906,4.134957313537598,16.287996292114258,1.3324477672576904,residual_add,4,106,COCO_train2014_000000000025,0.00107574462890625,500,500,1.0,none,,25.49123764038086,0.03794485703110695,160,gaussianimage_plus_residual,GaussianImage++ residual,GaussianImage++-style analogue: random half-budget start plus residual-add growth.,repo-growth,0.9695396423339844,0.0029335159342736006,640,0.11622004956007004,l1,25.32611656188965,results/fair_gaussian_variants_20260709_best_candidates/reconstructions/COCO_train2014_000000000025/640/seed0_gaussianimage_plus_residual.png,,,,,cuda,,,,,0,tests/test_images/COCO_train2014_000000000025.jpg,0.8295316100120544,0.3,320,0.5,320,ok,False,False,results/fair_gaussian_variants_20260709_best_candidates/targets/COCO_train2014_000000000025.png,1.3335235118865967,,160
False,22.369783439712677,,none,,,640,117.14997100830078,4.138815402984619,15.208104133605957,1.3476510047912598,residual_add,4,106,COCO_train2014_000000000025,0.0040934085845947266,500,500,1.0,none,,25.284517288208008,0.03889404982328415,160,image_gs_residual,Image-GS residual,Image-GS-style analogue: gradient-density random half-budget start plus residual-add growth.,repo-growth,0.9676063060760498,0.003063012845814228,640,0.11829414963722229,l1,25.138511657714844,results/fair_gaussian_variants_20260709_best_candidates/reconstructions/COCO_train2014_000000000025/640/seed0_image_gs_residual.png,,,,,cuda,,,,,0,tests/test_images/COCO_train2014_000000000025.jpg,0.8245404362678528,0.3,320,0.5,320,ok,False,False,results/fair_gaussian_variants_20260709_best_candidates/targets/COCO_train2014_000000000025.png,1.3517444133758545,,160
False,,,none,RuntimeError: Instant-GI methods require STRUCTSPLAT_INSTANT_GI=/path/to/quard_image.py; unset -> this method is skipped.,,640,,,,,,4,106,COCO_train2014_000000000025,,,500,1.0,none,,,,160,instant_gi_quadtree_fixed,Instant-GI quadtree,Instant-GI quadtree/Delaunay fallback if STRUCTSPLAT_INSTANT_GI is configured; fixed count.,fixed-full,,,,,l1,,,,,,,cuda,,,,,0,tests/test_images/COCO_train2014_000000000025.jpg,,0.3,320,0.5,,error,,False,results/fair_gaussian_variants_20260709_best_candidates/targets/COCO_train2014_000000000025.png,,,160
False,22.7870527680269,,none,,,640,89.80516815185547,4.028199672698975,14.57779598236084,1.3597602844238281,residual_add,4,106,COCO_train2014_000000000025,0.06495165824890137,500,500,1.0,none,,25.466489791870117,0.03834876790642738,160,structsplat_onedge_residual,SS on-edge + residual,StructSplat on-edge initializer under the same residual-add growth as external analogues.,same-growth,0.9687005877494812,0.002949558664113283,640,0.11722352355718613,l1,25.302431106567383,results/fair_gaussian_variants_20260709_best_candidates/reconstructions/COCO_train2014_000000000025/640/seed0_structsplat_onedge_residual.png,,,,,cuda,,,,,0,tests/test_images/COCO_train2014_000000000025.jpg,0.8282918930053711,0.3,320,0.5,320,ok,False,False,results/fair_gaussian_variants_20260709_best_candidates/targets/COCO_train2014_000000000025.png,1.4247119426727295,,160
False,22.577322359792216,,none,,,640,160.00001525878906,4.576765537261963,18.245342254638672,1.4520142078399658,residual_add+relocate,4,106,COCO_train2014_000000000025,0.05810236930847168,500,500,1.0,none,,25.323158264160156,0.038926441222429276,160,structsplat_onedge_residual_relocate,SS on-edge + residual relocate,StructSplat on-edge residual-add growth plus split-scheduled residual relocation.,same-growth+relocate,0.9674164056777954,0.0030546702910214663,640,0.11734993010759354,l1,25.150358200073242,results/fair_gaussian_variants_20260709_best_candidates/reconstructions/COCO_train2014_000000000025/640/seed0_structsplat_onedge_residual_relocate.png,20,0.25,4,at_split,cuda,,,,,0,tests/test_images/COCO_train2014_000000000025.jpg,0.8265858292579651,0.3,320,0.5,320,ok,False,False,results/fair_gaussian_variants_20260709_best_candidates/targets/COCO_train2014_000000000025.png,1.5101165771484375,,160
False,22.561163221905847,,none,,12.0,640,12.0,2.547910213470459,7.904123783111572,1.4027726650238037,residual_add,4,106,COCO_train2014_000000000025,0.05717301368713379,500,500,1.0,none,,25.564842224121094,0.037566885352134705,160,structsplat_onedge_residual_featurecap,SS on-edge + residual feature cap,StructSplat on-edge residual-add growth with feature-adaptive per-Gaussian scale caps.,same-growth+feature-cap,0.9683099985122681,0.002853959798812866,640,0.11421432346105576,l1,25.44552230834961,results/fair_gaussian_variants_20260709_best_candidates/reconstructions/COCO_train2014_000000000025/640/seed0_structsplat_onedge_residual_featurecap.png,,,,,cuda,12.0,12.0,160.0,feature,0,tests/test_images/COCO_train2014_000000000025.jpg,0.8276450037956238,0.3,320,0.5,320,ok,False,False,results/fair_gaussian_variants_20260709_best_candidates/targets/COCO_train2014_000000000025.png,1.4599456787109375,,160
False,22.874470085801487,,none,,,640,160.00001525878906,3.5902340412139893,11.84726619720459,1.377974033355713,residual_add,4,106,COCO_train2014_000000000025,0.05961346626281738,500,500,1.0,none,,25.642759323120117,0.03744422644376755,160,structsplat_onedge_residual_feature_rel,SS on-edge + residual feature-rel cap,StructSplat on-edge residual-add growth with feature-relative local-radius scale caps.,same-growth+feature-rel-cap,0.9690964221954346,0.0028285603038966656,640,0.11315688490867615,l1,25.48434829711914,results/fair_gaussian_variants_20260709_best_candidates/reconstructions/COCO_train2014_000000000025/640/seed0_structsplat_onedge_residual_feature_rel.png,,,,,cuda,,,,feature_rel,0,tests/test_images/COCO_train2014_000000000025.jpg,0.8308532238006592,0.3,320,0.5,320,ok,False,False,results/fair_gaussian_variants_20260709_best_candidates/targets/COCO_train2014_000000000025.png,1.4375874996185303,,160
False,22.75234660834731,,none,,,640,139.6843719482422,5.22638463973999,19.896617889404297,1.3852078914642334,residual_tensor_add,4,106,COCO_train2014_000000000025,0.06188678741455078,500,500,1.0,none,,25.409751892089844,0.038639869540929794,160,structsplat_onedge_tensor,SS on-edge + tensor,StructSplat on-edge initializer plus tensor-aware residual growth.,tensor-growth,0.9678369164466858,0.002985833678394556,640,0.11727779358625412,l1,25.249343872070312,results/fair_gaussian_variants_20260709_best_candidates/reconstructions/COCO_train2014_000000000025/640/seed0_structsplat_onedge_tensor.png,,,,,cuda,,,,,0,tests/test_images/COCO_train2014_000000000025.jpg,0.8300618529319763,0.3,320,0.5,320,ok,False,False,results/fair_gaussian_variants_20260709_best_candidates/targets/COCO_train2014_000000000025.png,1.4470946788787842,,160
False,22.693687656838335,,none,,12.0,640,12.0,2.7085483074188232,9.04832935333252,1.4228529930114746,residual_tensor_add,4,106,COCO_train2014_000000000025,0.059571027755737305,500,500,1.0,none,,25.284090042114258,0.03849174827337265,160,structsplat_onedge_tensor_featurecap,SS on-edge + tensor feature cap,StructSplat on-edge tensor-aware residual growth with feature-adaptive scale caps.,tensor-growth+feature-cap,0.9665188789367676,0.0030631371773779392,640,0.1162974089384079,l1,25.138338088989258,results/fair_gaussian_variants_20260709_best_candidates/reconstructions/COCO_train2014_000000000025/640/seed0_structsplat_onedge_tensor_featurecap.png,,,,,cuda,12.0,12.0,160.0,feature,0,tests/test_images/COCO_train2014_000000000025.jpg,0.8247592449188232,0.3,320,0.5,320,ok,False,False,results/fair_gaussian_variants_20260709_best_candidates/targets/COCO_train2014_000000000025.png,1.482424020767212,,160
False,22.72032017029359,,none,,,640,160.00001525878906,4.489821910858154,13.926806449890137,1.3791449069976807,residual_tensor_add,4,106,COCO_train2014_000000000025,0.06276249885559082,500,500,1.0,none,,25.37885284423828,0.03843837231397629,160,structsplat_onedge_tensor_feature_rel,SS on-edge + tensor feature-rel cap,StructSplat on-edge tensor-aware residual growth with feature-relative local-radius caps.,tensor-growth+feature-rel-cap,0.9677999019622803,0.002989675849676132,640,0.11699885129928589,l1,25.24376106262207,results/fair_gaussian_variants_20260709_best_candidates/reconstructions/COCO_train2014_000000000025/640/seed0_structsplat_onedge_tensor_feature_rel.png,,,,,cuda,,,,feature_rel,0,tests/test_images/COCO_train2014_000000000025.jpg,0.8249435424804688,0.3,320,0.5,320,ok,False,False,results/fair_gaussian_variants_20260709_best_candidates/targets/COCO_train2014_000000000025.png,1.4419074058532715,,160
False,22.760255972225824,,none,,,640,160.00001525878906,5.1038498878479,18.788145065307617,1.3555045127868652,residual_tensor_add,4,106,COCO_train2014_000000000025,0.0585176944732666,500,500,1.0,none,,25.410320281982422,0.03863191604614258,160,structsplat_flanking_tensor,SS flanking + tensor,StructSplat flanking initializer plus tensor-aware residual growth.,tensor-growth,0.9679505825042725,0.0029922041576355696,640,0.11779377609491348,l1,25.240089416503906,results/fair_gaussian_variants_20260709_best_candidates/reconstructions/COCO_train2014_000000000025/640/seed0_structsplat_flanking_tensor.png,,,,,cuda,,,,,0,tests/test_images/COCO_train2014_000000000025.jpg,0.8270692229270935,0.3,320,0.5,320,ok,False,False,results/fair_gaussian_variants_20260709_best_candidates/targets/COCO_train2014_000000000025.png,1.4140222072601318,,160
False,22.709652799403738,,none,,,640,155.30575561523438,4.826571941375732,17.505977630615234,1.3447630405426025,residual_add,4,106,COCO_train2014_000000000025,0.13428783416748047,500,500,1.0,none,,25.403545379638672,0.038432057946920395,160,structsplat_quadtree_wse_residual,SS qt-WSE + residual,StructSplat quadtree-WSE initializer under the same residual-add growth as external analogues.,same-growth,0.9675898551940918,0.0029836504254490137,640,0.11747156083583832,l1,25.252521514892578,results/fair_gaussian_variants_20260709_best_candidates/reconstructions/COCO_train2014_000000000025/640/seed0_structsplat_quadtree_wse_residual.png,,,,,cuda,,,,,0,tests/test_images/COCO_train2014_000000000025.jpg,0.8246303796768188,0.3,320,0.5,320,ok,False,False,results/fair_gaussian_variants_20260709_best_candidates/targets/COCO_train2014_000000000025.png,1.479050874710083,,160
False,22.466316704759617,,none,,,640,160.00001525878906,5.022032737731934,18.3346004486084,1.4726455211639404,residual_add+relocate,4,106,COCO_train2014_000000000025,0.13281750679016113,500,500,1.0,none,,25.11371421813965,0.03959731012582779,160,structsplat_quadtree_wse_residual_relocate,SS qt-WSE + residual relocate,StructSplat quadtree-WSE residual-add growth plus split-scheduled residual relocation.,same-growth+relocate,0.965401291847229,0.0031777021940797567,640,0.12203911691904068,l1,24.97886848449707,results/fair_gaussian_variants_20260709_best_candidates/reconstructions/COCO_train2014_000000000025/640/seed0_structsplat_quadtree_wse_residual_relocate.png,20,0.25,4,at_split,cuda,,,,,0,tests/test_images/COCO_train2014_000000000025.jpg,0.8181924819946289,0.3,320,0.5,320,ok,False,False,results/fair_gaussian_variants_20260709_best_candidates/targets/COCO_train2014_000000000025.png,1.6054630279541016,,160
False,22.49570673405527,,none,,12.0,640,12.0,2.499004364013672,7.991974830627441,1.4097211360931396,residual_add,4,106,COCO_train2014_000000000025,0.13593029975891113,500,500,1.0,none,,25.354520797729492,0.03830958530306816,160,structsplat_quadtree_wse_residual_featurecap,SS qt-WSE + residual feature cap,StructSplat quadtree-WSE residual-add growth with feature-adaptive scale caps.,same-growth+feature-cap,0.965945839881897,0.0029997522942721844,640,0.11897118389606476,l1,25.22914695739746,results/fair_gaussian_variants_20260709_best_candidates/reconstructions/COCO_train2014_000000000025/640/seed0_structsplat_quadtree_wse_residual_featurecap.png,,,,,cuda,12.0,12.0,160.0,feature,0,tests/test_images/COCO_train2014_000000000025.jpg,0.820580244064331,0.3,320,0.5,320,ok,False,False,results/fair_gaussian_variants_20260709_best_candidates/targets/COCO_train2014_000000000025.png,1.5456514358520508,,160
False,22.731008004091066,,none,,,640,160.00001525878906,3.8959221839904785,12.50758171081543,1.3306858539581299,residual_add,4,106,COCO_train2014_000000000025,0.16192626953125,500,500,1.0,none,,25.530860900878906,0.038010124117136,160,structsplat_quadtree_wse_residual_feature_rel,SS qt-WSE + residual feature-rel cap,StructSplat quadtree-WSE residual-add growth with feature-relative local-radius caps.,same-growth+feature-rel-cap,0.967728316783905,0.002900776220485568,640,0.1153922826051712,l1,25.374858856201172,results/fair_gaussian_variants_20260709_best_candidates/reconstructions/COCO_train2014_000000000025/640/seed0_structsplat_quadtree_wse_residual_feature_rel.png,,,,,cuda,,,,feature_rel,0,tests/test_images/COCO_train2014_000000000025.jpg,0.8250744342803955,0.3,320,0.5,320,ok,False,False,results/fair_gaussian_variants_20260709_best_candidates/targets/COCO_train2014_000000000025.png,1.4926121234893799,,160
False,22.70504330728718,,none,,,640,160.00001525878906,5.026795864105225,18.565351486206055,1.3438599109649658,residual_tensor_add,4,106,COCO_train2014_000000000025,0.1356353759765625,500,500,1.0,none,,25.389057159423828,0.038613349199295044,160,structsplat_quadtree_wse_tensor,SS qt-WSE + tensor,StructSplat quadtree-WSE initializer plus tensor-aware residual growth.,tensor-growth,0.9662076830863953,0.0030050789937376976,640,0.11672375351190567,l1,25.2214412689209,results/fair_gaussian_variants_20260709_best_candidates/reconstructions/COCO_train2014_000000000025/640/seed0_structsplat_quadtree_wse_tensor.png,,,,,cuda,,,,,0,tests/test_images/COCO_train2014_000000000025.jpg,0.8255965113639832,0.3,320,0.5,320,ok,False,False,results/fair_gaussian_variants_20260709_best_candidates/targets/COCO_train2014_000000000025.png,1.4794952869415283,,160
False,22.58932874675743,,none,,12.0,640,12.0,2.5292835235595703,8.523822784423828,1.3903424739837646,residual_tensor_add,4,106,COCO_train2014_000000000025,0.1336534023284912,500,500,1.0,none,,25.33111572265625,0.03853718191385269,160,structsplat_quadtree_wse_tensor_featurecap,SS qt-WSE + tensor feature cap,StructSplat quadtree-WSE tensor-aware residual growth with feature-adaptive scale caps.,tensor-growth+feature-cap,0.9649980664253235,0.003026992315426469,640,0.11713649332523346,l1,25.18988609313965,results/fair_gaussian_variants_20260709_best_candidates/reconstructions/COCO_train2014_000000000025/640/seed0_structsplat_quadtree_wse_tensor_featurecap.png,,,,,cuda,12.0,12.0,160.0,feature,0,tests/test_images/COCO_train2014_000000000025.jpg,0.81858229637146,0.3,320,0.5,320,ok,False,False,results/fair_gaussian_variants_20260709_best_candidates/targets/COCO_train2014_000000000025.png,1.5239958763122559,,160
False,22.6263335157253,,none,,,640,160.00001525878906,4.5619707107543945,14.387680053710938,1.3129687309265137,residual_tensor_add,4,106,COCO_train2014_000000000025,0.13266587257385254,500,500,1.0,none,,25.326204299926758,0.03855680674314499,160,structsplat_quadtree_wse_tensor_feature_rel,SS qt-WSE + tensor feature-rel cap,StructSplat quadtree-WSE tensor-aware residual growth with feature-relative local-radius caps.,tensor-growth+feature-rel-cap,0.9661669135093689,0.00302225723862648,640,0.11725791543722153,l1,25.196685791015625,results/fair_gaussian_variants_20260709_best_candidates/reconstructions/COCO_train2014_000000000025/640/seed0_structsplat_quadtree_wse_tensor_feature_rel.png,,,,,cuda,,,,feature_rel,0,tests/test_images/COCO_train2014_000000000025.jpg,0.8238778710365295,0.3,320,0.5,320,ok,False,False,results/fair_gaussian_variants_20260709_best_candidates/targets/COCO_train2014_000000000025.png,1.4456346035003662,,160
False,22.68448676948318,,none,,,640,160.00001525878906,5.409332752227783,20.275100708007812,1.468700647354126,residual_tensor_add,4,106,COCO_train2014_000000000025,0.07076573371887207,500,500,1.0,none,,25.23456382751465,0.03910822048783302,160,structsplat_quadtree_hybrid_tensor,SS qt-hybrid + tensor,StructSplat quadtree-hybrid initializer plus tensor-aware residual growth.,tensor-growth,0.9662282466888428,0.0030959323048591614,640,0.11860916018486023,l1,25.092086791992188,results/fair_gaussian_variants_20260709_best_candidates/reconstructions/COCO_train2014_000000000025/640/seed0_structsplat_quadtree_hybrid_tensor.png,,,,,cuda,,,,,0,tests/test_images/COCO_train2014_000000000025.jpg,0.8238440752029419,0.3,320,0.5,320,ok,False,False,results/fair_gaussian_variants_20260709_best_candidates/targets/COCO_train2014_000000000025.png,1.539466381072998,,160
False,22.463551045419695,,none,,,640,160.00001525878906,6.243593692779541,24.7796573638916,1.3330509662628174,residual_tensor_add,4,106,COCO_train2014_000000000025,0.029400110244750977,500,500,1.0,none,,24.968442916870117,0.04035116732120514,160,floyd_steinberg_tensor,Floyd + tensor,Floyd-Steinberg placement control plus tensor-aware residual growth.,tensor-growth-control,0.9636315703392029,0.003285549581050873,640,0.12234964221715927,l1,24.833919525146484,results/fair_gaussian_variants_20260709_best_candidates/reconstructions/COCO_train2014_000000000025/640/seed0_floyd_steinberg_tensor.png,,,,,cuda,,,,,0,tests/test_images/COCO_train2014_000000000025.jpg,0.8127137422561646,0.3,320,0.5,320,ok,False,False,results/fair_gaussian_variants_20260709_best_candidates/targets/COCO_train2014_000000000025.png,1.3624510765075684,,160
False,23.10428939888138,,none,,12.0,640,12.0,2.5613248348236084,8.229301452636719,1.2734506130218506,residual_tensor_add,5,106,COCO_train2014_000000000025,0.058255910873413086,500,500,1.0,none,,25.39173126220703,0.03837268054485321,160,structsplat_best_default,SS best default,"Pinned current Gaussian-image winner: aniso_onedge + WSE, feature cap 12@160, tensor-aware residual growth, 5 growth waves, L1 + 0.3 SSIM.",best-default,0.9660149216651917,0.002984887221828103,640,0.1174306720495224,l1,25.250720977783203,results/fair_gaussian_variants_20260709_best_candidates/reconstructions/COCO_train2014_000000000025/640/seed1_structsplat_best_default.png,,,,,cuda,12.0,12.0,160.0,feature,1,tests/test_images/COCO_train2014_000000000025.jpg,0.8194553852081299,0.3,320,0.5,320,ok,False,False,results/fair_gaussian_variants_20260709_best_candidates/targets/COCO_train2014_000000000025.png,1.3317065238952637,,160
False,23.235399569203715,,none,,12.0,640,12.0,2.759427309036255,9.058552742004395,1.254183053970337,residual_tensor_add,5,106,COCO_train2014_000000000025,0.05584263801574707,500,500,1.0,none,,25.341405868530273,0.037384118884801865,160,structsplat_best_ssim010,SS best + SSIM 0.10,Best default geometry/growth with SSIM weight lowered to 0.10 for lower pixel diff.,best-loss-sweep,0.9651801586151123,0.0030108399223536253,640,0.11892660707235336,l1,25.213125228881836,results/fair_gaussian_variants_20260709_best_candidates/reconstructions/COCO_train2014_000000000025/640/seed1_structsplat_best_ssim010.png,,,,,cuda,12.0,12.0,160.0,feature,1,tests/test_images/COCO_train2014_000000000025.jpg,0.8026950359344482,0.1,320,0.5,320,ok,False,False,results/fair_gaussian_variants_20260709_best_candidates/targets/COCO_train2014_000000000025.png,1.310025691986084,,160
False,22.785409418996686,,none,,12.0,640,12.0,2.9465692043304443,9.42432975769043,0.870596170425415,residual_tensor_add,5,106,COCO_train2014_000000000025,0.058606624603271484,500,500,1.0,none,,24.786279678344727,0.038511972874403,160,structsplat_best_l1_only,SS best + L1 only,Best default geometry/growth with pure L1 pixel loss and no SSIM term.,best-loss-sweep,0.955387532711029,0.0034148800186812878,640,0.1290861815214157,l1,24.666248321533203,results/fair_gaussian_variants_20260709_best_candidates/reconstructions/COCO_train2014_000000000025/640/seed1_structsplat_best_l1_only.png,,,,,cuda,12.0,12.0,160.0,feature,1,tests/test_images/COCO_train2014_000000000025.jpg,0.7637442350387573,0.0,320,0.5,320,ok,False,False,results/fair_gaussian_variants_20260709_best_candidates/targets/COCO_train2014_000000000025.png,0.9292027950286865,,160
False,23.196941815301745,,none,,12.0,640,12.0,2.7441885471343994,8.670554161071777,1.3127965927124023,residual_tensor_add,5,106,COCO_train2014_000000000025,0.05698108673095703,500,500,1.0,none,,25.24528694152832,0.03762397915124893,160,structsplat_best_charbonnier,SS best + Charbonnier,Best default geometry/growth with Charbonnier pixel loss and SSIM weight 0.10.,best-loss-sweep,0.963739812374115,0.0030793054029345512,640,0.11979926377534866,charbonnier,25.1154727935791,results/fair_gaussian_variants_20260709_best_candidates/reconstructions/COCO_train2014_000000000025/640/seed1_structsplat_best_charbonnier.png,,,,,cuda,12.0,12.0,160.0,feature,1,tests/test_images/COCO_train2014_000000000025.jpg,0.8021320104598999,0.1,320,0.5,320,ok,False,False,results/fair_gaussian_variants_20260709_best_candidates/targets/COCO_train2014_000000000025.png,1.3697776794433594,,160
False,23.12968826102828,,none,,12.0,640,12.0,2.5660502910614014,8.387552261352539,1.3477630615234375,residual_tensor_add,5,106,COCO_train2014_000000000025,0.05687451362609863,500,500,1.0,tensor,,25.28335952758789,0.038755979388952255,160,structsplat_best_tensor_loss,SS best + tensor loss,Best default geometry/growth with tensor-weighted pixel loss to emphasize edges.,best-edge-loss,0.9632347822189331,0.003053088905289769,640,0.11826767027378082,l1,25.152606964111328,results/fair_gaussian_variants_20260709_best_candidates/reconstructions/COCO_train2014_000000000025/640/seed1_structsplat_best_tensor_loss.png,,,,,cuda,12.0,12.0,160.0,feature,1,tests/test_images/COCO_train2014_000000000025.jpg,0.8153111338615417,0.3,320,0.5,320,ok,False,False,results/fair_gaussian_variants_20260709_best_candidates/targets/COCO_train2014_000000000025.png,1.4046375751495361,,160
False,23.10873212221868,,final,,12.0,640,12.0,2.575662136077881,8.216460227966309,1.5028016567230225,residual_tensor_add,5,106,COCO_train2014_000000000025,0.056708335876464844,500,500,1.0,none,,25.564056396484375,0.03819133713841438,160,structsplat_best_color_final,SS best + final color solve,Best default geometry/growth with a final fixed-geometry RGB least-squares color solve.,best-color-polish,0.9670703411102295,0.002858672523871064,640,0.11342287063598633,l1,25.438356399536133,results/fair_gaussian_variants_20260709_best_candidates/reconstructions/COCO_train2014_000000000025/640/seed1_structsplat_best_color_final.png,,,,,cuda,12.0,12.0,160.0,feature,1,tests/test_images/COCO_train2014_000000000025.jpg,0.8106067180633545,0.3,320,0.5,320,ok,False,False,results/fair_gaussian_variants_20260709_best_candidates/targets/COCO_train2014_000000000025.png,1.5595099925994873,,160
False,22.943495784828325,,none,,12.0,640,12.0,2.7711970806121826,8.46525764465332,1.4049248695373535,residual_tensor_add+relocate,5,106,COCO_train2014_000000000025,0.05603194236755371,500,500,1.0,none,,24.620933532714844,0.04086562618613243,160,structsplat_best_relocate,SS best + split relocate,Best default geometry/growth plus split-scheduled residual relocation.,best-relocate,0.9557636380195618,0.0035016662441194057,640,0.12324199825525284,l1,24.5572509765625,results/fair_gaussian_variants_20260709_best_candidates/reconstructions/COCO_train2014_000000000025/640/seed1_structsplat_best_relocate.png,16,0.25,4,at_split,cuda,12.0,12.0,160.0,feature,1,tests/test_images/COCO_train2014_000000000025.jpg,0.8048602342605591,0.3,320,0.5,320,ok,False,False,results/fair_gaussian_variants_20260709_best_candidates/targets/COCO_train2014_000000000025.png,1.4609568119049072,,160
True,24.000352999012552,,none,,12.0,640,12.0,2.582969903945923,8.333333969116211,1.2459328174591064,residual_tensor_add,5,106,COCO_train2014_000000000025,0.054453372955322266,500,500,1.0,none,,27.307518005371094,0.031104842200875282,160,structsplat_best_adaptive_1p5x,SS best + adaptive 1.5x cap,Best default warm start with adaptive residual growth allowed up to 1.5x the requested cap.,best-adaptive-capacity,0.9789294004440308,0.0019732951186597347,960,0.09527643024921417,l1,27.04808235168457,results/fair_gaussian_variants_20260709_best_candidates/reconstructions/COCO_train2014_000000000025/640/seed1_structsplat_best_adaptive_1p5x.png,,,,,cuda,12.0,12.0,160.0,feature,1,tests/test_images/COCO_train2014_000000000025.jpg,0.8752614855766296,0.3,320,0.5,320,ok,False,False,results/fair_gaussian_variants_20260709_best_candidates/targets/COCO_train2014_000000000025.png,1.3003861904144287,960,160
False,23.44135827387502,,none,,,640,160.00001525878906,4.1394805908203125,13.402725219726562,1.2705481052398682,none,4,106,COCO_train2014_000000000025,0.0008552074432373047,500,500,1.0,none,,24.68174171447754,0.03949011117219925,160,gaussianimage_fixed_full,GaussianImage fixed,GaussianImage-style random fixed-count control; starts at the final cap and does not grow.,fixed-full,0.9679523706436157,0.003520210273563862,640,0.12406767159700394,l1,24.534317016601562,results/fair_gaussian_variants_20260709_best_candidates/reconstructions/COCO_train2014_000000000025/640/seed1_gaussianimage_fixed_full.png,,,,,cuda,,,,,1,tests/test_images/COCO_train2014_000000000025.jpg,0.831980288028717,0.3,320,0.5,640,ok,False,False,results/fair_gaussian_variants_20260709_best_candidates/targets/COCO_train2014_000000000025.png,1.2714033126831055,,160
False,22.14842054026877,,none,,,640,160.00001525878906,4.852004528045654,19.068452835083008,1.280249834060669,residual_add,4,106,COCO_train2014_000000000025,0.0006887912750244141,500,500,1.0,none,,25.1975040435791,0.039278771728277206,160,gaussianimage_plus_residual,GaussianImage++ residual,GaussianImage++-style analogue: random half-budget start plus residual-add growth.,repo-growth,0.9668620228767395,0.003122376510873437,640,0.12008154392242432,l1,25.055145263671875,results/fair_gaussian_variants_20260709_best_candidates/reconstructions/COCO_train2014_000000000025/640/seed1_gaussianimage_plus_residual.png,,,,,cuda,,,,,1,tests/test_images/COCO_train2014_000000000025.jpg,0.8215727806091309,0.3,320,0.5,320,ok,False,False,results/fair_gaussian_variants_20260709_best_candidates/targets/COCO_train2014_000000000025.png,1.2809386253356934,,160
False,22.301630532335423,,none,,,640,160.00001525878906,4.278270244598389,14.689473152160645,1.3029606342315674,residual_add,4,106,COCO_train2014_000000000025,0.008771419525146484,500,500,1.0,none,,25.35223960876465,0.038657333701848984,160,image_gs_residual,Image-GS residual,Image-GS-style analogue: gradient-density random half-budget start plus residual-add growth.,repo-growth,0.9685357809066772,0.0030374496709555387,640,0.11883138120174408,l1,25.174911499023438,results/fair_gaussian_variants_20260709_best_candidates/reconstructions/COCO_train2014_000000000025/640/seed1_image_gs_residual.png,,,,,cuda,,,,,1,tests/test_images/COCO_train2014_000000000025.jpg,0.825444221496582,0.3,320,0.5,320,ok,False,False,results/fair_gaussian_variants_20260709_best_candidates/targets/COCO_train2014_000000000025.png,1.3117320537567139,,160
False,,,none,RuntimeError: Instant-GI methods require STRUCTSPLAT_INSTANT_GI=/path/to/quard_image.py; unset -> this method is skipped.,,640,,,,,,4,106,COCO_train2014_000000000025,,,500,1.0,none,,,,160,instant_gi_quadtree_fixed,Instant-GI quadtree,Instant-GI quadtree/Delaunay fallback if STRUCTSPLAT_INSTANT_GI is configured; fixed count.,fixed-full,,,,,l1,,,,,,,cuda,,,,,1,tests/test_images/COCO_train2014_000000000025.jpg,,0.3,320,0.5,,error,,False,results/fair_gaussian_variants_20260709_best_candidates/targets/COCO_train2014_000000000025.png,,,160
False,22.69147197325865,,none,,,640,96.7513198852539,4.529037952423096,17.448619842529297,1.236945390701294,residual_add,4,106,COCO_train2014_000000000025,0.05818676948547363,500,500,1.0,none,,25.308483123779297,0.03884882852435112,160,structsplat_onedge_residual,SS on-edge + residual,StructSplat on-edge initializer under the same residual-add growth as external analogues.,same-growth,0.967136561870575,0.003035478526726365,640,0.11818286776542664,l1,25.1777286529541,results/fair_gaussian_variants_20260709_best_candidates/reconstructions/COCO_train2014_000000000025/640/seed1_structsplat_onedge_residual.png,,,,,cuda,,,,,1,tests/test_images/COCO_train2014_000000000025.jpg,0.8232768774032593,0.3,320,0.5,320,ok,False,False,results/fair_gaussian_variants_20260709_best_candidates/targets/COCO_train2014_000000000025.png,1.2951321601867676,,160
False,22.439647361128507,,none,,,640,160.00001525878906,5.090918064117432,17.135663986206055,1.3408784866333008,residual_add+relocate,4,106,COCO_train2014_000000000025,0.0558774471282959,500,500,1.0,none,,25.23666763305664,0.03900761157274246,160,structsplat_onedge_residual_relocate,SS on-edge + residual relocate,StructSplat on-edge residual-add growth plus split-scheduled residual relocation.,same-growth+relocate,0.96568363904953,0.0030727318953722715,640,0.11862531304359436,l1,25.124752044677734,results/fair_gaussian_variants_20260709_best_candidates/reconstructions/COCO_train2014_000000000025/640/seed1_structsplat_onedge_residual_relocate.png,20,0.25,4,at_split,cuda,,,,,1,tests/test_images/COCO_train2014_000000000025.jpg,0.8194336295127869,0.3,320,0.5,320,ok,False,False,results/fair_gaussian_variants_20260709_best_candidates/targets/COCO_train2014_000000000025.png,1.3967559337615967,,160
False,22.553835610827367,,none,,12.0,640,12.0,2.5880324840545654,8.273259162902832,1.691911220550537,residual_add,4,106,COCO_train2014_000000000025,0.06767129898071289,500,500,1.0,none,,25.3745059967041,0.03829191252589226,160,structsplat_onedge_residual_featurecap,SS on-edge + residual feature cap,StructSplat on-edge residual-add growth with feature-adaptive per-Gaussian scale caps.,same-growth+feature-cap,0.9657179713249207,0.002997269621118903,640,0.11719556152820587,l1,25.232742309570312,results/fair_gaussian_variants_20260709_best_candidates/reconstructions/COCO_train2014_000000000025/640/seed1_structsplat_onedge_residual_featurecap.png,,,,,cuda,12.0,12.0,160.0,feature,1,tests/test_images/COCO_train2014_000000000025.jpg,0.8186150789260864,0.3,320,0.5,320,ok,False,False,results/fair_gaussian_variants_20260709_best_candidates/targets/COCO_train2014_000000000025.png,1.75958251953125,,160
False,22.821874756134584,,none,,,640,160.00001525878906,4.003082275390625,13.219846725463867,1.737123966217041,residual_add,4,106,COCO_train2014_000000000025,0.0675499439239502,500,500,1.0,none,,25.473297119140625,0.03823761269450188,160,structsplat_onedge_residual_feature_rel,SS on-edge + residual feature-rel cap,StructSplat on-edge residual-add growth with feature-relative local-radius scale caps.,same-growth+feature-rel-cap,0.9674262404441833,0.0029496222268790007,640,0.11620573699474335,l1,25.302337646484375,results/fair_gaussian_variants_20260709_best_candidates/reconstructions/COCO_train2014_000000000025/640/seed1_structsplat_onedge_residual_feature_rel.png,,,,,cuda,,,,feature_rel,1,tests/test_images/COCO_train2014_000000000025.jpg,0.8257766962051392,0.3,320,0.5,320,ok,False,False,results/fair_gaussian_variants_20260709_best_candidates/targets/COCO_train2014_000000000025.png,1.8046739101409912,,160
False,22.679477156522516,,none,,,640,155.27577209472656,5.0552191734313965,17.917598724365234,1.698760986328125,residual_tensor_add,4,106,COCO_train2014_000000000025,0.06387114524841309,500,500,1.0,none,,25.290008544921875,0.03880919888615608,160,structsplat_onedge_tensor,SS on-edge + tensor,StructSplat on-edge initializer plus tensor-aware residual growth.,tensor-growth,0.9666303396224976,0.003062883159145713,640,0.11879902333021164,l1,25.13869857788086,results/fair_gaussian_variants_20260709_best_candidates/reconstructions/COCO_train2014_000000000025/640/seed1_structsplat_onedge_tensor.png,,,,,cuda,,,,,1,tests/test_images/COCO_train2014_000000000025.jpg,0.8244258165359497,0.3,320,0.5,320,ok,False,False,results/fair_gaussian_variants_20260709_best_candidates/targets/COCO_train2014_000000000025.png,1.762632131576538,,160
False,22.747234170565864,,none,,12.0,640,12.0,2.4994804859161377,8.0740966796875,1.7336006164550781,residual_tensor_add,4,106,COCO_train2014_000000000025,0.06644964218139648,500,500,1.0,none,,25.376054763793945,0.0383044108748436,160,structsplat_onedge_tensor_featurecap,SS on-edge + tensor feature cap,StructSplat on-edge tensor-aware residual growth with feature-adaptive scale caps.,tensor-growth+feature-cap,0.9655135273933411,0.002980128163471818,640,0.11564867943525314,l1,25.257648468017578,results/fair_gaussian_variants_20260709_best_candidates/reconstructions/COCO_train2014_000000000025/640/seed1_structsplat_onedge_tensor_featurecap.png,,,,,cuda,12.0,12.0,160.0,feature,1,tests/test_images/COCO_train2014_000000000025.jpg,0.8203387260437012,0.3,320,0.5,320,ok,False,False,results/fair_gaussian_variants_20260709_best_candidates/targets/COCO_train2014_000000000025.png,1.8000502586364746,,160
False,22.728125054277257,,none,,,640,160.00001525878906,4.321421146392822,14.885080337524414,1.6157753467559814,residual_tensor_add,4,106,COCO_train2014_000000000025,0.06666111946105957,500,500,1.0,none,,25.366519927978516,0.0385771282017231,160,structsplat_onedge_tensor_feature_rel,SS on-edge + tensor feature-rel cap,StructSplat on-edge tensor-aware residual growth with feature-relative local-radius caps.,tensor-growth+feature-rel-cap,0.9671656489372253,0.003007794264703989,640,0.11736205220222473,l1,25.217517852783203,results/fair_gaussian_variants_20260709_best_candidates/reconstructions/COCO_train2014_000000000025/640/seed1_structsplat_onedge_tensor_feature_rel.png,,,,,cuda,,,,feature_rel,1,tests/test_images/COCO_train2014_000000000025.jpg,0.8241502642631531,0.3,320,0.5,320,ok,False,False,results/fair_gaussian_variants_20260709_best_candidates/targets/COCO_train2014_000000000025.png,1.682436466217041,,160
False,22.800471703370732,,none,,,640,105.04390716552734,5.108489513397217,20.315427780151367,1.261307716369629,residual_tensor_add,4,106,COCO_train2014_000000000025,0.055450439453125,500,500,1.0,none,,25.34378433227539,0.038903672248125076,160,structsplat_flanking_tensor,SS flanking + tensor,StructSplat flanking initializer plus tensor-aware residual growth.,tensor-growth,0.9664784073829651,0.003022686345502734,640,0.1185188964009285,l1,25.19607162475586,results/fair_gaussian_variants_20260709_best_candidates/reconstructions/COCO_train2014_000000000025/640/seed1_structsplat_flanking_tensor.png,,,,,cuda,,,,,1,tests/test_images/COCO_train2014_000000000025.jpg,0.8248472809791565,0.3,320,0.5,320,ok,False,False,results/fair_gaussian_variants_20260709_best_candidates/targets/COCO_train2014_000000000025.png,1.316758155822754,,160
False,22.733296789960537,,none,,,640,160.00001525878906,5.45219612121582,20.28807258605957,1.3450112342834473,residual_add,4,106,COCO_train2014_000000000025,0.12601089477539062,500,500,1.0,none,,25.267183303833008,0.03892764449119568,160,structsplat_quadtree_wse_residual,SS qt-WSE + residual,StructSplat quadtree-WSE initializer under the same residual-add growth as external analogues.,same-growth,0.9670205116271973,0.0030649250838905573,640,0.11871590465307236,l1,25.135801315307617,results/fair_gaussian_variants_20260709_best_candidates/reconstructions/COCO_train2014_000000000025/640/seed1_structsplat_quadtree_wse_residual.png,,,,,cuda,,,,,1,tests/test_images/COCO_train2014_000000000025.jpg,0.821291983127594,0.3,320,0.5,320,ok,False,False,results/fair_gaussian_variants_20260709_best_candidates/targets/COCO_train2014_000000000025.png,1.471022129058838,,160
False,22.594463331188134,,none,,,640,160.00001525878906,6.032168388366699,23.262086868286133,1.3732547760009766,residual_add+relocate,4,106,COCO_train2014_000000000025,0.1298198699951172,500,500,1.0,none,,25.15245246887207,0.0393977090716362,160,structsplat_quadtree_wse_residual_relocate,SS qt-WSE + residual relocate,StructSplat quadtree-WSE residual-add growth plus split-scheduled residual relocation.,same-growth+relocate,0.967143177986145,0.003135076491162181,640,0.12035327404737473,l1,25.037519454956055,results/fair_gaussian_variants_20260709_best_candidates/reconstructions/COCO_train2014_000000000025/640/seed1_structsplat_quadtree_wse_residual_relocate.png,20,0.25,4,at_split,cuda,,,,,1,tests/test_images/COCO_train2014_000000000025.jpg,0.820044219493866,0.3,320,0.5,320,ok,False,False,results/fair_gaussian_variants_20260709_best_candidates/targets/COCO_train2014_000000000025.png,1.5030746459960938,,160
False,22.477843796800755,,none,,12.0,640,12.0,2.610773801803589,8.487701416015625,1.2841455936431885,residual_add,4,106,COCO_train2014_000000000025,0.12864136695861816,500,500,1.0,none,,25.35536003112793,0.038267165422439575,160,structsplat_quadtree_wse_residual_featurecap,SS qt-WSE + residual feature cap,StructSplat quadtree-WSE residual-add growth with feature-adaptive scale caps.,same-growth+feature-cap,0.9660670161247253,0.0030009921174496412,640,0.11800436675548553,l1,25.227352142333984,results/fair_gaussian_variants_20260709_best_candidates/reconstructions/COCO_train2014_000000000025/640/seed1_structsplat_quadtree_wse_residual_featurecap.png,,,,,cuda,12.0,12.0,160.0,feature,1,tests/test_images/COCO_train2014_000000000025.jpg,0.8206926584243774,0.3,320,0.5,320,ok,False,False,results/fair_gaussian_variants_20260709_best_candidates/targets/COCO_train2014_000000000025.png,1.4127869606018066,,160
False,22.904095489180875,,none,,,640,139.21400451660156,4.569070339202881,16.557397842407227,1.2770953178405762,residual_add,4,106,COCO_train2014_000000000025,0.12834477424621582,500,500,1.0,none,,25.392932891845703,0.03851607069373131,160,structsplat_quadtree_wse_residual_feature_rel,SS qt-WSE + residual feature-rel cap,StructSplat quadtree-WSE residual-add growth with feature-relative local-radius caps.,same-growth+feature-rel-cap,0.9683293104171753,0.002988667692989111,640,0.11690165847539902,l1,25.24522590637207,results/fair_gaussian_variants_20260709_best_candidates/reconstructions/COCO_train2014_000000000025/640/seed1_structsplat_quadtree_wse_residual_feature_rel.png,,,,,cuda,,,,feature_rel,1,tests/test_images/COCO_train2014_000000000025.jpg,0.8235819935798645,0.3,320,0.5,320,ok,False,False,results/fair_gaussian_variants_20260709_best_candidates/targets/COCO_train2014_000000000025.png,1.405440092086792,,160
False,22.790098324089584,,none,,,640,160.00001525878906,5.597315788269043,18.86479377746582,1.325737476348877,residual_tensor_add,4,106,COCO_train2014_000000000025,0.12818694114685059,500,500,1.0,none,,25.29373550415039,0.039011310786008835,160,structsplat_quadtree_wse_tensor,SS qt-WSE + tensor,StructSplat quadtree-WSE initializer plus tensor-aware residual growth.,tensor-growth,0.9680953621864319,0.0030483994632959366,640,0.11853763461112976,l1,25.15928077697754,results/fair_gaussian_variants_20260709_best_candidates/reconstructions/COCO_train2014_000000000025/640/seed1_structsplat_quadtree_wse_tensor.png,,,,,cuda,,,,,1,tests/test_images/COCO_train2014_000000000025.jpg,0.8258153796195984,0.3,320,0.5,320,ok,False,False,results/fair_gaussian_variants_20260709_best_candidates/targets/COCO_train2014_000000000025.png,1.4539244174957275,,160
False,22.551247459136412,,none,,12.0,640,12.0,2.671468496322632,8.674410820007324,1.2541987895965576,residual_tensor_add,4,106,COCO_train2014_000000000025,0.13332271575927734,500,500,1.0,none,,25.370256423950195,0.03848731517791748,160,structsplat_quadtree_wse_tensor_featurecap,SS qt-WSE + tensor feature cap,StructSplat quadtree-WSE tensor-aware residual growth with feature-adaptive scale caps.,tensor-growth+feature-cap,0.9660323858261108,0.0030048168264329433,640,0.11725132912397385,l1,25.221820831298828,results/fair_gaussian_variants_20260709_best_candidates/reconstructions/COCO_train2014_000000000025/640/seed1_structsplat_quadtree_wse_tensor_featurecap.png,,,,,cuda,12.0,12.0,160.0,feature,1,tests/test_images/COCO_train2014_000000000025.jpg,0.8190577030181885,0.3,320,0.5,320,ok,False,False,results/fair_gaussian_variants_20260709_best_candidates/targets/COCO_train2014_000000000025.png,1.387521505355835,,160
False,22.751542637964526,,none,,,640,160.00001525878906,4.801072597503662,15.419393539428711,1.2804005146026611,residual_tensor_add,4,106,COCO_train2014_000000000025,0.12706804275512695,500,500,1.0,none,,25.195812225341797,0.038933802396059036,160,structsplat_quadtree_wse_tensor_feature_rel,SS qt-WSE + tensor feature-rel cap,StructSplat quadtree-WSE tensor-aware residual growth with feature-relative local-radius caps.,tensor-growth+feature-rel-cap,0.9676019549369812,0.0030995637644082308,640,0.11926764249801636,l1,25.08699607849121,results/fair_gaussian_variants_20260709_best_candidates/reconstructions/COCO_train2014_000000000025/640/seed1_structsplat_quadtree_wse_tensor_feature_rel.png,,,,,cuda,,,,feature_rel,1,tests/test_images/COCO_train2014_000000000025.jpg,0.8254133462905884,0.3,320,0.5,320,ok,False,False,results/fair_gaussian_variants_20260709_best_candidates/targets/COCO_train2014_000000000025.png,1.407468557357788,,160
False,22.700530893100286,,none,,,640,160.00001525878906,5.335618495941162,21.129310607910156,1.2188706398010254,residual_tensor_add,4,106,COCO_train2014_000000000025,0.07048153877258301,500,500,1.0,none,,25.334720611572266,0.03894061967730522,160,structsplat_quadtree_hybrid_tensor,SS qt-hybrid + tensor,StructSplat quadtree-hybrid initializer plus tensor-aware residual growth.,tensor-growth,0.9672515392303467,0.0030633974820375443,640,0.11845351755619049,l1,25.137968063354492,results/fair_gaussian_variants_20260709_best_candidates/reconstructions/COCO_train2014_000000000025/640/seed1_structsplat_quadtree_hybrid_tensor.png,,,,,cuda,,,,,1,tests/test_images/COCO_train2014_000000000025.jpg,0.825753927230835,0.3,320,0.5,320,ok,False,False,results/fair_gaussian_variants_20260709_best_candidates/targets/COCO_train2014_000000000025.png,1.2893521785736084,,160
False,22.43990250818715,,none,,,640,160.00001525878906,6.107887268066406,25.01509666442871,1.2254891395568848,residual_tensor_add,4,106,COCO_train2014_000000000025,0.026990652084350586,500,500,1.0,none,,25.1676082611084,0.039739418774843216,160,floyd_steinberg_tensor,Floyd + tensor,Floyd-Steinberg placement control plus tensor-aware residual growth.,tensor-growth-control,0.965327262878418,0.0031515522859990597,640,0.1202007308602333,l1,25.014755249023438,results/fair_gaussian_variants_20260709_best_candidates/reconstructions/COCO_train2014_000000000025/640/seed1_floyd_steinberg_tensor.png,,,,,cuda,,,,,1,tests/test_images/COCO_train2014_000000000025.jpg,0.8190850019454956,0.3,320,0.5,320,ok,False,False,results/fair_gaussian_variants_20260709_best_candidates/targets/COCO_train2014_000000000025.png,1.2524797916412354,,160
False,29.910056760172566,,none,,12.0,640,12.0,3.0513968467712402,9.568531036376953,1.2909400463104248,residual_tensor_add,5,107,COCO_train2014_000000000030,0.06074714660644531,500,500,1.0,none,,35.4693603515625,0.012689720839262009,160,structsplat_best_default,SS best default,"Pinned current Gaussian-image winner: aniso_onedge + WSE, feature cap 12@160, tensor-aware residual growth, 5 growth waves, L1 + 0.3 SSIM.",best-default,0.9910980463027954,0.00039912763168103993,640,0.042329445481300354,l1,33.9888801574707,results/fair_gaussian_variants_20260709_best_candidates/reconstructions/COCO_train2014_000000000030/640/seed0_structsplat_best_default.png,,,,,cuda,12.0,12.0,160.0,feature,0,tests/test_images/COCO_train2014_000000000030.jpg,0.9530784487724304,0.3,320,0.5,320,ok,False,False,results/fair_gaussian_variants_20260709_best_candidates/targets/COCO_train2014_000000000030.png,1.3516871929168701,,160
False,29.824297690917113,,none,,12.0,640,12.0,2.9784793853759766,9.168960571289062,1.253859519958496,residual_tensor_add,5,107,COCO_train2014_000000000030,0.06487584114074707,500,500,1.0,none,,35.09285354614258,0.012811248190701008,160,structsplat_best_ssim010,SS best + SSIM 0.10,Best default geometry/growth with SSIM weight lowered to 0.10 for lower pixel diff.,best-loss-sweep,0.9897435903549194,0.00043118782923556864,640,0.043771374970674515,l1,33.65333557128906,results/fair_gaussian_variants_20260709_best_candidates/reconstructions/COCO_train2014_000000000030/640/seed0_structsplat_best_ssim010.png,,,,,cuda,12.0,12.0,160.0,feature,0,tests/test_images/COCO_train2014_000000000030.jpg,0.9461767673492432,0.1,320,0.5,320,ok,False,False,results/fair_gaussian_variants_20260709_best_candidates/targets/COCO_train2014_000000000030.png,1.3187353610992432,,160
False,29.125925960426102,,none,,12.0,640,12.0,3.0825719833374023,9.957653999328613,0.9808270931243896,residual_tensor_add,5,107,COCO_train2014_000000000030,0.06344103813171387,500,500,1.0,none,,34.14533233642578,0.013439697213470936,160,structsplat_best_l1_only,SS best + L1 only,Best default geometry/growth with pure L1 pixel loss and no SSIM term.,best-loss-sweep,0.9870474338531494,0.0005165269831195474,640,0.0464937798678875,l1,32.86907196044922,results/fair_gaussian_variants_20260709_best_candidates/reconstructions/COCO_train2014_000000000030/640/seed0_structsplat_best_l1_only.png,,,,,cuda,12.0,12.0,160.0,feature,0,tests/test_images/COCO_train2014_000000000030.jpg,0.9325124025344849,0.0,320,0.5,320,ok,False,False,results/fair_gaussian_variants_20260709_best_candidates/targets/COCO_train2014_000000000030.png,1.0442681312561035,,160
False,29.931889832139255,,none,,12.0,640,12.0,2.920027017593384,9.0,1.2575397491455078,residual_tensor_add,5,107,COCO_train2014_000000000030,0.06388998031616211,500,500,1.0,none,,35.097076416015625,0.012770586647093296,160,structsplat_best_charbonnier,SS best + Charbonnier,Best default geometry/growth with Charbonnier pixel loss and SSIM weight 0.10.,best-loss-sweep,0.9895662069320679,0.0004277844855096191,640,0.04379371553659439,charbonnier,33.68775177001953,results/fair_gaussian_variants_20260709_best_candidates/reconstructions/COCO_train2014_000000000030/640/seed0_structsplat_best_charbonnier.png,,,,,cuda,12.0,12.0,160.0,feature,0,tests/test_images/COCO_train2014_000000000030.jpg,0.9458479285240173,0.1,320,0.5,320,ok,False,False,results/fair_gaussian_variants_20260709_best_candidates/targets/COCO_train2014_000000000030.png,1.32142972946167,,160
False,29.960798834989927,,none,,12.0,640,12.0,3.0038983821868896,9.82370376586914,1.4165911674499512,residual_tensor_add,5,107,COCO_train2014_000000000030,0.07114195823669434,500,500,1.0,tensor,,35.56797409057617,0.01263449713587761,160,structsplat_best_tensor_loss,SS best + tensor loss,Best default geometry/growth with tensor-weighted pixel loss to emphasize edges.,best-edge-loss,0.9912090301513672,0.0003925536584574729,640,0.04265943542122841,l1,34.06100845336914,results/fair_gaussian_variants_20260709_best_candidates/reconstructions/COCO_train2014_000000000030/640/seed0_structsplat_best_tensor_loss.png,,,,,cuda,12.0,12.0,160.0,feature,0,tests/test_images/COCO_train2014_000000000030.jpg,0.9530816078186035,0.3,320,0.5,320,ok,False,False,results/fair_gaussian_variants_20260709_best_candidates/targets/COCO_train2014_000000000030.png,1.4877331256866455,,160
False,29.983028818944653,,final,,12.0,640,12.0,3.0503549575805664,9.504511833190918,1.5938591957092285,residual_tensor_add,5,107,COCO_train2014_000000000030,0.06487584114074707,500,500,1.0,none,,35.68283462524414,0.012703602202236652,160,structsplat_best_color_final,SS best + final color solve,Best default geometry/growth with a final fixed-geometry RGB least-squares color solve.,best-color-polish,0.9909389615058899,0.0003813764196820557,640,0.04185984283685684,l1,34.18646240234375,results/fair_gaussian_variants_20260709_best_candidates/reconstructions/COCO_train2014_000000000030/640/seed0_structsplat_best_color_final.png,,,,,cuda,12.0,12.0,160.0,feature,0,tests/test_images/COCO_train2014_000000000030.jpg,0.9509642124176025,0.3,320,0.5,320,ok,False,False,results/fair_gaussian_variants_20260709_best_candidates/targets/COCO_train2014_000000000030.png,1.6587350368499756,,160
False,29.684970999050712,,none,,12.0,640,12.0,3.124993085861206,9.666400909423828,1.5302023887634277,residual_tensor_add+relocate,5,107,COCO_train2014_000000000030,0.06015276908874512,500,500,1.0,none,,35.0127067565918,0.013155260123312473,160,structsplat_best_relocate,SS best + split relocate,Best default geometry/growth plus split-scheduled residual relocation.,best-relocate,0.990969717502594,0.00043660905794240534,640,0.04461601749062538,l1,33.59907150268555,results/fair_gaussian_variants_20260709_best_candidates/reconstructions/COCO_train2014_000000000030/640/seed0_structsplat_best_relocate.png,16,0.25,4,at_split,cuda,12.0,12.0,160.0,feature,0,tests/test_images/COCO_train2014_000000000030.jpg,0.9518234729766846,0.3,320,0.5,320,ok,False,False,results/fair_gaussian_variants_20260709_best_candidates/targets/COCO_train2014_000000000030.png,1.5903551578521729,,160
True,30.577662532936355,,none,,12.0,640,12.0,2.924093008041382,9.182435035705566,1.4108331203460693,residual_tensor_add,5,107,COCO_train2014_000000000030,0.06651806831359863,500,500,1.0,none,,34.83489227294922,0.013328252360224724,160,structsplat_best_adaptive_1p5x,SS best + adaptive 1.5x cap,Best default warm start with adaptive residual growth allowed up to 1.5x the requested cap.,best-adaptive-capacity,0.9905859231948853,0.0004418512689881027,960,0.042886264622211456,l1,33.5472412109375,results/fair_gaussian_variants_20260709_best_candidates/reconstructions/COCO_train2014_000000000030/640/seed0_structsplat_best_adaptive_1p5x.png,,,,,cuda,12.0,12.0,160.0,feature,0,tests/test_images/COCO_train2014_000000000030.jpg,0.9550214409828186,0.3,320,0.5,320,ok,False,False,results/fair_gaussian_variants_20260709_best_candidates/targets/COCO_train2014_000000000030.png,1.477351188659668,960,160
False,29.270097881615282,,none,,,640,160.00001525878906,5.26594352722168,16.449024200439453,1.3702774047851562,none,4,107,COCO_train2014_000000000030,0.0015838146209716797,500,500,1.0,none,,32.40270233154297,0.013447062112390995,160,gaussianimage_fixed_full,GaussianImage fixed,GaussianImage-style random fixed-count control; starts at the final cap and does not grow.,fixed-full,0.9940230250358582,0.0007487090188078582,640,0.05371183902025223,l1,31.25687026977539,results/fair_gaussian_variants_20260709_best_candidates/reconstructions/COCO_train2014_000000000030/640/seed0_gaussianimage_fixed_full.png,,,,,cuda,,,,,0,tests/test_images/COCO_train2014_000000000030.jpg,0.9586755037307739,0.3,320,0.5,640,ok,False,False,results/fair_gaussian_variants_20260709_best_candidates/targets/COCO_train2014_000000000030.png,1.371861219406128,,160
False,27.372323460473805,,none,,,640,160.00001525878906,4.987935543060303,17.269075393676758,1.4288568496704102,residual_add,4,107,COCO_train2014_000000000030,0.0006988048553466797,500,500,1.0,none,,34.71711349487305,0.013126272708177567,160,gaussianimage_plus_residual,GaussianImage++ residual,GaussianImage++-style analogue: random half-budget start plus residual-add growth.,repo-growth,0.993522047996521,0.00046733784256502986,640,0.04606255516409874,l1,33.303688049316406,results/fair_gaussian_variants_20260709_best_candidates/reconstructions/COCO_train2014_000000000030/640/seed0_gaussianimage_plus_residual.png,,,,,cuda,,,,,0,tests/test_images/COCO_train2014_000000000030.jpg,0.9584551453590393,0.3,320,0.5,320,ok,False,False,results/fair_gaussian_variants_20260709_best_candidates/targets/COCO_train2014_000000000030.png,1.4295556545257568,,160
False,28.226798105335426,,none,,,640,151.92666625976562,4.520150661468506,12.273496627807617,1.3813989162445068,residual_add,4,107,COCO_train2014_000000000030,0.004369497299194336,500,500,1.0,none,,34.61247253417969,0.01302986592054367,160,image_gs_residual,Image-GS residual,Image-GS-style analogue: gradient-density random half-budget start plus residual-add growth.,repo-growth,0.9926367402076721,0.00045585972839035094,640,0.04558360204100609,l1,33.41168975830078,results/fair_gaussian_variants_20260709_best_candidates/reconstructions/COCO_train2014_000000000030/640/seed0_image_gs_residual.png,,,,,cuda,,,,,0,tests/test_images/COCO_train2014_000000000030.jpg,0.9550803899765015,0.3,320,0.5,320,ok,False,False,results/fair_gaussian_variants_20260709_best_candidates/targets/COCO_train2014_000000000030.png,1.3857684135437012,,160
False,,,none,RuntimeError: Instant-GI methods require STRUCTSPLAT_INSTANT_GI=/path/to/quard_image.py; unset -> this method is skipped.,,640,,,,,,4,107,COCO_train2014_000000000030,,,500,1.0,none,,,,160,instant_gi_quadtree_fixed,Instant-GI quadtree,Instant-GI quadtree/Delaunay fallback if STRUCTSPLAT_INSTANT_GI is configured; fixed count.,fixed-full,,,,,l1,,,,,,,cuda,,,,,0,tests/test_images/COCO_train2014_000000000030.jpg,,0.3,320,0.5,,error,,False,results/fair_gaussian_variants_20260709_best_candidates/targets/COCO_train2014_000000000030.png,,,160
False,28.938002292044416,,none,,,640,160.00001525878906,5.894888401031494,18.563385009765625,1.2861361503601074,residual_add,4,107,COCO_train2014_000000000030,0.07947921752929688,500,500,1.0,none,,35.01858901977539,0.012849889695644379,160,structsplat_onedge_residual,SS on-edge + residual,StructSplat on-edge initializer under the same residual-add growth as external analogues.,same-growth,0.9926943778991699,0.00043196536717005074,640,0.0447239950299263,l1,33.645511627197266,results/fair_gaussian_variants_20260709_best_candidates/reconstructions/COCO_train2014_000000000030/640/seed0_structsplat_onedge_residual.png,,,,,cuda,,,,,0,tests/test_images/COCO_train2014_000000000030.jpg,0.9563190937042236,0.3,320,0.5,320,ok,False,False,results/fair_gaussian_variants_20260709_best_candidates/targets/COCO_train2014_000000000030.png,1.3656153678894043,,160
False,28.54585591203464,,none,,,640,160.00001525878906,5.79179573059082,19.038204193115234,1.2063312530517578,residual_add+relocate,4,107,COCO_train2014_000000000030,0.06021261215209961,500,500,1.0,none,,34.45877456665039,0.013426077552139759,160,structsplat_onedge_residual_relocate,SS on-edge + residual relocate,StructSplat on-edge residual-add growth plus split-scheduled residual relocation.,same-growth+relocate,0.9921807050704956,0.00048196830903179944,640,0.047093816101551056,l1,33.16981506347656,results/fair_gaussian_variants_20260709_best_candidates/reconstructions/COCO_train2014_000000000030/640/seed0_structsplat_onedge_residual_relocate.png,20,0.25,4,at_split,cuda,,,,,0,tests/test_images/COCO_train2014_000000000030.jpg,0.9528741240501404,0.3,320,0.5,320,ok,False,False,results/fair_gaussian_variants_20260709_best_candidates/targets/COCO_train2014_000000000030.png,1.2665438652038574,,160
False,28.758786870386892,,none,,12.0,640,12.0,2.9772074222564697,9.817535400390625,1.1710529327392578,residual_add,4,107,COCO_train2014_000000000030,0.07683825492858887,500,500,1.0,none,,34.920745849609375,0.013062401674687862,160,structsplat_onedge_residual_featurecap,SS on-edge + residual feature cap,StructSplat on-edge residual-add growth with feature-adaptive per-Gaussian scale caps.,same-growth+feature-cap,0.9909968376159668,0.00043570942943915725,640,0.04453427344560623,l1,33.6080322265625,results/fair_gaussian_variants_20260709_best_candidates/reconstructions/COCO_train2014_000000000030/640/seed0_structsplat_onedge_residual_featurecap.png,,,,,cuda,12.0,12.0,160.0,feature,0,tests/test_images/COCO_train2014_000000000030.jpg,0.9517158269882202,0.3,320,0.5,320,ok,False,False,results/fair_gaussian_variants_20260709_best_candidates/targets/COCO_train2014_000000000030.png,1.2478911876678467,,160
False,29.20831838351691,,none,,,640,160.00001525878906,5.3251872062683105,17.287900924682617,1.1184630393981934,residual_add,4,107,COCO_train2014_000000000030,0.06336116790771484,500,500,1.0,none,,35.334686279296875,0.012695937417447567,160,structsplat_onedge_residual_feature_rel,SS on-edge + residual feature-rel cap,StructSplat on-edge residual-add growth with feature-relative local-radius scale caps.,same-growth+feature-rel-cap,0.99200040102005,0.0004110368900001049,640,0.0432477630674839,l1,33.8611946105957,results/fair_gaussian_variants_20260709_best_candidates/reconstructions/COCO_train2014_000000000030/640/seed0_structsplat_onedge_residual_feature_rel.png,,,,,cuda,,,,feature_rel,0,tests/test_images/COCO_train2014_000000000030.jpg,0.9549232721328735,0.3,320,0.5,320,ok,False,False,results/fair_gaussian_variants_20260709_best_candidates/targets/COCO_train2014_000000000030.png,1.1818242073059082,,160
False,28.868210171410936,,none,,,640,160.00001525878906,6.289316654205322,19.734830856323242,1.0963001251220703,residual_tensor_add,4,107,COCO_train2014_000000000030,0.0613863468170166,500,500,1.0,none,,34.49235534667969,0.013318725861608982,160,structsplat_onedge_tensor,SS on-edge + tensor,StructSplat on-edge initializer plus tensor-aware residual growth.,tensor-growth,0.9922506213188171,0.00048472656635567546,640,0.04646765813231468,l1,33.1450309753418,results/fair_gaussian_variants_20260709_best_candidates/reconstructions/COCO_train2014_000000000030/640/seed0_structsplat_onedge_tensor.png,,,,,cuda,,,,,0,tests/test_images/COCO_train2014_000000000030.jpg,0.9556393623352051,0.3,320,0.5,320,ok,False,False,results/fair_gaussian_variants_20260709_best_candidates/targets/COCO_train2014_000000000030.png,1.157686471939087,,160
False,29.215117374259627,,none,,12.0,640,12.0,3.0452864170074463,9.881771087646484,1.1320149898529053,residual_tensor_add,4,107,COCO_train2014_000000000030,0.06418514251708984,500,500,1.0,none,,35.4725227355957,0.01269301027059555,160,structsplat_onedge_tensor_featurecap,SS on-edge + tensor feature cap,StructSplat on-edge tensor-aware residual growth with feature-adaptive scale caps.,tensor-growth+feature-cap,0.991195797920227,0.0003980087931267917,640,0.0424758605659008,l1,34.001075744628906,results/fair_gaussian_variants_20260709_best_candidates/reconstructions/COCO_train2014_000000000030/640/seed0_structsplat_onedge_tensor_featurecap.png,,,,,cuda,12.0,12.0,160.0,feature,0,tests/test_images/COCO_train2014_000000000030.jpg,0.9521879553794861,0.3,320,0.5,320,ok,False,False,results/fair_gaussian_variants_20260709_best_candidates/targets/COCO_train2014_000000000030.png,1.1962001323699951,,160
False,28.97650693270391,,none,,,640,160.00001525878906,5.8353142738342285,17.610761642456055,1.1591145992279053,residual_tensor_add,4,107,COCO_train2014_000000000030,0.06278800964355469,500,500,1.0,none,,34.805198669433594,0.013112627901136875,160,structsplat_onedge_tensor_feature_rel,SS on-edge + tensor feature-rel cap,StructSplat on-edge tensor-aware residual growth with feature-relative local-radius caps.,tensor-growth+feature-rel-cap,0.9922195076942444,0.00045662326738238335,640,0.04509172961115837,l1,33.4044189453125,results/fair_gaussian_variants_20260709_best_candidates/reconstructions/COCO_train2014_000000000030/640/seed0_structsplat_onedge_tensor_feature_rel.png,,,,,cuda,,,,feature_rel,0,tests/test_images/COCO_train2014_000000000030.jpg,0.9555119276046753,0.3,320,0.5,320,ok,False,False,results/fair_gaussian_variants_20260709_best_candidates/targets/COCO_train2014_000000000030.png,1.22190260887146,,160
False,28.780993595390854,,none,,,640,160.00001525878906,6.5193939208984375,21.41655731201172,1.0797626972198486,residual_tensor_add,4,107,COCO_train2014_000000000030,0.05785346031188965,500,500,1.0,none,,34.332969665527344,0.013437971472740173,160,structsplat_flanking_tensor,SS flanking + tensor,StructSplat flanking initializer plus tensor-aware residual growth.,tensor-growth,0.9914698600769043,0.0004985142732039094,640,0.04720427095890045,l1,33.02322769165039,results/fair_gaussian_variants_20260709_best_candidates/reconstructions/COCO_train2014_000000000030/640/seed0_structsplat_flanking_tensor.png,,,,,cuda,,,,,0,tests/test_images/COCO_train2014_000000000030.jpg,0.952710747718811,0.3,320,0.5,320,ok,False,False,results/fair_gaussian_variants_20260709_best_candidates/targets/COCO_train2014_000000000030.png,1.1376161575317383,,160
False,28.82786411751726,,none,,,640,160.00001525878906,5.483165264129639,17.763486862182617,1.1033482551574707,residual_add,4,107,COCO_train2014_000000000030,0.16486644744873047,500,500,1.0,none,,34.76636505126953,0.012954602017998695,160,structsplat_quadtree_wse_residual,SS qt-WSE + residual,StructSplat quadtree-WSE initializer under the same residual-add growth as external analogues.,same-growth,0.9925497174263,0.0004531086015049368,640,0.0453629344701767,l1,33.4379768371582,results/fair_gaussian_variants_20260709_best_candidates/reconstructions/COCO_train2014_000000000030/640/seed0_structsplat_quadtree_wse_residual.png,,,,,cuda,,,,,0,tests/test_images/COCO_train2014_000000000030.jpg,0.9568139314651489,0.3,320,0.5,320,ok,False,False,results/fair_gaussian_variants_20260709_best_candidates/targets/COCO_train2014_000000000030.png,1.2682147026062012,,160
False,28.3874857143792,,none,,,640,160.00001525878906,5.783466339111328,18.324308395385742,1.1954967975616455,residual_add+relocate,4,107,COCO_train2014_000000000030,0.17267107963562012,500,500,1.0,none,,34.36699295043945,0.013421169482171535,160,structsplat_quadtree_wse_residual_relocate,SS qt-WSE + residual relocate,StructSplat quadtree-WSE residual-add growth plus split-scheduled residual relocation.,same-growth+relocate,0.9921605587005615,0.000486245087813586,640,0.0467696413397789,l1,33.131446838378906,results/fair_gaussian_variants_20260709_best_candidates/reconstructions/COCO_train2014_000000000030/640/seed0_structsplat_quadtree_wse_residual_relocate.png,20,0.25,4,at_split,cuda,,,,,0,tests/test_images/COCO_train2014_000000000030.jpg,0.9541499018669128,0.3,320,0.5,320,ok,False,False,results/fair_gaussian_variants_20260709_best_candidates/targets/COCO_train2014_000000000030.png,1.3681678771972656,,160
False,28.814592162688413,,none,,12.0,640,12.0,2.879795789718628,8.962496757507324,1.1107277870178223,residual_add,4,107,COCO_train2014_000000000030,0.16912531852722168,500,500,1.0,none,,33.888580322265625,0.013271937146782875,160,structsplat_quadtree_wse_residual_featurecap,SS qt-WSE + residual feature cap,StructSplat quadtree-WSE residual-add growth with feature-adaptive scale caps.,same-growth+feature-cap,0.990402102470398,0.0004989721928723156,640,0.04408181831240654,l1,33.01923751831055,results/fair_gaussian_variants_20260709_best_candidates/reconstructions/COCO_train2014_000000000030/640/seed0_structsplat_quadtree_wse_residual_featurecap.png,,,,,cuda,12.0,12.0,160.0,feature,0,tests/test_images/COCO_train2014_000000000030.jpg,0.9499944448471069,0.3,320,0.5,320,ok,False,False,results/fair_gaussian_variants_20260709_best_candidates/targets/COCO_train2014_000000000030.png,1.279853105545044,,160
False,29.092392745620025,,none,,,640,160.00001525878906,4.946183204650879,14.06483268737793,1.1095643043518066,residual_add,4,107,COCO_train2014_000000000030,0.16614532470703125,500,500,1.0,none,,35.09660339355469,0.012733818963170052,160,structsplat_quadtree_wse_residual_feature_rel,SS qt-WSE + residual feature-rel cap,StructSplat quadtree-WSE residual-add growth with feature-relative local-radius caps.,same-growth+feature-rel-cap,0.991969883441925,0.0004147209401708096,640,0.04278973117470741,l1,33.82244110107422,results/fair_gaussian_variants_20260709_best_candidates/reconstructions/COCO_train2014_000000000030/640/seed0_structsplat_quadtree_wse_residual_feature_rel.png,,,,,cuda,,,,feature_rel,0,tests/test_images/COCO_train2014_000000000030.jpg,0.9559904932975769,0.3,320,0.5,320,ok,False,False,results/fair_gaussian_variants_20260709_best_candidates/targets/COCO_train2014_000000000030.png,1.275709629058838,,160
False,28.80019626732102,,none,,,640,160.00001525878906,6.0614447593688965,17.877166748046875,1.1181447505950928,residual_tensor_add,4,107,COCO_train2014_000000000030,0.16603326797485352,500,500,1.0,none,,34.59150314331055,0.013263644650578499,160,structsplat_quadtree_wse_tensor,SS qt-WSE + tensor,StructSplat quadtree-WSE initializer plus tensor-aware residual growth.,tensor-growth,0.9926221370697021,0.00048451792099513113,640,0.047463010996580124,l1,33.14690399169922,results/fair_gaussian_variants_20260709_best_candidates/reconstructions/COCO_train2014_000000000030/640/seed0_structsplat_quadtree_wse_tensor.png,,,,,cuda,,,,,0,tests/test_images/COCO_train2014_000000000030.jpg,0.9562883973121643,0.3,320,0.5,320,ok,False,False,results/fair_gaussian_variants_20260709_best_candidates/targets/COCO_train2014_000000000030.png,1.2841780185699463,,160
False,28.94079495431904,,none,,12.0,640,12.0,3.095339775085449,9.994645118713379,1.125117540359497,residual_tensor_add,4,107,COCO_train2014_000000000030,0.1683194637298584,500,500,1.0,none,,35.475685119628906,0.012757188640534878,160,structsplat_quadtree_wse_tensor_featurecap,SS qt-WSE + tensor feature cap,StructSplat quadtree-WSE tensor-aware residual growth with feature-adaptive scale caps.,tensor-growth+feature-cap,0.99102383852005,0.00040302283014170825,640,0.04299767687916756,l1,33.94670486450195,results/fair_gaussian_variants_20260709_best_candidates/reconstructions/COCO_train2014_000000000030/640/seed0_structsplat_quadtree_wse_tensor_featurecap.png,,,,,cuda,12.0,12.0,160.0,feature,0,tests/test_images/COCO_train2014_000000000030.jpg,0.9534077644348145,0.3,320,0.5,320,ok,False,False,results/fair_gaussian_variants_20260709_best_candidates/targets/COCO_train2014_000000000030.png,1.2934370040893555,,160
False,28.872696849769486,,none,,,640,160.00001525878906,5.540847301483154,15.90050983428955,1.0895357131958008,residual_tensor_add,4,107,COCO_train2014_000000000030,0.19324755668640137,500,500,1.0,none,,34.71198272705078,0.013185704126954079,160,structsplat_quadtree_wse_tensor_feature_rel,SS qt-WSE + tensor feature-rel cap,StructSplat quadtree-WSE tensor-aware residual growth with feature-relative local-radius caps.,tensor-growth+feature-rel-cap,0.9922787547111511,0.0004702837613876909,640,0.04549030587077141,l1,33.27640151977539,results/fair_gaussian_variants_20260709_best_candidates/reconstructions/COCO_train2014_000000000030/640/seed0_structsplat_quadtree_wse_tensor_feature_rel.png,,,,,cuda,,,,feature_rel,0,tests/test_images/COCO_train2014_000000000030.jpg,0.9566996097564697,0.3,320,0.5,320,ok,False,False,results/fair_gaussian_variants_20260709_best_candidates/targets/COCO_train2014_000000000030.png,1.2827832698822021,,160
False,28.71804889266142,,none,,,640,160.00001525878906,6.078066825866699,19.221073150634766,1.1008377075195312,residual_tensor_add,4,107,COCO_train2014_000000000030,0.0809488296508789,500,500,1.0,none,,34.19145965576172,0.01361830998212099,160,structsplat_quadtree_hybrid_tensor,SS qt-hybrid + tensor,StructSplat quadtree-hybrid initializer plus tensor-aware residual growth.,tensor-growth,0.9918144941329956,0.000508612603880465,640,0.047833818942308426,l1,32.93613052368164,results/fair_gaussian_variants_20260709_best_candidates/reconstructions/COCO_train2014_000000000030/640/seed0_structsplat_quadtree_hybrid_tensor.png,,,,,cuda,,,,,0,tests/test_images/COCO_train2014_000000000030.jpg,0.9534615278244019,0.3,320,0.5,320,ok,False,False,results/fair_gaussian_variants_20260709_best_candidates/targets/COCO_train2014_000000000030.png,1.1817865371704102,,160
False,28.05206026486261,,none,,,640,160.00001525878906,7.0597686767578125,22.09502601623535,1.0817663669586182,residual_tensor_add,4,107,COCO_train2014_000000000030,0.025675058364868164,500,500,1.0,none,,33.74836730957031,0.014743984676897526,160,floyd_steinberg_tensor,Floyd + tensor,Floyd-Steinberg placement control plus tensor-aware residual growth.,tensor-growth-control,0.9901118278503418,0.0005810482543893158,640,0.050723299384117126,l1,32.357879638671875,results/fair_gaussian_variants_20260709_best_candidates/reconstructions/COCO_train2014_000000000030/640/seed0_floyd_steinberg_tensor.png,,,,,cuda,,,,,0,tests/test_images/COCO_train2014_000000000030.jpg,0.9482232928276062,0.3,320,0.5,320,ok,False,False,results/fair_gaussian_variants_20260709_best_candidates/targets/COCO_train2014_000000000030.png,1.1074414253234863,,160
False,30.054218808252493,,none,,12.0,640,12.0,3.0767409801483154,9.333656311035156,1.136796474456787,residual_tensor_add,5,107,COCO_train2014_000000000030,0.058847665786743164,500,500,1.0,none,,35.31936264038086,0.012904954142868519,160,structsplat_best_default,SS best default,"Pinned current Gaussian-image winner: aniso_onedge + WSE, feature cap 12@160, tensor-aware residual growth, 5 growth waves, L1 + 0.3 SSIM.",best-default,0.9908761978149414,0.0004068369744345546,640,0.04284951835870743,l1,33.90579605102539,results/fair_gaussian_variants_20260709_best_candidates/reconstructions/COCO_train2014_000000000030/640/seed1_structsplat_best_default.png,,,,,cuda,12.0,12.0,160.0,feature,1,tests/test_images/COCO_train2014_000000000030.jpg,0.9525064826011658,0.3,320,0.5,320,ok,False,False,results/fair_gaussian_variants_20260709_best_candidates/targets/COCO_train2014_000000000030.png,1.1956441402435303,,160
False,29.88377439617394,,none,,12.0,640,12.0,3.1780190467834473,10.181266784667969,1.1205639839172363,residual_tensor_add,5,107,COCO_train2014_000000000030,0.06200432777404785,500,500,1.0,none,,35.034889221191406,0.012848962098360062,160,structsplat_best_ssim010,SS best + SSIM 0.10,Best default geometry/growth with SSIM weight lowered to 0.10 for lower pixel diff.,best-loss-sweep,0.9894046783447266,0.00043172668665647507,640,0.04401000589132309,l1,33.647911071777344,results/fair_gaussian_variants_20260709_best_candidates/reconstructions/COCO_train2014_000000000030/640/seed1_structsplat_best_ssim010.png,,,,,cuda,12.0,12.0,160.0,feature,1,tests/test_images/COCO_train2014_000000000030.jpg,0.9453421831130981,0.1,320,0.5,320,ok,False,False,results/fair_gaussian_variants_20260709_best_candidates/targets/COCO_train2014_000000000030.png,1.1825683116912842,,160
False,29.41367360728537,,none,,12.0,640,12.0,3.110020875930786,9.401593208312988,0.7869663238525391,residual_tensor_add,5,107,COCO_train2014_000000000030,0.06012773513793945,500,500,1.0,none,,34.26051712036133,0.013477296568453312,160,structsplat_best_l1_only,SS best + L1 only,Best default geometry/growth with pure L1 pixel loss and no SSIM term.,best-loss-sweep,0.9866868257522583,0.0005095165688544512,640,0.04637652635574341,l1,32.92842102050781,results/fair_gaussian_variants_20260709_best_candidates/reconstructions/COCO_train2014_000000000030/640/seed1_structsplat_best_l1_only.png,,,,,cuda,12.0,12.0,160.0,feature,1,tests/test_images/COCO_train2014_000000000030.jpg,0.9321380257606506,0.0,320,0.5,320,ok,False,False,results/fair_gaussian_variants_20260709_best_candidates/targets/COCO_train2014_000000000030.png,0.8470940589904785,,160
False,29.916782581734513,,none,,12.0,640,12.0,3.117311477661133,10.003939628601074,1.1121621131896973,residual_tensor_add,5,107,COCO_train2014_000000000030,0.060843706130981445,500,500,1.0,none,,34.93191146850586,0.012952439486980438,160,structsplat_best_charbonnier,SS best + Charbonnier,Best default geometry/growth with Charbonnier pixel loss and SSIM weight 0.10.,best-loss-sweep,0.9891465306282043,0.0004338509461376816,640,0.043917179107666016,charbonnier,33.62659454345703,results/fair_gaussian_variants_20260709_best_candidates/reconstructions/COCO_train2014_000000000030/640/seed1_structsplat_best_charbonnier.png,,,,,cuda,12.0,12.0,160.0,feature,1,tests/test_images/COCO_train2014_000000000030.jpg,0.9445093274116516,0.1,320,0.5,320,ok,False,False,results/fair_gaussian_variants_20260709_best_candidates/targets/COCO_train2014_000000000030.png,1.1730058193206787,,160
False,30.026203744158238,,none,,12.0,640,12.0,3.0116848945617676,9.604628562927246,1.1264939308166504,residual_tensor_add,5,107,COCO_train2014_000000000030,0.0594782829284668,500,500,1.0,tensor,,34.79872131347656,0.0131120216101408,160,structsplat_best_tensor_loss,SS best + tensor loss,Best default geometry/growth with tensor-weighted pixel loss to emphasize edges.,best-edge-loss,0.9899978637695312,0.00043763540452346206,640,0.04345942288637161,l1,33.58887481689453,results/fair_gaussian_variants_20260709_best_candidates/reconstructions/COCO_train2014_000000000030/640/seed1_structsplat_best_tensor_loss.png,,,,,cuda,12.0,12.0,160.0,feature,1,tests/test_images/COCO_train2014_000000000030.jpg,0.9487074017524719,0.3,320,0.5,320,ok,False,False,results/fair_gaussian_variants_20260709_best_candidates/targets/COCO_train2014_000000000030.png,1.1859722137451172,,160
False,29.994750479658048,,final,,12.0,640,12.0,3.113717794418335,9.51884651184082,1.267310380935669,residual_tensor_add,5,107,COCO_train2014_000000000030,0.058252573013305664,500,500,1.0,none,,35.30861282348633,0.013095173053443432,160,structsplat_best_color_final,SS best + final color solve,Best default geometry/growth with a final fixed-geometry RGB least-squares color solve.,best-color-polish,0.9906701445579529,0.0004083681560587138,640,0.04303409159183502,l1,33.88948059082031,results/fair_gaussian_variants_20260709_best_candidates/reconstructions/COCO_train2014_000000000030/640/seed1_structsplat_best_color_final.png,,,,,cuda,12.0,12.0,160.0,feature,1,tests/test_images/COCO_train2014_000000000030.jpg,0.9508635401725769,0.3,320,0.5,320,ok,False,False,results/fair_gaussian_variants_20260709_best_candidates/targets/COCO_train2014_000000000030.png,1.3255629539489746,,160
False,29.67310646301759,,none,,12.0,640,12.0,3.1425437927246094,9.432255744934082,1.1605825424194336,residual_tensor_add+relocate,5,107,COCO_train2014_000000000030,0.059407949447631836,500,500,1.0,none,,34.69276809692383,0.013351050205528736,160,structsplat_best_relocate,SS best + split relocate,Best default geometry/growth plus split-scheduled residual relocation.,best-relocate,0.9904451370239258,0.00046523453784175217,640,0.045281972736120224,l1,33.323280334472656,results/fair_gaussian_variants_20260709_best_candidates/reconstructions/COCO_train2014_000000000030/640/seed1_structsplat_best_relocate.png,16,0.25,4,at_split,cuda,12.0,12.0,160.0,feature,1,tests/test_images/COCO_train2014_000000000030.jpg,0.9497938752174377,0.3,320,0.5,320,ok,False,False,results/fair_gaussian_variants_20260709_best_candidates/targets/COCO_train2014_000000000030.png,1.2199904918670654,,160
True,30.558206393866836,,none,,12.0,640,12.0,2.9234087467193604,8.413313865661621,1.184288501739502,residual_tensor_add,5,107,COCO_train2014_000000000030,0.06263017654418945,500,500,1.0,none,,34.93195343017578,0.013519013300538063,160,structsplat_best_adaptive_1p5x,SS best + adaptive 1.5x cap,Best default warm start with adaptive residual growth allowed up to 1.5x the requested cap.,best-adaptive-capacity,0.9901132583618164,0.00043684002594091,896,0.04456692561507225,l1,33.59677505493164,results/fair_gaussian_variants_20260709_best_candidates/reconstructions/COCO_train2014_000000000030/640/seed1_structsplat_best_adaptive_1p5x.png,,,,,cuda,12.0,12.0,160.0,feature,1,tests/test_images/COCO_train2014_000000000030.jpg,0.9531152248382568,0.3,320,0.5,320,ok,False,False,results/fair_gaussian_variants_20260709_best_candidates/targets/COCO_train2014_000000000030.png,1.2469186782836914,960,160
False,28.95645336923236,,none,,,640,134.7078094482422,5.058478832244873,16.309167861938477,1.0822808742523193,none,4,107,COCO_train2014_000000000030,0.0004811286926269531,500,500,1.0,none,,31.439315795898438,0.01399482972919941,160,gaussianimage_fixed_full,GaussianImage fixed,GaussianImage-style random fixed-count control; starts at the final cap and does not grow.,fixed-full,0.9925702214241028,0.0009045267943292856,640,0.05585548281669617,l1,30.435787200927734,results/fair_gaussian_variants_20260709_best_candidates/reconstructions/COCO_train2014_000000000030/640/seed1_gaussianimage_fixed_full.png,,,,,cuda,,,,,1,tests/test_images/COCO_train2014_000000000030.jpg,0.9543290734291077,0.3,320,0.5,640,ok,False,False,results/fair_gaussian_variants_20260709_best_candidates/targets/COCO_train2014_000000000030.png,1.0827620029449463,,160
False,27.16015456243603,,none,,,640,160.00001525878906,5.469508647918701,15.428468704223633,1.2398700714111328,residual_add,4,107,COCO_train2014_000000000030,0.0005240440368652344,500,500,1.0,none,,34.61327362060547,0.012923985719680786,160,gaussianimage_plus_residual,GaussianImage++ residual,GaussianImage++-style analogue: random half-budget start plus residual-add growth.,repo-growth,0.9936628341674805,0.00046387044130824506,640,0.0463884212076664,l1,33.33603286743164,results/fair_gaussian_variants_20260709_best_candidates/reconstructions/COCO_train2014_000000000030/640/seed1_gaussianimage_plus_residual.png,,,,,cuda,,,,,1,tests/test_images/COCO_train2014_000000000030.jpg,0.9585438370704651,0.3,320,0.5,320,ok,False,False,results/fair_gaussian_variants_20260709_best_candidates/targets/COCO_train2014_000000000030.png,1.240394115447998,,160
False,28.172803515661695,,none,,,640,158.98524475097656,4.295498847961426,12.614398002624512,1.1601040363311768,residual_add,4,107,COCO_train2014_000000000030,0.0040988922119140625,500,500,1.0,none,,34.838356018066406,0.012992030940949917,160,image_gs_residual,Image-GS residual,Image-GS-style analogue: gradient-density random half-budget start plus residual-add growth.,repo-growth,0.9927599430084229,0.00044516209163703024,640,0.04464658349752426,l1,33.51482009887695,results/fair_gaussian_variants_20260709_best_candidates/reconstructions/COCO_train2014_000000000030/640/seed1_image_gs_residual.png,,,,,cuda,,,,,1,tests/test_images/COCO_train2014_000000000030.jpg,0.9568552374839783,0.3,320,0.5,320,ok,False,False,results/fair_gaussian_variants_20260709_best_candidates/targets/COCO_train2014_000000000030.png,1.1642029285430908,,160
False,,,none,RuntimeError: Instant-GI methods require STRUCTSPLAT_INSTANT_GI=/path/to/quard_image.py; unset -> this method is skipped.,,640,,,,,,4,107,COCO_train2014_000000000030,,,500,1.0,none,,,,160,instant_gi_quadtree_fixed,Instant-GI quadtree,Instant-GI quadtree/Delaunay fallback if STRUCTSPLAT_INSTANT_GI is configured; fixed count.,fixed-full,,,,,l1,,,,,,,cuda,,,,,1,tests/test_images/COCO_train2014_000000000030.jpg,,0.3,320,0.5,,error,,False,results/fair_gaussian_variants_20260709_best_candidates/targets/COCO_train2014_000000000030.png,,,160
False,28.92833624096337,,none,,,640,160.00001525878906,5.118728160858154,15.970311164855957,1.093618631362915,residual_add,4,107,COCO_train2014_000000000030,0.0615997314453125,500,500,1.0,none,,34.59991455078125,0.01318991556763649,160,structsplat_onedge_residual,SS on-edge + residual,StructSplat on-edge initializer under the same residual-add growth as external analogues.,same-growth,0.9915388822555542,0.00046104376087896526,640,0.04615376889705658,l1,33.362579345703125,results/fair_gaussian_variants_20260709_best_candidates/reconstructions/COCO_train2014_000000000030/640/seed1_structsplat_onedge_residual.png,,,,,cuda,,,,,1,tests/test_images/COCO_train2014_000000000030.jpg,0.9546903371810913,0.3,320,0.5,320,ok,False,False,results/fair_gaussian_variants_20260709_best_candidates/targets/COCO_train2014_000000000030.png,1.1552183628082275,,160
False,28.35396043475501,,none,,,640,160.00001525878906,5.25432825088501,16.542705535888672,1.1886439323425293,residual_add+relocate,4,107,COCO_train2014_000000000030,0.06059980392456055,500,500,1.0,none,,34.30903244018555,0.013555501587688923,160,structsplat_onedge_residual_relocate,SS on-edge + residual relocate,StructSplat on-edge residual-add growth plus split-scheduled residual relocation.,same-growth+relocate,0.9915511012077332,0.0004930844297632575,640,0.047203179448843,l1,33.0707893371582,results/fair_gaussian_variants_20260709_best_candidates/reconstructions/COCO_train2014_000000000030/640/seed1_structsplat_onedge_residual_relocate.png,20,0.25,4,at_split,cuda,,,,,1,tests/test_images/COCO_train2014_000000000030.jpg,0.952710747718811,0.3,320,0.5,320,ok,False,False,results/fair_gaussian_variants_20260709_best_candidates/targets/COCO_train2014_000000000030.png,1.2492437362670898,,160
False,28.87740293820062,,none,,12.0,640,12.0,3.026061534881592,9.418784141540527,1.1247687339782715,residual_add,4,107,COCO_train2014_000000000030,0.05902743339538574,500,500,1.0,none,,34.62692642211914,0.01349943969398737,160,structsplat_onedge_residual_featurecap,SS on-edge + residual feature cap,StructSplat on-edge residual-add growth with feature-adaptive per-Gaussian scale caps.,same-growth+feature-cap,0.9906959533691406,0.0004620158870238811,640,0.046096425503492355,l1,33.353431701660156,results/fair_gaussian_variants_20260709_best_candidates/reconstructions/COCO_train2014_000000000030/640/seed1_structsplat_onedge_residual_featurecap.png,,,,,cuda,12.0,12.0,160.0,feature,1,tests/test_images/COCO_train2014_000000000030.jpg,0.9501029253005981,0.3,320,0.5,320,ok,False,False,results/fair_gaussian_variants_20260709_best_candidates/targets/COCO_train2014_000000000030.png,1.1837961673736572,,160
False,29.22728250881952,,none,,,640,160.00001525878906,4.710967540740967,14.398573875427246,1.1285464763641357,residual_add,4,107,COCO_train2014_000000000030,0.05829358100891113,500,500,1.0,none,,35.02614212036133,0.012912681326270103,160,structsplat_onedge_residual_feature_rel,SS on-edge + residual feature-rel cap,StructSplat on-edge residual-add growth with feature-relative local-radius scale caps.,same-growth+feature-rel-cap,0.9917316436767578,0.0004314216785132885,640,0.04449787735939026,l1,33.650978088378906,results/fair_gaussian_variants_20260709_best_candidates/reconstructions/COCO_train2014_000000000030/640/seed1_structsplat_onedge_residual_feature_rel.png,,,,,cuda,,,,feature_rel,1,tests/test_images/COCO_train2014_000000000030.jpg,0.954507052898407,0.3,320,0.5,320,ok,False,False,results/fair_gaussian_variants_20260709_best_candidates/targets/COCO_train2014_000000000030.png,1.1868400573730469,,160
False,28.91396572212418,,none,,,640,160.00001525878906,5.774419784545898,17.209701538085938,1.1243784427642822,residual_tensor_add,4,107,COCO_train2014_000000000030,0.05973696708679199,500,500,1.0,none,,34.62885284423828,0.01322981622070074,160,structsplat_onedge_tensor,SS on-edge + tensor,StructSplat on-edge initializer plus tensor-aware residual growth.,tensor-growth,0.9917252659797668,0.0004711708752438426,640,0.04582542926073074,l1,33.26821517944336,results/fair_gaussian_variants_20260709_best_candidates/reconstructions/COCO_train2014_000000000030/640/seed1_structsplat_onedge_tensor.png,,,,,cuda,,,,,1,tests/test_images/COCO_train2014_000000000030.jpg,0.9541275501251221,0.3,320,0.5,320,ok,False,False,results/fair_gaussian_variants_20260709_best_candidates/targets/COCO_train2014_000000000030.png,1.1841154098510742,,160
False,29.249852102122947,,none,,12.0,640,12.0,3.088867664337158,9.335190773010254,1.1022167205810547,residual_tensor_add,4,107,COCO_train2014_000000000030,0.06043529510498047,500,500,1.0,none,,35.15823745727539,0.012874828651547432,160,structsplat_onedge_tensor_featurecap,SS on-edge + tensor feature cap,StructSplat on-edge tensor-aware residual growth with feature-adaptive scale caps.,tensor-growth+feature-cap,0.9908828735351562,0.00041874864837154746,640,0.043322205543518066,l1,33.78046798706055,results/fair_gaussian_variants_20260709_best_candidates/reconstructions/COCO_train2014_000000000030/640/seed1_structsplat_onedge_tensor_featurecap.png,,,,,cuda,12.0,12.0,160.0,feature,1,tests/test_images/COCO_train2014_000000000030.jpg,0.9524919390678406,0.3,320,0.5,320,ok,False,False,results/fair_gaussian_variants_20260709_best_candidates/targets/COCO_train2014_000000000030.png,1.1626520156860352,,160
False,29.036376125587967,,none,,,640,160.00001525878906,5.035688400268555,14.931188583374023,1.118835687637329,residual_tensor_add,4,107,COCO_train2014_000000000030,0.05872821807861328,500,500,1.0,none,,34.5452880859375,0.01335499994456768,160,structsplat_onedge_tensor_feature_rel,SS on-edge + tensor feature-rel cap,StructSplat on-edge tensor-aware residual growth with feature-relative local-radius caps.,tensor-growth+feature-rel-cap,0.9909486174583435,0.00047923566307872534,640,0.04669960215687752,l1,33.19451141357422,results/fair_gaussian_variants_20260709_best_candidates/reconstructions/COCO_train2014_000000000030/640/seed1_structsplat_onedge_tensor_feature_rel.png,,,,,cuda,,,,feature_rel,1,tests/test_images/COCO_train2014_000000000030.jpg,0.952154815196991,0.3,320,0.5,320,ok,False,False,results/fair_gaussian_variants_20260709_best_candidates/targets/COCO_train2014_000000000030.png,1.1775639057159424,,160
False,28.707286207852718,,none,,,640,160.00001525878906,5.936984539031982,17.89743995666504,1.117342233657837,residual_tensor_add,4,107,COCO_train2014_000000000030,0.05786871910095215,500,500,1.0,none,,34.243011474609375,0.013711607083678246,160,structsplat_flanking_tensor,SS flanking + tensor,StructSplat flanking initializer plus tensor-aware residual growth.,tensor-growth,0.9917762875556946,0.0005121794529259205,640,0.04879733920097351,l1,32.90577697753906,results/fair_gaussian_variants_20260709_best_candidates/reconstructions/COCO_train2014_000000000030/640/seed1_structsplat_flanking_tensor.png,,,,,cuda,,,,,1,tests/test_images/COCO_train2014_000000000030.jpg,0.9533743858337402,0.3,320,0.5,320,ok,False,False,results/fair_gaussian_variants_20260709_best_candidates/targets/COCO_train2014_000000000030.png,1.175210952758789,,160
False,28.78158705411311,,none,,,640,160.00001525878906,5.1525678634643555,17.080385208129883,1.116492748260498,residual_add,4,107,COCO_train2014_000000000030,0.17496919631958008,500,500,1.0,none,,34.628421783447266,0.01312792394310236,160,structsplat_quadtree_wse_residual,SS qt-WSE + residual,StructSplat quadtree-WSE initializer under the same residual-add growth as external analogues.,same-growth,0.992645263671875,0.00046805644524283707,640,0.04571749269962311,l1,33.297019958496094,results/fair_gaussian_variants_20260709_best_candidates/reconstructions/COCO_train2014_000000000030/640/seed1_structsplat_quadtree_wse_residual.png,,,,,cuda,,,,,1,tests/test_images/COCO_train2014_000000000030.jpg,0.9560325145721436,0.3,320,0.5,320,ok,False,False,results/fair_gaussian_variants_20260709_best_candidates/targets/COCO_train2014_000000000030.png,1.2914619445800781,,160
False,28.47051590286897,,none,,,640,160.00001525878906,5.475801944732666,18.60333251953125,1.1428618431091309,residual_add+relocate,4,107,COCO_train2014_000000000030,0.17396879196166992,500,500,1.0,none,,34.053810119628906,0.01365734077990055,160,structsplat_quadtree_wse_residual_relocate,SS qt-WSE + residual relocate,StructSplat quadtree-WSE residual-add growth plus split-scheduled residual relocation.,same-growth+relocate,0.9918850064277649,0.0005196054116822779,640,0.04772812873125076,l1,32.84326171875,results/fair_gaussian_variants_20260709_best_candidates/reconstructions/COCO_train2014_000000000030/640/seed1_structsplat_quadtree_wse_residual_relocate.png,20,0.25,4,at_split,cuda,,,,,1,tests/test_images/COCO_train2014_000000000030.jpg,0.9531417489051819,0.3,320,0.5,320,ok,False,False,results/fair_gaussian_variants_20260709_best_candidates/targets/COCO_train2014_000000000030.png,1.3168306350708008,,160
False,28.825654482793713,,none,,12.0,640,12.0,3.0704658031463623,9.363286972045898,1.1147119998931885,residual_add,4,107,COCO_train2014_000000000030,0.17147254943847656,500,500,1.0,none,,34.469459533691406,0.013483818620443344,160,structsplat_quadtree_wse_residual_featurecap,SS qt-WSE + residual feature cap,StructSplat quadtree-WSE residual-add growth with feature-adaptive scale caps.,same-growth+feature-cap,0.9908021092414856,0.0004886568640358746,640,0.04693061485886574,l1,33.109962463378906,results/fair_gaussian_variants_20260709_best_candidates/reconstructions/COCO_train2014_000000000030/640/seed1_structsplat_quadtree_wse_residual_featurecap.png,,,,,cuda,12.0,12.0,160.0,feature,1,tests/test_images/COCO_train2014_000000000030.jpg,0.9511696100234985,0.3,320,0.5,320,ok,False,False,results/fair_gaussian_variants_20260709_best_candidates/targets/COCO_train2014_000000000030.png,1.286184549331665,,160
False,29.21130404348125,,none,,,640,154.1613311767578,4.9061408042907715,16.567161560058594,1.1494965553283691,residual_add,4,107,COCO_train2014_000000000030,0.19699954986572266,500,500,1.0,none,,34.9501838684082,0.012967457994818687,160,structsplat_quadtree_wse_residual_feature_rel,SS qt-WSE + residual feature-rel cap,StructSplat quadtree-WSE residual-add growth with feature-relative local-radius caps.,same-growth+feature-rel-cap,0.9920378923416138,0.0004344735061749816,640,0.04427851736545563,l1,33.62036895751953,results/fair_gaussian_variants_20260709_best_candidates/reconstructions/COCO_train2014_000000000030/640/seed1_structsplat_quadtree_wse_residual_feature_rel.png,,,,,cuda,,,,feature_rel,1,tests/test_images/COCO_train2014_000000000030.jpg,0.9557971358299255,0.3,320,0.5,320,ok,False,False,results/fair_gaussian_variants_20260709_best_candidates/targets/COCO_train2014_000000000030.png,1.3464961051940918,,160
False,28.734348407967058,,none,,,640,160.00001525878906,5.872308254241943,18.501401901245117,1.0900192260742188,residual_tensor_add,4,107,COCO_train2014_000000000030,0.1718289852142334,500,500,1.0,none,,34.34205627441406,0.01347547397017479,160,structsplat_quadtree_wse_tensor,SS qt-WSE + tensor,StructSplat quadtree-WSE initializer plus tensor-aware residual growth.,tensor-growth,0.9921166896820068,0.0005044155986979604,640,0.04761108011007309,l1,32.97211456298828,results/fair_gaussian_variants_20260709_best_candidates/reconstructions/COCO_train2014_000000000030/640/seed1_structsplat_quadtree_wse_tensor.png,,,,,cuda,,,,,1,tests/test_images/COCO_train2014_000000000030.jpg,0.9551531076431274,0.3,320,0.5,320,ok,False,False,results/fair_gaussian_variants_20260709_best_candidates/targets/COCO_train2014_000000000030.png,1.2618482112884521,,160
False,29.27199885458172,,none,,12.0,640,12.0,3.179403305053711,10.112794876098633,1.0916273593902588,residual_tensor_add,4,107,COCO_train2014_000000000030,0.17305779457092285,500,500,1.0,none,,35.25566482543945,0.012843274511396885,160,structsplat_quadtree_wse_tensor_featurecap,SS qt-WSE + tensor feature cap,StructSplat quadtree-WSE tensor-aware residual growth with feature-adaptive scale caps.,tensor-growth+feature-cap,0.9919803142547607,0.0004208932223264128,640,0.04373837262392044,l1,33.75828170776367,results/fair_gaussian_variants_20260709_best_candidates/reconstructions/COCO_train2014_000000000030/640/seed1_structsplat_quadtree_wse_tensor_featurecap.png,,,,,cuda,12.0,12.0,160.0,feature,1,tests/test_images/COCO_train2014_000000000030.jpg,0.9559417366981506,0.3,320,0.5,320,ok,False,False,results/fair_gaussian_variants_20260709_best_candidates/targets/COCO_train2014_000000000030.png,1.2646851539611816,,160
False,28.95232754097673,,none,,,640,160.00001525878906,5.262420654296875,17.058691024780273,1.1070048809051514,residual_tensor_add,4,107,COCO_train2014_000000000030,0.17362475395202637,500,500,1.0,none,,34.40064239501953,0.013420313596725464,160,structsplat_quadtree_wse_tensor_feature_rel,SS qt-WSE + tensor feature-rel cap,StructSplat quadtree-WSE tensor-aware residual growth with feature-relative local-radius caps.,tensor-growth+feature-rel-cap,0.9912201166152954,0.00048131836229003966,640,0.0458822064101696,l1,33.17567825317383,results/fair_gaussian_variants_20260709_best_candidates/reconstructions/COCO_train2014_000000000030/640/seed1_structsplat_quadtree_wse_tensor_feature_rel.png,,,,,cuda,,,,feature_rel,1,tests/test_images/COCO_train2014_000000000030.jpg,0.9531912207603455,0.3,320,0.5,320,ok,False,False,results/fair_gaussian_variants_20260709_best_candidates/targets/COCO_train2014_000000000030.png,1.2806296348571777,,160
False,28.718008983589126,,none,,,640,160.00001525878906,5.897628307342529,18.209606170654297,1.1281256675720215,residual_tensor_add,4,107,COCO_train2014_000000000030,0.07888460159301758,500,500,1.0,none,,34.35844802856445,0.013441931456327438,160,structsplat_quadtree_hybrid_tensor,SS qt-hybrid + tensor,StructSplat quadtree-hybrid initializer plus tensor-aware residual growth.,tensor-growth,0.9919288158416748,0.0004959955113008618,640,0.04772226884961128,l1,33.04522705078125,results/fair_gaussian_variants_20260709_best_candidates/reconstructions/COCO_train2014_000000000030/640/seed1_structsplat_quadtree_hybrid_tensor.png,,,,,cuda,,,,,1,tests/test_images/COCO_train2014_000000000030.jpg,0.9546517729759216,0.3,320,0.5,320,ok,False,False,results/fair_gaussian_variants_20260709_best_candidates/targets/COCO_train2014_000000000030.png,1.207010269165039,,160
False,28.041965245722768,,none,,,640,160.00001525878906,7.081620693206787,20.808475494384766,1.1419343948364258,residual_tensor_add,4,107,COCO_train2014_000000000030,0.025716066360473633,500,500,1.0,none,,33.52651596069336,0.015105441212654114,160,floyd_steinberg_tensor,Floyd + tensor,Floyd-Steinberg placement control plus tensor-aware residual growth.,tensor-growth-control,0.9894237518310547,0.0005962604773230851,640,0.05233123525977135,l1,32.24563980102539,results/fair_gaussian_variants_20260709_best_candidates/reconstructions/COCO_train2014_000000000030/640/seed1_floyd_steinberg_tensor.png,,,,,cuda,,,,,1,tests/test_images/COCO_train2014_000000000030.jpg,0.945498526096344,0.3,320,0.5,320,ok,False,False,results/fair_gaussian_variants_20260709_best_candidates/targets/COCO_train2014_000000000030.png,1.1676504611968994,,160
False,21.959438822790233,,none,,12.0,640,12.0,2.548557996749878,7.542903423309326,1.1019024848937988,residual_tensor_add,5,106,COCO_train2014_000000000034,0.05575299263000488,500,500,1.0,none,,25.49380111694336,0.04391258582472801,160,structsplat_best_default,SS best default,"Pinned current Gaussian-image winner: aniso_onedge + WSE, feature cap 12@160, tensor-aware residual growth, 5 growth waves, L1 + 0.3 SSIM.",best-default,0.9458159804344177,0.003594400128349662,640,0.12548647820949554,l1,24.44373893737793,results/fair_gaussian_variants_20260709_best_candidates/reconstructions/COCO_train2014_000000000034/640/seed0_structsplat_best_default.png,,,,,cuda,12.0,12.0,160.0,feature,0,tests/test_images/COCO_train2014_000000000034.jpg,0.765799880027771,0.3,320,0.5,320,ok,False,False,results/fair_gaussian_variants_20260709_best_candidates/targets/COCO_train2014_000000000034.png,1.1576554775238037,,160
False,21.796980192761623,,none,,12.0,640,12.0,2.696601629257202,8.874662399291992,1.113128900527954,residual_tensor_add,5,106,COCO_train2014_000000000034,0.05554461479187012,500,500,1.0,none,,25.297435760498047,0.04398360103368759,160,structsplat_best_ssim010,SS best + SSIM 0.10,Best default geometry/growth with SSIM weight lowered to 0.10 for lower pixel diff.,best-loss-sweep,0.9420143961906433,0.0037723046261817217,640,0.12981511652469635,l1,24.233932495117188,results/fair_gaussian_variants_20260709_best_candidates/reconstructions/COCO_train2014_000000000034/640/seed0_structsplat_best_ssim010.png,,,,,cuda,12.0,12.0,160.0,feature,0,tests/test_images/COCO_train2014_000000000034.jpg,0.7349136471748352,0.1,320,0.5,320,ok,False,False,results/fair_gaussian_variants_20260709_best_candidates/targets/COCO_train2014_000000000034.png,1.1686735153198242,,160
False,21.514704209291384,,none,,12.0,640,12.0,2.8290774822235107,8.77971363067627,0.7712883949279785,residual_tensor_add,5,106,COCO_train2014_000000000034,0.05749630928039551,500,500,1.0,none,,24.99880027770996,0.04433146491646767,160,structsplat_best_l1_only,SS best + L1 only,Best default geometry/growth with pure L1 pixel loss and no SSIM term.,best-loss-sweep,0.9254879951477051,0.004025746136903763,640,0.13480404019355774,l1,23.9515380859375,results/fair_gaussian_variants_20260709_best_candidates/reconstructions/COCO_train2014_000000000034/640/seed0_structsplat_best_l1_only.png,,,,,cuda,12.0,12.0,160.0,feature,0,tests/test_images/COCO_train2014_000000000034.jpg,0.6803861856460571,0.0,320,0.5,320,ok,False,False,results/fair_gaussian_variants_20260709_best_candidates/targets/COCO_train2014_000000000034.png,0.828784704208374,,160
False,21.805997235024858,,none,,12.0,640,12.0,2.750164031982422,8.487311363220215,1.1465282440185547,residual_tensor_add,5,106,COCO_train2014_000000000034,0.05791735649108887,500,500,1.0,none,,25.32455825805664,0.04375850036740303,160,structsplat_best_charbonnier,SS best + Charbonnier,Best default geometry/growth with Charbonnier pixel loss and SSIM weight 0.10.,best-loss-sweep,0.9402915835380554,0.003774261334910989,640,0.12949654459953308,charbonnier,24.23168182373047,results/fair_gaussian_variants_20260709_best_candidates/reconstructions/COCO_train2014_000000000034/640/seed0_structsplat_best_charbonnier.png,,,,,cuda,12.0,12.0,160.0,feature,0,tests/test_images/COCO_train2014_000000000034.jpg,0.7325727343559265,0.1,320,0.5,320,ok,False,False,results/fair_gaussian_variants_20260709_best_candidates/targets/COCO_train2014_000000000034.png,1.2044456005096436,,160
False,21.849591230342767,,none,,12.0,640,12.0,2.516092538833618,7.503421306610107,1.1762676239013672,residual_tensor_add,5,106,COCO_train2014_000000000034,0.059554338455200195,500,500,1.0,tensor,,25.51120948791504,0.04407097026705742,160,structsplat_best_tensor_loss,SS best + tensor loss,Best default geometry/growth with tensor-weighted pixel loss to emphasize edges.,best-edge-loss,0.9421308040618896,0.003664070973172784,640,0.12697167694568634,l1,24.360361099243164,results/fair_gaussian_variants_20260709_best_candidates/reconstructions/COCO_train2014_000000000034/640/seed0_structsplat_best_tensor_loss.png,,,,,cuda,12.0,12.0,160.0,feature,0,tests/test_images/COCO_train2014_000000000034.jpg,0.7576735019683838,0.3,320,0.5,320,ok,False,False,results/fair_gaussian_variants_20260709_best_candidates/targets/COCO_train2014_000000000034.png,1.2358219623565674,,160
False,21.90364025016586,,final,,12.0,640,12.0,2.557898759841919,7.697577476501465,1.174548864364624,residual_tensor_add,5,106,COCO_train2014_000000000034,0.055819034576416016,500,500,1.0,none,,25.592979431152344,0.04366234317421913,160,structsplat_best_color_final,SS best + final color solve,Best default geometry/growth with a final fixed-geometry RGB least-squares color solve.,best-color-polish,0.9463163614273071,0.003519749967381358,640,0.12311165779829025,l1,24.534883499145508,results/fair_gaussian_variants_20260709_best_candidates/reconstructions/COCO_train2014_000000000034/640/seed0_structsplat_best_color_final.png,,,,,cuda,12.0,12.0,160.0,feature,0,tests/test_images/COCO_train2014_000000000034.jpg,0.7476654648780823,0.3,320,0.5,320,ok,False,False,results/fair_gaussian_variants_20260709_best_candidates/targets/COCO_train2014_000000000034.png,1.23036789894104,,160
False,21.805465556815534,,none,,12.0,640,12.0,2.730616807937622,8.04931354522705,1.2829887866973877,residual_tensor_add+relocate,5,106,COCO_train2014_000000000034,0.05583477020263672,500,500,1.0,none,,24.97472381591797,0.045355986803770065,160,structsplat_best_relocate,SS best + split relocate,Best default geometry/growth plus split-scheduled residual relocation.,best-relocate,0.9411937594413757,0.003947291988879442,640,0.13006189465522766,l1,24.03700828552246,results/fair_gaussian_variants_20260709_best_candidates/reconstructions/COCO_train2014_000000000034/640/seed0_structsplat_best_relocate.png,16,0.25,4,at_split,cuda,12.0,12.0,160.0,feature,0,tests/test_images/COCO_train2014_000000000034.jpg,0.7571675777435303,0.3,320,0.5,320,ok,False,False,results/fair_gaussian_variants_20260709_best_candidates/targets/COCO_train2014_000000000034.png,1.3388235569000244,,160
True,22.38106100544901,,none,,12.0,640,12.0,2.4442269802093506,7.329313278198242,1.1234936714172363,residual_tensor_add,5,106,COCO_train2014_000000000034,0.05831193923950195,500,500,1.0,none,,26.437305450439453,0.03868100419640541,160,structsplat_best_adaptive_1p5x,SS best + adaptive 1.5x cap,Best default warm start with adaptive residual growth allowed up to 1.5x the requested cap.,best-adaptive-capacity,0.9568707346916199,0.0029397900216281414,960,0.11381315439939499,l1,25.316837310791016,results/fair_gaussian_variants_20260709_best_candidates/reconstructions/COCO_train2014_000000000034/640/seed0_structsplat_best_adaptive_1p5x.png,,,,,cuda,12.0,12.0,160.0,feature,0,tests/test_images/COCO_train2014_000000000034.jpg,0.8058359622955322,0.3,320,0.5,320,ok,False,False,results/fair_gaussian_variants_20260709_best_candidates/targets/COCO_train2014_000000000034.png,1.1818056106567383,960,160
False,20.672674758161953,,none,,,640,56.027286529541016,3.5734856128692627,11.739029884338379,1.0919930934906006,none,4,106,COCO_train2014_000000000034,0.0005605220794677734,500,500,1.0,none,,22.931413650512695,0.050780508667230606,160,gaussianimage_fixed_full,GaussianImage fixed,GaussianImage-style random fixed-count control; starts at the final cap and does not grow.,fixed-full,0.9526464343070984,0.0057853939943015575,640,0.15023678541183472,l1,22.376670837402344,results/fair_gaussian_variants_20260709_best_candidates/reconstructions/COCO_train2014_000000000034/640/seed0_gaussianimage_fixed_full.png,,,,,cuda,,,,,0,tests/test_images/COCO_train2014_000000000034.jpg,0.7898944616317749,0.3,320,0.5,640,ok,False,False,results/fair_gaussian_variants_20260709_best_candidates/targets/COCO_train2014_000000000034.png,1.0925536155700684,,160
False,20.024032996986097,,none,,,640,160.00001525878906,4.3548078536987305,15.0147123336792,1.1545898914337158,residual_add,4,106,COCO_train2014_000000000034,0.0009989738464355469,500,500,1.0,none,,24.863269805908203,0.04639825224876404,160,gaussianimage_plus_residual,GaussianImage++ residual,GaussianImage++-style analogue: random half-budget start plus residual-add growth.,repo-growth,0.9478608965873718,0.004068656358867884,640,0.1325089931488037,l1,23.90549087524414,results/fair_gaussian_variants_20260709_best_candidates/reconstructions/COCO_train2014_000000000034/640/seed0_gaussianimage_plus_residual.png,,,,,cuda,,,,,0,tests/test_images/COCO_train2014_000000000034.jpg,0.7655683159828186,0.3,320,0.5,320,ok,False,False,results/fair_gaussian_variants_20260709_best_candidates/targets/COCO_train2014_000000000034.png,1.1555888652801514,,160
False,20.38617821924672,,none,,,640,160.00001525878906,4.214105129241943,13.142245292663574,1.095445156097412,residual_add,4,106,COCO_train2014_000000000034,0.003414630889892578,500,500,1.0,none,,25.229942321777344,0.04531962797045708,160,image_gs_residual,Image-GS residual,Image-GS-style analogue: gradient-density random half-budget start plus residual-add growth.,repo-growth,0.9449535608291626,0.0038414355367422104,640,0.12884804606437683,l1,24.155065536499023,results/fair_gaussian_variants_20260709_best_candidates/reconstructions/COCO_train2014_000000000034/640/seed0_image_gs_residual.png,,,,,cuda,,,,,0,tests/test_images/COCO_train2014_000000000034.jpg,0.7589743733406067,0.3,320,0.5,320,ok,False,False,results/fair_gaussian_variants_20260709_best_candidates/targets/COCO_train2014_000000000034.png,1.0988597869873047,,160
False,,,none,RuntimeError: Instant-GI methods require STRUCTSPLAT_INSTANT_GI=/path/to/quard_image.py; unset -> this method is skipped.,,640,,,,,,4,106,COCO_train2014_000000000034,,,500,1.0,none,,,,160,instant_gi_quadtree_fixed,Instant-GI quadtree,Instant-GI quadtree/Delaunay fallback if STRUCTSPLAT_INSTANT_GI is configured; fixed count.,fixed-full,,,,,l1,,,,,,,cuda,,,,,0,tests/test_images/COCO_train2014_000000000034.jpg,,0.3,320,0.5,,error,,False,results/fair_gaussian_variants_20260709_best_candidates/targets/COCO_train2014_000000000034.png,,,160
False,21.446137825807256,,none,,,640,160.00001525878906,4.475165843963623,15.622844696044922,1.1318004131317139,residual_add,4,106,COCO_train2014_000000000034,0.059041738510131836,500,500,1.0,none,,25.40003204345703,0.04445738345384598,160,structsplat_onedge_residual,SS on-edge + residual,StructSplat on-edge initializer under the same residual-add growth as external analogues.,same-growth,0.9453113079071045,0.0036851181648671627,640,0.1271740049123764,l1,24.335487365722656,results/fair_gaussian_variants_20260709_best_candidates/reconstructions/COCO_train2014_000000000034/640/seed0_structsplat_onedge_residual.png,,,,,cuda,,,,,0,tests/test_images/COCO_train2014_000000000034.jpg,0.7676552534103394,0.3,320,0.5,320,ok,False,False,results/fair_gaussian_variants_20260709_best_candidates/targets/COCO_train2014_000000000034.png,1.1908421516418457,,160
False,21.314817143824392,,none,,,640,160.00001525878906,4.806302070617676,16.578746795654297,1.1718716621398926,residual_add+relocate,4,106,COCO_train2014_000000000034,0.054659128189086914,500,500,1.0,none,,25.38298797607422,0.04443090781569481,160,structsplat_onedge_residual_relocate,SS on-edge + residual relocate,StructSplat on-edge residual-add growth plus split-scheduled residual relocation.,same-growth+relocate,0.9473533630371094,0.003655295120552182,640,0.12604135274887085,l1,24.37077522277832,results/fair_gaussian_variants_20260709_best_candidates/reconstructions/COCO_train2014_000000000034/640/seed0_structsplat_onedge_residual_relocate.png,20,0.25,4,at_split,cuda,,,,,0,tests/test_images/COCO_train2014_000000000034.jpg,0.7703097462654114,0.3,320,0.5,320,ok,False,False,results/fair_gaussian_variants_20260709_best_candidates/targets/COCO_train2014_000000000034.png,1.2265307903289795,,160
False,21.31509263147572,,none,,12.0,640,12.0,2.510413885116577,7.804977893829346,1.0913341045379639,residual_add,4,106,COCO_train2014_000000000034,0.055773258209228516,500,500,1.0,none,,25.20398712158203,0.04496312886476517,160,structsplat_onedge_residual_featurecap,SS on-edge + residual feature cap,StructSplat on-edge residual-add growth with feature-adaptive per-Gaussian scale caps.,same-growth+feature-cap,0.9399762749671936,0.0038817364256829023,640,0.13011384010314941,l1,24.1097412109375,results/fair_gaussian_variants_20260709_best_candidates/reconstructions/COCO_train2014_000000000034/640/seed0_structsplat_onedge_residual_featurecap.png,,,,,cuda,12.0,12.0,160.0,feature,0,tests/test_images/COCO_train2014_000000000034.jpg,0.7565192580223083,0.3,320,0.5,320,ok,False,False,results/fair_gaussian_variants_20260709_best_candidates/targets/COCO_train2014_000000000034.png,1.1471073627471924,,160
False,21.44747690686243,,none,,,640,160.00001525878906,4.421109676361084,12.788873672485352,1.130951166152954,residual_add,4,106,COCO_train2014_000000000034,0.056171417236328125,500,500,1.0,none,,25.299413681030273,0.04455534741282463,160,structsplat_onedge_residual_feature_rel,SS on-edge + residual feature-rel cap,StructSplat on-edge residual-add growth with feature-relative local-radius scale caps.,same-growth+feature-rel-cap,0.9432640075683594,0.0037378971464931965,640,0.1281481683254242,l1,24.273727416992188,results/fair_gaussian_variants_20260709_best_candidates/reconstructions/COCO_train2014_000000000034/640/seed0_structsplat_onedge_residual_feature_rel.png,,,,,cuda,,,,feature_rel,0,tests/test_images/COCO_train2014_000000000034.jpg,0.7592182755470276,0.3,320,0.5,320,ok,False,False,results/fair_gaussian_variants_20260709_best_candidates/targets/COCO_train2014_000000000034.png,1.1871225833892822,,160
False,21.514752246573835,,none,,,640,160.00001525878906,4.904405117034912,16.103307723999023,1.1099457740783691,residual_tensor_add,4,106,COCO_train2014_000000000034,0.05852198600769043,500,500,1.0,none,,25.133455276489258,0.04562486708164215,160,structsplat_onedge_tensor,SS on-edge + tensor,StructSplat on-edge initializer plus tensor-aware residual growth.,tensor-growth,0.9427388906478882,0.003888460109010339,640,0.1304178237915039,l1,24.10222625732422,results/fair_gaussian_variants_20260709_best_candidates/reconstructions/COCO_train2014_000000000034/640/seed0_structsplat_onedge_tensor.png,,,,,cuda,,,,,0,tests/test_images/COCO_train2014_000000000034.jpg,0.7602422833442688,0.3,320,0.5,320,ok,False,False,results/fair_gaussian_variants_20260709_best_candidates/targets/COCO_train2014_000000000034.png,1.1684677600860596,,160
False,21.468993574918393,,none,,12.0,640,12.0,2.5247199535369873,7.651031017303467,1.1124382019042969,residual_tensor_add,4,106,COCO_train2014_000000000034,0.05624079704284668,500,500,1.0,none,,25.457313537597656,0.04390119016170502,160,structsplat_onedge_tensor_featurecap,SS on-edge + tensor feature cap,StructSplat on-edge tensor-aware residual growth with feature-adaptive scale caps.,tensor-growth+feature-cap,0.9439902305603027,0.00366408284753561,640,0.12647144496440887,l1,24.360347747802734,results/fair_gaussian_variants_20260709_best_candidates/reconstructions/COCO_train2014_000000000034/640/seed0_structsplat_onedge_tensor_featurecap.png,,,,,cuda,12.0,12.0,160.0,feature,0,tests/test_images/COCO_train2014_000000000034.jpg,0.7599433660507202,0.3,320,0.5,320,ok,False,False,results/fair_gaussian_variants_20260709_best_candidates/targets/COCO_train2014_000000000034.png,1.1686789989471436,,160
False,21.517785475583736,,none,,,640,160.00001525878906,5.013312816619873,16.177440643310547,1.0920944213867188,residual_tensor_add,4,106,COCO_train2014_000000000034,0.05484724044799805,500,500,1.0,none,,25.305025100708008,0.044816598296165466,160,structsplat_onedge_tensor_feature_rel,SS on-edge + tensor feature-rel cap,StructSplat on-edge tensor-aware residual growth with feature-relative local-radius caps.,tensor-growth+feature-rel-cap,0.9453240633010864,0.003753873985260725,640,0.12843914330005646,l1,24.255203247070312,results/fair_gaussian_variants_20260709_best_candidates/reconstructions/COCO_train2014_000000000034/640/seed0_structsplat_onedge_tensor_feature_rel.png,,,,,cuda,,,,feature_rel,0,tests/test_images/COCO_train2014_000000000034.jpg,0.7630332708358765,0.3,320,0.5,320,ok,False,False,results/fair_gaussian_variants_20260709_best_candidates/targets/COCO_train2014_000000000034.png,1.1469416618347168,,160
False,21.623314754279676,,none,,,640,160.00001525878906,5.9267191886901855,21.301742553710938,1.098212480545044,residual_tensor_add,4,106,COCO_train2014_000000000034,0.05553436279296875,500,500,1.0,none,,25.297088623046875,0.045098647475242615,160,structsplat_flanking_tensor,SS flanking + tensor,StructSplat flanking initializer plus tensor-aware residual growth.,tensor-growth,0.9456015825271606,0.0037575308233499527,640,0.12718147039413452,l1,24.2509765625,results/fair_gaussian_variants_20260709_best_candidates/reconstructions/COCO_train2014_000000000034/640/seed0_structsplat_flanking_tensor.png,,,,,cuda,,,,,0,tests/test_images/COCO_train2014_000000000034.jpg,0.7693809866905212,0.3,320,0.5,320,ok,False,False,results/fair_gaussian_variants_20260709_best_candidates/targets/COCO_train2014_000000000034.png,1.1537468433380127,,160
False,21.327471601222463,,none,,,640,160.00001525878906,5.244737148284912,16.47662353515625,1.2326207160949707,residual_add,4,106,COCO_train2014_000000000034,0.12360858917236328,500,500,1.0,none,,25.281631469726562,0.045296378433704376,160,structsplat_quadtree_wse_residual,SS qt-WSE + residual,StructSplat quadtree-WSE initializer under the same residual-add growth as external analogues.,same-growth,0.94484543800354,0.003801507642492652,640,0.12863074243068695,l1,24.200441360473633,results/fair_gaussian_variants_20260709_best_candidates/reconstructions/COCO_train2014_000000000034/640/seed0_structsplat_quadtree_wse_residual.png,,,,,cuda,,,,,0,tests/test_images/COCO_train2014_000000000034.jpg,0.7606468200683594,0.3,320,0.5,320,ok,False,False,results/fair_gaussian_variants_20260709_best_candidates/targets/COCO_train2014_000000000034.png,1.356229305267334,,160
False,21.229213534949537,,none,,,640,160.00001525878906,5.108214855194092,18.64924430847168,1.1622345447540283,residual_add+relocate,4,106,COCO_train2014_000000000034,0.11752724647521973,500,500,1.0,none,,25.32405662536621,0.04497620090842247,160,structsplat_quadtree_wse_residual_relocate,SS qt-WSE + residual relocate,StructSplat quadtree-WSE residual-add growth plus split-scheduled residual relocation.,same-growth+relocate,0.9464408159255981,0.003735305042937398,640,0.1274658739566803,l1,24.27674102783203,results/fair_gaussian_variants_20260709_best_candidates/reconstructions/COCO_train2014_000000000034/640/seed0_structsplat_quadtree_wse_residual_relocate.png,20,0.25,4,at_split,cuda,,,,,0,tests/test_images/COCO_train2014_000000000034.jpg,0.7672642469406128,0.3,320,0.5,320,ok,False,False,results/fair_gaussian_variants_20260709_best_candidates/targets/COCO_train2014_000000000034.png,1.279761791229248,,160
False,21.21349589858122,,none,,12.0,640,12.0,2.488107442855835,8.012883186340332,1.231309175491333,residual_add,4,106,COCO_train2014_000000000034,0.12110042572021484,500,500,1.0,none,,25.464073181152344,0.04420354589819908,160,structsplat_quadtree_wse_residual_featurecap,SS qt-WSE + residual feature cap,StructSplat quadtree-WSE residual-add growth with feature-adaptive scale caps.,same-growth+feature-cap,0.9458110928535461,0.0036699434276670218,640,0.1265385001897812,l1,24.353408813476562,results/fair_gaussian_variants_20260709_best_candidates/reconstructions/COCO_train2014_000000000034/640/seed0_structsplat_quadtree_wse_residual_featurecap.png,,,,,cuda,12.0,12.0,160.0,feature,0,tests/test_images/COCO_train2014_000000000034.jpg,0.7646985054016113,0.3,320,0.5,320,ok,False,False,results/fair_gaussian_variants_20260709_best_candidates/targets/COCO_train2014_000000000034.png,1.3524096012115479,,160
False,21.4061788213038,,none,,,640,160.00001525878906,4.019381523132324,12.857010841369629,1.1233129501342773,residual_add,4,106,COCO_train2014_000000000034,0.11658573150634766,500,500,1.0,none,,25.44760513305664,0.04426351189613342,160,structsplat_quadtree_wse_residual_feature_rel,SS qt-WSE + residual feature-rel cap,StructSplat quadtree-WSE residual-add growth with feature-relative local-radius caps.,same-growth+feature-rel-cap,0.9444233179092407,0.003662287490442395,640,0.12686991691589355,l1,24.362476348876953,results/fair_gaussian_variants_20260709_best_candidates/reconstructions/COCO_train2014_000000000034/640/seed0_structsplat_quadtree_wse_residual_feature_rel.png,,,,,cuda,,,,feature_rel,0,tests/test_images/COCO_train2014_000000000034.jpg,0.7641174793243408,0.3,320,0.5,320,ok,False,False,results/fair_gaussian_variants_20260709_best_candidates/targets/COCO_train2014_000000000034.png,1.239898681640625,,160
False,21.396031802068492,,none,,,640,160.00001525878906,5.369318008422852,18.607423782348633,1.1049907207489014,residual_tensor_add,4,106,COCO_train2014_000000000034,0.1180276870727539,500,500,1.0,none,,25.20016098022461,0.045583974570035934,160,structsplat_quadtree_wse_tensor,SS qt-WSE + tensor,StructSplat quadtree-WSE initializer plus tensor-aware residual growth.,tensor-growth,0.9452512264251709,0.0038500253576785326,640,0.12879043817520142,l1,24.14536476135254,results/fair_gaussian_variants_20260709_best_candidates/reconstructions/COCO_train2014_000000000034/640/seed0_structsplat_quadtree_wse_tensor.png,,,,,cuda,,,,,0,tests/test_images/COCO_train2014_000000000034.jpg,0.765003502368927,0.3,320,0.5,320,ok,False,False,results/fair_gaussian_variants_20260709_best_candidates/targets/COCO_train2014_000000000034.png,1.2230184078216553,,160
False,21.405807357512877,,none,,12.0,640,12.0,2.6240546703338623,7.780818462371826,1.10394287109375,residual_tensor_add,4,106,COCO_train2014_000000000034,0.11704063415527344,500,500,1.0,none,,25.058948516845703,0.0450160838663578,160,structsplat_quadtree_wse_tensor_featurecap,SS qt-WSE + tensor feature cap,StructSplat quadtree-WSE tensor-aware residual growth with feature-adaptive scale caps.,tensor-growth+feature-cap,0.9420278072357178,0.0038874803576618433,640,0.12868015468120575,l1,24.103317260742188,results/fair_gaussian_variants_20260709_best_candidates/reconstructions/COCO_train2014_000000000034/640/seed0_structsplat_quadtree_wse_tensor_featurecap.png,,,,,cuda,12.0,12.0,160.0,feature,0,tests/test_images/COCO_train2014_000000000034.jpg,0.7607856392860413,0.3,320,0.5,320,ok,False,False,results/fair_gaussian_variants_20260709_best_candidates/targets/COCO_train2014_000000000034.png,1.2209835052490234,,160
False,21.434000511207657,,none,,,640,160.00001525878906,4.629751682281494,13.942975044250488,1.115694522857666,residual_tensor_add,4,106,COCO_train2014_000000000034,0.11878275871276855,500,500,1.0,none,,25.18115234375,0.04507496953010559,160,structsplat_quadtree_wse_tensor_feature_rel,SS qt-WSE + tensor feature-rel cap,StructSplat quadtree-WSE tensor-aware residual growth with feature-relative local-radius caps.,tensor-growth+feature-rel-cap,0.945015013217926,0.003828271059319377,640,0.1300119310617447,l1,24.16997528076172,results/fair_gaussian_variants_20260709_best_candidates/reconstructions/COCO_train2014_000000000034/640/seed0_structsplat_quadtree_wse_tensor_feature_rel.png,,,,,cuda,,,,feature_rel,0,tests/test_images/COCO_train2014_000000000034.jpg,0.7590884566307068,0.3,320,0.5,320,ok,False,False,results/fair_gaussian_variants_20260709_best_candidates/targets/COCO_train2014_000000000034.png,1.2344772815704346,,160
False,21.480166379817742,,none,,,640,160.00001525878906,4.993995666503906,16.332233428955078,1.0943593978881836,residual_tensor_add,4,106,COCO_train2014_000000000034,0.07464313507080078,500,500,1.0,none,,25.27318572998047,0.04521496593952179,160,structsplat_quadtree_hybrid_tensor,SS qt-hybrid + tensor,StructSplat quadtree-hybrid initializer plus tensor-aware residual growth.,tensor-growth,0.9474825263023376,0.0037816823460161686,640,0.12760649621486664,l1,24.223148345947266,results/fair_gaussian_variants_20260709_best_candidates/reconstructions/COCO_train2014_000000000034/640/seed0_structsplat_quadtree_hybrid_tensor.png,,,,,cuda,,,,,0,tests/test_images/COCO_train2014_000000000034.jpg,0.7677146196365356,0.3,320,0.5,320,ok,False,False,results/fair_gaussian_variants_20260709_best_candidates/targets/COCO_train2014_000000000034.png,1.1690025329589844,,160
False,20.824561816656995,,none,,,640,160.00001525878906,5.115128993988037,18.409528732299805,1.1041789054870605,residual_tensor_add,4,106,COCO_train2014_000000000034,0.02540278434753418,500,500,1.0,none,,24.901514053344727,0.04691051319241524,160,floyd_steinberg_tensor,Floyd + tensor,Floyd-Steinberg placement control plus tensor-aware residual growth.,tensor-growth-control,0.9363875985145569,0.004071888048201799,640,0.1334543377161026,l1,23.902042388916016,results/fair_gaussian_variants_20260709_best_candidates/reconstructions/COCO_train2014_000000000034/640/seed0_floyd_steinberg_tensor.png,,,,,cuda,,,,,0,tests/test_images/COCO_train2014_000000000034.jpg,0.7439855337142944,0.3,320,0.5,320,ok,False,False,results/fair_gaussian_variants_20260709_best_candidates/targets/COCO_train2014_000000000034.png,1.1295816898345947,,160
False,21.78854608822442,,none,,12.0,640,12.0,2.5437405109405518,7.799361228942871,1.1219911575317383,residual_tensor_add,5,106,COCO_train2014_000000000034,0.05701279640197754,500,500,1.0,none,,24.76909637451172,0.045408543199300766,160,structsplat_best_default,SS best default,"Pinned current Gaussian-image winner: aniso_onedge + WSE, feature cap 12@160, tensor-aware residual growth, 5 growth waves, L1 + 0.3 SSIM.",best-default,0.9412962198257446,0.004048587754368782,640,0.13128134608268738,l1,23.926963806152344,results/fair_gaussian_variants_20260709_best_candidates/reconstructions/COCO_train2014_000000000034/640/seed1_structsplat_best_default.png,,,,,cuda,12.0,12.0,160.0,feature,1,tests/test_images/COCO_train2014_000000000034.jpg,0.7530669569969177,0.3,320,0.5,320,ok,False,False,results/fair_gaussian_variants_20260709_best_candidates/targets/COCO_train2014_000000000034.png,1.1790039539337158,,160
False,21.7143262335676,,none,,12.0,640,12.0,2.637181520462036,8.061929702758789,1.113511085510254,residual_tensor_add,5,106,COCO_train2014_000000000034,0.05837678909301758,500,500,1.0,none,,25.311847686767578,0.043886344879865646,160,structsplat_best_ssim010,SS best + SSIM 0.10,Best default geometry/growth with SSIM weight lowered to 0.10 for lower pixel diff.,best-loss-sweep,0.9384000897407532,0.003785717999562621,640,0.1299867182970047,l1,24.21851921081543,results/fair_gaussian_variants_20260709_best_candidates/reconstructions/COCO_train2014_000000000034/640/seed1_structsplat_best_ssim010.png,,,,,cuda,12.0,12.0,160.0,feature,1,tests/test_images/COCO_train2014_000000000034.jpg,0.7257429957389832,0.1,320,0.5,320,ok,False,False,results/fair_gaussian_variants_20260709_best_candidates/targets/COCO_train2014_000000000034.png,1.1718878746032715,,160
False,21.328310977958726,,none,,12.0,640,12.0,2.791592836380005,8.508111953735352,0.8084578514099121,residual_tensor_add,5,106,COCO_train2014_000000000034,0.055449485778808594,500,500,1.0,none,,24.72441864013672,0.04494136571884155,160,structsplat_best_l1_only,SS best + L1 only,Best default geometry/growth with pure L1 pixel loss and no SSIM term.,best-loss-sweep,0.9269182682037354,0.004225301556289196,640,0.13762310147285461,l1,23.741424560546875,results/fair_gaussian_variants_20260709_best_candidates/reconstructions/COCO_train2014_000000000034/640/seed1_structsplat_best_l1_only.png,,,,,cuda,12.0,12.0,160.0,feature,1,tests/test_images/COCO_train2014_000000000034.jpg,0.6757619976997375,0.0,320,0.5,320,ok,False,False,results/fair_gaussian_variants_20260709_best_candidates/targets/COCO_train2014_000000000034.png,0.8639073371887207,,160
False,21.747963534567305,,none,,12.0,640,12.0,2.580812931060791,8.046914100646973,1.2391612529754639,residual_tensor_add,5,106,COCO_train2014_000000000034,0.05851864814758301,500,500,1.0,none,,25.26425552368164,0.0439632274210453,160,structsplat_best_charbonnier,SS best + Charbonnier,Best default geometry/growth with Charbonnier pixel loss and SSIM weight 0.10.,best-loss-sweep,0.9393870234489441,0.0038124998100101948,640,0.13003163039684296,charbonnier,24.187904357910156,results/fair_gaussian_variants_20260709_best_candidates/reconstructions/COCO_train2014_000000000034/640/seed1_structsplat_best_charbonnier.png,,,,,cuda,12.0,12.0,160.0,feature,1,tests/test_images/COCO_train2014_000000000034.jpg,0.7268080115318298,0.1,320,0.5,320,ok,False,False,results/fair_gaussian_variants_20260709_best_candidates/targets/COCO_train2014_000000000034.png,1.2976799011230469,,160
False,21.77272476700838,,none,,12.0,640,12.0,2.617086410522461,7.898132801055908,1.1339280605316162,residual_tensor_add,5,106,COCO_train2014_000000000034,0.058335065841674805,500,500,1.0,tensor,,25.0374813079834,0.045356083661317825,160,structsplat_best_tensor_loss,SS best + tensor loss,Best default geometry/growth with tensor-weighted pixel loss to emphasize edges.,best-edge-loss,0.9423158764839172,0.003899899311363697,640,0.13045009970664978,l1,24.089466094970703,results/fair_gaussian_variants_20260709_best_candidates/reconstructions/COCO_train2014_000000000034/640/seed1_structsplat_best_tensor_loss.png,,,,,cuda,12.0,12.0,160.0,feature,1,tests/test_images/COCO_train2014_000000000034.jpg,0.7549522519111633,0.3,320,0.5,320,ok,False,False,results/fair_gaussian_variants_20260709_best_candidates/targets/COCO_train2014_000000000034.png,1.192263126373291,,160
False,21.86632255561844,,final,,12.0,640,12.0,2.5609805583953857,7.827082633972168,1.2063865661621094,residual_tensor_add,5,106,COCO_train2014_000000000034,0.057373762130737305,500,500,1.0,none,,25.470111846923828,0.04379614070057869,160,structsplat_best_color_final,SS best + final color solve,Best default geometry/growth with a final fixed-geometry RGB least-squares color solve.,best-color-polish,0.9465920925140381,0.0035661025904119015,640,0.122707799077034,l1,24.47806167602539,results/fair_gaussian_variants_20260709_best_candidates/reconstructions/COCO_train2014_000000000034/640/seed1_structsplat_best_color_final.png,,,,,cuda,12.0,12.0,160.0,feature,1,tests/test_images/COCO_train2014_000000000034.jpg,0.7437771558761597,0.3,320,0.5,320,ok,False,False,results/fair_gaussian_variants_20260709_best_candidates/targets/COCO_train2014_000000000034.png,1.2637603282928467,,160
False,21.673774352293453,,none,,12.0,640,12.0,2.6466941833496094,7.977193832397461,1.230715274810791,residual_tensor_add+relocate,5,106,COCO_train2014_000000000034,0.05646252632141113,500,500,1.0,none,,24.391572952270508,0.046965233981609344,160,structsplat_best_relocate,SS best + split relocate,Best default geometry/growth plus split-scheduled residual relocation.,best-relocate,0.9328838586807251,0.004328480921685696,640,0.1361876279115677,l1,23.636646270751953,results/fair_gaussian_variants_20260709_best_candidates/reconstructions/COCO_train2014_000000000034/640/seed1_structsplat_best_relocate.png,16,0.25,4,at_split,cuda,12.0,12.0,160.0,feature,1,tests/test_images/COCO_train2014_000000000034.jpg,0.7475031018257141,0.3,320,0.5,320,ok,False,False,results/fair_gaussian_variants_20260709_best_candidates/targets/COCO_train2014_000000000034.png,1.2871778011322021,,160
True,22.363310926662898,,none,,12.0,640,12.0,2.3842082023620605,7.271360874176025,1.1450154781341553,residual_tensor_add,5,106,COCO_train2014_000000000034,0.056577205657958984,500,500,1.0,none,,25.45534896850586,0.0393507145345211,160,structsplat_best_adaptive_1p5x,SS best + adaptive 1.5x cap,Best default warm start with adaptive residual growth allowed up to 1.5x the requested cap.,best-adaptive-capacity,0.9529082775115967,0.0033437537495046854,960,0.11432743817567825,l1,24.75765609741211,results/fair_gaussian_variants_20260709_best_candidates/reconstructions/COCO_train2014_000000000034/640/seed1_structsplat_best_adaptive_1p5x.png,,,,,cuda,12.0,12.0,160.0,feature,1,tests/test_images/COCO_train2014_000000000034.jpg,0.7990184426307678,0.3,320,0.5,320,ok,False,False,results/fair_gaussian_variants_20260709_best_candidates/targets/COCO_train2014_000000000034.png,1.2015926837921143,960,160
False,20.492635388651447,,none,,,640,160.00001525878906,4.0650458335876465,12.176248550415039,1.1227095127105713,none,4,106,COCO_train2014_000000000034,0.0005066394805908203,500,500,1.0,none,,22.784217834472656,0.05168010666966438,160,gaussianimage_fixed_full,GaussianImage fixed,GaussianImage-style random fixed-count control; starts at the final cap and does not grow.,fixed-full,0.9475715160369873,0.006001096684485674,640,0.15262159705162048,l1,22.217695236206055,results/fair_gaussian_variants_20260709_best_candidates/reconstructions/COCO_train2014_000000000034/640/seed1_gaussianimage_fixed_full.png,,,,,cuda,,,,,1,tests/test_images/COCO_train2014_000000000034.jpg,0.7871927618980408,0.3,320,0.5,640,ok,False,False,results/fair_gaussian_variants_20260709_best_candidates/targets/COCO_train2014_000000000034.png,1.123216152191162,,160
False,20.108229000726062,,none,,,640,160.00001525878906,4.5030107498168945,15.61012077331543,1.1317555904388428,residual_add,4,106,COCO_train2014_000000000034,0.0007252693176269531,500,500,1.0,none,,25.15876007080078,0.04498627409338951,160,gaussianimage_plus_residual,GaussianImage++ residual,GaussianImage++-style analogue: random half-budget start plus residual-add growth.,repo-growth,0.9464001655578613,0.003841779660433531,640,0.13004113733768463,l1,24.154674530029297,results/fair_gaussian_variants_20260709_best_candidates/reconstructions/COCO_train2014_000000000034/640/seed1_gaussianimage_plus_residual.png,,,,,cuda,,,,,1,tests/test_images/COCO_train2014_000000000034.jpg,0.7660105228424072,0.3,320,0.5,320,ok,False,False,results/fair_gaussian_variants_20260709_best_candidates/targets/COCO_train2014_000000000034.png,1.1324808597564697,,160
False,20.312135734634552,,none,,,640,160.00001525878906,5.1109538078308105,15.672567367553711,1.1847450733184814,residual_add,4,106,COCO_train2014_000000000034,0.0037958621978759766,500,500,1.0,none,,25.04136085510254,0.0458347424864769,160,image_gs_residual,Image-GS residual,Image-GS-style analogue: gradient-density random half-budget start plus residual-add growth.,repo-growth,0.9446195363998413,0.003927776589989662,640,0.13111042976379395,l1,24.05853271484375,results/fair_gaussian_variants_20260709_best_candidates/reconstructions/COCO_train2014_000000000034/640/seed1_image_gs_residual.png,,,,,cuda,,,,,1,tests/test_images/COCO_train2014_000000000034.jpg,0.7608282566070557,0.3,320,0.5,320,ok,False,False,results/fair_gaussian_variants_20260709_best_candidates/targets/COCO_train2014_000000000034.png,1.1885409355163574,,160
False,,,none,RuntimeError: Instant-GI methods require STRUCTSPLAT_INSTANT_GI=/path/to/quard_image.py; unset -> this method is skipped.,,640,,,,,,4,106,COCO_train2014_000000000034,,,500,1.0,none,,,,160,instant_gi_quadtree_fixed,Instant-GI quadtree,Instant-GI quadtree/Delaunay fallback if STRUCTSPLAT_INSTANT_GI is configured; fixed count.,fixed-full,,,,,l1,,,,,,,cuda,,,,,1,tests/test_images/COCO_train2014_000000000034.jpg,,0.3,320,0.5,,error,,False,results/fair_gaussian_variants_20260709_best_candidates/targets/COCO_train2014_000000000034.png,,,160
False,21.36973074299539,,none,,,640,160.00001525878906,5.325592994689941,18.63111114501953,1.0986828804016113,residual_add,4,106,COCO_train2014_000000000034,0.05944514274597168,500,500,1.0,none,,25.351688385009766,0.044621437788009644,160,structsplat_onedge_residual,SS on-edge + residual,StructSplat on-edge initializer under the same residual-add growth as external analogues.,same-growth,0.9455627202987671,0.003710194258019328,640,0.12735337018966675,l1,24.306034088134766,results/fair_gaussian_variants_20260709_best_candidates/reconstructions/COCO_train2014_000000000034/640/seed1_structsplat_onedge_residual.png,,,,,cuda,,,,,1,tests/test_images/COCO_train2014_000000000034.jpg,0.7659782767295837,0.3,320,0.5,320,ok,False,False,results/fair_gaussian_variants_20260709_best_candidates/targets/COCO_train2014_000000000034.png,1.158128023147583,,160
False,21.237948883989294,,none,,,640,160.00001525878906,5.018130779266357,17.11066436767578,1.1341092586517334,residual_add+relocate,4,106,COCO_train2014_000000000034,0.05510592460632324,500,500,1.0,none,,25.236328125,0.04507739841938019,160,structsplat_onedge_residual_relocate,SS on-edge + residual relocate,StructSplat on-edge residual-add growth plus split-scheduled residual relocation.,same-growth+relocate,0.9442928433418274,0.0037627993151545525,640,0.1283029019832611,l1,24.244890213012695,results/fair_gaussian_variants_20260709_best_candidates/reconstructions/COCO_train2014_000000000034/640/seed1_structsplat_onedge_residual_relocate.png,20,0.25,4,at_split,cuda,,,,,1,tests/test_images/COCO_train2014_000000000034.jpg,0.7628796100616455,0.3,320,0.5,320,ok,False,False,results/fair_gaussian_variants_20260709_best_candidates/targets/COCO_train2014_000000000034.png,1.1892151832580566,,160
False,21.177016829679868,,none,,12.0,640,12.0,2.5274102687835693,8.042783737182617,1.1081273555755615,residual_add,4,106,COCO_train2014_000000000034,0.055707693099975586,500,500,1.0,none,,24.6781005859375,0.0452481247484684,160,structsplat_onedge_residual_featurecap,SS on-edge + residual feature cap,StructSplat on-edge residual-add growth with feature-adaptive per-Gaussian scale caps.,same-growth+feature-cap,0.9366585612297058,0.004116530995815992,640,0.13004657626152039,l1,23.854686737060547,results/fair_gaussian_variants_20260709_best_candidates/reconstructions/COCO_train2014_000000000034/640/seed1_structsplat_onedge_residual_featurecap.png,,,,,cuda,12.0,12.0,160.0,feature,1,tests/test_images/COCO_train2014_000000000034.jpg,0.7539973855018616,0.3,320,0.5,320,ok,False,False,results/fair_gaussian_variants_20260709_best_candidates/targets/COCO_train2014_000000000034.png,1.163835048675537,,160
False,21.56886652619662,,none,,,640,160.00001525878906,4.484588623046875,12.592723846435547,1.0967724323272705,residual_add,4,106,COCO_train2014_000000000034,0.054917335510253906,500,500,1.0,none,,25.34642219543457,0.04423441365361214,160,structsplat_onedge_residual_feature_rel,SS on-edge + residual feature-rel cap,StructSplat on-edge residual-add growth with feature-relative local-radius scale caps.,same-growth+feature-rel-cap,0.9466633200645447,0.0036720626521855593,640,0.1271907240152359,l1,24.350900650024414,results/fair_gaussian_variants_20260709_best_candidates/reconstructions/COCO_train2014_000000000034/640/seed1_structsplat_onedge_residual_feature_rel.png,,,,,cuda,,,,feature_rel,1,tests/test_images/COCO_train2014_000000000034.jpg,0.7659790515899658,0.3,320,0.5,320,ok,False,False,results/fair_gaussian_variants_20260709_best_candidates/targets/COCO_train2014_000000000034.png,1.1516897678375244,,160
False,21.516030993872512,,none,,,640,160.00001525878906,5.774011135101318,18.427833557128906,1.1626102924346924,residual_tensor_add,4,106,COCO_train2014_000000000034,0.05517435073852539,500,500,1.0,none,,25.276432037353516,0.045080605894327164,160,structsplat_onedge_tensor,SS on-edge + tensor,StructSplat on-edge initializer plus tensor-aware residual growth.,tensor-growth,0.9474620223045349,0.0037507626693695784,640,0.12751279771327972,l1,24.258806228637695,results/fair_gaussian_variants_20260709_best_candidates/reconstructions/COCO_train2014_000000000034/640/seed1_structsplat_onedge_tensor.png,,,,,cuda,,,,,1,tests/test_images/COCO_train2014_000000000034.jpg,0.7709598541259766,0.3,320,0.5,320,ok,False,False,results/fair_gaussian_variants_20260709_best_candidates/targets/COCO_train2014_000000000034.png,1.2177846431732178,,160
False,21.33170839397606,,none,,12.0,640,12.0,2.5415494441986084,7.801302433013916,1.1826753616333008,residual_tensor_add,4,106,COCO_train2014_000000000034,0.06037306785583496,500,500,1.0,none,,25.33395004272461,0.04461757093667984,160,structsplat_onedge_tensor_featurecap,SS on-edge + tensor feature cap,StructSplat on-edge tensor-aware residual growth with feature-adaptive scale caps.,tensor-growth+feature-cap,0.9434710741043091,0.003743572859093547,640,0.12899728119373322,l1,24.26713752746582,results/fair_gaussian_variants_20260709_best_candidates/reconstructions/COCO_train2014_000000000034/640/seed1_structsplat_onedge_tensor_featurecap.png,,,,,cuda,12.0,12.0,160.0,feature,1,tests/test_images/COCO_train2014_000000000034.jpg,0.7640984058380127,0.3,320,0.5,320,ok,False,False,results/fair_gaussian_variants_20260709_best_candidates/targets/COCO_train2014_000000000034.png,1.2430484294891357,,160
False,21.500955408704066,,none,,,640,160.00001525878906,4.536336421966553,12.25001335144043,1.1000676155090332,residual_tensor_add,4,106,COCO_train2014_000000000034,0.05620312690734863,500,500,1.0,none,,25.27484893798828,0.04491259530186653,160,structsplat_onedge_tensor_feature_rel,SS on-edge + tensor feature-rel cap,StructSplat on-edge tensor-aware residual growth with feature-relative local-radius caps.,tensor-growth+feature-rel-cap,0.9443031549453735,0.0037887513171881437,640,0.12820693850517273,l1,24.21504020690918,results/fair_gaussian_variants_20260709_best_candidates/reconstructions/COCO_train2014_000000000034/640/seed1_structsplat_onedge_tensor_feature_rel.png,,,,,cuda,,,,feature_rel,1,tests/test_images/COCO_train2014_000000000034.jpg,0.7626466155052185,0.3,320,0.5,320,ok,False,False,results/fair_gaussian_variants_20260709_best_candidates/targets/COCO_train2014_000000000034.png,1.1562707424163818,,160
False,21.45166880620983,,none,,,640,160.00001525878906,5.293082237243652,16.29402732849121,1.1205031871795654,residual_tensor_add,4,106,COCO_train2014_000000000034,0.05545163154602051,500,500,1.0,none,,25.407161712646484,0.04453625902533531,160,structsplat_flanking_tensor,SS flanking + tensor,StructSplat flanking initializer plus tensor-aware residual growth.,tensor-growth,0.9473675489425659,0.003670551348477602,640,0.1264016479253769,l1,24.352685928344727,results/fair_gaussian_variants_20260709_best_candidates/reconstructions/COCO_train2014_000000000034/640/seed1_structsplat_flanking_tensor.png,,,,,cuda,,,,,1,tests/test_images/COCO_train2014_000000000034.jpg,0.7697943449020386,0.3,320,0.5,320,ok,False,False,results/fair_gaussian_variants_20260709_best_candidates/targets/COCO_train2014_000000000034.png,1.175954818725586,,160
False,21.3583761092895,,none,,,640,160.00001525878906,4.8260579109191895,15.358701705932617,1.1192710399627686,residual_add,4,106,COCO_train2014_000000000034,0.11460423469543457,500,500,1.0,none,,25.292316436767578,0.04486417770385742,160,structsplat_quadtree_wse_residual,SS qt-WSE + residual,StructSplat quadtree-WSE initializer under the same residual-add growth as external analogues.,same-growth,0.9461130499839783,0.0037578425835818052,640,0.12822628021240234,l1,24.250614166259766,results/fair_gaussian_variants_20260709_best_candidates/reconstructions/COCO_train2014_000000000034/640/seed1_structsplat_quadtree_wse_residual.png,,,,,cuda,,,,,1,tests/test_images/COCO_train2014_000000000034.jpg,0.7622545957565308,0.3,320,0.5,320,ok,False,False,results/fair_gaussian_variants_20260709_best_candidates/targets/COCO_train2014_000000000034.png,1.2338752746582031,,160
False,21.154999702392455,,none,,,640,160.00001525878906,5.039247035980225,16.585901260375977,1.1717770099639893,residual_add+relocate,4,106,COCO_train2014_000000000034,0.1194298267364502,500,500,1.0,none,,25.158302307128906,0.045679159462451935,160,structsplat_quadtree_wse_residual_relocate,SS qt-WSE + residual relocate,StructSplat quadtree-WSE residual-add growth plus split-scheduled residual relocation.,same-growth+relocate,0.9435827732086182,0.0038730029482394457,640,0.13010407984256744,l1,24.119522094726562,results/fair_gaussian_variants_20260709_best_candidates/reconstructions/COCO_train2014_000000000034/640/seed1_structsplat_quadtree_wse_residual_relocate.png,20,0.25,4,at_split,cuda,,,,,1,tests/test_images/COCO_train2014_000000000034.jpg,0.7575718760490417,0.3,320,0.5,320,ok,False,False,results/fair_gaussian_variants_20260709_best_candidates/targets/COCO_train2014_000000000034.png,1.2912068367004395,,160
False,21.06521307347055,,none,,12.0,640,12.0,2.5350825786590576,7.876492023468018,1.1275994777679443,residual_add,4,106,COCO_train2014_000000000034,0.1180257797241211,500,500,1.0,none,,24.071945190429688,0.04678487032651901,160,structsplat_quadtree_wse_residual_featurecap,SS qt-WSE + residual feature cap,StructSplat quadtree-WSE residual-add growth with feature-adaptive scale caps.,same-growth+feature-cap,0.9337967038154602,0.0045325979590415955,640,0.13486474752426147,l1,23.4365291595459,results/fair_gaussian_variants_20260709_best_candidates/reconstructions/COCO_train2014_000000000034/640/seed1_structsplat_quadtree_wse_residual_featurecap.png,,,,,cuda,12.0,12.0,160.0,feature,1,tests/test_images/COCO_train2014_000000000034.jpg,0.7430547475814819,0.3,320,0.5,320,ok,False,False,results/fair_gaussian_variants_20260709_best_candidates/targets/COCO_train2014_000000000034.png,1.2456252574920654,,160
False,21.36454961581794,,none,,,640,160.00001525878906,3.8459725379943848,12.043771743774414,1.130394697189331,residual_add,4,106,COCO_train2014_000000000034,0.11529088020324707,500,500,1.0,none,,25.373882293701172,0.04466883838176727,160,structsplat_quadtree_wse_residual_feature_rel,SS qt-WSE + residual feature-rel cap,StructSplat quadtree-WSE residual-add growth with feature-relative local-radius caps.,same-growth+feature-rel-cap,0.9433677792549133,0.0037078664172440767,640,0.12752501666545868,l1,24.308759689331055,results/fair_gaussian_variants_20260709_best_candidates/reconstructions/COCO_train2014_000000000034/640/seed1_structsplat_quadtree_wse_residual_feature_rel.png,,,,,cuda,,,,feature_rel,1,tests/test_images/COCO_train2014_000000000034.jpg,0.7576144337654114,0.3,320,0.5,320,ok,False,False,results/fair_gaussian_variants_20260709_best_candidates/targets/COCO_train2014_000000000034.png,1.2456855773925781,,160
False,21.522482214566462,,none,,,640,160.00001525878906,5.050376892089844,15.307829856872559,1.110199213027954,residual_tensor_add,4,106,COCO_train2014_000000000034,0.11963462829589844,500,500,1.0,none,,25.39076042175293,0.04470705986022949,160,structsplat_quadtree_wse_tensor,SS qt-WSE + tensor,StructSplat quadtree-WSE initializer plus tensor-aware residual growth.,tensor-growth,0.9472371339797974,0.0036977920681238174,640,0.125986248254776,l1,24.320575714111328,results/fair_gaussian_variants_20260709_best_candidates/reconstructions/COCO_train2014_000000000034/640/seed1_structsplat_quadtree_wse_tensor.png,,,,,cuda,,,,,1,tests/test_images/COCO_train2014_000000000034.jpg,0.7711264491081238,0.3,320,0.5,320,ok,False,False,results/fair_gaussian_variants_20260709_best_candidates/targets/COCO_train2014_000000000034.png,1.2298338413238525,,160
False,21.384115721754178,,none,,12.0,640,12.0,2.580075979232788,7.909438610076904,1.0988690853118896,residual_tensor_add,4,106,COCO_train2014_000000000034,0.12116479873657227,500,500,1.0,none,,25.430007934570312,0.044310398399829865,160,structsplat_quadtree_wse_tensor_featurecap,SS qt-WSE + tensor feature cap,StructSplat quadtree-WSE tensor-aware residual growth with feature-adaptive scale caps.,tensor-growth+feature-cap,0.9455813765525818,0.0036725555546581745,640,0.12685085833072662,l1,24.350317001342773,results/fair_gaussian_variants_20260709_best_candidates/reconstructions/COCO_train2014_000000000034/640/seed1_structsplat_quadtree_wse_tensor_featurecap.png,,,,,cuda,12.0,12.0,160.0,feature,1,tests/test_images/COCO_train2014_000000000034.jpg,0.762724757194519,0.3,320,0.5,320,ok,False,False,results/fair_gaussian_variants_20260709_best_candidates/targets/COCO_train2014_000000000034.png,1.220033884048462,,160
False,21.471971141073652,,none,,,640,160.00001525878906,4.305458068847656,13.522132873535156,1.1401221752166748,residual_tensor_add,4,106,COCO_train2014_000000000034,0.11687254905700684,500,500,1.0,none,,25.26666259765625,0.044963110238313675,160,structsplat_quadtree_wse_tensor_feature_rel,SS qt-WSE + tensor feature-rel cap,StructSplat quadtree-WSE tensor-aware residual growth with feature-relative local-radius caps.,tensor-growth+feature-rel-cap,0.9440861344337463,0.0037989369593560696,640,0.1285250037908554,l1,24.203378677368164,results/fair_gaussian_variants_20260709_best_candidates/reconstructions/COCO_train2014_000000000034/640/seed1_structsplat_quadtree_wse_tensor_feature_rel.png,,,,,cuda,,,,feature_rel,1,tests/test_images/COCO_train2014_000000000034.jpg,0.7601638436317444,0.3,320,0.5,320,ok,False,False,results/fair_gaussian_variants_20260709_best_candidates/targets/COCO_train2014_000000000034.png,1.2569947242736816,,160
False,21.447218185914064,,none,,,640,160.00001525878906,4.931069850921631,15.304600715637207,1.1640470027923584,residual_tensor_add,4,106,COCO_train2014_000000000034,0.0803983211517334,500,500,1.0,none,,25.174226760864258,0.04532463103532791,160,structsplat_quadtree_hybrid_tensor,SS qt-hybrid + tensor,StructSplat quadtree-hybrid initializer plus tensor-aware residual growth.,tensor-growth,0.9463809132575989,0.0038219999987632036,640,0.12969227135181427,l1,24.177093505859375,results/fair_gaussian_variants_20260709_best_candidates/reconstructions/COCO_train2014_000000000034/640/seed1_structsplat_quadtree_hybrid_tensor.png,,,,,cuda,,,,,1,tests/test_images/COCO_train2014_000000000034.jpg,0.764049768447876,0.3,320,0.5,320,ok,False,False,results/fair_gaussian_variants_20260709_best_candidates/targets/COCO_train2014_000000000034.png,1.2444453239440918,,160
False,20.886900026478127,,none,,,640,160.00001525878906,5.161674499511719,19.31658172607422,1.096567153930664,residual_tensor_add,4,106,COCO_train2014_000000000034,0.025829315185546875,500,500,1.0,none,,24.929685592651367,0.04665135592222214,160,floyd_steinberg_tensor,Floyd + tensor,Floyd-Steinberg placement control plus tensor-aware residual growth.,tensor-growth-control,0.9373083710670471,0.004055853467434645,640,0.1332617700099945,l1,23.919178009033203,results/fair_gaussian_variants_20260709_best_candidates/reconstructions/COCO_train2014_000000000034/640/seed1_floyd_steinberg_tensor.png,,,,,cuda,,,,,1,tests/test_images/COCO_train2014_000000000034.jpg,0.7479421496391296,0.3,320,0.5,320,ok,False,False,results/fair_gaussian_variants_20260709_best_candidates/targets/COCO_train2014_000000000034.png,1.122396469116211,,160
