accepted,artifacts,cell_id,cell_total_seconds,coefficients_changed,cold_metrics,cold_parameters_exact,cold_render_max_abs,counts,image_id,iterations_run,lpips,mae,method,ms_ssim,n_gaussians,noncolor_changed_fields,parent_field_sha256,parent_id,parent_optimizer_sha256,parent_protected_metrics,peak_allocated_bytes,peak_reserved_bytes,protected_metrics,psnr,raw_mse,reporting_metrics,rollback_reason,seed,selected_fraction,selected_iteration,selected_replay_max_abs,smoke,ssim,status,target_sha256,total_seconds,transaction_seconds,worker_peak_rss_bytes
false,"{""config.json"":""cells/coco000000000009_s0_noop/config.json"",""curves.png"":""cells/coco000000000009_s0_noop/curves.png"",""decision"":""decision.json"",""error.png"":""cells/coco000000000009_s0_noop/error.png"",""field.npz"":""cells/coco000000000009_s0_noop/field.npz"",""history.json"":""cells/coco000000000009_s0_noop/history.json"",""input_field.npz"":""cells/coco000000000009_s0_noop/input_field.npz"",""occupancy"":""occupancy.json"",""optimizer_curves.png"":""cells/coco000000000009_s0_noop/optimizer_curves.png"",""parent_config.json"":""parents/coco000000000009_s0/config.json"",""parent_field.npz"":""parents/coco000000000009_s0/field.npz"",""parent_history.json"":""parents/coco000000000009_s0/history.json"",""parent_optimizer_state.pt"":""parents/coco000000000009_s0/optimizer_state.pt"",""parent_target.npy"":""parents/coco000000000009_s0/target.npy"",""reconstruction.npy"":""cells/coco000000000009_s0_noop/reconstruction.npy"",""reconstruction.png"":""cells/coco000000000009_s0_noop/reconstruction.png"",""request.json"":""cells/coco000000000009_s0_noop/request.json"",""target.png"":""cells/coco000000000009_s0_noop/target.png"",""tensor_inventory.json"":""cells/coco000000000009_s0_noop/tensor_inventory.json"",""transaction_arrays.npz"":""cells/coco000000000009_s0_noop/transaction_arrays.npz""}",coco000000000009_s0_noop,1.7387616010018974,false,"{""boundary_hole_fraction"":0.0,""boundary_mse"":0.002236007945612073,""boundary_psnr_db"":26.5052665752562,""cvar99_mse"":0.06523604691028595,""finite"":true,""foreground_mse"":0.002236007945612073,""foreground_psnr_db"":26.5052665752562,""interior_hole_fraction"":0.006540934555232525,""n_gaussians"":2000,""outside_coverage_max"":0.0,""outside_max_abs"":0.0,""p99_mse"":0.03530733659863472}",true,4.76837158203125e-07,"{""basis_apply_calls"":0,""basis_denominator_passes"":0,""basis_transpose_calls"":0,""gaussian_renders"":1,""gradient_evaluations"":0,""quality_evaluations"":1,""raw_coverage_passes"":1}",9,0,0.19462831318378448,0.02652912586927414,noop,0.9567102193832397,2000,[],cb6ab940dc00cb3a1a3f399120123071f16f8aef32ce249432d6a9a2da0a7af4,coco000000000009_s0,f8372e2088562f4268aec895dec8fe84a47a5da34e623dcff4a4c7fea9b8aee1,"{""boundary_hole_fraction"":0.0,""boundary_mse"":0.002236007945612073,""boundary_psnr_db"":26.5052665752562,""cvar99_mse"":0.06523604691028595,""finite"":true,""foreground_mse"":0.002236007945612073,""foreground_psnr_db"":26.5052665752562,""interior_hole_fraction"":0.006540934555232525,""n_gaussians"":2000,""outside_coverage_max"":0.0,""outside_max_abs"":0.0,""p99_mse"":0.03530732914805412}",239420928,283115520,"{""boundary_hole_fraction"":0.0,""boundary_mse"":0.002236007945612073,""boundary_psnr_db"":26.5052665752562,""cvar99_mse"":0.06523604691028595,""finite"":true,""foreground_mse"":0.002236007945612073,""foreground_psnr_db"":26.5052665752562,""interior_hole_fraction"":0.006540934555232525,""n_gaussians"":2000,""outside_coverage_max"":0.0,""outside_max_abs"":0.0,""p99_mse"":0.03530732914805412}",26.505266792494968,0.002236007833764555,"{""boundary_hole_fraction"":0.0,""boundary_mse"":0.002236007945612073,""boundary_psnr_db"":26.5052665752562,""cvar99_mse"":0.06523604691028595,""finite"":true,""foreground_mse"":0.002236007945612073,""foreground_psnr_db"":26.5052665752562,""interior_hole_fraction"":0.006540934555232525,""n_gaussians"":2000,""outside_coverage_max"":0.0,""outside_max_abs"":0.0,""p99_mse"":0.03530732914805412}",noop,0,0.0,0,4.172325134277344e-07,false,0.819695770740509,ok,914d88f4f07f55c2f7ba0c473059119c5eb5ed5dfb83febfbe12856373654213,0.03993581399845425,0.03993581399845425,2098921472
true,"{""candidate_field.npz"":""cells/coco000000000009_s0_legacy_cg32/candidate_field.npz"",""config.json"":""cells/coco000000000009_s0_legacy_cg32/config.json"",""curves.png"":""cells/coco000000000009_s0_legacy_cg32/curves.png"",""decision"":""decision.json"",""error.png"":""cells/coco000000000009_s0_legacy_cg32/error.png"",""field.npz"":""cells/coco000000000009_s0_legacy_cg32/field.npz"",""history.json"":""cells/coco000000000009_s0_legacy_cg32/history.json"",""input_field.npz"":""cells/coco000000000009_s0_legacy_cg32/input_field.npz"",""occupancy"":""occupancy.json"",""optimizer_curves.png"":""cells/coco000000000009_s0_legacy_cg32/optimizer_curves.png"",""parent_config.json"":""parents/coco000000000009_s0/config.json"",""parent_field.npz"":""parents/coco000000000009_s0/field.npz"",""parent_history.json"":""parents/coco000000000009_s0/history.json"",""parent_optimizer_state.pt"":""parents/coco000000000009_s0/optimizer_state.pt"",""parent_target.npy"":""parents/coco000000000009_s0/target.npy"",""reconstruction.npy"":""cells/coco000000000009_s0_legacy_cg32/reconstruction.npy"",""reconstruction.png"":""cells/coco000000000009_s0_legacy_cg32/reconstruction.png"",""request.json"":""cells/coco000000000009_s0_legacy_cg32/request.json"",""target.png"":""cells/coco000000000009_s0_legacy_cg32/target.png"",""tensor_inventory.json"":""cells/coco000000000009_s0_legacy_cg32/tensor_inventory.json"",""transaction_arrays.npz"":""cells/coco000000000009_s0_legacy_cg32/transaction_arrays.npz""}",coco000000000009_s0_legacy_cg32,4.5201355810058885,true,"{""boundary_hole_fraction"":0.0,""boundary_mse"":0.002229039091616869,""boundary_psnr_db"":26.518823150439324,""cvar99_mse"":0.06488347798585892,""finite"":true,""foreground_mse"":0.002229039091616869,""foreground_psnr_db"":26.518823150439324,""interior_hole_fraction"":0.006540934555232525,""n_gaussians"":2000,""outside_coverage_max"":0.0,""outside_max_abs"":0.0,""p99_mse"":0.0354328379034996}",true,4.76837158203125e-07,"{""basis_apply_calls"":33,""basis_denominator_passes"":1,""basis_transpose_calls"":34,""gaussian_renders"":2,""gradient_evaluations"":0,""quality_evaluations"":2,""raw_coverage_passes"":2}",9,0,0.19456052780151367,0.026493022218346596,legacy_cg32,0.9569916725158691,2000,[],cb6ab940dc00cb3a1a3f399120123071f16f8aef32ce249432d6a9a2da0a7af4,coco000000000009_s0,f8372e2088562f4268aec895dec8fe84a47a5da34e623dcff4a4c7fea9b8aee1,"{""boundary_hole_fraction"":0.0,""boundary_mse"":0.002236007945612073,""boundary_psnr_db"":26.5052665752562,""cvar99_mse"":0.06523604691028595,""finite"":true,""foreground_mse"":0.002236007945612073,""foreground_psnr_db"":26.5052665752562,""interior_hole_fraction"":0.006540934555232525,""n_gaussians"":2000,""outside_coverage_max"":0.0,""outside_max_abs"":0.0,""p99_mse"":0.03530730679631233}",277857280,379584512,"{""boundary_hole_fraction"":0.0,""boundary_mse"":0.002229039091616869,""boundary_psnr_db"":26.518823150439324,""cvar99_mse"":0.06488347798585892,""finite"":true,""foreground_mse"":0.002229039091616869,""foreground_psnr_db"":26.518823150439324,""interior_hole_fraction"":0.006540934555232525,""n_gaussians"":2000,""outside_coverage_max"":0.0,""outside_max_abs"":0.0,""p99_mse"":0.03543282300233841}",26.51882385536897,0.0022290387298080777,"{""boundary_hole_fraction"":0.0,""boundary_mse"":0.002229039091616869,""boundary_psnr_db"":26.518823150439324,""cvar99_mse"":0.06488347798585892,""finite"":true,""foreground_mse"":0.002229039091616869,""foreground_psnr_db"":26.518823150439324,""interior_hole_fraction"":0.006540934555232525,""n_gaussians"":2000,""outside_coverage_max"":0.0,""outside_max_abs"":0.0,""p99_mse"":0.0354328453540802}",,0,1.0,0,4.172325134277344e-07,false,0.8202032446861267,ok,914d88f4f07f55c2f7ba0c473059119c5eb5ed5dfb83febfbe12856373654213,2.8564413049971336,2.8564413049971336,2098921472
true,"{""config.json"":""cells/coco000000000009_s0_actual_cg_ray/config.json"",""curves.png"":""cells/coco000000000009_s0_actual_cg_ray/curves.png"",""decision"":""decision.json"",""error.png"":""cells/coco000000000009_s0_actual_cg_ray/error.png"",""field.npz"":""cells/coco000000000009_s0_actual_cg_ray/field.npz"",""history.json"":""cells/coco000000000009_s0_actual_cg_ray/history.json"",""input_field.npz"":""cells/coco000000000009_s0_actual_cg_ray/input_field.npz"",""occupancy"":""occupancy.json"",""optimizer_curves.png"":""cells/coco000000000009_s0_actual_cg_ray/optimizer_curves.png"",""parent_config.json"":""parents/coco000000000009_s0/config.json"",""parent_field.npz"":""parents/coco000000000009_s0/field.npz"",""parent_history.json"":""parents/coco000000000009_s0/history.json"",""parent_optimizer_state.pt"":""parents/coco000000000009_s0/optimizer_state.pt"",""parent_target.npy"":""parents/coco000000000009_s0/target.npy"",""reconstruction.npy"":""cells/coco000000000009_s0_actual_cg_ray/reconstruction.npy"",""reconstruction.png"":""cells/coco000000000009_s0_actual_cg_ray/reconstruction.png"",""request.json"":""cells/coco000000000009_s0_actual_cg_ray/request.json"",""target.png"":""cells/coco000000000009_s0_actual_cg_ray/target.png"",""tensor_inventory.json"":""cells/coco000000000009_s0_actual_cg_ray/tensor_inventory.json"",""transaction_arrays.npz"":""cells/coco000000000009_s0_actual_cg_ray/transaction_arrays.npz"",""trial_00.png"":""cells/coco000000000009_s0_actual_cg_ray/trial_00.png""}",coco000000000009_s0_actual_cg_ray,4.876969002005353,true,"{""boundary_hole_fraction"":0.0,""boundary_mse"":0.002229039091616869,""boundary_psnr_db"":26.518823150439324,""cvar99_mse"":0.0648837462067604,""finite"":true,""foreground_mse"":0.002229039091616869,""foreground_psnr_db"":26.518823150439324,""interior_hole_fraction"":0.006540934555232525,""n_gaussians"":2000,""outside_coverage_max"":0.0,""outside_max_abs"":0.0,""p99_mse"":0.03543275222182274}",true,4.172325134277344e-07,"{""actual_direction_render_calls"":1,""basis_apply_calls"":33,""basis_denominator_passes"":1,""basis_diagonal_passes"":0,""basis_transpose_calls"":34,""gaussian_renders"":4,""legacy_cg_iterations"":32,""native_color_vjp_calls"":0,""native_gradient_forward_calls"":0,""quality_evaluations"":3,""raw_coverage_passes"":3}",9,0,0.19455723464488983,0.026492828503251076,actual_cg_ray,0.9569925665855408,2000,[],cb6ab940dc00cb3a1a3f399120123071f16f8aef32ce249432d6a9a2da0a7af4,coco000000000009_s0,f8372e2088562f4268aec895dec8fe84a47a5da34e623dcff4a4c7fea9b8aee1,"{""boundary_hole_fraction"":0.0,""boundary_mse"":0.002236007945612073,""boundary_psnr_db"":26.5052665752562,""cvar99_mse"":0.06523604691028595,""finite"":true,""foreground_mse"":0.002236007945612073,""foreground_psnr_db"":26.5052665752562,""interior_hole_fraction"":0.006540934555232525,""n_gaussians"":2000,""outside_coverage_max"":0.0,""outside_max_abs"":0.0,""p99_mse"":0.035307351499795914}",282959360,381681664,"{""boundary_hole_fraction"":0.0,""boundary_mse"":0.002229039091616869,""boundary_psnr_db"":26.518823150439324,""cvar99_mse"":0.0648837462067604,""finite"":true,""foreground_mse"":0.002229039091616869,""foreground_psnr_db"":26.518823150439324,""interior_hole_fraction"":0.006540934555232525,""n_gaussians"":2000,""outside_coverage_max"":0.0,""outside_max_abs"":0.0,""p99_mse"":0.03543274104595184}",26.518823849813366,0.0022290387326595208,"{""boundary_hole_fraction"":0.0,""boundary_mse"":0.002229039091616869,""boundary_psnr_db"":26.518823150439324,""cvar99_mse"":0.0648837462067604,""finite"":true,""foreground_mse"":0.002229039091616869,""foreground_psnr_db"":26.518823150439324,""interior_hole_fraction"":0.006540934555232525,""n_gaussians"":2000,""outside_coverage_max"":0.0,""outside_max_abs"":0.0,""p99_mse"":0.03543274104595184}",,0,1.0,0,4.76837158203125e-07,false,0.82020503282547,ok,914d88f4f07f55c2f7ba0c473059119c5eb5ed5dfb83febfbe12856373654213,2.891113003999635,2.891113003999635,2098921472
true,"{""config.json"":""cells/coco000000000009_s0_actual_gradient_ray/config.json"",""curves.png"":""cells/coco000000000009_s0_actual_gradient_ray/curves.png"",""decision"":""decision.json"",""error.png"":""cells/coco000000000009_s0_actual_gradient_ray/error.png"",""field.npz"":""cells/coco000000000009_s0_actual_gradient_ray/field.npz"",""history.json"":""cells/coco000000000009_s0_actual_gradient_ray/history.json"",""input_field.npz"":""cells/coco000000000009_s0_actual_gradient_ray/input_field.npz"",""occupancy"":""occupancy.json"",""optimizer_curves.png"":""cells/coco000000000009_s0_actual_gradient_ray/optimizer_curves.png"",""parent_config.json"":""parents/coco000000000009_s0/config.json"",""parent_field.npz"":""parents/coco000000000009_s0/field.npz"",""parent_history.json"":""parents/coco000000000009_s0/history.json"",""parent_optimizer_state.pt"":""parents/coco000000000009_s0/optimizer_state.pt"",""parent_target.npy"":""parents/coco000000000009_s0/target.npy"",""reconstruction.npy"":""cells/coco000000000009_s0_actual_gradient_ray/reconstruction.npy"",""reconstruction.png"":""cells/coco000000000009_s0_actual_gradient_ray/reconstruction.png"",""request.json"":""cells/coco000000000009_s0_actual_gradient_ray/request.json"",""target.png"":""cells/coco000000000009_s0_actual_gradient_ray/target.png"",""tensor_inventory.json"":""cells/coco000000000009_s0_actual_gradient_ray/tensor_inventory.json"",""transaction_arrays.npz"":""cells/coco000000000009_s0_actual_gradient_ray/transaction_arrays.npz"",""trial_00.png"":""cells/coco000000000009_s0_actual_gradient_ray/trial_00.png""}",coco000000000009_s0_actual_gradient_ray,2.3082915999984834,true,"{""boundary_hole_fraction"":0.0,""boundary_mse"":0.0022348056081682444,""boundary_psnr_db"":26.50760247463356,""cvar99_mse"":0.06520740687847137,""finite"":true,""foreground_mse"":0.0022348056081682444,""foreground_psnr_db"":26.50760247463356,""interior_hole_fraction"":0.006540934555232525,""n_gaussians"":2000,""outside_coverage_max"":0.0,""outside_max_abs"":0.0,""p99_mse"":0.03537329286336899}",true,4.76837158203125e-07,"{""actual_direction_render_calls"":1,""basis_apply_calls"":0,""basis_denominator_passes"":1,""basis_diagonal_passes"":0,""basis_transpose_calls"":1,""gaussian_renders"":4,""legacy_cg_iterations"":0,""native_color_vjp_calls"":0,""native_gradient_forward_calls"":0,""quality_evaluations"":3,""raw_coverage_passes"":3}",9,0,0.19467370212078094,0.026532070711255074,actual_gradient_ray,0.9568423628807068,2000,[],cb6ab940dc00cb3a1a3f399120123071f16f8aef32ce249432d6a9a2da0a7af4,coco000000000009_s0,f8372e2088562f4268aec895dec8fe84a47a5da34e623dcff4a4c7fea9b8aee1,"{""boundary_hole_fraction"":0.0,""boundary_mse"":0.002236007945612073,""boundary_psnr_db"":26.5052665752562,""cvar99_mse"":0.06523604691028595,""finite"":true,""foreground_mse"":0.002236007945612073,""foreground_psnr_db"":26.5052665752562,""interior_hole_fraction"":0.006540934555232525,""n_gaussians"":2000,""outside_coverage_max"":0.0,""outside_max_abs"":0.0,""p99_mse"":0.03530734032392502}",285939200,383778816,"{""boundary_hole_fraction"":0.0,""boundary_mse"":0.002234805840998888,""boundary_psnr_db"":26.50760202216889,""cvar99_mse"":0.06520739942789078,""finite"":true,""foreground_mse"":0.002234805840998888,""foreground_psnr_db"":26.50760202216889,""interior_hole_fraction"":0.006540934555232525,""n_gaussians"":2000,""outside_coverage_max"":0.0,""outside_max_abs"":0.0,""p99_mse"":0.03537331521511078}",26.50760257555359,0.0022348055562365107,"{""boundary_hole_fraction"":0.0,""boundary_mse"":0.0022348056081682444,""boundary_psnr_db"":26.50760247463356,""cvar99_mse"":0.06520739942789078,""finite"":true,""foreground_mse"":0.0022348056081682444,""foreground_psnr_db"":26.50760247463356,""interior_hole_fraction"":0.006540934555232525,""n_gaussians"":2000,""outside_coverage_max"":0.0,""outside_max_abs"":0.0,""p99_mse"":0.035373296588659286}",,0,1.0,0,4.172325134277344e-07,false,0.8199523091316223,ok,914d88f4f07f55c2f7ba0c473059119c5eb5ed5dfb83febfbe12856373654213,0.1813730299982126,0.1813730299982126,2098921472
true,"{""config.json"":""cells/coco000000000009_s0_actual_jacobi_ray/config.json"",""curves.png"":""cells/coco000000000009_s0_actual_jacobi_ray/curves.png"",""decision"":""decision.json"",""error.png"":""cells/coco000000000009_s0_actual_jacobi_ray/error.png"",""field.npz"":""cells/coco000000000009_s0_actual_jacobi_ray/field.npz"",""history.json"":""cells/coco000000000009_s0_actual_jacobi_ray/history.json"",""input_field.npz"":""cells/coco000000000009_s0_actual_jacobi_ray/input_field.npz"",""occupancy"":""occupancy.json"",""optimizer_curves.png"":""cells/coco000000000009_s0_actual_jacobi_ray/optimizer_curves.png"",""parent_config.json"":""parents/coco000000000009_s0/config.json"",""parent_field.npz"":""parents/coco000000000009_s0/field.npz"",""parent_history.json"":""parents/coco000000000009_s0/history.json"",""parent_optimizer_state.pt"":""parents/coco000000000009_s0/optimizer_state.pt"",""parent_target.npy"":""parents/coco000000000009_s0/target.npy"",""reconstruction.npy"":""cells/coco000000000009_s0_actual_jacobi_ray/reconstruction.npy"",""reconstruction.png"":""cells/coco000000000009_s0_actual_jacobi_ray/reconstruction.png"",""request.json"":""cells/coco000000000009_s0_actual_jacobi_ray/request.json"",""target.png"":""cells/coco000000000009_s0_actual_jacobi_ray/target.png"",""tensor_inventory.json"":""cells/coco000000000009_s0_actual_jacobi_ray/tensor_inventory.json"",""transaction_arrays.npz"":""cells/coco000000000009_s0_actual_jacobi_ray/transaction_arrays.npz"",""trial_00.png"":""cells/coco000000000009_s0_actual_jacobi_ray/trial_00.png""}",coco000000000009_s0_actual_jacobi_ray,2.22025439600111,true,"{""boundary_hole_fraction"":0.0,""boundary_mse"":0.002233578357845545,""boundary_psnr_db"":26.50998807112893,""cvar99_mse"":0.0651702955365181,""finite"":true,""foreground_mse"":0.002233578357845545,""foreground_psnr_db"":26.50998807112893,""interior_hole_fraction"":0.006540934555232525,""n_gaussians"":2000,""outside_coverage_max"":0.0,""outside_max_abs"":0.0,""p99_mse"":0.0353543795645237}",true,4.172325134277344e-07,"{""actual_direction_render_calls"":1,""basis_apply_calls"":0,""basis_denominator_passes"":1,""basis_diagonal_passes"":1,""basis_transpose_calls"":1,""gaussian_renders"":4,""legacy_cg_iterations"":0,""native_color_vjp_calls"":0,""native_gradient_forward_calls"":0,""quality_evaluations"":3,""raw_coverage_passes"":3}",9,0,0.194609135389328,0.02651781588792801,actual_jacobi_ray,0.9568413496017456,2000,[],cb6ab940dc00cb3a1a3f399120123071f16f8aef32ce249432d6a9a2da0a7af4,coco000000000009_s0,f8372e2088562f4268aec895dec8fe84a47a5da34e623dcff4a4c7fea9b8aee1,"{""boundary_hole_fraction"":0.0,""boundary_mse"":0.002236007945612073,""boundary_psnr_db"":26.5052665752562,""cvar99_mse"":0.06523604691028595,""finite"":true,""foreground_mse"":0.002236007945612073,""foreground_psnr_db"":26.5052665752562,""interior_hole_fraction"":0.006540934555232525,""n_gaussians"":2000,""outside_coverage_max"":0.0,""outside_max_abs"":0.0,""p99_mse"":0.03530733659863472}",286063616,383778816,"{""boundary_hole_fraction"":0.0,""boundary_mse"":0.002233578357845545,""boundary_psnr_db"":26.50998807112893,""cvar99_mse"":0.0651702955365181,""finite"":true,""foreground_mse"":0.002233578357845545,""foreground_psnr_db"":26.50998807112893,""interior_hole_fraction"":0.006540934555232525,""n_gaussians"":2000,""outside_coverage_max"":0.0,""outside_max_abs"":0.0,""p99_mse"":0.0353543795645237}",26.50998829470902,0.0022335782428582105,"{""boundary_hole_fraction"":0.0,""boundary_mse"":0.002233578357845545,""boundary_psnr_db"":26.50998807112893,""cvar99_mse"":0.0651702955365181,""finite"":true,""foreground_mse"":0.002233578357845545,""foreground_psnr_db"":26.50998807112893,""interior_hole_fraction"":0.006540934555232525,""n_gaussians"":2000,""outside_coverage_max"":0.0,""outside_max_abs"":0.0,""p99_mse"":0.035354383289813995}",,0,1.0,0,4.172325134277344e-07,false,0.8199483156204224,ok,914d88f4f07f55c2f7ba0c473059119c5eb5ed5dfb83febfbe12856373654213,0.22665019299893174,0.22665019299893174,2098921472
true,"{""config.json"":""cells/coco000000000009_s0_native_gradient_ray/config.json"",""curves.png"":""cells/coco000000000009_s0_native_gradient_ray/curves.png"",""decision"":""decision.json"",""error.png"":""cells/coco000000000009_s0_native_gradient_ray/error.png"",""field.npz"":""cells/coco000000000009_s0_native_gradient_ray/field.npz"",""history.json"":""cells/coco000000000009_s0_native_gradient_ray/history.json"",""input_field.npz"":""cells/coco000000000009_s0_native_gradient_ray/input_field.npz"",""occupancy"":""occupancy.json"",""optimizer_curves.png"":""cells/coco000000000009_s0_native_gradient_ray/optimizer_curves.png"",""parent_config.json"":""parents/coco000000000009_s0/config.json"",""parent_field.npz"":""parents/coco000000000009_s0/field.npz"",""parent_history.json"":""parents/coco000000000009_s0/history.json"",""parent_optimizer_state.pt"":""parents/coco000000000009_s0/optimizer_state.pt"",""parent_target.npy"":""parents/coco000000000009_s0/target.npy"",""reconstruction.npy"":""cells/coco000000000009_s0_native_gradient_ray/reconstruction.npy"",""reconstruction.png"":""cells/coco000000000009_s0_native_gradient_ray/reconstruction.png"",""request.json"":""cells/coco000000000009_s0_native_gradient_ray/request.json"",""target.png"":""cells/coco000000000009_s0_native_gradient_ray/target.png"",""tensor_inventory.json"":""cells/coco000000000009_s0_native_gradient_ray/tensor_inventory.json"",""transaction_arrays.npz"":""cells/coco000000000009_s0_native_gradient_ray/transaction_arrays.npz"",""trial_00.png"":""cells/coco000000000009_s0_native_gradient_ray/trial_00.png""}",coco000000000009_s0_native_gradient_ray,2.1787061580034788,true,"{""boundary_hole_fraction"":0.0,""boundary_mse"":0.002234805840998888,""boundary_psnr_db"":26.50760202216889,""cvar99_mse"":0.06520740687847137,""finite"":true,""foreground_mse"":0.002234805840998888,""foreground_psnr_db"":26.50760202216889,""interior_hole_fraction"":0.006540934555232525,""n_gaussians"":2000,""outside_coverage_max"":0.0,""outside_max_abs"":0.0,""p99_mse"":0.03537329286336899}",true,4.172325134277344e-07,"{""actual_direction_render_calls"":1,""basis_apply_calls"":0,""basis_denominator_passes"":0,""basis_diagonal_passes"":0,""basis_transpose_calls"":0,""gaussian_renders"":5,""legacy_cg_iterations"":0,""native_color_vjp_calls"":1,""native_gradient_forward_calls"":1,""quality_evaluations"":3,""raw_coverage_passes"":3}",9,0,0.19467370212078094,0.026532070711255074,native_gradient_ray,0.956842303276062,2000,[],cb6ab940dc00cb3a1a3f399120123071f16f8aef32ce249432d6a9a2da0a7af4,coco000000000009_s0,f8372e2088562f4268aec895dec8fe84a47a5da34e623dcff4a4c7fea9b8aee1,"{""boundary_hole_fraction"":0.0,""boundary_mse"":0.002236007945612073,""boundary_psnr_db"":26.5052665752562,""cvar99_mse"":0.06523604691028595,""finite"":true,""foreground_mse"":0.002236007945612073,""foreground_psnr_db"":26.5052665752562,""interior_hole_fraction"":0.006540934555232525,""n_gaussians"":2000,""outside_coverage_max"":0.0,""outside_max_abs"":0.0,""p99_mse"":0.035307321697473526}",271794176,383778816,"{""boundary_hole_fraction"":0.0,""boundary_mse"":0.002234805840998888,""boundary_psnr_db"":26.50760202216889,""cvar99_mse"":0.06520739942789078,""finite"":true,""foreground_mse"":0.002234805840998888,""foreground_psnr_db"":26.50760202216889,""interior_hole_fraction"":0.006540934555232525,""n_gaussians"":2000,""outside_coverage_max"":0.0,""outside_max_abs"":0.0,""p99_mse"":0.03537329286336899}",26.50760258402392,0.002234805551877824,"{""boundary_hole_fraction"":0.0,""boundary_mse"":0.0022348056081682444,""boundary_psnr_db"":26.50760247463356,""cvar99_mse"":0.06520739942789078,""finite"":true,""foreground_mse"":0.0022348056081682444,""foreground_psnr_db"":26.50760247463356,""interior_hole_fraction"":0.006540934555232525,""n_gaussians"":2000,""outside_coverage_max"":0.0,""outside_max_abs"":0.0,""p99_mse"":0.03537331148982048}",,0,1.0,0,4.76837158203125e-07,false,0.8199523687362671,ok,914d88f4f07f55c2f7ba0c473059119c5eb5ed5dfb83febfbe12856373654213,0.10773168099694885,0.10773168099694885,2098921472
true,"{""candidate_field.npz"":""cells/coco000000000009_s0_adam32/candidate_field.npz"",""config.json"":""cells/coco000000000009_s0_adam32/config.json"",""curves.png"":""cells/coco000000000009_s0_adam32/curves.png"",""decision"":""decision.json"",""error.png"":""cells/coco000000000009_s0_adam32/error.png"",""field.npz"":""cells/coco000000000009_s0_adam32/field.npz"",""history.json"":""cells/coco000000000009_s0_adam32/history.json"",""input_field.npz"":""cells/coco000000000009_s0_adam32/input_field.npz"",""occupancy"":""occupancy.json"",""optimizer_curves.png"":""cells/coco000000000009_s0_adam32/optimizer_curves.png"",""parent_config.json"":""parents/coco000000000009_s0/config.json"",""parent_field.npz"":""parents/coco000000000009_s0/field.npz"",""parent_history.json"":""parents/coco000000000009_s0/history.json"",""parent_optimizer_state.pt"":""parents/coco000000000009_s0/optimizer_state.pt"",""parent_target.npy"":""parents/coco000000000009_s0/target.npy"",""reconstruction.npy"":""cells/coco000000000009_s0_adam32/reconstruction.npy"",""reconstruction.png"":""cells/coco000000000009_s0_adam32/reconstruction.png"",""request.json"":""cells/coco000000000009_s0_adam32/request.json"",""target.png"":""cells/coco000000000009_s0_adam32/target.png"",""tensor_inventory.json"":""cells/coco000000000009_s0_adam32/tensor_inventory.json"",""transaction_arrays.npz"":""cells/coco000000000009_s0_adam32/transaction_arrays.npz""}",coco000000000009_s0_adam32,1.9924864740023622,true,"{""boundary_hole_fraction"":0.0,""boundary_mse"":0.0022259417455643415,""boundary_psnr_db"":26.52486205639677,""cvar99_mse"":0.0648605152964592,""finite"":true,""foreground_mse"":0.0022259417455643415,""foreground_psnr_db"":26.52486205639677,""interior_hole_fraction"":0.006373087875545025,""n_gaussians"":2000,""outside_coverage_max"":0.0,""outside_max_abs"":0.0,""p99_mse"":0.035036295652389526}",true,4.172325134277344e-07,"{""basis_apply_calls"":0,""basis_denominator_passes"":0,""basis_transpose_calls"":0,""gaussian_renders"":35,""gradient_evaluations"":32,""quality_evaluations"":2,""raw_coverage_passes"":2}",9,32,0.19328492879867554,0.026475956663489342,adam32,0.9570258855819702,2000,"[""means"",""log_scales"",""rotations""]",cb6ab940dc00cb3a1a3f399120123071f16f8aef32ce249432d6a9a2da0a7af4,coco000000000009_s0,f8372e2088562f4268aec895dec8fe84a47a5da34e623dcff4a4c7fea9b8aee1,"{""boundary_hole_fraction"":0.0,""boundary_mse"":0.002236007945612073,""boundary_psnr_db"":26.5052665752562,""cvar99_mse"":0.06523604691028595,""finite"":true,""foreground_mse"":0.002236007945612073,""foreground_psnr_db"":26.5052665752562,""interior_hole_fraction"":0.006540934555232525,""n_gaussians"":2000,""outside_coverage_max"":0.0,""outside_max_abs"":0.0,""p99_mse"":0.03530733659863472}",266265088,387973120,"{""boundary_hole_fraction"":0.0,""boundary_mse"":0.002225941512733698,""boundary_psnr_db"":26.524862510663233,""cvar99_mse"":0.0648605227470398,""finite"":true,""foreground_mse"":0.002225941512733698,""foreground_psnr_db"":26.524862510663233,""interior_hole_fraction"":0.006373087875545025,""n_gaussians"":2000,""outside_coverage_max"":0.0,""outside_max_abs"":0.0,""p99_mse"":0.035036295652389526}",26.524862505051566,0.0022259415156099128,"{""boundary_hole_fraction"":0.0,""boundary_mse"":0.0022259417455643415,""boundary_psnr_db"":26.52486205639677,""cvar99_mse"":0.0648605152964592,""finite"":true,""foreground_mse"":0.0022259417455643415,""foreground_psnr_db"":26.52486205639677,""interior_hole_fraction"":0.006373087875545025,""n_gaussians"":2000,""outside_coverage_max"":0.0,""outside_max_abs"":0.0,""p99_mse"":0.035036295652389526}",,0,1.0,32,4.172325134277344e-07,false,0.8202868700027466,ok,914d88f4f07f55c2f7ba0c473059119c5eb5ed5dfb83febfbe12856373654213,0.21455162500205915,0.21455162500205915,2098921472
false,"{""config.json"":""cells/coco000000000009_s1_noop/config.json"",""curves.png"":""cells/coco000000000009_s1_noop/curves.png"",""decision"":""decision.json"",""error.png"":""cells/coco000000000009_s1_noop/error.png"",""field.npz"":""cells/coco000000000009_s1_noop/field.npz"",""history.json"":""cells/coco000000000009_s1_noop/history.json"",""input_field.npz"":""cells/coco000000000009_s1_noop/input_field.npz"",""occupancy"":""occupancy.json"",""optimizer_curves.png"":""cells/coco000000000009_s1_noop/optimizer_curves.png"",""parent_config.json"":""parents/coco000000000009_s1/config.json"",""parent_field.npz"":""parents/coco000000000009_s1/field.npz"",""parent_history.json"":""parents/coco000000000009_s1/history.json"",""parent_optimizer_state.pt"":""parents/coco000000000009_s1/optimizer_state.pt"",""parent_target.npy"":""parents/coco000000000009_s1/target.npy"",""reconstruction.npy"":""cells/coco000000000009_s1_noop/reconstruction.npy"",""reconstruction.png"":""cells/coco000000000009_s1_noop/reconstruction.png"",""request.json"":""cells/coco000000000009_s1_noop/request.json"",""target.png"":""cells/coco000000000009_s1_noop/target.png"",""tensor_inventory.json"":""cells/coco000000000009_s1_noop/tensor_inventory.json"",""transaction_arrays.npz"":""cells/coco000000000009_s1_noop/transaction_arrays.npz""}",coco000000000009_s1_noop,1.5611463360037305,false,"{""boundary_hole_fraction"":0.0,""boundary_mse"":0.002253203885629773,""boundary_psnr_db"":26.47199508499125,""cvar99_mse"":0.06704747676849365,""finite"":true,""foreground_mse"":0.002253203885629773,""foreground_psnr_db"":26.47199508499125,""interior_hole_fraction"":0.0039723715744912624,""n_gaussians"":2000,""outside_coverage_max"":0.0,""outside_max_abs"":0.0,""p99_mse"":0.03542652726173401}",true,4.76837158203125e-07,"{""basis_apply_calls"":0,""basis_denominator_passes"":0,""basis_transpose_calls"":0,""gaussian_renders"":1,""gradient_evaluations"":0,""quality_evaluations"":1,""raw_coverage_passes"":1}",9,0,0.19983439147472382,0.026614714413881302,noop,0.9565303325653076,2000,[],4cf04cf51a886ae45815d2c35ed3feb0e73c6c10a22dd7fdef627e928741ca0e,coco000000000009_s1,507b5200309db0ef22bd936f49ae1ee5d4bfbd2f852282a03a133e662d99580e,"{""boundary_hole_fraction"":0.0,""boundary_mse"":0.002253203885629773,""boundary_psnr_db"":26.47199508499125,""cvar99_mse"":0.06704747676849365,""finite"":true,""foreground_mse"":0.002253203885629773,""foreground_psnr_db"":26.47199508499125,""interior_hole_fraction"":0.0039723715744912624,""n_gaussians"":2000,""outside_coverage_max"":0.0,""outside_max_abs"":0.0,""p99_mse"":0.03542652726173401}",252265472,415236096,"{""boundary_hole_fraction"":0.0,""boundary_mse"":0.002253203885629773,""boundary_psnr_db"":26.47199508499125,""cvar99_mse"":0.06704747676849365,""finite"":true,""foreground_mse"":0.002253203885629773,""foreground_psnr_db"":26.47199508499125,""interior_hole_fraction"":0.0039723715744912624,""n_gaussians"":2000,""outside_coverage_max"":0.0,""outside_max_abs"":0.0,""p99_mse"":0.03542652726173401}",26.47199544984803,0.0022532036963350166,"{""boundary_hole_fraction"":0.0,""boundary_mse"":0.002253203885629773,""boundary_psnr_db"":26.47199508499125,""cvar99_mse"":0.06704747676849365,""finite"":true,""foreground_mse"":0.002253203885629773,""foreground_psnr_db"":26.47199508499125,""interior_hole_fraction"":0.0039723715744912624,""n_gaussians"":2000,""outside_coverage_max"":0.0,""outside_max_abs"":0.0,""p99_mse"":0.03542651608586311}",noop,1,0.0,0,4.76837158203125e-07,false,0.8178167343139648,ok,914d88f4f07f55c2f7ba0c473059119c5eb5ed5dfb83febfbe12856373654213,0.0388073220019578,0.0388073220019578,2084507648
false,"{""candidate_field.npz"":""cells/coco000000000009_s1_legacy_cg32/candidate_field.npz"",""config.json"":""cells/coco000000000009_s1_legacy_cg32/config.json"",""curves.png"":""cells/coco000000000009_s1_legacy_cg32/curves.png"",""decision"":""decision.json"",""error.png"":""cells/coco000000000009_s1_legacy_cg32/error.png"",""field.npz"":""cells/coco000000000009_s1_legacy_cg32/field.npz"",""history.json"":""cells/coco000000000009_s1_legacy_cg32/history.json"",""input_field.npz"":""cells/coco000000000009_s1_legacy_cg32/input_field.npz"",""occupancy"":""occupancy.json"",""optimizer_curves.png"":""cells/coco000000000009_s1_legacy_cg32/optimizer_curves.png"",""parent_config.json"":""parents/coco000000000009_s1/config.json"",""parent_field.npz"":""parents/coco000000000009_s1/field.npz"",""parent_history.json"":""parents/coco000000000009_s1/history.json"",""parent_optimizer_state.pt"":""parents/coco000000000009_s1/optimizer_state.pt"",""parent_target.npy"":""parents/coco000000000009_s1/target.npy"",""reconstruction.npy"":""cells/coco000000000009_s1_legacy_cg32/reconstruction.npy"",""reconstruction.png"":""cells/coco000000000009_s1_legacy_cg32/reconstruction.png"",""request.json"":""cells/coco000000000009_s1_legacy_cg32/request.json"",""target.png"":""cells/coco000000000009_s1_legacy_cg32/target.png"",""tensor_inventory.json"":""cells/coco000000000009_s1_legacy_cg32/tensor_inventory.json"",""transaction_arrays.npz"":""cells/coco000000000009_s1_legacy_cg32/transaction_arrays.npz""}",coco000000000009_s1_legacy_cg32,5.243340724002337,false,"{""boundary_hole_fraction"":0.0,""boundary_mse"":0.002253203885629773,""boundary_psnr_db"":26.47199508499125,""cvar99_mse"":0.06704747676849365,""finite"":true,""foreground_mse"":0.002253203885629773,""foreground_psnr_db"":26.47199508499125,""interior_hole_fraction"":0.0039723715744912624,""n_gaussians"":2000,""outside_coverage_max"":0.0,""outside_max_abs"":0.0,""p99_mse"":0.03542651608586311}",true,4.76837158203125e-07,"{""basis_apply_calls"":33,""basis_denominator_passes"":1,""basis_transpose_calls"":34,""gaussian_renders"":2,""gradient_evaluations"":0,""quality_evaluations"":2,""raw_coverage_passes"":2}",9,0,0.19983439147472382,0.026614712551236153,legacy_cg32,0.9565302729606628,2000,[],4cf04cf51a886ae45815d2c35ed3feb0e73c6c10a22dd7fdef627e928741ca0e,coco000000000009_s1,507b5200309db0ef22bd936f49ae1ee5d4bfbd2f852282a03a133e662d99580e,"{""boundary_hole_fraction"":0.0,""boundary_mse"":0.002253203885629773,""boundary_psnr_db"":26.47199508499125,""cvar99_mse"":0.06704747676849365,""finite"":true,""foreground_mse"":0.002253203885629773,""foreground_psnr_db"":26.47199508499125,""interior_hole_fraction"":0.0039723715744912624,""n_gaussians"":2000,""outside_coverage_max"":0.0,""outside_max_abs"":0.0,""p99_mse"":0.03542652353644371}",267992576,377487360,"{""boundary_hole_fraction"":0.0,""boundary_mse"":0.002253203885629773,""boundary_psnr_db"":26.47199508499125,""cvar99_mse"":0.06704747676849365,""finite"":true,""foreground_mse"":0.002253203885629773,""foreground_psnr_db"":26.47199508499125,""interior_hole_fraction"":0.0039723715744912624,""n_gaussians"":2000,""outside_coverage_max"":0.0,""outside_max_abs"":0.0,""p99_mse"":0.03542652353644371}",26.47199546824604,0.002253203686789775,"{""boundary_hole_fraction"":0.0,""boundary_mse"":0.002253203885629773,""boundary_psnr_db"":26.47199508499125,""cvar99_mse"":0.06704747676849365,""finite"":true,""foreground_mse"":0.002253203885629773,""foreground_psnr_db"":26.47199508499125,""interior_hole_fraction"":0.0039723715744912624,""n_gaussians"":2000,""outside_coverage_max"":0.0,""outside_max_abs"":0.0,""p99_mse"":0.03542652353644371}",candidate_rejected,1,0.0,0,5.960464477539062e-07,false,0.8178166151046753,ok,914d88f4f07f55c2f7ba0c473059119c5eb5ed5dfb83febfbe12856373654213,3.3003948139958084,3.3003948139958084,2084507648
true,"{""config.json"":""cells/coco000000000009_s1_actual_cg_ray/config.json"",""curves.png"":""cells/coco000000000009_s1_actual_cg_ray/curves.png"",""decision"":""decision.json"",""error.png"":""cells/coco000000000009_s1_actual_cg_ray/error.png"",""field.npz"":""cells/coco000000000009_s1_actual_cg_ray/field.npz"",""history.json"":""cells/coco000000000009_s1_actual_cg_ray/history.json"",""input_field.npz"":""cells/coco000000000009_s1_actual_cg_ray/input_field.npz"",""occupancy"":""occupancy.json"",""optimizer_curves.png"":""cells/coco000000000009_s1_actual_cg_ray/optimizer_curves.png"",""parent_config.json"":""parents/coco000000000009_s1/config.json"",""parent_field.npz"":""parents/coco000000000009_s1/field.npz"",""parent_history.json"":""parents/coco000000000009_s1/history.json"",""parent_optimizer_state.pt"":""parents/coco000000000009_s1/optimizer_state.pt"",""parent_target.npy"":""parents/coco000000000009_s1/target.npy"",""reconstruction.npy"":""cells/coco000000000009_s1_actual_cg_ray/reconstruction.npy"",""reconstruction.png"":""cells/coco000000000009_s1_actual_cg_ray/reconstruction.png"",""request.json"":""cells/coco000000000009_s1_actual_cg_ray/request.json"",""target.png"":""cells/coco000000000009_s1_actual_cg_ray/target.png"",""tensor_inventory.json"":""cells/coco000000000009_s1_actual_cg_ray/tensor_inventory.json"",""transaction_arrays.npz"":""cells/coco000000000009_s1_actual_cg_ray/transaction_arrays.npz"",""trial_00.png"":""cells/coco000000000009_s1_actual_cg_ray/trial_00.png"",""trial_01.png"":""cells/coco000000000009_s1_actual_cg_ray/trial_01.png"",""trial_02.png"":""cells/coco000000000009_s1_actual_cg_ray/trial_02.png"",""trial_03.png"":""cells/coco000000000009_s1_actual_cg_ray/trial_03.png"",""trial_04.png"":""cells/coco000000000009_s1_actual_cg_ray/trial_04.png""}",coco000000000009_s1_actual_cg_ray,6.655974641995272,true,"{""boundary_hole_fraction"":0.0,""boundary_mse"":0.0022529163397848606,""boundary_psnr_db"":26.472549351489533,""cvar99_mse"":0.06704838573932648,""finite"":true,""foreground_mse"":0.0022529163397848606,""foreground_psnr_db"":26.472549351489533,""interior_hole_fraction"":0.0039723715744912624,""n_gaussians"":2000,""outside_coverage_max"":0.0,""outside_max_abs"":0.0,""p99_mse"":0.03542777895927429}",true,4.76837158203125e-07,"{""actual_direction_render_calls"":1,""basis_apply_calls"":33,""basis_denominator_passes"":1,""basis_diagonal_passes"":0,""basis_transpose_calls"":34,""gaussian_renders"":8,""legacy_cg_iterations"":32,""native_color_vjp_calls"":0,""native_gradient_forward_calls"":0,""quality_evaluations"":7,""raw_coverage_passes"":7}",9,0,0.19982501864433289,0.026611745357513428,actual_cg_ray,0.9565421938896179,2000,[],4cf04cf51a886ae45815d2c35ed3feb0e73c6c10a22dd7fdef627e928741ca0e,coco000000000009_s1,507b5200309db0ef22bd936f49ae1ee5d4bfbd2f852282a03a133e662d99580e,"{""boundary_hole_fraction"":0.0,""boundary_mse"":0.002253203885629773,""boundary_psnr_db"":26.47199508499125,""cvar99_mse"":0.06704746186733246,""finite"":true,""foreground_mse"":0.002253203885629773,""foreground_psnr_db"":26.47199508499125,""interior_hole_fraction"":0.0039723715744912624,""n_gaussians"":2000,""outside_coverage_max"":0.0,""outside_max_abs"":0.0,""p99_mse"":0.03542652726173401}",283160576,411041792,"{""boundary_hole_fraction"":0.0,""boundary_mse"":0.0022529163397848606,""boundary_psnr_db"":26.472549351489533,""cvar99_mse"":0.06704838573932648,""finite"":true,""foreground_mse"":0.0022529163397848606,""foreground_psnr_db"":26.472549351489533,""interior_hole_fraction"":0.0039723715744912624,""n_gaussians"":2000,""outside_coverage_max"":0.0,""outside_max_abs"":0.0,""p99_mse"":0.03542777895927429}",26.472549572542732,0.002252916225112818,"{""boundary_hole_fraction"":0.0,""boundary_mse"":0.0022529163397848606,""boundary_psnr_db"":26.472549351489533,""cvar99_mse"":0.06704838573932648,""finite"":true,""foreground_mse"":0.0022529163397848606,""foreground_psnr_db"":26.472549351489533,""interior_hole_fraction"":0.0039723715744912624,""n_gaussians"":2000,""outside_coverage_max"":0.0,""outside_max_abs"":0.0,""p99_mse"":0.03542777895927429}",,1,0.0625,0,5.364418029785156e-07,false,0.8178354501724243,ok,914d88f4f07f55c2f7ba0c473059119c5eb5ed5dfb83febfbe12856373654213,3.4971984470030293,3.4971984470030293,2084507648
true,"{""config.json"":""cells/coco000000000009_s1_actual_gradient_ray/config.json"",""curves.png"":""cells/coco000000000009_s1_actual_gradient_ray/curves.png"",""decision"":""decision.json"",""error.png"":""cells/coco000000000009_s1_actual_gradient_ray/error.png"",""field.npz"":""cells/coco000000000009_s1_actual_gradient_ray/field.npz"",""history.json"":""cells/coco000000000009_s1_actual_gradient_ray/history.json"",""input_field.npz"":""cells/coco000000000009_s1_actual_gradient_ray/input_field.npz"",""occupancy"":""occupancy.json"",""optimizer_curves.png"":""cells/coco000000000009_s1_actual_gradient_ray/optimizer_curves.png"",""parent_config.json"":""parents/coco000000000009_s1/config.json"",""parent_field.npz"":""parents/coco000000000009_s1/field.npz"",""parent_history.json"":""parents/coco000000000009_s1/history.json"",""parent_optimizer_state.pt"":""parents/coco000000000009_s1/optimizer_state.pt"",""parent_target.npy"":""parents/coco000000000009_s1/target.npy"",""reconstruction.npy"":""cells/coco000000000009_s1_actual_gradient_ray/reconstruction.npy"",""reconstruction.png"":""cells/coco000000000009_s1_actual_gradient_ray/reconstruction.png"",""request.json"":""cells/coco000000000009_s1_actual_gradient_ray/request.json"",""target.png"":""cells/coco000000000009_s1_actual_gradient_ray/target.png"",""tensor_inventory.json"":""cells/coco000000000009_s1_actual_gradient_ray/tensor_inventory.json"",""transaction_arrays.npz"":""cells/coco000000000009_s1_actual_gradient_ray/transaction_arrays.npz"",""trial_00.png"":""cells/coco000000000009_s1_actual_gradient_ray/trial_00.png""}",coco000000000009_s1_actual_gradient_ray,2.277382382999349,true,"{""boundary_hole_fraction"":0.0,""boundary_mse"":0.00225249701179564,""boundary_psnr_db"":26.473357764916408,""cvar99_mse"":0.06704269349575043,""finite"":true,""foreground_mse"":0.00225249701179564,""foreground_psnr_db"":26.473357764916408,""interior_hole_fraction"":0.0039723715744912624,""n_gaussians"":2000,""outside_coverage_max"":0.0,""outside_max_abs"":0.0,""p99_mse"":0.0353451706469059}",true,5.960464477539062e-07,"{""actual_direction_render_calls"":1,""basis_apply_calls"":0,""basis_denominator_passes"":1,""basis_diagonal_passes"":0,""basis_transpose_calls"":1,""gaussian_renders"":4,""legacy_cg_iterations"":0,""native_color_vjp_calls"":0,""native_gradient_forward_calls"":0,""quality_evaluations"":3,""raw_coverage_passes"":3}",9,0,0.1998288333415985,0.026612116023898125,actual_gradient_ray,0.9565750956535339,2000,[],4cf04cf51a886ae45815d2c35ed3feb0e73c6c10a22dd7fdef627e928741ca0e,coco000000000009_s1,507b5200309db0ef22bd936f49ae1ee5d4bfbd2f852282a03a133e662d99580e,"{""boundary_hole_fraction"":0.0,""boundary_mse"":0.002253203885629773,""boundary_psnr_db"":26.47199508499125,""cvar99_mse"":0.06704747676849365,""finite"":true,""foreground_mse"":0.002253203885629773,""foreground_psnr_db"":26.47199508499125,""interior_hole_fraction"":0.0039723715744912624,""n_gaussians"":2000,""outside_coverage_max"":0.0,""outside_max_abs"":0.0,""p99_mse"":0.03542652726173401}",298787840,413138944,"{""boundary_hole_fraction"":0.0,""boundary_mse"":0.00225249701179564,""boundary_psnr_db"":26.473357764916408,""cvar99_mse"":0.06704269349575043,""finite"":true,""foreground_mse"":0.00225249701179564,""foreground_psnr_db"":26.473357764916408,""interior_hole_fraction"":0.0039723715744912624,""n_gaussians"":2000,""outside_coverage_max"":0.0,""outside_max_abs"":0.0,""p99_mse"":0.035345159471035004}",26.473358089923632,0.0022524968432285023,"{""boundary_hole_fraction"":0.0,""boundary_mse"":0.00225249701179564,""boundary_psnr_db"":26.473357764916408,""cvar99_mse"":0.06704269349575043,""finite"":true,""foreground_mse"":0.00225249701179564,""foreground_psnr_db"":26.473357764916408,""interior_hole_fraction"":0.0039723715744912624,""n_gaussians"":2000,""outside_coverage_max"":0.0,""outside_max_abs"":0.0,""p99_mse"":0.035345159471035004}",,1,1.0,0,4.76837158203125e-07,false,0.8179029822349548,ok,914d88f4f07f55c2f7ba0c473059119c5eb5ed5dfb83febfbe12856373654213,0.20882881400029873,0.20882881400029873,2084507648
true,"{""config.json"":""cells/coco000000000009_s1_actual_jacobi_ray/config.json"",""curves.png"":""cells/coco000000000009_s1_actual_jacobi_ray/curves.png"",""decision"":""decision.json"",""error.png"":""cells/coco000000000009_s1_actual_jacobi_ray/error.png"",""field.npz"":""cells/coco000000000009_s1_actual_jacobi_ray/field.npz"",""history.json"":""cells/coco000000000009_s1_actual_jacobi_ray/history.json"",""input_field.npz"":""cells/coco000000000009_s1_actual_jacobi_ray/input_field.npz"",""occupancy"":""occupancy.json"",""optimizer_curves.png"":""cells/coco000000000009_s1_actual_jacobi_ray/optimizer_curves.png"",""parent_config.json"":""parents/coco000000000009_s1/config.json"",""parent_field.npz"":""parents/coco000000000009_s1/field.npz"",""parent_history.json"":""parents/coco000000000009_s1/history.json"",""parent_optimizer_state.pt"":""parents/coco000000000009_s1/optimizer_state.pt"",""parent_target.npy"":""parents/coco000000000009_s1/target.npy"",""reconstruction.npy"":""cells/coco000000000009_s1_actual_jacobi_ray/reconstruction.npy"",""reconstruction.png"":""cells/coco000000000009_s1_actual_jacobi_ray/reconstruction.png"",""request.json"":""cells/coco000000000009_s1_actual_jacobi_ray/request.json"",""target.png"":""cells/coco000000000009_s1_actual_jacobi_ray/target.png"",""tensor_inventory.json"":""cells/coco000000000009_s1_actual_jacobi_ray/tensor_inventory.json"",""transaction_arrays.npz"":""cells/coco000000000009_s1_actual_jacobi_ray/transaction_arrays.npz"",""trial_00.png"":""cells/coco000000000009_s1_actual_jacobi_ray/trial_00.png"",""trial_01.png"":""cells/coco000000000009_s1_actual_jacobi_ray/trial_01.png"",""trial_02.png"":""cells/coco000000000009_s1_actual_jacobi_ray/trial_02.png"",""trial_03.png"":""cells/coco000000000009_s1_actual_jacobi_ray/trial_03.png"",""trial_04.png"":""cells/coco000000000009_s1_actual_jacobi_ray/trial_04.png"",""trial_05.png"":""cells/coco000000000009_s1_actual_jacobi_ray/trial_05.png""}",coco000000000009_s1_actual_jacobi_ray,3.9816513240002678,true,"{""boundary_hole_fraction"":0.0,""boundary_mse"":0.0022531363647431135,""boundary_psnr_db"":26.472125230283716,""cvar99_mse"":0.06704828888177872,""finite"":true,""foreground_mse"":0.0022531363647431135,""foreground_psnr_db"":26.472125230283716,""interior_hole_fraction"":0.0039723715744912624,""n_gaussians"":2000,""outside_coverage_max"":0.0,""outside_max_abs"":0.0,""p99_mse"":0.03542276844382286}",true,5.960464477539062e-07,"{""actual_direction_render_calls"":1,""basis_apply_calls"":0,""basis_denominator_passes"":1,""basis_diagonal_passes"":1,""basis_transpose_calls"":1,""gaussian_renders"":9,""legacy_cg_iterations"":0,""native_color_vjp_calls"":0,""native_gradient_forward_calls"":0,""quality_evaluations"":8,""raw_coverage_passes"":8}",9,0,0.1998329758644104,0.0266136322170496,actual_jacobi_ray,0.9565342664718628,2000,[],4cf04cf51a886ae45815d2c35ed3feb0e73c6c10a22dd7fdef627e928741ca0e,coco000000000009_s1,507b5200309db0ef22bd936f49ae1ee5d4bfbd2f852282a03a133e662d99580e,"{""boundary_hole_fraction"":0.0,""boundary_mse"":0.0022532036527991295,""boundary_psnr_db"":26.47199553376142,""cvar99_mse"":0.06704747676849365,""finite"":true,""foreground_mse"":0.0022532036527991295,""foreground_psnr_db"":26.47199553376142,""interior_hole_fraction"":0.0039723715744912624,""n_gaussians"":2000,""outside_coverage_max"":0.0,""outside_max_abs"":0.0,""p99_mse"":0.03542651608586311}",286051328,415236096,"{""boundary_hole_fraction"":0.0,""boundary_mse"":0.0022531363647431135,""boundary_psnr_db"":26.472125230283716,""cvar99_mse"":0.06704828888177872,""finite"":true,""foreground_mse"":0.0022531363647431135,""foreground_psnr_db"":26.472125230283716,""interior_hole_fraction"":0.0039723715744912624,""n_gaussians"":2000,""outside_coverage_max"":0.0,""outside_max_abs"":0.0,""p99_mse"":0.03542274981737137}",26.472125569556763,0.002253136188726967,"{""boundary_hole_fraction"":0.0,""boundary_mse"":0.0022531363647431135,""boundary_psnr_db"":26.472125230283716,""cvar99_mse"":0.06704828888177872,""finite"":true,""foreground_mse"":0.0022531363647431135,""foreground_psnr_db"":26.472125230283716,""interior_hole_fraction"":0.0039723715744912624,""n_gaussians"":2000,""outside_coverage_max"":0.0,""outside_max_abs"":0.0,""p99_mse"":0.03542275354266167}",,1,0.03125,0,7.152557373046875e-07,false,0.8178220987319946,ok,914d88f4f07f55c2f7ba0c473059119c5eb5ed5dfb83febfbe12856373654213,0.4556609900027979,0.4556609900027979,2084507648
true,"{""config.json"":""cells/coco000000000009_s1_native_gradient_ray/config.json"",""curves.png"":""cells/coco000000000009_s1_native_gradient_ray/curves.png"",""decision"":""decision.json"",""error.png"":""cells/coco000000000009_s1_native_gradient_ray/error.png"",""field.npz"":""cells/coco000000000009_s1_native_gradient_ray/field.npz"",""history.json"":""cells/coco000000000009_s1_native_gradient_ray/history.json"",""input_field.npz"":""cells/coco000000000009_s1_native_gradient_ray/input_field.npz"",""occupancy"":""occupancy.json"",""optimizer_curves.png"":""cells/coco000000000009_s1_native_gradient_ray/optimizer_curves.png"",""parent_config.json"":""parents/coco000000000009_s1/config.json"",""parent_field.npz"":""parents/coco000000000009_s1/field.npz"",""parent_history.json"":""parents/coco000000000009_s1/history.json"",""parent_optimizer_state.pt"":""parents/coco000000000009_s1/optimizer_state.pt"",""parent_target.npy"":""parents/coco000000000009_s1/target.npy"",""reconstruction.npy"":""cells/coco000000000009_s1_native_gradient_ray/reconstruction.npy"",""reconstruction.png"":""cells/coco000000000009_s1_native_gradient_ray/reconstruction.png"",""request.json"":""cells/coco000000000009_s1_native_gradient_ray/request.json"",""target.png"":""cells/coco000000000009_s1_native_gradient_ray/target.png"",""tensor_inventory.json"":""cells/coco000000000009_s1_native_gradient_ray/tensor_inventory.json"",""transaction_arrays.npz"":""cells/coco000000000009_s1_native_gradient_ray/transaction_arrays.npz"",""trial_00.png"":""cells/coco000000000009_s1_native_gradient_ray/trial_00.png""}",coco000000000009_s1_native_gradient_ray,2.192071728000883,true,"{""boundary_hole_fraction"":0.0,""boundary_mse"":0.00225249701179564,""boundary_psnr_db"":26.473357764916408,""cvar99_mse"":0.06704269349575043,""finite"":true,""foreground_mse"":0.00225249701179564,""foreground_psnr_db"":26.473357764916408,""interior_hole_fraction"":0.0039723715744912624,""n_gaussians"":2000,""outside_coverage_max"":0.0,""outside_max_abs"":0.0,""p99_mse"":0.0353451743721962}",true,4.76837158203125e-07,"{""actual_direction_render_calls"":1,""basis_apply_calls"":0,""basis_denominator_passes"":0,""basis_diagonal_passes"":0,""basis_transpose_calls"":0,""gaussian_renders"":5,""legacy_cg_iterations"":0,""native_color_vjp_calls"":1,""native_gradient_forward_calls"":1,""quality_evaluations"":3,""raw_coverage_passes"":3}",9,0,0.1998288333415985,0.026612116023898125,native_gradient_ray,0.9565749764442444,2000,[],4cf04cf51a886ae45815d2c35ed3feb0e73c6c10a22dd7fdef627e928741ca0e,coco000000000009_s1,507b5200309db0ef22bd936f49ae1ee5d4bfbd2f852282a03a133e662d99580e,"{""boundary_hole_fraction"":0.0,""boundary_mse"":0.002253203885629773,""boundary_psnr_db"":26.47199508499125,""cvar99_mse"":0.06704747676849365,""finite"":true,""foreground_mse"":0.002253203885629773,""foreground_psnr_db"":26.47199508499125,""interior_hole_fraction"":0.0039723715744912624,""n_gaussians"":2000,""outside_coverage_max"":0.0,""outside_max_abs"":0.0,""p99_mse"":0.03542652353644371}",287063552,415236096,"{""boundary_hole_fraction"":0.0,""boundary_mse"":0.00225249701179564,""boundary_psnr_db"":26.473357764916408,""cvar99_mse"":0.06704269349575043,""finite"":true,""foreground_mse"":0.00225249701179564,""foreground_psnr_db"":26.473357764916408,""interior_hole_fraction"":0.0039723715744912624,""n_gaussians"":2000,""outside_coverage_max"":0.0,""outside_max_abs"":0.0,""p99_mse"":0.035345159471035004}",26.473358070371894,0.002252496853369141,"{""boundary_hole_fraction"":0.0,""boundary_mse"":0.00225249701179564,""boundary_psnr_db"":26.473357764916408,""cvar99_mse"":0.06704269349575043,""finite"":true,""foreground_mse"":0.00225249701179564,""foreground_psnr_db"":26.473357764916408,""interior_hole_fraction"":0.0039723715744912624,""n_gaussians"":2000,""outside_coverage_max"":0.0,""outside_max_abs"":0.0,""p99_mse"":0.0353451631963253}",,1,1.0,0,4.76837158203125e-07,false,0.8179029822349548,ok,914d88f4f07f55c2f7ba0c473059119c5eb5ed5dfb83febfbe12856373654213,0.12492604600265622,0.12492604600265622,2084507648
false,"{""candidate_field.npz"":""cells/coco000000000009_s1_adam32/candidate_field.npz"",""config.json"":""cells/coco000000000009_s1_adam32/config.json"",""curves.png"":""cells/coco000000000009_s1_adam32/curves.png"",""decision"":""decision.json"",""error.png"":""cells/coco000000000009_s1_adam32/error.png"",""field.npz"":""cells/coco000000000009_s1_adam32/field.npz"",""history.json"":""cells/coco000000000009_s1_adam32/history.json"",""input_field.npz"":""cells/coco000000000009_s1_adam32/input_field.npz"",""occupancy"":""occupancy.json"",""optimizer_curves.png"":""cells/coco000000000009_s1_adam32/optimizer_curves.png"",""parent_config.json"":""parents/coco000000000009_s1/config.json"",""parent_field.npz"":""parents/coco000000000009_s1/field.npz"",""parent_history.json"":""parents/coco000000000009_s1/history.json"",""parent_optimizer_state.pt"":""parents/coco000000000009_s1/optimizer_state.pt"",""parent_target.npy"":""parents/coco000000000009_s1/target.npy"",""reconstruction.npy"":""cells/coco000000000009_s1_adam32/reconstruction.npy"",""reconstruction.png"":""cells/coco000000000009_s1_adam32/reconstruction.png"",""request.json"":""cells/coco000000000009_s1_adam32/request.json"",""target.png"":""cells/coco000000000009_s1_adam32/target.png"",""tensor_inventory.json"":""cells/coco000000000009_s1_adam32/tensor_inventory.json"",""transaction_arrays.npz"":""cells/coco000000000009_s1_adam32/transaction_arrays.npz""}",coco000000000009_s1_adam32,1.9216685439969297,false,"{""boundary_hole_fraction"":0.0,""boundary_mse"":0.002253203885629773,""boundary_psnr_db"":26.47199508499125,""cvar99_mse"":0.06704747676849365,""finite"":true,""foreground_mse"":0.002253203885629773,""foreground_psnr_db"":26.47199508499125,""interior_hole_fraction"":0.0039723715744912624,""n_gaussians"":2000,""outside_coverage_max"":0.0,""outside_max_abs"":0.0,""p99_mse"":0.03542652353644371}",true,4.76837158203125e-07,"{""basis_apply_calls"":0,""basis_denominator_passes"":0,""basis_transpose_calls"":0,""gaussian_renders"":35,""gradient_evaluations"":32,""quality_evaluations"":2,""raw_coverage_passes"":2}",9,32,0.199834406375885,0.02661471627652645,adam32,0.9565303325653076,2000,[],4cf04cf51a886ae45815d2c35ed3feb0e73c6c10a22dd7fdef627e928741ca0e,coco000000000009_s1,507b5200309db0ef22bd936f49ae1ee5d4bfbd2f852282a03a133e662d99580e,"{""boundary_hole_fraction"":0.0,""boundary_mse"":0.002253203885629773,""boundary_psnr_db"":26.47199508499125,""cvar99_mse"":0.06704747676849365,""finite"":true,""foreground_mse"":0.002253203885629773,""foreground_psnr_db"":26.47199508499125,""interior_hole_fraction"":0.0039723715744912624,""n_gaussians"":2000,""outside_coverage_max"":0.0,""outside_max_abs"":0.0,""p99_mse"":0.03542652353644371}",265861632,415236096,"{""boundary_hole_fraction"":0.0,""boundary_mse"":0.002253203885629773,""boundary_psnr_db"":26.47199508499125,""cvar99_mse"":0.06704747676849365,""finite"":true,""foreground_mse"":0.002253203885629773,""foreground_psnr_db"":26.47199508499125,""interior_hole_fraction"":0.0039723715744912624,""n_gaussians"":2000,""outside_coverage_max"":0.0,""outside_max_abs"":0.0,""p99_mse"":0.03542652353644371}",26.471995457741496,0.002253203692239736,"{""boundary_hole_fraction"":0.0,""boundary_mse"":0.002253203885629773,""boundary_psnr_db"":26.47199508499125,""cvar99_mse"":0.06704747676849365,""finite"":true,""foreground_mse"":0.002253203885629773,""foreground_psnr_db"":26.47199508499125,""interior_hole_fraction"":0.0039723715744912624,""n_gaussians"":2000,""outside_coverage_max"":0.0,""outside_max_abs"":0.0,""p99_mse"":0.03542651608586311}",candidate_rejected,1,0.0,0,5.364418029785156e-07,false,0.8178166747093201,ok,914d88f4f07f55c2f7ba0c473059119c5eb5ed5dfb83febfbe12856373654213,0.23686234499473358,0.23686234499473358,2084507648
false,"{""config.json"":""cells/coco000000000025_s0_noop/config.json"",""curves.png"":""cells/coco000000000025_s0_noop/curves.png"",""decision"":""decision.json"",""error.png"":""cells/coco000000000025_s0_noop/error.png"",""field.npz"":""cells/coco000000000025_s0_noop/field.npz"",""history.json"":""cells/coco000000000025_s0_noop/history.json"",""input_field.npz"":""cells/coco000000000025_s0_noop/input_field.npz"",""occupancy"":""occupancy.json"",""optimizer_curves.png"":""cells/coco000000000025_s0_noop/optimizer_curves.png"",""parent_config.json"":""parents/coco000000000025_s0/config.json"",""parent_field.npz"":""parents/coco000000000025_s0/field.npz"",""parent_history.json"":""parents/coco000000000025_s0/history.json"",""parent_optimizer_state.pt"":""parents/coco000000000025_s0/optimizer_state.pt"",""parent_target.npy"":""parents/coco000000000025_s0/target.npy"",""reconstruction.npy"":""cells/coco000000000025_s0_noop/reconstruction.npy"",""reconstruction.png"":""cells/coco000000000025_s0_noop/reconstruction.png"",""request.json"":""cells/coco000000000025_s0_noop/request.json"",""target.png"":""cells/coco000000000025_s0_noop/target.png"",""tensor_inventory.json"":""cells/coco000000000025_s0_noop/tensor_inventory.json"",""transaction_arrays.npz"":""cells/coco000000000025_s0_noop/transaction_arrays.npz""}",coco000000000025_s0_noop,1.3057207349993405,false,"{""boundary_hole_fraction"":0.0,""boundary_mse"":0.006736390292644501,""boundary_psnr_db"":21.715727586474447,""cvar99_mse"":0.10435181111097336,""finite"":true,""foreground_mse"":0.006736390292644501,""foreground_psnr_db"":21.715727586474447,""interior_hole_fraction"":0.01173020526766777,""n_gaussians"":2000,""outside_coverage_max"":0.0,""outside_max_abs"":0.0,""p99_mse"":0.06114941090345383}",true,3.5762786865234375e-07,"{""basis_apply_calls"":0,""basis_denominator_passes"":0,""basis_transpose_calls"":0,""gaussian_renders"":1,""gradient_evaluations"":0,""quality_evaluations"":1,""raw_coverage_passes"":1}",25,0,0.5374642610549927,0.05818774551153183,noop,0.894514799118042,2000,[],22ff4e3d17991192d2d500685e9006a4b6e70d1151ca11ec3aa885285a127238,coco000000000025_s0,2c288b5e5baed4c0946cf5156a31bb8a30c19f8402303caa95aa1d1670d4ed63,"{""boundary_hole_fraction"":0.0,""boundary_mse"":0.006736390292644501,""boundary_psnr_db"":21.715727586474447,""cvar99_mse"":0.10435181856155396,""finite"":true,""foreground_mse"":0.006736390292644501,""foreground_psnr_db"":21.715727586474447,""interior_hole_fraction"":0.01173020526766777,""n_gaussians"":2000,""outside_coverage_max"":0.0,""outside_max_abs"":0.0,""p99_mse"":0.061149436980485916}",249264640,364904448,"{""boundary_hole_fraction"":0.0,""boundary_mse"":0.006736390292644501,""boundary_psnr_db"":21.715727586474447,""cvar99_mse"":0.10435181856155396,""finite"":true,""foreground_mse"":0.006736390292644501,""foreground_psnr_db"":21.715727586474447,""interior_hole_fraction"":0.01173020526766777,""n_gaussians"":2000,""outside_coverage_max"":0.0,""outside_max_abs"":0.0,""p99_mse"":0.061149436980485916}",21.71572772992143,0.006736390070142284,"{""boundary_hole_fraction"":0.0,""boundary_mse"":0.006736390292644501,""boundary_psnr_db"":21.715727586474447,""cvar99_mse"":0.10435181111097336,""finite"":true,""foreground_mse"":0.006736390292644501,""foreground_psnr_db"":21.715727586474447,""interior_hole_fraction"":0.01173020526766777,""n_gaussians"":2000,""outside_coverage_max"":0.0,""outside_max_abs"":0.0,""p99_mse"":0.06114943325519562}",noop,0,0.0,0,2.980232238769531e-07,false,0.5563481450080872,ok,77fd5212f1e1c34f8ab55ca7099bcb120566508fefe6d685780ce79ec5dc35c6,0.020388944001751952,0.020388944001751952,2089807872
false,"{""candidate_field.npz"":""cells/coco000000000025_s0_legacy_cg32/candidate_field.npz"",""config.json"":""cells/coco000000000025_s0_legacy_cg32/config.json"",""curves.png"":""cells/coco000000000025_s0_legacy_cg32/curves.png"",""decision"":""decision.json"",""error.png"":""cells/coco000000000025_s0_legacy_cg32/error.png"",""field.npz"":""cells/coco000000000025_s0_legacy_cg32/field.npz"",""history.json"":""cells/coco000000000025_s0_legacy_cg32/history.json"",""input_field.npz"":""cells/coco000000000025_s0_legacy_cg32/input_field.npz"",""occupancy"":""occupancy.json"",""optimizer_curves.png"":""cells/coco000000000025_s0_legacy_cg32/optimizer_curves.png"",""parent_config.json"":""parents/coco000000000025_s0/config.json"",""parent_field.npz"":""parents/coco000000000025_s0/field.npz"",""parent_history.json"":""parents/coco000000000025_s0/history.json"",""parent_optimizer_state.pt"":""parents/coco000000000025_s0/optimizer_state.pt"",""parent_target.npy"":""parents/coco000000000025_s0/target.npy"",""reconstruction.npy"":""cells/coco000000000025_s0_legacy_cg32/reconstruction.npy"",""reconstruction.png"":""cells/coco000000000025_s0_legacy_cg32/reconstruction.png"",""request.json"":""cells/coco000000000025_s0_legacy_cg32/request.json"",""target.png"":""cells/coco000000000025_s0_legacy_cg32/target.png"",""tensor_inventory.json"":""cells/coco000000000025_s0_legacy_cg32/tensor_inventory.json"",""transaction_arrays.npz"":""cells/coco000000000025_s0_legacy_cg32/transaction_arrays.npz""}",coco000000000025_s0_legacy_cg32,3.2932793720028712,false,"{""boundary_hole_fraction"":0.0,""boundary_mse"":0.006736390292644501,""boundary_psnr_db"":21.715727586474447,""cvar99_mse"":0.10435181111097336,""finite"":true,""foreground_mse"":0.006736390292644501,""foreground_psnr_db"":21.715727586474447,""interior_hole_fraction"":0.01173020526766777,""n_gaussians"":2000,""outside_coverage_max"":0.0,""outside_max_abs"":0.0,""p99_mse"":0.06114941090345383}",true,3.5762786865234375e-07,"{""basis_apply_calls"":33,""basis_denominator_passes"":1,""basis_transpose_calls"":34,""gaussian_renders"":2,""gradient_evaluations"":0,""quality_evaluations"":2,""raw_coverage_passes"":2}",25,0,0.5374642610549927,0.05818774551153183,legacy_cg32,0.8945149183273315,2000,[],22ff4e3d17991192d2d500685e9006a4b6e70d1151ca11ec3aa885285a127238,coco000000000025_s0,2c288b5e5baed4c0946cf5156a31bb8a30c19f8402303caa95aa1d1670d4ed63,"{""boundary_hole_fraction"":0.0,""boundary_mse"":0.006736390292644501,""boundary_psnr_db"":21.715727586474447,""cvar99_mse"":0.10435181856155396,""finite"":true,""foreground_mse"":0.006736390292644501,""foreground_psnr_db"":21.715727586474447,""interior_hole_fraction"":0.01173020526766777,""n_gaussians"":2000,""outside_coverage_max"":0.0,""outside_max_abs"":0.0,""p99_mse"":0.061149436980485916}",274541056,364904448,"{""boundary_hole_fraction"":0.0,""boundary_mse"":0.006736390292644501,""boundary_psnr_db"":21.715727586474447,""cvar99_mse"":0.10435181856155396,""finite"":true,""foreground_mse"":0.006736390292644501,""foreground_psnr_db"":21.715727586474447,""interior_hole_fraction"":0.01173020526766777,""n_gaussians"":2000,""outside_coverage_max"":0.0,""outside_max_abs"":0.0,""p99_mse"":0.061149436980485916}",21.71572772678607,0.0067363900750055765,"{""boundary_hole_fraction"":0.0,""boundary_mse"":0.006736390292644501,""boundary_psnr_db"":21.715727586474447,""cvar99_mse"":0.10435181111097336,""finite"":true,""foreground_mse"":0.006736390292644501,""foreground_psnr_db"":21.715727586474447,""interior_hole_fraction"":0.01173020526766777,""n_gaussians"":2000,""outside_coverage_max"":0.0,""outside_max_abs"":0.0,""p99_mse"":0.061149436980485916}",candidate_rejected,0,0.0,0,4.172325134277344e-07,false,0.5563481450080872,ok,77fd5212f1e1c34f8ab55ca7099bcb120566508fefe6d685780ce79ec5dc35c6,1.6929492249983014,1.6929492249983014,2089807872
true,"{""config.json"":""cells/coco000000000025_s0_actual_cg_ray/config.json"",""curves.png"":""cells/coco000000000025_s0_actual_cg_ray/curves.png"",""decision"":""decision.json"",""error.png"":""cells/coco000000000025_s0_actual_cg_ray/error.png"",""field.npz"":""cells/coco000000000025_s0_actual_cg_ray/field.npz"",""history.json"":""cells/coco000000000025_s0_actual_cg_ray/history.json"",""input_field.npz"":""cells/coco000000000025_s0_actual_cg_ray/input_field.npz"",""occupancy"":""occupancy.json"",""optimizer_curves.png"":""cells/coco000000000025_s0_actual_cg_ray/optimizer_curves.png"",""parent_config.json"":""parents/coco000000000025_s0/config.json"",""parent_field.npz"":""parents/coco000000000025_s0/field.npz"",""parent_history.json"":""parents/coco000000000025_s0/history.json"",""parent_optimizer_state.pt"":""parents/coco000000000025_s0/optimizer_state.pt"",""parent_target.npy"":""parents/coco000000000025_s0/target.npy"",""reconstruction.npy"":""cells/coco000000000025_s0_actual_cg_ray/reconstruction.npy"",""reconstruction.png"":""cells/coco000000000025_s0_actual_cg_ray/reconstruction.png"",""request.json"":""cells/coco000000000025_s0_actual_cg_ray/request.json"",""target.png"":""cells/coco000000000025_s0_actual_cg_ray/target.png"",""tensor_inventory.json"":""cells/coco000000000025_s0_actual_cg_ray/tensor_inventory.json"",""transaction_arrays.npz"":""cells/coco000000000025_s0_actual_cg_ray/transaction_arrays.npz"",""trial_00.png"":""cells/coco000000000025_s0_actual_cg_ray/trial_00.png"",""trial_01.png"":""cells/coco000000000025_s0_actual_cg_ray/trial_01.png""}",coco000000000025_s0_actual_cg_ray,4.117373649998626,true,"{""boundary_hole_fraction"":0.0,""boundary_mse"":0.006730551365762949,""boundary_psnr_db"":21.71949356979585,""cvar99_mse"":0.10434123128652573,""finite"":true,""foreground_mse"":0.006730551365762949,""foreground_psnr_db"":21.71949356979585,""interior_hole_fraction"":0.01173020526766777,""n_gaussians"":2000,""outside_coverage_max"":0.0,""outside_max_abs"":0.0,""p99_mse"":0.061097145080566406}",true,4.172325134277344e-07,"{""actual_direction_render_calls"":1,""basis_apply_calls"":33,""basis_denominator_passes"":1,""basis_diagonal_passes"":0,""basis_transpose_calls"":34,""gaussian_renders"":5,""legacy_cg_iterations"":32,""native_color_vjp_calls"":0,""native_gradient_forward_calls"":0,""quality_evaluations"":4,""raw_coverage_passes"":4}",25,0,0.5372233986854553,0.05815451592206955,actual_cg_ray,0.8946698904037476,2000,[],22ff4e3d17991192d2d500685e9006a4b6e70d1151ca11ec3aa885285a127238,coco000000000025_s0,2c288b5e5baed4c0946cf5156a31bb8a30c19f8402303caa95aa1d1670d4ed63,"{""boundary_hole_fraction"":0.0,""boundary_mse"":0.006736390292644501,""boundary_psnr_db"":21.715727586474447,""cvar99_mse"":0.10435181111097336,""finite"":true,""foreground_mse"":0.006736390292644501,""foreground_psnr_db"":21.715727586474447,""interior_hole_fraction"":0.01173020526766777,""n_gaussians"":2000,""outside_coverage_max"":0.0,""outside_max_abs"":0.0,""p99_mse"":0.06114941090345383}",268178432,356515840,"{""boundary_hole_fraction"":0.0,""boundary_mse"":0.006730551365762949,""boundary_psnr_db"":21.71949356979585,""cvar99_mse"":0.10434123128652573,""finite"":true,""foreground_mse"":0.006730551365762949,""foreground_psnr_db"":21.71949356979585,""interior_hole_fraction"":0.01173020526766777,""n_gaussians"":2000,""outside_coverage_max"":0.0,""outside_max_abs"":0.0,""p99_mse"":0.061097148805856705}",21.719493547330735,0.006730551400578633,"{""boundary_hole_fraction"":0.0,""boundary_mse"":0.006730551365762949,""boundary_psnr_db"":21.71949356979585,""cvar99_mse"":0.10434124618768692,""finite"":true,""foreground_mse"":0.006730551365762949,""foreground_psnr_db"":21.71949356979585,""interior_hole_fraction"":0.01173020526766777,""n_gaussians"":2000,""outside_coverage_max"":0.0,""outside_max_abs"":0.0,""p99_mse"":0.061097148805856705}",,0,0.5,0,4.172325134277344e-07,false,0.5564789175987244,ok,77fd5212f1e1c34f8ab55ca7099bcb120566508fefe6d685780ce79ec5dc35c6,1.7323228949971963,1.7323228949971963,2089807872
true,"{""config.json"":""cells/coco000000000025_s0_actual_gradient_ray/config.json"",""curves.png"":""cells/coco000000000025_s0_actual_gradient_ray/curves.png"",""decision"":""decision.json"",""error.png"":""cells/coco000000000025_s0_actual_gradient_ray/error.png"",""field.npz"":""cells/coco000000000025_s0_actual_gradient_ray/field.npz"",""history.json"":""cells/coco000000000025_s0_actual_gradient_ray/history.json"",""input_field.npz"":""cells/coco000000000025_s0_actual_gradient_ray/input_field.npz"",""occupancy"":""occupancy.json"",""optimizer_curves.png"":""cells/coco000000000025_s0_actual_gradient_ray/optimizer_curves.png"",""parent_config.json"":""parents/coco000000000025_s0/config.json"",""parent_field.npz"":""parents/coco000000000025_s0/field.npz"",""parent_history.json"":""parents/coco000000000025_s0/history.json"",""parent_optimizer_state.pt"":""parents/coco000000000025_s0/optimizer_state.pt"",""parent_target.npy"":""parents/coco000000000025_s0/target.npy"",""reconstruction.npy"":""cells/coco000000000025_s0_actual_gradient_ray/reconstruction.npy"",""reconstruction.png"":""cells/coco000000000025_s0_actual_gradient_ray/reconstruction.png"",""request.json"":""cells/coco000000000025_s0_actual_gradient_ray/request.json"",""target.png"":""cells/coco000000000025_s0_actual_gradient_ray/target.png"",""tensor_inventory.json"":""cells/coco000000000025_s0_actual_gradient_ray/tensor_inventory.json"",""transaction_arrays.npz"":""cells/coco000000000025_s0_actual_gradient_ray/transaction_arrays.npz"",""trial_00.png"":""cells/coco000000000025_s0_actual_gradient_ray/trial_00.png"",""trial_01.png"":""cells/coco000000000025_s0_actual_gradient_ray/trial_01.png"",""trial_02.png"":""cells/coco000000000025_s0_actual_gradient_ray/trial_02.png""}",coco000000000025_s0_actual_gradient_ray,2.4754041010019137,true,"{""boundary_hole_fraction"":0.0,""boundary_mse"":0.0067351460456848145,""boundary_psnr_db"":21.716529825471813,""cvar99_mse"":0.10435234755277634,""finite"":true,""foreground_mse"":0.0067351460456848145,""foreground_psnr_db"":21.716529825471813,""interior_hole_fraction"":0.01173020526766777,""n_gaussians"":2000,""outside_coverage_max"":0.0,""outside_max_abs"":0.0,""p99_mse"":0.06113792955875397}",true,3.5762786865234375e-07,"{""actual_direction_render_calls"":1,""basis_apply_calls"":0,""basis_denominator_passes"":1,""basis_diagonal_passes"":0,""basis_transpose_calls"":1,""gaussian_renders"":6,""legacy_cg_iterations"":0,""native_color_vjp_calls"":0,""native_gradient_forward_calls"":0,""quality_evaluations"":5,""raw_coverage_passes"":5}",25,0,0.5374131202697754,0.05817720666527748,actual_gradient_ray,0.8945384621620178,2000,[],22ff4e3d17991192d2d500685e9006a4b6e70d1151ca11ec3aa885285a127238,coco000000000025_s0,2c288b5e5baed4c0946cf5156a31bb8a30c19f8402303caa95aa1d1670d4ed63,"{""boundary_hole_fraction"":0.0,""boundary_mse"":0.006736390292644501,""boundary_psnr_db"":21.715727586474447,""cvar99_mse"":0.10435181856155396,""finite"":true,""foreground_mse"":0.006736390292644501,""foreground_psnr_db"":21.715727586474447,""interior_hole_fraction"":0.01173020526766777,""n_gaussians"":2000,""outside_coverage_max"":0.0,""outside_max_abs"":0.0,""p99_mse"":0.06114941090345383}",284915712,362807296,"{""boundary_hole_fraction"":0.0,""boundary_mse"":0.0067351460456848145,""boundary_psnr_db"":21.716529825471813,""cvar99_mse"":0.10435234755277634,""finite"":true,""foreground_mse"":0.0067351460456848145,""foreground_psnr_db"":21.716529825471813,""interior_hole_fraction"":0.01173020526766777,""n_gaussians"":2000,""outside_coverage_max"":0.0,""outside_max_abs"":0.0,""p99_mse"":0.06113794073462486}",21.716530011943654,0.006735145756499684,"{""boundary_hole_fraction"":0.0,""boundary_mse"":0.0067351460456848145,""boundary_psnr_db"":21.716529825471813,""cvar99_mse"":0.10435234755277634,""finite"":true,""foreground_mse"":0.0067351460456848145,""foreground_psnr_db"":21.716529825471813,""interior_hole_fraction"":0.01173020526766777,""n_gaussians"":2000,""outside_coverage_max"":0.0,""outside_max_abs"":0.0,""p99_mse"":0.06113794818520546}",,0,0.25,0,2.980232238769531e-07,false,0.5563576221466064,ok,77fd5212f1e1c34f8ab55ca7099bcb120566508fefe6d685780ce79ec5dc35c6,0.15420131699647754,0.15420131699647754,2089807872
true,"{""config.json"":""cells/coco000000000025_s0_actual_jacobi_ray/config.json"",""curves.png"":""cells/coco000000000025_s0_actual_jacobi_ray/curves.png"",""decision"":""decision.json"",""error.png"":""cells/coco000000000025_s0_actual_jacobi_ray/error.png"",""field.npz"":""cells/coco000000000025_s0_actual_jacobi_ray/field.npz"",""history.json"":""cells/coco000000000025_s0_actual_jacobi_ray/history.json"",""input_field.npz"":""cells/coco000000000025_s0_actual_jacobi_ray/input_field.npz"",""occupancy"":""occupancy.json"",""optimizer_curves.png"":""cells/coco000000000025_s0_actual_jacobi_ray/optimizer_curves.png"",""parent_config.json"":""parents/coco000000000025_s0/config.json"",""parent_field.npz"":""parents/coco000000000025_s0/field.npz"",""parent_history.json"":""parents/coco000000000025_s0/history.json"",""parent_optimizer_state.pt"":""parents/coco000000000025_s0/optimizer_state.pt"",""parent_target.npy"":""parents/coco000000000025_s0/target.npy"",""reconstruction.npy"":""cells/coco000000000025_s0_actual_jacobi_ray/reconstruction.npy"",""reconstruction.png"":""cells/coco000000000025_s0_actual_jacobi_ray/reconstruction.png"",""request.json"":""cells/coco000000000025_s0_actual_jacobi_ray/request.json"",""target.png"":""cells/coco000000000025_s0_actual_jacobi_ray/target.png"",""tensor_inventory.json"":""cells/coco000000000025_s0_actual_jacobi_ray/tensor_inventory.json"",""transaction_arrays.npz"":""cells/coco000000000025_s0_actual_jacobi_ray/transaction_arrays.npz"",""trial_00.png"":""cells/coco000000000025_s0_actual_jacobi_ray/trial_00.png"",""trial_01.png"":""cells/coco000000000025_s0_actual_jacobi_ray/trial_01.png"",""trial_02.png"":""cells/coco000000000025_s0_actual_jacobi_ray/trial_02.png"",""trial_03.png"":""cells/coco000000000025_s0_actual_jacobi_ray/trial_03.png"",""trial_04.png"":""cells/coco000000000025_s0_actual_jacobi_ray/trial_04.png""}",coco000000000025_s0_actual_jacobi_ray,3.0260923039968475,true,"{""boundary_hole_fraction"":0.0,""boundary_mse"":0.006735807750374079,""boundary_psnr_db"":21.716103167196863,""cvar99_mse"":0.10435353219509125,""finite"":true,""foreground_mse"":0.006735807750374079,""foreground_psnr_db"":21.716103167196863,""interior_hole_fraction"":0.01173020526766777,""n_gaussians"":2000,""outside_coverage_max"":0.0,""outside_max_abs"":0.0,""p99_mse"":0.06112876534461975}",true,3.5762786865234375e-07,"{""actual_direction_render_calls"":1,""basis_apply_calls"":0,""basis_denominator_passes"":1,""basis_diagonal_passes"":1,""basis_transpose_calls"":1,""gaussian_renders"":8,""legacy_cg_iterations"":0,""native_color_vjp_calls"":0,""native_gradient_forward_calls"":0,""quality_evaluations"":7,""raw_coverage_passes"":7}",25,0,0.5374466180801392,0.05818364396691322,actual_jacobi_ray,0.8945263624191284,2000,[],22ff4e3d17991192d2d500685e9006a4b6e70d1151ca11ec3aa885285a127238,coco000000000025_s0,2c288b5e5baed4c0946cf5156a31bb8a30c19f8402303caa95aa1d1670d4ed63,"{""boundary_hole_fraction"":0.0,""boundary_mse"":0.006736390292644501,""boundary_psnr_db"":21.715727586474447,""cvar99_mse"":0.10435181856155396,""finite"":true,""foreground_mse"":0.006736390292644501,""foreground_psnr_db"":21.715727586474447,""interior_hole_fraction"":0.01173020526766777,""n_gaussians"":2000,""outside_coverage_max"":0.0,""outside_max_abs"":0.0,""p99_mse"":0.06114941090345383}",287699456,364904448,"{""boundary_hole_fraction"":0.0,""boundary_mse"":0.006735807750374079,""boundary_psnr_db"":21.716103167196863,""cvar99_mse"":0.10435353219509125,""finite"":true,""foreground_mse"":0.006735807750374079,""foreground_psnr_db"":21.716103167196863,""interior_hole_fraction"":0.01173020526766777,""n_gaussians"":2000,""outside_coverage_max"":0.0,""outside_max_abs"":0.0,""p99_mse"":0.06112876534461975}",21.71610314276172,0.006735807788272425,"{""boundary_hole_fraction"":0.0,""boundary_mse"":0.006735807750374079,""boundary_psnr_db"":21.716103167196863,""cvar99_mse"":0.10435353219509125,""finite"":true,""foreground_mse"":0.006735807750374079,""foreground_psnr_db"":21.716103167196863,""interior_hole_fraction"":0.01173020526766777,""n_gaussians"":2000,""outside_coverage_max"":0.0,""outside_max_abs"":0.0,""p99_mse"":0.06112876534461975}",,0,0.0625,0,3.5762786865234375e-07,false,0.5563532710075378,ok,77fd5212f1e1c34f8ab55ca7099bcb120566508fefe6d685780ce79ec5dc35c6,0.2195641930011334,0.2195641930011334,2089807872
true,"{""config.json"":""cells/coco000000000025_s0_native_gradient_ray/config.json"",""curves.png"":""cells/coco000000000025_s0_native_gradient_ray/curves.png"",""decision"":""decision.json"",""error.png"":""cells/coco000000000025_s0_native_gradient_ray/error.png"",""field.npz"":""cells/coco000000000025_s0_native_gradient_ray/field.npz"",""history.json"":""cells/coco000000000025_s0_native_gradient_ray/history.json"",""input_field.npz"":""cells/coco000000000025_s0_native_gradient_ray/input_field.npz"",""occupancy"":""occupancy.json"",""optimizer_curves.png"":""cells/coco000000000025_s0_native_gradient_ray/optimizer_curves.png"",""parent_config.json"":""parents/coco000000000025_s0/config.json"",""parent_field.npz"":""parents/coco000000000025_s0/field.npz"",""parent_history.json"":""parents/coco000000000025_s0/history.json"",""parent_optimizer_state.pt"":""parents/coco000000000025_s0/optimizer_state.pt"",""parent_target.npy"":""parents/coco000000000025_s0/target.npy"",""reconstruction.npy"":""cells/coco000000000025_s0_native_gradient_ray/reconstruction.npy"",""reconstruction.png"":""cells/coco000000000025_s0_native_gradient_ray/reconstruction.png"",""request.json"":""cells/coco000000000025_s0_native_gradient_ray/request.json"",""target.png"":""cells/coco000000000025_s0_native_gradient_ray/target.png"",""tensor_inventory.json"":""cells/coco000000000025_s0_native_gradient_ray/tensor_inventory.json"",""transaction_arrays.npz"":""cells/coco000000000025_s0_native_gradient_ray/transaction_arrays.npz"",""trial_00.png"":""cells/coco000000000025_s0_native_gradient_ray/trial_00.png"",""trial_01.png"":""cells/coco000000000025_s0_native_gradient_ray/trial_01.png"",""trial_02.png"":""cells/coco000000000025_s0_native_gradient_ray/trial_02.png""}",coco000000000025_s0_native_gradient_ray,2.6166331650019856,true,"{""boundary_hole_fraction"":0.0,""boundary_mse"":0.0067351460456848145,""boundary_psnr_db"":21.716529825471813,""cvar99_mse"":0.10435234755277634,""finite"":true,""foreground_mse"":0.0067351460456848145,""foreground_psnr_db"":21.716529825471813,""interior_hole_fraction"":0.01173020526766777,""n_gaussians"":2000,""outside_coverage_max"":0.0,""outside_max_abs"":0.0,""p99_mse"":0.06113792955875397}",true,3.5762786865234375e-07,"{""actual_direction_render_calls"":1,""basis_apply_calls"":0,""basis_denominator_passes"":0,""basis_diagonal_passes"":0,""basis_transpose_calls"":0,""gaussian_renders"":7,""legacy_cg_iterations"":0,""native_color_vjp_calls"":1,""native_gradient_forward_calls"":1,""quality_evaluations"":5,""raw_coverage_passes"":5}",25,0,0.5374131798744202,0.05817720666527748,native_gradient_ray,0.8945384621620178,2000,[],22ff4e3d17991192d2d500685e9006a4b6e70d1151ca11ec3aa885285a127238,coco000000000025_s0,2c288b5e5baed4c0946cf5156a31bb8a30c19f8402303caa95aa1d1670d4ed63,"{""boundary_hole_fraction"":0.0,""boundary_mse"":0.006736390292644501,""boundary_psnr_db"":21.715727586474447,""cvar99_mse"":0.10435181856155396,""finite"":true,""foreground_mse"":0.006736390292644501,""foreground_psnr_db"":21.715727586474447,""interior_hole_fraction"":0.01173020526766777,""n_gaussians"":2000,""outside_coverage_max"":0.0,""outside_max_abs"":0.0,""p99_mse"":0.061149436980485916}",282987008,364904448,"{""boundary_hole_fraction"":0.0,""boundary_mse"":0.0067351460456848145,""boundary_psnr_db"":21.716529825471813,""cvar99_mse"":0.10435234755277634,""finite"":true,""foreground_mse"":0.0067351460456848145,""foreground_psnr_db"":21.716529825471813,""interior_hole_fraction"":0.01173020526766777,""n_gaussians"":2000,""outside_coverage_max"":0.0,""outside_max_abs"":0.0,""p99_mse"":0.06113794073462486}",21.71653001403856,0.006735145753250856,"{""boundary_hole_fraction"":0.0,""boundary_mse"":0.0067351460456848145,""boundary_psnr_db"":21.716529825471813,""cvar99_mse"":0.10435234755277634,""finite"":true,""foreground_mse"":0.0067351460456848145,""foreground_psnr_db"":21.716529825471813,""interior_hole_fraction"":0.01173020526766777,""n_gaussians"":2000,""outside_coverage_max"":0.0,""outside_max_abs"":0.0,""p99_mse"":0.06113792955875397}",,0,0.25,0,3.5762786865234375e-07,false,0.5563576221466064,ok,77fd5212f1e1c34f8ab55ca7099bcb120566508fefe6d685780ce79ec5dc35c6,0.11196547399595147,0.11196547399595147,2089807872
false,"{""candidate_field.npz"":""cells/coco000000000025_s0_adam32/candidate_field.npz"",""config.json"":""cells/coco000000000025_s0_adam32/config.json"",""curves.png"":""cells/coco000000000025_s0_adam32/curves.png"",""decision"":""decision.json"",""error.png"":""cells/coco000000000025_s0_adam32/error.png"",""field.npz"":""cells/coco000000000025_s0_adam32/field.npz"",""history.json"":""cells/coco000000000025_s0_adam32/history.json"",""input_field.npz"":""cells/coco000000000025_s0_adam32/input_field.npz"",""occupancy"":""occupancy.json"",""optimizer_curves.png"":""cells/coco000000000025_s0_adam32/optimizer_curves.png"",""parent_config.json"":""parents/coco000000000025_s0/config.json"",""parent_field.npz"":""parents/coco000000000025_s0/field.npz"",""parent_history.json"":""parents/coco000000000025_s0/history.json"",""parent_optimizer_state.pt"":""parents/coco000000000025_s0/optimizer_state.pt"",""parent_target.npy"":""parents/coco000000000025_s0/target.npy"",""reconstruction.npy"":""cells/coco000000000025_s0_adam32/reconstruction.npy"",""reconstruction.png"":""cells/coco000000000025_s0_adam32/reconstruction.png"",""request.json"":""cells/coco000000000025_s0_adam32/request.json"",""target.png"":""cells/coco000000000025_s0_adam32/target.png"",""tensor_inventory.json"":""cells/coco000000000025_s0_adam32/tensor_inventory.json"",""transaction_arrays.npz"":""cells/coco000000000025_s0_adam32/transaction_arrays.npz""}",coco000000000025_s0_adam32,1.6599791919943527,false,"{""boundary_hole_fraction"":0.0,""boundary_mse"":0.006736390292644501,""boundary_psnr_db"":21.715727586474447,""cvar99_mse"":0.10435181856155396,""finite"":true,""foreground_mse"":0.006736390292644501,""foreground_psnr_db"":21.715727586474447,""interior_hole_fraction"":0.01173020526766777,""n_gaussians"":2000,""outside_coverage_max"":0.0,""outside_max_abs"":0.0,""p99_mse"":0.061149418354034424}",true,3.5762786865234375e-07,"{""basis_apply_calls"":0,""basis_denominator_passes"":0,""basis_transpose_calls"":0,""gaussian_renders"":35,""gradient_evaluations"":32,""quality_evaluations"":2,""raw_coverage_passes"":2}",25,32,0.5374642610549927,0.05818774551153183,adam32,0.8945149183273315,2000,[],22ff4e3d17991192d2d500685e9006a4b6e70d1151ca11ec3aa885285a127238,coco000000000025_s0,2c288b5e5baed4c0946cf5156a31bb8a30c19f8402303caa95aa1d1670d4ed63,"{""boundary_hole_fraction"":0.0,""boundary_mse"":0.006736390292644501,""boundary_psnr_db"":21.715727586474447,""cvar99_mse"":0.10435181111097336,""finite"":true,""foreground_mse"":0.006736390292644501,""foreground_psnr_db"":21.715727586474447,""interior_hole_fraction"":0.01173020526766777,""n_gaussians"":2000,""outside_coverage_max"":0.0,""outside_max_abs"":0.0,""p99_mse"":0.061149436980485916}",266800640,364904448,"{""boundary_hole_fraction"":0.0,""boundary_mse"":0.006736390292644501,""boundary_psnr_db"":21.715727586474447,""cvar99_mse"":0.10435181111097336,""finite"":true,""foreground_mse"":0.006736390292644501,""foreground_psnr_db"":21.715727586474447,""interior_hole_fraction"":0.01173020526766777,""n_gaussians"":2000,""outside_coverage_max"":0.0,""outside_max_abs"":0.0,""p99_mse"":0.061149436980485916}",21.715727727204957,0.006736390074355833,"{""boundary_hole_fraction"":0.0,""boundary_mse"":0.006736390292644501,""boundary_psnr_db"":21.715727586474447,""cvar99_mse"":0.10435181111097336,""finite"":true,""foreground_mse"":0.006736390292644501,""foreground_psnr_db"":21.715727586474447,""interior_hole_fraction"":0.01173020526766777,""n_gaussians"":2000,""outside_coverage_max"":0.0,""outside_max_abs"":0.0,""p99_mse"":0.061149436980485916}",candidate_rejected,0,0.0,0,4.76837158203125e-07,false,0.5563481450080872,ok,77fd5212f1e1c34f8ab55ca7099bcb120566508fefe6d685780ce79ec5dc35c6,0.16710305599553976,0.16710305599553976,2089807872
false,"{""config.json"":""cells/coco000000000025_s1_noop/config.json"",""curves.png"":""cells/coco000000000025_s1_noop/curves.png"",""decision"":""decision.json"",""error.png"":""cells/coco000000000025_s1_noop/error.png"",""field.npz"":""cells/coco000000000025_s1_noop/field.npz"",""history.json"":""cells/coco000000000025_s1_noop/history.json"",""input_field.npz"":""cells/coco000000000025_s1_noop/input_field.npz"",""occupancy"":""occupancy.json"",""optimizer_curves.png"":""cells/coco000000000025_s1_noop/optimizer_curves.png"",""parent_config.json"":""parents/coco000000000025_s1/config.json"",""parent_field.npz"":""parents/coco000000000025_s1/field.npz"",""parent_history.json"":""parents/coco000000000025_s1/history.json"",""parent_optimizer_state.pt"":""parents/coco000000000025_s1/optimizer_state.pt"",""parent_target.npy"":""parents/coco000000000025_s1/target.npy"",""reconstruction.npy"":""cells/coco000000000025_s1_noop/reconstruction.npy"",""reconstruction.png"":""cells/coco000000000025_s1_noop/reconstruction.png"",""request.json"":""cells/coco000000000025_s1_noop/request.json"",""target.png"":""cells/coco000000000025_s1_noop/target.png"",""tensor_inventory.json"":""cells/coco000000000025_s1_noop/tensor_inventory.json"",""transaction_arrays.npz"":""cells/coco000000000025_s1_noop/transaction_arrays.npz""}",coco000000000025_s1_noop,1.291357779999089,false,"{""boundary_hole_fraction"":0.0,""boundary_mse"":0.006666489876806736,""boundary_psnr_db"":21.76102776037482,""cvar99_mse"":0.09771613776683807,""finite"":true,""foreground_mse"":0.006666489876806736,""foreground_psnr_db"":21.76102776037482,""interior_hole_fraction"":0.013459952548146248,""n_gaussians"":2000,""outside_coverage_max"":0.0,""outside_max_abs"":0.0,""p99_mse"":0.06084436923265457}",true,4.172325134277344e-07,"{""basis_apply_calls"":0,""basis_denominator_passes"":0,""basis_transpose_calls"":0,""gaussian_renders"":1,""gradient_evaluations"":0,""quality_evaluations"":1,""raw_coverage_passes"":1}",25,0,0.5271254777908325,0.058018673211336136,noop,0.8951398134231567,2000,[],aa71c7271b284afc1e235c7f4e76a4972b08d5426294fa35654a2c4889093af2,coco000000000025_s1,4050eafaf2878bae28bdf5c060476ba1c53846bb08e05ece1c7d4cf4a5d66722,"{""boundary_hole_fraction"":0.0,""boundary_mse"":0.006666489876806736,""boundary_psnr_db"":21.76102776037482,""cvar99_mse"":0.09771613776683807,""finite"":true,""foreground_mse"":0.006666489876806736,""foreground_psnr_db"":21.76102776037482,""interior_hole_fraction"":0.013459952548146248,""n_gaussians"":2000,""outside_coverage_max"":0.0,""outside_max_abs"":0.0,""p99_mse"":0.06084436923265457}",249238528,375390208,"{""boundary_hole_fraction"":0.0,""boundary_mse"":0.006666489876806736,""boundary_psnr_db"":21.76102776037482,""cvar99_mse"":0.09771613776683807,""finite"":true,""foreground_mse"":0.006666489876806736,""foreground_psnr_db"":21.76102776037482,""interior_hole_fraction"":0.013459952548146248,""n_gaussians"":2000,""outside_coverage_max"":0.0,""outside_max_abs"":0.0,""p99_mse"":0.06084436923265457}",21.761028074116886,0.0066664893952076525,"{""boundary_hole_fraction"":0.0,""boundary_mse"":0.006666489876806736,""boundary_psnr_db"":21.76102776037482,""cvar99_mse"":0.09771613776683807,""finite"":true,""foreground_mse"":0.006666489876806736,""foreground_psnr_db"":21.76102776037482,""interior_hole_fraction"":0.013459952548146248,""n_gaussians"":2000,""outside_coverage_max"":0.0,""outside_max_abs"":0.0,""p99_mse"":0.06084436923265457}",noop,1,0.0,0,3.5762786865234375e-07,false,0.5584843158721924,ok,77fd5212f1e1c34f8ab55ca7099bcb120566508fefe6d685780ce79ec5dc35c6,0.020003758996608667,0.020003758996608667,2087858176
false,"{""candidate_field.npz"":""cells/coco000000000025_s1_legacy_cg32/candidate_field.npz"",""config.json"":""cells/coco000000000025_s1_legacy_cg32/config.json"",""curves.png"":""cells/coco000000000025_s1_legacy_cg32/curves.png"",""decision"":""decision.json"",""error.png"":""cells/coco000000000025_s1_legacy_cg32/error.png"",""field.npz"":""cells/coco000000000025_s1_legacy_cg32/field.npz"",""history.json"":""cells/coco000000000025_s1_legacy_cg32/history.json"",""input_field.npz"":""cells/coco000000000025_s1_legacy_cg32/input_field.npz"",""occupancy"":""occupancy.json"",""optimizer_curves.png"":""cells/coco000000000025_s1_legacy_cg32/optimizer_curves.png"",""parent_config.json"":""parents/coco000000000025_s1/config.json"",""parent_field.npz"":""parents/coco000000000025_s1/field.npz"",""parent_history.json"":""parents/coco000000000025_s1/history.json"",""parent_optimizer_state.pt"":""parents/coco000000000025_s1/optimizer_state.pt"",""parent_target.npy"":""parents/coco000000000025_s1/target.npy"",""reconstruction.npy"":""cells/coco000000000025_s1_legacy_cg32/reconstruction.npy"",""reconstruction.png"":""cells/coco000000000025_s1_legacy_cg32/reconstruction.png"",""request.json"":""cells/coco000000000025_s1_legacy_cg32/request.json"",""target.png"":""cells/coco000000000025_s1_legacy_cg32/target.png"",""tensor_inventory.json"":""cells/coco000000000025_s1_legacy_cg32/tensor_inventory.json"",""transaction_arrays.npz"":""cells/coco000000000025_s1_legacy_cg32/transaction_arrays.npz""}",coco000000000025_s1_legacy_cg32,3.0527675209959853,false,"{""boundary_hole_fraction"":0.0,""boundary_mse"":0.006666489876806736,""boundary_psnr_db"":21.76102776037482,""cvar99_mse"":0.09771613776683807,""finite"":true,""foreground_mse"":0.006666489876806736,""foreground_psnr_db"":21.76102776037482,""interior_hole_fraction"":0.013459952548146248,""n_gaussians"":2000,""outside_coverage_max"":0.0,""outside_max_abs"":0.0,""p99_mse"":0.06084436923265457}",true,3.5762786865234375e-07,"{""basis_apply_calls"":33,""basis_denominator_passes"":1,""basis_transpose_calls"":34,""gaussian_renders"":2,""gradient_evaluations"":0,""quality_evaluations"":2,""raw_coverage_passes"":2}",25,0,0.5271254777908325,0.05801868066191673,legacy_cg32,0.895139753818512,2000,[],aa71c7271b284afc1e235c7f4e76a4972b08d5426294fa35654a2c4889093af2,coco000000000025_s1,4050eafaf2878bae28bdf5c060476ba1c53846bb08e05ece1c7d4cf4a5d66722,"{""boundary_hole_fraction"":0.0,""boundary_mse"":0.006666489876806736,""boundary_psnr_db"":21.76102776037482,""cvar99_mse"":0.09771613776683807,""finite"":true,""foreground_mse"":0.006666489876806736,""foreground_psnr_db"":21.76102776037482,""interior_hole_fraction"":0.013459952548146248,""n_gaussians"":2000,""outside_coverage_max"":0.0,""outside_max_abs"":0.0,""p99_mse"":0.06084436923265457}",274364928,375390208,"{""boundary_hole_fraction"":0.0,""boundary_mse"":0.006666489876806736,""boundary_psnr_db"":21.76102776037482,""cvar99_mse"":0.09771613776683807,""finite"":true,""foreground_mse"":0.006666489876806736,""foreground_psnr_db"":21.76102776037482,""interior_hole_fraction"":0.013459952548146248,""n_gaussians"":2000,""outside_coverage_max"":0.0,""outside_max_abs"":0.0,""p99_mse"":0.06084436923265457}",21.761028080738733,0.006666489385043013,"{""boundary_hole_fraction"":0.0,""boundary_mse"":0.006666489876806736,""boundary_psnr_db"":21.76102776037482,""cvar99_mse"":0.09771613776683807,""finite"":true,""foreground_mse"":0.006666489876806736,""foreground_psnr_db"":21.76102776037482,""interior_hole_fraction"":0.013459952548146248,""n_gaussians"":2000,""outside_coverage_max"":0.0,""outside_max_abs"":0.0,""p99_mse"":0.06084437668323517}",candidate_rejected,1,0.0,0,3.5762786865234375e-07,false,0.5584842562675476,ok,77fd5212f1e1c34f8ab55ca7099bcb120566508fefe6d685780ce79ec5dc35c6,1.5671006150005269,1.5671006150005269,2087858176
true,"{""config.json"":""cells/coco000000000025_s1_actual_cg_ray/config.json"",""curves.png"":""cells/coco000000000025_s1_actual_cg_ray/curves.png"",""decision"":""decision.json"",""error.png"":""cells/coco000000000025_s1_actual_cg_ray/error.png"",""field.npz"":""cells/coco000000000025_s1_actual_cg_ray/field.npz"",""history.json"":""cells/coco000000000025_s1_actual_cg_ray/history.json"",""input_field.npz"":""cells/coco000000000025_s1_actual_cg_ray/input_field.npz"",""occupancy"":""occupancy.json"",""optimizer_curves.png"":""cells/coco000000000025_s1_actual_cg_ray/optimizer_curves.png"",""parent_config.json"":""parents/coco000000000025_s1/config.json"",""parent_field.npz"":""parents/coco000000000025_s1/field.npz"",""parent_history.json"":""parents/coco000000000025_s1/history.json"",""parent_optimizer_state.pt"":""parents/coco000000000025_s1/optimizer_state.pt"",""parent_target.npy"":""parents/coco000000000025_s1/target.npy"",""reconstruction.npy"":""cells/coco000000000025_s1_actual_cg_ray/reconstruction.npy"",""reconstruction.png"":""cells/coco000000000025_s1_actual_cg_ray/reconstruction.png"",""request.json"":""cells/coco000000000025_s1_actual_cg_ray/request.json"",""target.png"":""cells/coco000000000025_s1_actual_cg_ray/target.png"",""tensor_inventory.json"":""cells/coco000000000025_s1_actual_cg_ray/tensor_inventory.json"",""transaction_arrays.npz"":""cells/coco000000000025_s1_actual_cg_ray/transaction_arrays.npz"",""trial_00.png"":""cells/coco000000000025_s1_actual_cg_ray/trial_00.png"",""trial_01.png"":""cells/coco000000000025_s1_actual_cg_ray/trial_01.png""}",coco000000000025_s1_actual_cg_ray,3.7281034530024044,true,"{""boundary_hole_fraction"":0.0,""boundary_mse"":0.006661435589194298,""boundary_psnr_db"":21.764321670339815,""cvar99_mse"":0.09770133346319199,""finite"":true,""foreground_mse"":0.006661435589194298,""foreground_psnr_db"":21.764321670339815,""interior_hole_fraction"":0.013459952548146248,""n_gaussians"":2000,""outside_coverage_max"":0.0,""outside_max_abs"":0.0,""p99_mse"":0.060730043798685074}",true,4.172325134277344e-07,"{""actual_direction_render_calls"":1,""basis_apply_calls"":33,""basis_denominator_passes"":1,""basis_diagonal_passes"":0,""basis_transpose_calls"":34,""gaussian_renders"":5,""legacy_cg_iterations"":32,""native_color_vjp_calls"":0,""native_gradient_forward_calls"":0,""quality_evaluations"":4,""raw_coverage_passes"":4}",25,0,0.527060866355896,0.05798947066068649,actual_cg_ray,0.8952680230140686,2000,[],aa71c7271b284afc1e235c7f4e76a4972b08d5426294fa35654a2c4889093af2,coco000000000025_s1,4050eafaf2878bae28bdf5c060476ba1c53846bb08e05ece1c7d4cf4a5d66722,"{""boundary_hole_fraction"":0.0,""boundary_mse"":0.006666489876806736,""boundary_psnr_db"":21.76102776037482,""cvar99_mse"":0.09771613776683807,""finite"":true,""foreground_mse"":0.006666489876806736,""foreground_psnr_db"":21.76102776037482,""interior_hole_fraction"":0.013459952548146248,""n_gaussians"":2000,""outside_coverage_max"":0.0,""outside_max_abs"":0.0,""p99_mse"":0.06084437668323517}",279383552,375390208,"{""boundary_hole_fraction"":0.0,""boundary_mse"":0.006661435589194298,""boundary_psnr_db"":21.764321670339815,""cvar99_mse"":0.09770133346319199,""finite"":true,""foreground_mse"":0.006661435589194298,""foreground_psnr_db"":21.764321670339815,""interior_hole_fraction"":0.013459952548146248,""n_gaussians"":2000,""outside_coverage_max"":0.0,""outside_max_abs"":0.0,""p99_mse"":0.060730043798685074}",21.764321768244557,0.006661435439022896,"{""boundary_hole_fraction"":0.0,""boundary_mse"":0.006661435589194298,""boundary_psnr_db"":21.764321670339815,""cvar99_mse"":0.09770133346319199,""finite"":true,""foreground_mse"":0.006661435589194298,""foreground_psnr_db"":21.764321670339815,""interior_hole_fraction"":0.013459952548146248,""n_gaussians"":2000,""outside_coverage_max"":0.0,""outside_max_abs"":0.0,""p99_mse"":0.06073002889752388}",,1,0.5,0,3.5762786865234375e-07,false,0.5585572123527527,ok,77fd5212f1e1c34f8ab55ca7099bcb120566508fefe6d685780ce79ec5dc35c6,1.586677712999517,1.586677712999517,2087858176
true,"{""config.json"":""cells/coco000000000025_s1_actual_gradient_ray/config.json"",""curves.png"":""cells/coco000000000025_s1_actual_gradient_ray/curves.png"",""decision"":""decision.json"",""error.png"":""cells/coco000000000025_s1_actual_gradient_ray/error.png"",""field.npz"":""cells/coco000000000025_s1_actual_gradient_ray/field.npz"",""history.json"":""cells/coco000000000025_s1_actual_gradient_ray/history.json"",""input_field.npz"":""cells/coco000000000025_s1_actual_gradient_ray/input_field.npz"",""occupancy"":""occupancy.json"",""optimizer_curves.png"":""cells/coco000000000025_s1_actual_gradient_ray/optimizer_curves.png"",""parent_config.json"":""parents/coco000000000025_s1/config.json"",""parent_field.npz"":""parents/coco000000000025_s1/field.npz"",""parent_history.json"":""parents/coco000000000025_s1/history.json"",""parent_optimizer_state.pt"":""parents/coco000000000025_s1/optimizer_state.pt"",""parent_target.npy"":""parents/coco000000000025_s1/target.npy"",""reconstruction.npy"":""cells/coco000000000025_s1_actual_gradient_ray/reconstruction.npy"",""reconstruction.png"":""cells/coco000000000025_s1_actual_gradient_ray/reconstruction.png"",""request.json"":""cells/coco000000000025_s1_actual_gradient_ray/request.json"",""target.png"":""cells/coco000000000025_s1_actual_gradient_ray/target.png"",""tensor_inventory.json"":""cells/coco000000000025_s1_actual_gradient_ray/tensor_inventory.json"",""transaction_arrays.npz"":""cells/coco000000000025_s1_actual_gradient_ray/transaction_arrays.npz"",""trial_00.png"":""cells/coco000000000025_s1_actual_gradient_ray/trial_00.png"",""trial_01.png"":""cells/coco000000000025_s1_actual_gradient_ray/trial_01.png"",""trial_02.png"":""cells/coco000000000025_s1_actual_gradient_ray/trial_02.png"",""trial_03.png"":""cells/coco000000000025_s1_actual_gradient_ray/trial_03.png"",""trial_04.png"":""cells/coco000000000025_s1_actual_gradient_ray/trial_04.png""}",coco000000000025_s1_actual_gradient_ray,3.262071709999873,true,"{""boundary_hole_fraction"":0.0,""boundary_mse"":0.006666244938969612,""boundary_psnr_db"":21.76118733026435,""cvar99_mse"":0.09771715104579926,""finite"":true,""foreground_mse"":0.006666244938969612,""foreground_psnr_db"":21.76118733026435,""interior_hole_fraction"":0.013459952548146248,""n_gaussians"":2000,""outside_coverage_max"":0.0,""outside_max_abs"":0.0,""p99_mse"":0.06084107607603073}",true,3.5762786865234375e-07,"{""actual_direction_render_calls"":1,""basis_apply_calls"":0,""basis_denominator_passes"":1,""basis_diagonal_passes"":0,""basis_transpose_calls"":1,""gaussian_renders"":8,""legacy_cg_iterations"":0,""native_color_vjp_calls"":0,""native_gradient_forward_calls"":0,""quality_evaluations"":7,""raw_coverage_passes"":7}",25,0,0.527120053768158,0.05801590532064438,actual_gradient_ray,0.895146369934082,2000,[],aa71c7271b284afc1e235c7f4e76a4972b08d5426294fa35654a2c4889093af2,coco000000000025_s1,4050eafaf2878bae28bdf5c060476ba1c53846bb08e05ece1c7d4cf4a5d66722,"{""boundary_hole_fraction"":0.0,""boundary_mse"":0.006666489876806736,""boundary_psnr_db"":21.76102776037482,""cvar99_mse"":0.09771613776683807,""finite"":true,""foreground_mse"":0.006666489876806736,""foreground_psnr_db"":21.76102776037482,""interior_hole_fraction"":0.013459952548146248,""n_gaussians"":2000,""outside_coverage_max"":0.0,""outside_max_abs"":0.0,""p99_mse"":0.06084436923265457}",265823744,346030080,"{""boundary_hole_fraction"":0.0,""boundary_mse"":0.006666244938969612,""boundary_psnr_db"":21.76118733026435,""cvar99_mse"":0.09771715104579926,""finite"":true,""foreground_mse"":0.006666244938969612,""foreground_psnr_db"":21.76118733026435,""interior_hole_fraction"":0.013459952548146248,""n_gaussians"":2000,""outside_coverage_max"":0.0,""outside_max_abs"":0.0,""p99_mse"":0.06084107607603073}",21.761187416760094,0.006666244806202142,"{""boundary_hole_fraction"":0.0,""boundary_mse"":0.006666244938969612,""boundary_psnr_db"":21.76118733026435,""cvar99_mse"":0.09771715104579926,""finite"":true,""foreground_mse"":0.006666244938969612,""foreground_psnr_db"":21.76118733026435,""interior_hole_fraction"":0.013459952548146248,""n_gaussians"":2000,""outside_coverage_max"":0.0,""outside_max_abs"":0.0,""p99_mse"":0.06084110215306282}",,1,0.0625,0,4.172325134277344e-07,false,0.5584878921508789,ok,77fd5212f1e1c34f8ab55ca7099bcb120566508fefe6d685780ce79ec5dc35c6,0.18878958599816542,0.18878958599816542,2087858176
true,"{""config.json"":""cells/coco000000000025_s1_actual_jacobi_ray/config.json"",""curves.png"":""cells/coco000000000025_s1_actual_jacobi_ray/curves.png"",""decision"":""decision.json"",""error.png"":""cells/coco000000000025_s1_actual_jacobi_ray/error.png"",""field.npz"":""cells/coco000000000025_s1_actual_jacobi_ray/field.npz"",""history.json"":""cells/coco000000000025_s1_actual_jacobi_ray/history.json"",""input_field.npz"":""cells/coco000000000025_s1_actual_jacobi_ray/input_field.npz"",""occupancy"":""occupancy.json"",""optimizer_curves.png"":""cells/coco000000000025_s1_actual_jacobi_ray/optimizer_curves.png"",""parent_config.json"":""parents/coco000000000025_s1/config.json"",""parent_field.npz"":""parents/coco000000000025_s1/field.npz"",""parent_history.json"":""parents/coco000000000025_s1/history.json"",""parent_optimizer_state.pt"":""parents/coco000000000025_s1/optimizer_state.pt"",""parent_target.npy"":""parents/coco000000000025_s1/target.npy"",""reconstruction.npy"":""cells/coco000000000025_s1_actual_jacobi_ray/reconstruction.npy"",""reconstruction.png"":""cells/coco000000000025_s1_actual_jacobi_ray/reconstruction.png"",""request.json"":""cells/coco000000000025_s1_actual_jacobi_ray/request.json"",""target.png"":""cells/coco000000000025_s1_actual_jacobi_ray/target.png"",""tensor_inventory.json"":""cells/coco000000000025_s1_actual_jacobi_ray/tensor_inventory.json"",""transaction_arrays.npz"":""cells/coco000000000025_s1_actual_jacobi_ray/transaction_arrays.npz"",""trial_00.png"":""cells/coco000000000025_s1_actual_jacobi_ray/trial_00.png"",""trial_01.png"":""cells/coco000000000025_s1_actual_jacobi_ray/trial_01.png"",""trial_02.png"":""cells/coco000000000025_s1_actual_jacobi_ray/trial_02.png""}",coco000000000025_s1_actual_jacobi_ray,2.4893169540009694,true,"{""boundary_hole_fraction"":0.0,""boundary_mse"":0.0066645797342062,""boundary_psnr_db"":21.76227231826994,""cvar99_mse"":0.0977163314819336,""finite"":true,""foreground_mse"":0.0066645797342062,""foreground_psnr_db"":21.76227231826994,""interior_hole_fraction"":0.013459952548146248,""n_gaussians"":2000,""outside_coverage_max"":0.0,""outside_max_abs"":0.0,""p99_mse"":0.060836225748062134}",true,3.5762786865234375e-07,"{""actual_direction_render_calls"":1,""basis_apply_calls"":0,""basis_denominator_passes"":1,""basis_diagonal_passes"":1,""basis_transpose_calls"":1,""gaussian_renders"":6,""legacy_cg_iterations"":0,""native_color_vjp_calls"":0,""native_gradient_forward_calls"":0,""quality_evaluations"":5,""raw_coverage_passes"":5}",25,0,0.5270749926567078,0.05800437182188034,actual_jacobi_ray,0.8951815366744995,2000,[],aa71c7271b284afc1e235c7f4e76a4972b08d5426294fa35654a2c4889093af2,coco000000000025_s1,4050eafaf2878bae28bdf5c060476ba1c53846bb08e05ece1c7d4cf4a5d66722,"{""boundary_hole_fraction"":0.0,""boundary_mse"":0.006666489876806736,""boundary_psnr_db"":21.76102776037482,""cvar99_mse"":0.09771613776683807,""finite"":true,""foreground_mse"":0.006666489876806736,""foreground_psnr_db"":21.76102776037482,""interior_hole_fraction"":0.013459952548146248,""n_gaussians"":2000,""outside_coverage_max"":0.0,""outside_max_abs"":0.0,""p99_mse"":0.06084437668323517}",293036032,375390208,"{""boundary_hole_fraction"":0.0,""boundary_mse"":0.0066645797342062,""boundary_psnr_db"":21.76227231826994,""cvar99_mse"":0.0977163314819336,""finite"":true,""foreground_mse"":0.0066645797342062,""foreground_psnr_db"":21.76227231826994,""interior_hole_fraction"":0.013459952548146248,""n_gaussians"":2000,""outside_coverage_max"":0.0,""outside_max_abs"":0.0,""p99_mse"":0.060836225748062134}",21.762272619029943,0.006664579272667074,"{""boundary_hole_fraction"":0.0,""boundary_mse"":0.0066645797342062,""boundary_psnr_db"":21.76227231826994,""cvar99_mse"":0.0977163314819336,""finite"":true,""foreground_mse"":0.0066645797342062,""foreground_psnr_db"":21.76227231826994,""interior_hole_fraction"":0.013459952548146248,""n_gaussians"":2000,""outside_coverage_max"":0.0,""outside_max_abs"":0.0,""p99_mse"":0.060836225748062134}",,1,0.25,0,3.5762786865234375e-07,false,0.5584899187088013,ok,77fd5212f1e1c34f8ab55ca7099bcb120566508fefe6d685780ce79ec5dc35c6,0.1663917509940802,0.1663917509940802,2087858176
true,"{""config.json"":""cells/coco000000000025_s1_native_gradient_ray/config.json"",""curves.png"":""cells/coco000000000025_s1_native_gradient_ray/curves.png"",""decision"":""decision.json"",""error.png"":""cells/coco000000000025_s1_native_gradient_ray/error.png"",""field.npz"":""cells/coco000000000025_s1_native_gradient_ray/field.npz"",""history.json"":""cells/coco000000000025_s1_native_gradient_ray/history.json"",""input_field.npz"":""cells/coco000000000025_s1_native_gradient_ray/input_field.npz"",""occupancy"":""occupancy.json"",""optimizer_curves.png"":""cells/coco000000000025_s1_native_gradient_ray/optimizer_curves.png"",""parent_config.json"":""parents/coco000000000025_s1/config.json"",""parent_field.npz"":""parents/coco000000000025_s1/field.npz"",""parent_history.json"":""parents/coco000000000025_s1/history.json"",""parent_optimizer_state.pt"":""parents/coco000000000025_s1/optimizer_state.pt"",""parent_target.npy"":""parents/coco000000000025_s1/target.npy"",""reconstruction.npy"":""cells/coco000000000025_s1_native_gradient_ray/reconstruction.npy"",""reconstruction.png"":""cells/coco000000000025_s1_native_gradient_ray/reconstruction.png"",""request.json"":""cells/coco000000000025_s1_native_gradient_ray/request.json"",""target.png"":""cells/coco000000000025_s1_native_gradient_ray/target.png"",""tensor_inventory.json"":""cells/coco000000000025_s1_native_gradient_ray/tensor_inventory.json"",""transaction_arrays.npz"":""cells/coco000000000025_s1_native_gradient_ray/transaction_arrays.npz"",""trial_00.png"":""cells/coco000000000025_s1_native_gradient_ray/trial_00.png"",""trial_01.png"":""cells/coco000000000025_s1_native_gradient_ray/trial_01.png"",""trial_02.png"":""cells/coco000000000025_s1_native_gradient_ray/trial_02.png"",""trial_03.png"":""cells/coco000000000025_s1_native_gradient_ray/trial_03.png"",""trial_04.png"":""cells/coco000000000025_s1_native_gradient_ray/trial_04.png""}",coco000000000025_s1_native_gradient_ray,3.0053964170001564,true,"{""boundary_hole_fraction"":0.0,""boundary_mse"":0.006666244938969612,""boundary_psnr_db"":21.76118733026435,""cvar99_mse"":0.09771715104579926,""finite"":true,""foreground_mse"":0.006666244938969612,""foreground_psnr_db"":21.76118733026435,""interior_hole_fraction"":0.013459952548146248,""n_gaussians"":2000,""outside_coverage_max"":0.0,""outside_max_abs"":0.0,""p99_mse"":0.06084110215306282}",true,4.76837158203125e-07,"{""actual_direction_render_calls"":1,""basis_apply_calls"":0,""basis_denominator_passes"":0,""basis_diagonal_passes"":0,""basis_transpose_calls"":0,""gaussian_renders"":9,""legacy_cg_iterations"":0,""native_color_vjp_calls"":1,""native_gradient_forward_calls"":1,""quality_evaluations"":7,""raw_coverage_passes"":7}",25,0,0.527120053768158,0.05801590532064438,native_gradient_ray,0.8951463103294373,2000,[],aa71c7271b284afc1e235c7f4e76a4972b08d5426294fa35654a2c4889093af2,coco000000000025_s1,4050eafaf2878bae28bdf5c060476ba1c53846bb08e05ece1c7d4cf4a5d66722,"{""boundary_hole_fraction"":0.0,""boundary_mse"":0.006666489876806736,""boundary_psnr_db"":21.76102776037482,""cvar99_mse"":0.09771613776683807,""finite"":true,""foreground_mse"":0.006666489876806736,""foreground_psnr_db"":21.76102776037482,""interior_hole_fraction"":0.013459952548146248,""n_gaussians"":2000,""outside_coverage_max"":0.0,""outside_max_abs"":0.0,""p99_mse"":0.06084436923265457}",282902528,375390208,"{""boundary_hole_fraction"":0.0,""boundary_mse"":0.006666244938969612,""boundary_psnr_db"":21.76118733026435,""cvar99_mse"":0.09771715104579926,""finite"":true,""foreground_mse"":0.006666244938969612,""foreground_psnr_db"":21.76118733026435,""interior_hole_fraction"":0.013459952548146248,""n_gaussians"":2000,""outside_coverage_max"":0.0,""outside_max_abs"":0.0,""p99_mse"":0.06084107235074043}",21.76118741605203,0.006666244807288984,"{""boundary_hole_fraction"":0.0,""boundary_mse"":0.006666244938969612,""boundary_psnr_db"":21.76118733026435,""cvar99_mse"":0.09771715104579926,""finite"":true,""foreground_mse"":0.006666244938969612,""foreground_psnr_db"":21.76118733026435,""interior_hole_fraction"":0.013459952548146248,""n_gaussians"":2000,""outside_coverage_max"":0.0,""outside_max_abs"":0.0,""p99_mse"":0.06084107607603073}",,1,0.0625,0,3.5762786865234375e-07,false,0.5584878325462341,ok,77fd5212f1e1c34f8ab55ca7099bcb120566508fefe6d685780ce79ec5dc35c6,0.14321646900498308,0.14321646900498308,2087858176
false,"{""candidate_field.npz"":""cells/coco000000000025_s1_adam32/candidate_field.npz"",""config.json"":""cells/coco000000000025_s1_adam32/config.json"",""curves.png"":""cells/coco000000000025_s1_adam32/curves.png"",""decision"":""decision.json"",""error.png"":""cells/coco000000000025_s1_adam32/error.png"",""field.npz"":""cells/coco000000000025_s1_adam32/field.npz"",""history.json"":""cells/coco000000000025_s1_adam32/history.json"",""input_field.npz"":""cells/coco000000000025_s1_adam32/input_field.npz"",""occupancy"":""occupancy.json"",""optimizer_curves.png"":""cells/coco000000000025_s1_adam32/optimizer_curves.png"",""parent_config.json"":""parents/coco000000000025_s1/config.json"",""parent_field.npz"":""parents/coco000000000025_s1/field.npz"",""parent_history.json"":""parents/coco000000000025_s1/history.json"",""parent_optimizer_state.pt"":""parents/coco000000000025_s1/optimizer_state.pt"",""parent_target.npy"":""parents/coco000000000025_s1/target.npy"",""reconstruction.npy"":""cells/coco000000000025_s1_adam32/reconstruction.npy"",""reconstruction.png"":""cells/coco000000000025_s1_adam32/reconstruction.png"",""request.json"":""cells/coco000000000025_s1_adam32/request.json"",""target.png"":""cells/coco000000000025_s1_adam32/target.png"",""tensor_inventory.json"":""cells/coco000000000025_s1_adam32/tensor_inventory.json"",""transaction_arrays.npz"":""cells/coco000000000025_s1_adam32/transaction_arrays.npz""}",coco000000000025_s1_adam32,1.758295243998873,false,"{""boundary_hole_fraction"":0.0,""boundary_mse"":0.006666489876806736,""boundary_psnr_db"":21.76102776037482,""cvar99_mse"":0.09771613776683807,""finite"":true,""foreground_mse"":0.006666489876806736,""foreground_psnr_db"":21.76102776037482,""interior_hole_fraction"":0.013459952548146248,""n_gaussians"":2000,""outside_coverage_max"":0.0,""outside_max_abs"":0.0,""p99_mse"":0.06084438040852547}",true,2.980232238769531e-07,"{""basis_apply_calls"":0,""basis_denominator_passes"":0,""basis_transpose_calls"":0,""gaussian_renders"":35,""gradient_evaluations"":32,""quality_evaluations"":2,""raw_coverage_passes"":2}",25,32,0.5271254777908325,0.05801868066191673,adam32,0.8951398134231567,2000,[],aa71c7271b284afc1e235c7f4e76a4972b08d5426294fa35654a2c4889093af2,coco000000000025_s1,4050eafaf2878bae28bdf5c060476ba1c53846bb08e05ece1c7d4cf4a5d66722,"{""boundary_hole_fraction"":0.0,""boundary_mse"":0.006666489876806736,""boundary_psnr_db"":21.76102776037482,""cvar99_mse"":0.09771613776683807,""finite"":true,""foreground_mse"":0.006666489876806736,""foreground_psnr_db"":21.76102776037482,""interior_hole_fraction"":0.013459952548146248,""n_gaussians"":2000,""outside_coverage_max"":0.0,""outside_max_abs"":0.0,""p99_mse"":0.06084436923265457}",272345600,375390208,"{""boundary_hole_fraction"":0.0,""boundary_mse"":0.006666489876806736,""boundary_psnr_db"":21.76102776037482,""cvar99_mse"":0.09771613776683807,""finite"":true,""foreground_mse"":0.006666489876806736,""foreground_psnr_db"":21.76102776037482,""interior_hole_fraction"":0.013459952548146248,""n_gaussians"":2000,""outside_coverage_max"":0.0,""outside_max_abs"":0.0,""p99_mse"":0.06084436923265457}",21.7610280752301,0.006666489393498854,"{""boundary_hole_fraction"":0.0,""boundary_mse"":0.006666489876806736,""boundary_psnr_db"":21.76102776037482,""cvar99_mse"":0.09771613776683807,""finite"":true,""foreground_mse"":0.006666489876806736,""foreground_psnr_db"":21.76102776037482,""interior_hole_fraction"":0.013459952548146248,""n_gaussians"":2000,""outside_coverage_max"":0.0,""outside_max_abs"":0.0,""p99_mse"":0.06084436923265457}",candidate_rejected,1,0.0,0,3.5762786865234375e-07,false,0.5584843158721924,ok,77fd5212f1e1c34f8ab55ca7099bcb120566508fefe6d685780ce79ec5dc35c6,0.16474339800333837,0.16474339800333837,2087858176
false,"{""config.json"":""cells/coco000000000030_s0_noop/config.json"",""curves.png"":""cells/coco000000000030_s0_noop/curves.png"",""decision"":""decision.json"",""error.png"":""cells/coco000000000030_s0_noop/error.png"",""field.npz"":""cells/coco000000000030_s0_noop/field.npz"",""history.json"":""cells/coco000000000030_s0_noop/history.json"",""input_field.npz"":""cells/coco000000000030_s0_noop/input_field.npz"",""occupancy"":""occupancy.json"",""optimizer_curves.png"":""cells/coco000000000030_s0_noop/optimizer_curves.png"",""parent_config.json"":""parents/coco000000000030_s0/config.json"",""parent_field.npz"":""parents/coco000000000030_s0/field.npz"",""parent_history.json"":""parents/coco000000000030_s0/history.json"",""parent_optimizer_state.pt"":""parents/coco000000000030_s0/optimizer_state.pt"",""parent_target.npy"":""parents/coco000000000030_s0/target.npy"",""reconstruction.npy"":""cells/coco000000000030_s0_noop/reconstruction.npy"",""reconstruction.png"":""cells/coco000000000030_s0_noop/reconstruction.png"",""request.json"":""cells/coco000000000030_s0_noop/request.json"",""target.png"":""cells/coco000000000030_s0_noop/target.png"",""tensor_inventory.json"":""cells/coco000000000030_s0_noop/tensor_inventory.json"",""transaction_arrays.npz"":""cells/coco000000000030_s0_noop/transaction_arrays.npz""}",coco000000000030_s0_noop,1.4757465759976185,false,"{""boundary_hole_fraction"":0.0,""boundary_mse"":0.0005185976042412221,""boundary_psnr_db"":32.85169493866746,""cvar99_mse"":0.01975019834935665,""finite"":true,""foreground_mse"":0.0005185976042412221,""foreground_psnr_db"":32.85169493866746,""interior_hole_fraction"":0.0014848319115117192,""n_gaussians"":2000,""outside_coverage_max"":0.0,""outside_max_abs"":0.0,""p99_mse"":0.008869613520801067}",true,4.172325134277344e-07,"{""basis_apply_calls"":0,""basis_denominator_passes"":0,""basis_transpose_calls"":0,""gaussian_renders"":1,""gradient_evaluations"":0,""quality_evaluations"":1,""raw_coverage_passes"":1}",30,0,0.11088285595178604,0.011743411421775818,noop,0.984688401222229,2000,[],00da077aa51ae4b02556ed37d1c310f29f97cd8c867ea7871419124052adcf8c,coco000000000030_s0,a156fc7cb2ea990b745660004b1c032dbfc0c68d93de2062d823643ddedbd9fd,"{""boundary_hole_fraction"":0.0,""boundary_mse"":0.0005185976042412221,""boundary_psnr_db"":32.85169493866746,""cvar99_mse"":0.01975019834935665,""finite"":true,""foreground_mse"":0.0005185976042412221,""foreground_psnr_db"":32.85169493866746,""interior_hole_fraction"":0.0014848319115117192,""n_gaussians"":2000,""outside_coverage_max"":0.0,""outside_max_abs"":0.0,""p99_mse"":0.008869613520801067}",249338880,392167424,"{""boundary_hole_fraction"":0.0,""boundary_mse"":0.0005185976042412221,""boundary_psnr_db"":32.85169493866746,""cvar99_mse"":0.01975019834935665,""finite"":true,""foreground_mse"":0.0005185976042412221,""foreground_psnr_db"":32.85169493866746,""interior_hole_fraction"":0.0014848319115117192,""n_gaussians"":2000,""outside_coverage_max"":0.0,""outside_max_abs"":0.0,""p99_mse"":0.008869613520801067}",32.85169528747241,0.0005185975625898965,"{""boundary_hole_fraction"":0.0,""boundary_mse"":0.0005185976042412221,""boundary_psnr_db"":32.85169493866746,""cvar99_mse"":0.0197502002120018,""finite"":true,""foreground_mse"":0.0005185976042412221,""foreground_psnr_db"":32.85169493866746,""interior_hole_fraction"":0.0014848319115117192,""n_gaussians"":2000,""outside_coverage_max"":0.0,""outside_max_abs"":0.0,""p99_mse"":0.008869614452123642}",noop,0,0.0,0,4.172325134277344e-07,false,0.9288330674171448,ok,f24fa88987cdf1ab933ceb910f3d418bf93ef98360799b4854fa32ffa53c562f,0.029445382999256253,0.029445382999256253,2085187584
true,"{""candidate_field.npz"":""cells/coco000000000030_s0_legacy_cg32/candidate_field.npz"",""config.json"":""cells/coco000000000030_s0_legacy_cg32/config.json"",""curves.png"":""cells/coco000000000030_s0_legacy_cg32/curves.png"",""decision"":""decision.json"",""error.png"":""cells/coco000000000030_s0_legacy_cg32/error.png"",""field.npz"":""cells/coco000000000030_s0_legacy_cg32/field.npz"",""history.json"":""cells/coco000000000030_s0_legacy_cg32/history.json"",""input_field.npz"":""cells/coco000000000030_s0_legacy_cg32/input_field.npz"",""occupancy"":""occupancy.json"",""optimizer_curves.png"":""cells/coco000000000030_s0_legacy_cg32/optimizer_curves.png"",""parent_config.json"":""parents/coco000000000030_s0/config.json"",""parent_field.npz"":""parents/coco000000000030_s0/field.npz"",""parent_history.json"":""parents/coco000000000030_s0/history.json"",""parent_optimizer_state.pt"":""parents/coco000000000030_s0/optimizer_state.pt"",""parent_target.npy"":""parents/coco000000000030_s0/target.npy"",""reconstruction.npy"":""cells/coco000000000030_s0_legacy_cg32/reconstruction.npy"",""reconstruction.png"":""cells/coco000000000030_s0_legacy_cg32/reconstruction.png"",""request.json"":""cells/coco000000000030_s0_legacy_cg32/request.json"",""target.png"":""cells/coco000000000030_s0_legacy_cg32/target.png"",""tensor_inventory.json"":""cells/coco000000000030_s0_legacy_cg32/tensor_inventory.json"",""transaction_arrays.npz"":""cells/coco000000000030_s0_legacy_cg32/transaction_arrays.npz""}",coco000000000030_s0_legacy_cg32,4.01671084100235,true,"{""boundary_hole_fraction"":0.0,""boundary_mse"":0.0005179643630981445,""boundary_psnr_db"":32.85700119486882,""cvar99_mse"":0.019713178277015686,""finite"":true,""foreground_mse"":0.0005179643630981445,""foreground_psnr_db"":32.85700119486882,""interior_hole_fraction"":0.0014848319115117192,""n_gaussians"":2000,""outside_coverage_max"":0.0,""outside_max_abs"":0.0,""p99_mse"":0.00886288657784462}",true,4.76837158203125e-07,"{""basis_apply_calls"":33,""basis_denominator_passes"":1,""basis_transpose_calls"":34,""gaussian_renders"":2,""gradient_evaluations"":0,""quality_evaluations"":2,""raw_coverage_passes"":2}",30,0,0.11085288971662521,0.011735137552022934,legacy_cg32,0.9847073554992676,2000,[],00da077aa51ae4b02556ed37d1c310f29f97cd8c867ea7871419124052adcf8c,coco000000000030_s0,a156fc7cb2ea990b745660004b1c032dbfc0c68d93de2062d823643ddedbd9fd,"{""boundary_hole_fraction"":0.0,""boundary_mse"":0.0005185976042412221,""boundary_psnr_db"":32.85169493866746,""cvar99_mse"":0.0197502002120018,""finite"":true,""foreground_mse"":0.0005185976042412221,""foreground_psnr_db"":32.85169493866746,""interior_hole_fraction"":0.0014848319115117192,""n_gaussians"":2000,""outside_coverage_max"":0.0,""outside_max_abs"":0.0,""p99_mse"":0.008869613520801067}",274600960,392167424,"{""boundary_hole_fraction"":0.0,""boundary_mse"":0.0005179643630981445,""boundary_psnr_db"":32.85700119486882,""cvar99_mse"":0.019713178277015686,""finite"":true,""foreground_mse"":0.0005179643630981445,""foreground_psnr_db"":32.85700119486882,""interior_hole_fraction"":0.0014848319115117192,""n_gaussians"":2000,""outside_coverage_max"":0.0,""outside_max_abs"":0.0,""p99_mse"":0.00886288657784462}",32.85700140874726,0.000517964337589783,"{""boundary_hole_fraction"":0.0,""boundary_mse"":0.0005179643630981445,""boundary_psnr_db"":32.85700119486882,""cvar99_mse"":0.019713180139660835,""finite"":true,""foreground_mse"":0.0005179643630981445,""foreground_psnr_db"":32.85700119486882,""interior_hole_fraction"":0.0014848319115117192,""n_gaussians"":2000,""outside_coverage_max"":0.0,""outside_max_abs"":0.0,""p99_mse"":0.00886288657784462}",,0,1.0,0,4.172325134277344e-07,false,0.9288643002510071,ok,f24fa88987cdf1ab933ceb910f3d418bf93ef98360799b4854fa32ffa53c562f,2.482429283001693,2.482429283001693,2085187584
true,"{""config.json"":""cells/coco000000000030_s0_actual_cg_ray/config.json"",""curves.png"":""cells/coco000000000030_s0_actual_cg_ray/curves.png"",""decision"":""decision.json"",""error.png"":""cells/coco000000000030_s0_actual_cg_ray/error.png"",""field.npz"":""cells/coco000000000030_s0_actual_cg_ray/field.npz"",""history.json"":""cells/coco000000000030_s0_actual_cg_ray/history.json"",""input_field.npz"":""cells/coco000000000030_s0_actual_cg_ray/input_field.npz"",""occupancy"":""occupancy.json"",""optimizer_curves.png"":""cells/coco000000000030_s0_actual_cg_ray/optimizer_curves.png"",""parent_config.json"":""parents/coco000000000030_s0/config.json"",""parent_field.npz"":""parents/coco000000000030_s0/field.npz"",""parent_history.json"":""parents/coco000000000030_s0/history.json"",""parent_optimizer_state.pt"":""parents/coco000000000030_s0/optimizer_state.pt"",""parent_target.npy"":""parents/coco000000000030_s0/target.npy"",""reconstruction.npy"":""cells/coco000000000030_s0_actual_cg_ray/reconstruction.npy"",""reconstruction.png"":""cells/coco000000000030_s0_actual_cg_ray/reconstruction.png"",""request.json"":""cells/coco000000000030_s0_actual_cg_ray/request.json"",""target.png"":""cells/coco000000000030_s0_actual_cg_ray/target.png"",""tensor_inventory.json"":""cells/coco000000000030_s0_actual_cg_ray/tensor_inventory.json"",""transaction_arrays.npz"":""cells/coco000000000030_s0_actual_cg_ray/transaction_arrays.npz"",""trial_00.png"":""cells/coco000000000030_s0_actual_cg_ray/trial_00.png""}",coco000000000030_s0_actual_cg_ray,4.369974868997815,true,"{""boundary_hole_fraction"":0.0,""boundary_mse"":0.0005179645377211273,""boundary_psnr_db"":32.85699973071819,""cvar99_mse"":0.0197131484746933,""finite"":true,""foreground_mse"":0.0005179645377211273,""foreground_psnr_db"":32.85699973071819,""interior_hole_fraction"":0.0014848319115117192,""n_gaussians"":2000,""outside_coverage_max"":0.0,""outside_max_abs"":0.0,""p99_mse"":0.008863084949553013}",true,4.172325134277344e-07,"{""actual_direction_render_calls"":1,""basis_apply_calls"":33,""basis_denominator_passes"":1,""basis_diagonal_passes"":0,""basis_transpose_calls"":34,""gaussian_renders"":4,""legacy_cg_iterations"":32,""native_color_vjp_calls"":0,""native_gradient_forward_calls"":0,""quality_evaluations"":3,""raw_coverage_passes"":3}",30,0,0.11085408926010132,0.01173508819192648,actual_cg_ray,0.9847075343132019,2000,[],00da077aa51ae4b02556ed37d1c310f29f97cd8c867ea7871419124052adcf8c,coco000000000030_s0,a156fc7cb2ea990b745660004b1c032dbfc0c68d93de2062d823643ddedbd9fd,"{""boundary_hole_fraction"":0.0,""boundary_mse"":0.0005185976042412221,""boundary_psnr_db"":32.85169493866746,""cvar99_mse"":0.01975019834935665,""finite"":true,""foreground_mse"":0.0005185976042412221,""foreground_psnr_db"":32.85169493866746,""interior_hole_fraction"":0.0014848319115117192,""n_gaussians"":2000,""outside_coverage_max"":0.0,""outside_max_abs"":0.0,""p99_mse"":0.008869617246091366}",279568896,392167424,"{""boundary_hole_fraction"":0.0,""boundary_mse"":0.0005179645377211273,""boundary_psnr_db"":32.85699973071819,""cvar99_mse"":0.0197131484746933,""finite"":true,""foreground_mse"":0.0005179645377211273,""foreground_psnr_db"":32.85699973071819,""interior_hole_fraction"":0.0014848319115117192,""n_gaussians"":2000,""outside_coverage_max"":0.0,""outside_max_abs"":0.0,""p99_mse"":0.008863084949553013}",32.85700035527684,0.0005179644632326812,"{""boundary_hole_fraction"":0.0,""boundary_mse"":0.0005179644795134664,""boundary_psnr_db"":32.85700021876834,""cvar99_mse"":0.0197131484746933,""finite"":true,""foreground_mse"":0.0005179644795134664,""foreground_psnr_db"":32.85700021876834,""interior_hole_fraction"":0.0014848319115117192,""n_gaussians"":2000,""outside_coverage_max"":0.0,""outside_max_abs"":0.0,""p99_mse"":0.008863084949553013}",,0,1.0,0,4.172325134277344e-07,false,0.9288643598556519,ok,f24fa88987cdf1ab933ceb910f3d418bf93ef98360799b4854fa32ffa53c562f,2.5203473500005202,2.5203473500005202,2085187584
true,"{""config.json"":""cells/coco000000000030_s0_actual_gradient_ray/config.json"",""curves.png"":""cells/coco000000000030_s0_actual_gradient_ray/curves.png"",""decision"":""decision.json"",""error.png"":""cells/coco000000000030_s0_actual_gradient_ray/error.png"",""field.npz"":""cells/coco000000000030_s0_actual_gradient_ray/field.npz"",""history.json"":""cells/coco000000000030_s0_actual_gradient_ray/history.json"",""input_field.npz"":""cells/coco000000000030_s0_actual_gradient_ray/input_field.npz"",""occupancy"":""occupancy.json"",""optimizer_curves.png"":""cells/coco000000000030_s0_actual_gradient_ray/optimizer_curves.png"",""parent_config.json"":""parents/coco000000000030_s0/config.json"",""parent_field.npz"":""parents/coco000000000030_s0/field.npz"",""parent_history.json"":""parents/coco000000000030_s0/history.json"",""parent_optimizer_state.pt"":""parents/coco000000000030_s0/optimizer_state.pt"",""parent_target.npy"":""parents/coco000000000030_s0/target.npy"",""reconstruction.npy"":""cells/coco000000000030_s0_actual_gradient_ray/reconstruction.npy"",""reconstruction.png"":""cells/coco000000000030_s0_actual_gradient_ray/reconstruction.png"",""request.json"":""cells/coco000000000030_s0_actual_gradient_ray/request.json"",""target.png"":""cells/coco000000000030_s0_actual_gradient_ray/target.png"",""tensor_inventory.json"":""cells/coco000000000030_s0_actual_gradient_ray/tensor_inventory.json"",""transaction_arrays.npz"":""cells/coco000000000030_s0_actual_gradient_ray/transaction_arrays.npz"",""trial_00.png"":""cells/coco000000000030_s0_actual_gradient_ray/trial_00.png""}",coco000000000030_s0_actual_gradient_ray,2.1136729780046153,true,"{""boundary_hole_fraction"":0.0,""boundary_mse"":0.0005183989997021854,""boundary_psnr_db"":32.85335845147186,""cvar99_mse"":0.019742803648114204,""finite"":true,""foreground_mse"":0.0005183989997021854,""foreground_psnr_db"":32.85335845147186,""interior_hole_fraction"":0.0014848319115117192,""n_gaussians"":2000,""outside_coverage_max"":0.0,""outside_max_abs"":0.0,""p99_mse"":0.008873401209712029}",true,4.76837158203125e-07,"{""actual_direction_render_calls"":1,""basis_apply_calls"":0,""basis_denominator_passes"":1,""basis_diagonal_passes"":0,""basis_transpose_calls"":1,""gaussian_renders"":4,""legacy_cg_iterations"":0,""native_color_vjp_calls"":0,""native_gradient_forward_calls"":0,""quality_evaluations"":3,""raw_coverage_passes"":3}",30,0,0.11087825149297714,0.01174111943691969,actual_gradient_ray,0.9846909642219543,2000,[],00da077aa51ae4b02556ed37d1c310f29f97cd8c867ea7871419124052adcf8c,coco000000000030_s0,a156fc7cb2ea990b745660004b1c032dbfc0c68d93de2062d823643ddedbd9fd,"{""boundary_hole_fraction"":0.0,""boundary_mse"":0.0005185976042412221,""boundary_psnr_db"":32.85169493866746,""cvar99_mse"":0.0197502002120018,""finite"":true,""foreground_mse"":0.0005185976042412221,""foreground_psnr_db"":32.85169493866746,""interior_hole_fraction"":0.0014848319115117192,""n_gaussians"":2000,""outside_coverage_max"":0.0,""outside_max_abs"":0.0,""p99_mse"":0.008869617246091366}",282204672,392167424,"{""boundary_hole_fraction"":0.0,""boundary_mse"":0.0005183989997021854,""boundary_psnr_db"":32.85335845147186,""cvar99_mse"":0.019742803648114204,""finite"":true,""foreground_mse"":0.0005183989997021854,""foreground_psnr_db"":32.85335845147186,""interior_hole_fraction"":0.0014848319115117192,""n_gaussians"":2000,""outside_coverage_max"":0.0,""outside_max_abs"":0.0,""p99_mse"":0.008873413316905499}",32.85335857803816,0.0005183989845945,"{""boundary_hole_fraction"":0.0,""boundary_mse"":0.0005183989997021854,""boundary_psnr_db"":32.85335845147186,""cvar99_mse"":0.019742803648114204,""finite"":true,""foreground_mse"":0.0005183989997021854,""foreground_psnr_db"":32.85335845147186,""interior_hole_fraction"":0.0014848319115117192,""n_gaussians"":2000,""outside_coverage_max"":0.0,""outside_max_abs"":0.0,""p99_mse"":0.008873410522937775}",,0,1.0,0,4.172325134277344e-07,false,0.9288351535797119,ok,f24fa88987cdf1ab933ceb910f3d418bf93ef98360799b4854fa32ffa53c562f,0.15606348700384842,0.15606348700384842,2085187584
true,"{""config.json"":""cells/coco000000000030_s0_actual_jacobi_ray/config.json"",""curves.png"":""cells/coco000000000030_s0_actual_jacobi_ray/curves.png"",""decision"":""decision.json"",""error.png"":""cells/coco000000000030_s0_actual_jacobi_ray/error.png"",""field.npz"":""cells/coco000000000030_s0_actual_jacobi_ray/field.npz"",""history.json"":""cells/coco000000000030_s0_actual_jacobi_ray/history.json"",""input_field.npz"":""cells/coco000000000030_s0_actual_jacobi_ray/input_field.npz"",""occupancy"":""occupancy.json"",""optimizer_curves.png"":""cells/coco000000000030_s0_actual_jacobi_ray/optimizer_curves.png"",""parent_config.json"":""parents/coco000000000030_s0/config.json"",""parent_field.npz"":""parents/coco000000000030_s0/field.npz"",""parent_history.json"":""parents/coco000000000030_s0/history.json"",""parent_optimizer_state.pt"":""parents/coco000000000030_s0/optimizer_state.pt"",""parent_target.npy"":""parents/coco000000000030_s0/target.npy"",""reconstruction.npy"":""cells/coco000000000030_s0_actual_jacobi_ray/reconstruction.npy"",""reconstruction.png"":""cells/coco000000000030_s0_actual_jacobi_ray/reconstruction.png"",""request.json"":""cells/coco000000000030_s0_actual_jacobi_ray/request.json"",""target.png"":""cells/coco000000000030_s0_actual_jacobi_ray/target.png"",""tensor_inventory.json"":""cells/coco000000000030_s0_actual_jacobi_ray/tensor_inventory.json"",""transaction_arrays.npz"":""cells/coco000000000030_s0_actual_jacobi_ray/transaction_arrays.npz"",""trial_00.png"":""cells/coco000000000030_s0_actual_jacobi_ray/trial_00.png""}",coco000000000030_s0_actual_jacobi_ray,2.3509626839950215,true,"{""boundary_hole_fraction"":0.0,""boundary_mse"":0.000518341432325542,""boundary_psnr_db"":32.853840755301576,""cvar99_mse"":0.019738880917429924,""finite"":true,""foreground_mse"":0.000518341432325542,""foreground_psnr_db"":32.853840755301576,""interior_hole_fraction"":0.0014848319115117192,""n_gaussians"":2000,""outside_coverage_max"":0.0,""outside_max_abs"":0.0,""p99_mse"":0.00886825192719698}",true,4.172325134277344e-07,"{""actual_direction_render_calls"":1,""basis_apply_calls"":0,""basis_denominator_passes"":1,""basis_diagonal_passes"":1,""basis_transpose_calls"":1,""gaussian_renders"":4,""legacy_cg_iterations"":0,""native_color_vjp_calls"":0,""native_gradient_forward_calls"":0,""quality_evaluations"":3,""raw_coverage_passes"":3}",30,0,0.11088962107896805,0.011741363443434238,actual_jacobi_ray,0.9846919775009155,2000,[],00da077aa51ae4b02556ed37d1c310f29f97cd8c867ea7871419124052adcf8c,coco000000000030_s0,a156fc7cb2ea990b745660004b1c032dbfc0c68d93de2062d823643ddedbd9fd,"{""boundary_hole_fraction"":0.0,""boundary_mse"":0.0005185976042412221,""boundary_psnr_db"":32.85169493866746,""cvar99_mse"":0.01975019834935665,""finite"":true,""foreground_mse"":0.0005185976042412221,""foreground_psnr_db"":32.85169493866746,""interior_hole_fraction"":0.0014848319115117192,""n_gaussians"":2000,""outside_coverage_max"":0.0,""outside_max_abs"":0.0,""p99_mse"":0.008869613520801067}",265922560,387973120,"{""boundary_hole_fraction"":0.0,""boundary_mse"":0.000518341432325542,""boundary_psnr_db"":32.853840755301576,""cvar99_mse"":0.019738880917429924,""finite"":true,""foreground_mse"":0.000518341432325542,""foreground_psnr_db"":32.853840755301576,""interior_hole_fraction"":0.0014848319115117192,""n_gaussians"":2000,""outside_coverage_max"":0.0,""outside_max_abs"":0.0,""p99_mse"":0.008868255652487278}",32.85384094063081,0.0005183414102060307,"{""boundary_hole_fraction"":0.0,""boundary_mse"":0.000518341432325542,""boundary_psnr_db"":32.853840755301576,""cvar99_mse"":0.019738880917429924,""finite"":true,""foreground_mse"":0.000518341432325542,""foreground_psnr_db"":32.853840755301576,""interior_hole_fraction"":0.0014848319115117192,""n_gaussians"":2000,""outside_coverage_max"":0.0,""outside_max_abs"":0.0,""p99_mse"":0.008868253789842129}",,0,1.0,0,4.172325134277344e-07,false,0.9288372993469238,ok,f24fa88987cdf1ab933ceb910f3d418bf93ef98360799b4854fa32ffa53c562f,0.20367511400399962,0.20367511400399962,2085187584
true,"{""config.json"":""cells/coco000000000030_s0_native_gradient_ray/config.json"",""curves.png"":""cells/coco000000000030_s0_native_gradient_ray/curves.png"",""decision"":""decision.json"",""error.png"":""cells/coco000000000030_s0_native_gradient_ray/error.png"",""field.npz"":""cells/coco000000000030_s0_native_gradient_ray/field.npz"",""history.json"":""cells/coco000000000030_s0_native_gradient_ray/history.json"",""input_field.npz"":""cells/coco000000000030_s0_native_gradient_ray/input_field.npz"",""occupancy"":""occupancy.json"",""optimizer_curves.png"":""cells/coco000000000030_s0_native_gradient_ray/optimizer_curves.png"",""parent_config.json"":""parents/coco000000000030_s0/config.json"",""parent_field.npz"":""parents/coco000000000030_s0/field.npz"",""parent_history.json"":""parents/coco000000000030_s0/history.json"",""parent_optimizer_state.pt"":""parents/coco000000000030_s0/optimizer_state.pt"",""parent_target.npy"":""parents/coco000000000030_s0/target.npy"",""reconstruction.npy"":""cells/coco000000000030_s0_native_gradient_ray/reconstruction.npy"",""reconstruction.png"":""cells/coco000000000030_s0_native_gradient_ray/reconstruction.png"",""request.json"":""cells/coco000000000030_s0_native_gradient_ray/request.json"",""target.png"":""cells/coco000000000030_s0_native_gradient_ray/target.png"",""tensor_inventory.json"":""cells/coco000000000030_s0_native_gradient_ray/tensor_inventory.json"",""transaction_arrays.npz"":""cells/coco000000000030_s0_native_gradient_ray/transaction_arrays.npz"",""trial_00.png"":""cells/coco000000000030_s0_native_gradient_ray/trial_00.png""}",coco000000000030_s0_native_gradient_ray,2.037283010002284,true,"{""boundary_hole_fraction"":0.0,""boundary_mse"":0.0005183989997021854,""boundary_psnr_db"":32.85335845147186,""cvar99_mse"":0.019742803648114204,""finite"":true,""foreground_mse"":0.0005183989997021854,""foreground_psnr_db"":32.85335845147186,""interior_hole_fraction"":0.0014848319115117192,""n_gaussians"":2000,""outside_coverage_max"":0.0,""outside_max_abs"":0.0,""p99_mse"":0.008873414248228073}",true,4.172325134277344e-07,"{""actual_direction_render_calls"":1,""basis_apply_calls"":0,""basis_denominator_passes"":0,""basis_diagonal_passes"":0,""basis_transpose_calls"":0,""gaussian_renders"":5,""legacy_cg_iterations"":0,""native_color_vjp_calls"":1,""native_gradient_forward_calls"":1,""quality_evaluations"":3,""raw_coverage_passes"":3}",30,0,0.11087825149297714,0.01174111943691969,native_gradient_ray,0.9846910238265991,2000,[],00da077aa51ae4b02556ed37d1c310f29f97cd8c867ea7871419124052adcf8c,coco000000000030_s0,a156fc7cb2ea990b745660004b1c032dbfc0c68d93de2062d823643ddedbd9fd,"{""boundary_hole_fraction"":0.0,""boundary_mse"":0.0005185976042412221,""boundary_psnr_db"":32.85169493866746,""cvar99_mse"":0.0197502002120018,""finite"":true,""foreground_mse"":0.0005185976042412221,""foreground_psnr_db"":32.85169493866746,""interior_hole_fraction"":0.0014848319115117192,""n_gaussians"":2000,""outside_coverage_max"":0.0,""outside_max_abs"":0.0,""p99_mse"":0.008869617246091366}",266188288,392167424,"{""boundary_hole_fraction"":0.0,""boundary_mse"":0.0005183989997021854,""boundary_psnr_db"":32.85335845147186,""cvar99_mse"":0.019742803648114204,""finite"":true,""foreground_mse"":0.0005183989997021854,""foreground_psnr_db"":32.85335845147186,""interior_hole_fraction"":0.0014848319115117192,""n_gaussians"":2000,""outside_coverage_max"":0.0,""outside_max_abs"":0.0,""p99_mse"":0.00887341145426035}",32.85335858499484,0.0005183989837641115,"{""boundary_hole_fraction"":0.0,""boundary_mse"":0.0005183989997021854,""boundary_psnr_db"":32.85335845147186,""cvar99_mse"":0.019742803648114204,""finite"":true,""foreground_mse"":0.0005183989997021854,""foreground_psnr_db"":32.85335845147186,""interior_hole_fraction"":0.0014848319115117192,""n_gaussians"":2000,""outside_coverage_max"":0.0,""outside_max_abs"":0.0,""p99_mse"":0.008873402141034603}",,0,1.0,0,4.76837158203125e-07,false,0.9288350343704224,ok,f24fa88987cdf1ab933ceb910f3d418bf93ef98360799b4854fa32ffa53c562f,0.09453647400368936,0.09453647400368936,2085187584
false,"{""candidate_field.npz"":""cells/coco000000000030_s0_adam32/candidate_field.npz"",""config.json"":""cells/coco000000000030_s0_adam32/config.json"",""curves.png"":""cells/coco000000000030_s0_adam32/curves.png"",""decision"":""decision.json"",""error.png"":""cells/coco000000000030_s0_adam32/error.png"",""field.npz"":""cells/coco000000000030_s0_adam32/field.npz"",""history.json"":""cells/coco000000000030_s0_adam32/history.json"",""input_field.npz"":""cells/coco000000000030_s0_adam32/input_field.npz"",""occupancy"":""occupancy.json"",""optimizer_curves.png"":""cells/coco000000000030_s0_adam32/optimizer_curves.png"",""parent_config.json"":""parents/coco000000000030_s0/config.json"",""parent_field.npz"":""parents/coco000000000030_s0/field.npz"",""parent_history.json"":""parents/coco000000000030_s0/history.json"",""parent_optimizer_state.pt"":""parents/coco000000000030_s0/optimizer_state.pt"",""parent_target.npy"":""parents/coco000000000030_s0/target.npy"",""reconstruction.npy"":""cells/coco000000000030_s0_adam32/reconstruction.npy"",""reconstruction.png"":""cells/coco000000000030_s0_adam32/reconstruction.png"",""request.json"":""cells/coco000000000030_s0_adam32/request.json"",""target.png"":""cells/coco000000000030_s0_adam32/target.png"",""tensor_inventory.json"":""cells/coco000000000030_s0_adam32/tensor_inventory.json"",""transaction_arrays.npz"":""cells/coco000000000030_s0_adam32/transaction_arrays.npz""}",coco000000000030_s0_adam32,1.7715009879975696,false,"{""boundary_hole_fraction"":0.0,""boundary_mse"":0.0005185976042412221,""boundary_psnr_db"":32.85169493866746,""cvar99_mse"":0.0197502002120018,""finite"":true,""foreground_mse"":0.0005185976042412221,""foreground_psnr_db"":32.85169493866746,""interior_hole_fraction"":0.0014848319115117192,""n_gaussians"":2000,""outside_coverage_max"":0.0,""outside_max_abs"":0.0,""p99_mse"":0.008869613520801067}",true,4.76837158203125e-07,"{""basis_apply_calls"":0,""basis_denominator_passes"":0,""basis_transpose_calls"":0,""gaussian_renders"":35,""gradient_evaluations"":32,""quality_evaluations"":2,""raw_coverage_passes"":2}",30,32,0.11088285595178604,0.011743410490453243,adam32,0.9846882820129395,2000,[],00da077aa51ae4b02556ed37d1c310f29f97cd8c867ea7871419124052adcf8c,coco000000000030_s0,a156fc7cb2ea990b745660004b1c032dbfc0c68d93de2062d823643ddedbd9fd,"{""boundary_hole_fraction"":0.0,""boundary_mse"":0.0005185976042412221,""boundary_psnr_db"":32.85169493866746,""cvar99_mse"":0.01975019834935665,""finite"":true,""foreground_mse"":0.0005185976042412221,""foreground_psnr_db"":32.85169493866746,""interior_hole_fraction"":0.0014848319115117192,""n_gaussians"":2000,""outside_coverage_max"":0.0,""outside_max_abs"":0.0,""p99_mse"":0.008869614452123642}",261416448,392167424,"{""boundary_hole_fraction"":0.0,""boundary_mse"":0.0005185976042412221,""boundary_psnr_db"":32.85169493866746,""cvar99_mse"":0.01975019834935665,""finite"":true,""foreground_mse"":0.0005185976042412221,""foreground_psnr_db"":32.85169493866746,""interior_hole_fraction"":0.0014848319115117192,""n_gaussians"":2000,""outside_coverage_max"":0.0,""outside_max_abs"":0.0,""p99_mse"":0.008869614452123642}",32.85169531749474,0.0005185975590048859,"{""boundary_hole_fraction"":0.0,""boundary_mse"":0.0005185976042412221,""boundary_psnr_db"":32.85169493866746,""cvar99_mse"":0.0197502002120018,""finite"":true,""foreground_mse"":0.0005185976042412221,""foreground_psnr_db"":32.85169493866746,""interior_hole_fraction"":0.0014848319115117192,""n_gaussians"":2000,""outside_coverage_max"":0.0,""outside_max_abs"":0.0,""p99_mse"":0.008869614452123642}",candidate_rejected,0,0.0,0,3.5762786865234375e-07,false,0.9288329482078552,ok,f24fa88987cdf1ab933ceb910f3d418bf93ef98360799b4854fa32ffa53c562f,0.18469976800406585,0.18469976800406585,2085187584
false,"{""config.json"":""cells/coco000000000030_s1_noop/config.json"",""curves.png"":""cells/coco000000000030_s1_noop/curves.png"",""decision"":""decision.json"",""error.png"":""cells/coco000000000030_s1_noop/error.png"",""field.npz"":""cells/coco000000000030_s1_noop/field.npz"",""history.json"":""cells/coco000000000030_s1_noop/history.json"",""input_field.npz"":""cells/coco000000000030_s1_noop/input_field.npz"",""occupancy"":""occupancy.json"",""optimizer_curves.png"":""cells/coco000000000030_s1_noop/optimizer_curves.png"",""parent_config.json"":""parents/coco000000000030_s1/config.json"",""parent_field.npz"":""parents/coco000000000030_s1/field.npz"",""parent_history.json"":""parents/coco000000000030_s1/history.json"",""parent_optimizer_state.pt"":""parents/coco000000000030_s1/optimizer_state.pt"",""parent_target.npy"":""parents/coco000000000030_s1/target.npy"",""reconstruction.npy"":""cells/coco000000000030_s1_noop/reconstruction.npy"",""reconstruction.png"":""cells/coco000000000030_s1_noop/reconstruction.png"",""request.json"":""cells/coco000000000030_s1_noop/request.json"",""target.png"":""cells/coco000000000030_s1_noop/target.png"",""tensor_inventory.json"":""cells/coco000000000030_s1_noop/tensor_inventory.json"",""transaction_arrays.npz"":""cells/coco000000000030_s1_noop/transaction_arrays.npz""}",coco000000000030_s1_noop,1.4124809770000866,false,"{""boundary_hole_fraction"":0.0,""boundary_mse"":0.0004975086194463074,""boundary_psnr_db"":33.031993906056115,""cvar99_mse"":0.017692137509584427,""finite"":true,""foreground_mse"":0.0004975086194463074,""foreground_psnr_db"":33.031993906056115,""interior_hole_fraction"":0.0014105902519077063,""n_gaussians"":2000,""outside_coverage_max"":0.0,""outside_max_abs"":0.0,""p99_mse"":0.00920393131673336}",true,4.76837158203125e-07,"{""basis_apply_calls"":0,""basis_denominator_passes"":0,""basis_transpose_calls"":0,""gaussian_renders"":1,""gradient_evaluations"":0,""quality_evaluations"":1,""raw_coverage_passes"":1}",30,0,0.10604387521743774,0.011686015874147415,noop,0.985050618648529,2000,[],9071df653048b8e8df4b7995cbe57228e9dbeb241b309669b62b657276921a7e,coco000000000030_s1,4face6cf5b7e35ea86f3e1ec4b4234f3de1619e0f2e7e2230313baf30dc22c52,"{""boundary_hole_fraction"":0.0,""boundary_mse"":0.0004975086194463074,""boundary_psnr_db"":33.031993906056115,""cvar99_mse"":0.017692137509584427,""finite"":true,""foreground_mse"":0.0004975086194463074,""foreground_psnr_db"":33.031993906056115,""interior_hole_fraction"":0.0014105902519077063,""n_gaussians"":2000,""outside_coverage_max"":0.0,""outside_max_abs"":0.0,""p99_mse"":0.00920393131673336}",249352704,308281344,"{""boundary_hole_fraction"":0.0,""boundary_mse"":0.0004975086194463074,""boundary_psnr_db"":33.031993906056115,""cvar99_mse"":0.017692137509584427,""finite"":true,""foreground_mse"":0.0004975086194463074,""foreground_psnr_db"":33.031993906056115,""interior_hole_fraction"":0.0014105902519077063,""n_gaussians"":2000,""outside_coverage_max"":0.0,""outside_max_abs"":0.0,""p99_mse"":0.00920393131673336}",33.03199373562913,0.0004975086389696719,"{""boundary_hole_fraction"":0.0,""boundary_mse"":0.0004975086194463074,""boundary_psnr_db"":33.031993906056115,""cvar99_mse"":0.017692137509584427,""finite"":true,""foreground_mse"":0.0004975086194463074,""foreground_psnr_db"":33.031993906056115,""interior_hole_fraction"":0.0014105902519077063,""n_gaussians"":2000,""outside_coverage_max"":0.0,""outside_max_abs"":0.0,""p99_mse"":0.00920393131673336}",noop,1,0.0,0,4.76837158203125e-07,false,0.9292472004890442,ok,f24fa88987cdf1ab933ceb910f3d418bf93ef98360799b4854fa32ffa53c562f,0.027759045995480847,0.027759045995480847,2110423040
true,"{""candidate_field.npz"":""cells/coco000000000030_s1_legacy_cg32/candidate_field.npz"",""config.json"":""cells/coco000000000030_s1_legacy_cg32/config.json"",""curves.png"":""cells/coco000000000030_s1_legacy_cg32/curves.png"",""decision"":""decision.json"",""error.png"":""cells/coco000000000030_s1_legacy_cg32/error.png"",""field.npz"":""cells/coco000000000030_s1_legacy_cg32/field.npz"",""history.json"":""cells/coco000000000030_s1_legacy_cg32/history.json"",""input_field.npz"":""cells/coco000000000030_s1_legacy_cg32/input_field.npz"",""occupancy"":""occupancy.json"",""optimizer_curves.png"":""cells/coco000000000030_s1_legacy_cg32/optimizer_curves.png"",""parent_config.json"":""parents/coco000000000030_s1/config.json"",""parent_field.npz"":""parents/coco000000000030_s1/field.npz"",""parent_history.json"":""parents/coco000000000030_s1/history.json"",""parent_optimizer_state.pt"":""parents/coco000000000030_s1/optimizer_state.pt"",""parent_target.npy"":""parents/coco000000000030_s1/target.npy"",""reconstruction.npy"":""cells/coco000000000030_s1_legacy_cg32/reconstruction.npy"",""reconstruction.png"":""cells/coco000000000030_s1_legacy_cg32/reconstruction.png"",""request.json"":""cells/coco000000000030_s1_legacy_cg32/request.json"",""target.png"":""cells/coco000000000030_s1_legacy_cg32/target.png"",""tensor_inventory.json"":""cells/coco000000000030_s1_legacy_cg32/tensor_inventory.json"",""transaction_arrays.npz"":""cells/coco000000000030_s1_legacy_cg32/transaction_arrays.npz""}",coco000000000030_s1_legacy_cg32,3.9670266859975527,true,"{""boundary_hole_fraction"":0.0,""boundary_mse"":0.0004954320029355586,""boundary_psnr_db"":33.05015943149036,""cvar99_mse"":0.017662758007645607,""finite"":true,""foreground_mse"":0.0004954320029355586,""foreground_psnr_db"":33.05015943149036,""interior_hole_fraction"":0.0014105902519077063,""n_gaussians"":2000,""outside_coverage_max"":0.0,""outside_max_abs"":0.0,""p99_mse"":0.009198746643960476}",true,4.76837158203125e-07,"{""basis_apply_calls"":33,""basis_denominator_passes"":1,""basis_transpose_calls"":34,""gaussian_renders"":2,""gradient_evaluations"":0,""quality_evaluations"":2,""raw_coverage_passes"":2}",30,0,0.10600869357585907,0.011625256389379501,legacy_cg32,0.9850883483886719,2000,[],9071df653048b8e8df4b7995cbe57228e9dbeb241b309669b62b657276921a7e,coco000000000030_s1,4face6cf5b7e35ea86f3e1ec4b4234f3de1619e0f2e7e2230313baf30dc22c52,"{""boundary_hole_fraction"":0.0,""boundary_mse"":0.0004975086194463074,""boundary_psnr_db"":33.031993906056115,""cvar99_mse"":0.017692137509584427,""finite"":true,""foreground_mse"":0.0004975086194463074,""foreground_psnr_db"":33.031993906056115,""interior_hole_fraction"":0.0014105902519077063,""n_gaussians"":2000,""outside_coverage_max"":0.0,""outside_max_abs"":0.0,""p99_mse"":0.00920393131673336}",274606592,408944640,"{""boundary_hole_fraction"":0.0,""boundary_mse"":0.0004954320029355586,""boundary_psnr_db"":33.05015943149036,""cvar99_mse"":0.017662758007645607,""finite"":true,""foreground_mse"":0.0004954320029355586,""foreground_psnr_db"":33.05015943149036,""interior_hole_fraction"":0.0014105902519077063,""n_gaussians"":2000,""outside_coverage_max"":0.0,""outside_max_abs"":0.0,""p99_mse"":0.009198746643960476}",33.050159500305604,0.0004954319950852915,"{""boundary_hole_fraction"":0.0,""boundary_mse"":0.0004954320029355586,""boundary_psnr_db"":33.05015943149036,""cvar99_mse"":0.017662758007645607,""finite"":true,""foreground_mse"":0.0004954320029355586,""foreground_psnr_db"":33.05015943149036,""interior_hole_fraction"":0.0014105902519077063,""n_gaussians"":2000,""outside_coverage_max"":0.0,""outside_max_abs"":0.0,""p99_mse"":0.0091987494379282}",,1,1.0,0,4.76837158203125e-07,false,0.9292955994606018,ok,f24fa88987cdf1ab933ceb910f3d418bf93ef98360799b4854fa32ffa53c562f,2.3200284380000085,2.3200284380000085,2110423040
true,"{""config.json"":""cells/coco000000000030_s1_actual_cg_ray/config.json"",""curves.png"":""cells/coco000000000030_s1_actual_cg_ray/curves.png"",""decision"":""decision.json"",""error.png"":""cells/coco000000000030_s1_actual_cg_ray/error.png"",""field.npz"":""cells/coco000000000030_s1_actual_cg_ray/field.npz"",""history.json"":""cells/coco000000000030_s1_actual_cg_ray/history.json"",""input_field.npz"":""cells/coco000000000030_s1_actual_cg_ray/input_field.npz"",""occupancy"":""occupancy.json"",""optimizer_curves.png"":""cells/coco000000000030_s1_actual_cg_ray/optimizer_curves.png"",""parent_config.json"":""parents/coco000000000030_s1/config.json"",""parent_field.npz"":""parents/coco000000000030_s1/field.npz"",""parent_history.json"":""parents/coco000000000030_s1/history.json"",""parent_optimizer_state.pt"":""parents/coco000000000030_s1/optimizer_state.pt"",""parent_target.npy"":""parents/coco000000000030_s1/target.npy"",""reconstruction.npy"":""cells/coco000000000030_s1_actual_cg_ray/reconstruction.npy"",""reconstruction.png"":""cells/coco000000000030_s1_actual_cg_ray/reconstruction.png"",""request.json"":""cells/coco000000000030_s1_actual_cg_ray/request.json"",""target.png"":""cells/coco000000000030_s1_actual_cg_ray/target.png"",""tensor_inventory.json"":""cells/coco000000000030_s1_actual_cg_ray/tensor_inventory.json"",""transaction_arrays.npz"":""cells/coco000000000030_s1_actual_cg_ray/transaction_arrays.npz"",""trial_00.png"":""cells/coco000000000030_s1_actual_cg_ray/trial_00.png""}",coco000000000030_s1_actual_cg_ray,4.1763244190005935,true,"{""boundary_hole_fraction"":0.0,""boundary_mse"":0.0004954321193508804,""boundary_psnr_db"":33.05015841099661,""cvar99_mse"":0.017662715166807175,""finite"":true,""foreground_mse"":0.0004954321193508804,""foreground_psnr_db"":33.05015841099661,""interior_hole_fraction"":0.0014105902519077063,""n_gaussians"":2000,""outside_coverage_max"":0.0,""outside_max_abs"":0.0,""p99_mse"":0.009199591353535652}",true,4.172325134277344e-07,"{""actual_direction_render_calls"":1,""basis_apply_calls"":33,""basis_denominator_passes"":1,""basis_diagonal_passes"":0,""basis_transpose_calls"":34,""gaussian_renders"":4,""legacy_cg_iterations"":32,""native_color_vjp_calls"":0,""native_gradient_forward_calls"":0,""quality_evaluations"":3,""raw_coverage_passes"":3}",30,0,0.10600996017456055,0.011625299230217934,actual_cg_ray,0.9850881099700928,2000,[],9071df653048b8e8df4b7995cbe57228e9dbeb241b309669b62b657276921a7e,coco000000000030_s1,4face6cf5b7e35ea86f3e1ec4b4234f3de1619e0f2e7e2230313baf30dc22c52,"{""boundary_hole_fraction"":0.0,""boundary_mse"":0.0004975086194463074,""boundary_psnr_db"":33.031993906056115,""cvar99_mse"":0.017692137509584427,""finite"":true,""foreground_mse"":0.0004975086194463074,""foreground_psnr_db"":33.031993906056115,""interior_hole_fraction"":0.0014105902519077063,""n_gaussians"":2000,""outside_coverage_max"":0.0,""outside_max_abs"":0.0,""p99_mse"":0.00920393131673336}",279574528,408944640,"{""boundary_hole_fraction"":0.0,""boundary_mse"":0.0004954321193508804,""boundary_psnr_db"":33.05015841099661,""cvar99_mse"":0.017662713304162025,""finite"":true,""foreground_mse"":0.0004954321193508804,""foreground_psnr_db"":33.05015841099661,""interior_hole_fraction"":0.0014105902519077063,""n_gaussians"":2000,""outside_coverage_max"":0.0,""outside_max_abs"":0.0,""p99_mse"":0.009199597872793674}",33.05015855894667,0.0004954321024731142,"{""boundary_hole_fraction"":0.0,""boundary_mse"":0.0004954321193508804,""boundary_psnr_db"":33.05015841099661,""cvar99_mse"":0.017662713304162025,""finite"":true,""foreground_mse"":0.0004954321193508804,""foreground_psnr_db"":33.05015841099661,""interior_hole_fraction"":0.0014105902519077063,""n_gaussians"":2000,""outside_coverage_max"":0.0,""outside_max_abs"":0.0,""p99_mse"":0.009199594147503376}",,1,1.0,0,4.172325134277344e-07,false,0.9292957186698914,ok,f24fa88987cdf1ab933ceb910f3d418bf93ef98360799b4854fa32ffa53c562f,2.34827359400515,2.34827359400515,2110423040
true,"{""config.json"":""cells/coco000000000030_s1_actual_gradient_ray/config.json"",""curves.png"":""cells/coco000000000030_s1_actual_gradient_ray/curves.png"",""decision"":""decision.json"",""error.png"":""cells/coco000000000030_s1_actual_gradient_ray/error.png"",""field.npz"":""cells/coco000000000030_s1_actual_gradient_ray/field.npz"",""history.json"":""cells/coco000000000030_s1_actual_gradient_ray/history.json"",""input_field.npz"":""cells/coco000000000030_s1_actual_gradient_ray/input_field.npz"",""occupancy"":""occupancy.json"",""optimizer_curves.png"":""cells/coco000000000030_s1_actual_gradient_ray/optimizer_curves.png"",""parent_config.json"":""parents/coco000000000030_s1/config.json"",""parent_field.npz"":""parents/coco000000000030_s1/field.npz"",""parent_history.json"":""parents/coco000000000030_s1/history.json"",""parent_optimizer_state.pt"":""parents/coco000000000030_s1/optimizer_state.pt"",""parent_target.npy"":""parents/coco000000000030_s1/target.npy"",""reconstruction.npy"":""cells/coco000000000030_s1_actual_gradient_ray/reconstruction.npy"",""reconstruction.png"":""cells/coco000000000030_s1_actual_gradient_ray/reconstruction.png"",""request.json"":""cells/coco000000000030_s1_actual_gradient_ray/request.json"",""target.png"":""cells/coco000000000030_s1_actual_gradient_ray/target.png"",""tensor_inventory.json"":""cells/coco000000000030_s1_actual_gradient_ray/tensor_inventory.json"",""transaction_arrays.npz"":""cells/coco000000000030_s1_actual_gradient_ray/transaction_arrays.npz"",""trial_00.png"":""cells/coco000000000030_s1_actual_gradient_ray/trial_00.png""}",coco000000000030_s1_actual_gradient_ray,2.000040880004235,true,"{""boundary_hole_fraction"":0.0,""boundary_mse"":0.0004960779333487153,""boundary_psnr_db"":33.04450090919932,""cvar99_mse"":0.017684176564216614,""finite"":true,""foreground_mse"":0.0004960779333487153,""foreground_psnr_db"":33.04450090919932,""interior_hole_fraction"":0.0014105902519077063,""n_gaussians"":2000,""outside_coverage_max"":0.0,""outside_max_abs"":0.0,""p99_mse"":0.009216914884746075}",true,4.172325134277344e-07,"{""actual_direction_render_calls"":1,""basis_apply_calls"":0,""basis_denominator_passes"":1,""basis_diagonal_passes"":0,""basis_transpose_calls"":1,""gaussian_renders"":4,""legacy_cg_iterations"":0,""native_color_vjp_calls"":0,""native_gradient_forward_calls"":0,""quality_evaluations"":3,""raw_coverage_passes"":3}",30,0,0.10604197531938553,0.011636213399469852,actual_gradient_ray,0.9850643873214722,2000,[],9071df653048b8e8df4b7995cbe57228e9dbeb241b309669b62b657276921a7e,coco000000000030_s1,4face6cf5b7e35ea86f3e1ec4b4234f3de1619e0f2e7e2230313baf30dc22c52,"{""boundary_hole_fraction"":0.0,""boundary_mse"":0.0004975086194463074,""boundary_psnr_db"":33.031993906056115,""cvar99_mse"":0.017692137509584427,""finite"":true,""foreground_mse"":0.0004975086194463074,""foreground_psnr_db"":33.031993906056115,""interior_hole_fraction"":0.0014105902519077063,""n_gaussians"":2000,""outside_coverage_max"":0.0,""outside_max_abs"":0.0,""p99_mse"":0.00920393131673336}",282210304,408944640,"{""boundary_hole_fraction"":0.0,""boundary_mse"":0.0004960779333487153,""boundary_psnr_db"":33.04450090919932,""cvar99_mse"":0.017684176564216614,""finite"":true,""foreground_mse"":0.0004960779333487153,""foreground_psnr_db"":33.04450090919932,""interior_hole_fraction"":0.0014105902519077063,""n_gaussians"":2000,""outside_coverage_max"":0.0,""outside_max_abs"":0.0,""p99_mse"":0.009216914884746075}",33.04450130178967,0.0004960778885046267,"{""boundary_hole_fraction"":0.0,""boundary_mse"":0.0004960779333487153,""boundary_psnr_db"":33.04450090919932,""cvar99_mse"":0.017684176564216614,""finite"":true,""foreground_mse"":0.0004960779333487153,""foreground_psnr_db"":33.04450090919932,""interior_hole_fraction"":0.0014105902519077063,""n_gaussians"":2000,""outside_coverage_max"":0.0,""outside_max_abs"":0.0,""p99_mse"":0.009216908365488052}",,1,1.0,0,4.76837158203125e-07,false,0.9292606115341187,ok,f24fa88987cdf1ab933ceb910f3d418bf93ef98360799b4854fa32ffa53c562f,0.14860733399837045,0.14860733399837045,2110423040
true,"{""config.json"":""cells/coco000000000030_s1_actual_jacobi_ray/config.json"",""curves.png"":""cells/coco000000000030_s1_actual_jacobi_ray/curves.png"",""decision"":""decision.json"",""error.png"":""cells/coco000000000030_s1_actual_jacobi_ray/error.png"",""field.npz"":""cells/coco000000000030_s1_actual_jacobi_ray/field.npz"",""history.json"":""cells/coco000000000030_s1_actual_jacobi_ray/history.json"",""input_field.npz"":""cells/coco000000000030_s1_actual_jacobi_ray/input_field.npz"",""occupancy"":""occupancy.json"",""optimizer_curves.png"":""cells/coco000000000030_s1_actual_jacobi_ray/optimizer_curves.png"",""parent_config.json"":""parents/coco000000000030_s1/config.json"",""parent_field.npz"":""parents/coco000000000030_s1/field.npz"",""parent_history.json"":""parents/coco000000000030_s1/history.json"",""parent_optimizer_state.pt"":""parents/coco000000000030_s1/optimizer_state.pt"",""parent_target.npy"":""parents/coco000000000030_s1/target.npy"",""reconstruction.npy"":""cells/coco000000000030_s1_actual_jacobi_ray/reconstruction.npy"",""reconstruction.png"":""cells/coco000000000030_s1_actual_jacobi_ray/reconstruction.png"",""request.json"":""cells/coco000000000030_s1_actual_jacobi_ray/request.json"",""target.png"":""cells/coco000000000030_s1_actual_jacobi_ray/target.png"",""tensor_inventory.json"":""cells/coco000000000030_s1_actual_jacobi_ray/tensor_inventory.json"",""transaction_arrays.npz"":""cells/coco000000000030_s1_actual_jacobi_ray/transaction_arrays.npz"",""trial_00.png"":""cells/coco000000000030_s1_actual_jacobi_ray/trial_00.png""}",coco000000000030_s1_actual_jacobi_ray,2.118610687997716,true,"{""boundary_hole_fraction"":0.0,""boundary_mse"":0.0004958864883519709,""boundary_psnr_db"":33.046177249698786,""cvar99_mse"":0.017682673409581184,""finite"":true,""foreground_mse"":0.0004958864883519709,""foreground_psnr_db"":33.046177249698786,""interior_hole_fraction"":0.0014105902519077063,""n_gaussians"":2000,""outside_coverage_max"":0.0,""outside_max_abs"":0.0,""p99_mse"":0.009215465746819973}",true,4.172325134277344e-07,"{""actual_direction_render_calls"":1,""basis_apply_calls"":0,""basis_denominator_passes"":1,""basis_diagonal_passes"":1,""basis_transpose_calls"":1,""gaussian_renders"":4,""legacy_cg_iterations"":0,""native_color_vjp_calls"":0,""native_gradient_forward_calls"":0,""quality_evaluations"":3,""raw_coverage_passes"":3}",30,0,0.10599518567323685,0.011631590314209461,actual_jacobi_ray,0.9850704669952393,2000,[],9071df653048b8e8df4b7995cbe57228e9dbeb241b309669b62b657276921a7e,coco000000000030_s1,4face6cf5b7e35ea86f3e1ec4b4234f3de1619e0f2e7e2230313baf30dc22c52,"{""boundary_hole_fraction"":0.0,""boundary_mse"":0.0004975086194463074,""boundary_psnr_db"":33.031993906056115,""cvar99_mse"":0.017692137509584427,""finite"":true,""foreground_mse"":0.0004975086194463074,""foreground_psnr_db"":33.031993906056115,""interior_hole_fraction"":0.0014105902519077063,""n_gaussians"":2000,""outside_coverage_max"":0.0,""outside_max_abs"":0.0,""p99_mse"":0.009203941561281681}",282203136,408944640,"{""boundary_hole_fraction"":0.0,""boundary_mse"":0.0004958864883519709,""boundary_psnr_db"":33.046177249698786,""cvar99_mse"":0.017682673409581184,""finite"":true,""foreground_mse"":0.0004958864883519709,""foreground_psnr_db"":33.046177249698786,""interior_hole_fraction"":0.0014105902519077063,""n_gaussians"":2000,""outside_coverage_max"":0.0,""outside_max_abs"":0.0,""p99_mse"":0.009215454570949078}",33.04617754060359,0.0004958864551358553,"{""boundary_hole_fraction"":0.0,""boundary_mse"":0.0004958864883519709,""boundary_psnr_db"":33.046177249698786,""cvar99_mse"":0.017682673409581184,""finite"":true,""foreground_mse"":0.0004958864883519709,""foreground_psnr_db"":33.046177249698786,""interior_hole_fraction"":0.0014105902519077063,""n_gaussians"":2000,""outside_coverage_max"":0.0,""outside_max_abs"":0.0,""p99_mse"":0.009215462021529675}",,1,1.0,0,4.172325134277344e-07,false,0.9292691349983215,ok,f24fa88987cdf1ab933ceb910f3d418bf93ef98360799b4854fa32ffa53c562f,0.1833847509988118,0.1833847509988118,2110423040
true,"{""config.json"":""cells/coco000000000030_s1_native_gradient_ray/config.json"",""curves.png"":""cells/coco000000000030_s1_native_gradient_ray/curves.png"",""decision"":""decision.json"",""error.png"":""cells/coco000000000030_s1_native_gradient_ray/error.png"",""field.npz"":""cells/coco000000000030_s1_native_gradient_ray/field.npz"",""history.json"":""cells/coco000000000030_s1_native_gradient_ray/history.json"",""input_field.npz"":""cells/coco000000000030_s1_native_gradient_ray/input_field.npz"",""occupancy"":""occupancy.json"",""optimizer_curves.png"":""cells/coco000000000030_s1_native_gradient_ray/optimizer_curves.png"",""parent_config.json"":""parents/coco000000000030_s1/config.json"",""parent_field.npz"":""parents/coco000000000030_s1/field.npz"",""parent_history.json"":""parents/coco000000000030_s1/history.json"",""parent_optimizer_state.pt"":""parents/coco000000000030_s1/optimizer_state.pt"",""parent_target.npy"":""parents/coco000000000030_s1/target.npy"",""reconstruction.npy"":""cells/coco000000000030_s1_native_gradient_ray/reconstruction.npy"",""reconstruction.png"":""cells/coco000000000030_s1_native_gradient_ray/reconstruction.png"",""request.json"":""cells/coco000000000030_s1_native_gradient_ray/request.json"",""target.png"":""cells/coco000000000030_s1_native_gradient_ray/target.png"",""tensor_inventory.json"":""cells/coco000000000030_s1_native_gradient_ray/tensor_inventory.json"",""transaction_arrays.npz"":""cells/coco000000000030_s1_native_gradient_ray/transaction_arrays.npz"",""trial_00.png"":""cells/coco000000000030_s1_native_gradient_ray/trial_00.png""}",coco000000000030_s1_native_gradient_ray,2.2903317459931714,true,"{""boundary_hole_fraction"":0.0,""boundary_mse"":0.0004960779333487153,""boundary_psnr_db"":33.04450090919932,""cvar99_mse"":0.017684176564216614,""finite"":true,""foreground_mse"":0.0004960779333487153,""foreground_psnr_db"":33.04450090919932,""interior_hole_fraction"":0.0014105902519077063,""n_gaussians"":2000,""outside_coverage_max"":0.0,""outside_max_abs"":0.0,""p99_mse"":0.009216911159455776}",true,4.172325134277344e-07,"{""actual_direction_render_calls"":1,""basis_apply_calls"":0,""basis_denominator_passes"":0,""basis_diagonal_passes"":0,""basis_transpose_calls"":0,""gaussian_renders"":5,""legacy_cg_iterations"":0,""native_color_vjp_calls"":1,""native_gradient_forward_calls"":1,""quality_evaluations"":3,""raw_coverage_passes"":3}",30,0,0.10604196786880493,0.011636213399469852,native_gradient_ray,0.9850644469261169,2000,[],9071df653048b8e8df4b7995cbe57228e9dbeb241b309669b62b657276921a7e,coco000000000030_s1,4face6cf5b7e35ea86f3e1ec4b4234f3de1619e0f2e7e2230313baf30dc22c52,"{""boundary_hole_fraction"":0.0,""boundary_mse"":0.0004975086194463074,""boundary_psnr_db"":33.031993906056115,""cvar99_mse"":0.017692137509584427,""finite"":true,""foreground_mse"":0.0004975086194463074,""foreground_psnr_db"":33.031993906056115,""interior_hole_fraction"":0.0014105902519077063,""n_gaussians"":2000,""outside_coverage_max"":0.0,""outside_max_abs"":0.0,""p99_mse"":0.00920393131673336}",250073088,285212672,"{""boundary_hole_fraction"":0.0,""boundary_mse"":0.0004960779333487153,""boundary_psnr_db"":33.04450090919932,""cvar99_mse"":0.017684176564216614,""finite"":true,""foreground_mse"":0.0004960779333487153,""foreground_psnr_db"":33.04450090919932,""interior_hole_fraction"":0.0014105902519077063,""n_gaussians"":2000,""outside_coverage_max"":0.0,""outside_max_abs"":0.0,""p99_mse"":0.00921691209077835}",33.044501313088624,0.0004960778872139913,"{""boundary_hole_fraction"":0.0,""boundary_mse"":0.0004960779333487153,""boundary_psnr_db"":33.04450090919932,""cvar99_mse"":0.017684176564216614,""finite"":true,""foreground_mse"":0.0004960779333487153,""foreground_psnr_db"":33.04450090919932,""interior_hole_fraction"":0.0014105902519077063,""n_gaussians"":2000,""outside_coverage_max"":0.0,""outside_max_abs"":0.0,""p99_mse"":0.009216917678713799}",,1,1.0,0,4.172325134277344e-07,false,0.9292606115341187,ok,f24fa88987cdf1ab933ceb910f3d418bf93ef98360799b4854fa32ffa53c562f,0.09629491299710935,0.09629491299710935,2110423040
false,"{""candidate_field.npz"":""cells/coco000000000030_s1_adam32/candidate_field.npz"",""config.json"":""cells/coco000000000030_s1_adam32/config.json"",""curves.png"":""cells/coco000000000030_s1_adam32/curves.png"",""decision"":""decision.json"",""error.png"":""cells/coco000000000030_s1_adam32/error.png"",""field.npz"":""cells/coco000000000030_s1_adam32/field.npz"",""history.json"":""cells/coco000000000030_s1_adam32/history.json"",""input_field.npz"":""cells/coco000000000030_s1_adam32/input_field.npz"",""occupancy"":""occupancy.json"",""optimizer_curves.png"":""cells/coco000000000030_s1_adam32/optimizer_curves.png"",""parent_config.json"":""parents/coco000000000030_s1/config.json"",""parent_field.npz"":""parents/coco000000000030_s1/field.npz"",""parent_history.json"":""parents/coco000000000030_s1/history.json"",""parent_optimizer_state.pt"":""parents/coco000000000030_s1/optimizer_state.pt"",""parent_target.npy"":""parents/coco000000000030_s1/target.npy"",""reconstruction.npy"":""cells/coco000000000030_s1_adam32/reconstruction.npy"",""reconstruction.png"":""cells/coco000000000030_s1_adam32/reconstruction.png"",""request.json"":""cells/coco000000000030_s1_adam32/request.json"",""target.png"":""cells/coco000000000030_s1_adam32/target.png"",""tensor_inventory.json"":""cells/coco000000000030_s1_adam32/tensor_inventory.json"",""transaction_arrays.npz"":""cells/coco000000000030_s1_adam32/transaction_arrays.npz""}",coco000000000030_s1_adam32,1.7748298160004197,false,"{""boundary_hole_fraction"":0.0,""boundary_mse"":0.0004975086194463074,""boundary_psnr_db"":33.031993906056115,""cvar99_mse"":0.017692137509584427,""finite"":true,""foreground_mse"":0.0004975086194463074,""foreground_psnr_db"":33.031993906056115,""interior_hole_fraction"":0.0014105902519077063,""n_gaussians"":2000,""outside_coverage_max"":0.0,""outside_max_abs"":0.0,""p99_mse"":0.009203941561281681}",true,4.172325134277344e-07,"{""basis_apply_calls"":0,""basis_denominator_passes"":0,""basis_transpose_calls"":0,""gaussian_renders"":35,""gradient_evaluations"":32,""quality_evaluations"":2,""raw_coverage_passes"":2}",30,32,0.10604387521743774,0.01168601680546999,adam32,0.9850507378578186,2000,[],9071df653048b8e8df4b7995cbe57228e9dbeb241b309669b62b657276921a7e,coco000000000030_s1,4face6cf5b7e35ea86f3e1ec4b4234f3de1619e0f2e7e2230313baf30dc22c52,"{""boundary_hole_fraction"":0.0,""boundary_mse"":0.0004975086194463074,""boundary_psnr_db"":33.031993906056115,""cvar99_mse"":0.017692137509584427,""finite"":true,""foreground_mse"":0.0004975086194463074,""foreground_psnr_db"":33.031993906056115,""interior_hole_fraction"":0.0014105902519077063,""n_gaussians"":2000,""outside_coverage_max"":0.0,""outside_max_abs"":0.0,""p99_mse"":0.00920393131673336}",261405696,308281344,"{""boundary_hole_fraction"":0.0,""boundary_mse"":0.0004975086194463074,""boundary_psnr_db"":33.031993906056115,""cvar99_mse"":0.017692137509584427,""finite"":true,""foreground_mse"":0.0004975086194463074,""foreground_psnr_db"":33.031993906056115,""interior_hole_fraction"":0.0014105902519077063,""n_gaussians"":2000,""outside_coverage_max"":0.0,""outside_max_abs"":0.0,""p99_mse"":0.00920393131673336}",33.031993714120546,0.0004975086414336007,"{""boundary_hole_fraction"":0.0,""boundary_mse"":0.0004975086194463074,""boundary_psnr_db"":33.031993906056115,""cvar99_mse"":0.017692137509584427,""finite"":true,""foreground_mse"":0.0004975086194463074,""foreground_psnr_db"":33.031993906056115,""interior_hole_fraction"":0.0014105902519077063,""n_gaussians"":2000,""outside_coverage_max"":0.0,""outside_max_abs"":0.0,""p99_mse"":0.00920393131673336}",candidate_rejected,1,0.0,0,4.76837158203125e-07,false,0.9292473793029785,ok,f24fa88987cdf1ab933ceb910f3d418bf93ef98360799b4854fa32ffa53c562f,0.18256648399983533,0.18256648399983533,2110423040
false,"{""config.json"":""cells/coco000000000034_s0_noop/config.json"",""curves.png"":""cells/coco000000000034_s0_noop/curves.png"",""decision"":""decision.json"",""error.png"":""cells/coco000000000034_s0_noop/error.png"",""field.npz"":""cells/coco000000000034_s0_noop/field.npz"",""history.json"":""cells/coco000000000034_s0_noop/history.json"",""input_field.npz"":""cells/coco000000000034_s0_noop/input_field.npz"",""occupancy"":""occupancy.json"",""optimizer_curves.png"":""cells/coco000000000034_s0_noop/optimizer_curves.png"",""parent_config.json"":""parents/coco000000000034_s0/config.json"",""parent_field.npz"":""parents/coco000000000034_s0/field.npz"",""parent_history.json"":""parents/coco000000000034_s0/history.json"",""parent_optimizer_state.pt"":""parents/coco000000000034_s0/optimizer_state.pt"",""parent_target.npy"":""parents/coco000000000034_s0/target.npy"",""reconstruction.npy"":""cells/coco000000000034_s0_noop/reconstruction.npy"",""reconstruction.png"":""cells/coco000000000034_s0_noop/reconstruction.png"",""request.json"":""cells/coco000000000034_s0_noop/request.json"",""target.png"":""cells/coco000000000034_s0_noop/target.png"",""tensor_inventory.json"":""cells/coco000000000034_s0_noop/tensor_inventory.json"",""transaction_arrays.npz"":""cells/coco000000000034_s0_noop/transaction_arrays.npz""}",coco000000000034_s0_noop,1.3318969829997513,false,"{""boundary_hole_fraction"":0.0,""boundary_mse"":0.01060398854315281,""boundary_psnr_db"":19.745307501626527,""cvar99_mse"":0.13925321400165558,""finite"":true,""foreground_mse"":0.01060398854315281,""foreground_psnr_db"":19.745307501626527,""interior_hole_fraction"":0.012310432270169258,""n_gaussians"":2000,""outside_coverage_max"":0.0,""outside_max_abs"":0.0,""p99_mse"":0.09113837778568268}",true,3.5762786865234375e-07,"{""basis_apply_calls"":0,""basis_denominator_passes"":0,""basis_transpose_calls"":0,""gaussian_renders"":1,""gradient_evaluations"":0,""quality_evaluations"":1,""raw_coverage_passes"":1}",34,0,0.5885660648345947,0.07275094091892242,noop,0.8309580683708191,2000,[],8398e3af4b486a0809d5941356669f1332b4e5944e156c31f7eee1007c2f8c74,coco000000000034_s0,84d55622630608ca5eca73e2c7cc0d0d0b9d81bb806eb382d04c001e02b7b74c,"{""boundary_hole_fraction"":0.0,""boundary_mse"":0.01060398854315281,""boundary_psnr_db"":19.745307501626527,""cvar99_mse"":0.13925321400165558,""finite"":true,""foreground_mse"":0.01060398854315281,""foreground_psnr_db"":19.745307501626527,""interior_hole_fraction"":0.012310432270169258,""n_gaussians"":2000,""outside_coverage_max"":0.0,""outside_max_abs"":0.0,""p99_mse"":0.09113838523626328}",249228800,301989888,"{""boundary_hole_fraction"":0.0,""boundary_mse"":0.01060398854315281,""boundary_psnr_db"":19.745307501626527,""cvar99_mse"":0.13925321400165558,""finite"":true,""foreground_mse"":0.01060398854315281,""foreground_psnr_db"":19.745307501626527,""interior_hole_fraction"":0.012310432270169258,""n_gaussians"":2000,""outside_coverage_max"":0.0,""outside_max_abs"":0.0,""p99_mse"":0.09113838523626328}",19.745307794980004,0.010603987826883795,"{""boundary_hole_fraction"":0.0,""boundary_mse"":0.01060398854315281,""boundary_psnr_db"":19.745307501626527,""cvar99_mse"":0.13925321400165558,""finite"":true,""foreground_mse"":0.01060398854315281,""foreground_psnr_db"":19.745307501626527,""interior_hole_fraction"":0.012310432270169258,""n_gaussians"":2000,""outside_coverage_max"":0.0,""outside_max_abs"":0.0,""p99_mse"":0.09113838523626328}",noop,0,0.0,0,3.5762786865234375e-07,false,0.4733281433582306,ok,1885ed269e0c882fadc488c3e461adacb474b1c811f3bb3b40445d3a013225f5,0.023878241001511924,0.023878241001511924,2083495936
false,"{""candidate_field.npz"":""cells/coco000000000034_s0_legacy_cg32/candidate_field.npz"",""config.json"":""cells/coco000000000034_s0_legacy_cg32/config.json"",""curves.png"":""cells/coco000000000034_s0_legacy_cg32/curves.png"",""decision"":""decision.json"",""error.png"":""cells/coco000000000034_s0_legacy_cg32/error.png"",""field.npz"":""cells/coco000000000034_s0_legacy_cg32/field.npz"",""history.json"":""cells/coco000000000034_s0_legacy_cg32/history.json"",""input_field.npz"":""cells/coco000000000034_s0_legacy_cg32/input_field.npz"",""occupancy"":""occupancy.json"",""optimizer_curves.png"":""cells/coco000000000034_s0_legacy_cg32/optimizer_curves.png"",""parent_config.json"":""parents/coco000000000034_s0/config.json"",""parent_field.npz"":""parents/coco000000000034_s0/field.npz"",""parent_history.json"":""parents/coco000000000034_s0/history.json"",""parent_optimizer_state.pt"":""parents/coco000000000034_s0/optimizer_state.pt"",""parent_target.npy"":""parents/coco000000000034_s0/target.npy"",""reconstruction.npy"":""cells/coco000000000034_s0_legacy_cg32/reconstruction.npy"",""reconstruction.png"":""cells/coco000000000034_s0_legacy_cg32/reconstruction.png"",""request.json"":""cells/coco000000000034_s0_legacy_cg32/request.json"",""target.png"":""cells/coco000000000034_s0_legacy_cg32/target.png"",""tensor_inventory.json"":""cells/coco000000000034_s0_legacy_cg32/tensor_inventory.json"",""transaction_arrays.npz"":""cells/coco000000000034_s0_legacy_cg32/transaction_arrays.npz""}",coco000000000034_s0_legacy_cg32,3.53150397400168,false,"{""boundary_hole_fraction"":0.0,""boundary_mse"":0.01060398854315281,""boundary_psnr_db"":19.745307501626527,""cvar99_mse"":0.13925321400165558,""finite"":true,""foreground_mse"":0.01060398854315281,""foreground_psnr_db"":19.745307501626527,""interior_hole_fraction"":0.012310432270169258,""n_gaussians"":2000,""outside_coverage_max"":0.0,""outside_max_abs"":0.0,""p99_mse"":0.09113840013742447}",true,2.980232238769531e-07,"{""basis_apply_calls"":33,""basis_denominator_passes"":1,""basis_transpose_calls"":34,""gaussian_renders"":2,""gradient_evaluations"":0,""quality_evaluations"":2,""raw_coverage_passes"":2}",34,0,0.5885660648345947,0.07275094091892242,legacy_cg32,0.8309580683708191,2000,[],8398e3af4b486a0809d5941356669f1332b4e5944e156c31f7eee1007c2f8c74,coco000000000034_s0,84d55622630608ca5eca73e2c7cc0d0d0b9d81bb806eb382d04c001e02b7b74c,"{""boundary_hole_fraction"":0.0,""boundary_mse"":0.01060398854315281,""boundary_psnr_db"":19.745307501626527,""cvar99_mse"":0.13925321400165558,""finite"":true,""foreground_mse"":0.01060398854315281,""foreground_psnr_db"":19.745307501626527,""interior_hole_fraction"":0.012310432270169258,""n_gaussians"":2000,""outside_coverage_max"":0.0,""outside_max_abs"":0.0,""p99_mse"":0.09113840013742447}",274509824,377487360,"{""boundary_hole_fraction"":0.0,""boundary_mse"":0.01060398854315281,""boundary_psnr_db"":19.745307501626527,""cvar99_mse"":0.13925321400165558,""finite"":true,""foreground_mse"":0.01060398854315281,""foreground_psnr_db"":19.745307501626527,""interior_hole_fraction"":0.012310432270169258,""n_gaussians"":2000,""outside_coverage_max"":0.0,""outside_max_abs"":0.0,""p99_mse"":0.09113840013742447}",19.74530779804054,0.01060398781941101,"{""boundary_hole_fraction"":0.0,""boundary_mse"":0.01060398854315281,""boundary_psnr_db"":19.745307501626527,""cvar99_mse"":0.13925321400165558,""finite"":true,""foreground_mse"":0.01060398854315281,""foreground_psnr_db"":19.745307501626527,""interior_hole_fraction"":0.012310432270169258,""n_gaussians"":2000,""outside_coverage_max"":0.0,""outside_max_abs"":0.0,""p99_mse"":0.09113840013742447}",candidate_rejected,0,0.0,0,3.5762786865234375e-07,false,0.473328173160553,ok,1885ed269e0c882fadc488c3e461adacb474b1c811f3bb3b40445d3a013225f5,2.0181675769999856,2.0181675769999856,2083495936
true,"{""config.json"":""cells/coco000000000034_s0_actual_cg_ray/config.json"",""curves.png"":""cells/coco000000000034_s0_actual_cg_ray/curves.png"",""decision"":""decision.json"",""error.png"":""cells/coco000000000034_s0_actual_cg_ray/error.png"",""field.npz"":""cells/coco000000000034_s0_actual_cg_ray/field.npz"",""history.json"":""cells/coco000000000034_s0_actual_cg_ray/history.json"",""input_field.npz"":""cells/coco000000000034_s0_actual_cg_ray/input_field.npz"",""occupancy"":""occupancy.json"",""optimizer_curves.png"":""cells/coco000000000034_s0_actual_cg_ray/optimizer_curves.png"",""parent_config.json"":""parents/coco000000000034_s0/config.json"",""parent_field.npz"":""parents/coco000000000034_s0/field.npz"",""parent_history.json"":""parents/coco000000000034_s0/history.json"",""parent_optimizer_state.pt"":""parents/coco000000000034_s0/optimizer_state.pt"",""parent_target.npy"":""parents/coco000000000034_s0/target.npy"",""reconstruction.npy"":""cells/coco000000000034_s0_actual_cg_ray/reconstruction.npy"",""reconstruction.png"":""cells/coco000000000034_s0_actual_cg_ray/reconstruction.png"",""request.json"":""cells/coco000000000034_s0_actual_cg_ray/request.json"",""target.png"":""cells/coco000000000034_s0_actual_cg_ray/target.png"",""tensor_inventory.json"":""cells/coco000000000034_s0_actual_cg_ray/tensor_inventory.json"",""transaction_arrays.npz"":""cells/coco000000000034_s0_actual_cg_ray/transaction_arrays.npz"",""trial_00.png"":""cells/coco000000000034_s0_actual_cg_ray/trial_00.png"",""trial_01.png"":""cells/coco000000000034_s0_actual_cg_ray/trial_01.png""}",coco000000000034_s0_actual_cg_ray,4.225269683993247,true,"{""boundary_hole_fraction"":0.0,""boundary_mse"":0.010599623434245586,""boundary_psnr_db"":19.747095633516615,""cvar99_mse"":0.13925372064113617,""finite"":true,""foreground_mse"":0.010599623434245586,""foreground_psnr_db"":19.747095633516615,""interior_hole_fraction"":0.012310432270169258,""n_gaussians"":2000,""outside_coverage_max"":0.0,""outside_max_abs"":0.0,""p99_mse"":0.09119550883769989}",true,2.980232238769531e-07,"{""actual_direction_render_calls"":1,""basis_apply_calls"":33,""basis_denominator_passes"":1,""basis_diagonal_passes"":0,""basis_transpose_calls"":34,""gaussian_renders"":5,""legacy_cg_iterations"":32,""native_color_vjp_calls"":0,""native_gradient_forward_calls"":0,""quality_evaluations"":4,""raw_coverage_passes"":4}",34,0,0.5885420441627502,0.07272038608789444,actual_cg_ray,0.8310437202453613,2000,[],8398e3af4b486a0809d5941356669f1332b4e5944e156c31f7eee1007c2f8c74,coco000000000034_s0,84d55622630608ca5eca73e2c7cc0d0d0b9d81bb806eb382d04c001e02b7b74c,"{""boundary_hole_fraction"":0.0,""boundary_mse"":0.01060398854315281,""boundary_psnr_db"":19.745307501626527,""cvar99_mse"":0.13925321400165558,""finite"":true,""foreground_mse"":0.01060398854315281,""foreground_psnr_db"":19.745307501626527,""interior_hole_fraction"":0.012310432270169258,""n_gaussians"":2000,""outside_coverage_max"":0.0,""outside_max_abs"":0.0,""p99_mse"":0.09113837778568268}",279514112,379584512,"{""boundary_hole_fraction"":0.0,""boundary_mse"":0.010599623434245586,""boundary_psnr_db"":19.747095633516615,""cvar99_mse"":0.13925372064113617,""finite"":true,""foreground_mse"":0.010599623434245586,""foreground_psnr_db"":19.747095633516615,""interior_hole_fraction"":0.012310432270169258,""n_gaussians"":2000,""outside_coverage_max"":0.0,""outside_max_abs"":0.0,""p99_mse"":0.0911954939365387}",19.74709599038701,0.01059962256324865,"{""boundary_hole_fraction"":0.0,""boundary_mse"":0.010599623434245586,""boundary_psnr_db"":19.747095633516615,""cvar99_mse"":0.13925372064113617,""finite"":true,""foreground_mse"":0.010599623434245586,""foreground_psnr_db"":19.747095633516615,""interior_hole_fraction"":0.012310432270169258,""n_gaussians"":2000,""outside_coverage_max"":0.0,""outside_max_abs"":0.0,""p99_mse"":0.09119550883769989}",,0,0.5,0,3.5762786865234375e-07,false,0.47339412569999695,ok,1885ed269e0c882fadc488c3e461adacb474b1c811f3bb3b40445d3a013225f5,2.08666895100032,2.08666895100032,2083495936
false,"{""config.json"":""cells/coco000000000034_s0_actual_gradient_ray/config.json"",""curves.png"":""cells/coco000000000034_s0_actual_gradient_ray/curves.png"",""decision"":""decision.json"",""error.png"":""cells/coco000000000034_s0_actual_gradient_ray/error.png"",""field.npz"":""cells/coco000000000034_s0_actual_gradient_ray/field.npz"",""history.json"":""cells/coco000000000034_s0_actual_gradient_ray/history.json"",""input_field.npz"":""cells/coco000000000034_s0_actual_gradient_ray/input_field.npz"",""occupancy"":""occupancy.json"",""optimizer_curves.png"":""cells/coco000000000034_s0_actual_gradient_ray/optimizer_curves.png"",""parent_config.json"":""parents/coco000000000034_s0/config.json"",""parent_field.npz"":""parents/coco000000000034_s0/field.npz"",""parent_history.json"":""parents/coco000000000034_s0/history.json"",""parent_optimizer_state.pt"":""parents/coco000000000034_s0/optimizer_state.pt"",""parent_target.npy"":""parents/coco000000000034_s0/target.npy"",""reconstruction.npy"":""cells/coco000000000034_s0_actual_gradient_ray/reconstruction.npy"",""reconstruction.png"":""cells/coco000000000034_s0_actual_gradient_ray/reconstruction.png"",""request.json"":""cells/coco000000000034_s0_actual_gradient_ray/request.json"",""target.png"":""cells/coco000000000034_s0_actual_gradient_ray/target.png"",""tensor_inventory.json"":""cells/coco000000000034_s0_actual_gradient_ray/tensor_inventory.json"",""transaction_arrays.npz"":""cells/coco000000000034_s0_actual_gradient_ray/transaction_arrays.npz"",""trial_00.png"":""cells/coco000000000034_s0_actual_gradient_ray/trial_00.png"",""trial_01.png"":""cells/coco000000000034_s0_actual_gradient_ray/trial_01.png"",""trial_02.png"":""cells/coco000000000034_s0_actual_gradient_ray/trial_02.png"",""trial_03.png"":""cells/coco000000000034_s0_actual_gradient_ray/trial_03.png"",""trial_04.png"":""cells/coco000000000034_s0_actual_gradient_ray/trial_04.png"",""trial_05.png"":""cells/coco000000000034_s0_actual_gradient_ray/trial_05.png""}",coco000000000034_s0_actual_gradient_ray,3.06890377200034,false,"{""boundary_hole_fraction"":0.0,""boundary_mse"":0.01060398854315281,""boundary_psnr_db"":19.745307501626527,""cvar99_mse"":0.13925321400165558,""finite"":true,""foreground_mse"":0.01060398854315281,""foreground_psnr_db"":19.745307501626527,""interior_hole_fraction"":0.012310432270169258,""n_gaussians"":2000,""outside_coverage_max"":0.0,""outside_max_abs"":0.0,""p99_mse"":0.09113840013742447}",true,3.5762786865234375e-07,"{""actual_direction_render_calls"":1,""basis_apply_calls"":0,""basis_denominator_passes"":1,""basis_diagonal_passes"":0,""basis_transpose_calls"":1,""gaussian_renders"":8,""legacy_cg_iterations"":0,""native_color_vjp_calls"":0,""native_gradient_forward_calls"":0,""quality_evaluations"":7,""raw_coverage_passes"":7}",34,0,0.58856600522995,0.07275094091892242,actual_gradient_ray,0.8309581279754639,2000,[],8398e3af4b486a0809d5941356669f1332b4e5944e156c31f7eee1007c2f8c74,coco000000000034_s0,84d55622630608ca5eca73e2c7cc0d0d0b9d81bb806eb382d04c001e02b7b74c,"{""boundary_hole_fraction"":0.0,""boundary_mse"":0.01060398854315281,""boundary_psnr_db"":19.745307501626527,""cvar99_mse"":0.13925321400165558,""finite"":true,""foreground_mse"":0.01060398854315281,""foreground_psnr_db"":19.745307501626527,""interior_hole_fraction"":0.012310432270169258,""n_gaussians"":2000,""outside_coverage_max"":0.0,""outside_max_abs"":0.0,""p99_mse"":0.09113840013742447}",284819968,383778816,"{""boundary_hole_fraction"":0.0,""boundary_mse"":0.01060398854315281,""boundary_psnr_db"":19.745307501626527,""cvar99_mse"":0.13925321400165558,""finite"":true,""foreground_mse"":0.01060398854315281,""foreground_psnr_db"":19.745307501626527,""interior_hole_fraction"":0.012310432270169258,""n_gaussians"":2000,""outside_coverage_max"":0.0,""outside_max_abs"":0.0,""p99_mse"":0.09113840013742447}",19.745307796449403,0.010603987823296017,"{""boundary_hole_fraction"":0.0,""boundary_mse"":0.01060398854315281,""boundary_psnr_db"":19.745307501626527,""cvar99_mse"":0.13925321400165558,""finite"":true,""foreground_mse"":0.01060398854315281,""foreground_psnr_db"":19.745307501626527,""interior_hole_fraction"":0.012310432270169258,""n_gaussians"":2000,""outside_coverage_max"":0.0,""outside_max_abs"":0.0,""p99_mse"":0.09113837778568268}",all_trials_rejected,0,0.0,0,2.980232238769531e-07,false,0.473328173160553,ok,1885ed269e0c882fadc488c3e461adacb474b1c811f3bb3b40445d3a013225f5,0.22458940700016683,0.22458940700016683,2083495936
false,"{""config.json"":""cells/coco000000000034_s0_actual_jacobi_ray/config.json"",""curves.png"":""cells/coco000000000034_s0_actual_jacobi_ray/curves.png"",""decision"":""decision.json"",""error.png"":""cells/coco000000000034_s0_actual_jacobi_ray/error.png"",""field.npz"":""cells/coco000000000034_s0_actual_jacobi_ray/field.npz"",""history.json"":""cells/coco000000000034_s0_actual_jacobi_ray/history.json"",""input_field.npz"":""cells/coco000000000034_s0_actual_jacobi_ray/input_field.npz"",""occupancy"":""occupancy.json"",""optimizer_curves.png"":""cells/coco000000000034_s0_actual_jacobi_ray/optimizer_curves.png"",""parent_config.json"":""parents/coco000000000034_s0/config.json"",""parent_field.npz"":""parents/coco000000000034_s0/field.npz"",""parent_history.json"":""parents/coco000000000034_s0/history.json"",""parent_optimizer_state.pt"":""parents/coco000000000034_s0/optimizer_state.pt"",""parent_target.npy"":""parents/coco000000000034_s0/target.npy"",""reconstruction.npy"":""cells/coco000000000034_s0_actual_jacobi_ray/reconstruction.npy"",""reconstruction.png"":""cells/coco000000000034_s0_actual_jacobi_ray/reconstruction.png"",""request.json"":""cells/coco000000000034_s0_actual_jacobi_ray/request.json"",""target.png"":""cells/coco000000000034_s0_actual_jacobi_ray/target.png"",""tensor_inventory.json"":""cells/coco000000000034_s0_actual_jacobi_ray/tensor_inventory.json"",""transaction_arrays.npz"":""cells/coco000000000034_s0_actual_jacobi_ray/transaction_arrays.npz"",""trial_00.png"":""cells/coco000000000034_s0_actual_jacobi_ray/trial_00.png"",""trial_01.png"":""cells/coco000000000034_s0_actual_jacobi_ray/trial_01.png"",""trial_02.png"":""cells/coco000000000034_s0_actual_jacobi_ray/trial_02.png"",""trial_03.png"":""cells/coco000000000034_s0_actual_jacobi_ray/trial_03.png"",""trial_04.png"":""cells/coco000000000034_s0_actual_jacobi_ray/trial_04.png"",""trial_05.png"":""cells/coco000000000034_s0_actual_jacobi_ray/trial_05.png""}",coco000000000034_s0_actual_jacobi_ray,3.1149786910027615,false,"{""boundary_hole_fraction"":0.0,""boundary_mse"":0.01060398854315281,""boundary_psnr_db"":19.745307501626527,""cvar99_mse"":0.13925321400165558,""finite"":true,""foreground_mse"":0.01060398854315281,""foreground_psnr_db"":19.745307501626527,""interior_hole_fraction"":0.012310432270169258,""n_gaussians"":2000,""outside_coverage_max"":0.0,""outside_max_abs"":0.0,""p99_mse"":0.09113839268684387}",true,2.980232238769531e-07,"{""actual_direction_render_calls"":1,""basis_apply_calls"":0,""basis_denominator_passes"":1,""basis_diagonal_passes"":1,""basis_transpose_calls"":1,""gaussian_renders"":8,""legacy_cg_iterations"":0,""native_color_vjp_calls"":0,""native_gradient_forward_calls"":0,""quality_evaluations"":7,""raw_coverage_passes"":7}",34,0,0.5885660648345947,0.07275094091892242,actual_jacobi_ray,0.8309581279754639,2000,[],8398e3af4b486a0809d5941356669f1332b4e5944e156c31f7eee1007c2f8c74,coco000000000034_s0,84d55622630608ca5eca73e2c7cc0d0d0b9d81bb806eb382d04c001e02b7b74c,"{""boundary_hole_fraction"":0.0,""boundary_mse"":0.01060398854315281,""boundary_psnr_db"":19.745307501626527,""cvar99_mse"":0.13925321400165558,""finite"":true,""foreground_mse"":0.01060398854315281,""foreground_psnr_db"":19.745307501626527,""interior_hole_fraction"":0.012310432270169258,""n_gaussians"":2000,""outside_coverage_max"":0.0,""outside_max_abs"":0.0,""p99_mse"":0.09113840013742447}",293225472,385875968,"{""boundary_hole_fraction"":0.0,""boundary_mse"":0.01060398854315281,""boundary_psnr_db"":19.745307501626527,""cvar99_mse"":0.13925321400165558,""finite"":true,""foreground_mse"":0.01060398854315281,""foreground_psnr_db"":19.745307501626527,""interior_hole_fraction"":0.012310432270169258,""n_gaussians"":2000,""outside_coverage_max"":0.0,""outside_max_abs"":0.0,""p99_mse"":0.09113840013742447}",19.745307797059645,0.01060398782180602,"{""boundary_hole_fraction"":0.0,""boundary_mse"":0.01060398854315281,""boundary_psnr_db"":19.745307501626527,""cvar99_mse"":0.13925321400165558,""finite"":true,""foreground_mse"":0.01060398854315281,""foreground_psnr_db"":19.745307501626527,""interior_hole_fraction"":0.012310432270169258,""n_gaussians"":2000,""outside_coverage_max"":0.0,""outside_max_abs"":0.0,""p99_mse"":0.09113840758800507}",all_trials_rejected,0,0.0,0,2.980232238769531e-07,false,0.473328173160553,ok,1885ed269e0c882fadc488c3e461adacb474b1c811f3bb3b40445d3a013225f5,0.2590881249998347,0.2590881249998347,2083495936
false,"{""config.json"":""cells/coco000000000034_s0_native_gradient_ray/config.json"",""curves.png"":""cells/coco000000000034_s0_native_gradient_ray/curves.png"",""decision"":""decision.json"",""error.png"":""cells/coco000000000034_s0_native_gradient_ray/error.png"",""field.npz"":""cells/coco000000000034_s0_native_gradient_ray/field.npz"",""history.json"":""cells/coco000000000034_s0_native_gradient_ray/history.json"",""input_field.npz"":""cells/coco000000000034_s0_native_gradient_ray/input_field.npz"",""occupancy"":""occupancy.json"",""optimizer_curves.png"":""cells/coco000000000034_s0_native_gradient_ray/optimizer_curves.png"",""parent_config.json"":""parents/coco000000000034_s0/config.json"",""parent_field.npz"":""parents/coco000000000034_s0/field.npz"",""parent_history.json"":""parents/coco000000000034_s0/history.json"",""parent_optimizer_state.pt"":""parents/coco000000000034_s0/optimizer_state.pt"",""parent_target.npy"":""parents/coco000000000034_s0/target.npy"",""reconstruction.npy"":""cells/coco000000000034_s0_native_gradient_ray/reconstruction.npy"",""reconstruction.png"":""cells/coco000000000034_s0_native_gradient_ray/reconstruction.png"",""request.json"":""cells/coco000000000034_s0_native_gradient_ray/request.json"",""target.png"":""cells/coco000000000034_s0_native_gradient_ray/target.png"",""tensor_inventory.json"":""cells/coco000000000034_s0_native_gradient_ray/tensor_inventory.json"",""transaction_arrays.npz"":""cells/coco000000000034_s0_native_gradient_ray/transaction_arrays.npz"",""trial_00.png"":""cells/coco000000000034_s0_native_gradient_ray/trial_00.png"",""trial_01.png"":""cells/coco000000000034_s0_native_gradient_ray/trial_01.png"",""trial_02.png"":""cells/coco000000000034_s0_native_gradient_ray/trial_02.png"",""trial_03.png"":""cells/coco000000000034_s0_native_gradient_ray/trial_03.png"",""trial_04.png"":""cells/coco000000000034_s0_native_gradient_ray/trial_04.png"",""trial_05.png"":""cells/coco000000000034_s0_native_gradient_ray/trial_05.png""}",coco000000000034_s0_native_gradient_ray,3.159201132002636,false,"{""boundary_hole_fraction"":0.0,""boundary_mse"":0.01060398854315281,""boundary_psnr_db"":19.745307501626527,""cvar99_mse"":0.13925321400165558,""finite"":true,""foreground_mse"":0.01060398854315281,""foreground_psnr_db"":19.745307501626527,""interior_hole_fraction"":0.012310432270169258,""n_gaussians"":2000,""outside_coverage_max"":0.0,""outside_max_abs"":0.0,""p99_mse"":0.09113839268684387}",true,2.980232238769531e-07,"{""actual_direction_render_calls"":1,""basis_apply_calls"":0,""basis_denominator_passes"":0,""basis_diagonal_passes"":0,""basis_transpose_calls"":0,""gaussian_renders"":9,""legacy_cg_iterations"":0,""native_color_vjp_calls"":1,""native_gradient_forward_calls"":1,""quality_evaluations"":7,""raw_coverage_passes"":7}",34,0,0.58856600522995,0.07275094091892242,native_gradient_ray,0.8309581279754639,2000,[],8398e3af4b486a0809d5941356669f1332b4e5944e156c31f7eee1007c2f8c74,coco000000000034_s0,84d55622630608ca5eca73e2c7cc0d0d0b9d81bb806eb382d04c001e02b7b74c,"{""boundary_hole_fraction"":0.0,""boundary_mse"":0.01060398854315281,""boundary_psnr_db"":19.745307501626527,""cvar99_mse"":0.13925321400165558,""finite"":true,""foreground_mse"":0.01060398854315281,""foreground_psnr_db"":19.745307501626527,""interior_hole_fraction"":0.012310432270169258,""n_gaussians"":2000,""outside_coverage_max"":0.0,""outside_max_abs"":0.0,""p99_mse"":0.09113840758800507}",288482304,385875968,"{""boundary_hole_fraction"":0.0,""boundary_mse"":0.01060398854315281,""boundary_psnr_db"":19.745307501626527,""cvar99_mse"":0.13925321400165558,""finite"":true,""foreground_mse"":0.01060398854315281,""foreground_psnr_db"":19.745307501626527,""interior_hole_fraction"":0.012310432270169258,""n_gaussians"":2000,""outside_coverage_max"":0.0,""outside_max_abs"":0.0,""p99_mse"":0.09113840758800507}",19.745307794037,0.010603987829186281,"{""boundary_hole_fraction"":0.0,""boundary_mse"":0.01060398854315281,""boundary_psnr_db"":19.745307501626527,""cvar99_mse"":0.13925321400165558,""finite"":true,""foreground_mse"":0.01060398854315281,""foreground_psnr_db"":19.745307501626527,""interior_hole_fraction"":0.012310432270169258,""n_gaussians"":2000,""outside_coverage_max"":0.0,""outside_max_abs"":0.0,""p99_mse"":0.09113839268684387}",all_trials_rejected,0,0.0,0,2.980232238769531e-07,false,0.473328173160553,ok,1885ed269e0c882fadc488c3e461adacb474b1c811f3bb3b40445d3a013225f5,0.17737191800551955,0.17737191800551955,2083495936
false,"{""candidate_field.npz"":""cells/coco000000000034_s0_adam32/candidate_field.npz"",""config.json"":""cells/coco000000000034_s0_adam32/config.json"",""curves.png"":""cells/coco000000000034_s0_adam32/curves.png"",""decision"":""decision.json"",""error.png"":""cells/coco000000000034_s0_adam32/error.png"",""field.npz"":""cells/coco000000000034_s0_adam32/field.npz"",""history.json"":""cells/coco000000000034_s0_adam32/history.json"",""input_field.npz"":""cells/coco000000000034_s0_adam32/input_field.npz"",""occupancy"":""occupancy.json"",""optimizer_curves.png"":""cells/coco000000000034_s0_adam32/optimizer_curves.png"",""parent_config.json"":""parents/coco000000000034_s0/config.json"",""parent_field.npz"":""parents/coco000000000034_s0/field.npz"",""parent_history.json"":""parents/coco000000000034_s0/history.json"",""parent_optimizer_state.pt"":""parents/coco000000000034_s0/optimizer_state.pt"",""parent_target.npy"":""parents/coco000000000034_s0/target.npy"",""reconstruction.npy"":""cells/coco000000000034_s0_adam32/reconstruction.npy"",""reconstruction.png"":""cells/coco000000000034_s0_adam32/reconstruction.png"",""request.json"":""cells/coco000000000034_s0_adam32/request.json"",""target.png"":""cells/coco000000000034_s0_adam32/target.png"",""tensor_inventory.json"":""cells/coco000000000034_s0_adam32/tensor_inventory.json"",""transaction_arrays.npz"":""cells/coco000000000034_s0_adam32/transaction_arrays.npz""}",coco000000000034_s0_adam32,1.9379895169986412,false,"{""boundary_hole_fraction"":0.0,""boundary_mse"":0.01060398854315281,""boundary_psnr_db"":19.745307501626527,""cvar99_mse"":0.13925321400165558,""finite"":true,""foreground_mse"":0.01060398854315281,""foreground_psnr_db"":19.745307501626527,""interior_hole_fraction"":0.012310432270169258,""n_gaussians"":2000,""outside_coverage_max"":0.0,""outside_max_abs"":0.0,""p99_mse"":0.09113840758800507}",true,3.5762786865234375e-07,"{""basis_apply_calls"":0,""basis_denominator_passes"":0,""basis_transpose_calls"":0,""gaussian_renders"":35,""gradient_evaluations"":32,""quality_evaluations"":2,""raw_coverage_passes"":2}",34,32,0.58856600522995,0.07275094091892242,adam32,0.8309580683708191,2000,[],8398e3af4b486a0809d5941356669f1332b4e5944e156c31f7eee1007c2f8c74,coco000000000034_s0,84d55622630608ca5eca73e2c7cc0d0d0b9d81bb806eb382d04c001e02b7b74c,"{""boundary_hole_fraction"":0.0,""boundary_mse"":0.01060398854315281,""boundary_psnr_db"":19.745307501626527,""cvar99_mse"":0.13925321400165558,""finite"":true,""foreground_mse"":0.01060398854315281,""foreground_psnr_db"":19.745307501626527,""interior_hole_fraction"":0.012310432270169258,""n_gaussians"":2000,""outside_coverage_max"":0.0,""outside_max_abs"":0.0,""p99_mse"":0.09113837778568268}",242973184,285212672,"{""boundary_hole_fraction"":0.0,""boundary_mse"":0.01060398854315281,""boundary_psnr_db"":19.745307501626527,""cvar99_mse"":0.13925321400165558,""finite"":true,""foreground_mse"":0.01060398854315281,""foreground_psnr_db"":19.745307501626527,""interior_hole_fraction"":0.012310432270169258,""n_gaussians"":2000,""outside_coverage_max"":0.0,""outside_max_abs"":0.0,""p99_mse"":0.09113837778568268}",19.74530779328557,0.010603987831021018,"{""boundary_hole_fraction"":0.0,""boundary_mse"":0.01060398854315281,""boundary_psnr_db"":19.745307501626527,""cvar99_mse"":0.13925321400165558,""finite"":true,""foreground_mse"":0.01060398854315281,""foreground_psnr_db"":19.745307501626527,""interior_hole_fraction"":0.012310432270169258,""n_gaussians"":2000,""outside_coverage_max"":0.0,""outside_max_abs"":0.0,""p99_mse"":0.09113838523626328}",candidate_rejected,0,0.0,0,3.5762786865234375e-07,false,0.473328173160553,ok,1885ed269e0c882fadc488c3e461adacb474b1c811f3bb3b40445d3a013225f5,0.18911328600370325,0.18911328600370325,2083495936
false,"{""config.json"":""cells/coco000000000034_s1_noop/config.json"",""curves.png"":""cells/coco000000000034_s1_noop/curves.png"",""decision"":""decision.json"",""error.png"":""cells/coco000000000034_s1_noop/error.png"",""field.npz"":""cells/coco000000000034_s1_noop/field.npz"",""history.json"":""cells/coco000000000034_s1_noop/history.json"",""input_field.npz"":""cells/coco000000000034_s1_noop/input_field.npz"",""occupancy"":""occupancy.json"",""optimizer_curves.png"":""cells/coco000000000034_s1_noop/optimizer_curves.png"",""parent_config.json"":""parents/coco000000000034_s1/config.json"",""parent_field.npz"":""parents/coco000000000034_s1/field.npz"",""parent_history.json"":""parents/coco000000000034_s1/history.json"",""parent_optimizer_state.pt"":""parents/coco000000000034_s1/optimizer_state.pt"",""parent_target.npy"":""parents/coco000000000034_s1/target.npy"",""reconstruction.npy"":""cells/coco000000000034_s1_noop/reconstruction.npy"",""reconstruction.png"":""cells/coco000000000034_s1_noop/reconstruction.png"",""request.json"":""cells/coco000000000034_s1_noop/request.json"",""target.png"":""cells/coco000000000034_s1_noop/target.png"",""tensor_inventory.json"":""cells/coco000000000034_s1_noop/tensor_inventory.json"",""transaction_arrays.npz"":""cells/coco000000000034_s1_noop/transaction_arrays.npz""}",coco000000000034_s1_noop,1.5800761740028975,false,"{""boundary_hole_fraction"":0.0,""boundary_mse"":0.010456178337335587,""boundary_psnr_db"":19.806270181723217,""cvar99_mse"":0.12746720016002655,""finite"":true,""foreground_mse"":0.010456178337335587,""foreground_psnr_db"":19.806270181723217,""interior_hole_fraction"":0.006255744490772486,""n_gaussians"":2000,""outside_coverage_max"":0.0,""outside_max_abs"":0.0,""p99_mse"":0.08903347700834274}",true,3.5762786865234375e-07,"{""basis_apply_calls"":0,""basis_denominator_passes"":0,""basis_transpose_calls"":0,""gaussian_renders"":1,""gradient_evaluations"":0,""quality_evaluations"":1,""raw_coverage_passes"":1}",34,0,0.6012734770774841,0.07258044928312302,noop,0.8318193554878235,2000,[],23a05caaa99b2516d6eea7ac9c6224a3d2f808fa89d1729f8755e3701ae3536e,coco000000000034_s1,7f87714cffce8d381ad66e31024c9977f28d65b04b60294f575f49551f69b9cb,"{""boundary_hole_fraction"":0.0,""boundary_mse"":0.010456178337335587,""boundary_psnr_db"":19.806270181723217,""cvar99_mse"":0.12746720016002655,""finite"":true,""foreground_mse"":0.010456178337335587,""foreground_psnr_db"":19.806270181723217,""interior_hole_fraction"":0.006255744490772486,""n_gaussians"":2000,""outside_coverage_max"":0.0,""outside_max_abs"":0.0,""p99_mse"":0.08903349190950394}",237801472,281018368,"{""boundary_hole_fraction"":0.0,""boundary_mse"":0.010456178337335587,""boundary_psnr_db"":19.806270181723217,""cvar99_mse"":0.12746720016002655,""finite"":true,""foreground_mse"":0.010456178337335587,""foreground_psnr_db"":19.806270181723217,""interior_hole_fraction"":0.006255744490772486,""n_gaussians"":2000,""outside_coverage_max"":0.0,""outside_max_abs"":0.0,""p99_mse"":0.08903349190950394}",19.806270370501274,0.010456177882829007,"{""boundary_hole_fraction"":0.0,""boundary_mse"":0.010456178337335587,""boundary_psnr_db"":19.806270181723217,""cvar99_mse"":0.12746718525886536,""finite"":true,""foreground_mse"":0.010456178337335587,""foreground_psnr_db"":19.806270181723217,""interior_hole_fraction"":0.006255744490772486,""n_gaussians"":2000,""outside_coverage_max"":0.0,""outside_max_abs"":0.0,""p99_mse"":0.08903348445892334}",noop,1,0.0,0,2.980232238769531e-07,false,0.4744024872779846,ok,1885ed269e0c882fadc488c3e461adacb474b1c811f3bb3b40445d3a013225f5,0.029845438999473117,0.029845438999473117,2084372480
true,"{""candidate_field.npz"":""cells/coco000000000034_s1_legacy_cg32/candidate_field.npz"",""config.json"":""cells/coco000000000034_s1_legacy_cg32/config.json"",""curves.png"":""cells/coco000000000034_s1_legacy_cg32/curves.png"",""decision"":""decision.json"",""error.png"":""cells/coco000000000034_s1_legacy_cg32/error.png"",""field.npz"":""cells/coco000000000034_s1_legacy_cg32/field.npz"",""history.json"":""cells/coco000000000034_s1_legacy_cg32/history.json"",""input_field.npz"":""cells/coco000000000034_s1_legacy_cg32/input_field.npz"",""occupancy"":""occupancy.json"",""optimizer_curves.png"":""cells/coco000000000034_s1_legacy_cg32/optimizer_curves.png"",""parent_config.json"":""parents/coco000000000034_s1/config.json"",""parent_field.npz"":""parents/coco000000000034_s1/field.npz"",""parent_history.json"":""parents/coco000000000034_s1/history.json"",""parent_optimizer_state.pt"":""parents/coco000000000034_s1/optimizer_state.pt"",""parent_target.npy"":""parents/coco000000000034_s1/target.npy"",""reconstruction.npy"":""cells/coco000000000034_s1_legacy_cg32/reconstruction.npy"",""reconstruction.png"":""cells/coco000000000034_s1_legacy_cg32/reconstruction.png"",""request.json"":""cells/coco000000000034_s1_legacy_cg32/request.json"",""target.png"":""cells/coco000000000034_s1_legacy_cg32/target.png"",""tensor_inventory.json"":""cells/coco000000000034_s1_legacy_cg32/tensor_inventory.json"",""transaction_arrays.npz"":""cells/coco000000000034_s1_legacy_cg32/transaction_arrays.npz""}",coco000000000034_s1_legacy_cg32,3.617571544004022,true,"{""boundary_hole_fraction"":0.0,""boundary_mse"":0.010448222048580647,""boundary_psnr_db"":19.809576062213218,""cvar99_mse"":0.12739619612693787,""finite"":true,""foreground_mse"":0.010448222048580647,""foreground_psnr_db"":19.809576062213218,""interior_hole_fraction"":0.006255744490772486,""n_gaussians"":2000,""outside_coverage_max"":0.0,""outside_max_abs"":0.0,""p99_mse"":0.08883676677942276}",true,3.5762786865234375e-07,"{""basis_apply_calls"":33,""basis_denominator_passes"":1,""basis_transpose_calls"":34,""gaussian_renders"":2,""gradient_evaluations"":0,""quality_evaluations"":2,""raw_coverage_passes"":2}",34,0,0.6010774374008179,0.07254307717084885,legacy_cg32,0.8320111036300659,2000,[],23a05caaa99b2516d6eea7ac9c6224a3d2f808fa89d1729f8755e3701ae3536e,coco000000000034_s1,7f87714cffce8d381ad66e31024c9977f28d65b04b60294f575f49551f69b9cb,"{""boundary_hole_fraction"":0.0,""boundary_mse"":0.010456178337335587,""boundary_psnr_db"":19.806270181723217,""cvar99_mse"":0.12746720016002655,""finite"":true,""foreground_mse"":0.010456178337335587,""foreground_psnr_db"":19.806270181723217,""interior_hole_fraction"":0.006255744490772486,""n_gaussians"":2000,""outside_coverage_max"":0.0,""outside_max_abs"":0.0,""p99_mse"":0.08903348445892334}",274475008,360710144,"{""boundary_hole_fraction"":0.0,""boundary_mse"":0.010448222048580647,""boundary_psnr_db"":19.809576062213218,""cvar99_mse"":0.12739619612693787,""finite"":true,""foreground_mse"":0.010448222048580647,""foreground_psnr_db"":19.809576062213218,""interior_hole_fraction"":0.006255744490772486,""n_gaussians"":2000,""outside_coverage_max"":0.0,""outside_max_abs"":0.0,""p99_mse"":0.08883675932884216}",19.80957641957368,0.010448221188845723,"{""boundary_hole_fraction"":0.0,""boundary_mse"":0.010448222048580647,""boundary_psnr_db"":19.809576062213218,""cvar99_mse"":0.12739618122577667,""finite"":true,""foreground_mse"":0.010448222048580647,""foreground_psnr_db"":19.809576062213218,""interior_hole_fraction"":0.006255744490772486,""n_gaussians"":2000,""outside_coverage_max"":0.0,""outside_max_abs"":0.0,""p99_mse"":0.08883675932884216}",,1,1.0,0,3.5762786865234375e-07,false,0.4745694398880005,ok,1885ed269e0c882fadc488c3e461adacb474b1c811f3bb3b40445d3a013225f5,2.0932550490033464,2.0932550490033464,2084372480
true,"{""config.json"":""cells/coco000000000034_s1_actual_cg_ray/config.json"",""curves.png"":""cells/coco000000000034_s1_actual_cg_ray/curves.png"",""decision"":""decision.json"",""error.png"":""cells/coco000000000034_s1_actual_cg_ray/error.png"",""field.npz"":""cells/coco000000000034_s1_actual_cg_ray/field.npz"",""history.json"":""cells/coco000000000034_s1_actual_cg_ray/history.json"",""input_field.npz"":""cells/coco000000000034_s1_actual_cg_ray/input_field.npz"",""occupancy"":""occupancy.json"",""optimizer_curves.png"":""cells/coco000000000034_s1_actual_cg_ray/optimizer_curves.png"",""parent_config.json"":""parents/coco000000000034_s1/config.json"",""parent_field.npz"":""parents/coco000000000034_s1/field.npz"",""parent_history.json"":""parents/coco000000000034_s1/history.json"",""parent_optimizer_state.pt"":""parents/coco000000000034_s1/optimizer_state.pt"",""parent_target.npy"":""parents/coco000000000034_s1/target.npy"",""reconstruction.npy"":""cells/coco000000000034_s1_actual_cg_ray/reconstruction.npy"",""reconstruction.png"":""cells/coco000000000034_s1_actual_cg_ray/reconstruction.png"",""request.json"":""cells/coco000000000034_s1_actual_cg_ray/request.json"",""target.png"":""cells/coco000000000034_s1_actual_cg_ray/target.png"",""tensor_inventory.json"":""cells/coco000000000034_s1_actual_cg_ray/tensor_inventory.json"",""transaction_arrays.npz"":""cells/coco000000000034_s1_actual_cg_ray/transaction_arrays.npz"",""trial_00.png"":""cells/coco000000000034_s1_actual_cg_ray/trial_00.png""}",coco000000000034_s1_actual_cg_ray,3.904701188999752,true,"{""boundary_hole_fraction"":0.0,""boundary_mse"":0.010448222048580647,""boundary_psnr_db"":19.809576062213218,""cvar99_mse"":0.12739615142345428,""finite"":true,""foreground_mse"":0.010448222048580647,""foreground_psnr_db"":19.809576062213218,""interior_hole_fraction"":0.006255744490772486,""n_gaussians"":2000,""outside_coverage_max"":0.0,""outside_max_abs"":0.0,""p99_mse"":0.08883468061685562}",true,3.5762786865234375e-07,"{""actual_direction_render_calls"":1,""basis_apply_calls"":33,""basis_denominator_passes"":1,""basis_diagonal_passes"":0,""basis_transpose_calls"":34,""gaussian_renders"":4,""legacy_cg_iterations"":32,""native_color_vjp_calls"":0,""native_gradient_forward_calls"":0,""quality_evaluations"":3,""raw_coverage_passes"":3}",34,0,0.6010783314704895,0.07254316657781601,actual_cg_ray,0.8320112228393555,2000,[],23a05caaa99b2516d6eea7ac9c6224a3d2f808fa89d1729f8755e3701ae3536e,coco000000000034_s1,7f87714cffce8d381ad66e31024c9977f28d65b04b60294f575f49551f69b9cb,"{""boundary_hole_fraction"":0.0,""boundary_mse"":0.010456178337335587,""boundary_psnr_db"":19.806270181723217,""cvar99_mse"":0.12746720016002655,""finite"":true,""foreground_mse"":0.010456178337335587,""foreground_psnr_db"":19.806270181723217,""interior_hole_fraction"":0.006255744490772486,""n_gaussians"":2000,""outside_coverage_max"":0.0,""outside_max_abs"":0.0,""p99_mse"":0.08903349936008453}",279414272,360710144,"{""boundary_hole_fraction"":0.0,""boundary_mse"":0.010448222048580647,""boundary_psnr_db"":19.809576062213218,""cvar99_mse"":0.12739615142345428,""finite"":true,""foreground_mse"":0.010448222048580647,""foreground_psnr_db"":19.809576062213218,""interior_hole_fraction"":0.006255744490772486,""n_gaussians"":2000,""outside_coverage_max"":0.0,""outside_max_abs"":0.0,""p99_mse"":0.08883468061685562}",19.809576423836965,0.01044822117858915,"{""boundary_hole_fraction"":0.0,""boundary_mse"":0.010448222048580647,""boundary_psnr_db"":19.809576062213218,""cvar99_mse"":0.12739615142345428,""finite"":true,""foreground_mse"":0.010448222048580647,""foreground_psnr_db"":19.809576062213218,""interior_hole_fraction"":0.006255744490772486,""n_gaussians"":2000,""outside_coverage_max"":0.0,""outside_max_abs"":0.0,""p99_mse"":0.08883468061685562}",,1,1.0,0,4.172325134277344e-07,false,0.47456952929496765,ok,1885ed269e0c882fadc488c3e461adacb474b1c811f3bb3b40445d3a013225f5,2.121566909001558,2.121566909001558,2084372480
true,"{""config.json"":""cells/coco000000000034_s1_actual_gradient_ray/config.json"",""curves.png"":""cells/coco000000000034_s1_actual_gradient_ray/curves.png"",""decision"":""decision.json"",""error.png"":""cells/coco000000000034_s1_actual_gradient_ray/error.png"",""field.npz"":""cells/coco000000000034_s1_actual_gradient_ray/field.npz"",""history.json"":""cells/coco000000000034_s1_actual_gradient_ray/history.json"",""input_field.npz"":""cells/coco000000000034_s1_actual_gradient_ray/input_field.npz"",""occupancy"":""occupancy.json"",""optimizer_curves.png"":""cells/coco000000000034_s1_actual_gradient_ray/optimizer_curves.png"",""parent_config.json"":""parents/coco000000000034_s1/config.json"",""parent_field.npz"":""parents/coco000000000034_s1/field.npz"",""parent_history.json"":""parents/coco000000000034_s1/history.json"",""parent_optimizer_state.pt"":""parents/coco000000000034_s1/optimizer_state.pt"",""parent_target.npy"":""parents/coco000000000034_s1/target.npy"",""reconstruction.npy"":""cells/coco000000000034_s1_actual_gradient_ray/reconstruction.npy"",""reconstruction.png"":""cells/coco000000000034_s1_actual_gradient_ray/reconstruction.png"",""request.json"":""cells/coco000000000034_s1_actual_gradient_ray/request.json"",""target.png"":""cells/coco000000000034_s1_actual_gradient_ray/target.png"",""tensor_inventory.json"":""cells/coco000000000034_s1_actual_gradient_ray/tensor_inventory.json"",""transaction_arrays.npz"":""cells/coco000000000034_s1_actual_gradient_ray/transaction_arrays.npz"",""trial_00.png"":""cells/coco000000000034_s1_actual_gradient_ray/trial_00.png""}",coco000000000034_s1_actual_gradient_ray,2.0131649439936155,true,"{""boundary_hole_fraction"":0.0,""boundary_mse"":0.01045333780348301,""boundary_psnr_db"":19.807450149903367,""cvar99_mse"":0.12741200625896454,""finite"":true,""foreground_mse"":0.01045333780348301,""foreground_psnr_db"":19.807450149903367,""interior_hole_fraction"":0.006255744490772486,""n_gaussians"":2000,""outside_coverage_max"":0.0,""outside_max_abs"":0.0,""p99_mse"":0.08885826915502548}",true,3.5762786865234375e-07,"{""actual_direction_render_calls"":1,""basis_apply_calls"":0,""basis_denominator_passes"":1,""basis_diagonal_passes"":0,""basis_transpose_calls"":1,""gaussian_renders"":4,""legacy_cg_iterations"":0,""native_color_vjp_calls"":0,""native_gradient_forward_calls"":0,""quality_evaluations"":3,""raw_coverage_passes"":3}",34,0,0.601127028465271,0.07256907224655151,actual_gradient_ray,0.8318554759025574,2000,[],23a05caaa99b2516d6eea7ac9c6224a3d2f808fa89d1729f8755e3701ae3536e,coco000000000034_s1,7f87714cffce8d381ad66e31024c9977f28d65b04b60294f575f49551f69b9cb,"{""boundary_hole_fraction"":0.0,""boundary_mse"":0.010456178337335587,""boundary_psnr_db"":19.806270181723217,""cvar99_mse"":0.12746720016002655,""finite"":true,""foreground_mse"":0.010456178337335587,""foreground_psnr_db"":19.806270181723217,""interior_hole_fraction"":0.006255744490772486,""n_gaussians"":2000,""outside_coverage_max"":0.0,""outside_max_abs"":0.0,""p99_mse"":0.08903350681066513}",282031616,362807296,"{""boundary_hole_fraction"":0.0,""boundary_mse"":0.01045333780348301,""boundary_psnr_db"":19.807450149903367,""cvar99_mse"":0.12741200625896454,""finite"":true,""foreground_mse"":0.01045333780348301,""foreground_psnr_db"":19.807450149903367,""interior_hole_fraction"":0.006255744490772486,""n_gaussians"":2000,""outside_coverage_max"":0.0,""outside_max_abs"":0.0,""p99_mse"":0.08885826170444489}",19.80745015659499,0.010453337787376477,"{""boundary_hole_fraction"":0.0,""boundary_mse"":0.01045333780348301,""boundary_psnr_db"":19.807450149903367,""cvar99_mse"":0.12741200625896454,""finite"":true,""foreground_mse"":0.01045333780348301,""foreground_psnr_db"":19.807450149903367,""interior_hole_fraction"":0.006255744490772486,""n_gaussians"":2000,""outside_coverage_max"":0.0,""outside_max_abs"":0.0,""p99_mse"":0.08885826915502548}",,1,1.0,0,3.5762786865234375e-07,false,0.4744359850883484,ok,1885ed269e0c882fadc488c3e461adacb474b1c811f3bb3b40445d3a013225f5,0.135181644000113,0.135181644000113,2084372480
true,"{""config.json"":""cells/coco000000000034_s1_actual_jacobi_ray/config.json"",""curves.png"":""cells/coco000000000034_s1_actual_jacobi_ray/curves.png"",""decision"":""decision.json"",""error.png"":""cells/coco000000000034_s1_actual_jacobi_ray/error.png"",""field.npz"":""cells/coco000000000034_s1_actual_jacobi_ray/field.npz"",""history.json"":""cells/coco000000000034_s1_actual_jacobi_ray/history.json"",""input_field.npz"":""cells/coco000000000034_s1_actual_jacobi_ray/input_field.npz"",""occupancy"":""occupancy.json"",""optimizer_curves.png"":""cells/coco000000000034_s1_actual_jacobi_ray/optimizer_curves.png"",""parent_config.json"":""parents/coco000000000034_s1/config.json"",""parent_field.npz"":""parents/coco000000000034_s1/field.npz"",""parent_history.json"":""parents/coco000000000034_s1/history.json"",""parent_optimizer_state.pt"":""parents/coco000000000034_s1/optimizer_state.pt"",""parent_target.npy"":""parents/coco000000000034_s1/target.npy"",""reconstruction.npy"":""cells/coco000000000034_s1_actual_jacobi_ray/reconstruction.npy"",""reconstruction.png"":""cells/coco000000000034_s1_actual_jacobi_ray/reconstruction.png"",""request.json"":""cells/coco000000000034_s1_actual_jacobi_ray/request.json"",""target.png"":""cells/coco000000000034_s1_actual_jacobi_ray/target.png"",""tensor_inventory.json"":""cells/coco000000000034_s1_actual_jacobi_ray/tensor_inventory.json"",""transaction_arrays.npz"":""cells/coco000000000034_s1_actual_jacobi_ray/transaction_arrays.npz"",""trial_00.png"":""cells/coco000000000034_s1_actual_jacobi_ray/trial_00.png""}",coco000000000034_s1_actual_jacobi_ray,1.9713201109989313,true,"{""boundary_hole_fraction"":0.0,""boundary_mse"":0.010451875627040863,""boundary_psnr_db"":19.808057668370985,""cvar99_mse"":0.12742222845554352,""finite"":true,""foreground_mse"":0.010451875627040863,""foreground_psnr_db"":19.808057668370985,""interior_hole_fraction"":0.006255744490772486,""n_gaussians"":2000,""outside_coverage_max"":0.0,""outside_max_abs"":0.0,""p99_mse"":0.08889923244714737}",true,3.5762786865234375e-07,"{""actual_direction_render_calls"":1,""basis_apply_calls"":0,""basis_denominator_passes"":1,""basis_diagonal_passes"":1,""basis_transpose_calls"":1,""gaussian_renders"":4,""legacy_cg_iterations"":0,""native_color_vjp_calls"":0,""native_gradient_forward_calls"":0,""quality_evaluations"":3,""raw_coverage_passes"":3}",34,0,0.6010889410972595,0.07255371659994125,actual_jacobi_ray,0.83191978931427,2000,[],23a05caaa99b2516d6eea7ac9c6224a3d2f808fa89d1729f8755e3701ae3536e,coco000000000034_s1,7f87714cffce8d381ad66e31024c9977f28d65b04b60294f575f49551f69b9cb,"{""boundary_hole_fraction"":0.0,""boundary_mse"":0.010456178337335587,""boundary_psnr_db"":19.806270181723217,""cvar99_mse"":0.12746718525886536,""finite"":true,""foreground_mse"":0.010456178337335587,""foreground_psnr_db"":19.806270181723217,""interior_hole_fraction"":0.006255744490772486,""n_gaussians"":2000,""outside_coverage_max"":0.0,""outside_max_abs"":0.0,""p99_mse"":0.08903347700834274}",282025984,362807296,"{""boundary_hole_fraction"":0.0,""boundary_mse"":0.010451875627040863,""boundary_psnr_db"":19.808057668370985,""cvar99_mse"":0.12742222845554352,""finite"":true,""foreground_mse"":0.010451875627040863,""foreground_psnr_db"":19.808057668370985,""interior_hole_fraction"":0.006255744490772486,""n_gaussians"":2000,""outside_coverage_max"":0.0,""outside_max_abs"":0.0,""p99_mse"":0.08889923244714737}",19.80805812282353,0.010451874533340294,"{""boundary_hole_fraction"":0.0,""boundary_mse"":0.010451875627040863,""boundary_psnr_db"":19.808057668370985,""cvar99_mse"":0.12742222845554352,""finite"":true,""foreground_mse"":0.010451875627040863,""foreground_psnr_db"":19.808057668370985,""interior_hole_fraction"":0.006255744490772486,""n_gaussians"":2000,""outside_coverage_max"":0.0,""outside_max_abs"":0.0,""p99_mse"":0.08889922499656677}",,1,1.0,0,3.5762786865234375e-07,false,0.4744904935359955,ok,1885ed269e0c882fadc488c3e461adacb474b1c811f3bb3b40445d3a013225f5,0.17377492200466804,0.17377492200466804,2084372480
true,"{""config.json"":""cells/coco000000000034_s1_native_gradient_ray/config.json"",""curves.png"":""cells/coco000000000034_s1_native_gradient_ray/curves.png"",""decision"":""decision.json"",""error.png"":""cells/coco000000000034_s1_native_gradient_ray/error.png"",""field.npz"":""cells/coco000000000034_s1_native_gradient_ray/field.npz"",""history.json"":""cells/coco000000000034_s1_native_gradient_ray/history.json"",""input_field.npz"":""cells/coco000000000034_s1_native_gradient_ray/input_field.npz"",""occupancy"":""occupancy.json"",""optimizer_curves.png"":""cells/coco000000000034_s1_native_gradient_ray/optimizer_curves.png"",""parent_config.json"":""parents/coco000000000034_s1/config.json"",""parent_field.npz"":""parents/coco000000000034_s1/field.npz"",""parent_history.json"":""parents/coco000000000034_s1/history.json"",""parent_optimizer_state.pt"":""parents/coco000000000034_s1/optimizer_state.pt"",""parent_target.npy"":""parents/coco000000000034_s1/target.npy"",""reconstruction.npy"":""cells/coco000000000034_s1_native_gradient_ray/reconstruction.npy"",""reconstruction.png"":""cells/coco000000000034_s1_native_gradient_ray/reconstruction.png"",""request.json"":""cells/coco000000000034_s1_native_gradient_ray/request.json"",""target.png"":""cells/coco000000000034_s1_native_gradient_ray/target.png"",""tensor_inventory.json"":""cells/coco000000000034_s1_native_gradient_ray/tensor_inventory.json"",""transaction_arrays.npz"":""cells/coco000000000034_s1_native_gradient_ray/transaction_arrays.npz"",""trial_00.png"":""cells/coco000000000034_s1_native_gradient_ray/trial_00.png""}",coco000000000034_s1_native_gradient_ray,1.9716461540010641,true,"{""boundary_hole_fraction"":0.0,""boundary_mse"":0.010453338734805584,""boundary_psnr_db"":19.80744976297601,""cvar99_mse"":0.12741200625896454,""finite"":true,""foreground_mse"":0.010453338734805584,""foreground_psnr_db"":19.80744976297601,""interior_hole_fraction"":0.006255744490772486,""n_gaussians"":2000,""outside_coverage_max"":0.0,""outside_max_abs"":0.0,""p99_mse"":0.08885826915502548}",true,4.172325134277344e-07,"{""actual_direction_render_calls"":1,""basis_apply_calls"":0,""basis_denominator_passes"":0,""basis_diagonal_passes"":0,""basis_transpose_calls"":0,""gaussian_renders"":5,""legacy_cg_iterations"":0,""native_color_vjp_calls"":1,""native_gradient_forward_calls"":1,""quality_evaluations"":3,""raw_coverage_passes"":3}",34,0,0.601127028465271,0.07256907224655151,native_gradient_ray,0.8318554162979126,2000,[],23a05caaa99b2516d6eea7ac9c6224a3d2f808fa89d1729f8755e3701ae3536e,coco000000000034_s1,7f87714cffce8d381ad66e31024c9977f28d65b04b60294f575f49551f69b9cb,"{""boundary_hole_fraction"":0.0,""boundary_mse"":0.010456178337335587,""boundary_psnr_db"":19.806270181723217,""cvar99_mse"":0.12746721506118774,""finite"":true,""foreground_mse"":0.010456178337335587,""foreground_psnr_db"":19.806270181723217,""interior_hole_fraction"":0.006255744490772486,""n_gaussians"":2000,""outside_coverage_max"":0.0,""outside_max_abs"":0.0,""p99_mse"":0.08903352171182632}",266066432,362807296,"{""boundary_hole_fraction"":0.0,""boundary_mse"":0.010453338734805584,""boundary_psnr_db"":19.80744976297601,""cvar99_mse"":0.12741200625896454,""finite"":true,""foreground_mse"":0.010453338734805584,""foreground_psnr_db"":19.80744976297601,""interior_hole_fraction"":0.006255744490772486,""n_gaussians"":2000,""outside_coverage_max"":0.0,""outside_max_abs"":0.0,""p99_mse"":0.08885824680328369}",19.80745015356416,0.010453337794671587,"{""boundary_hole_fraction"":0.0,""boundary_mse"":0.01045333780348301,""boundary_psnr_db"":19.807450149903367,""cvar99_mse"":0.12741200625896454,""finite"":true,""foreground_mse"":0.01045333780348301,""foreground_psnr_db"":19.807450149903367,""interior_hole_fraction"":0.006255744490772486,""n_gaussians"":2000,""outside_coverage_max"":0.0,""outside_max_abs"":0.0,""p99_mse"":0.08885824680328369}",,1,1.0,0,3.5762786865234375e-07,false,0.4744359850883484,ok,1885ed269e0c882fadc488c3e461adacb474b1c811f3bb3b40445d3a013225f5,0.0806600689975312,0.0806600689975312,2084372480
false,"{""candidate_field.npz"":""cells/coco000000000034_s1_adam32/candidate_field.npz"",""config.json"":""cells/coco000000000034_s1_adam32/config.json"",""curves.png"":""cells/coco000000000034_s1_adam32/curves.png"",""decision"":""decision.json"",""error.png"":""cells/coco000000000034_s1_adam32/error.png"",""field.npz"":""cells/coco000000000034_s1_adam32/field.npz"",""history.json"":""cells/coco000000000034_s1_adam32/history.json"",""input_field.npz"":""cells/coco000000000034_s1_adam32/input_field.npz"",""occupancy"":""occupancy.json"",""optimizer_curves.png"":""cells/coco000000000034_s1_adam32/optimizer_curves.png"",""parent_config.json"":""parents/coco000000000034_s1/config.json"",""parent_field.npz"":""parents/coco000000000034_s1/field.npz"",""parent_history.json"":""parents/coco000000000034_s1/history.json"",""parent_optimizer_state.pt"":""parents/coco000000000034_s1/optimizer_state.pt"",""parent_target.npy"":""parents/coco000000000034_s1/target.npy"",""reconstruction.npy"":""cells/coco000000000034_s1_adam32/reconstruction.npy"",""reconstruction.png"":""cells/coco000000000034_s1_adam32/reconstruction.png"",""request.json"":""cells/coco000000000034_s1_adam32/request.json"",""target.png"":""cells/coco000000000034_s1_adam32/target.png"",""tensor_inventory.json"":""cells/coco000000000034_s1_adam32/tensor_inventory.json"",""transaction_arrays.npz"":""cells/coco000000000034_s1_adam32/transaction_arrays.npz""}",coco000000000034_s1_adam32,1.792591869001626,false,"{""boundary_hole_fraction"":0.0,""boundary_mse"":0.010456178337335587,""boundary_psnr_db"":19.806270181723217,""cvar99_mse"":0.12746718525886536,""finite"":true,""foreground_mse"":0.010456178337335587,""foreground_psnr_db"":19.806270181723217,""interior_hole_fraction"":0.006255744490772486,""n_gaussians"":2000,""outside_coverage_max"":0.0,""outside_max_abs"":0.0,""p99_mse"":0.08903349190950394}",true,3.5762786865234375e-07,"{""basis_apply_calls"":0,""basis_denominator_passes"":0,""basis_transpose_calls"":0,""gaussian_renders"":35,""gradient_evaluations"":32,""quality_evaluations"":2,""raw_coverage_passes"":2}",34,32,0.6012734770774841,0.07258044928312302,adam32,0.8318193554878235,2000,[],23a05caaa99b2516d6eea7ac9c6224a3d2f808fa89d1729f8755e3701ae3536e,coco000000000034_s1,7f87714cffce8d381ad66e31024c9977f28d65b04b60294f575f49551f69b9cb,"{""boundary_hole_fraction"":0.0,""boundary_mse"":0.010456178337335587,""boundary_psnr_db"":19.806270181723217,""cvar99_mse"":0.12746720016002655,""finite"":true,""foreground_mse"":0.010456178337335587,""foreground_psnr_db"":19.806270181723217,""interior_hole_fraction"":0.006255744490772486,""n_gaussians"":2000,""outside_coverage_max"":0.0,""outside_max_abs"":0.0,""p99_mse"":0.08903348445892334}",261301760,364904448,"{""boundary_hole_fraction"":0.0,""boundary_mse"":0.010456178337335587,""boundary_psnr_db"":19.806270181723217,""cvar99_mse"":0.12746720016002655,""finite"":true,""foreground_mse"":0.010456178337335587,""foreground_psnr_db"":19.806270181723217,""interior_hole_fraction"":0.006255744490772486,""n_gaussians"":2000,""outside_coverage_max"":0.0,""outside_max_abs"":0.0,""p99_mse"":0.08903348445892334}",19.806270360873576,0.010456177906008893,"{""boundary_hole_fraction"":0.0,""boundary_mse"":0.010456178337335587,""boundary_psnr_db"":19.806270181723217,""cvar99_mse"":0.12746718525886536,""finite"":true,""foreground_mse"":0.010456178337335587,""foreground_psnr_db"":19.806270181723217,""interior_hole_fraction"":0.006255744490772486,""n_gaussians"":2000,""outside_coverage_max"":0.0,""outside_max_abs"":0.0,""p99_mse"":0.08903348445892334}",candidate_rejected,1,0.0,0,4.172325134277344e-07,false,0.47440245747566223,ok,1885ed269e0c882fadc488c3e461adacb474b1c811f3bb3b40445d3a013225f5,0.18571493600029498,0.18571493600029498,2084372480
