adjoint_relative_error,artifacts,backend,baseline_allocated_bytes,baseline_reserved_bytes,cache_build_seconds,cache_bytes,cache_nnz,cell_id,cold_render_max_abs,family,forward_calls,iterations_run,lpips,maintained_parity_max_abs,ms_ssim,n_gaussians,peak_allocated_bytes,peak_reserved_bytes,psnr,raw_sse,repeat,seed,selected_iteration,selected_violation,status,total_seconds,transpose_calls,worker_peak_rss_bytes
5.986541509628296e-06,"{""config.json"":""cells/smooth_s0_r0_off/config.json"",""curves.png"":""cells/smooth_s0_r0_off/curves.png"",""decision"":""decision.json"",""error.png"":""cells/smooth_s0_r0_off/error.png"",""field.npz"":""cells/smooth_s0_r0_off/field.npz"",""history.json"":""cells/smooth_s0_r0_off/history.json"",""input_field.npz"":""cells/smooth_s0_r0_off/input_field.npz"",""mask.npy"":""cells/smooth_s0_r0_off/mask.npy"",""reconstruction.npy"":""cells/smooth_s0_r0_off/reconstruction.npy"",""reconstruction.png"":""cells/smooth_s0_r0_off/reconstruction.png"",""target.npy"":""cells/smooth_s0_r0_off/target.npy"",""target.png"":""cells/smooth_s0_r0_off/target.png""}",off,0,33554432,0.0,0,0,smooth_s0_r0_off,1.1920928955078125e-07,smooth,99,48,0.08873450756072998,2.384185791015625e-07,0.9241205453872681,144,14045696,33554432,26.231416612540947,117.05757765904866,0,0,47,14.278764718147066,ok,0.3720449039974483,51,1344512000
8.52346420288086e-06,"{""config.json"":""cells/smooth_s0_r0_scatter/config.json"",""curves.png"":""cells/smooth_s0_r0_scatter/curves.png"",""decision"":""decision.json"",""error.png"":""cells/smooth_s0_r0_scatter/error.png"",""field.npz"":""cells/smooth_s0_r0_scatter/field.npz"",""history.json"":""cells/smooth_s0_r0_scatter/history.json"",""input_field.npz"":""cells/smooth_s0_r0_scatter/input_field.npz"",""mask.npy"":""cells/smooth_s0_r0_scatter/mask.npy"",""reconstruction.npy"":""cells/smooth_s0_r0_scatter/reconstruction.npy"",""reconstruction.png"":""cells/smooth_s0_r0_scatter/reconstruction.png"",""target.npy"":""cells/smooth_s0_r0_scatter/target.npy"",""target.png"":""cells/smooth_s0_r0_scatter/target.png""}",scatter,0,33554432,0.0014297970010375138,2625420,131271,smooth_s0_r0_scatter,1.1920928955078125e-07,smooth,99,48,0.08872617781162262,2.384185791015625e-07,0.9241207242012024,144,12248064,33554432,26.231416626798673,117.05757727475297,0,0,47,14.278764718147066,ok,0.1400094979981077,51,1346265088
6.925314664840698e-06,"{""config.json"":""cells/smooth_s0_r0_csr/config.json"",""curves.png"":""cells/smooth_s0_r0_csr/curves.png"",""decision"":""decision.json"",""error.png"":""cells/smooth_s0_r0_csr/error.png"",""field.npz"":""cells/smooth_s0_r0_csr/field.npz"",""history.json"":""cells/smooth_s0_r0_csr/history.json"",""input_field.npz"":""cells/smooth_s0_r0_csr/input_field.npz"",""mask.npy"":""cells/smooth_s0_r0_csr/mask.npy"",""reconstruction.npy"":""cells/smooth_s0_r0_csr/reconstruction.npy"",""reconstruction.png"":""cells/smooth_s0_r0_csr/reconstruction.png"",""target.npy"":""cells/smooth_s0_r0_csr/target.npy"",""target.png"":""cells/smooth_s0_r0_csr/target.png""}",csr,0,33554432,0.002816797001287341,3282744,131271,smooth_s0_r0_csr,1.1920928955078125e-07,smooth,99,48,0.08873174339532852,2.980232238769531e-07,0.9241204857826233,144,18533888,33554432,26.231416609101295,117.05757775175927,0,0,43,14.278764718147066,ok,0.13068043299790588,51,1329340416
1.989305019378662e-06,"{""config.json"":""cells/smooth_s0_r1_off/config.json"",""curves.png"":""cells/smooth_s0_r1_off/curves.png"",""decision"":""decision.json"",""error.png"":""cells/smooth_s0_r1_off/error.png"",""field.npz"":""cells/smooth_s0_r1_off/field.npz"",""history.json"":""cells/smooth_s0_r1_off/history.json"",""input_field.npz"":""cells/smooth_s0_r1_off/input_field.npz"",""mask.npy"":""cells/smooth_s0_r1_off/mask.npy"",""reconstruction.npy"":""cells/smooth_s0_r1_off/reconstruction.npy"",""reconstruction.png"":""cells/smooth_s0_r1_off/reconstruction.png"",""target.npy"":""cells/smooth_s0_r1_off/target.npy"",""target.png"":""cells/smooth_s0_r1_off/target.png""}",off,0,33554432,0.0,0,0,smooth_s0_r1_off,1.7881393432617188e-07,smooth,99,48,0.08872175216674805,2.384185791015625e-07,0.9241207838058472,144,14045696,33554432,26.231416598607016,117.05757803461695,1,0,42,14.278764718147066,ok,0.3149297999989358,51,1301864448
7.685273885726929e-06,"{""config.json"":""cells/smooth_s0_r1_csr/config.json"",""curves.png"":""cells/smooth_s0_r1_csr/curves.png"",""decision"":""decision.json"",""error.png"":""cells/smooth_s0_r1_csr/error.png"",""field.npz"":""cells/smooth_s0_r1_csr/field.npz"",""history.json"":""cells/smooth_s0_r1_csr/history.json"",""input_field.npz"":""cells/smooth_s0_r1_csr/input_field.npz"",""mask.npy"":""cells/smooth_s0_r1_csr/mask.npy"",""reconstruction.npy"":""cells/smooth_s0_r1_csr/reconstruction.npy"",""reconstruction.png"":""cells/smooth_s0_r1_csr/reconstruction.png"",""target.npy"":""cells/smooth_s0_r1_csr/target.npy"",""target.png"":""cells/smooth_s0_r1_csr/target.png""}",csr,0,33554432,0.002770284998405259,3282744,131271,smooth_s0_r1_csr,1.7881393432617188e-07,smooth,99,48,0.08872272074222565,2.384185791015625e-07,0.9241206645965576,144,18533888,33554432,26.231416597322095,117.05757806925003,1,0,42,14.278764718147066,ok,0.14155210799799534,51,1328308224
2.7157366275787354e-06,"{""config.json"":""cells/smooth_s0_r1_scatter/config.json"",""curves.png"":""cells/smooth_s0_r1_scatter/curves.png"",""decision"":""decision.json"",""error.png"":""cells/smooth_s0_r1_scatter/error.png"",""field.npz"":""cells/smooth_s0_r1_scatter/field.npz"",""history.json"":""cells/smooth_s0_r1_scatter/history.json"",""input_field.npz"":""cells/smooth_s0_r1_scatter/input_field.npz"",""mask.npy"":""cells/smooth_s0_r1_scatter/mask.npy"",""reconstruction.npy"":""cells/smooth_s0_r1_scatter/reconstruction.npy"",""reconstruction.png"":""cells/smooth_s0_r1_scatter/reconstruction.png"",""target.npy"":""cells/smooth_s0_r1_scatter/target.npy"",""target.png"":""cells/smooth_s0_r1_scatter/target.png""}",scatter,0,33554432,0.001788138997653732,2625420,131271,smooth_s0_r1_scatter,1.7881393432617188e-07,smooth,99,48,0.08873090147972107,2.384185791015625e-07,0.9241206049919128,144,12248064,33554432,26.231416577501303,117.05757860348984,1,0,48,14.278764718147066,ok,0.22113534000163781,51,1319702528
4.373490810394287e-06,"{""config.json"":""cells/smooth_s0_r2_scatter/config.json"",""curves.png"":""cells/smooth_s0_r2_scatter/curves.png"",""decision"":""decision.json"",""error.png"":""cells/smooth_s0_r2_scatter/error.png"",""field.npz"":""cells/smooth_s0_r2_scatter/field.npz"",""history.json"":""cells/smooth_s0_r2_scatter/history.json"",""input_field.npz"":""cells/smooth_s0_r2_scatter/input_field.npz"",""mask.npy"":""cells/smooth_s0_r2_scatter/mask.npy"",""reconstruction.npy"":""cells/smooth_s0_r2_scatter/reconstruction.npy"",""reconstruction.png"":""cells/smooth_s0_r2_scatter/reconstruction.png"",""target.npy"":""cells/smooth_s0_r2_scatter/target.npy"",""target.png"":""cells/smooth_s0_r2_scatter/target.png""}",scatter,0,33554432,0.0018645210002432577,2625420,131271,smooth_s0_r2_scatter,1.1920928955078125e-07,smooth,99,48,0.08872561901807785,2.384185791015625e-07,0.9241206049919128,144,12248064,33554432,26.231416599296917,117.05757801602161,2,0,44,14.278764718147066,ok,0.1720498590002535,51,1331482624
1.6652047634124756e-06,"{""config.json"":""cells/smooth_s0_r2_off/config.json"",""curves.png"":""cells/smooth_s0_r2_off/curves.png"",""decision"":""decision.json"",""error.png"":""cells/smooth_s0_r2_off/error.png"",""field.npz"":""cells/smooth_s0_r2_off/field.npz"",""history.json"":""cells/smooth_s0_r2_off/history.json"",""input_field.npz"":""cells/smooth_s0_r2_off/input_field.npz"",""mask.npy"":""cells/smooth_s0_r2_off/mask.npy"",""reconstruction.npy"":""cells/smooth_s0_r2_off/reconstruction.npy"",""reconstruction.png"":""cells/smooth_s0_r2_off/reconstruction.png"",""target.npy"":""cells/smooth_s0_r2_off/target.npy"",""target.png"":""cells/smooth_s0_r2_off/target.png""}",off,0,33554432,0.0,0,0,smooth_s0_r2_off,1.1920928955078125e-07,smooth,99,48,0.08873289823532104,2.384185791015625e-07,0.9241206645965576,144,14045696,33554432,26.23141661854322,117.05757749726641,2,0,46,14.278764718147066,ok,0.42481085299732513,51,1306255360
6.243586540222168e-06,"{""config.json"":""cells/smooth_s0_r2_csr/config.json"",""curves.png"":""cells/smooth_s0_r2_csr/curves.png"",""decision"":""decision.json"",""error.png"":""cells/smooth_s0_r2_csr/error.png"",""field.npz"":""cells/smooth_s0_r2_csr/field.npz"",""history.json"":""cells/smooth_s0_r2_csr/history.json"",""input_field.npz"":""cells/smooth_s0_r2_csr/input_field.npz"",""mask.npy"":""cells/smooth_s0_r2_csr/mask.npy"",""reconstruction.npy"":""cells/smooth_s0_r2_csr/reconstruction.npy"",""reconstruction.png"":""cells/smooth_s0_r2_csr/reconstruction.png"",""target.npy"":""cells/smooth_s0_r2_csr/target.npy"",""target.png"":""cells/smooth_s0_r2_csr/target.png""}",csr,0,33554432,0.003429583000979619,3282744,131271,smooth_s0_r2_csr,1.7881393432617188e-07,smooth,99,48,0.08872675895690918,2.384185791015625e-07,0.9241206645965576,144,18533888,33554432,26.23141659430268,117.05757815063384,2,0,43,14.278764718147066,ok,0.2284208969977044,51,1329909760
8.109956979751587e-06,"{""config.json"":""cells/smooth_s0_r3_scatter/config.json"",""curves.png"":""cells/smooth_s0_r3_scatter/curves.png"",""decision"":""decision.json"",""error.png"":""cells/smooth_s0_r3_scatter/error.png"",""field.npz"":""cells/smooth_s0_r3_scatter/field.npz"",""history.json"":""cells/smooth_s0_r3_scatter/history.json"",""input_field.npz"":""cells/smooth_s0_r3_scatter/input_field.npz"",""mask.npy"":""cells/smooth_s0_r3_scatter/mask.npy"",""reconstruction.npy"":""cells/smooth_s0_r3_scatter/reconstruction.npy"",""reconstruction.png"":""cells/smooth_s0_r3_scatter/reconstruction.png"",""target.npy"":""cells/smooth_s0_r3_scatter/target.npy"",""target.png"":""cells/smooth_s0_r3_scatter/target.png""}",scatter,0,33554432,0.002194569999119267,2625420,131271,smooth_s0_r3_scatter,1.1920928955078125e-07,smooth,99,48,0.08872845768928528,2.384185791015625e-07,0.9241205453872681,144,12248064,33554432,26.231416618708664,117.05757749280704,3,0,44,14.278764718147066,ok,0.23818806599956588,51,1304489984
7.014721632003784e-06,"{""config.json"":""cells/smooth_s0_r3_csr/config.json"",""curves.png"":""cells/smooth_s0_r3_csr/curves.png"",""decision"":""decision.json"",""error.png"":""cells/smooth_s0_r3_csr/error.png"",""field.npz"":""cells/smooth_s0_r3_csr/field.npz"",""history.json"":""cells/smooth_s0_r3_csr/history.json"",""input_field.npz"":""cells/smooth_s0_r3_csr/input_field.npz"",""mask.npy"":""cells/smooth_s0_r3_csr/mask.npy"",""reconstruction.npy"":""cells/smooth_s0_r3_csr/reconstruction.npy"",""reconstruction.png"":""cells/smooth_s0_r3_csr/reconstruction.png"",""target.npy"":""cells/smooth_s0_r3_csr/target.npy"",""target.png"":""cells/smooth_s0_r3_csr/target.png""}",csr,0,33554432,0.0036345980006444734,3282744,131271,smooth_s0_r3_csr,1.7881393432617188e-07,smooth,99,48,0.08872514218091965,2.384185791015625e-07,0.9241206049919128,144,18533888,33554432,26.23141660500579,117.05757786214755,3,0,42,14.278764718147066,ok,0.2370146899993415,51,1317498880
1.4528632164001465e-07,"{""config.json"":""cells/smooth_s0_r3_off/config.json"",""curves.png"":""cells/smooth_s0_r3_off/curves.png"",""decision"":""decision.json"",""error.png"":""cells/smooth_s0_r3_off/error.png"",""field.npz"":""cells/smooth_s0_r3_off/field.npz"",""history.json"":""cells/smooth_s0_r3_off/history.json"",""input_field.npz"":""cells/smooth_s0_r3_off/input_field.npz"",""mask.npy"":""cells/smooth_s0_r3_off/mask.npy"",""reconstruction.npy"":""cells/smooth_s0_r3_off/reconstruction.npy"",""reconstruction.png"":""cells/smooth_s0_r3_off/reconstruction.png"",""target.npy"":""cells/smooth_s0_r3_off/target.npy"",""target.png"":""cells/smooth_s0_r3_off/target.png""}",off,0,33554432,0.0,0,0,smooth_s0_r3_off,1.7881393432617188e-07,smooth,99,48,0.08872810751199722,2.980232238769531e-07,0.9241205453872681,144,14045696,33554432,26.231416608612626,117.0575777649307,3,0,43,14.278764718147066,ok,0.8154907239986642,51,1320378368
6.895512342453003e-06,"{""config.json"":""cells/smooth_s0_r4_csr/config.json"",""curves.png"":""cells/smooth_s0_r4_csr/curves.png"",""decision"":""decision.json"",""error.png"":""cells/smooth_s0_r4_csr/error.png"",""field.npz"":""cells/smooth_s0_r4_csr/field.npz"",""history.json"":""cells/smooth_s0_r4_csr/history.json"",""input_field.npz"":""cells/smooth_s0_r4_csr/input_field.npz"",""mask.npy"":""cells/smooth_s0_r4_csr/mask.npy"",""reconstruction.npy"":""cells/smooth_s0_r4_csr/reconstruction.npy"",""reconstruction.png"":""cells/smooth_s0_r4_csr/reconstruction.png"",""target.npy"":""cells/smooth_s0_r4_csr/target.npy"",""target.png"":""cells/smooth_s0_r4_csr/target.png""}",csr,0,33554432,0.006820210001023952,3282744,131271,smooth_s0_r4_csr,1.1920928955078125e-07,smooth,99,48,0.08873029053211212,2.384185791015625e-07,0.9241204857826233,144,18533888,33554432,26.231416596383518,117.05757809454795,4,0,43,14.278764718147066,ok,0.2984425499998906,51,1328574464
3.546476364135742e-06,"{""config.json"":""cells/smooth_s0_r4_off/config.json"",""curves.png"":""cells/smooth_s0_r4_off/curves.png"",""decision"":""decision.json"",""error.png"":""cells/smooth_s0_r4_off/error.png"",""field.npz"":""cells/smooth_s0_r4_off/field.npz"",""history.json"":""cells/smooth_s0_r4_off/history.json"",""input_field.npz"":""cells/smooth_s0_r4_off/input_field.npz"",""mask.npy"":""cells/smooth_s0_r4_off/mask.npy"",""reconstruction.npy"":""cells/smooth_s0_r4_off/reconstruction.npy"",""reconstruction.png"":""cells/smooth_s0_r4_off/reconstruction.png"",""target.npy"":""cells/smooth_s0_r4_off/target.npy"",""target.png"":""cells/smooth_s0_r4_off/target.png""}",off,0,33554432,0.0,0,0,smooth_s0_r4_off,1.1920928955078125e-07,smooth,99,48,0.08872655779123306,2.384185791015625e-07,0.9241206645965576,144,14045696,33554432,26.23141662637718,117.05757728611364,4,0,48,14.278764718147066,ok,0.4384304989980592,51,1302241280
2.603977918624878e-06,"{""config.json"":""cells/smooth_s0_r4_scatter/config.json"",""curves.png"":""cells/smooth_s0_r4_scatter/curves.png"",""decision"":""decision.json"",""error.png"":""cells/smooth_s0_r4_scatter/error.png"",""field.npz"":""cells/smooth_s0_r4_scatter/field.npz"",""history.json"":""cells/smooth_s0_r4_scatter/history.json"",""input_field.npz"":""cells/smooth_s0_r4_scatter/input_field.npz"",""mask.npy"":""cells/smooth_s0_r4_scatter/mask.npy"",""reconstruction.npy"":""cells/smooth_s0_r4_scatter/reconstruction.npy"",""reconstruction.png"":""cells/smooth_s0_r4_scatter/reconstruction.png"",""target.npy"":""cells/smooth_s0_r4_scatter/target.npy"",""target.png"":""cells/smooth_s0_r4_scatter/target.png""}",scatter,0,33554432,0.0019671740010380745,2625420,131271,smooth_s0_r4_scatter,1.7881393432617188e-07,smooth,99,48,0.08873344957828522,2.384185791015625e-07,0.9241207838058472,144,12248064,33554432,26.231416618388586,117.05757750143422,4,0,46,14.278764718147066,ok,0.2333514700003434,51,1307062272
7.309019565582275e-06,"{""config.json"":""cells/smooth_s0_r5_csr/config.json"",""curves.png"":""cells/smooth_s0_r5_csr/curves.png"",""decision"":""decision.json"",""error.png"":""cells/smooth_s0_r5_csr/error.png"",""field.npz"":""cells/smooth_s0_r5_csr/field.npz"",""history.json"":""cells/smooth_s0_r5_csr/history.json"",""input_field.npz"":""cells/smooth_s0_r5_csr/input_field.npz"",""mask.npy"":""cells/smooth_s0_r5_csr/mask.npy"",""reconstruction.npy"":""cells/smooth_s0_r5_csr/reconstruction.npy"",""reconstruction.png"":""cells/smooth_s0_r5_csr/reconstruction.png"",""target.npy"":""cells/smooth_s0_r5_csr/target.npy"",""target.png"":""cells/smooth_s0_r5_csr/target.png""}",csr,0,33554432,0.0036618520025513135,3282744,131271,smooth_s0_r5_csr,1.1920928955078125e-07,smooth,99,48,0.08872920274734497,2.384185791015625e-07,0.9241204857826233,144,18533888,33554432,26.23141660699828,117.05757780844293,5,0,41,14.278764718147066,ok,0.244541948002734,51,1333653504
2.652406692504883e-06,"{""config.json"":""cells/smooth_s0_r5_scatter/config.json"",""curves.png"":""cells/smooth_s0_r5_scatter/curves.png"",""decision"":""decision.json"",""error.png"":""cells/smooth_s0_r5_scatter/error.png"",""field.npz"":""cells/smooth_s0_r5_scatter/field.npz"",""history.json"":""cells/smooth_s0_r5_scatter/history.json"",""input_field.npz"":""cells/smooth_s0_r5_scatter/input_field.npz"",""mask.npy"":""cells/smooth_s0_r5_scatter/mask.npy"",""reconstruction.npy"":""cells/smooth_s0_r5_scatter/reconstruction.npy"",""reconstruction.png"":""cells/smooth_s0_r5_scatter/reconstruction.png"",""target.npy"":""cells/smooth_s0_r5_scatter/target.npy"",""target.png"":""cells/smooth_s0_r5_scatter/target.png""}",scatter,0,33554432,0.0017888640031742398,2625420,131271,smooth_s0_r5_scatter,1.7881393432617188e-07,smooth,99,48,0.08873522281646729,2.384185791015625e-07,0.9241206049919128,144,12248064,33554432,26.231416607630777,117.057577791395,5,0,47,14.278764718147066,ok,0.22162296500027878,51,1333473280
3.721565008163452e-06,"{""config.json"":""cells/smooth_s0_r5_off/config.json"",""curves.png"":""cells/smooth_s0_r5_off/curves.png"",""decision"":""decision.json"",""error.png"":""cells/smooth_s0_r5_off/error.png"",""field.npz"":""cells/smooth_s0_r5_off/field.npz"",""history.json"":""cells/smooth_s0_r5_off/history.json"",""input_field.npz"":""cells/smooth_s0_r5_off/input_field.npz"",""mask.npy"":""cells/smooth_s0_r5_off/mask.npy"",""reconstruction.npy"":""cells/smooth_s0_r5_off/reconstruction.npy"",""reconstruction.png"":""cells/smooth_s0_r5_off/reconstruction.png"",""target.npy"":""cells/smooth_s0_r5_off/target.npy"",""target.png"":""cells/smooth_s0_r5_off/target.png""}",off,0,33554432,0.0,0,0,smooth_s0_r5_off,1.7881393432617188e-07,smooth,99,48,0.08872651308774948,2.384185791015625e-07,0.9241205453872681,144,14045696,33554432,26.231416590886482,117.05757824271241,5,0,44,14.278764718147066,ok,0.3246188599987363,51,1326841856
6.064772605895996e-06,"{""config.json"":""cells/smooth_s1_r0_off/config.json"",""curves.png"":""cells/smooth_s1_r0_off/curves.png"",""decision"":""decision.json"",""error.png"":""cells/smooth_s1_r0_off/error.png"",""field.npz"":""cells/smooth_s1_r0_off/field.npz"",""history.json"":""cells/smooth_s1_r0_off/history.json"",""input_field.npz"":""cells/smooth_s1_r0_off/input_field.npz"",""mask.npy"":""cells/smooth_s1_r0_off/mask.npy"",""reconstruction.npy"":""cells/smooth_s1_r0_off/reconstruction.npy"",""reconstruction.png"":""cells/smooth_s1_r0_off/reconstruction.png"",""target.npy"":""cells/smooth_s1_r0_off/target.npy"",""target.png"":""cells/smooth_s1_r0_off/target.png""}",off,0,33554432,0.0,0,0,smooth_s1_r0_off,1.1920928955078125e-07,smooth,99,48,0.07627816498279572,2.384185791015625e-07,0.9419741630554199,144,14036992,33554432,27.110375742403235,95.61006639327854,0,1,40,15.843574057267265,ok,0.35316488399985246,51,1305829376
3.0100345611572266e-06,"{""config.json"":""cells/smooth_s1_r0_scatter/config.json"",""curves.png"":""cells/smooth_s1_r0_scatter/curves.png"",""decision"":""decision.json"",""error.png"":""cells/smooth_s1_r0_scatter/error.png"",""field.npz"":""cells/smooth_s1_r0_scatter/field.npz"",""history.json"":""cells/smooth_s1_r0_scatter/history.json"",""input_field.npz"":""cells/smooth_s1_r0_scatter/input_field.npz"",""mask.npy"":""cells/smooth_s1_r0_scatter/mask.npy"",""reconstruction.npy"":""cells/smooth_s1_r0_scatter/reconstruction.npy"",""reconstruction.png"":""cells/smooth_s1_r0_scatter/reconstruction.png"",""target.npy"":""cells/smooth_s1_r0_scatter/target.npy"",""target.png"":""cells/smooth_s1_r0_scatter/target.png""}",scatter,0,33554432,0.0014311479972093366,2618000,130900,smooth_s1_r0_scatter,1.7881393432617188e-07,smooth,99,48,0.07628467679023743,2.384185791015625e-07,0.9419742226600647,144,12239360,33554432,27.11037570525711,95.61006721105161,0,1,46,15.843574057267265,ok,0.16254496200053836,51,1316798464
1.0058283805847168e-06,"{""config.json"":""cells/smooth_s1_r0_csr/config.json"",""curves.png"":""cells/smooth_s1_r0_csr/curves.png"",""decision"":""decision.json"",""error.png"":""cells/smooth_s1_r0_csr/error.png"",""field.npz"":""cells/smooth_s1_r0_csr/field.npz"",""history.json"":""cells/smooth_s1_r0_csr/history.json"",""input_field.npz"":""cells/smooth_s1_r0_csr/input_field.npz"",""mask.npy"":""cells/smooth_s1_r0_csr/mask.npy"",""reconstruction.npy"":""cells/smooth_s1_r0_csr/reconstruction.npy"",""reconstruction.png"":""cells/smooth_s1_r0_csr/reconstruction.png"",""target.npy"":""cells/smooth_s1_r0_csr/target.npy"",""target.png"":""cells/smooth_s1_r0_csr/target.png""}",csr,0,33554432,0.0028198210020491388,3273840,130900,smooth_s1_r0_csr,1.1920928955078125e-07,smooth,99,48,0.07628129422664642,2.384185791015625e-07,0.9419742822647095,144,16776192,33554432,27.110375771766684,95.61006574684126,0,1,42,15.843574057267265,ok,0.163741468997614,51,1302790144
6.921589374542236e-06,"{""config.json"":""cells/smooth_s1_r1_off/config.json"",""curves.png"":""cells/smooth_s1_r1_off/curves.png"",""decision"":""decision.json"",""error.png"":""cells/smooth_s1_r1_off/error.png"",""field.npz"":""cells/smooth_s1_r1_off/field.npz"",""history.json"":""cells/smooth_s1_r1_off/history.json"",""input_field.npz"":""cells/smooth_s1_r1_off/input_field.npz"",""mask.npy"":""cells/smooth_s1_r1_off/mask.npy"",""reconstruction.npy"":""cells/smooth_s1_r1_off/reconstruction.npy"",""reconstruction.png"":""cells/smooth_s1_r1_off/reconstruction.png"",""target.npy"":""cells/smooth_s1_r1_off/target.npy"",""target.png"":""cells/smooth_s1_r1_off/target.png""}",off,0,33554432,0.0,0,0,smooth_s1_r1_off,1.7881393432617188e-07,smooth,99,48,0.07627950608730316,2.384185791015625e-07,0.9419742822647095,144,14036992,33554432,27.110375732243032,95.61006661695563,1,1,41,15.843574057267265,ok,0.3305311200019787,51,1305088000
1.6167759895324707e-06,"{""config.json"":""cells/smooth_s1_r1_csr/config.json"",""curves.png"":""cells/smooth_s1_r1_csr/curves.png"",""decision"":""decision.json"",""error.png"":""cells/smooth_s1_r1_csr/error.png"",""field.npz"":""cells/smooth_s1_r1_csr/field.npz"",""history.json"":""cells/smooth_s1_r1_csr/history.json"",""input_field.npz"":""cells/smooth_s1_r1_csr/input_field.npz"",""mask.npy"":""cells/smooth_s1_r1_csr/mask.npy"",""reconstruction.npy"":""cells/smooth_s1_r1_csr/reconstruction.npy"",""reconstruction.png"":""cells/smooth_s1_r1_csr/reconstruction.png"",""target.npy"":""cells/smooth_s1_r1_csr/target.npy"",""target.png"":""cells/smooth_s1_r1_csr/target.png""}",csr,0,33554432,0.008679471000505146,3273840,130900,smooth_s1_r1_csr,1.7881393432617188e-07,smooth,99,48,0.07627585530281067,2.384185791015625e-07,0.9419743418693542,144,16776192,33554432,27.110375716680345,95.6100669595688,1,1,41,15.843574057267265,ok,0.2992369059975317,51,1332281344
3.851950168609619e-06,"{""config.json"":""cells/smooth_s1_r1_scatter/config.json"",""curves.png"":""cells/smooth_s1_r1_scatter/curves.png"",""decision"":""decision.json"",""error.png"":""cells/smooth_s1_r1_scatter/error.png"",""field.npz"":""cells/smooth_s1_r1_scatter/field.npz"",""history.json"":""cells/smooth_s1_r1_scatter/history.json"",""input_field.npz"":""cells/smooth_s1_r1_scatter/input_field.npz"",""mask.npy"":""cells/smooth_s1_r1_scatter/mask.npy"",""reconstruction.npy"":""cells/smooth_s1_r1_scatter/reconstruction.npy"",""reconstruction.png"":""cells/smooth_s1_r1_scatter/reconstruction.png"",""target.npy"":""cells/smooth_s1_r1_scatter/target.npy"",""target.png"":""cells/smooth_s1_r1_scatter/target.png""}",scatter,0,33554432,0.004259506000380497,2618000,130900,smooth_s1_r1_scatter,1.1920928955078125e-07,smooth,99,48,0.07627788931131363,2.384185791015625e-07,0.9419741630554199,144,12239360,33554432,27.110375730355933,95.61006665850019,1,1,46,15.843574057267265,ok,0.2522923000033188,51,1328549888
5.513429641723633e-07,"{""config.json"":""cells/smooth_s1_r2_scatter/config.json"",""curves.png"":""cells/smooth_s1_r2_scatter/curves.png"",""decision"":""decision.json"",""error.png"":""cells/smooth_s1_r2_scatter/error.png"",""field.npz"":""cells/smooth_s1_r2_scatter/field.npz"",""history.json"":""cells/smooth_s1_r2_scatter/history.json"",""input_field.npz"":""cells/smooth_s1_r2_scatter/input_field.npz"",""mask.npy"":""cells/smooth_s1_r2_scatter/mask.npy"",""reconstruction.npy"":""cells/smooth_s1_r2_scatter/reconstruction.npy"",""reconstruction.png"":""cells/smooth_s1_r2_scatter/reconstruction.png"",""target.npy"":""cells/smooth_s1_r2_scatter/target.npy"",""target.png"":""cells/smooth_s1_r2_scatter/target.png""}",scatter,0,33554432,0.002464260000124341,2618000,130900,smooth_s1_r2_scatter,1.7881393432617188e-07,smooth,99,48,0.0762789249420166,2.384185791015625e-07,0.9419741630554199,144,12239360,33554432,27.110375745573666,95.61006632348136,2,1,43,15.843574057267265,ok,0.2436997650002013,51,1306476544
1.3209879398345947e-05,"{""config.json"":""cells/smooth_s1_r2_off/config.json"",""curves.png"":""cells/smooth_s1_r2_off/curves.png"",""decision"":""decision.json"",""error.png"":""cells/smooth_s1_r2_off/error.png"",""field.npz"":""cells/smooth_s1_r2_off/field.npz"",""history.json"":""cells/smooth_s1_r2_off/history.json"",""input_field.npz"":""cells/smooth_s1_r2_off/input_field.npz"",""mask.npy"":""cells/smooth_s1_r2_off/mask.npy"",""reconstruction.npy"":""cells/smooth_s1_r2_off/reconstruction.npy"",""reconstruction.png"":""cells/smooth_s1_r2_off/reconstruction.png"",""target.npy"":""cells/smooth_s1_r2_off/target.npy"",""target.png"":""cells/smooth_s1_r2_off/target.png""}",off,0,33554432,0.0,0,0,smooth_s1_r2_off,1.7881393432617188e-07,smooth,99,48,0.07628032565116882,2.384185791015625e-07,0.9419741630554199,144,14036992,33554432,27.110375703750957,95.61006724420957,2,1,39,15.843574057267265,ok,0.3753794369986281,51,1327415296
9.909272193908691e-07,"{""config.json"":""cells/smooth_s1_r2_csr/config.json"",""curves.png"":""cells/smooth_s1_r2_csr/curves.png"",""decision"":""decision.json"",""error.png"":""cells/smooth_s1_r2_csr/error.png"",""field.npz"":""cells/smooth_s1_r2_csr/field.npz"",""history.json"":""cells/smooth_s1_r2_csr/history.json"",""input_field.npz"":""cells/smooth_s1_r2_csr/input_field.npz"",""mask.npy"":""cells/smooth_s1_r2_csr/mask.npy"",""reconstruction.npy"":""cells/smooth_s1_r2_csr/reconstruction.npy"",""reconstruction.png"":""cells/smooth_s1_r2_csr/reconstruction.png"",""target.npy"":""cells/smooth_s1_r2_csr/target.npy"",""target.png"":""cells/smooth_s1_r2_csr/target.png""}",csr,0,33554432,0.002809677000186639,3273840,130900,smooth_s1_r2_csr,1.1920928955078125e-07,smooth,99,48,0.07627618312835693,2.384185791015625e-07,0.9419742822647095,144,16776192,33554432,27.11037578691596,95.61006541332948,2,1,41,15.843574057267265,ok,0.15848312299931422,51,1330843648
1.583993434906006e-05,"{""config.json"":""cells/smooth_s1_r3_scatter/config.json"",""curves.png"":""cells/smooth_s1_r3_scatter/curves.png"",""decision"":""decision.json"",""error.png"":""cells/smooth_s1_r3_scatter/error.png"",""field.npz"":""cells/smooth_s1_r3_scatter/field.npz"",""history.json"":""cells/smooth_s1_r3_scatter/history.json"",""input_field.npz"":""cells/smooth_s1_r3_scatter/input_field.npz"",""mask.npy"":""cells/smooth_s1_r3_scatter/mask.npy"",""reconstruction.npy"":""cells/smooth_s1_r3_scatter/reconstruction.npy"",""reconstruction.png"":""cells/smooth_s1_r3_scatter/reconstruction.png"",""target.npy"":""cells/smooth_s1_r3_scatter/target.npy"",""target.png"":""cells/smooth_s1_r3_scatter/target.png""}",scatter,0,33554432,0.0018003620025410783,2618000,130900,smooth_s1_r3_scatter,1.7881393432617188e-07,smooth,99,48,0.07627928256988525,2.384185791015625e-07,0.9419741034507751,144,12239360,33554432,27.110375727745442,95.61006671597019,3,1,39,15.843574057267265,ok,0.15530286400098703,51,1302568960
1.2516975402832031e-06,"{""config.json"":""cells/smooth_s1_r3_csr/config.json"",""curves.png"":""cells/smooth_s1_r3_csr/curves.png"",""decision"":""decision.json"",""error.png"":""cells/smooth_s1_r3_csr/error.png"",""field.npz"":""cells/smooth_s1_r3_csr/field.npz"",""history.json"":""cells/smooth_s1_r3_csr/history.json"",""input_field.npz"":""cells/smooth_s1_r3_csr/input_field.npz"",""mask.npy"":""cells/smooth_s1_r3_csr/mask.npy"",""reconstruction.npy"":""cells/smooth_s1_r3_csr/reconstruction.npy"",""reconstruction.png"":""cells/smooth_s1_r3_csr/reconstruction.png"",""target.npy"":""cells/smooth_s1_r3_csr/target.npy"",""target.png"":""cells/smooth_s1_r3_csr/target.png""}",csr,0,33554432,0.002935584998340346,3273840,130900,smooth_s1_r3_csr,1.1920928955078125e-07,smooth,99,48,0.07628051191568375,2.384185791015625e-07,0.9419742226600647,144,16776192,33554432,27.110375735158804,95.61006655276495,3,1,40,15.843574057267265,ok,0.15448340800139704,51,1305468928
7.5623393058776855e-06,"{""config.json"":""cells/smooth_s1_r3_off/config.json"",""curves.png"":""cells/smooth_s1_r3_off/curves.png"",""decision"":""decision.json"",""error.png"":""cells/smooth_s1_r3_off/error.png"",""field.npz"":""cells/smooth_s1_r3_off/field.npz"",""history.json"":""cells/smooth_s1_r3_off/history.json"",""input_field.npz"":""cells/smooth_s1_r3_off/input_field.npz"",""mask.npy"":""cells/smooth_s1_r3_off/mask.npy"",""reconstruction.npy"":""cells/smooth_s1_r3_off/reconstruction.npy"",""reconstruction.png"":""cells/smooth_s1_r3_off/reconstruction.png"",""target.npy"":""cells/smooth_s1_r3_off/target.npy"",""target.png"":""cells/smooth_s1_r3_off/target.png""}",off,0,33554432,0.0,0,0,smooth_s1_r3_off,1.7881393432617188e-07,smooth,99,48,0.0762823224067688,2.384185791015625e-07,0.9419742226600647,144,14036992,33554432,27.110375790773674,95.61006532840175,3,1,40,15.843574057267265,ok,0.6654726150009083,51,1305620480
1.952052116394043e-06,"{""config.json"":""cells/smooth_s1_r4_csr/config.json"",""curves.png"":""cells/smooth_s1_r4_csr/curves.png"",""decision"":""decision.json"",""error.png"":""cells/smooth_s1_r4_csr/error.png"",""field.npz"":""cells/smooth_s1_r4_csr/field.npz"",""history.json"":""cells/smooth_s1_r4_csr/history.json"",""input_field.npz"":""cells/smooth_s1_r4_csr/input_field.npz"",""mask.npy"":""cells/smooth_s1_r4_csr/mask.npy"",""reconstruction.npy"":""cells/smooth_s1_r4_csr/reconstruction.npy"",""reconstruction.png"":""cells/smooth_s1_r4_csr/reconstruction.png"",""target.npy"":""cells/smooth_s1_r4_csr/target.npy"",""target.png"":""cells/smooth_s1_r4_csr/target.png""}",csr,0,33554432,0.0026903720026894007,3273840,130900,smooth_s1_r4_csr,1.1920928955078125e-07,smooth,99,48,0.07627714425325394,2.384185791015625e-07,0.9419741034507751,144,16776192,33554432,27.110375762194575,95.61006595757152,4,1,40,15.843574057267265,ok,0.13898008199976175,51,1305866240
8.106231689453125e-06,"{""config.json"":""cells/smooth_s1_r4_off/config.json"",""curves.png"":""cells/smooth_s1_r4_off/curves.png"",""decision"":""decision.json"",""error.png"":""cells/smooth_s1_r4_off/error.png"",""field.npz"":""cells/smooth_s1_r4_off/field.npz"",""history.json"":""cells/smooth_s1_r4_off/history.json"",""input_field.npz"":""cells/smooth_s1_r4_off/input_field.npz"",""mask.npy"":""cells/smooth_s1_r4_off/mask.npy"",""reconstruction.npy"":""cells/smooth_s1_r4_off/reconstruction.npy"",""reconstruction.png"":""cells/smooth_s1_r4_off/reconstruction.png"",""target.npy"":""cells/smooth_s1_r4_off/target.npy"",""target.png"":""cells/smooth_s1_r4_off/target.png""}",off,0,33554432,0.0,0,0,smooth_s1_r4_off,1.1920928955078125e-07,smooth,99,48,0.07628524303436279,2.384185791015625e-07,0.9419741630554199,144,14036992,33554432,27.110375762976556,95.61006594035624,4,1,47,15.843574057267265,ok,0.2983305429988832,51,1306177536
7.465481758117676e-06,"{""config.json"":""cells/smooth_s1_r4_scatter/config.json"",""curves.png"":""cells/smooth_s1_r4_scatter/curves.png"",""decision"":""decision.json"",""error.png"":""cells/smooth_s1_r4_scatter/error.png"",""field.npz"":""cells/smooth_s1_r4_scatter/field.npz"",""history.json"":""cells/smooth_s1_r4_scatter/history.json"",""input_field.npz"":""cells/smooth_s1_r4_scatter/input_field.npz"",""mask.npy"":""cells/smooth_s1_r4_scatter/mask.npy"",""reconstruction.npy"":""cells/smooth_s1_r4_scatter/reconstruction.npy"",""reconstruction.png"":""cells/smooth_s1_r4_scatter/reconstruction.png"",""target.npy"":""cells/smooth_s1_r4_scatter/target.npy"",""target.png"":""cells/smooth_s1_r4_scatter/target.png""}",scatter,0,33554432,0.0015098939984454773,2618000,130900,smooth_s1_r4_scatter,1.7881393432617188e-07,smooth,99,48,0.07628293335437775,2.384185791015625e-07,0.9419742822647095,144,12239360,33554432,27.110375708451627,95.61006714072421,4,1,46,15.843574057267265,ok,0.1571354389998305,51,1316691968
8.642673492431641e-07,"{""config.json"":""cells/smooth_s1_r5_csr/config.json"",""curves.png"":""cells/smooth_s1_r5_csr/curves.png"",""decision"":""decision.json"",""error.png"":""cells/smooth_s1_r5_csr/error.png"",""field.npz"":""cells/smooth_s1_r5_csr/field.npz"",""history.json"":""cells/smooth_s1_r5_csr/history.json"",""input_field.npz"":""cells/smooth_s1_r5_csr/input_field.npz"",""mask.npy"":""cells/smooth_s1_r5_csr/mask.npy"",""reconstruction.npy"":""cells/smooth_s1_r5_csr/reconstruction.npy"",""reconstruction.png"":""cells/smooth_s1_r5_csr/reconstruction.png"",""target.npy"":""cells/smooth_s1_r5_csr/target.npy"",""target.png"":""cells/smooth_s1_r5_csr/target.png""}",csr,0,33554432,0.0027647370006889105,3273840,130900,smooth_s1_r5_csr,1.1920928955078125e-07,smooth,99,48,0.07627865672111511,2.384185791015625e-07,0.9419742822647095,144,16776192,33554432,27.110375729613466,95.61006667484571,5,1,42,15.843574057267265,ok,0.13909613999931025,51,1303982080
3.777444362640381e-06,"{""config.json"":""cells/smooth_s1_r5_scatter/config.json"",""curves.png"":""cells/smooth_s1_r5_scatter/curves.png"",""decision"":""decision.json"",""error.png"":""cells/smooth_s1_r5_scatter/error.png"",""field.npz"":""cells/smooth_s1_r5_scatter/field.npz"",""history.json"":""cells/smooth_s1_r5_scatter/history.json"",""input_field.npz"":""cells/smooth_s1_r5_scatter/input_field.npz"",""mask.npy"":""cells/smooth_s1_r5_scatter/mask.npy"",""reconstruction.npy"":""cells/smooth_s1_r5_scatter/reconstruction.npy"",""reconstruction.png"":""cells/smooth_s1_r5_scatter/reconstruction.png"",""target.npy"":""cells/smooth_s1_r5_scatter/target.npy"",""target.png"":""cells/smooth_s1_r5_scatter/target.png""}",scatter,0,33554432,0.0014216760027920827,2618000,130900,smooth_s1_r5_scatter,1.7881393432617188e-07,smooth,99,48,0.07627999037504196,2.384185791015625e-07,0.9419743418693542,144,12239360,33554432,27.110375715132054,95.61006699365439,5,1,42,15.843574057267265,ok,0.13587715299945557,51,1303556096
8.970499038696289e-06,"{""config.json"":""cells/smooth_s1_r5_off/config.json"",""curves.png"":""cells/smooth_s1_r5_off/curves.png"",""decision"":""decision.json"",""error.png"":""cells/smooth_s1_r5_off/error.png"",""field.npz"":""cells/smooth_s1_r5_off/field.npz"",""history.json"":""cells/smooth_s1_r5_off/history.json"",""input_field.npz"":""cells/smooth_s1_r5_off/input_field.npz"",""mask.npy"":""cells/smooth_s1_r5_off/mask.npy"",""reconstruction.npy"":""cells/smooth_s1_r5_off/reconstruction.npy"",""reconstruction.png"":""cells/smooth_s1_r5_off/reconstruction.png"",""target.npy"":""cells/smooth_s1_r5_off/target.npy"",""target.png"":""cells/smooth_s1_r5_off/target.png""}",off,0,33554432,0.0,0,0,smooth_s1_r5_off,1.1920928955078125e-07,smooth,99,48,0.0762794241309166,2.384185791015625e-07,0.9419741034507751,144,14036992,33554432,27.110375727341868,95.61006672485499,5,1,40,15.843574057267265,ok,0.2840807850006968,51,1307688960
1.959502696990967e-06,"{""config.json"":""cells/smooth_s2_r0_off/config.json"",""curves.png"":""cells/smooth_s2_r0_off/curves.png"",""decision"":""decision.json"",""error.png"":""cells/smooth_s2_r0_off/error.png"",""field.npz"":""cells/smooth_s2_r0_off/field.npz"",""history.json"":""cells/smooth_s2_r0_off/history.json"",""input_field.npz"":""cells/smooth_s2_r0_off/input_field.npz"",""mask.npy"":""cells/smooth_s2_r0_off/mask.npy"",""reconstruction.npy"":""cells/smooth_s2_r0_off/reconstruction.npy"",""reconstruction.png"":""cells/smooth_s2_r0_off/reconstruction.png"",""target.npy"":""cells/smooth_s2_r0_off/target.npy"",""target.png"":""cells/smooth_s2_r0_off/target.png""}",off,0,33554432,0.0,0,0,smooth_s2_r0_off,1.1920928955078125e-07,smooth,99,48,0.07572350651025772,2.384185791015625e-07,0.9410038590431213,144,14036992,33554432,27.22340973141393,93.15372390007741,0,2,38,15.077228676207657,ok,0.3108359149991884,51,1331560448
7.0035457611083984e-06,"{""config.json"":""cells/smooth_s2_r0_scatter/config.json"",""curves.png"":""cells/smooth_s2_r0_scatter/curves.png"",""decision"":""decision.json"",""error.png"":""cells/smooth_s2_r0_scatter/error.png"",""field.npz"":""cells/smooth_s2_r0_scatter/field.npz"",""history.json"":""cells/smooth_s2_r0_scatter/history.json"",""input_field.npz"":""cells/smooth_s2_r0_scatter/input_field.npz"",""mask.npy"":""cells/smooth_s2_r0_scatter/mask.npy"",""reconstruction.npy"":""cells/smooth_s2_r0_scatter/reconstruction.npy"",""reconstruction.png"":""cells/smooth_s2_r0_scatter/reconstruction.png"",""target.npy"":""cells/smooth_s2_r0_scatter/target.npy"",""target.png"":""cells/smooth_s2_r0_scatter/target.png""}",scatter,0,33554432,0.001484660999267362,2616520,130826,smooth_s2_r0_scatter,1.1920928955078125e-07,smooth,99,48,0.07573125511407852,2.384185791015625e-07,0.9410039782524109,144,12239360,33554432,27.223409776143363,93.15372294065635,0,2,42,15.077228676207657,ok,0.1604051559988875,51,1307840512
7.197260856628418e-06,"{""config.json"":""cells/smooth_s2_r0_csr/config.json"",""curves.png"":""cells/smooth_s2_r0_csr/curves.png"",""decision"":""decision.json"",""error.png"":""cells/smooth_s2_r0_csr/error.png"",""field.npz"":""cells/smooth_s2_r0_csr/field.npz"",""history.json"":""cells/smooth_s2_r0_csr/history.json"",""input_field.npz"":""cells/smooth_s2_r0_csr/input_field.npz"",""mask.npy"":""cells/smooth_s2_r0_csr/mask.npy"",""reconstruction.npy"":""cells/smooth_s2_r0_csr/reconstruction.npy"",""reconstruction.png"":""cells/smooth_s2_r0_csr/reconstruction.png"",""target.npy"":""cells/smooth_s2_r0_csr/target.npy"",""target.png"":""cells/smooth_s2_r0_csr/target.png""}",csr,0,33554432,0.0027847210003528744,3272064,130826,smooth_s2_r0_csr,1.7881393432617188e-07,smooth,99,48,0.07573114335536957,2.384185791015625e-07,0.9410039186477661,144,16769536,33554432,27.22340974612106,93.15372358461781,0,2,39,15.077228676207657,ok,0.1588404209978762,51,1363562496
5.714595317840576e-06,"{""config.json"":""cells/smooth_s2_r1_off/config.json"",""curves.png"":""cells/smooth_s2_r1_off/curves.png"",""decision"":""decision.json"",""error.png"":""cells/smooth_s2_r1_off/error.png"",""field.npz"":""cells/smooth_s2_r1_off/field.npz"",""history.json"":""cells/smooth_s2_r1_off/history.json"",""input_field.npz"":""cells/smooth_s2_r1_off/input_field.npz"",""mask.npy"":""cells/smooth_s2_r1_off/mask.npy"",""reconstruction.npy"":""cells/smooth_s2_r1_off/reconstruction.npy"",""reconstruction.png"":""cells/smooth_s2_r1_off/reconstruction.png"",""target.npy"":""cells/smooth_s2_r1_off/target.npy"",""target.png"":""cells/smooth_s2_r1_off/target.png""}",off,0,33554432,0.0,0,0,smooth_s2_r1_off,1.7881393432617188e-07,smooth,99,48,0.07573433965444565,2.384185791015625e-07,0.9410040378570557,144,14036992,33554432,27.22340976173557,93.15372324969536,1,2,41,15.077228676207657,ok,0.31991293799728737,51,1342869504
8.553266525268555e-06,"{""config.json"":""cells/smooth_s2_r1_csr/config.json"",""curves.png"":""cells/smooth_s2_r1_csr/curves.png"",""decision"":""decision.json"",""error.png"":""cells/smooth_s2_r1_csr/error.png"",""field.npz"":""cells/smooth_s2_r1_csr/field.npz"",""history.json"":""cells/smooth_s2_r1_csr/history.json"",""input_field.npz"":""cells/smooth_s2_r1_csr/input_field.npz"",""mask.npy"":""cells/smooth_s2_r1_csr/mask.npy"",""reconstruction.npy"":""cells/smooth_s2_r1_csr/reconstruction.npy"",""reconstruction.png"":""cells/smooth_s2_r1_csr/reconstruction.png"",""target.npy"":""cells/smooth_s2_r1_csr/target.npy"",""target.png"":""cells/smooth_s2_r1_csr/target.png""}",csr,0,33554432,0.002734208999754628,3272064,130826,smooth_s2_r1_csr,1.7881393432617188e-07,smooth,99,48,0.07573247700929642,2.384185791015625e-07,0.9410039782524109,144,16769536,33554432,27.223409729027832,93.15372395125794,1,2,41,15.077228676207657,ok,0.14967506500033778,51,1323069440
3.9711594581604e-06,"{""config.json"":""cells/smooth_s2_r1_scatter/config.json"",""curves.png"":""cells/smooth_s2_r1_scatter/curves.png"",""decision"":""decision.json"",""error.png"":""cells/smooth_s2_r1_scatter/error.png"",""field.npz"":""cells/smooth_s2_r1_scatter/field.npz"",""history.json"":""cells/smooth_s2_r1_scatter/history.json"",""input_field.npz"":""cells/smooth_s2_r1_scatter/input_field.npz"",""mask.npy"":""cells/smooth_s2_r1_scatter/mask.npy"",""reconstruction.npy"":""cells/smooth_s2_r1_scatter/reconstruction.npy"",""reconstruction.png"":""cells/smooth_s2_r1_scatter/reconstruction.png"",""target.npy"":""cells/smooth_s2_r1_scatter/target.npy"",""target.png"":""cells/smooth_s2_r1_scatter/target.png""}",scatter,0,33554432,0.0013747609991696663,2616520,130826,smooth_s2_r1_scatter,1.1920928955078125e-07,smooth,99,48,0.07573002576828003,2.384185791015625e-07,0.9410039782524109,144,12239360,33554432,27.22340974065128,93.15372370194152,1,2,42,15.077228676207657,ok,0.13829232400166802,51,1305579520
3.077089786529541e-06,"{""config.json"":""cells/smooth_s2_r2_scatter/config.json"",""curves.png"":""cells/smooth_s2_r2_scatter/curves.png"",""decision"":""decision.json"",""error.png"":""cells/smooth_s2_r2_scatter/error.png"",""field.npz"":""cells/smooth_s2_r2_scatter/field.npz"",""history.json"":""cells/smooth_s2_r2_scatter/history.json"",""input_field.npz"":""cells/smooth_s2_r2_scatter/input_field.npz"",""mask.npy"":""cells/smooth_s2_r2_scatter/mask.npy"",""reconstruction.npy"":""cells/smooth_s2_r2_scatter/reconstruction.npy"",""reconstruction.png"":""cells/smooth_s2_r2_scatter/reconstruction.png"",""target.npy"":""cells/smooth_s2_r2_scatter/target.npy"",""target.png"":""cells/smooth_s2_r2_scatter/target.png""}",scatter,0,33554432,0.0014363739974214695,2616520,130826,smooth_s2_r2_scatter,1.7881393432617188e-07,smooth,99,48,0.0757235735654831,2.384185791015625e-07,0.9410040974617004,144,12239360,33554432,27.223409727059433,93.15372399347896,2,2,44,15.077228676207657,ok,0.1348883040009241,51,1342611456
3.4570693969726562e-06,"{""config.json"":""cells/smooth_s2_r2_off/config.json"",""curves.png"":""cells/smooth_s2_r2_off/curves.png"",""decision"":""decision.json"",""error.png"":""cells/smooth_s2_r2_off/error.png"",""field.npz"":""cells/smooth_s2_r2_off/field.npz"",""history.json"":""cells/smooth_s2_r2_off/history.json"",""input_field.npz"":""cells/smooth_s2_r2_off/input_field.npz"",""mask.npy"":""cells/smooth_s2_r2_off/mask.npy"",""reconstruction.npy"":""cells/smooth_s2_r2_off/reconstruction.npy"",""reconstruction.png"":""cells/smooth_s2_r2_off/reconstruction.png"",""target.npy"":""cells/smooth_s2_r2_off/target.npy"",""target.png"":""cells/smooth_s2_r2_off/target.png""}",off,0,33554432,0.0,0,0,smooth_s2_r2_off,1.7881393432617188e-07,smooth,99,48,0.07573044300079346,2.384185791015625e-07,0.9410037994384766,144,14036992,33554432,27.22340974265611,93.15372365893909,2,2,39,15.077228676207657,ok,0.30136647400286165,51,1333112832
7.681548595428467e-06,"{""config.json"":""cells/smooth_s2_r2_csr/config.json"",""curves.png"":""cells/smooth_s2_r2_csr/curves.png"",""decision"":""decision.json"",""error.png"":""cells/smooth_s2_r2_csr/error.png"",""field.npz"":""cells/smooth_s2_r2_csr/field.npz"",""history.json"":""cells/smooth_s2_r2_csr/history.json"",""input_field.npz"":""cells/smooth_s2_r2_csr/input_field.npz"",""mask.npy"":""cells/smooth_s2_r2_csr/mask.npy"",""reconstruction.npy"":""cells/smooth_s2_r2_csr/reconstruction.npy"",""reconstruction.png"":""cells/smooth_s2_r2_csr/reconstruction.png"",""target.npy"":""cells/smooth_s2_r2_csr/target.npy"",""target.png"":""cells/smooth_s2_r2_csr/target.png""}",csr,0,33554432,0.002732758002821356,3272064,130826,smooth_s2_r2_csr,1.7881393432617188e-07,smooth,99,48,0.07572698593139648,2.384185791015625e-07,0.9410039186477661,144,16769536,33554432,27.223409714653748,93.15372425957398,2,2,39,15.077228676207657,ok,0.14057453400164377,51,1335209984
8.568167686462402e-07,"{""config.json"":""cells/smooth_s2_r3_scatter/config.json"",""curves.png"":""cells/smooth_s2_r3_scatter/curves.png"",""decision"":""decision.json"",""error.png"":""cells/smooth_s2_r3_scatter/error.png"",""field.npz"":""cells/smooth_s2_r3_scatter/field.npz"",""history.json"":""cells/smooth_s2_r3_scatter/history.json"",""input_field.npz"":""cells/smooth_s2_r3_scatter/input_field.npz"",""mask.npy"":""cells/smooth_s2_r3_scatter/mask.npy"",""reconstruction.npy"":""cells/smooth_s2_r3_scatter/reconstruction.npy"",""reconstruction.png"":""cells/smooth_s2_r3_scatter/reconstruction.png"",""target.npy"":""cells/smooth_s2_r3_scatter/target.npy"",""target.png"":""cells/smooth_s2_r3_scatter/target.png""}",scatter,0,33554432,0.001381063000735594,2616520,130826,smooth_s2_r3_scatter,1.7881393432617188e-07,smooth,99,48,0.07572823762893677,2.384185791015625e-07,0.9410038590431213,144,12239360,33554432,27.22340970121397,93.15372454784963,3,2,39,15.077228676207657,ok,0.13175423700158717,51,1349877760
7.972121238708496e-06,"{""config.json"":""cells/smooth_s2_r3_csr/config.json"",""curves.png"":""cells/smooth_s2_r3_csr/curves.png"",""decision"":""decision.json"",""error.png"":""cells/smooth_s2_r3_csr/error.png"",""field.npz"":""cells/smooth_s2_r3_csr/field.npz"",""history.json"":""cells/smooth_s2_r3_csr/history.json"",""input_field.npz"":""cells/smooth_s2_r3_csr/input_field.npz"",""mask.npy"":""cells/smooth_s2_r3_csr/mask.npy"",""reconstruction.npy"":""cells/smooth_s2_r3_csr/reconstruction.npy"",""reconstruction.png"":""cells/smooth_s2_r3_csr/reconstruction.png"",""target.npy"":""cells/smooth_s2_r3_csr/target.npy"",""target.png"":""cells/smooth_s2_r3_csr/target.png""}",csr,0,33554432,0.0026766580012917984,3272064,130826,smooth_s2_r3_csr,1.7881393432617188e-07,smooth,99,48,0.07572580873966217,2.384185791015625e-07,0.9410039782524109,144,16769536,33554432,27.223409763603822,93.15372320962238,3,2,40,15.077228676207657,ok,0.1315042150017689,51,1330675712
6.377696990966797e-06,"{""config.json"":""cells/smooth_s2_r3_off/config.json"",""curves.png"":""cells/smooth_s2_r3_off/curves.png"",""decision"":""decision.json"",""error.png"":""cells/smooth_s2_r3_off/error.png"",""field.npz"":""cells/smooth_s2_r3_off/field.npz"",""history.json"":""cells/smooth_s2_r3_off/history.json"",""input_field.npz"":""cells/smooth_s2_r3_off/input_field.npz"",""mask.npy"":""cells/smooth_s2_r3_off/mask.npy"",""reconstruction.npy"":""cells/smooth_s2_r3_off/reconstruction.npy"",""reconstruction.png"":""cells/smooth_s2_r3_off/reconstruction.png"",""target.npy"":""cells/smooth_s2_r3_off/target.npy"",""target.png"":""cells/smooth_s2_r3_off/target.png""}",off,0,33554432,0.0,0,0,smooth_s2_r3_off,1.7881393432617188e-07,smooth,99,48,0.07572901248931885,2.384185791015625e-07,0.9410039782524109,144,14036992,33554432,27.223409734877322,93.15372382578967,3,2,40,15.077228676207657,ok,0.28140171699851635,51,1333161984
7.197260856628418e-06,"{""config.json"":""cells/smooth_s2_r4_csr/config.json"",""curves.png"":""cells/smooth_s2_r4_csr/curves.png"",""decision"":""decision.json"",""error.png"":""cells/smooth_s2_r4_csr/error.png"",""field.npz"":""cells/smooth_s2_r4_csr/field.npz"",""history.json"":""cells/smooth_s2_r4_csr/history.json"",""input_field.npz"":""cells/smooth_s2_r4_csr/input_field.npz"",""mask.npy"":""cells/smooth_s2_r4_csr/mask.npy"",""reconstruction.npy"":""cells/smooth_s2_r4_csr/reconstruction.npy"",""reconstruction.png"":""cells/smooth_s2_r4_csr/reconstruction.png"",""target.npy"":""cells/smooth_s2_r4_csr/target.npy"",""target.png"":""cells/smooth_s2_r4_csr/target.png""}",csr,0,33554432,0.0027653120014292654,3272064,130826,smooth_s2_r4_csr,1.7881393432617188e-07,smooth,99,48,0.07573439180850983,2.384185791015625e-07,0.9410039186477661,144,16769536,33554432,27.223409710292685,93.15372435311633,4,2,39,15.077228676207657,ok,0.1252829240002029,51,1330647040
4.51505184173584e-06,"{""config.json"":""cells/smooth_s2_r4_off/config.json"",""curves.png"":""cells/smooth_s2_r4_off/curves.png"",""decision"":""decision.json"",""error.png"":""cells/smooth_s2_r4_off/error.png"",""field.npz"":""cells/smooth_s2_r4_off/field.npz"",""history.json"":""cells/smooth_s2_r4_off/history.json"",""input_field.npz"":""cells/smooth_s2_r4_off/input_field.npz"",""mask.npy"":""cells/smooth_s2_r4_off/mask.npy"",""reconstruction.npy"":""cells/smooth_s2_r4_off/reconstruction.npy"",""reconstruction.png"":""cells/smooth_s2_r4_off/reconstruction.png"",""target.npy"":""cells/smooth_s2_r4_off/target.npy"",""target.png"":""cells/smooth_s2_r4_off/target.png""}",off,0,33554432,0.0,0,0,smooth_s2_r4_off,1.1920928955078125e-07,smooth,99,48,0.07572557032108307,2.384185791015625e-07,0.9410039782524109,144,14036992,33554432,27.2234097155969,93.15372423934386,4,2,48,15.077228676207657,ok,0.2751106260002416,51,1333161984
1.004338264465332e-05,"{""config.json"":""cells/smooth_s2_r4_scatter/config.json"",""curves.png"":""cells/smooth_s2_r4_scatter/curves.png"",""decision"":""decision.json"",""error.png"":""cells/smooth_s2_r4_scatter/error.png"",""field.npz"":""cells/smooth_s2_r4_scatter/field.npz"",""history.json"":""cells/smooth_s2_r4_scatter/history.json"",""input_field.npz"":""cells/smooth_s2_r4_scatter/input_field.npz"",""mask.npy"":""cells/smooth_s2_r4_scatter/mask.npy"",""reconstruction.npy"":""cells/smooth_s2_r4_scatter/reconstruction.npy"",""reconstruction.png"":""cells/smooth_s2_r4_scatter/reconstruction.png"",""target.npy"":""cells/smooth_s2_r4_scatter/target.npy"",""target.png"":""cells/smooth_s2_r4_scatter/target.png""}",scatter,0,33554432,0.0014128149996395223,2616520,130826,smooth_s2_r4_scatter,1.1920928955078125e-07,smooth,99,48,0.07572663575410843,2.384185791015625e-07,0.9410037398338318,144,12239360,33554432,27.223409712939848,93.1537242963362,4,2,39,15.077228676207657,ok,0.14590432199838688,51,1318969344
8.58306884765625e-06,"{""config.json"":""cells/smooth_s2_r5_csr/config.json"",""curves.png"":""cells/smooth_s2_r5_csr/curves.png"",""decision"":""decision.json"",""error.png"":""cells/smooth_s2_r5_csr/error.png"",""field.npz"":""cells/smooth_s2_r5_csr/field.npz"",""history.json"":""cells/smooth_s2_r5_csr/history.json"",""input_field.npz"":""cells/smooth_s2_r5_csr/input_field.npz"",""mask.npy"":""cells/smooth_s2_r5_csr/mask.npy"",""reconstruction.npy"":""cells/smooth_s2_r5_csr/reconstruction.npy"",""reconstruction.png"":""cells/smooth_s2_r5_csr/reconstruction.png"",""target.npy"":""cells/smooth_s2_r5_csr/target.npy"",""target.png"":""cells/smooth_s2_r5_csr/target.png""}",csr,0,33554432,0.002846467999916058,3272064,130826,smooth_s2_r5_csr,1.1920928955078125e-07,smooth,99,48,0.07573223114013672,2.384185791015625e-07,0.9410040378570557,144,16769536,33554432,27.22340972398857,93.1537240593473,5,2,41,15.077228676207657,ok,0.12790783799937344,51,1303511040
1.8805265426635742e-05,"{""config.json"":""cells/smooth_s2_r5_scatter/config.json"",""curves.png"":""cells/smooth_s2_r5_scatter/curves.png"",""decision"":""decision.json"",""error.png"":""cells/smooth_s2_r5_scatter/error.png"",""field.npz"":""cells/smooth_s2_r5_scatter/field.npz"",""history.json"":""cells/smooth_s2_r5_scatter/history.json"",""input_field.npz"":""cells/smooth_s2_r5_scatter/input_field.npz"",""mask.npy"":""cells/smooth_s2_r5_scatter/mask.npy"",""reconstruction.npy"":""cells/smooth_s2_r5_scatter/reconstruction.npy"",""reconstruction.png"":""cells/smooth_s2_r5_scatter/reconstruction.png"",""target.npy"":""cells/smooth_s2_r5_scatter/target.npy"",""target.png"":""cells/smooth_s2_r5_scatter/target.png""}",scatter,0,33554432,0.0013554580000345595,2616520,130826,smooth_s2_r5_scatter,1.7881393432617188e-07,smooth,99,48,0.07572731375694275,2.384185791015625e-07,0.9410039782524109,144,12239360,33554432,27.223409706963075,93.15372442453467,5,2,46,15.077228676207657,ok,0.13055385500047123,51,1345306624
9.760260581970215e-06,"{""config.json"":""cells/smooth_s2_r5_off/config.json"",""curves.png"":""cells/smooth_s2_r5_off/curves.png"",""decision"":""decision.json"",""error.png"":""cells/smooth_s2_r5_off/error.png"",""field.npz"":""cells/smooth_s2_r5_off/field.npz"",""history.json"":""cells/smooth_s2_r5_off/history.json"",""input_field.npz"":""cells/smooth_s2_r5_off/input_field.npz"",""mask.npy"":""cells/smooth_s2_r5_off/mask.npy"",""reconstruction.npy"":""cells/smooth_s2_r5_off/reconstruction.npy"",""reconstruction.png"":""cells/smooth_s2_r5_off/reconstruction.png"",""target.npy"":""cells/smooth_s2_r5_off/target.npy"",""target.png"":""cells/smooth_s2_r5_off/target.png""}",off,0,33554432,0.0,0,0,smooth_s2_r5_off,1.1920928955078125e-07,smooth,99,48,0.07572615146636963,2.384185791015625e-07,0.9410039186477661,144,14036992,33554432,27.223409742910366,93.1537236534854,5,2,40,15.077228676207657,ok,0.28207629400276346,51,1344401408
0.0,"{""config.json"":""cells/thin_s0_r0_off/config.json"",""curves.png"":""cells/thin_s0_r0_off/curves.png"",""decision"":""decision.json"",""error.png"":""cells/thin_s0_r0_off/error.png"",""field.npz"":""cells/thin_s0_r0_off/field.npz"",""history.json"":""cells/thin_s0_r0_off/history.json"",""input_field.npz"":""cells/thin_s0_r0_off/input_field.npz"",""mask.npy"":""cells/thin_s0_r0_off/mask.npy"",""reconstruction.npy"":""cells/thin_s0_r0_off/reconstruction.npy"",""reconstruction.png"":""cells/thin_s0_r0_off/reconstruction.png"",""target.npy"":""cells/thin_s0_r0_off/target.npy"",""target.png"":""cells/thin_s0_r0_off/target.png""}",off,0,33554432,0.0,0,0,thin_s0_r0_off,1.1920928955078125e-07,thin,99,48,0.5350281596183777,2.384185791015625e-07,0.34811684489250183,144,11175424,33554432,12.505109983383207,2760.769800670213,0,0,14,50.99418042369791,ok,0.2514357090003614,51,1342124032
1.6662679627188481e-06,"{""config.json"":""cells/thin_s0_r0_scatter/config.json"",""curves.png"":""cells/thin_s0_r0_scatter/curves.png"",""decision"":""decision.json"",""error.png"":""cells/thin_s0_r0_scatter/error.png"",""field.npz"":""cells/thin_s0_r0_scatter/field.npz"",""history.json"":""cells/thin_s0_r0_scatter/history.json"",""input_field.npz"":""cells/thin_s0_r0_scatter/input_field.npz"",""mask.npy"":""cells/thin_s0_r0_scatter/mask.npy"",""reconstruction.npy"":""cells/thin_s0_r0_scatter/reconstruction.npy"",""reconstruction.png"":""cells/thin_s0_r0_scatter/reconstruction.png"",""target.npy"":""cells/thin_s0_r0_scatter/target.npy"",""target.png"":""cells/thin_s0_r0_scatter/target.png""}",scatter,0,33554432,0.0012023469971609302,1065780,53289,thin_s0_r0_scatter,1.1920928955078125e-07,thin,99,48,0.5350281000137329,2.384185791015625e-07,0.34811681509017944,144,9377792,33554432,12.5051099813183,2760.7698019828545,0,0,30,50.99418042369791,ok,0.12656274199980544,51,1330724864
6.171368340801564e-07,"{""config.json"":""cells/thin_s0_r0_csr/config.json"",""curves.png"":""cells/thin_s0_r0_csr/curves.png"",""decision"":""decision.json"",""error.png"":""cells/thin_s0_r0_csr/error.png"",""field.npz"":""cells/thin_s0_r0_csr/field.npz"",""history.json"":""cells/thin_s0_r0_csr/history.json"",""input_field.npz"":""cells/thin_s0_r0_csr/input_field.npz"",""mask.npy"":""cells/thin_s0_r0_csr/mask.npy"",""reconstruction.npy"":""cells/thin_s0_r0_csr/reconstruction.npy"",""reconstruction.png"":""cells/thin_s0_r0_csr/reconstruction.png"",""target.npy"":""cells/thin_s0_r0_csr/target.npy"",""target.png"":""cells/thin_s0_r0_csr/target.png""}",csr,0,33554432,0.0019755280009121634,1411176,53289,thin_s0_r0_csr,1.1920928955078125e-07,thin,99,48,0.5350185036659241,2.384185791015625e-07,0.34811681509017944,144,9377792,33554432,12.505109980727527,2760.7698023584044,0,0,15,50.99418042369791,ok,0.12072052599978633,51,1308037120
3.51767084794119e-06,"{""config.json"":""cells/thin_s0_r1_off/config.json"",""curves.png"":""cells/thin_s0_r1_off/curves.png"",""decision"":""decision.json"",""error.png"":""cells/thin_s0_r1_off/error.png"",""field.npz"":""cells/thin_s0_r1_off/field.npz"",""history.json"":""cells/thin_s0_r1_off/history.json"",""input_field.npz"":""cells/thin_s0_r1_off/input_field.npz"",""mask.npy"":""cells/thin_s0_r1_off/mask.npy"",""reconstruction.npy"":""cells/thin_s0_r1_off/reconstruction.npy"",""reconstruction.png"":""cells/thin_s0_r1_off/reconstruction.png"",""target.npy"":""cells/thin_s0_r1_off/target.npy"",""target.png"":""cells/thin_s0_r1_off/target.png""}",off,0,33554432,0.0,0,0,thin_s0_r1_off,1.1920928955078125e-07,thin,99,48,0.5350265502929688,2.384185791015625e-07,0.34811681509017944,144,11175424,33554432,12.5051099828132,2760.76980103256,1,0,40,50.99418042369791,ok,0.2629525320007815,51,1329303552
4.937095354762278e-07,"{""config.json"":""cells/thin_s0_r1_csr/config.json"",""curves.png"":""cells/thin_s0_r1_csr/curves.png"",""decision"":""decision.json"",""error.png"":""cells/thin_s0_r1_csr/error.png"",""field.npz"":""cells/thin_s0_r1_csr/field.npz"",""history.json"":""cells/thin_s0_r1_csr/history.json"",""input_field.npz"":""cells/thin_s0_r1_csr/input_field.npz"",""mask.npy"":""cells/thin_s0_r1_csr/mask.npy"",""reconstruction.npy"":""cells/thin_s0_r1_csr/reconstruction.npy"",""reconstruction.png"":""cells/thin_s0_r1_csr/reconstruction.png"",""target.npy"":""cells/thin_s0_r1_csr/target.npy"",""target.png"":""cells/thin_s0_r1_csr/target.png""}",csr,0,33554432,0.002149533000192605,1411176,53289,thin_s0_r1_csr,1.1920928955078125e-07,thin,99,48,0.5350283980369568,2.384185791015625e-07,0.3481168746948242,144,9377792,33554432,12.505109978738256,2760.769803622965,1,0,14,50.99418042369791,ok,0.15140446399891516,51,1318961152
3.3325377444271e-06,"{""config.json"":""cells/thin_s0_r1_scatter/config.json"",""curves.png"":""cells/thin_s0_r1_scatter/curves.png"",""decision"":""decision.json"",""error.png"":""cells/thin_s0_r1_scatter/error.png"",""field.npz"":""cells/thin_s0_r1_scatter/field.npz"",""history.json"":""cells/thin_s0_r1_scatter/history.json"",""input_field.npz"":""cells/thin_s0_r1_scatter/input_field.npz"",""mask.npy"":""cells/thin_s0_r1_scatter/mask.npy"",""reconstruction.npy"":""cells/thin_s0_r1_scatter/reconstruction.npy"",""reconstruction.png"":""cells/thin_s0_r1_scatter/reconstruction.png"",""target.npy"":""cells/thin_s0_r1_scatter/target.npy"",""target.png"":""cells/thin_s0_r1_scatter/target.png""}",scatter,0,33554432,0.0012377159982861485,1065780,53289,thin_s0_r1_scatter,1.1920928955078125e-07,thin,99,48,0.5350262522697449,2.384185791015625e-07,0.3481168746948242,144,9377792,33554432,12.505109982694648,2760.7698011079224,1,0,14,50.99418042369791,ok,0.1266631510006846,51,1342001152
1.1725607009793748e-06,"{""config.json"":""cells/thin_s0_r2_scatter/config.json"",""curves.png"":""cells/thin_s0_r2_scatter/curves.png"",""decision"":""decision.json"",""error.png"":""cells/thin_s0_r2_scatter/error.png"",""field.npz"":""cells/thin_s0_r2_scatter/field.npz"",""history.json"":""cells/thin_s0_r2_scatter/history.json"",""input_field.npz"":""cells/thin_s0_r2_scatter/input_field.npz"",""mask.npy"":""cells/thin_s0_r2_scatter/mask.npy"",""reconstruction.npy"":""cells/thin_s0_r2_scatter/reconstruction.npy"",""reconstruction.png"":""cells/thin_s0_r2_scatter/reconstruction.png"",""target.npy"":""cells/thin_s0_r2_scatter/target.npy"",""target.png"":""cells/thin_s0_r2_scatter/target.png""}",scatter,0,33554432,0.0012962740001967177,1065780,53289,thin_s0_r2_scatter,1.1920928955078125e-07,thin,99,48,0.5350221395492554,2.384185791015625e-07,0.34811684489250183,144,9377792,33554432,12.505109979918831,2760.7698028724844,2,0,14,50.99418042369791,ok,0.1341616690006049,51,1356152832
7.775905942253303e-06,"{""config.json"":""cells/thin_s0_r2_off/config.json"",""curves.png"":""cells/thin_s0_r2_off/curves.png"",""decision"":""decision.json"",""error.png"":""cells/thin_s0_r2_off/error.png"",""field.npz"":""cells/thin_s0_r2_off/field.npz"",""history.json"":""cells/thin_s0_r2_off/history.json"",""input_field.npz"":""cells/thin_s0_r2_off/input_field.npz"",""mask.npy"":""cells/thin_s0_r2_off/mask.npy"",""reconstruction.npy"":""cells/thin_s0_r2_off/reconstruction.npy"",""reconstruction.png"":""cells/thin_s0_r2_off/reconstruction.png"",""target.npy"":""cells/thin_s0_r2_off/target.npy"",""target.png"":""cells/thin_s0_r2_off/target.png""}",off,0,33554432,0.0,0,0,thin_s0_r2_off,1.1920928955078125e-07,thin,99,48,0.5350245237350464,2.384185791015625e-07,0.34811681509017944,144,11175424,33554432,12.505109980798848,2760.7698023130656,2,0,15,50.99418042369791,ok,0.2667821979994187,51,1317261312
6.788504833821207e-07,"{""config.json"":""cells/thin_s0_r2_csr/config.json"",""curves.png"":""cells/thin_s0_r2_csr/curves.png"",""decision"":""decision.json"",""error.png"":""cells/thin_s0_r2_csr/error.png"",""field.npz"":""cells/thin_s0_r2_csr/field.npz"",""history.json"":""cells/thin_s0_r2_csr/history.json"",""input_field.npz"":""cells/thin_s0_r2_csr/input_field.npz"",""mask.npy"":""cells/thin_s0_r2_csr/mask.npy"",""reconstruction.npy"":""cells/thin_s0_r2_csr/reconstruction.npy"",""reconstruction.png"":""cells/thin_s0_r2_csr/reconstruction.png"",""target.npy"":""cells/thin_s0_r2_csr/target.npy"",""target.png"":""cells/thin_s0_r2_csr/target.png""}",csr,0,33554432,0.0019293740006105509,1411176,53289,thin_s0_r2_csr,1.1920928955078125e-07,thin,99,48,0.5350171327590942,2.384185791015625e-07,0.34811681509017944,144,9377792,33554432,12.505109986873393,2760.7697984515335,2,0,15,50.99418042369791,ok,0.13561254399974132,51,1301360640
8.146174877765588e-06,"{""config.json"":""cells/thin_s0_r3_scatter/config.json"",""curves.png"":""cells/thin_s0_r3_scatter/curves.png"",""decision"":""decision.json"",""error.png"":""cells/thin_s0_r3_scatter/error.png"",""field.npz"":""cells/thin_s0_r3_scatter/field.npz"",""history.json"":""cells/thin_s0_r3_scatter/history.json"",""input_field.npz"":""cells/thin_s0_r3_scatter/input_field.npz"",""mask.npy"":""cells/thin_s0_r3_scatter/mask.npy"",""reconstruction.npy"":""cells/thin_s0_r3_scatter/reconstruction.npy"",""reconstruction.png"":""cells/thin_s0_r3_scatter/reconstruction.png"",""target.npy"":""cells/thin_s0_r3_scatter/target.npy"",""target.png"":""cells/thin_s0_r3_scatter/target.png""}",scatter,0,33554432,0.0011894430026586633,1065780,53289,thin_s0_r3_scatter,1.1920928955078125e-07,thin,99,48,0.5350266695022583,2.384185791015625e-07,0.3481168746948242,144,9377792,33554432,12.505109979882326,2760.7698028956916,3,0,14,50.99418042369791,ok,0.12922509399868432,51,1333518336
1.1725593367373222e-06,"{""config.json"":""cells/thin_s0_r3_csr/config.json"",""curves.png"":""cells/thin_s0_r3_csr/curves.png"",""decision"":""decision.json"",""error.png"":""cells/thin_s0_r3_csr/error.png"",""field.npz"":""cells/thin_s0_r3_csr/field.npz"",""history.json"":""cells/thin_s0_r3_csr/history.json"",""input_field.npz"":""cells/thin_s0_r3_csr/input_field.npz"",""mask.npy"":""cells/thin_s0_r3_csr/mask.npy"",""reconstruction.npy"":""cells/thin_s0_r3_csr/reconstruction.npy"",""reconstruction.png"":""cells/thin_s0_r3_csr/reconstruction.png"",""target.npy"":""cells/thin_s0_r3_csr/target.npy"",""target.png"":""cells/thin_s0_r3_csr/target.png""}",csr,0,33554432,0.0019354120013304055,1411176,53289,thin_s0_r3_csr,1.1920928955078125e-07,thin,99,48,0.5350199341773987,2.384185791015625e-07,0.34811681509017944,144,9377792,33554432,12.505109980883873,2760.7698022590157,3,0,15,50.99418042369791,ok,0.13289096299922676,51,1335160832
4.443379111762624e-06,"{""config.json"":""cells/thin_s0_r3_off/config.json"",""curves.png"":""cells/thin_s0_r3_off/curves.png"",""decision"":""decision.json"",""error.png"":""cells/thin_s0_r3_off/error.png"",""field.npz"":""cells/thin_s0_r3_off/field.npz"",""history.json"":""cells/thin_s0_r3_off/history.json"",""input_field.npz"":""cells/thin_s0_r3_off/input_field.npz"",""mask.npy"":""cells/thin_s0_r3_off/mask.npy"",""reconstruction.npy"":""cells/thin_s0_r3_off/reconstruction.npy"",""reconstruction.png"":""cells/thin_s0_r3_off/reconstruction.png"",""target.npy"":""cells/thin_s0_r3_off/target.npy"",""target.png"":""cells/thin_s0_r3_off/target.png""}",off,0,33554432,0.0,0,0,thin_s0_r3_off,1.1920928955078125e-07,thin,99,48,0.5350193977355957,2.980232238769531e-07,0.34811681509017944,144,11175424,33554432,12.505109982490978,2760.769801237394,3,0,46,50.99418042369791,ok,0.27471876699928544,51,1344040960
4.31995857752554e-07,"{""config.json"":""cells/thin_s0_r4_csr/config.json"",""curves.png"":""cells/thin_s0_r4_csr/curves.png"",""decision"":""decision.json"",""error.png"":""cells/thin_s0_r4_csr/error.png"",""field.npz"":""cells/thin_s0_r4_csr/field.npz"",""history.json"":""cells/thin_s0_r4_csr/history.json"",""input_field.npz"":""cells/thin_s0_r4_csr/input_field.npz"",""mask.npy"":""cells/thin_s0_r4_csr/mask.npy"",""reconstruction.npy"":""cells/thin_s0_r4_csr/reconstruction.npy"",""reconstruction.png"":""cells/thin_s0_r4_csr/reconstruction.png"",""target.npy"":""cells/thin_s0_r4_csr/target.npy"",""target.png"":""cells/thin_s0_r4_csr/target.png""}",csr,0,33554432,0.0017964239996217657,1411176,53289,thin_s0_r4_csr,1.1920928955078125e-07,thin,99,48,0.5350189208984375,2.384185791015625e-07,0.34811681509017944,144,9377792,33554432,12.505109982196439,2760.7698014246303,4,0,15,50.99418042369791,ok,0.12046141899918439,51,1303089152
6.911904165463056e-06,"{""config.json"":""cells/thin_s0_r4_off/config.json"",""curves.png"":""cells/thin_s0_r4_off/curves.png"",""decision"":""decision.json"",""error.png"":""cells/thin_s0_r4_off/error.png"",""field.npz"":""cells/thin_s0_r4_off/field.npz"",""history.json"":""cells/thin_s0_r4_off/history.json"",""input_field.npz"":""cells/thin_s0_r4_off/input_field.npz"",""mask.npy"":""cells/thin_s0_r4_off/mask.npy"",""reconstruction.npy"":""cells/thin_s0_r4_off/reconstruction.npy"",""reconstruction.png"":""cells/thin_s0_r4_off/reconstruction.png"",""target.npy"":""cells/thin_s0_r4_off/target.npy"",""target.png"":""cells/thin_s0_r4_off/target.png""}",off,0,33554432,0.0,0,0,thin_s0_r4_off,1.1920928955078125e-07,thin,99,48,0.5350245237350464,2.384185791015625e-07,0.34811684489250183,144,11175424,33554432,12.505109980398386,2760.7698025676364,4,0,14,50.99418042369791,ok,0.26145098399865674,51,1315926016
3.147395091218641e-06,"{""config.json"":""cells/thin_s0_r4_scatter/config.json"",""curves.png"":""cells/thin_s0_r4_scatter/curves.png"",""decision"":""decision.json"",""error.png"":""cells/thin_s0_r4_scatter/error.png"",""field.npz"":""cells/thin_s0_r4_scatter/field.npz"",""history.json"":""cells/thin_s0_r4_scatter/history.json"",""input_field.npz"":""cells/thin_s0_r4_scatter/input_field.npz"",""mask.npy"":""cells/thin_s0_r4_scatter/mask.npy"",""reconstruction.npy"":""cells/thin_s0_r4_scatter/reconstruction.npy"",""reconstruction.png"":""cells/thin_s0_r4_scatter/reconstruction.png"",""target.npy"":""cells/thin_s0_r4_scatter/target.npy"",""target.png"":""cells/thin_s0_r4_scatter/target.png""}",scatter,0,33554432,0.0011756650019378867,1065780,53289,thin_s0_r4_scatter,1.1920928955078125e-07,thin,99,48,0.5350216627120972,2.384185791015625e-07,0.34811684489250183,144,9377792,33554432,12.50510998328358,2760.7698007335443,4,0,42,50.99418042369791,ok,0.11778395399960573,51,1345200128
5.554231847781921e-07,"{""config.json"":""cells/thin_s0_r5_csr/config.json"",""curves.png"":""cells/thin_s0_r5_csr/curves.png"",""decision"":""decision.json"",""error.png"":""cells/thin_s0_r5_csr/error.png"",""field.npz"":""cells/thin_s0_r5_csr/field.npz"",""history.json"":""cells/thin_s0_r5_csr/history.json"",""input_field.npz"":""cells/thin_s0_r5_csr/input_field.npz"",""mask.npy"":""cells/thin_s0_r5_csr/mask.npy"",""reconstruction.npy"":""cells/thin_s0_r5_csr/reconstruction.npy"",""reconstruction.png"":""cells/thin_s0_r5_csr/reconstruction.png"",""target.npy"":""cells/thin_s0_r5_csr/target.npy"",""target.png"":""cells/thin_s0_r5_csr/target.png""}",csr,0,33554432,0.0018471690018486697,1411176,53289,thin_s0_r5_csr,1.1920928955078125e-07,thin,99,48,0.5350278615951538,2.384185791015625e-07,0.34811684489250183,144,9377792,33554432,12.505109980876075,2760.7698022639743,5,0,14,50.99418042369791,ok,0.12630835800155182,51,1333198848
8.393029020226095e-06,"{""config.json"":""cells/thin_s0_r5_scatter/config.json"",""curves.png"":""cells/thin_s0_r5_scatter/curves.png"",""decision"":""decision.json"",""error.png"":""cells/thin_s0_r5_scatter/error.png"",""field.npz"":""cells/thin_s0_r5_scatter/field.npz"",""history.json"":""cells/thin_s0_r5_scatter/history.json"",""input_field.npz"":""cells/thin_s0_r5_scatter/input_field.npz"",""mask.npy"":""cells/thin_s0_r5_scatter/mask.npy"",""reconstruction.npy"":""cells/thin_s0_r5_scatter/reconstruction.npy"",""reconstruction.png"":""cells/thin_s0_r5_scatter/reconstruction.png"",""target.npy"":""cells/thin_s0_r5_scatter/target.npy"",""target.png"":""cells/thin_s0_r5_scatter/target.png""}",scatter,0,33554432,0.0011766019997594412,1065780,53289,thin_s0_r5_scatter,1.1920928955078125e-07,thin,99,48,0.5350277423858643,2.384185791015625e-07,0.3481168746948242,144,9377792,33554432,12.50510997887054,2760.769803538874,5,0,16,50.99418042369791,ok,0.12045604000013554,51,1364582400
2.9622535748785594e-06,"{""config.json"":""cells/thin_s0_r5_off/config.json"",""curves.png"":""cells/thin_s0_r5_off/curves.png"",""decision"":""decision.json"",""error.png"":""cells/thin_s0_r5_off/error.png"",""field.npz"":""cells/thin_s0_r5_off/field.npz"",""history.json"":""cells/thin_s0_r5_off/history.json"",""input_field.npz"":""cells/thin_s0_r5_off/input_field.npz"",""mask.npy"":""cells/thin_s0_r5_off/mask.npy"",""reconstruction.npy"":""cells/thin_s0_r5_off/reconstruction.npy"",""reconstruction.png"":""cells/thin_s0_r5_off/reconstruction.png"",""target.npy"":""cells/thin_s0_r5_off/target.npy"",""target.png"":""cells/thin_s0_r5_off/target.png""}",off,0,33554432,0.0,0,0,thin_s0_r5_off,1.1920928955078125e-07,thin,99,48,0.5350235104560852,2.384185791015625e-07,0.34811681509017944,144,11175424,33554432,12.505109981820352,2760.7698016637046,5,0,29,50.99418042369791,ok,0.2576345710003807,51,1302138880
4.883814199274639e-06,"{""config.json"":""cells/thin_s1_r0_off/config.json"",""curves.png"":""cells/thin_s1_r0_off/curves.png"",""decision"":""decision.json"",""error.png"":""cells/thin_s1_r0_off/error.png"",""field.npz"":""cells/thin_s1_r0_off/field.npz"",""history.json"":""cells/thin_s1_r0_off/history.json"",""input_field.npz"":""cells/thin_s1_r0_off/input_field.npz"",""mask.npy"":""cells/thin_s1_r0_off/mask.npy"",""reconstruction.npy"":""cells/thin_s1_r0_off/reconstruction.npy"",""reconstruction.png"":""cells/thin_s1_r0_off/reconstruction.png"",""target.npy"":""cells/thin_s1_r0_off/target.npy"",""target.png"":""cells/thin_s1_r0_off/target.png""}",off,0,33554432,0.0,0,0,thin_s1_r0_off,1.1920928955078125e-07,thin,99,48,0.5189452171325684,2.384185791015625e-07,0.3614520728588104,144,11625984,33554432,12.750145637408867,2609.315717364443,0,1,33,53.88200617350345,ok,0.2685093700019934,51,1352724480
3.527201215547393e-06,"{""config.json"":""cells/thin_s1_r0_scatter/config.json"",""curves.png"":""cells/thin_s1_r0_scatter/curves.png"",""decision"":""decision.json"",""error.png"":""cells/thin_s1_r0_scatter/error.png"",""field.npz"":""cells/thin_s1_r0_scatter/field.npz"",""history.json"":""cells/thin_s1_r0_scatter/history.json"",""input_field.npz"":""cells/thin_s1_r0_scatter/input_field.npz"",""mask.npy"":""cells/thin_s1_r0_scatter/mask.npy"",""reconstruction.npy"":""cells/thin_s1_r0_scatter/reconstruction.npy"",""reconstruction.png"":""cells/thin_s1_r0_scatter/reconstruction.png"",""target.npy"":""cells/thin_s1_r0_scatter/target.npy"",""target.png"":""cells/thin_s1_r0_scatter/target.png""}",scatter,0,33554432,0.0012544620003609452,1064140,53207,thin_s1_r0_scatter,1.1920928955078125e-07,thin,99,48,0.5189405679702759,2.384185791015625e-07,0.3614520728588104,144,9828352,33554432,12.7501456417199,2609.3157147743004,0,1,22,53.88200617350345,ok,0.12393899699964095,51,1306464256
1.3566151437771623e-06,"{""config.json"":""cells/thin_s1_r0_csr/config.json"",""curves.png"":""cells/thin_s1_r0_csr/curves.png"",""decision"":""decision.json"",""error.png"":""cells/thin_s1_r0_csr/error.png"",""field.npz"":""cells/thin_s1_r0_csr/field.npz"",""history.json"":""cells/thin_s1_r0_csr/history.json"",""input_field.npz"":""cells/thin_s1_r0_csr/input_field.npz"",""mask.npy"":""cells/thin_s1_r0_csr/mask.npy"",""reconstruction.npy"":""cells/thin_s1_r0_csr/reconstruction.npy"",""reconstruction.png"":""cells/thin_s1_r0_csr/reconstruction.png"",""target.npy"":""cells/thin_s1_r0_csr/target.npy"",""target.png"":""cells/thin_s1_r0_csr/target.png""}",csr,0,33554432,0.001865849997557234,1409208,53207,thin_s1_r0_csr,1.1920928955078125e-07,thin,99,48,0.5189478993415833,2.384185791015625e-07,0.3614521026611328,144,9828352,33554432,12.750145641759358,2609.315714750593,0,1,14,53.88200617350345,ok,0.12312838499929057,51,1327136768
5.969105131953256e-06,"{""config.json"":""cells/thin_s1_r1_off/config.json"",""curves.png"":""cells/thin_s1_r1_off/curves.png"",""decision"":""decision.json"",""error.png"":""cells/thin_s1_r1_off/error.png"",""field.npz"":""cells/thin_s1_r1_off/field.npz"",""history.json"":""cells/thin_s1_r1_off/history.json"",""input_field.npz"":""cells/thin_s1_r1_off/input_field.npz"",""mask.npy"":""cells/thin_s1_r1_off/mask.npy"",""reconstruction.npy"":""cells/thin_s1_r1_off/reconstruction.npy"",""reconstruction.png"":""cells/thin_s1_r1_off/reconstruction.png"",""target.npy"":""cells/thin_s1_r1_off/target.npy"",""target.png"":""cells/thin_s1_r1_off/target.png""}",off,0,33554432,0.0,0,0,thin_s1_r1_off,1.1920928955078125e-07,thin,99,48,0.5189447999000549,2.384185791015625e-07,0.3614521026611328,144,11625984,33554432,12.750145641054347,2609.315715174177,1,1,29,53.88200617350345,ok,0.2553850740005146,51,1329348608
1.175733359559672e-06,"{""config.json"":""cells/thin_s1_r1_csr/config.json"",""curves.png"":""cells/thin_s1_r1_csr/curves.png"",""decision"":""decision.json"",""error.png"":""cells/thin_s1_r1_csr/error.png"",""field.npz"":""cells/thin_s1_r1_csr/field.npz"",""history.json"":""cells/thin_s1_r1_csr/history.json"",""input_field.npz"":""cells/thin_s1_r1_csr/input_field.npz"",""mask.npy"":""cells/thin_s1_r1_csr/mask.npy"",""reconstruction.npy"":""cells/thin_s1_r1_csr/reconstruction.npy"",""reconstruction.png"":""cells/thin_s1_r1_csr/reconstruction.png"",""target.npy"":""cells/thin_s1_r1_csr/target.npy"",""target.png"":""cells/thin_s1_r1_csr/target.png""}",csr,0,33554432,0.006893633002619026,1409208,53207,thin_s1_r1_csr,1.1920928955078125e-07,thin,99,48,0.5189443230628967,2.384185791015625e-07,0.3614520728588104,144,9828352,33554432,12.750145638864252,2609.3157164900226,1,1,14,53.88200617350345,ok,0.42135231900101644,51,1333211136
5.969109224679414e-06,"{""config.json"":""cells/thin_s1_r1_scatter/config.json"",""curves.png"":""cells/thin_s1_r1_scatter/curves.png"",""decision"":""decision.json"",""error.png"":""cells/thin_s1_r1_scatter/error.png"",""field.npz"":""cells/thin_s1_r1_scatter/field.npz"",""history.json"":""cells/thin_s1_r1_scatter/history.json"",""input_field.npz"":""cells/thin_s1_r1_scatter/input_field.npz"",""mask.npy"":""cells/thin_s1_r1_scatter/mask.npy"",""reconstruction.npy"":""cells/thin_s1_r1_scatter/reconstruction.npy"",""reconstruction.png"":""cells/thin_s1_r1_scatter/reconstruction.png"",""target.npy"":""cells/thin_s1_r1_scatter/target.npy"",""target.png"":""cells/thin_s1_r1_scatter/target.png""}",scatter,0,33554432,0.003228910998586798,1064140,53207,thin_s1_r1_scatter,1.1920928955078125e-07,thin,99,48,0.5189406275749207,2.384185791015625e-07,0.36145177483558655,144,9828352,33554432,12.750145639245062,2609.3157162612256,1,1,13,53.88200617350345,ok,0.38356550299795344,51,1302085632
5.697785582015058e-06,"{""config.json"":""cells/thin_s1_r2_scatter/config.json"",""curves.png"":""cells/thin_s1_r2_scatter/curves.png"",""decision"":""decision.json"",""error.png"":""cells/thin_s1_r2_scatter/error.png"",""field.npz"":""cells/thin_s1_r2_scatter/field.npz"",""history.json"":""cells/thin_s1_r2_scatter/history.json"",""input_field.npz"":""cells/thin_s1_r2_scatter/input_field.npz"",""mask.npy"":""cells/thin_s1_r2_scatter/mask.npy"",""reconstruction.npy"":""cells/thin_s1_r2_scatter/reconstruction.npy"",""reconstruction.png"":""cells/thin_s1_r2_scatter/reconstruction.png"",""target.npy"":""cells/thin_s1_r2_scatter/target.npy"",""target.png"":""cells/thin_s1_r2_scatter/target.png""}",scatter,0,33554432,0.005098705001728376,1064140,53207,thin_s1_r2_scatter,1.1920928955078125e-07,thin,99,48,0.5189472436904907,2.384185791015625e-07,0.36145177483558655,144,9828352,33554432,12.75014564432353,2609.315713209996,2,1,13,53.88200617350345,ok,0.22042920300009428,51,1331142656
4.88380965180113e-06,"{""config.json"":""cells/thin_s1_r2_off/config.json"",""curves.png"":""cells/thin_s1_r2_off/curves.png"",""decision"":""decision.json"",""error.png"":""cells/thin_s1_r2_off/error.png"",""field.npz"":""cells/thin_s1_r2_off/field.npz"",""history.json"":""cells/thin_s1_r2_off/history.json"",""input_field.npz"":""cells/thin_s1_r2_off/input_field.npz"",""mask.npy"":""cells/thin_s1_r2_off/mask.npy"",""reconstruction.npy"":""cells/thin_s1_r2_off/reconstruction.npy"",""reconstruction.png"":""cells/thin_s1_r2_off/reconstruction.png"",""target.npy"":""cells/thin_s1_r2_off/target.npy"",""target.png"":""cells/thin_s1_r2_off/target.png""}",off,0,33554432,0.0,0,0,thin_s1_r2_off,1.1920928955078125e-07,thin,99,48,0.5189446806907654,2.384185791015625e-07,0.3614521026611328,144,11625984,33554432,12.750145641206794,2609.3157150825837,2,1,26,53.88200617350345,ok,0.42086294399996405,51,1311322112
1.4470559790424886e-06,"{""config.json"":""cells/thin_s1_r2_csr/config.json"",""curves.png"":""cells/thin_s1_r2_csr/curves.png"",""decision"":""decision.json"",""error.png"":""cells/thin_s1_r2_csr/error.png"",""field.npz"":""cells/thin_s1_r2_csr/field.npz"",""history.json"":""cells/thin_s1_r2_csr/history.json"",""input_field.npz"":""cells/thin_s1_r2_csr/input_field.npz"",""mask.npy"":""cells/thin_s1_r2_csr/mask.npy"",""reconstruction.npy"":""cells/thin_s1_r2_csr/reconstruction.npy"",""reconstruction.png"":""cells/thin_s1_r2_csr/reconstruction.png"",""target.npy"":""cells/thin_s1_r2_csr/target.npy"",""target.png"":""cells/thin_s1_r2_csr/target.png""}",csr,0,33554432,0.002465248002408771,1409208,53207,thin_s1_r2_csr,1.1920928955078125e-07,thin,99,48,0.518940806388855,2.384185791015625e-07,0.36145180463790894,144,9828352,33554432,12.750145639379166,2609.315716180653,2,1,13,53.88200617350345,ok,0.2150367180001922,51,1308196864
5.426461939350702e-06,"{""config.json"":""cells/thin_s1_r3_scatter/config.json"",""curves.png"":""cells/thin_s1_r3_scatter/curves.png"",""decision"":""decision.json"",""error.png"":""cells/thin_s1_r3_scatter/error.png"",""field.npz"":""cells/thin_s1_r3_scatter/field.npz"",""history.json"":""cells/thin_s1_r3_scatter/history.json"",""input_field.npz"":""cells/thin_s1_r3_scatter/input_field.npz"",""mask.npy"":""cells/thin_s1_r3_scatter/mask.npy"",""reconstruction.npy"":""cells/thin_s1_r3_scatter/reconstruction.npy"",""reconstruction.png"":""cells/thin_s1_r3_scatter/reconstruction.png"",""target.npy"":""cells/thin_s1_r3_scatter/target.npy"",""target.png"":""cells/thin_s1_r3_scatter/target.png""}",scatter,0,33554432,0.0019788059980783146,1064140,53207,thin_s1_r3_scatter,1.1920928955078125e-07,thin,99,48,0.5189463496208191,2.384185791015625e-07,0.3614521026611328,144,9828352,33554432,12.750145639752347,2609.3157159564407,3,1,14,53.88200617350345,ok,0.2255864559992915,51,1304416256
9.948514616553439e-07,"{""config.json"":""cells/thin_s1_r3_csr/config.json"",""curves.png"":""cells/thin_s1_r3_csr/curves.png"",""decision"":""decision.json"",""error.png"":""cells/thin_s1_r3_csr/error.png"",""field.npz"":""cells/thin_s1_r3_csr/field.npz"",""history.json"":""cells/thin_s1_r3_csr/history.json"",""input_field.npz"":""cells/thin_s1_r3_csr/input_field.npz"",""mask.npy"":""cells/thin_s1_r3_csr/mask.npy"",""reconstruction.npy"":""cells/thin_s1_r3_csr/reconstruction.npy"",""reconstruction.png"":""cells/thin_s1_r3_csr/reconstruction.png"",""target.npy"":""cells/thin_s1_r3_csr/target.npy"",""target.png"":""cells/thin_s1_r3_csr/target.png""}",csr,0,33554432,0.002691156001674244,1409208,53207,thin_s1_r3_csr,1.1920928955078125e-07,thin,99,48,0.5189400911331177,2.384185791015625e-07,0.36145225167274475,144,9828352,33554432,12.750145634187149,2609.3157193001066,3,1,12,53.88200617350345,ok,0.21910682499947143,51,1338519552
2.3514710392191773e-06,"{""config.json"":""cells/thin_s1_r3_off/config.json"",""curves.png"":""cells/thin_s1_r3_off/curves.png"",""decision"":""decision.json"",""error.png"":""cells/thin_s1_r3_off/error.png"",""field.npz"":""cells/thin_s1_r3_off/field.npz"",""history.json"":""cells/thin_s1_r3_off/history.json"",""input_field.npz"":""cells/thin_s1_r3_off/input_field.npz"",""mask.npy"":""cells/thin_s1_r3_off/mask.npy"",""reconstruction.npy"":""cells/thin_s1_r3_off/reconstruction.npy"",""reconstruction.png"":""cells/thin_s1_r3_off/reconstruction.png"",""target.npy"":""cells/thin_s1_r3_off/target.npy"",""target.png"":""cells/thin_s1_r3_off/target.png""}",off,0,33554432,0.0,0,0,thin_s1_r3_off,1.1920928955078125e-07,thin,99,48,0.518948495388031,2.384185791015625e-07,0.3614521026611328,144,11625984,33554432,12.750145641388936,2609.3157149731496,3,1,31,53.88200617350345,ok,0.33403326500047115,51,1347469312
1.5374969279946527e-06,"{""config.json"":""cells/thin_s1_r4_csr/config.json"",""curves.png"":""cells/thin_s1_r4_csr/curves.png"",""decision"":""decision.json"",""error.png"":""cells/thin_s1_r4_csr/error.png"",""field.npz"":""cells/thin_s1_r4_csr/field.npz"",""history.json"":""cells/thin_s1_r4_csr/history.json"",""input_field.npz"":""cells/thin_s1_r4_csr/input_field.npz"",""mask.npy"":""cells/thin_s1_r4_csr/mask.npy"",""reconstruction.npy"":""cells/thin_s1_r4_csr/reconstruction.npy"",""reconstruction.png"":""cells/thin_s1_r4_csr/reconstruction.png"",""target.npy"":""cells/thin_s1_r4_csr/target.npy"",""target.png"":""cells/thin_s1_r4_csr/target.png""}",csr,0,33554432,0.002098213997669518,1409208,53207,thin_s1_r4_csr,1.1920928955078125e-07,thin,99,48,0.5189474821090698,3.5762786865234375e-07,0.36145177483558655,144,9828352,33554432,12.750145637995322,2609.3157170120903,4,1,13,53.88200617350345,ok,0.17077918499853695,51,1343889408
3.165441512464895e-06,"{""config.json"":""cells/thin_s1_r4_off/config.json"",""curves.png"":""cells/thin_s1_r4_off/curves.png"",""decision"":""decision.json"",""error.png"":""cells/thin_s1_r4_off/error.png"",""field.npz"":""cells/thin_s1_r4_off/field.npz"",""history.json"":""cells/thin_s1_r4_off/history.json"",""input_field.npz"":""cells/thin_s1_r4_off/input_field.npz"",""mask.npy"":""cells/thin_s1_r4_off/mask.npy"",""reconstruction.npy"":""cells/thin_s1_r4_off/reconstruction.npy"",""reconstruction.png"":""cells/thin_s1_r4_off/reconstruction.png"",""target.npy"":""cells/thin_s1_r4_off/target.npy"",""target.png"":""cells/thin_s1_r4_off/target.png""}",off,0,33554432,0.0,0,0,thin_s1_r4_off,1.1920928955078125e-07,thin,99,48,0.5189470052719116,2.384185791015625e-07,0.3614520728588104,144,11625984,33554432,12.750145638577774,2609.3157166621436,4,1,25,53.88200617350345,ok,0.29803671699846745,51,1333657600
4.16028842664673e-06,"{""config.json"":""cells/thin_s1_r4_scatter/config.json"",""curves.png"":""cells/thin_s1_r4_scatter/curves.png"",""decision"":""decision.json"",""error.png"":""cells/thin_s1_r4_scatter/error.png"",""field.npz"":""cells/thin_s1_r4_scatter/field.npz"",""history.json"":""cells/thin_s1_r4_scatter/history.json"",""input_field.npz"":""cells/thin_s1_r4_scatter/input_field.npz"",""mask.npy"":""cells/thin_s1_r4_scatter/mask.npy"",""reconstruction.npy"":""cells/thin_s1_r4_scatter/reconstruction.npy"",""reconstruction.png"":""cells/thin_s1_r4_scatter/reconstruction.png"",""target.npy"":""cells/thin_s1_r4_scatter/target.npy"",""target.png"":""cells/thin_s1_r4_scatter/target.png""}",scatter,0,33554432,0.001458124999771826,1064140,53207,thin_s1_r4_scatter,1.1920928955078125e-07,thin,99,48,0.5189480781555176,2.384185791015625e-07,0.3614520728588104,144,9828352,33554432,12.7501456380066,2609.3157170053155,4,1,46,53.88200617350345,ok,0.1441085539991036,51,1303879680
1.175733359559672e-06,"{""config.json"":""cells/thin_s1_r5_csr/config.json"",""curves.png"":""cells/thin_s1_r5_csr/curves.png"",""decision"":""decision.json"",""error.png"":""cells/thin_s1_r5_csr/error.png"",""field.npz"":""cells/thin_s1_r5_csr/field.npz"",""history.json"":""cells/thin_s1_r5_csr/history.json"",""input_field.npz"":""cells/thin_s1_r5_csr/input_field.npz"",""mask.npy"":""cells/thin_s1_r5_csr/mask.npy"",""reconstruction.npy"":""cells/thin_s1_r5_csr/reconstruction.npy"",""reconstruction.png"":""cells/thin_s1_r5_csr/reconstruction.png"",""target.npy"":""cells/thin_s1_r5_csr/target.npy"",""target.png"":""cells/thin_s1_r5_csr/target.png""}",csr,0,33554432,0.001870765998319257,1409208,53207,thin_s1_r5_csr,1.1920928955078125e-07,thin,99,48,0.5189451575279236,2.384185791015625e-07,0.36145177483558655,144,9828352,33554432,12.750145641681325,2609.3157147974775,5,1,13,53.88200617350345,ok,0.12377662599828909,51,1328742400
4.883811470790533e-06,"{""config.json"":""cells/thin_s1_r5_scatter/config.json"",""curves.png"":""cells/thin_s1_r5_scatter/curves.png"",""decision"":""decision.json"",""error.png"":""cells/thin_s1_r5_scatter/error.png"",""field.npz"":""cells/thin_s1_r5_scatter/field.npz"",""history.json"":""cells/thin_s1_r5_scatter/history.json"",""input_field.npz"":""cells/thin_s1_r5_scatter/input_field.npz"",""mask.npy"":""cells/thin_s1_r5_scatter/mask.npy"",""reconstruction.npy"":""cells/thin_s1_r5_scatter/reconstruction.npy"",""reconstruction.png"":""cells/thin_s1_r5_scatter/reconstruction.png"",""target.npy"":""cells/thin_s1_r5_scatter/target.npy"",""target.png"":""cells/thin_s1_r5_scatter/target.png""}",scatter,0,33554432,0.00129130799905397,1064140,53207,thin_s1_r5_scatter,1.1920928955078125e-07,thin,99,48,0.5189422965049744,2.384185791015625e-07,0.3614520728588104,144,9828352,33554432,12.750145644185809,2609.3157132927413,5,1,26,53.88200617350345,ok,0.13583554399883724,51,1321058304
3.436763108766172e-06,"{""config.json"":""cells/thin_s1_r5_off/config.json"",""curves.png"":""cells/thin_s1_r5_off/curves.png"",""decision"":""decision.json"",""error.png"":""cells/thin_s1_r5_off/error.png"",""field.npz"":""cells/thin_s1_r5_off/field.npz"",""history.json"":""cells/thin_s1_r5_off/history.json"",""input_field.npz"":""cells/thin_s1_r5_off/input_field.npz"",""mask.npy"":""cells/thin_s1_r5_off/mask.npy"",""reconstruction.npy"":""cells/thin_s1_r5_off/reconstruction.npy"",""reconstruction.png"":""cells/thin_s1_r5_off/reconstruction.png"",""target.npy"":""cells/thin_s1_r5_off/target.npy"",""target.png"":""cells/thin_s1_r5_off/target.png""}",off,0,33554432,0.0,0,0,thin_s1_r5_off,1.1920928955078125e-07,thin,99,48,0.5189439654350281,2.384185791015625e-07,0.3614521026611328,144,11625984,33554432,12.75014564168809,2609.3157147934135,5,1,29,53.88200617350345,ok,0.2667468769977859,51,1327038464
2.906726194851217e-06,"{""config.json"":""cells/thin_s2_r0_off/config.json"",""curves.png"":""cells/thin_s2_r0_off/curves.png"",""decision"":""decision.json"",""error.png"":""cells/thin_s2_r0_off/error.png"",""field.npz"":""cells/thin_s2_r0_off/field.npz"",""history.json"":""cells/thin_s2_r0_off/history.json"",""input_field.npz"":""cells/thin_s2_r0_off/input_field.npz"",""mask.npy"":""cells/thin_s2_r0_off/mask.npy"",""reconstruction.npy"":""cells/thin_s2_r0_off/reconstruction.npy"",""reconstruction.png"":""cells/thin_s2_r0_off/reconstruction.png"",""target.npy"":""cells/thin_s2_r0_off/target.npy"",""target.png"":""cells/thin_s2_r0_off/target.png""}",off,0,33554432,0.0,0,0,thin_s2_r0_off,1.1920928955078125e-07,thin,99,48,0.5875188112258911,2.384185791015625e-07,0.355535626411438,144,10813440,33554432,12.496431817116573,2766.2919459935283,0,2,26,54.73590046465626,ok,0.275227984002413,51,1339281408
5.5569689720869064e-06,"{""config.json"":""cells/thin_s2_r0_scatter/config.json"",""curves.png"":""cells/thin_s2_r0_scatter/curves.png"",""decision"":""decision.json"",""error.png"":""cells/thin_s2_r0_scatter/error.png"",""field.npz"":""cells/thin_s2_r0_scatter/field.npz"",""history.json"":""cells/thin_s2_r0_scatter/history.json"",""input_field.npz"":""cells/thin_s2_r0_scatter/input_field.npz"",""mask.npy"":""cells/thin_s2_r0_scatter/mask.npy"",""reconstruction.npy"":""cells/thin_s2_r0_scatter/reconstruction.npy"",""reconstruction.png"":""cells/thin_s2_r0_scatter/reconstruction.png"",""target.npy"":""cells/thin_s2_r0_scatter/target.npy"",""target.png"":""cells/thin_s2_r0_scatter/target.png""}",scatter,0,33554432,0.001443215998733649,1061140,53057,thin_s2_r0_scatter,1.1920928955078125e-07,thin,99,48,0.5875188708305359,2.384185791015625e-07,0.3555355668067932,144,9015808,33554432,12.496431818170235,2766.291945322386,0,2,40,54.73590046465626,ok,0.13956130400038091,51,1318641664
2.051808223768603e-06,"{""config.json"":""cells/thin_s2_r0_csr/config.json"",""curves.png"":""cells/thin_s2_r0_csr/curves.png"",""decision"":""decision.json"",""error.png"":""cells/thin_s2_r0_csr/error.png"",""field.npz"":""cells/thin_s2_r0_csr/field.npz"",""history.json"":""cells/thin_s2_r0_csr/history.json"",""input_field.npz"":""cells/thin_s2_r0_csr/input_field.npz"",""mask.npy"":""cells/thin_s2_r0_csr/mask.npy"",""reconstruction.npy"":""cells/thin_s2_r0_csr/reconstruction.npy"",""reconstruction.png"":""cells/thin_s2_r0_csr/reconstruction.png"",""target.npy"":""cells/thin_s2_r0_csr/target.npy"",""target.png"":""cells/thin_s2_r0_csr/target.png""}",csr,0,33554432,0.0019130629989376757,1405608,53057,thin_s2_r0_csr,1.1920928955078125e-07,thin,99,48,0.5875192880630493,2.384185791015625e-07,0.3555355966091156,144,9015808,33554432,12.496431818741126,2766.291944958749,0,2,15,54.73590046465626,ok,0.1429118500018376,51,1303556096
3.0777164283790626e-06,"{""config.json"":""cells/thin_s2_r1_off/config.json"",""curves.png"":""cells/thin_s2_r1_off/curves.png"",""decision"":""decision.json"",""error.png"":""cells/thin_s2_r1_off/error.png"",""field.npz"":""cells/thin_s2_r1_off/field.npz"",""history.json"":""cells/thin_s2_r1_off/history.json"",""input_field.npz"":""cells/thin_s2_r1_off/input_field.npz"",""mask.npy"":""cells/thin_s2_r1_off/mask.npy"",""reconstruction.npy"":""cells/thin_s2_r1_off/reconstruction.npy"",""reconstruction.png"":""cells/thin_s2_r1_off/reconstruction.png"",""target.npy"":""cells/thin_s2_r1_off/target.npy"",""target.png"":""cells/thin_s2_r1_off/target.png""}",off,0,33554432,0.0,0,0,thin_s2_r1_off,1.1920928955078125e-07,thin,99,48,0.5875137448310852,2.384185791015625e-07,0.3555355668067932,144,10813440,33554432,12.496431816102184,2766.2919466396556,1,2,23,54.73590046465626,ok,0.2732436830010556,51,1333067776
2.3082841380528407e-06,"{""config.json"":""cells/thin_s2_r1_csr/config.json"",""curves.png"":""cells/thin_s2_r1_csr/curves.png"",""decision"":""decision.json"",""error.png"":""cells/thin_s2_r1_csr/error.png"",""field.npz"":""cells/thin_s2_r1_csr/field.npz"",""history.json"":""cells/thin_s2_r1_csr/history.json"",""input_field.npz"":""cells/thin_s2_r1_csr/input_field.npz"",""mask.npy"":""cells/thin_s2_r1_csr/mask.npy"",""reconstruction.npy"":""cells/thin_s2_r1_csr/reconstruction.npy"",""reconstruction.png"":""cells/thin_s2_r1_csr/reconstruction.png"",""target.npy"":""cells/thin_s2_r1_csr/target.npy"",""target.png"":""cells/thin_s2_r1_csr/target.png""}",csr,0,33554432,0.0020101350019103847,1405608,53057,thin_s2_r1_csr,1.1920928955078125e-07,thin,99,48,0.5875182151794434,2.384185791015625e-07,0.3555355966091156,144,9015808,33554432,12.49643181638433,2766.2919464599386,1,2,15,54.73590046465626,ok,0.13774856899908627,51,1318580224
3.419682570893201e-06,"{""config.json"":""cells/thin_s2_r1_scatter/config.json"",""curves.png"":""cells/thin_s2_r1_scatter/curves.png"",""decision"":""decision.json"",""error.png"":""cells/thin_s2_r1_scatter/error.png"",""field.npz"":""cells/thin_s2_r1_scatter/field.npz"",""history.json"":""cells/thin_s2_r1_scatter/history.json"",""input_field.npz"":""cells/thin_s2_r1_scatter/input_field.npz"",""mask.npy"":""cells/thin_s2_r1_scatter/mask.npy"",""reconstruction.npy"":""cells/thin_s2_r1_scatter/reconstruction.npy"",""reconstruction.png"":""cells/thin_s2_r1_scatter/reconstruction.png"",""target.npy"":""cells/thin_s2_r1_scatter/target.npy"",""target.png"":""cells/thin_s2_r1_scatter/target.png""}",scatter,0,33554432,0.0012734789997921325,1061140,53057,thin_s2_r1_scatter,1.1920928955078125e-07,thin,99,48,0.587512731552124,2.384185791015625e-07,0.3555355966091156,144,9015808,33554432,12.496431821401721,2766.291943264051,1,2,30,54.73590046465626,ok,0.1361140319968399,51,1305272320
8.036226972762961e-06,"{""config.json"":""cells/thin_s2_r2_scatter/config.json"",""curves.png"":""cells/thin_s2_r2_scatter/curves.png"",""decision"":""decision.json"",""error.png"":""cells/thin_s2_r2_scatter/error.png"",""field.npz"":""cells/thin_s2_r2_scatter/field.npz"",""history.json"":""cells/thin_s2_r2_scatter/history.json"",""input_field.npz"":""cells/thin_s2_r2_scatter/input_field.npz"",""mask.npy"":""cells/thin_s2_r2_scatter/mask.npy"",""reconstruction.npy"":""cells/thin_s2_r2_scatter/reconstruction.npy"",""reconstruction.png"":""cells/thin_s2_r2_scatter/reconstruction.png"",""target.npy"":""cells/thin_s2_r2_scatter/target.npy"",""target.png"":""cells/thin_s2_r2_scatter/target.png""}",scatter,0,33554432,0.001241853999090381,1061140,53057,thin_s2_r2_scatter,1.1920928955078125e-07,thin,99,48,0.5875176787376404,2.384185791015625e-07,0.3555355966091156,144,9015808,33554432,12.496431818077664,2766.291945381349,2,2,30,54.73590046465626,ok,0.13640024099731818,51,1305497600
4.274614866517368e-07,"{""config.json"":""cells/thin_s2_r2_off/config.json"",""curves.png"":""cells/thin_s2_r2_off/curves.png"",""decision"":""decision.json"",""error.png"":""cells/thin_s2_r2_off/error.png"",""field.npz"":""cells/thin_s2_r2_off/field.npz"",""history.json"":""cells/thin_s2_r2_off/history.json"",""input_field.npz"":""cells/thin_s2_r2_off/input_field.npz"",""mask.npy"":""cells/thin_s2_r2_off/mask.npy"",""reconstruction.npy"":""cells/thin_s2_r2_off/reconstruction.npy"",""reconstruction.png"":""cells/thin_s2_r2_off/reconstruction.png"",""target.npy"":""cells/thin_s2_r2_off/target.npy"",""target.png"":""cells/thin_s2_r2_off/target.png""}",off,0,33554432,0.0,0,0,thin_s2_r2_off,1.1920928955078125e-07,thin,99,48,0.5875232815742493,2.384185791015625e-07,0.3555355966091156,144,10813440,33554432,12.496431819226014,2766.2919446498927,2,2,26,54.73590046465626,ok,0.2754809220023162,51,1342042112
2.906728241214296e-06,"{""config.json"":""cells/thin_s2_r2_csr/config.json"",""curves.png"":""cells/thin_s2_r2_csr/curves.png"",""decision"":""decision.json"",""error.png"":""cells/thin_s2_r2_csr/error.png"",""field.npz"":""cells/thin_s2_r2_csr/field.npz"",""history.json"":""cells/thin_s2_r2_csr/history.json"",""input_field.npz"":""cells/thin_s2_r2_csr/input_field.npz"",""mask.npy"":""cells/thin_s2_r2_csr/mask.npy"",""reconstruction.npy"":""cells/thin_s2_r2_csr/reconstruction.npy"",""reconstruction.png"":""cells/thin_s2_r2_csr/reconstruction.png"",""target.npy"":""cells/thin_s2_r2_csr/target.npy"",""target.png"":""cells/thin_s2_r2_csr/target.png""}",csr,0,33554432,0.002055015000223648,1405608,53057,thin_s2_r2_csr,1.1920928955078125e-07,thin,99,48,0.5875200033187866,2.384185791015625e-07,0.3555355966091156,144,9015808,33554432,12.496431817060568,2766.2919460292023,2,2,15,54.73590046465626,ok,0.14362880599946948,51,1318768640
3.419673248572508e-06,"{""config.json"":""cells/thin_s2_r3_scatter/config.json"",""curves.png"":""cells/thin_s2_r3_scatter/curves.png"",""decision"":""decision.json"",""error.png"":""cells/thin_s2_r3_scatter/error.png"",""field.npz"":""cells/thin_s2_r3_scatter/field.npz"",""history.json"":""cells/thin_s2_r3_scatter/history.json"",""input_field.npz"":""cells/thin_s2_r3_scatter/input_field.npz"",""mask.npy"":""cells/thin_s2_r3_scatter/mask.npy"",""reconstruction.npy"":""cells/thin_s2_r3_scatter/reconstruction.npy"",""reconstruction.png"":""cells/thin_s2_r3_scatter/reconstruction.png"",""target.npy"":""cells/thin_s2_r3_scatter/target.npy"",""target.png"":""cells/thin_s2_r3_scatter/target.png""}",scatter,0,33554432,0.0013983329990878701,1061140,53057,thin_s2_r3_scatter,1.1920928955078125e-07,thin,99,48,0.5875167846679688,2.384185791015625e-07,0.3555355966091156,144,9015808,33554432,12.496431818491088,2766.291945118014,3,2,33,54.73590046465626,ok,0.1364857349981321,51,1333772288
2.564760279710754e-06,"{""config.json"":""cells/thin_s2_r3_csr/config.json"",""curves.png"":""cells/thin_s2_r3_csr/curves.png"",""decision"":""decision.json"",""error.png"":""cells/thin_s2_r3_csr/error.png"",""field.npz"":""cells/thin_s2_r3_csr/field.npz"",""history.json"":""cells/thin_s2_r3_csr/history.json"",""input_field.npz"":""cells/thin_s2_r3_csr/input_field.npz"",""mask.npy"":""cells/thin_s2_r3_csr/mask.npy"",""reconstruction.npy"":""cells/thin_s2_r3_csr/reconstruction.npy"",""reconstruction.png"":""cells/thin_s2_r3_csr/reconstruction.png"",""target.npy"":""cells/thin_s2_r3_csr/target.npy"",""target.png"":""cells/thin_s2_r3_csr/target.png""}",csr,0,33554432,0.002140418997441884,1405608,53057,thin_s2_r3_csr,1.1920928955078125e-07,thin,99,48,0.5875163078308105,2.384185791015625e-07,0.3555355966091156,144,9015808,33554432,12.4964318174661,2766.291945770892,3,2,15,54.73590046465626,ok,0.15260991499962984,51,1305608192
1.9663202692754567e-06,"{""config.json"":""cells/thin_s2_r3_off/config.json"",""curves.png"":""cells/thin_s2_r3_off/curves.png"",""decision"":""decision.json"",""error.png"":""cells/thin_s2_r3_off/error.png"",""field.npz"":""cells/thin_s2_r3_off/field.npz"",""history.json"":""cells/thin_s2_r3_off/history.json"",""input_field.npz"":""cells/thin_s2_r3_off/input_field.npz"",""mask.npy"":""cells/thin_s2_r3_off/mask.npy"",""reconstruction.npy"":""cells/thin_s2_r3_off/reconstruction.npy"",""reconstruction.png"":""cells/thin_s2_r3_off/reconstruction.png"",""target.npy"":""cells/thin_s2_r3_off/target.npy"",""target.png"":""cells/thin_s2_r3_off/target.png""}",off,0,33554432,0.0,0,0,thin_s2_r3_off,1.1920928955078125e-07,thin,99,48,0.5875130891799927,2.384185791015625e-07,0.355535626411438,144,10813440,33554432,12.496431822316314,2766.291942681489,3,2,18,54.73590046465626,ok,0.30344084200260113,51,1347076096
2.906728241214296e-06,"{""config.json"":""cells/thin_s2_r4_csr/config.json"",""curves.png"":""cells/thin_s2_r4_csr/curves.png"",""decision"":""decision.json"",""error.png"":""cells/thin_s2_r4_csr/error.png"",""field.npz"":""cells/thin_s2_r4_csr/field.npz"",""history.json"":""cells/thin_s2_r4_csr/history.json"",""input_field.npz"":""cells/thin_s2_r4_csr/input_field.npz"",""mask.npy"":""cells/thin_s2_r4_csr/mask.npy"",""reconstruction.npy"":""cells/thin_s2_r4_csr/reconstruction.npy"",""reconstruction.png"":""cells/thin_s2_r4_csr/reconstruction.png"",""target.npy"":""cells/thin_s2_r4_csr/target.npy"",""target.png"":""cells/thin_s2_r4_csr/target.png""}",csr,0,33554432,0.002109337001456879,1405608,53057,thin_s2_r4_csr,1.1920928955078125e-07,thin,99,48,0.5875250697135925,2.384185791015625e-07,0.3555353283882141,144,9015808,33554432,12.496431822154799,2766.291942784369,4,2,14,54.73590046465626,ok,0.15462683900113916,51,1304666112
3.5906666653318098e-06,"{""config.json"":""cells/thin_s2_r4_off/config.json"",""curves.png"":""cells/thin_s2_r4_off/curves.png"",""decision"":""decision.json"",""error.png"":""cells/thin_s2_r4_off/error.png"",""field.npz"":""cells/thin_s2_r4_off/field.npz"",""history.json"":""cells/thin_s2_r4_off/history.json"",""input_field.npz"":""cells/thin_s2_r4_off/input_field.npz"",""mask.npy"":""cells/thin_s2_r4_off/mask.npy"",""reconstruction.npy"":""cells/thin_s2_r4_off/reconstruction.npy"",""reconstruction.png"":""cells/thin_s2_r4_off/reconstruction.png"",""target.npy"":""cells/thin_s2_r4_off/target.npy"",""target.png"":""cells/thin_s2_r4_off/target.png""}",off,0,33554432,0.0,0,0,thin_s2_r4_off,1.1920928955078125e-07,thin,99,48,0.5875268578529358,2.384185791015625e-07,0.3555355668067932,144,10813440,33554432,12.496431818765007,2766.2919449435376,4,2,43,54.73590046465626,ok,0.30266865900193807,51,1362030592
8.549228596166358e-07,"{""config.json"":""cells/thin_s2_r4_scatter/config.json"",""curves.png"":""cells/thin_s2_r4_scatter/curves.png"",""decision"":""decision.json"",""error.png"":""cells/thin_s2_r4_scatter/error.png"",""field.npz"":""cells/thin_s2_r4_scatter/field.npz"",""history.json"":""cells/thin_s2_r4_scatter/history.json"",""input_field.npz"":""cells/thin_s2_r4_scatter/input_field.npz"",""mask.npy"":""cells/thin_s2_r4_scatter/mask.npy"",""reconstruction.npy"":""cells/thin_s2_r4_scatter/reconstruction.npy"",""reconstruction.png"":""cells/thin_s2_r4_scatter/reconstruction.png"",""target.npy"":""cells/thin_s2_r4_scatter/target.npy"",""target.png"":""cells/thin_s2_r4_scatter/target.png""}",scatter,0,33554432,0.0013720480019401293,1061140,53057,thin_s2_r4_scatter,1.1920928955078125e-07,thin,99,48,0.5875168442726135,2.384185791015625e-07,0.3555355668067932,144,9015808,33554432,12.496431813036665,2766.291948592275,4,2,42,54.73590046465626,ok,0.15294719300072757,51,1332858880
2.4792682324914495e-06,"{""config.json"":""cells/thin_s2_r5_csr/config.json"",""curves.png"":""cells/thin_s2_r5_csr/curves.png"",""decision"":""decision.json"",""error.png"":""cells/thin_s2_r5_csr/error.png"",""field.npz"":""cells/thin_s2_r5_csr/field.npz"",""history.json"":""cells/thin_s2_r5_csr/history.json"",""input_field.npz"":""cells/thin_s2_r5_csr/input_field.npz"",""mask.npy"":""cells/thin_s2_r5_csr/mask.npy"",""reconstruction.npy"":""cells/thin_s2_r5_csr/reconstruction.npy"",""reconstruction.png"":""cells/thin_s2_r5_csr/reconstruction.png"",""target.npy"":""cells/thin_s2_r5_csr/target.npy"",""target.png"":""cells/thin_s2_r5_csr/target.png""}",csr,0,33554432,0.0022704639995936304,1405608,53057,thin_s2_r5_csr,1.1920928955078125e-07,thin,99,48,0.5875210762023926,2.384185791015625e-07,0.3555355966091156,144,9015808,33554432,12.496431821388999,2766.2919432721546,5,2,15,54.73590046465626,ok,0.15188362399931066,51,1342107648
4.360092134447768e-06,"{""config.json"":""cells/thin_s2_r5_scatter/config.json"",""curves.png"":""cells/thin_s2_r5_scatter/curves.png"",""decision"":""decision.json"",""error.png"":""cells/thin_s2_r5_scatter/error.png"",""field.npz"":""cells/thin_s2_r5_scatter/field.npz"",""history.json"":""cells/thin_s2_r5_scatter/history.json"",""input_field.npz"":""cells/thin_s2_r5_scatter/input_field.npz"",""mask.npy"":""cells/thin_s2_r5_scatter/mask.npy"",""reconstruction.npy"":""cells/thin_s2_r5_scatter/reconstruction.npy"",""reconstruction.png"":""cells/thin_s2_r5_scatter/reconstruction.png"",""target.npy"":""cells/thin_s2_r5_scatter/target.npy"",""target.png"":""cells/thin_s2_r5_scatter/target.png""}",scatter,0,33554432,0.0013999709990457632,1061140,53057,thin_s2_r5_scatter,1.1920928955078125e-07,thin,99,48,0.5875234603881836,2.384185791015625e-07,0.3555355668067932,144,9015808,33554432,12.496431818128602,2766.291945348904,5,2,24,54.73590046465626,ok,0.15549320900026942,51,1329827840
2.6502611945034005e-06,"{""config.json"":""cells/thin_s2_r5_off/config.json"",""curves.png"":""cells/thin_s2_r5_off/curves.png"",""decision"":""decision.json"",""error.png"":""cells/thin_s2_r5_off/error.png"",""field.npz"":""cells/thin_s2_r5_off/field.npz"",""history.json"":""cells/thin_s2_r5_off/history.json"",""input_field.npz"":""cells/thin_s2_r5_off/input_field.npz"",""mask.npy"":""cells/thin_s2_r5_off/mask.npy"",""reconstruction.npy"":""cells/thin_s2_r5_off/reconstruction.npy"",""reconstruction.png"":""cells/thin_s2_r5_off/reconstruction.png"",""target.npy"":""cells/thin_s2_r5_off/target.npy"",""target.png"":""cells/thin_s2_r5_off/target.png""}",off,0,33554432,0.0,0,0,thin_s2_r5_off,2.384185791015625e-07,thin,99,48,0.5875210762023926,2.384185791015625e-07,0.3555355966091156,144,10813440,33554432,12.496431817599273,2766.2919456860664,5,2,34,54.73590046465626,ok,0.3003903460012225,51,1307209728
3.6561760907716234e-07,"{""config.json"":""cells/irregular_s0_r0_off/config.json"",""curves.png"":""cells/irregular_s0_r0_off/curves.png"",""decision"":""decision.json"",""error.png"":""cells/irregular_s0_r0_off/error.png"",""field.npz"":""cells/irregular_s0_r0_off/field.npz"",""history.json"":""cells/irregular_s0_r0_off/history.json"",""input_field.npz"":""cells/irregular_s0_r0_off/input_field.npz"",""mask.npy"":""cells/irregular_s0_r0_off/mask.npy"",""reconstruction.npy"":""cells/irregular_s0_r0_off/reconstruction.npy"",""reconstruction.png"":""cells/irregular_s0_r0_off/reconstruction.png"",""target.npy"":""cells/irregular_s0_r0_off/target.npy"",""target.png"":""cells/irregular_s0_r0_off/target.png""}",off,0,33554432,0.0,0,0,irregular_s0_r0_off,5.960464477539063e-08,irregular,99,48,0.3334900438785553,5.960464477539063e-08,0.5920206904411316,144,8185856,33554432,11.965334361809294,1793.3682146901224,0,0,0,43.89372724168523,ok,0.27047067699822946,51,1343586304
2.1937039207386988e-07,"{""config.json"":""cells/irregular_s0_r0_scatter/config.json"",""curves.png"":""cells/irregular_s0_r0_scatter/curves.png"",""decision"":""decision.json"",""error.png"":""cells/irregular_s0_r0_scatter/error.png"",""field.npz"":""cells/irregular_s0_r0_scatter/field.npz"",""history.json"":""cells/irregular_s0_r0_scatter/history.json"",""input_field.npz"":""cells/irregular_s0_r0_scatter/input_field.npz"",""mask.npy"":""cells/irregular_s0_r0_scatter/mask.npy"",""reconstruction.npy"":""cells/irregular_s0_r0_scatter/reconstruction.npy"",""reconstruction.png"":""cells/irregular_s0_r0_scatter/reconstruction.png"",""target.npy"":""cells/irregular_s0_r0_scatter/target.npy"",""target.png"":""cells/irregular_s0_r0_scatter/target.png""}",scatter,0,33554432,0.0013595689997600857,844220,42211,irregular_s0_r0_scatter,5.960464477539063e-08,irregular,99,48,0.3334900438785553,5.960464477539063e-08,0.5920206904411316,144,6388224,33554432,11.965334362929486,1793.3682142275525,0,0,0,43.89372724168523,ok,0.14349980400220375,51,1306877952
1.3893455843572156e-06,"{""config.json"":""cells/irregular_s0_r0_csr/config.json"",""curves.png"":""cells/irregular_s0_r0_csr/curves.png"",""decision"":""decision.json"",""error.png"":""cells/irregular_s0_r0_csr/error.png"",""field.npz"":""cells/irregular_s0_r0_csr/field.npz"",""history.json"":""cells/irregular_s0_r0_csr/history.json"",""input_field.npz"":""cells/irregular_s0_r0_csr/input_field.npz"",""mask.npy"":""cells/irregular_s0_r0_csr/mask.npy"",""reconstruction.npy"":""cells/irregular_s0_r0_csr/reconstruction.npy"",""reconstruction.png"":""cells/irregular_s0_r0_csr/reconstruction.png"",""target.npy"":""cells/irregular_s0_r0_csr/target.npy"",""target.png"":""cells/irregular_s0_r0_csr/target.png""}",csr,0,33554432,0.0019902380008716136,1145304,42211,irregular_s0_r0_csr,5.960464477539063e-08,irregular,99,48,0.33349084854125977,5.960464477539063e-08,0.5920206904411316,144,6388224,33554432,11.965334359410322,1793.3682156807495,0,0,0,43.89372724168523,ok,0.1385516379996261,51,1342509056
8.774815114520607e-07,"{""config.json"":""cells/irregular_s0_r1_off/config.json"",""curves.png"":""cells/irregular_s0_r1_off/curves.png"",""decision"":""decision.json"",""error.png"":""cells/irregular_s0_r1_off/error.png"",""field.npz"":""cells/irregular_s0_r1_off/field.npz"",""history.json"":""cells/irregular_s0_r1_off/history.json"",""input_field.npz"":""cells/irregular_s0_r1_off/input_field.npz"",""mask.npy"":""cells/irregular_s0_r1_off/mask.npy"",""reconstruction.npy"":""cells/irregular_s0_r1_off/reconstruction.npy"",""reconstruction.png"":""cells/irregular_s0_r1_off/reconstruction.png"",""target.npy"":""cells/irregular_s0_r1_off/target.npy"",""target.png"":""cells/irregular_s0_r1_off/target.png""}",off,0,33554432,0.0,0,0,irregular_s0_r1_off,5.960464477539063e-08,irregular,99,48,0.3334900438785553,5.960464477539063e-08,0.5920206904411316,144,8185856,33554432,11.965334362621412,1793.3682143547674,1,0,0,43.89372724168523,ok,0.27202082900112146,51,1301209088
1.2430988363121287e-06,"{""config.json"":""cells/irregular_s0_r1_csr/config.json"",""curves.png"":""cells/irregular_s0_r1_csr/curves.png"",""decision"":""decision.json"",""error.png"":""cells/irregular_s0_r1_csr/error.png"",""field.npz"":""cells/irregular_s0_r1_csr/field.npz"",""history.json"":""cells/irregular_s0_r1_csr/history.json"",""input_field.npz"":""cells/irregular_s0_r1_csr/input_field.npz"",""mask.npy"":""cells/irregular_s0_r1_csr/mask.npy"",""reconstruction.npy"":""cells/irregular_s0_r1_csr/reconstruction.npy"",""reconstruction.png"":""cells/irregular_s0_r1_csr/reconstruction.png"",""target.npy"":""cells/irregular_s0_r1_csr/target.npy"",""target.png"":""cells/irregular_s0_r1_csr/target.png""}",csr,0,33554432,0.002055765002296539,1145304,42211,irregular_s0_r1_csr,5.960464477539063e-08,irregular,99,48,0.33349084854125977,5.960464477539063e-08,0.5920206904411316,144,6388224,33554432,11.965334362437602,1793.368214430669,1,0,0,43.89372724168523,ok,0.13800218100004713,51,1315999744
8.043576258387475e-07,"{""config.json"":""cells/irregular_s0_r1_scatter/config.json"",""curves.png"":""cells/irregular_s0_r1_scatter/curves.png"",""decision"":""decision.json"",""error.png"":""cells/irregular_s0_r1_scatter/error.png"",""field.npz"":""cells/irregular_s0_r1_scatter/field.npz"",""history.json"":""cells/irregular_s0_r1_scatter/history.json"",""input_field.npz"":""cells/irregular_s0_r1_scatter/input_field.npz"",""mask.npy"":""cells/irregular_s0_r1_scatter/mask.npy"",""reconstruction.npy"":""cells/irregular_s0_r1_scatter/reconstruction.npy"",""reconstruction.png"":""cells/irregular_s0_r1_scatter/reconstruction.png"",""target.npy"":""cells/irregular_s0_r1_scatter/target.npy"",""target.png"":""cells/irregular_s0_r1_scatter/target.png""}",scatter,0,33554432,0.0013085719983791932,844220,42211,irregular_s0_r1_scatter,5.960464477539063e-08,irregular,99,48,0.33349084854125977,5.960464477539063e-08,0.5920206904411316,144,6388224,33554432,11.965334361675612,1793.3682147453248,1,0,0,43.89372724168523,ok,0.13903480299995863,51,1332736000
1.4624701805132645e-07,"{""config.json"":""cells/irregular_s0_r2_scatter/config.json"",""curves.png"":""cells/irregular_s0_r2_scatter/curves.png"",""decision"":""decision.json"",""error.png"":""cells/irregular_s0_r2_scatter/error.png"",""field.npz"":""cells/irregular_s0_r2_scatter/field.npz"",""history.json"":""cells/irregular_s0_r2_scatter/history.json"",""input_field.npz"":""cells/irregular_s0_r2_scatter/input_field.npz"",""mask.npy"":""cells/irregular_s0_r2_scatter/mask.npy"",""reconstruction.npy"":""cells/irregular_s0_r2_scatter/reconstruction.npy"",""reconstruction.png"":""cells/irregular_s0_r2_scatter/reconstruction.png"",""target.npy"":""cells/irregular_s0_r2_scatter/target.npy"",""target.png"":""cells/irregular_s0_r2_scatter/target.png""}",scatter,0,33554432,0.00191442499999539,844220,42211,irregular_s0_r2_scatter,5.960464477539063e-08,irregular,99,48,0.33349084854125977,5.960464477539063e-08,0.5920206904411316,144,6388224,33554432,11.965334360621565,1793.3682151805817,2,0,0,43.89372724168523,ok,0.22967605300073046,51,1308422144
7.312348770938115e-08,"{""config.json"":""cells/irregular_s0_r2_off/config.json"",""curves.png"":""cells/irregular_s0_r2_off/curves.png"",""decision"":""decision.json"",""error.png"":""cells/irregular_s0_r2_off/error.png"",""field.npz"":""cells/irregular_s0_r2_off/field.npz"",""history.json"":""cells/irregular_s0_r2_off/history.json"",""input_field.npz"":""cells/irregular_s0_r2_off/input_field.npz"",""mask.npy"":""cells/irregular_s0_r2_off/mask.npy"",""reconstruction.npy"":""cells/irregular_s0_r2_off/reconstruction.npy"",""reconstruction.png"":""cells/irregular_s0_r2_off/reconstruction.png"",""target.npy"":""cells/irregular_s0_r2_off/target.npy"",""target.png"":""cells/irregular_s0_r2_off/target.png""}",off,0,33554432,0.0,0,0,irregular_s0_r2_off,5.960464477539063e-08,irregular,99,48,0.3334900438785553,5.960464477539063e-08,0.5920206904411316,144,8185856,33554432,11.965334360050587,1793.3682154163598,2,0,0,43.89372724168523,ok,0.32646227100121905,51,1331032064
1.2430988363121287e-06,"{""config.json"":""cells/irregular_s0_r2_csr/config.json"",""curves.png"":""cells/irregular_s0_r2_csr/curves.png"",""decision"":""decision.json"",""error.png"":""cells/irregular_s0_r2_csr/error.png"",""field.npz"":""cells/irregular_s0_r2_csr/field.npz"",""history.json"":""cells/irregular_s0_r2_csr/history.json"",""input_field.npz"":""cells/irregular_s0_r2_csr/input_field.npz"",""mask.npy"":""cells/irregular_s0_r2_csr/mask.npy"",""reconstruction.npy"":""cells/irregular_s0_r2_csr/reconstruction.npy"",""reconstruction.png"":""cells/irregular_s0_r2_csr/reconstruction.png"",""target.npy"":""cells/irregular_s0_r2_csr/target.npy"",""target.png"":""cells/irregular_s0_r2_csr/target.png""}",csr,0,33554432,0.0026741459987533744,1145304,42211,irregular_s0_r2_csr,5.960464477539063e-08,irregular,99,48,0.33349084854125977,5.960464477539063e-08,0.5920206904411316,144,6388224,33554432,11.965334361182284,1793.3682149490382,2,0,0,43.89372724168523,ok,0.22308485000030487,51,1330565120
0.0,"{""config.json"":""cells/irregular_s0_r3_scatter/config.json"",""curves.png"":""cells/irregular_s0_r3_scatter/curves.png"",""decision"":""decision.json"",""error.png"":""cells/irregular_s0_r3_scatter/error.png"",""field.npz"":""cells/irregular_s0_r3_scatter/field.npz"",""history.json"":""cells/irregular_s0_r3_scatter/history.json"",""input_field.npz"":""cells/irregular_s0_r3_scatter/input_field.npz"",""mask.npy"":""cells/irregular_s0_r3_scatter/mask.npy"",""reconstruction.npy"":""cells/irregular_s0_r3_scatter/reconstruction.npy"",""reconstruction.png"":""cells/irregular_s0_r3_scatter/reconstruction.png"",""target.npy"":""cells/irregular_s0_r3_scatter/target.npy"",""target.png"":""cells/irregular_s0_r3_scatter/target.png""}",scatter,0,33554432,0.001984582999284612,844220,42211,irregular_s0_r3_scatter,5.960464477539063e-08,irregular,99,48,0.33349084854125977,5.960464477539063e-08,0.5920206904411316,144,6388224,33554432,11.965334361427342,1793.3682148478447,3,0,0,43.89372724168523,ok,0.2463110320022679,51,1306963968
1.3893455843572156e-06,"{""config.json"":""cells/irregular_s0_r3_csr/config.json"",""curves.png"":""cells/irregular_s0_r3_csr/curves.png"",""decision"":""decision.json"",""error.png"":""cells/irregular_s0_r3_csr/error.png"",""field.npz"":""cells/irregular_s0_r3_csr/field.npz"",""history.json"":""cells/irregular_s0_r3_csr/history.json"",""input_field.npz"":""cells/irregular_s0_r3_csr/input_field.npz"",""mask.npy"":""cells/irregular_s0_r3_csr/mask.npy"",""reconstruction.npy"":""cells/irregular_s0_r3_csr/reconstruction.npy"",""reconstruction.png"":""cells/irregular_s0_r3_csr/reconstruction.png"",""target.npy"":""cells/irregular_s0_r3_csr/target.npy"",""target.png"":""cells/irregular_s0_r3_csr/target.png""}",csr,0,33554432,0.0023374810007226188,1145304,42211,irregular_s0_r3_csr,5.960464477539063e-08,irregular,99,48,0.33349084854125977,5.960464477539063e-08,0.5920206904411316,144,6388224,33554432,11.965334361995295,1793.368214613316,3,0,0,43.89372724168523,ok,0.19357154000317678,51,1343209472
4.3874106836483406e-07,"{""config.json"":""cells/irregular_s0_r3_off/config.json"",""curves.png"":""cells/irregular_s0_r3_off/curves.png"",""decision"":""decision.json"",""error.png"":""cells/irregular_s0_r3_off/error.png"",""field.npz"":""cells/irregular_s0_r3_off/field.npz"",""history.json"":""cells/irregular_s0_r3_off/history.json"",""input_field.npz"":""cells/irregular_s0_r3_off/input_field.npz"",""mask.npy"":""cells/irregular_s0_r3_off/mask.npy"",""reconstruction.npy"":""cells/irregular_s0_r3_off/reconstruction.npy"",""reconstruction.png"":""cells/irregular_s0_r3_off/reconstruction.png"",""target.npy"":""cells/irregular_s0_r3_off/target.npy"",""target.png"":""cells/irregular_s0_r3_off/target.png""}",off,0,33554432,0.0,0,0,irregular_s0_r3_off,5.960464477539063e-08,irregular,99,48,0.33349084854125977,5.960464477539063e-08,0.5920206904411316,144,8185856,33554432,11.96533436120508,1793.3682149396257,3,0,0,43.89372724168523,ok,0.43109388900120393,51,1308430336
1.462468958379759e-06,"{""config.json"":""cells/irregular_s0_r4_csr/config.json"",""curves.png"":""cells/irregular_s0_r4_csr/curves.png"",""decision"":""decision.json"",""error.png"":""cells/irregular_s0_r4_csr/error.png"",""field.npz"":""cells/irregular_s0_r4_csr/field.npz"",""history.json"":""cells/irregular_s0_r4_csr/history.json"",""input_field.npz"":""cells/irregular_s0_r4_csr/input_field.npz"",""mask.npy"":""cells/irregular_s0_r4_csr/mask.npy"",""reconstruction.npy"":""cells/irregular_s0_r4_csr/reconstruction.npy"",""reconstruction.png"":""cells/irregular_s0_r4_csr/reconstruction.png"",""target.npy"":""cells/irregular_s0_r4_csr/target.npy"",""target.png"":""cells/irregular_s0_r4_csr/target.png""}",csr,0,33554432,0.002805323001666693,1145304,42211,irregular_s0_r4_csr,5.960464477539063e-08,irregular,99,48,0.3334900438785553,5.960464477539063e-08,0.5920206904411316,144,6388224,33554432,11.965334359856064,1793.3682154966862,4,0,0,43.89372724168523,ok,0.24640506799914874,51,1331027968
7.312347634069738e-07,"{""config.json"":""cells/irregular_s0_r4_off/config.json"",""curves.png"":""cells/irregular_s0_r4_off/curves.png"",""decision"":""decision.json"",""error.png"":""cells/irregular_s0_r4_off/error.png"",""field.npz"":""cells/irregular_s0_r4_off/field.npz"",""history.json"":""cells/irregular_s0_r4_off/history.json"",""input_field.npz"":""cells/irregular_s0_r4_off/input_field.npz"",""mask.npy"":""cells/irregular_s0_r4_off/mask.npy"",""reconstruction.npy"":""cells/irregular_s0_r4_off/reconstruction.npy"",""reconstruction.png"":""cells/irregular_s0_r4_off/reconstruction.png"",""target.npy"":""cells/irregular_s0_r4_off/target.npy"",""target.png"":""cells/irregular_s0_r4_off/target.png""}",off,0,33554432,0.0,0,0,irregular_s0_r4_off,5.960464477539063e-08,irregular,99,48,0.33349084854125977,5.960464477539063e-08,0.5920206904411316,144,8185856,33554432,11.965334360597076,1793.3682151906942,4,0,0,43.89372724168523,ok,0.3174798349973571,51,1307238400
2.924939224158152e-07,"{""config.json"":""cells/irregular_s0_r4_scatter/config.json"",""curves.png"":""cells/irregular_s0_r4_scatter/curves.png"",""decision"":""decision.json"",""error.png"":""cells/irregular_s0_r4_scatter/error.png"",""field.npz"":""cells/irregular_s0_r4_scatter/field.npz"",""history.json"":""cells/irregular_s0_r4_scatter/history.json"",""input_field.npz"":""cells/irregular_s0_r4_scatter/input_field.npz"",""mask.npy"":""cells/irregular_s0_r4_scatter/mask.npy"",""reconstruction.npy"":""cells/irregular_s0_r4_scatter/reconstruction.npy"",""reconstruction.png"":""cells/irregular_s0_r4_scatter/reconstruction.png"",""target.npy"":""cells/irregular_s0_r4_scatter/target.npy"",""target.png"":""cells/irregular_s0_r4_scatter/target.png""}",scatter,0,33554432,0.002510079000785481,844220,42211,irregular_s0_r4_scatter,5.960464477539063e-08,irregular,99,48,0.33349084854125977,5.960464477539063e-08,0.5920206904411316,144,6388224,33554432,11.9653343599505,1793.3682154576904,4,0,0,43.89372724168523,ok,0.23443445300290477,51,1308356608
1.3893455843572156e-06,"{""config.json"":""cells/irregular_s0_r5_csr/config.json"",""curves.png"":""cells/irregular_s0_r5_csr/curves.png"",""decision"":""decision.json"",""error.png"":""cells/irregular_s0_r5_csr/error.png"",""field.npz"":""cells/irregular_s0_r5_csr/field.npz"",""history.json"":""cells/irregular_s0_r5_csr/history.json"",""input_field.npz"":""cells/irregular_s0_r5_csr/input_field.npz"",""mask.npy"":""cells/irregular_s0_r5_csr/mask.npy"",""reconstruction.npy"":""cells/irregular_s0_r5_csr/reconstruction.npy"",""reconstruction.png"":""cells/irregular_s0_r5_csr/reconstruction.png"",""target.npy"":""cells/irregular_s0_r5_csr/target.npy"",""target.png"":""cells/irregular_s0_r5_csr/target.png""}",csr,0,33554432,0.0029621000030601863,1145304,42211,irregular_s0_r5_csr,5.960464477539063e-08,irregular,99,48,0.33349084854125977,5.960464477539063e-08,0.5920206904411316,144,6388224,33554432,11.965334361592612,1793.3682147795994,5,0,0,43.89372724168523,ok,0.2209994570002891,51,1344159744
4.387406420391926e-07,"{""config.json"":""cells/irregular_s0_r5_scatter/config.json"",""curves.png"":""cells/irregular_s0_r5_scatter/curves.png"",""decision"":""decision.json"",""error.png"":""cells/irregular_s0_r5_scatter/error.png"",""field.npz"":""cells/irregular_s0_r5_scatter/field.npz"",""history.json"":""cells/irregular_s0_r5_scatter/history.json"",""input_field.npz"":""cells/irregular_s0_r5_scatter/input_field.npz"",""mask.npy"":""cells/irregular_s0_r5_scatter/mask.npy"",""reconstruction.npy"":""cells/irregular_s0_r5_scatter/reconstruction.npy"",""reconstruction.png"":""cells/irregular_s0_r5_scatter/reconstruction.png"",""target.npy"":""cells/irregular_s0_r5_scatter/target.npy"",""target.png"":""cells/irregular_s0_r5_scatter/target.png""}",scatter,0,33554432,0.0019420389980950858,844220,42211,irregular_s0_r5_scatter,5.960464477539063e-08,irregular,99,48,0.3334900438785553,5.960464477539063e-08,0.5920206904411316,144,6388224,33554432,11.965334363924068,1793.3682138168517,5,0,0,43.89372724168523,ok,0.18711407299997518,51,1321078784
8.774822504165058e-07,"{""config.json"":""cells/irregular_s0_r5_off/config.json"",""curves.png"":""cells/irregular_s0_r5_off/curves.png"",""decision"":""decision.json"",""error.png"":""cells/irregular_s0_r5_off/error.png"",""field.npz"":""cells/irregular_s0_r5_off/field.npz"",""history.json"":""cells/irregular_s0_r5_off/history.json"",""input_field.npz"":""cells/irregular_s0_r5_off/input_field.npz"",""mask.npy"":""cells/irregular_s0_r5_off/mask.npy"",""reconstruction.npy"":""cells/irregular_s0_r5_off/reconstruction.npy"",""reconstruction.png"":""cells/irregular_s0_r5_off/reconstruction.png"",""target.npy"":""cells/irregular_s0_r5_off/target.npy"",""target.png"":""cells/irregular_s0_r5_off/target.png""}",off,0,33554432,0.0,0,0,irregular_s0_r5_off,5.960464477539063e-08,irregular,99,48,0.33349084854125977,5.960464477539063e-08,0.5920206904411316,144,8185856,33554432,11.965334360802284,1793.3682151059556,5,0,0,43.89372724168523,ok,0.30544863699833513,51,1301499904
1.1839839544336428e-06,"{""config.json"":""cells/irregular_s1_r0_off/config.json"",""curves.png"":""cells/irregular_s1_r0_off/curves.png"",""decision"":""decision.json"",""error.png"":""cells/irregular_s1_r0_off/error.png"",""field.npz"":""cells/irregular_s1_r0_off/field.npz"",""history.json"":""cells/irregular_s1_r0_off/history.json"",""input_field.npz"":""cells/irregular_s1_r0_off/input_field.npz"",""mask.npy"":""cells/irregular_s1_r0_off/mask.npy"",""reconstruction.npy"":""cells/irregular_s1_r0_off/reconstruction.npy"",""reconstruction.png"":""cells/irregular_s1_r0_off/reconstruction.png"",""target.npy"":""cells/irregular_s1_r0_off/target.npy"",""target.png"":""cells/irregular_s1_r0_off/target.png""}",off,0,33554432,0.0,0,0,irregular_s1_r0_off,5.960464477539063e-08,irregular,99,48,0.32935988903045654,5.960464477539063e-08,0.6005526781082153,144,8253952,33554432,12.0030530663139,1777.860158907134,0,1,0,49.55590849596778,ok,0.37072223799987114,51,1308114944
5.464540890898206e-07,"{""config.json"":""cells/irregular_s1_r0_scatter/config.json"",""curves.png"":""cells/irregular_s1_r0_scatter/curves.png"",""decision"":""decision.json"",""error.png"":""cells/irregular_s1_r0_scatter/error.png"",""field.npz"":""cells/irregular_s1_r0_scatter/field.npz"",""history.json"":""cells/irregular_s1_r0_scatter/history.json"",""input_field.npz"":""cells/irregular_s1_r0_scatter/input_field.npz"",""mask.npy"":""cells/irregular_s1_r0_scatter/mask.npy"",""reconstruction.npy"":""cells/irregular_s1_r0_scatter/reconstruction.npy"",""reconstruction.png"":""cells/irregular_s1_r0_scatter/reconstruction.png"",""target.npy"":""cells/irregular_s1_r0_scatter/target.npy"",""target.png"":""cells/irregular_s1_r0_scatter/target.png""}",scatter,0,33554432,0.0023184279998531565,835860,41793,irregular_s1_r0_scatter,5.960464477539063e-08,irregular,99,48,0.32935988903045654,5.960464477539063e-08,0.6005526781082153,144,6456320,33554432,12.003053065110558,1777.8601593997428,0,1,0,49.55590849596778,ok,0.24122387900206377,51,1303756800
1.8215135355603707e-07,"{""config.json"":""cells/irregular_s1_r0_csr/config.json"",""curves.png"":""cells/irregular_s1_r0_csr/curves.png"",""decision"":""decision.json"",""error.png"":""cells/irregular_s1_r0_csr/error.png"",""field.npz"":""cells/irregular_s1_r0_csr/field.npz"",""history.json"":""cells/irregular_s1_r0_csr/history.json"",""input_field.npz"":""cells/irregular_s1_r0_csr/input_field.npz"",""mask.npy"":""cells/irregular_s1_r0_csr/mask.npy"",""reconstruction.npy"":""cells/irregular_s1_r0_csr/reconstruction.npy"",""reconstruction.png"":""cells/irregular_s1_r0_csr/reconstruction.png"",""target.npy"":""cells/irregular_s1_r0_csr/target.npy"",""target.png"":""cells/irregular_s1_r0_csr/target.png""}",csr,0,33554432,0.0034350940004514996,1135272,41793,irregular_s1_r0_csr,5.960464477539063e-08,irregular,99,48,0.32935988903045654,5.960464477539063e-08,0.6005526781082153,144,6456320,33554432,12.003053064520486,1777.8601596412993,0,1,0,49.55590849596778,ok,0.21676243299953057,51,1340715008
1.366135052194295e-06,"{""config.json"":""cells/irregular_s1_r1_off/config.json"",""curves.png"":""cells/irregular_s1_r1_off/curves.png"",""decision"":""decision.json"",""error.png"":""cells/irregular_s1_r1_off/error.png"",""field.npz"":""cells/irregular_s1_r1_off/field.npz"",""history.json"":""cells/irregular_s1_r1_off/history.json"",""input_field.npz"":""cells/irregular_s1_r1_off/input_field.npz"",""mask.npy"":""cells/irregular_s1_r1_off/mask.npy"",""reconstruction.npy"":""cells/irregular_s1_r1_off/reconstruction.npy"",""reconstruction.png"":""cells/irregular_s1_r1_off/reconstruction.png"",""target.npy"":""cells/irregular_s1_r1_off/target.npy"",""target.png"":""cells/irregular_s1_r1_off/target.png""}",off,0,33554432,0.0,0,0,irregular_s1_r1_off,5.960464477539063e-08,irregular,99,48,0.32935988903045654,5.960464477539063e-08,0.6005526781082153,144,8253952,33554432,12.00305306439124,1777.8601596942074,1,1,0,49.55590849596778,ok,0.3954667079997307,51,1307750400
1.8215135355603707e-07,"{""config.json"":""cells/irregular_s1_r1_csr/config.json"",""curves.png"":""cells/irregular_s1_r1_csr/curves.png"",""decision"":""decision.json"",""error.png"":""cells/irregular_s1_r1_csr/error.png"",""field.npz"":""cells/irregular_s1_r1_csr/field.npz"",""history.json"":""cells/irregular_s1_r1_csr/history.json"",""input_field.npz"":""cells/irregular_s1_r1_csr/input_field.npz"",""mask.npy"":""cells/irregular_s1_r1_csr/mask.npy"",""reconstruction.npy"":""cells/irregular_s1_r1_csr/reconstruction.npy"",""reconstruction.png"":""cells/irregular_s1_r1_csr/reconstruction.png"",""target.npy"":""cells/irregular_s1_r1_csr/target.npy"",""target.png"":""cells/irregular_s1_r1_csr/target.png""}",csr,0,33554432,0.0028869499983557034,1135272,41793,irregular_s1_r1_csr,5.960464477539063e-08,irregular,99,48,0.32935988903045654,5.960464477539063e-08,0.6005526781082153,144,6456320,33554432,12.003053065011617,1777.8601594402462,1,1,0,49.55590849596778,ok,0.17758788900027866,51,1327788032
1.7304369066550862e-06,"{""config.json"":""cells/irregular_s1_r1_scatter/config.json"",""curves.png"":""cells/irregular_s1_r1_scatter/curves.png"",""decision"":""decision.json"",""error.png"":""cells/irregular_s1_r1_scatter/error.png"",""field.npz"":""cells/irregular_s1_r1_scatter/field.npz"",""history.json"":""cells/irregular_s1_r1_scatter/history.json"",""input_field.npz"":""cells/irregular_s1_r1_scatter/input_field.npz"",""mask.npy"":""cells/irregular_s1_r1_scatter/mask.npy"",""reconstruction.npy"":""cells/irregular_s1_r1_scatter/reconstruction.npy"",""reconstruction.png"":""cells/irregular_s1_r1_scatter/reconstruction.png"",""target.npy"":""cells/irregular_s1_r1_scatter/target.npy"",""target.png"":""cells/irregular_s1_r1_scatter/target.png""}",scatter,0,33554432,0.0016838740011735354,835860,41793,irregular_s1_r1_scatter,5.960464477539063e-08,irregular,99,48,0.32935988903045654,5.960464477539063e-08,0.6005526781082153,144,6456320,33554432,12.003053066160213,1777.860158970049,1,1,0,49.55590849596778,ok,0.22847113899842952,51,1331154944
3.6430270711207413e-07,"{""config.json"":""cells/irregular_s1_r2_scatter/config.json"",""curves.png"":""cells/irregular_s1_r2_scatter/curves.png"",""decision"":""decision.json"",""error.png"":""cells/irregular_s1_r2_scatter/error.png"",""field.npz"":""cells/irregular_s1_r2_scatter/field.npz"",""history.json"":""cells/irregular_s1_r2_scatter/history.json"",""input_field.npz"":""cells/irregular_s1_r2_scatter/input_field.npz"",""mask.npy"":""cells/irregular_s1_r2_scatter/mask.npy"",""reconstruction.npy"":""cells/irregular_s1_r2_scatter/reconstruction.npy"",""reconstruction.png"":""cells/irregular_s1_r2_scatter/reconstruction.png"",""target.npy"":""cells/irregular_s1_r2_scatter/target.npy"",""target.png"":""cells/irregular_s1_r2_scatter/target.png""}",scatter,0,33554432,0.001969291999557754,835860,41793,irregular_s1_r2_scatter,5.960464477539063e-08,irregular,99,48,0.32935988903045654,5.960464477539063e-08,0.6005526781082153,144,6456320,33554432,12.003053064412573,1777.8601596854749,2,1,0,49.55590849596778,ok,0.16963462199782953,51,1342574592
1.0929079508059658e-06,"{""config.json"":""cells/irregular_s1_r2_off/config.json"",""curves.png"":""cells/irregular_s1_r2_off/curves.png"",""decision"":""decision.json"",""error.png"":""cells/irregular_s1_r2_off/error.png"",""field.npz"":""cells/irregular_s1_r2_off/field.npz"",""history.json"":""cells/irregular_s1_r2_off/history.json"",""input_field.npz"":""cells/irregular_s1_r2_off/input_field.npz"",""mask.npy"":""cells/irregular_s1_r2_off/mask.npy"",""reconstruction.npy"":""cells/irregular_s1_r2_off/reconstruction.npy"",""reconstruction.png"":""cells/irregular_s1_r2_off/reconstruction.png"",""target.npy"":""cells/irregular_s1_r2_off/target.npy"",""target.png"":""cells/irregular_s1_r2_off/target.png""}",off,0,33554432,0.0,0,0,irregular_s1_r2_off,5.960464477539063e-08,irregular,99,48,0.32935988903045654,5.960464477539063e-08,0.6005526781082153,144,8253952,33554432,12.003053064683984,1777.8601595743678,2,1,0,49.55590849596778,ok,0.28382562099795905,51,1305620480
1.8215135355603707e-07,"{""config.json"":""cells/irregular_s1_r2_csr/config.json"",""curves.png"":""cells/irregular_s1_r2_csr/curves.png"",""decision"":""decision.json"",""error.png"":""cells/irregular_s1_r2_csr/error.png"",""field.npz"":""cells/irregular_s1_r2_csr/field.npz"",""history.json"":""cells/irregular_s1_r2_csr/history.json"",""input_field.npz"":""cells/irregular_s1_r2_csr/input_field.npz"",""mask.npy"":""cells/irregular_s1_r2_csr/mask.npy"",""reconstruction.npy"":""cells/irregular_s1_r2_csr/reconstruction.npy"",""reconstruction.png"":""cells/irregular_s1_r2_csr/reconstruction.png"",""target.npy"":""cells/irregular_s1_r2_csr/target.npy"",""target.png"":""cells/irregular_s1_r2_csr/target.png""}",csr,0,33554432,0.002033347998803947,1135272,41793,irregular_s1_r2_csr,5.960464477539063e-08,irregular,99,48,0.32935988903045654,8.940696716308594e-08,0.6005526781082153,144,6456320,33554432,12.00305306566298,1777.8601591735985,2,1,0,49.55590849596778,ok,0.14514216899988241,51,1321156608
1.3661348248206195e-06,"{""config.json"":""cells/irregular_s1_r3_scatter/config.json"",""curves.png"":""cells/irregular_s1_r3_scatter/curves.png"",""decision"":""decision.json"",""error.png"":""cells/irregular_s1_r3_scatter/error.png"",""field.npz"":""cells/irregular_s1_r3_scatter/field.npz"",""history.json"":""cells/irregular_s1_r3_scatter/history.json"",""input_field.npz"":""cells/irregular_s1_r3_scatter/input_field.npz"",""mask.npy"":""cells/irregular_s1_r3_scatter/mask.npy"",""reconstruction.npy"":""cells/irregular_s1_r3_scatter/reconstruction.npy"",""reconstruction.png"":""cells/irregular_s1_r3_scatter/reconstruction.png"",""target.npy"":""cells/irregular_s1_r3_scatter/target.npy"",""target.png"":""cells/irregular_s1_r3_scatter/target.png""}",scatter,0,33554432,0.0013734089989156928,835860,41793,irregular_s1_r3_scatter,5.960464477539063e-08,irregular,99,48,0.32935988903045654,5.960464477539063e-08,0.6005526781082153,144,6456320,33554432,12.0030530641782,1777.8601597814195,3,1,0,49.55590849596778,ok,0.14210828000068432,51,1316495360
0.0,"{""config.json"":""cells/irregular_s1_r3_csr/config.json"",""curves.png"":""cells/irregular_s1_r3_csr/curves.png"",""decision"":""decision.json"",""error.png"":""cells/irregular_s1_r3_csr/error.png"",""field.npz"":""cells/irregular_s1_r3_csr/field.npz"",""history.json"":""cells/irregular_s1_r3_csr/history.json"",""input_field.npz"":""cells/irregular_s1_r3_csr/input_field.npz"",""mask.npy"":""cells/irregular_s1_r3_csr/mask.npy"",""reconstruction.npy"":""cells/irregular_s1_r3_csr/reconstruction.npy"",""reconstruction.png"":""cells/irregular_s1_r3_csr/reconstruction.png"",""target.npy"":""cells/irregular_s1_r3_csr/target.npy"",""target.png"":""cells/irregular_s1_r3_csr/target.png""}",csr,0,33554432,0.0021075799995742273,1135272,41793,irregular_s1_r3_csr,5.960464477539063e-08,irregular,99,48,0.32935988903045654,5.960464477539063e-08,0.6005526781082153,144,6456320,33554432,12.003053066836618,1777.8601586931502,3,1,0,49.55590849596778,ok,0.1450531709997449,51,1330077696
1.0018321745519643e-06,"{""config.json"":""cells/irregular_s1_r3_off/config.json"",""curves.png"":""cells/irregular_s1_r3_off/curves.png"",""decision"":""decision.json"",""error.png"":""cells/irregular_s1_r3_off/error.png"",""field.npz"":""cells/irregular_s1_r3_off/field.npz"",""history.json"":""cells/irregular_s1_r3_off/history.json"",""input_field.npz"":""cells/irregular_s1_r3_off/input_field.npz"",""mask.npy"":""cells/irregular_s1_r3_off/mask.npy"",""reconstruction.npy"":""cells/irregular_s1_r3_off/reconstruction.npy"",""reconstruction.png"":""cells/irregular_s1_r3_off/reconstruction.png"",""target.npy"":""cells/irregular_s1_r3_off/target.npy"",""target.png"":""cells/irregular_s1_r3_off/target.png""}",off,0,33554432,0.0,0,0,irregular_s1_r3_off,5.960464477539063e-08,irregular,99,48,0.32935988903045654,5.960464477539063e-08,0.6005526781082153,144,8253952,33554432,12.0030530653187,1777.8601593145372,3,1,0,49.55590849596778,ok,0.2688141580001684,51,1333092352
9.107568388344589e-08,"{""config.json"":""cells/irregular_s1_r4_csr/config.json"",""curves.png"":""cells/irregular_s1_r4_csr/curves.png"",""decision"":""decision.json"",""error.png"":""cells/irregular_s1_r4_csr/error.png"",""field.npz"":""cells/irregular_s1_r4_csr/field.npz"",""history.json"":""cells/irregular_s1_r4_csr/history.json"",""input_field.npz"":""cells/irregular_s1_r4_csr/input_field.npz"",""mask.npy"":""cells/irregular_s1_r4_csr/mask.npy"",""reconstruction.npy"":""cells/irregular_s1_r4_csr/reconstruction.npy"",""reconstruction.png"":""cells/irregular_s1_r4_csr/reconstruction.png"",""target.npy"":""cells/irregular_s1_r4_csr/target.npy"",""target.png"":""cells/irregular_s1_r4_csr/target.png""}",csr,0,33554432,0.0018983070003741886,1135272,41793,irregular_s1_r4_csr,5.960464477539063e-08,irregular,99,48,0.32935988903045654,5.960464477539063e-08,0.6005526781082153,144,6456320,33554432,12.003053065143147,1777.8601593864014,4,1,0,49.55590849596778,ok,0.13893696400191402,51,1316429824
9.10756284611125e-07,"{""config.json"":""cells/irregular_s1_r4_off/config.json"",""curves.png"":""cells/irregular_s1_r4_off/curves.png"",""decision"":""decision.json"",""error.png"":""cells/irregular_s1_r4_off/error.png"",""field.npz"":""cells/irregular_s1_r4_off/field.npz"",""history.json"":""cells/irregular_s1_r4_off/history.json"",""input_field.npz"":""cells/irregular_s1_r4_off/input_field.npz"",""mask.npy"":""cells/irregular_s1_r4_off/mask.npy"",""reconstruction.npy"":""cells/irregular_s1_r4_off/reconstruction.npy"",""reconstruction.png"":""cells/irregular_s1_r4_off/reconstruction.png"",""target.npy"":""cells/irregular_s1_r4_off/target.npy"",""target.png"":""cells/irregular_s1_r4_off/target.png""}",off,0,33554432,0.0,0,0,irregular_s1_r4_off,5.960464477539063e-08,irregular,99,48,0.32935988903045654,5.960464477539063e-08,0.6005526781082153,144,8253952,33554432,12.003053065258221,1777.8601593392941,4,1,0,49.55590849596778,ok,0.34536278800078435,51,1309429760
7.286054142241483e-07,"{""config.json"":""cells/irregular_s1_r4_scatter/config.json"",""curves.png"":""cells/irregular_s1_r4_scatter/curves.png"",""decision"":""decision.json"",""error.png"":""cells/irregular_s1_r4_scatter/error.png"",""field.npz"":""cells/irregular_s1_r4_scatter/field.npz"",""history.json"":""cells/irregular_s1_r4_scatter/history.json"",""input_field.npz"":""cells/irregular_s1_r4_scatter/input_field.npz"",""mask.npy"":""cells/irregular_s1_r4_scatter/mask.npy"",""reconstruction.npy"":""cells/irregular_s1_r4_scatter/reconstruction.npy"",""reconstruction.png"":""cells/irregular_s1_r4_scatter/reconstruction.png"",""target.npy"":""cells/irregular_s1_r4_scatter/target.npy"",""target.png"":""cells/irregular_s1_r4_scatter/target.png""}",scatter,0,33554432,0.0018393530008324888,835860,41793,irregular_s1_r4_scatter,5.960464477539063e-08,irregular,99,48,0.32935988903045654,5.960464477539063e-08,0.6005526781082153,144,6456320,33554432,12.003053064228002,1777.8601597610332,4,1,0,49.55590849596778,ok,0.1832718820005539,51,1317265408
1.8215135355603707e-07,"{""config.json"":""cells/irregular_s1_r5_csr/config.json"",""curves.png"":""cells/irregular_s1_r5_csr/curves.png"",""decision"":""decision.json"",""error.png"":""cells/irregular_s1_r5_csr/error.png"",""field.npz"":""cells/irregular_s1_r5_csr/field.npz"",""history.json"":""cells/irregular_s1_r5_csr/history.json"",""input_field.npz"":""cells/irregular_s1_r5_csr/input_field.npz"",""mask.npy"":""cells/irregular_s1_r5_csr/mask.npy"",""reconstruction.npy"":""cells/irregular_s1_r5_csr/reconstruction.npy"",""reconstruction.png"":""cells/irregular_s1_r5_csr/reconstruction.png"",""target.npy"":""cells/irregular_s1_r5_csr/target.npy"",""target.png"":""cells/irregular_s1_r5_csr/target.png""}",csr,0,33554432,0.0019430159991316032,1135272,41793,irregular_s1_r5_csr,5.960464477539063e-08,irregular,99,48,0.32935988903045654,5.960464477539063e-08,0.6005526781082153,144,6456320,33554432,12.003053065139898,1777.8601593877306,5,1,0,49.55590849596778,ok,0.13671858399902703,51,1341358080
5.464536343424697e-07,"{""config.json"":""cells/irregular_s1_r5_scatter/config.json"",""curves.png"":""cells/irregular_s1_r5_scatter/curves.png"",""decision"":""decision.json"",""error.png"":""cells/irregular_s1_r5_scatter/error.png"",""field.npz"":""cells/irregular_s1_r5_scatter/field.npz"",""history.json"":""cells/irregular_s1_r5_scatter/history.json"",""input_field.npz"":""cells/irregular_s1_r5_scatter/input_field.npz"",""mask.npy"":""cells/irregular_s1_r5_scatter/mask.npy"",""reconstruction.npy"":""cells/irregular_s1_r5_scatter/reconstruction.npy"",""reconstruction.png"":""cells/irregular_s1_r5_scatter/reconstruction.png"",""target.npy"":""cells/irregular_s1_r5_scatter/target.npy"",""target.png"":""cells/irregular_s1_r5_scatter/target.png""}",scatter,0,33554432,0.001411302997439634,835860,41793,irregular_s1_r5_scatter,5.960464477539063e-08,irregular,99,48,0.32935988903045654,5.960464477539063e-08,0.6005526781082153,144,6456320,33554432,12.003053062891805,1777.8601603080276,5,1,0,49.55590849596778,ok,0.17679125900031067,51,1330503680
2.73226959279782e-07,"{""config.json"":""cells/irregular_s1_r5_off/config.json"",""curves.png"":""cells/irregular_s1_r5_off/curves.png"",""decision"":""decision.json"",""error.png"":""cells/irregular_s1_r5_off/error.png"",""field.npz"":""cells/irregular_s1_r5_off/field.npz"",""history.json"":""cells/irregular_s1_r5_off/history.json"",""input_field.npz"":""cells/irregular_s1_r5_off/input_field.npz"",""mask.npy"":""cells/irregular_s1_r5_off/mask.npy"",""reconstruction.npy"":""cells/irregular_s1_r5_off/reconstruction.npy"",""reconstruction.png"":""cells/irregular_s1_r5_off/reconstruction.png"",""target.npy"":""cells/irregular_s1_r5_off/target.npy"",""target.png"":""cells/irregular_s1_r5_off/target.png""}",off,0,33554432,0.0,0,0,irregular_s1_r5_off,5.960464477539063e-08,irregular,99,48,0.32935988903045654,5.960464477539063e-08,0.6005526781082153,144,8253952,33554432,12.003053066746304,1777.8601587301218,5,1,0,49.55590849596778,ok,0.2819331940008851,51,1337339904
1.964656803465914e-06,"{""config.json"":""cells/irregular_s2_r0_off/config.json"",""curves.png"":""cells/irregular_s2_r0_off/curves.png"",""decision"":""decision.json"",""error.png"":""cells/irregular_s2_r0_off/error.png"",""field.npz"":""cells/irregular_s2_r0_off/field.npz"",""history.json"":""cells/irregular_s2_r0_off/history.json"",""input_field.npz"":""cells/irregular_s2_r0_off/input_field.npz"",""mask.npy"":""cells/irregular_s2_r0_off/mask.npy"",""reconstruction.npy"":""cells/irregular_s2_r0_off/reconstruction.npy"",""reconstruction.png"":""cells/irregular_s2_r0_off/reconstruction.png"",""target.npy"":""cells/irregular_s2_r0_off/target.npy"",""target.png"":""cells/irregular_s2_r0_off/target.png""}",off,0,33554432,0.0,0,0,irregular_s2_r0_off,5.960464477539063e-08,irregular,99,48,0.3227517306804657,5.960464477539063e-08,0.5938376188278198,144,8121344,33554432,11.904185353567588,1818.7975853650469,0,2,0,48.024472833928854,ok,0.2741380070001469,51,1337475072
6.3404772845387924e-06,"{""config.json"":""cells/irregular_s2_r0_scatter/config.json"",""curves.png"":""cells/irregular_s2_r0_scatter/curves.png"",""decision"":""decision.json"",""error.png"":""cells/irregular_s2_r0_scatter/error.png"",""field.npz"":""cells/irregular_s2_r0_scatter/field.npz"",""history.json"":""cells/irregular_s2_r0_scatter/history.json"",""input_field.npz"":""cells/irregular_s2_r0_scatter/input_field.npz"",""mask.npy"":""cells/irregular_s2_r0_scatter/mask.npy"",""reconstruction.npy"":""cells/irregular_s2_r0_scatter/reconstruction.npy"",""reconstruction.png"":""cells/irregular_s2_r0_scatter/reconstruction.png"",""target.npy"":""cells/irregular_s2_r0_scatter/target.npy"",""target.png"":""cells/irregular_s2_r0_scatter/target.png""}",scatter,0,33554432,0.0012829600018449128,838400,41920,irregular_s2_r0_scatter,5.960464477539063e-08,irregular,99,48,0.3227517306804657,5.960464477539063e-08,0.5938376188278198,144,6323712,33554432,11.90418535287662,1818.7975856544194,0,2,0,48.024472833928854,ok,0.13384724400020787,51,1301540864
8.037250722736644e-07,"{""config.json"":""cells/irregular_s2_r0_csr/config.json"",""curves.png"":""cells/irregular_s2_r0_csr/curves.png"",""decision"":""decision.json"",""error.png"":""cells/irregular_s2_r0_csr/error.png"",""field.npz"":""cells/irregular_s2_r0_csr/field.npz"",""history.json"":""cells/irregular_s2_r0_csr/history.json"",""input_field.npz"":""cells/irregular_s2_r0_csr/input_field.npz"",""mask.npy"":""cells/irregular_s2_r0_csr/mask.npy"",""reconstruction.npy"":""cells/irregular_s2_r0_csr/reconstruction.npy"",""reconstruction.png"":""cells/irregular_s2_r0_csr/reconstruction.png"",""target.npy"":""cells/irregular_s2_r0_csr/target.npy"",""target.png"":""cells/irregular_s2_r0_csr/target.png""}",csr,0,33554432,0.0018774230011331383,1138320,41920,irregular_s2_r0_csr,5.960464477539063e-08,irregular,99,48,0.3227519094944,5.960464477539063e-08,0.5938376188278198,144,6323712,33554432,11.904185353033988,1818.7975855885156,0,2,0,48.024472833928854,ok,0.14108639900223352,51,1364160512
2.4111725451803068e-06,"{""config.json"":""cells/irregular_s2_r1_off/config.json"",""curves.png"":""cells/irregular_s2_r1_off/curves.png"",""decision"":""decision.json"",""error.png"":""cells/irregular_s2_r1_off/error.png"",""field.npz"":""cells/irregular_s2_r1_off/field.npz"",""history.json"":""cells/irregular_s2_r1_off/history.json"",""input_field.npz"":""cells/irregular_s2_r1_off/input_field.npz"",""mask.npy"":""cells/irregular_s2_r1_off/mask.npy"",""reconstruction.npy"":""cells/irregular_s2_r1_off/reconstruction.npy"",""reconstruction.png"":""cells/irregular_s2_r1_off/reconstruction.png"",""target.npy"":""cells/irregular_s2_r1_off/target.npy"",""target.png"":""cells/irregular_s2_r1_off/target.png""}",off,0,33554432,0.0,0,0,irregular_s2_r1_off,5.960464477539063e-08,irregular,99,48,0.3227519094944,5.960464477539063e-08,0.5938376188278198,144,8121344,33554432,11.904185353181337,1818.797585526807,1,2,0,48.024472833928854,ok,0.2674845900000946,51,1307045888
7.144223559407692e-07,"{""config.json"":""cells/irregular_s2_r1_csr/config.json"",""curves.png"":""cells/irregular_s2_r1_csr/curves.png"",""decision"":""decision.json"",""error.png"":""cells/irregular_s2_r1_csr/error.png"",""field.npz"":""cells/irregular_s2_r1_csr/field.npz"",""history.json"":""cells/irregular_s2_r1_csr/history.json"",""input_field.npz"":""cells/irregular_s2_r1_csr/input_field.npz"",""mask.npy"":""cells/irregular_s2_r1_csr/mask.npy"",""reconstruction.npy"":""cells/irregular_s2_r1_csr/reconstruction.npy"",""reconstruction.png"":""cells/irregular_s2_r1_csr/reconstruction.png"",""target.npy"":""cells/irregular_s2_r1_csr/target.npy"",""target.png"":""cells/irregular_s2_r1_csr/target.png""}",csr,0,33554432,0.0018465339999238495,1138320,41920,irregular_s2_r1_csr,5.960464477539063e-08,irregular,99,48,0.3227517306804657,5.960464477539063e-08,0.5938376188278198,144,6323712,33554432,11.90418535531216,1818.7975846344307,1,2,0,48.024472833928854,ok,0.13226260100054787,51,1329430528
1.7860564582861116e-07,"{""config.json"":""cells/irregular_s2_r1_scatter/config.json"",""curves.png"":""cells/irregular_s2_r1_scatter/curves.png"",""decision"":""decision.json"",""error.png"":""cells/irregular_s2_r1_scatter/error.png"",""field.npz"":""cells/irregular_s2_r1_scatter/field.npz"",""history.json"":""cells/irregular_s2_r1_scatter/history.json"",""input_field.npz"":""cells/irregular_s2_r1_scatter/input_field.npz"",""mask.npy"":""cells/irregular_s2_r1_scatter/mask.npy"",""reconstruction.npy"":""cells/irregular_s2_r1_scatter/reconstruction.npy"",""reconstruction.png"":""cells/irregular_s2_r1_scatter/reconstruction.png"",""target.npy"":""cells/irregular_s2_r1_scatter/target.npy"",""target.png"":""cells/irregular_s2_r1_scatter/target.png""}",scatter,0,33554432,0.0013067289983155206,838400,41920,irregular_s2_r1_scatter,5.960464477539063e-08,irregular,99,48,0.3227519094944,5.960464477539063e-08,0.5938376188278198,144,6323712,33554432,11.904185354833029,1818.7975848350882,1,2,0,48.024472833928854,ok,0.13564558500002022,51,1307521024
2.5004751478263643e-06,"{""config.json"":""cells/irregular_s2_r2_scatter/config.json"",""curves.png"":""cells/irregular_s2_r2_scatter/curves.png"",""decision"":""decision.json"",""error.png"":""cells/irregular_s2_r2_scatter/error.png"",""field.npz"":""cells/irregular_s2_r2_scatter/field.npz"",""history.json"":""cells/irregular_s2_r2_scatter/history.json"",""input_field.npz"":""cells/irregular_s2_r2_scatter/input_field.npz"",""mask.npy"":""cells/irregular_s2_r2_scatter/mask.npy"",""reconstruction.npy"":""cells/irregular_s2_r2_scatter/reconstruction.npy"",""reconstruction.png"":""cells/irregular_s2_r2_scatter/reconstruction.png"",""target.npy"":""cells/irregular_s2_r2_scatter/target.npy"",""target.png"":""cells/irregular_s2_r2_scatter/target.png""}",scatter,0,33554432,0.0013513090016203932,838400,41920,irregular_s2_r2_scatter,5.960464477539063e-08,irregular,99,48,0.3227519094944,5.960464477539063e-08,0.5938376188278198,144,6323712,33554432,11.904185351945163,1818.7975860445076,2,2,0,48.024472833928854,ok,0.13510140899961698,51,1316622336
2.0539623619697522e-06,"{""config.json"":""cells/irregular_s2_r2_off/config.json"",""curves.png"":""cells/irregular_s2_r2_off/curves.png"",""decision"":""decision.json"",""error.png"":""cells/irregular_s2_r2_off/error.png"",""field.npz"":""cells/irregular_s2_r2_off/field.npz"",""history.json"":""cells/irregular_s2_r2_off/history.json"",""input_field.npz"":""cells/irregular_s2_r2_off/input_field.npz"",""mask.npy"":""cells/irregular_s2_r2_off/mask.npy"",""reconstruction.npy"":""cells/irregular_s2_r2_off/reconstruction.npy"",""reconstruction.png"":""cells/irregular_s2_r2_off/reconstruction.png"",""target.npy"":""cells/irregular_s2_r2_off/target.npy"",""target.png"":""cells/irregular_s2_r2_off/target.png""}",off,0,33554432,0.0,0,0,irregular_s2_r2_off,5.960464477539063e-08,irregular,99,48,0.3227517306804657,5.960464477539063e-08,0.5938376188278198,144,8121344,33554432,11.904185353271256,1818.7975854891488,2,2,0,48.024472833928854,ok,0.2621775319967128,51,1319510016
8.930277886065596e-07,"{""config.json"":""cells/irregular_s2_r2_csr/config.json"",""curves.png"":""cells/irregular_s2_r2_csr/curves.png"",""decision"":""decision.json"",""error.png"":""cells/irregular_s2_r2_csr/error.png"",""field.npz"":""cells/irregular_s2_r2_csr/field.npz"",""history.json"":""cells/irregular_s2_r2_csr/history.json"",""input_field.npz"":""cells/irregular_s2_r2_csr/input_field.npz"",""mask.npy"":""cells/irregular_s2_r2_csr/mask.npy"",""reconstruction.npy"":""cells/irregular_s2_r2_csr/reconstruction.npy"",""reconstruction.png"":""cells/irregular_s2_r2_csr/reconstruction.png"",""target.npy"":""cells/irregular_s2_r2_csr/target.npy"",""target.png"":""cells/irregular_s2_r2_csr/target.png""}",csr,0,33554432,0.0020380189998832066,1138320,41920,irregular_s2_r2_csr,5.960464477539063e-08,irregular,99,48,0.3227519094944,5.960464477539063e-08,0.5938376188278198,144,6323712,33554432,11.904185353059251,1818.7975855779343,2,2,0,48.024472833928854,ok,0.13308974699975806,51,1341874176
2.1432633730000816e-06,"{""config.json"":""cells/irregular_s2_r3_scatter/config.json"",""curves.png"":""cells/irregular_s2_r3_scatter/curves.png"",""decision"":""decision.json"",""error.png"":""cells/irregular_s2_r3_scatter/error.png"",""field.npz"":""cells/irregular_s2_r3_scatter/field.npz"",""history.json"":""cells/irregular_s2_r3_scatter/history.json"",""input_field.npz"":""cells/irregular_s2_r3_scatter/input_field.npz"",""mask.npy"":""cells/irregular_s2_r3_scatter/mask.npy"",""reconstruction.npy"":""cells/irregular_s2_r3_scatter/reconstruction.npy"",""reconstruction.png"":""cells/irregular_s2_r3_scatter/reconstruction.png"",""target.npy"":""cells/irregular_s2_r3_scatter/target.npy"",""target.png"":""cells/irregular_s2_r3_scatter/target.png""}",scatter,0,33554432,0.0012151400005677715,838400,41920,irregular_s2_r3_scatter,5.960464477539063e-08,irregular,99,48,0.3227517306804657,5.960464477539063e-08,0.5938376188278198,144,6323712,33554432,11.90418535516505,1818.79758469604,3,2,0,48.024472833928854,ok,0.13484540699937497,51,1318551552
9.82330448096036e-07,"{""config.json"":""cells/irregular_s2_r3_csr/config.json"",""curves.png"":""cells/irregular_s2_r3_csr/curves.png"",""decision"":""decision.json"",""error.png"":""cells/irregular_s2_r3_csr/error.png"",""field.npz"":""cells/irregular_s2_r3_csr/field.npz"",""history.json"":""cells/irregular_s2_r3_csr/history.json"",""input_field.npz"":""cells/irregular_s2_r3_csr/input_field.npz"",""mask.npy"":""cells/irregular_s2_r3_csr/mask.npy"",""reconstruction.npy"":""cells/irregular_s2_r3_csr/reconstruction.npy"",""reconstruction.png"":""cells/irregular_s2_r3_csr/reconstruction.png"",""target.npy"":""cells/irregular_s2_r3_csr/target.npy"",""target.png"":""cells/irregular_s2_r3_csr/target.png""}",csr,0,33554432,0.0018389910001133103,1138320,41920,irregular_s2_r3_csr,5.960464477539063e-08,irregular,99,48,0.3227517306804657,5.960464477539063e-08,0.5938376188278198,144,6323712,33554432,11.90418535333438,1818.7975854627123,3,2,0,48.024472833928854,ok,0.135902130001341,51,1305567232
1.3395418818618055e-06,"{""config.json"":""cells/irregular_s2_r3_off/config.json"",""curves.png"":""cells/irregular_s2_r3_off/curves.png"",""decision"":""decision.json"",""error.png"":""cells/irregular_s2_r3_off/error.png"",""field.npz"":""cells/irregular_s2_r3_off/field.npz"",""history.json"":""cells/irregular_s2_r3_off/history.json"",""input_field.npz"":""cells/irregular_s2_r3_off/input_field.npz"",""mask.npy"":""cells/irregular_s2_r3_off/mask.npy"",""reconstruction.npy"":""cells/irregular_s2_r3_off/reconstruction.npy"",""reconstruction.png"":""cells/irregular_s2_r3_off/reconstruction.png"",""target.npy"":""cells/irregular_s2_r3_off/target.npy"",""target.png"":""cells/irregular_s2_r3_off/target.png""}",off,0,33554432,0.0,0,0,irregular_s2_r3_off,1.1920928955078125e-07,irregular,99,48,0.3227519094944,1.1920928955078125e-07,0.5938376188278198,144,8121344,33554432,11.904185356157434,1818.797584280435,3,2,0,48.024472833928854,ok,0.21897495099983644,51,1330167808
8.930277886065596e-07,"{""config.json"":""cells/irregular_s2_r4_csr/config.json"",""curves.png"":""cells/irregular_s2_r4_csr/curves.png"",""decision"":""decision.json"",""error.png"":""cells/irregular_s2_r4_csr/error.png"",""field.npz"":""cells/irregular_s2_r4_csr/field.npz"",""history.json"":""cells/irregular_s2_r4_csr/history.json"",""input_field.npz"":""cells/irregular_s2_r4_csr/input_field.npz"",""mask.npy"":""cells/irregular_s2_r4_csr/mask.npy"",""reconstruction.npy"":""cells/irregular_s2_r4_csr/reconstruction.npy"",""reconstruction.png"":""cells/irregular_s2_r4_csr/reconstruction.png"",""target.npy"":""cells/irregular_s2_r4_csr/target.npy"",""target.png"":""cells/irregular_s2_r4_csr/target.png""}",csr,0,33554432,0.0021408419997897,1138320,41920,irregular_s2_r4_csr,5.960464477539063e-08,irregular,99,48,0.3227519094944,5.960464477539063e-08,0.5938376188278198,144,6323712,33554432,11.90418535369066,1818.7975853135042,4,2,0,48.024472833928854,ok,0.14002350499868044,51,1317695488
6.251189006434288e-07,"{""config.json"":""cells/irregular_s2_r4_off/config.json"",""curves.png"":""cells/irregular_s2_r4_off/curves.png"",""decision"":""decision.json"",""error.png"":""cells/irregular_s2_r4_off/error.png"",""field.npz"":""cells/irregular_s2_r4_off/field.npz"",""history.json"":""cells/irregular_s2_r4_off/history.json"",""input_field.npz"":""cells/irregular_s2_r4_off/input_field.npz"",""mask.npy"":""cells/irregular_s2_r4_off/mask.npy"",""reconstruction.npy"":""cells/irregular_s2_r4_off/reconstruction.npy"",""reconstruction.png"":""cells/irregular_s2_r4_off/reconstruction.png"",""target.npy"":""cells/irregular_s2_r4_off/target.npy"",""target.png"":""cells/irregular_s2_r4_off/target.png""}",off,0,33554432,0.0,0,0,irregular_s2_r4_off,5.960464477539063e-08,irregular,99,48,0.3227519094944,5.960464477539063e-08,0.5938376188278198,144,8121344,33554432,11.904185353861497,1818.797585241959,4,2,0,48.024472833928854,ok,0.2682484589968226,51,1338724352
2.768381136775133e-06,"{""config.json"":""cells/irregular_s2_r4_scatter/config.json"",""curves.png"":""cells/irregular_s2_r4_scatter/curves.png"",""decision"":""decision.json"",""error.png"":""cells/irregular_s2_r4_scatter/error.png"",""field.npz"":""cells/irregular_s2_r4_scatter/field.npz"",""history.json"":""cells/irregular_s2_r4_scatter/history.json"",""input_field.npz"":""cells/irregular_s2_r4_scatter/input_field.npz"",""mask.npy"":""cells/irregular_s2_r4_scatter/mask.npy"",""reconstruction.npy"":""cells/irregular_s2_r4_scatter/reconstruction.npy"",""reconstruction.png"":""cells/irregular_s2_r4_scatter/reconstruction.png"",""target.npy"":""cells/irregular_s2_r4_scatter/target.npy"",""target.png"":""cells/irregular_s2_r4_scatter/target.png""}",scatter,0,33554432,0.001245548002771102,838400,41920,irregular_s2_r4_scatter,5.960464477539063e-08,irregular,99,48,0.3227517306804657,5.960464477539063e-08,0.5938376188278198,144,6323712,33554432,11.904185352645857,1818.7975857510608,4,2,0,48.024472833928854,ok,0.13889107100112597,51,1321779200
1.0716331644289312e-06,"{""config.json"":""cells/irregular_s2_r5_csr/config.json"",""curves.png"":""cells/irregular_s2_r5_csr/curves.png"",""decision"":""decision.json"",""error.png"":""cells/irregular_s2_r5_csr/error.png"",""field.npz"":""cells/irregular_s2_r5_csr/field.npz"",""history.json"":""cells/irregular_s2_r5_csr/history.json"",""input_field.npz"":""cells/irregular_s2_r5_csr/input_field.npz"",""mask.npy"":""cells/irregular_s2_r5_csr/mask.npy"",""reconstruction.npy"":""cells/irregular_s2_r5_csr/reconstruction.npy"",""reconstruction.png"":""cells/irregular_s2_r5_csr/reconstruction.png"",""target.npy"":""cells/irregular_s2_r5_csr/target.npy"",""target.png"":""cells/irregular_s2_r5_csr/target.png""}",csr,0,33554432,0.0018763970001600683,1138320,41920,irregular_s2_r5_csr,5.960464477539063e-08,irregular,99,48,0.3227517306804657,5.960464477539063e-08,0.5938376188278198,144,6323712,33554432,11.90418535175629,1818.7975861236066,5,2,0,48.024472833928854,ok,0.12711328499790397,51,1328267264
2.0539614524750505e-06,"{""config.json"":""cells/irregular_s2_r5_scatter/config.json"",""curves.png"":""cells/irregular_s2_r5_scatter/curves.png"",""decision"":""decision.json"",""error.png"":""cells/irregular_s2_r5_scatter/error.png"",""field.npz"":""cells/irregular_s2_r5_scatter/field.npz"",""history.json"":""cells/irregular_s2_r5_scatter/history.json"",""input_field.npz"":""cells/irregular_s2_r5_scatter/input_field.npz"",""mask.npy"":""cells/irregular_s2_r5_scatter/mask.npy"",""reconstruction.npy"":""cells/irregular_s2_r5_scatter/reconstruction.npy"",""reconstruction.png"":""cells/irregular_s2_r5_scatter/reconstruction.png"",""target.npy"":""cells/irregular_s2_r5_scatter/target.npy"",""target.png"":""cells/irregular_s2_r5_scatter/target.png""}",scatter,0,33554432,0.0011770580022130162,838400,41920,irregular_s2_r5_scatter,5.960464477539063e-08,irregular,99,48,0.3227517306804657,5.960464477539063e-08,0.5938376188278198,144,6323712,33554432,11.904185353541557,1818.7975853759485,5,2,0,48.024472833928854,ok,0.1227108879975276,51,1330872320
1.964657940334291e-06,"{""config.json"":""cells/irregular_s2_r5_off/config.json"",""curves.png"":""cells/irregular_s2_r5_off/curves.png"",""decision"":""decision.json"",""error.png"":""cells/irregular_s2_r5_off/error.png"",""field.npz"":""cells/irregular_s2_r5_off/field.npz"",""history.json"":""cells/irregular_s2_r5_off/history.json"",""input_field.npz"":""cells/irregular_s2_r5_off/input_field.npz"",""mask.npy"":""cells/irregular_s2_r5_off/mask.npy"",""reconstruction.npy"":""cells/irregular_s2_r5_off/reconstruction.npy"",""reconstruction.png"":""cells/irregular_s2_r5_off/reconstruction.png"",""target.npy"":""cells/irregular_s2_r5_off/target.npy"",""target.png"":""cells/irregular_s2_r5_off/target.png""}",off,0,33554432,0.0,0,0,irregular_s2_r5_off,5.960464477539063e-08,irregular,99,48,0.3227519094944,5.960464477539063e-08,0.5938376188278198,144,8121344,33554432,11.904185353190538,1818.7975855229527,5,2,0,48.024472833928854,ok,0.2577441049979825,51,1344012288
1.7337595636490732e-05,"{""config.json"":""cells/hier031_s0_r0_off/config.json"",""curves.png"":""cells/hier031_s0_r0_off/curves.png"",""decision"":""decision.json"",""error.png"":""cells/hier031_s0_r0_off/error.png"",""field.npz"":""cells/hier031_s0_r0_off/field.npz"",""history.json"":""cells/hier031_s0_r0_off/history.json"",""input_field.npz"":""cells/hier031_s0_r0_off/input_field.npz"",""mask.npy"":""cells/hier031_s0_r0_off/mask.npy"",""reconstruction.npy"":""cells/hier031_s0_r0_off/reconstruction.npy"",""reconstruction.png"":""cells/hier031_s0_r0_off/reconstruction.png"",""target.npy"":""cells/hier031_s0_r0_off/target.npy"",""target.png"":""cells/hier031_s0_r0_off/target.png""}",off,0,33554432,0.0,0,0,hier031_s0_r0_off,4.76837158203125e-07,hier031,99,48,0.02004048228263855,7.152557373046875e-07,0.9958440661430359,7000,225154560,297795584,23.87104107017009,1078.237820401886,0,0,26,42.81355075388909,ok,11.256943884000066,51,1515479040
3.2508096410310827e-06,"{""config.json"":""cells/hier031_s0_r0_scatter/config.json"",""curves.png"":""cells/hier031_s0_r0_scatter/curves.png"",""decision"":""decision.json"",""error.png"":""cells/hier031_s0_r0_scatter/error.png"",""field.npz"":""cells/hier031_s0_r0_scatter/field.npz"",""history.json"":""cells/hier031_s0_r0_scatter/history.json"",""input_field.npz"":""cells/hier031_s0_r0_scatter/input_field.npz"",""mask.npy"":""cells/hier031_s0_r0_scatter/mask.npy"",""reconstruction.npy"":""cells/hier031_s0_r0_scatter/reconstruction.npy"",""reconstruction.png"":""cells/hier031_s0_r0_scatter/reconstruction.png"",""target.npy"":""cells/hier031_s0_r0_scatter/target.npy"",""target.png"":""cells/hier031_s0_r0_scatter/target.png""}",scatter,0,33554432,0.007211995001853211,14231380,711569,hier031_s0_r0_scatter,4.172325134277344e-07,hier031,99,48,0.020040616393089294,9.5367431640625e-07,0.9958440065383911,7000,189353472,226492416,23.87104799350658,1078.2361015227361,0,0,26,42.81355075388909,ok,6.291086171000643,51,1503047680
0.0,"{""config.json"":""cells/hier031_s0_r0_csr/config.json"",""curves.png"":""cells/hier031_s0_r0_csr/curves.png"",""decision"":""decision.json"",""error.png"":""cells/hier031_s0_r0_csr/error.png"",""field.npz"":""cells/hier031_s0_r0_csr/field.npz"",""history.json"":""cells/hier031_s0_r0_csr/history.json"",""input_field.npz"":""cells/hier031_s0_r0_csr/input_field.npz"",""mask.npy"":""cells/hier031_s0_r0_csr/mask.npy"",""reconstruction.npy"":""cells/hier031_s0_r0_csr/reconstruction.npy"",""reconstruction.png"":""cells/hier031_s0_r0_csr/reconstruction.png"",""target.npy"":""cells/hier031_s0_r0_csr/target.npy"",""target.png"":""cells/hier031_s0_r0_csr/target.png""}",csr,0,33554432,0.03478510000059032,27098472,711569,hier031_s0_r0_csr,7.152557373046875e-07,hier031,99,48,0.020027179270982742,1.430511474609375e-06,0.9958398342132568,7000,212405248,276824064,23.871399513082405,1078.14883222179,0,0,27,42.81355075388909,ok,6.410651612000947,51,1490067456
4.334436653152807e-06,"{""config.json"":""cells/hier031_s0_r1_off/config.json"",""curves.png"":""cells/hier031_s0_r1_off/curves.png"",""decision"":""decision.json"",""error.png"":""cells/hier031_s0_r1_off/error.png"",""field.npz"":""cells/hier031_s0_r1_off/field.npz"",""history.json"":""cells/hier031_s0_r1_off/history.json"",""input_field.npz"":""cells/hier031_s0_r1_off/input_field.npz"",""mask.npy"":""cells/hier031_s0_r1_off/mask.npy"",""reconstruction.npy"":""cells/hier031_s0_r1_off/reconstruction.npy"",""reconstruction.png"":""cells/hier031_s0_r1_off/reconstruction.png"",""target.npy"":""cells/hier031_s0_r1_off/target.npy"",""target.png"":""cells/hier031_s0_r1_off/target.png""}",off,0,33554432,0.0,0,0,hier031_s0_r1_off,9.5367431640625e-07,hier031,99,48,0.020040238276124,7.152557373046875e-07,0.9958440065383911,7000,225154560,297795584,23.87104160239201,1078.2376882653307,1,0,26,42.81355075388909,ok,8.2798789389999,51,1519329280
4.3344175537640695e-06,"{""config.json"":""cells/hier031_s0_r1_csr/config.json"",""curves.png"":""cells/hier031_s0_r1_csr/curves.png"",""decision"":""decision.json"",""error.png"":""cells/hier031_s0_r1_csr/error.png"",""field.npz"":""cells/hier031_s0_r1_csr/field.npz"",""history.json"":""cells/hier031_s0_r1_csr/history.json"",""input_field.npz"":""cells/hier031_s0_r1_csr/input_field.npz"",""mask.npy"":""cells/hier031_s0_r1_csr/mask.npy"",""reconstruction.npy"":""cells/hier031_s0_r1_csr/reconstruction.npy"",""reconstruction.png"":""cells/hier031_s0_r1_csr/reconstruction.png"",""target.npy"":""cells/hier031_s0_r1_csr/target.npy"",""target.png"":""cells/hier031_s0_r1_csr/target.png""}",csr,0,33554432,0.03532673599693226,27098472,711569,hier031_s0_r1_csr,4.76837158203125e-07,hier031,99,48,0.02004116028547287,2.0265579223632812e-06,0.9958440065383911,7000,212405248,276824064,23.871046863980418,1078.2363819536633,1,0,26,42.81355075388909,ok,7.242606359999627,51,1538207744
6.501612460851902e-06,"{""config.json"":""cells/hier031_s0_r1_scatter/config.json"",""curves.png"":""cells/hier031_s0_r1_scatter/curves.png"",""decision"":""decision.json"",""error.png"":""cells/hier031_s0_r1_scatter/error.png"",""field.npz"":""cells/hier031_s0_r1_scatter/field.npz"",""history.json"":""cells/hier031_s0_r1_scatter/history.json"",""input_field.npz"":""cells/hier031_s0_r1_scatter/input_field.npz"",""mask.npy"":""cells/hier031_s0_r1_scatter/mask.npy"",""reconstruction.npy"":""cells/hier031_s0_r1_scatter/reconstruction.npy"",""reconstruction.png"":""cells/hier031_s0_r1_scatter/reconstruction.png"",""target.npy"":""cells/hier031_s0_r1_scatter/target.npy"",""target.png"":""cells/hier031_s0_r1_scatter/target.png""}",scatter,0,33554432,0.00721886500105029,14231380,711569,hier031_s0_r1_scatter,4.76837158203125e-07,hier031,99,48,0.020040594041347504,9.5367431640625e-07,0.9958440065383911,7000,189353472,226492416,23.87104918282389,1078.235806247356,1,0,26,42.81355075388909,ok,6.472158541000681,51,1517060096
6.501640655187657e-06,"{""config.json"":""cells/hier031_s0_r2_scatter/config.json"",""curves.png"":""cells/hier031_s0_r2_scatter/curves.png"",""decision"":""decision.json"",""error.png"":""cells/hier031_s0_r2_scatter/error.png"",""field.npz"":""cells/hier031_s0_r2_scatter/field.npz"",""history.json"":""cells/hier031_s0_r2_scatter/history.json"",""input_field.npz"":""cells/hier031_s0_r2_scatter/input_field.npz"",""mask.npy"":""cells/hier031_s0_r2_scatter/mask.npy"",""reconstruction.npy"":""cells/hier031_s0_r2_scatter/reconstruction.npy"",""reconstruction.png"":""cells/hier031_s0_r2_scatter/reconstruction.png"",""target.npy"":""cells/hier031_s0_r2_scatter/target.npy"",""target.png"":""cells/hier031_s0_r2_scatter/target.png""}",scatter,0,33554432,0.007247228000778705,14231380,711569,hier031_s0_r2_scatter,4.76837158203125e-07,hier031,99,48,0.020040661096572876,1.2516975402832031e-06,0.9958440661430359,7000,189353472,226492416,23.871038366015753,1078.238491771775,2,0,26,42.81355075388909,ok,6.571071032998589,51,1516163072
1.8421094864606857e-05,"{""config.json"":""cells/hier031_s0_r2_off/config.json"",""curves.png"":""cells/hier031_s0_r2_off/curves.png"",""decision"":""decision.json"",""error.png"":""cells/hier031_s0_r2_off/error.png"",""field.npz"":""cells/hier031_s0_r2_off/field.npz"",""history.json"":""cells/hier031_s0_r2_off/history.json"",""input_field.npz"":""cells/hier031_s0_r2_off/input_field.npz"",""mask.npy"":""cells/hier031_s0_r2_off/mask.npy"",""reconstruction.npy"":""cells/hier031_s0_r2_off/reconstruction.npy"",""reconstruction.png"":""cells/hier031_s0_r2_off/reconstruction.png"",""target.npy"":""cells/hier031_s0_r2_off/target.npy"",""target.png"":""cells/hier031_s0_r2_off/target.png""}",off,0,33554432,0.0,0,0,hier031_s0_r2_off,4.76837158203125e-07,hier031,99,48,0.02004004456102848,9.5367431640625e-07,0.9958444833755493,7000,225154560,297795584,23.870991639494484,1078.2500927952647,2,0,26,42.81355075388909,ok,7.570591250998405,51,1494376448
0.0,"{""config.json"":""cells/hier031_s0_r2_csr/config.json"",""curves.png"":""cells/hier031_s0_r2_csr/curves.png"",""decision"":""decision.json"",""error.png"":""cells/hier031_s0_r2_csr/error.png"",""field.npz"":""cells/hier031_s0_r2_csr/field.npz"",""history.json"":""cells/hier031_s0_r2_csr/history.json"",""input_field.npz"":""cells/hier031_s0_r2_csr/input_field.npz"",""mask.npy"":""cells/hier031_s0_r2_csr/mask.npy"",""reconstruction.npy"":""cells/hier031_s0_r2_csr/reconstruction.npy"",""reconstruction.png"":""cells/hier031_s0_r2_csr/reconstruction.png"",""target.npy"":""cells/hier031_s0_r2_csr/target.npy"",""target.png"":""cells/hier031_s0_r2_csr/target.png""}",csr,0,33554432,0.03495741599908797,27098472,711569,hier031_s0_r2_csr,4.76837158203125e-07,hier031,99,48,0.020040813833475113,1.430511474609375e-06,0.9958440065383911,7000,212405248,276824064,23.871045027583616,1078.23683788169,2,0,26,42.81355075388909,ok,6.549865373002831,51,1527320576
6.501612460851902e-06,"{""config.json"":""cells/hier031_s0_r3_scatter/config.json"",""curves.png"":""cells/hier031_s0_r3_scatter/curves.png"",""decision"":""decision.json"",""error.png"":""cells/hier031_s0_r3_scatter/error.png"",""field.npz"":""cells/hier031_s0_r3_scatter/field.npz"",""history.json"":""cells/hier031_s0_r3_scatter/history.json"",""input_field.npz"":""cells/hier031_s0_r3_scatter/input_field.npz"",""mask.npy"":""cells/hier031_s0_r3_scatter/mask.npy"",""reconstruction.npy"":""cells/hier031_s0_r3_scatter/reconstruction.npy"",""reconstruction.png"":""cells/hier031_s0_r3_scatter/reconstruction.png"",""target.npy"":""cells/hier031_s0_r3_scatter/target.npy"",""target.png"":""cells/hier031_s0_r3_scatter/target.png""}",scatter,0,33554432,0.007267625001986744,14231380,711569,hier031_s0_r3_scatter,9.5367431640625e-07,hier031,99,48,0.020029263570904732,7.748603820800781e-07,0.9958401322364807,7000,189353472,226492416,23.871384417490624,1078.1525797533866,3,0,27,42.81355075388909,ok,6.581549259997701,51,1487990784
2.167213551729219e-06,"{""config.json"":""cells/hier031_s0_r3_csr/config.json"",""curves.png"":""cells/hier031_s0_r3_csr/curves.png"",""decision"":""decision.json"",""error.png"":""cells/hier031_s0_r3_csr/error.png"",""field.npz"":""cells/hier031_s0_r3_csr/field.npz"",""history.json"":""cells/hier031_s0_r3_csr/history.json"",""input_field.npz"":""cells/hier031_s0_r3_csr/input_field.npz"",""mask.npy"":""cells/hier031_s0_r3_csr/mask.npy"",""reconstruction.npy"":""cells/hier031_s0_r3_csr/reconstruction.npy"",""reconstruction.png"":""cells/hier031_s0_r3_csr/reconstruction.png"",""target.npy"":""cells/hier031_s0_r3_csr/target.npy"",""target.png"":""cells/hier031_s0_r3_csr/target.png""}",csr,0,33554432,0.03510454799834406,27098472,711569,hier031_s0_r3_csr,4.76837158203125e-07,hier031,99,48,0.020041171461343765,2.0265579223632812e-06,0.9958440065383911,7000,212405248,276824064,23.87104452405822,1078.2369628935626,3,0,26,42.81355075388909,ok,6.649706929001695,51,1516703744
1.8421134882373735e-05,"{""config.json"":""cells/hier031_s0_r3_off/config.json"",""curves.png"":""cells/hier031_s0_r3_off/curves.png"",""decision"":""decision.json"",""error.png"":""cells/hier031_s0_r3_off/error.png"",""field.npz"":""cells/hier031_s0_r3_off/field.npz"",""history.json"":""cells/hier031_s0_r3_off/history.json"",""input_field.npz"":""cells/hier031_s0_r3_off/input_field.npz"",""mask.npy"":""cells/hier031_s0_r3_off/mask.npy"",""reconstruction.npy"":""cells/hier031_s0_r3_off/reconstruction.npy"",""reconstruction.png"":""cells/hier031_s0_r3_off/reconstruction.png"",""target.npy"":""cells/hier031_s0_r3_off/target.npy"",""target.png"":""cells/hier031_s0_r3_off/target.png""}",off,0,33554432,0.0,0,0,hier031_s0_r3_off,4.76837158203125e-07,hier031,99,48,0.020040618255734444,9.5367431640625e-07,0.9958440661430359,7000,225154560,297795584,23.871039837348512,1078.2381264787743,3,0,26,42.81355075388909,ok,7.4880690749996575,51,1519849472
2.1672183265764033e-06,"{""config.json"":""cells/hier031_s0_r4_csr/config.json"",""curves.png"":""cells/hier031_s0_r4_csr/curves.png"",""decision"":""decision.json"",""error.png"":""cells/hier031_s0_r4_csr/error.png"",""field.npz"":""cells/hier031_s0_r4_csr/field.npz"",""history.json"":""cells/hier031_s0_r4_csr/history.json"",""input_field.npz"":""cells/hier031_s0_r4_csr/input_field.npz"",""mask.npy"":""cells/hier031_s0_r4_csr/mask.npy"",""reconstruction.npy"":""cells/hier031_s0_r4_csr/reconstruction.npy"",""reconstruction.png"":""cells/hier031_s0_r4_csr/reconstruction.png"",""target.npy"":""cells/hier031_s0_r4_csr/target.npy"",""target.png"":""cells/hier031_s0_r4_csr/target.png""}",csr,0,33554432,0.03495517899864353,27098472,711569,hier031_s0_r4_csr,2.384185791015625e-07,hier031,99,48,0.020040754228830338,1.3113021850585938e-06,0.9958438873291016,7000,212405248,276824064,23.871048564533552,1078.235959752144,4,0,26,42.81355075388909,ok,6.585174102001474,51,1523834880
1.1919610187760554e-05,"{""config.json"":""cells/hier031_s0_r4_off/config.json"",""curves.png"":""cells/hier031_s0_r4_off/curves.png"",""decision"":""decision.json"",""error.png"":""cells/hier031_s0_r4_off/error.png"",""field.npz"":""cells/hier031_s0_r4_off/field.npz"",""history.json"":""cells/hier031_s0_r4_off/history.json"",""input_field.npz"":""cells/hier031_s0_r4_off/input_field.npz"",""mask.npy"":""cells/hier031_s0_r4_off/mask.npy"",""reconstruction.npy"":""cells/hier031_s0_r4_off/reconstruction.npy"",""reconstruction.png"":""cells/hier031_s0_r4_off/reconstruction.png"",""target.npy"":""cells/hier031_s0_r4_off/target.npy"",""target.png"":""cells/hier031_s0_r4_off/target.png""}",off,0,33554432,0.0,0,0,hier031_s0_r4_off,4.76837158203125e-07,hier031,99,48,0.020040659233927727,4.76837158203125e-07,0.9958440065383911,7000,225154560,297795584,23.87104726476349,1078.236282450011,4,0,26,42.81355075388909,ok,7.34426938300021,51,1504796672
0.0,"{""config.json"":""cells/hier031_s0_r4_scatter/config.json"",""curves.png"":""cells/hier031_s0_r4_scatter/curves.png"",""decision"":""decision.json"",""error.png"":""cells/hier031_s0_r4_scatter/error.png"",""field.npz"":""cells/hier031_s0_r4_scatter/field.npz"",""history.json"":""cells/hier031_s0_r4_scatter/history.json"",""input_field.npz"":""cells/hier031_s0_r4_scatter/input_field.npz"",""mask.npy"":""cells/hier031_s0_r4_scatter/mask.npy"",""reconstruction.npy"":""cells/hier031_s0_r4_scatter/reconstruction.npy"",""reconstruction.png"":""cells/hier031_s0_r4_scatter/reconstruction.png"",""target.npy"":""cells/hier031_s0_r4_scatter/target.npy"",""target.png"":""cells/hier031_s0_r4_scatter/target.png""}",scatter,0,33554432,0.007260875001520617,14231380,711569,hier031_s0_r4_scatter,4.76837158203125e-07,hier031,99,48,0.0200410895049572,9.5367431640625e-07,0.9958440065383911,7000,189353472,226492416,23.87104619117586,1078.236548992951,4,0,26,42.81355075388909,ok,6.503072611998505,51,1491722240
4.3344175537640695e-06,"{""config.json"":""cells/hier031_s0_r5_csr/config.json"",""curves.png"":""cells/hier031_s0_r5_csr/curves.png"",""decision"":""decision.json"",""error.png"":""cells/hier031_s0_r5_csr/error.png"",""field.npz"":""cells/hier031_s0_r5_csr/field.npz"",""history.json"":""cells/hier031_s0_r5_csr/history.json"",""input_field.npz"":""cells/hier031_s0_r5_csr/input_field.npz"",""mask.npy"":""cells/hier031_s0_r5_csr/mask.npy"",""reconstruction.npy"":""cells/hier031_s0_r5_csr/reconstruction.npy"",""reconstruction.png"":""cells/hier031_s0_r5_csr/reconstruction.png"",""target.npy"":""cells/hier031_s0_r5_csr/target.npy"",""target.png"":""cells/hier031_s0_r5_csr/target.png""}",csr,0,33554432,0.03497324699856108,27098472,711569,hier031_s0_r5_csr,9.5367431640625e-07,hier031,99,48,0.02004079893231392,1.3113021850585938e-06,0.9958440065383911,7000,212405248,276824064,23.87104731138503,1078.2362708751384,5,0,26,42.81355075388909,ok,6.723342021999997,51,1509249024
1.083600864149048e-06,"{""config.json"":""cells/hier031_s0_r5_scatter/config.json"",""curves.png"":""cells/hier031_s0_r5_scatter/curves.png"",""decision"":""decision.json"",""error.png"":""cells/hier031_s0_r5_scatter/error.png"",""field.npz"":""cells/hier031_s0_r5_scatter/field.npz"",""history.json"":""cells/hier031_s0_r5_scatter/history.json"",""input_field.npz"":""cells/hier031_s0_r5_scatter/input_field.npz"",""mask.npy"":""cells/hier031_s0_r5_scatter/mask.npy"",""reconstruction.npy"":""cells/hier031_s0_r5_scatter/reconstruction.npy"",""reconstruction.png"":""cells/hier031_s0_r5_scatter/reconstruction.png"",""target.npy"":""cells/hier031_s0_r5_scatter/target.npy"",""target.png"":""cells/hier031_s0_r5_scatter/target.png""}",scatter,0,33554432,0.007226285000797361,14231380,711569,hier031_s0_r5_scatter,4.76837158203125e-07,hier031,99,48,0.020031021907925606,4.76837158203125e-07,0.9958403706550598,7000,189353472,226492416,23.87135581525587,1078.1596803904013,5,0,27,42.81355075388909,ok,6.545069617997797,51,1490046976
4.3344175537640695e-06,"{""config.json"":""cells/hier031_s0_r5_off/config.json"",""curves.png"":""cells/hier031_s0_r5_off/curves.png"",""decision"":""decision.json"",""error.png"":""cells/hier031_s0_r5_off/error.png"",""field.npz"":""cells/hier031_s0_r5_off/field.npz"",""history.json"":""cells/hier031_s0_r5_off/history.json"",""input_field.npz"":""cells/hier031_s0_r5_off/input_field.npz"",""mask.npy"":""cells/hier031_s0_r5_off/mask.npy"",""reconstruction.npy"":""cells/hier031_s0_r5_off/reconstruction.npy"",""reconstruction.png"":""cells/hier031_s0_r5_off/reconstruction.png"",""target.npy"":""cells/hier031_s0_r5_off/target.npy"",""target.png"":""cells/hier031_s0_r5_off/target.png""}",off,0,33554432,0.0,0,0,hier031_s0_r5_off,4.76837158203125e-07,hier031,99,48,0.020031629130244255,9.5367431640625e-07,0.9958407878875732,7000,225154560,297795584,23.871319677337,1078.1686518627057,5,0,27,42.81355075388909,ok,7.47247054699983,51,1514549248
