image,budget,seed,init_budget,max_gaussians,strategy,tensor,tensor_color,density,sampling,orientation,color,scale,scale_cap,opacity,renderer,aa,color_basis,color_solve,loss,loss_weight,optimizer,lr_schedule,state_seed,row_temper,support_fade,pyramid,refine_site,refine_primitive,refine_nms,refine_color,refine_prune,refine_relocate,refine,config_label,is_baseline,early_exit,early_stop_patience,early_stop_min_delta,early_stop_min_iters,status,psnr,ssim,ms_ssim,lpips,edge_mae,auc_psnr,auc_psnr_horizon,iters_to_target,iters_to_targets,seconds_to_target,n_gaussians,iterations_run,stopped_early,stopped_at,init_seconds,fit_seconds,total_seconds,split_event_count,ranked_wave_score_mean,ranked_wave_residual_support_mean,ranked_wave_activity_mean,ranked_wave_footprint_mean,absgrad_score_mean,absgrad_score_max,freq_violation_score_mean,freq_violation_score_max,freq_violation_axis0_count,freq_violation_axis1_count,freq_violation_freq_mean,color_solve_every,color_solve_schedule,color_solve_lambda,color_solve_maxiter,color_solve_event_count,color_solve_relative_residual_mean,loss_weighting,loss_weight_beta,loss_weight_mean,loss_weight_max,relocate_event_count,seed_new_row_optimizer_state,new_row_temper_iters,new_row_temper_start,tempered_new_rows_mean,support_fade_static,support_fade_until_frac,support_fade_crossfade_iters,support_fade_alpha_mean,post_split_delta_mean,split_recovery_iters_mean,adaptive_count,adaptive_event_count,adaptive_growth_count,adaptive_stop_reason,adaptive_selected_n,estimated_bpp,target_ms_ssim,target_bpp,arm,level_iters,level_budgets
kodim01,2000,0,2000,2000,aniso_onedge,central,luma,structure,wse,tensor,bilinear,spacing,none,none,cuda,0.0,constant,none,l1,none,adam,none,off,off,off,single,none,sampled_add,off,target,off,off,none,strategy=aniso_onedge|tensor=central|tensor_color=luma|density=structure|sampling=wse|orientation=tensor|color=bilinear|scale=spacing|scale_cap=none|opacity=none|renderer=cuda|aa=0.0|color_basis=constant|color_solve=none|loss=l1|loss_weight=none|optimizer=adam|lr_schedule=none|refine_site=none|refine_primitive=sampled_add|refine_nms=off|refine_color=target|refine_prune=off|refine_relocate=off|state_seed=off|row_temper=off|support_fade=off|pyramid=single,False,False,,,,ok,23.7503,0.66581,0.87658,,0.06031,23.605956143741214,observed,,{},,2000,1500,False,,0.3555405139923095,5.294164419174194,6.168208360671997,0,,,,,,,,,,,,,none,0.0001,32,0,,none,1.0,,,0,False,0,0.25,0.0,False,,10,0.0,,,False,0,0,,,1.3021,,,single_1500,,
kodim01,2000,0,2000,2000,quadtree_wse,central,luma,structure,wse,tensor,bilinear,spacing,none,none,cuda,0.0,constant,none,l1,none,adam,none,off,off,off,single,none,sampled_add,off,target,off,off,none,strategy=quadtree_wse|tensor=central|tensor_color=luma|density=structure|sampling=wse|orientation=tensor|color=bilinear|scale=spacing|scale_cap=none|opacity=none|renderer=cuda|aa=0.0|color_basis=constant|color_solve=none|loss=l1|loss_weight=none|optimizer=adam|lr_schedule=none|refine_site=none|refine_primitive=sampled_add|refine_nms=off|refine_color=target|refine_prune=off|refine_relocate=off|state_seed=off|row_temper=off|support_fade=off|pyramid=single,False,False,,,,ok,23.5556,0.6631,0.87046,,0.060476,23.61961273195904,observed,,{},,2000,1500,False,,0.7285842895507812,5.038330793380737,5.772238969802856,0,,,,,,,,,,,,,none,0.0001,32,0,,none,1.0,,,0,False,0,0.25,0.0,False,,10,0.0,,,False,0,0,,,1.3021,,,single_1500,,
kodim01,5000,0,5000,5000,aniso_onedge,central,luma,structure,wse,tensor,bilinear,spacing,none,none,cuda,0.0,constant,none,l1,none,adam,none,off,off,off,single,none,sampled_add,off,target,off,off,none,strategy=aniso_onedge|tensor=central|tensor_color=luma|density=structure|sampling=wse|orientation=tensor|color=bilinear|scale=spacing|scale_cap=none|opacity=none|renderer=cuda|aa=0.0|color_basis=constant|color_solve=none|loss=l1|loss_weight=none|optimizer=adam|lr_schedule=none|refine_site=none|refine_primitive=sampled_add|refine_nms=off|refine_color=target|refine_prune=off|refine_relocate=off|state_seed=off|row_temper=off|support_fade=off|pyramid=single,False,False,,,,ok,25.5663,0.76306,0.92724,,0.046787,25.429016622246863,observed,,{},,5000,1500,False,,0.8697187900543213,4.64297342300415,5.516396999359131,0,,,,,,,,,,,,,none,0.0001,32,0,,none,1.0,,,0,False,0,0.25,0.0,False,,10,0.0,,,False,0,0,,,3.2552,,,single_1500,,
kodim01,5000,0,5000,5000,quadtree_wse,central,luma,structure,wse,tensor,bilinear,spacing,none,none,cuda,0.0,constant,none,l1,none,adam,none,off,off,off,single,none,sampled_add,off,target,off,off,none,strategy=quadtree_wse|tensor=central|tensor_color=luma|density=structure|sampling=wse|orientation=tensor|color=bilinear|scale=spacing|scale_cap=none|opacity=none|renderer=cuda|aa=0.0|color_basis=constant|color_solve=none|loss=l1|loss_weight=none|optimizer=adam|lr_schedule=none|refine_site=none|refine_primitive=sampled_add|refine_nms=off|refine_color=target|refine_prune=off|refine_relocate=off|state_seed=off|row_temper=off|support_fade=off|pyramid=single,False,False,,,,ok,25.4443,0.76348,0.92602,,0.047108,25.4952709154736,observed,,{},,5000,1500,False,,1.6373190879821775,4.752824306488037,6.3940370082855225,0,,,,,,,,,,,,,none,0.0001,32,0,,none,1.0,,,0,False,0,0.25,0.0,False,,10,0.0,,,False,0,0,,,3.2552,,,single_1500,,
kodim07,2000,0,2000,2000,aniso_onedge,central,luma,structure,wse,tensor,bilinear,spacing,none,none,cuda,0.0,constant,none,l1,none,adam,none,off,off,off,single,none,sampled_add,off,target,off,off,none,strategy=aniso_onedge|tensor=central|tensor_color=luma|density=structure|sampling=wse|orientation=tensor|color=bilinear|scale=spacing|scale_cap=none|opacity=none|renderer=cuda|aa=0.0|color_basis=constant|color_solve=none|loss=l1|loss_weight=none|optimizer=adam|lr_schedule=none|refine_site=none|refine_primitive=sampled_add|refine_nms=off|refine_color=target|refine_prune=off|refine_relocate=off|state_seed=off|row_temper=off|support_fade=off|pyramid=single,False,False,,,,ok,25.6996,0.87142,0.9395,,0.039506,27.554972610448186,observed,,{},,2000,1500,False,,0.3026084899902344,4.873820781707764,5.180243253707886,0,,,,,,,,,,,,,none,0.0001,32,0,,none,1.0,,,0,False,0,0.25,0.0,False,,10,0.0,,,False,0,0,,,1.3021,,,single_1500,,
kodim07,2000,0,2000,2000,quadtree_wse,central,luma,structure,wse,tensor,bilinear,spacing,none,none,cuda,0.0,constant,none,l1,none,adam,none,off,off,off,single,none,sampled_add,off,target,off,off,none,strategy=quadtree_wse|tensor=central|tensor_color=luma|density=structure|sampling=wse|orientation=tensor|color=bilinear|scale=spacing|scale_cap=none|opacity=none|renderer=cuda|aa=0.0|color_basis=constant|color_solve=none|loss=l1|loss_weight=none|optimizer=adam|lr_schedule=none|refine_site=none|refine_primitive=sampled_add|refine_nms=off|refine_color=target|refine_prune=off|refine_relocate=off|state_seed=off|row_temper=off|support_fade=off|pyramid=single,False,False,,,,ok,25.4897,0.8725,0.93821,,0.039455,27.739478468179225,observed,,{},,2000,1500,False,,0.7042114734649658,4.683631181716919,5.391913414001465,0,,,,,,,,,,,,,none,0.0001,32,0,,none,1.0,,,0,False,0,0.25,0.0,False,,10,0.0,,,False,0,0,,,1.3021,,,single_1500,,
kodim07,5000,0,5000,5000,aniso_onedge,central,luma,structure,wse,tensor,bilinear,spacing,none,none,cuda,0.0,constant,none,l1,none,adam,none,off,off,off,single,none,sampled_add,off,target,off,off,none,strategy=aniso_onedge|tensor=central|tensor_color=luma|density=structure|sampling=wse|orientation=tensor|color=bilinear|scale=spacing|scale_cap=none|opacity=none|renderer=cuda|aa=0.0|color_basis=constant|color_solve=none|loss=l1|loss_weight=none|optimizer=adam|lr_schedule=none|refine_site=none|refine_primitive=sampled_add|refine_nms=off|refine_color=target|refine_prune=off|refine_relocate=off|state_seed=off|row_temper=off|support_fade=off|pyramid=single,False,False,,,,ok,32.6475,0.94383,0.98555,,0.019218,33.00327685358049,observed,,{},,5000,1500,False,,0.9428839683532716,4.837054252624512,5.783649682998657,0,,,,,,,,,,,,,none,0.0001,32,0,,none,1.0,,,0,False,0,0.25,0.0,False,,10,0.0,,,False,0,0,,,3.2552,,,single_1500,,
kodim07,5000,0,5000,5000,quadtree_wse,central,luma,structure,wse,tensor,bilinear,spacing,none,none,cuda,0.0,constant,none,l1,none,adam,none,off,off,off,single,none,sampled_add,off,target,off,off,none,strategy=quadtree_wse|tensor=central|tensor_color=luma|density=structure|sampling=wse|orientation=tensor|color=bilinear|scale=spacing|scale_cap=none|opacity=none|renderer=cuda|aa=0.0|color_basis=constant|color_solve=none|loss=l1|loss_weight=none|optimizer=adam|lr_schedule=none|refine_site=none|refine_primitive=sampled_add|refine_nms=off|refine_color=target|refine_prune=off|refine_relocate=off|state_seed=off|row_temper=off|support_fade=off|pyramid=single,False,False,,,,ok,33.3024,0.9444,0.98652,,0.019556,33.19543841682012,observed,,{},,5000,1500,False,,1.5417728424072266,4.933730363845825,6.480473279953003,0,,,,,,,,,,,,,none,0.0001,32,0,,none,1.0,,,0,False,0,0.25,0.0,False,,10,0.0,,,False,0,0,,,3.2552,,,single_1500,,
kodim13,2000,0,2000,2000,aniso_onedge,central,luma,structure,wse,tensor,bilinear,spacing,none,none,cuda,0.0,constant,none,l1,none,adam,none,off,off,off,single,none,sampled_add,off,target,off,off,none,strategy=aniso_onedge|tensor=central|tensor_color=luma|density=structure|sampling=wse|orientation=tensor|color=bilinear|scale=spacing|scale_cap=none|opacity=none|renderer=cuda|aa=0.0|color_basis=constant|color_solve=none|loss=l1|loss_weight=none|optimizer=adam|lr_schedule=none|refine_site=none|refine_primitive=sampled_add|refine_nms=off|refine_color=target|refine_prune=off|refine_relocate=off|state_seed=off|row_temper=off|support_fade=off|pyramid=single,False,False,,,,ok,20.2951,0.50591,0.79866,,0.095207,20.46915054321289,observed,,{},,2000,1500,False,,0.2858781814575195,5.258689880371094,5.549558877944946,0,,,,,,,,,,,,,none,0.0001,32,0,,none,1.0,,,0,False,0,0.25,0.0,False,,10,0.0,,,False,0,0,,,1.3021,,,single_1500,,
kodim13,2000,0,2000,2000,quadtree_wse,central,luma,structure,wse,tensor,bilinear,spacing,none,none,cuda,0.0,constant,none,l1,none,adam,none,off,off,off,single,none,sampled_add,off,target,off,off,none,strategy=quadtree_wse|tensor=central|tensor_color=luma|density=structure|sampling=wse|orientation=tensor|color=bilinear|scale=spacing|scale_cap=none|opacity=none|renderer=cuda|aa=0.0|color_basis=constant|color_solve=none|loss=l1|loss_weight=none|optimizer=adam|lr_schedule=none|refine_site=none|refine_primitive=sampled_add|refine_nms=off|refine_color=target|refine_prune=off|refine_relocate=off|state_seed=off|row_temper=off|support_fade=off|pyramid=single,False,False,,,,ok,20.3094,0.50379,0.79853,,0.095377,20.4346803763137,observed,,{},,2000,1500,False,,0.5792059898376465,4.99826979637146,5.582338333129883,0,,,,,,,,,,,,,none,0.0001,32,0,,none,1.0,,,0,False,0,0.25,0.0,False,,10,0.0,,,False,0,0,,,1.3021,,,single_1500,,
kodim13,5000,0,5000,5000,aniso_onedge,central,luma,structure,wse,tensor,bilinear,spacing,none,none,cuda,0.0,constant,none,l1,none,adam,none,off,off,off,single,none,sampled_add,off,target,off,off,none,strategy=aniso_onedge|tensor=central|tensor_color=luma|density=structure|sampling=wse|orientation=tensor|color=bilinear|scale=spacing|scale_cap=none|opacity=none|renderer=cuda|aa=0.0|color_basis=constant|color_solve=none|loss=l1|loss_weight=none|optimizer=adam|lr_schedule=none|refine_site=none|refine_primitive=sampled_add|refine_nms=off|refine_color=target|refine_prune=off|refine_relocate=off|state_seed=off|row_temper=off|support_fade=off|pyramid=single,False,False,,,,ok,22.4098,0.64661,0.88515,,0.071843,22.306260532661625,observed,,{},,5000,1500,False,,0.8608808517456055,5.054528474807739,5.920515537261963,0,,,,,,,,,,,,,none,0.0001,32,0,,none,1.0,,,0,False,0,0.25,0.0,False,,10,0.0,,,False,0,0,,,3.2552,,,single_1500,,
kodim13,5000,0,5000,5000,quadtree_wse,central,luma,structure,wse,tensor,bilinear,spacing,none,none,cuda,0.0,constant,none,l1,none,adam,none,off,off,off,single,none,sampled_add,off,target,off,off,none,strategy=quadtree_wse|tensor=central|tensor_color=luma|density=structure|sampling=wse|orientation=tensor|color=bilinear|scale=spacing|scale_cap=none|opacity=none|renderer=cuda|aa=0.0|color_basis=constant|color_solve=none|loss=l1|loss_weight=none|optimizer=adam|lr_schedule=none|refine_site=none|refine_primitive=sampled_add|refine_nms=off|refine_color=target|refine_prune=off|refine_relocate=off|state_seed=off|row_temper=off|support_fade=off|pyramid=single,False,False,,,,ok,22.5342,0.64158,0.8817,,0.071954,22.362625232134125,observed,,{},,5000,1500,False,,1.3512227535247805,4.793936014175415,6.148894786834717,0,,,,,,,,,,,,,none,0.0001,32,0,,none,1.0,,,0,False,0,0.25,0.0,False,,10,0.0,,,False,0,0,,,3.2552,,,single_1500,,
kodim19,2000,0,2000,2000,aniso_onedge,central,luma,structure,wse,tensor,bilinear,spacing,none,none,cuda,0.0,constant,none,l1,none,adam,none,off,off,off,single,none,sampled_add,off,target,off,off,none,strategy=aniso_onedge|tensor=central|tensor_color=luma|density=structure|sampling=wse|orientation=tensor|color=bilinear|scale=spacing|scale_cap=none|opacity=none|renderer=cuda|aa=0.0|color_basis=constant|color_solve=none|loss=l1|loss_weight=none|optimizer=adam|lr_schedule=none|refine_site=none|refine_primitive=sampled_add|refine_nms=off|refine_color=target|refine_prune=off|refine_relocate=off|state_seed=off|row_temper=off|support_fade=off|pyramid=single,False,False,,,,ok,26.3971,0.77704,0.91357,,0.042944,27.00616674887649,observed,,{},,2000,1500,False,,0.3358008861541748,5.33757209777832,5.678576707839966,0,,,,,,,,,,,,,none,0.0001,32,0,,none,1.0,,,0,False,0,0.25,0.0,False,,10,0.0,,,False,0,0,,,1.3021,,,single_1500,,
kodim19,2000,0,2000,2000,quadtree_wse,central,luma,structure,wse,tensor,bilinear,spacing,none,none,cuda,0.0,constant,none,l1,none,adam,none,off,off,off,single,none,sampled_add,off,target,off,off,none,strategy=quadtree_wse|tensor=central|tensor_color=luma|density=structure|sampling=wse|orientation=tensor|color=bilinear|scale=spacing|scale_cap=none|opacity=none|renderer=cuda|aa=0.0|color_basis=constant|color_solve=none|loss=l1|loss_weight=none|optimizer=adam|lr_schedule=none|refine_site=none|refine_primitive=sampled_add|refine_nms=off|refine_color=target|refine_prune=off|refine_relocate=off|state_seed=off|row_temper=off|support_fade=off|pyramid=single,False,False,,,,ok,27.3506,0.77763,0.91544,,0.040552,27.23501476532145,observed,,{},,2000,1500,False,,0.6030752658843994,5.438495397567749,6.046844244003296,0,,,,,,,,,,,,,none,0.0001,32,0,,none,1.0,,,0,False,0,0.25,0.0,False,,10,0.0,,,False,0,0,,,1.3021,,,single_1500,,
kodim19,5000,0,5000,5000,aniso_onedge,central,luma,structure,wse,tensor,bilinear,spacing,none,none,cuda,0.0,constant,none,l1,none,adam,none,off,off,off,single,none,sampled_add,off,target,off,off,none,strategy=aniso_onedge|tensor=central|tensor_color=luma|density=structure|sampling=wse|orientation=tensor|color=bilinear|scale=spacing|scale_cap=none|opacity=none|renderer=cuda|aa=0.0|color_basis=constant|color_solve=none|loss=l1|loss_weight=none|optimizer=adam|lr_schedule=none|refine_site=none|refine_primitive=sampled_add|refine_nms=off|refine_color=target|refine_prune=off|refine_relocate=off|state_seed=off|row_temper=off|support_fade=off|pyramid=single,False,False,,,,ok,30.045,0.83917,0.95238,,0.027299,29.83786584537295,observed,,{},,5000,1500,False,,1.0310263633728027,6.12729287147522,7.164724349975586,0,,,,,,,,,,,,,none,0.0001,32,0,,none,1.0,,,0,False,0,0.25,0.0,False,,10,0.0,,,False,0,0,,,3.2552,,,single_1500,,
kodim19,5000,0,5000,5000,quadtree_wse,central,luma,structure,wse,tensor,bilinear,spacing,none,none,cuda,0.0,constant,none,l1,none,adam,none,off,off,off,single,none,sampled_add,off,target,off,off,none,strategy=quadtree_wse|tensor=central|tensor_color=luma|density=structure|sampling=wse|orientation=tensor|color=bilinear|scale=spacing|scale_cap=none|opacity=none|renderer=cuda|aa=0.0|color_basis=constant|color_solve=none|loss=l1|loss_weight=none|optimizer=adam|lr_schedule=none|refine_site=none|refine_primitive=sampled_add|refine_nms=off|refine_color=target|refine_prune=off|refine_relocate=off|state_seed=off|row_temper=off|support_fade=off|pyramid=single,False,False,,,,ok,30.2945,0.8405,0.95355,,0.026776,30.03922332422665,observed,,{},,5000,1500,False,,1.2917628288269043,6.180785179138184,7.478650093078613,0,,,,,,,,,,,,,none,0.0001,32,0,,none,1.0,,,0,False,0,0.25,0.0,False,,10,0.0,,,False,0,0,,,3.2552,,,single_1500,,
kodim01,2000,0,2000,2000,aniso_onedge,central,luma,structure,wse,tensor,bilinear,spacing,none,none,cuda,0.0,constant,none,l1,none,adam,none,off,off,off,pyramid,none,sampled_add,off,target,off,off,none,strategy=aniso_onedge|tensor=central|tensor_color=luma|density=structure|sampling=wse|orientation=tensor|color=bilinear|scale=spacing|scale_cap=none|opacity=none|renderer=cuda|aa=0.0|color_basis=constant|color_solve=none|loss=l1|loss_weight=none|optimizer=adam|lr_schedule=none|refine_site=none|refine_primitive=sampled_add|refine_nms=off|refine_color=target|refine_prune=off|refine_relocate=off|state_seed=off|row_temper=off|support_fade=off|pyramid=pyramid,False,False,,,,ok,24.1362,0.67417,0.89063,,0.060218,22.687066508261974,observed,,{},,2000,1500,False,,0.3196392059326172,5.147613048553467,5.467252254486084,0,,,,,,,,,,,,,none,0.0001,32,0,,none,1.0,,,0,False,0,0.25,,False,,10,,,,False,0,0,,,1.3021,,,pyramid_split_1500,,
kodim01,2000,0,2000,2000,quadtree_wse,central,luma,structure,wse,tensor,bilinear,spacing,none,none,cuda,0.0,constant,none,l1,none,adam,none,off,off,off,pyramid,none,sampled_add,off,target,off,off,none,strategy=quadtree_wse|tensor=central|tensor_color=luma|density=structure|sampling=wse|orientation=tensor|color=bilinear|scale=spacing|scale_cap=none|opacity=none|renderer=cuda|aa=0.0|color_basis=constant|color_solve=none|loss=l1|loss_weight=none|optimizer=adam|lr_schedule=none|refine_site=none|refine_primitive=sampled_add|refine_nms=off|refine_color=target|refine_prune=off|refine_relocate=off|state_seed=off|row_temper=off|support_fade=off|pyramid=pyramid,False,False,,,,ok,23.7373,0.66418,0.88002,,0.061619,22.445425908990188,observed,,{},,2000,1500,False,,0.6962034702301025,4.969363689422607,5.66556715965271,0,,,,,,,,,,,,,none,0.0001,32,0,,none,1.0,,,0,False,0,0.25,,False,,10,,,,False,0,0,,,1.3021,,,pyramid_split_1500,,
kodim01,5000,0,5000,5000,aniso_onedge,central,luma,structure,wse,tensor,bilinear,spacing,none,none,cuda,0.0,constant,none,l1,none,adam,none,off,off,off,pyramid,none,sampled_add,off,target,off,off,none,strategy=aniso_onedge|tensor=central|tensor_color=luma|density=structure|sampling=wse|orientation=tensor|color=bilinear|scale=spacing|scale_cap=none|opacity=none|renderer=cuda|aa=0.0|color_basis=constant|color_solve=none|loss=l1|loss_weight=none|optimizer=adam|lr_schedule=none|refine_site=none|refine_primitive=sampled_add|refine_nms=off|refine_color=target|refine_prune=off|refine_relocate=off|state_seed=off|row_temper=off|support_fade=off|pyramid=pyramid,False,False,,,,ok,26.293,0.78382,0.94454,,0.04583,24.468254164427897,observed,,{},,5000,1500,False,,0.8509159088134766,5.119870185852051,5.970786094665527,0,,,,,,,,,,,,,none,0.0001,32,0,,none,1.0,,,0,False,0,0.25,,False,,10,,,,False,0,0,,,3.2552,,,pyramid_split_1500,,
kodim01,5000,0,5000,5000,quadtree_wse,central,luma,structure,wse,tensor,bilinear,spacing,none,none,cuda,0.0,constant,none,l1,none,adam,none,off,off,off,pyramid,none,sampled_add,off,target,off,off,none,strategy=quadtree_wse|tensor=central|tensor_color=luma|density=structure|sampling=wse|orientation=tensor|color=bilinear|scale=spacing|scale_cap=none|opacity=none|renderer=cuda|aa=0.0|color_basis=constant|color_solve=none|loss=l1|loss_weight=none|optimizer=adam|lr_schedule=none|refine_site=none|refine_primitive=sampled_add|refine_nms=off|refine_color=target|refine_prune=off|refine_relocate=off|state_seed=off|row_temper=off|support_fade=off|pyramid=pyramid,False,False,,,,ok,26.0797,0.77987,0.9416,,0.046198,24.409721141023745,observed,,{},,5000,1500,False,,1.472405195236206,5.1878955364227295,6.660300731658936,0,,,,,,,,,,,,,none,0.0001,32,0,,none,1.0,,,0,False,0,0.25,,False,,10,,,,False,0,0,,,3.2552,,,pyramid_split_1500,,
kodim07,2000,0,2000,2000,aniso_onedge,central,luma,structure,wse,tensor,bilinear,spacing,none,none,cuda,0.0,constant,none,l1,none,adam,none,off,off,off,pyramid,none,sampled_add,off,target,off,off,none,strategy=aniso_onedge|tensor=central|tensor_color=luma|density=structure|sampling=wse|orientation=tensor|color=bilinear|scale=spacing|scale_cap=none|opacity=none|renderer=cuda|aa=0.0|color_basis=constant|color_solve=none|loss=l1|loss_weight=none|optimizer=adam|lr_schedule=none|refine_site=none|refine_primitive=sampled_add|refine_nms=off|refine_color=target|refine_prune=off|refine_relocate=off|state_seed=off|row_temper=off|support_fade=off|pyramid=pyramid,False,False,,,,ok,27.7158,0.88999,0.95996,,0.037306,26.40125443316683,observed,,{},,2000,1500,False,,0.2952437400817871,5.254045009613037,5.549288749694824,0,,,,,,,,,,,,,none,0.0001,32,0,,none,1.0,,,0,False,0,0.25,,False,,10,,,,False,0,0,,,1.3021,,,pyramid_split_1500,,
kodim07,2000,0,2000,2000,quadtree_wse,central,luma,structure,wse,tensor,bilinear,spacing,none,none,cuda,0.0,constant,none,l1,none,adam,none,off,off,off,pyramid,none,sampled_add,off,target,off,off,none,strategy=quadtree_wse|tensor=central|tensor_color=luma|density=structure|sampling=wse|orientation=tensor|color=bilinear|scale=spacing|scale_cap=none|opacity=none|renderer=cuda|aa=0.0|color_basis=constant|color_solve=none|loss=l1|loss_weight=none|optimizer=adam|lr_schedule=none|refine_site=none|refine_primitive=sampled_add|refine_nms=off|refine_color=target|refine_prune=off|refine_relocate=off|state_seed=off|row_temper=off|support_fade=off|pyramid=pyramid,False,False,,,,ok,29.8606,0.89938,0.9709,,0.03413,26.806940389840584,observed,,{},,2000,1500,False,,0.7224364280700684,4.869863271713257,5.592299699783325,0,,,,,,,,,,,,,none,0.0001,32,0,,none,1.0,,,0,False,0,0.25,,False,,10,,,,False,0,0,,,1.3021,,,pyramid_split_1500,,
kodim07,5000,0,5000,5000,aniso_onedge,central,luma,structure,wse,tensor,bilinear,spacing,none,none,cuda,0.0,constant,none,l1,none,adam,none,off,off,off,pyramid,none,sampled_add,off,target,off,off,none,strategy=aniso_onedge|tensor=central|tensor_color=luma|density=structure|sampling=wse|orientation=tensor|color=bilinear|scale=spacing|scale_cap=none|opacity=none|renderer=cuda|aa=0.0|color_basis=constant|color_solve=none|loss=l1|loss_weight=none|optimizer=adam|lr_schedule=none|refine_site=none|refine_primitive=sampled_add|refine_nms=off|refine_color=target|refine_prune=off|refine_relocate=off|state_seed=off|row_temper=off|support_fade=off|pyramid=pyramid,False,False,,,,ok,34.0212,0.94855,0.98974,,0.020759,30.264150437551628,observed,,{},,5000,1500,False,,0.9002890586853027,5.374202728271484,6.274491786956787,0,,,,,,,,,,,,,none,0.0001,32,0,,none,1.0,,,0,False,0,0.25,,False,,10,,,,False,0,0,,,3.2552,,,pyramid_split_1500,,
kodim07,5000,0,5000,5000,quadtree_wse,central,luma,structure,wse,tensor,bilinear,spacing,none,none,cuda,0.0,constant,none,l1,none,adam,none,off,off,off,pyramid,none,sampled_add,off,target,off,off,none,strategy=quadtree_wse|tensor=central|tensor_color=luma|density=structure|sampling=wse|orientation=tensor|color=bilinear|scale=spacing|scale_cap=none|opacity=none|renderer=cuda|aa=0.0|color_basis=constant|color_solve=none|loss=l1|loss_weight=none|optimizer=adam|lr_schedule=none|refine_site=none|refine_primitive=sampled_add|refine_nms=off|refine_color=target|refine_prune=off|refine_relocate=off|state_seed=off|row_temper=off|support_fade=off|pyramid=pyramid,False,False,,,,ok,34.5329,0.95086,0.99033,,0.019536,30.24234741572303,observed,,{},,5000,1500,False,,1.5686724185943604,5.4842681884765625,7.052940607070923,0,,,,,,,,,,,,,none,0.0001,32,0,,none,1.0,,,0,False,0,0.25,,False,,10,,,,False,0,0,,,3.2552,,,pyramid_split_1500,,
kodim13,2000,0,2000,2000,aniso_onedge,central,luma,structure,wse,tensor,bilinear,spacing,none,none,cuda,0.0,constant,none,l1,none,adam,none,off,off,off,pyramid,none,sampled_add,off,target,off,off,none,strategy=aniso_onedge|tensor=central|tensor_color=luma|density=structure|sampling=wse|orientation=tensor|color=bilinear|scale=spacing|scale_cap=none|opacity=none|renderer=cuda|aa=0.0|color_basis=constant|color_solve=none|loss=l1|loss_weight=none|optimizer=adam|lr_schedule=none|refine_site=none|refine_primitive=sampled_add|refine_nms=off|refine_color=target|refine_prune=off|refine_relocate=off|state_seed=off|row_temper=off|support_fade=off|pyramid=pyramid,False,False,,,,ok,20.5919,0.50924,0.81709,,0.094991,19.721924434430285,observed,,{},,2000,1500,False,,0.2933900356292724,5.346482038497925,5.639872074127197,0,,,,,,,,,,,,,none,0.0001,32,0,,none,1.0,,,0,False,0,0.25,,False,,10,,,,False,0,0,,,1.3021,,,pyramid_split_1500,,
kodim13,2000,0,2000,2000,quadtree_wse,central,luma,structure,wse,tensor,bilinear,spacing,none,none,cuda,0.0,constant,none,l1,none,adam,none,off,off,off,pyramid,none,sampled_add,off,target,off,off,none,strategy=quadtree_wse|tensor=central|tensor_color=luma|density=structure|sampling=wse|orientation=tensor|color=bilinear|scale=spacing|scale_cap=none|opacity=none|renderer=cuda|aa=0.0|color_basis=constant|color_solve=none|loss=l1|loss_weight=none|optimizer=adam|lr_schedule=none|refine_site=none|refine_primitive=sampled_add|refine_nms=off|refine_color=target|refine_prune=off|refine_relocate=off|state_seed=off|row_temper=off|support_fade=off|pyramid=pyramid,False,False,,,,ok,20.6606,0.5079,0.81784,,0.094436,19.73753641508992,observed,,{},,2000,1500,False,,0.5746943950653076,5.552552700042725,6.127247095108032,0,,,,,,,,,,,,,none,0.0001,32,0,,none,1.0,,,0,False,0,0.25,,False,,10,,,,False,0,0,,,1.3021,,,pyramid_split_1500,,
kodim13,5000,0,5000,5000,aniso_onedge,central,luma,structure,wse,tensor,bilinear,spacing,none,none,cuda,0.0,constant,none,l1,none,adam,none,off,off,off,pyramid,none,sampled_add,off,target,off,off,none,strategy=aniso_onedge|tensor=central|tensor_color=luma|density=structure|sampling=wse|orientation=tensor|color=bilinear|scale=spacing|scale_cap=none|opacity=none|renderer=cuda|aa=0.0|color_basis=constant|color_solve=none|loss=l1|loss_weight=none|optimizer=adam|lr_schedule=none|refine_site=none|refine_primitive=sampled_add|refine_nms=off|refine_color=target|refine_prune=off|refine_relocate=off|state_seed=off|row_temper=off|support_fade=off|pyramid=pyramid,False,False,,,,ok,22.6886,0.65357,0.89606,,0.072652,21.223221249545396,observed,,{},,5000,1500,False,,0.8203113079071045,5.255638599395752,6.075949907302856,0,,,,,,,,,,,,,none,0.0001,32,0,,none,1.0,,,0,False,0,0.25,,False,,10,,,,False,0,0,,,3.2552,,,pyramid_split_1500,,
kodim13,5000,0,5000,5000,quadtree_wse,central,luma,structure,wse,tensor,bilinear,spacing,none,none,cuda,0.0,constant,none,l1,none,adam,none,off,off,off,pyramid,none,sampled_add,off,target,off,off,none,strategy=quadtree_wse|tensor=central|tensor_color=luma|density=structure|sampling=wse|orientation=tensor|color=bilinear|scale=spacing|scale_cap=none|opacity=none|renderer=cuda|aa=0.0|color_basis=constant|color_solve=none|loss=l1|loss_weight=none|optimizer=adam|lr_schedule=none|refine_site=none|refine_primitive=sampled_add|refine_nms=off|refine_color=target|refine_prune=off|refine_relocate=off|state_seed=off|row_temper=off|support_fade=off|pyramid=pyramid,False,False,,,,ok,22.6587,0.6495,0.89507,,0.072789,21.1808876994453,observed,,{},,5000,1500,False,,1.269916296005249,5.765066862106323,7.034983158111572,0,,,,,,,,,,,,,none,0.0001,32,0,,none,1.0,,,0,False,0,0.25,,False,,10,,,,False,0,0,,,3.2552,,,pyramid_split_1500,,
kodim19,2000,0,2000,2000,aniso_onedge,central,luma,structure,wse,tensor,bilinear,spacing,none,none,cuda,0.0,constant,none,l1,none,adam,none,off,off,off,pyramid,none,sampled_add,off,target,off,off,none,strategy=aniso_onedge|tensor=central|tensor_color=luma|density=structure|sampling=wse|orientation=tensor|color=bilinear|scale=spacing|scale_cap=none|opacity=none|renderer=cuda|aa=0.0|color_basis=constant|color_solve=none|loss=l1|loss_weight=none|optimizer=adam|lr_schedule=none|refine_site=none|refine_primitive=sampled_add|refine_nms=off|refine_color=target|refine_prune=off|refine_relocate=off|state_seed=off|row_temper=off|support_fade=off|pyramid=pyramid,False,False,,,,ok,27.8494,0.78409,0.92646,,0.04083,25.650596739531675,observed,,{},,2000,1500,False,,0.3745040893554687,5.424733400344849,5.799237489700317,0,,,,,,,,,,,,,none,0.0001,32,0,,none,1.0,,,0,False,0,0.25,,False,,10,,,,False,0,0,,,1.3021,,,pyramid_split_1500,,
kodim19,2000,0,2000,2000,quadtree_wse,central,luma,structure,wse,tensor,bilinear,spacing,none,none,cuda,0.0,constant,none,l1,none,adam,none,off,off,off,pyramid,none,sampled_add,off,target,off,off,none,strategy=quadtree_wse|tensor=central|tensor_color=luma|density=structure|sampling=wse|orientation=tensor|color=bilinear|scale=spacing|scale_cap=none|opacity=none|renderer=cuda|aa=0.0|color_basis=constant|color_solve=none|loss=l1|loss_weight=none|optimizer=adam|lr_schedule=none|refine_site=none|refine_primitive=sampled_add|refine_nms=off|refine_color=target|refine_prune=off|refine_relocate=off|state_seed=off|row_temper=off|support_fade=off|pyramid=pyramid,False,False,,,,ok,27.7448,0.78366,0.92427,,0.041537,25.561646351423004,observed,,{},,2000,1500,False,,0.6353702545166016,5.428826332092285,6.064196586608887,0,,,,,,,,,,,,,none,0.0001,32,0,,none,1.0,,,0,False,0,0.25,,False,,10,,,,False,0,0,,,1.3021,,,pyramid_split_1500,,
kodim19,5000,0,5000,5000,aniso_onedge,central,luma,structure,wse,tensor,bilinear,spacing,none,none,cuda,0.0,constant,none,l1,none,adam,none,off,off,off,pyramid,none,sampled_add,off,target,off,off,none,strategy=aniso_onedge|tensor=central|tensor_color=luma|density=structure|sampling=wse|orientation=tensor|color=bilinear|scale=spacing|scale_cap=none|opacity=none|renderer=cuda|aa=0.0|color_basis=constant|color_solve=none|loss=l1|loss_weight=none|optimizer=adam|lr_schedule=none|refine_site=none|refine_primitive=sampled_add|refine_nms=off|refine_color=target|refine_prune=off|refine_relocate=off|state_seed=off|row_temper=off|support_fade=off|pyramid=pyramid,False,False,,,,ok,31.2694,0.85606,0.96402,,0.026271,28.481836955176743,observed,,{},,5000,1500,False,,0.9747588634490968,6.1327784061431885,7.107537269592285,0,,,,,,,,,,,,,none,0.0001,32,0,,none,1.0,,,0,False,0,0.25,,False,,10,,,,False,0,0,,,3.2552,,,pyramid_split_1500,,
kodim19,5000,0,5000,5000,quadtree_wse,central,luma,structure,wse,tensor,bilinear,spacing,none,none,cuda,0.0,constant,none,l1,none,adam,none,off,off,off,pyramid,none,sampled_add,off,target,off,off,none,strategy=quadtree_wse|tensor=central|tensor_color=luma|density=structure|sampling=wse|orientation=tensor|color=bilinear|scale=spacing|scale_cap=none|opacity=none|renderer=cuda|aa=0.0|color_basis=constant|color_solve=none|loss=l1|loss_weight=none|optimizer=adam|lr_schedule=none|refine_site=none|refine_primitive=sampled_add|refine_nms=off|refine_color=target|refine_prune=off|refine_relocate=off|state_seed=off|row_temper=off|support_fade=off|pyramid=pyramid,False,False,,,,ok,31.252,0.85802,0.96437,,0.026279,28.387359114628463,observed,,{},,5000,1500,False,,1.2841136455535889,5.93076491355896,7.214878559112549,0,,,,,,,,,,,,,none,0.0001,32,0,,none,1.0,,,0,False,0,0.25,,False,,10,,,,False,0,0,,,3.2552,,,pyramid_split_1500,,
kodim01,2000,0,2000,2000,aniso_onedge,central,luma,structure,wse,tensor,bilinear,spacing,none,none,cuda,0.0,constant,none,l1,none,adam,none,off,off,off,pyramid,none,sampled_add,off,target,off,off,none,strategy=aniso_onedge|tensor=central|tensor_color=luma|density=structure|sampling=wse|orientation=tensor|color=bilinear|scale=spacing|scale_cap=none|opacity=none|renderer=cuda|aa=0.0|color_basis=constant|color_solve=none|loss=l1|loss_weight=none|optimizer=adam|lr_schedule=none|refine_site=none|refine_primitive=sampled_add|refine_nms=off|refine_color=target|refine_prune=off|refine_relocate=off|state_seed=off|row_temper=off|support_fade=off|pyramid=pyramid,False,False,,,,ok,23.9101,0.67142,0.88684,,0.060435,23.48845134376287,observed,,{},,2000,1500,False,,0.3489680290222168,5.302514553070068,5.651482582092285,0,,,,,,,,,,,,,none,0.0001,32,0,,none,1.0,,,0,False,0,0.25,,False,,10,,,,False,0,0,,,1.3021,,,pyramid_leveliters_150_1350,"[150, 1350]","[700, 1300]"
kodim01,2000,0,2000,2000,quadtree_wse,central,luma,structure,wse,tensor,bilinear,spacing,none,none,cuda,0.0,constant,none,l1,none,adam,none,off,off,off,pyramid,none,sampled_add,off,target,off,off,none,strategy=quadtree_wse|tensor=central|tensor_color=luma|density=structure|sampling=wse|orientation=tensor|color=bilinear|scale=spacing|scale_cap=none|opacity=none|renderer=cuda|aa=0.0|color_basis=constant|color_solve=none|loss=l1|loss_weight=none|optimizer=adam|lr_schedule=none|refine_site=none|refine_primitive=sampled_add|refine_nms=off|refine_color=target|refine_prune=off|refine_relocate=off|state_seed=off|row_temper=off|support_fade=off|pyramid=pyramid,False,False,,,,ok,23.7351,0.66919,0.88023,,0.060732,23.330094855972096,observed,,{},,2000,1500,False,,0.721961498260498,5.1539294719696045,5.875890970230103,0,,,,,,,,,,,,,none,0.0001,32,0,,none,1.0,,,0,False,0,0.25,,False,,10,,,,False,0,0,,,1.3021,,,pyramid_leveliters_150_1350,"[150, 1350]","[700, 1300]"
kodim01,5000,0,5000,5000,aniso_onedge,central,luma,structure,wse,tensor,bilinear,spacing,none,none,cuda,0.0,constant,none,l1,none,adam,none,off,off,off,pyramid,none,sampled_add,off,target,off,off,none,strategy=aniso_onedge|tensor=central|tensor_color=luma|density=structure|sampling=wse|orientation=tensor|color=bilinear|scale=spacing|scale_cap=none|opacity=none|renderer=cuda|aa=0.0|color_basis=constant|color_solve=none|loss=l1|loss_weight=none|optimizer=adam|lr_schedule=none|refine_site=none|refine_primitive=sampled_add|refine_nms=off|refine_color=target|refine_prune=off|refine_relocate=off|state_seed=off|row_temper=off|support_fade=off|pyramid=pyramid,False,False,,,,ok,26.302,0.78527,0.94419,,0.045747,25.485806218300603,observed,,{},,5000,1500,False,,0.8094520568847656,5.560667276382446,6.370119333267212,0,,,,,,,,,,,,,none,0.0001,32,0,,none,1.0,,,0,False,0,0.25,,False,,10,,,,False,0,0,,,3.2552,,,pyramid_leveliters_150_1350,"[150, 1350]","[1750, 3250]"
kodim01,5000,0,5000,5000,quadtree_wse,central,luma,structure,wse,tensor,bilinear,spacing,none,none,cuda,0.0,constant,none,l1,none,adam,none,off,off,off,pyramid,none,sampled_add,off,target,off,off,none,strategy=quadtree_wse|tensor=central|tensor_color=luma|density=structure|sampling=wse|orientation=tensor|color=bilinear|scale=spacing|scale_cap=none|opacity=none|renderer=cuda|aa=0.0|color_basis=constant|color_solve=none|loss=l1|loss_weight=none|optimizer=adam|lr_schedule=none|refine_site=none|refine_primitive=sampled_add|refine_nms=off|refine_color=target|refine_prune=off|refine_relocate=off|state_seed=off|row_temper=off|support_fade=off|pyramid=pyramid,False,False,,,,ok,26.2073,0.78182,0.94302,,0.045979,25.44626421861604,observed,,{},,5000,1500,False,,1.608447790145874,5.510696649551392,7.119144439697266,0,,,,,,,,,,,,,none,0.0001,32,0,,none,1.0,,,0,False,0,0.25,,False,,10,,,,False,0,0,,,3.2552,,,pyramid_leveliters_150_1350,"[150, 1350]","[1750, 3250]"
kodim07,2000,0,2000,2000,aniso_onedge,central,luma,structure,wse,tensor,bilinear,spacing,none,none,cuda,0.0,constant,none,l1,none,adam,none,off,off,off,pyramid,none,sampled_add,off,target,off,off,none,strategy=aniso_onedge|tensor=central|tensor_color=luma|density=structure|sampling=wse|orientation=tensor|color=bilinear|scale=spacing|scale_cap=none|opacity=none|renderer=cuda|aa=0.0|color_basis=constant|color_solve=none|loss=l1|loss_weight=none|optimizer=adam|lr_schedule=none|refine_site=none|refine_primitive=sampled_add|refine_nms=off|refine_color=target|refine_prune=off|refine_relocate=off|state_seed=off|row_temper=off|support_fade=off|pyramid=pyramid,False,False,,,,ok,27.7333,0.89033,0.95943,,0.039201,28.08983795987995,observed,,{},,2000,1500,False,,0.3200006484985351,5.22599983215332,5.546000480651856,0,,,,,,,,,,,,,none,0.0001,32,0,,none,1.0,,,0,False,0,0.25,,False,,10,,,,False,0,0,,,1.3021,,,pyramid_leveliters_150_1350,"[150, 1350]","[700, 1300]"
kodim07,2000,0,2000,2000,quadtree_wse,central,luma,structure,wse,tensor,bilinear,spacing,none,none,cuda,0.0,constant,none,l1,none,adam,none,off,off,off,pyramid,none,sampled_add,off,target,off,off,none,strategy=quadtree_wse|tensor=central|tensor_color=luma|density=structure|sampling=wse|orientation=tensor|color=bilinear|scale=spacing|scale_cap=none|opacity=none|renderer=cuda|aa=0.0|color_basis=constant|color_solve=none|loss=l1|loss_weight=none|optimizer=adam|lr_schedule=none|refine_site=none|refine_primitive=sampled_add|refine_nms=off|refine_color=target|refine_prune=off|refine_relocate=off|state_seed=off|row_temper=off|support_fade=off|pyramid=pyramid,False,False,,,,ok,28.4455,0.89339,0.96352,,0.035377,28.34836022324209,observed,,{},,2000,1500,False,,0.7107448577880859,5.387488126754761,6.098232984542847,0,,,,,,,,,,,,,none,0.0001,32,0,,none,1.0,,,0,False,0,0.25,,False,,10,,,,False,0,0,,,1.3021,,,pyramid_leveliters_150_1350,"[150, 1350]","[700, 1300]"
kodim07,5000,0,5000,5000,aniso_onedge,central,luma,structure,wse,tensor,bilinear,spacing,none,none,cuda,0.0,constant,none,l1,none,adam,none,off,off,off,pyramid,none,sampled_add,off,target,off,off,none,strategy=aniso_onedge|tensor=central|tensor_color=luma|density=structure|sampling=wse|orientation=tensor|color=bilinear|scale=spacing|scale_cap=none|opacity=none|renderer=cuda|aa=0.0|color_basis=constant|color_solve=none|loss=l1|loss_weight=none|optimizer=adam|lr_schedule=none|refine_site=none|refine_primitive=sampled_add|refine_nms=off|refine_color=target|refine_prune=off|refine_relocate=off|state_seed=off|row_temper=off|support_fade=off|pyramid=pyramid,False,False,,,,ok,35.041,0.95402,0.99119,,0.01822,33.18766636558976,observed,,{},,5000,1500,False,,0.8778069019317627,5.5765767097473145,6.454383611679077,0,,,,,,,,,,,,,none,0.0001,32,0,,none,1.0,,,0,False,0,0.25,,False,,10,,,,False,0,0,,,3.2552,,,pyramid_leveliters_150_1350,"[150, 1350]","[1750, 3250]"
kodim07,5000,0,5000,5000,quadtree_wse,central,luma,structure,wse,tensor,bilinear,spacing,none,none,cuda,0.0,constant,none,l1,none,adam,none,off,off,off,pyramid,none,sampled_add,off,target,off,off,none,strategy=quadtree_wse|tensor=central|tensor_color=luma|density=structure|sampling=wse|orientation=tensor|color=bilinear|scale=spacing|scale_cap=none|opacity=none|renderer=cuda|aa=0.0|color_basis=constant|color_solve=none|loss=l1|loss_weight=none|optimizer=adam|lr_schedule=none|refine_site=none|refine_primitive=sampled_add|refine_nms=off|refine_color=target|refine_prune=off|refine_relocate=off|state_seed=off|row_temper=off|support_fade=off|pyramid=pyramid,False,False,,,,ok,35.173,0.95429,0.99129,,0.018014,33.225459943062624,observed,,{},,5000,1500,False,,1.5673539638519287,5.766650199890137,7.334004163742065,0,,,,,,,,,,,,,none,0.0001,32,0,,none,1.0,,,0,False,0,0.25,,False,,10,,,,False,0,0,,,3.2552,,,pyramid_leveliters_150_1350,"[150, 1350]","[1750, 3250]"
kodim13,2000,0,2000,2000,aniso_onedge,central,luma,structure,wse,tensor,bilinear,spacing,none,none,cuda,0.0,constant,none,l1,none,adam,none,off,off,off,pyramid,none,sampled_add,off,target,off,off,none,strategy=aniso_onedge|tensor=central|tensor_color=luma|density=structure|sampling=wse|orientation=tensor|color=bilinear|scale=spacing|scale_cap=none|opacity=none|renderer=cuda|aa=0.0|color_basis=constant|color_solve=none|loss=l1|loss_weight=none|optimizer=adam|lr_schedule=none|refine_site=none|refine_primitive=sampled_add|refine_nms=off|refine_color=target|refine_prune=off|refine_relocate=off|state_seed=off|row_temper=off|support_fade=off|pyramid=pyramid,False,False,,,,ok,20.6176,0.51177,0.81969,,0.09517,20.266207059436518,observed,,{},,2000,1500,False,,0.3285398483276367,5.70342230796814,6.031962156295776,0,,,,,,,,,,,,,none,0.0001,32,0,,none,1.0,,,0,False,0,0.25,,False,,10,,,,False,0,0,,,1.3021,,,pyramid_leveliters_150_1350,"[150, 1350]","[700, 1300]"
kodim13,2000,0,2000,2000,quadtree_wse,central,luma,structure,wse,tensor,bilinear,spacing,none,none,cuda,0.0,constant,none,l1,none,adam,none,off,off,off,pyramid,none,sampled_add,off,target,off,off,none,strategy=quadtree_wse|tensor=central|tensor_color=luma|density=structure|sampling=wse|orientation=tensor|color=bilinear|scale=spacing|scale_cap=none|opacity=none|renderer=cuda|aa=0.0|color_basis=constant|color_solve=none|loss=l1|loss_weight=none|optimizer=adam|lr_schedule=none|refine_site=none|refine_primitive=sampled_add|refine_nms=off|refine_color=target|refine_prune=off|refine_relocate=off|state_seed=off|row_temper=off|support_fade=off|pyramid=pyramid,False,False,,,,ok,20.6409,0.50939,0.82119,,0.094741,20.250425836259005,observed,,{},,2000,1500,False,,0.606593132019043,6.1040003299713135,6.7105934619903564,0,,,,,,,,,,,,,none,0.0001,32,0,,none,1.0,,,0,False,0,0.25,,False,,10,,,,False,0,0,,,1.3021,,,pyramid_leveliters_150_1350,"[150, 1350]","[700, 1300]"
kodim13,5000,0,5000,5000,aniso_onedge,central,luma,structure,wse,tensor,bilinear,spacing,none,none,cuda,0.0,constant,none,l1,none,adam,none,off,off,off,pyramid,none,sampled_add,off,target,off,off,none,strategy=aniso_onedge|tensor=central|tensor_color=luma|density=structure|sampling=wse|orientation=tensor|color=bilinear|scale=spacing|scale_cap=none|opacity=none|renderer=cuda|aa=0.0|color_basis=constant|color_solve=none|loss=l1|loss_weight=none|optimizer=adam|lr_schedule=none|refine_site=none|refine_primitive=sampled_add|refine_nms=off|refine_color=target|refine_prune=off|refine_relocate=off|state_seed=off|row_temper=off|support_fade=off|pyramid=pyramid,False,False,,,,ok,22.7288,0.65591,0.89816,,0.071993,22.09210760423229,observed,,{},,5000,1500,False,,0.8997988700866699,6.107606649398804,7.007405519485474,0,,,,,,,,,,,,,none,0.0001,32,0,,none,1.0,,,0,False,0,0.25,,False,,10,,,,False,0,0,,,3.2552,,,pyramid_leveliters_150_1350,"[150, 1350]","[1750, 3250]"
kodim13,5000,0,5000,5000,quadtree_wse,central,luma,structure,wse,tensor,bilinear,spacing,none,none,cuda,0.0,constant,none,l1,none,adam,none,off,off,off,pyramid,none,sampled_add,off,target,off,off,none,strategy=quadtree_wse|tensor=central|tensor_color=luma|density=structure|sampling=wse|orientation=tensor|color=bilinear|scale=spacing|scale_cap=none|opacity=none|renderer=cuda|aa=0.0|color_basis=constant|color_solve=none|loss=l1|loss_weight=none|optimizer=adam|lr_schedule=none|refine_site=none|refine_primitive=sampled_add|refine_nms=off|refine_color=target|refine_prune=off|refine_relocate=off|state_seed=off|row_temper=off|support_fade=off|pyramid=pyramid,False,False,,,,ok,22.6911,0.65477,0.89653,,0.072404,22.06075622718918,observed,,{},,5000,1500,False,,1.315638780593872,6.241914987564087,7.557553768157959,0,,,,,,,,,,,,,none,0.0001,32,0,,none,1.0,,,0,False,0,0.25,,False,,10,,,,False,0,0,,,3.2552,,,pyramid_leveliters_150_1350,"[150, 1350]","[1750, 3250]"
kodim19,2000,0,2000,2000,aniso_onedge,central,luma,structure,wse,tensor,bilinear,spacing,none,none,cuda,0.0,constant,none,l1,none,adam,none,off,off,off,pyramid,none,sampled_add,off,target,off,off,none,strategy=aniso_onedge|tensor=central|tensor_color=luma|density=structure|sampling=wse|orientation=tensor|color=bilinear|scale=spacing|scale_cap=none|opacity=none|renderer=cuda|aa=0.0|color_basis=constant|color_solve=none|loss=l1|loss_weight=none|optimizer=adam|lr_schedule=none|refine_site=none|refine_primitive=sampled_add|refine_nms=off|refine_color=target|refine_prune=off|refine_relocate=off|state_seed=off|row_temper=off|support_fade=off|pyramid=pyramid,False,False,,,,ok,28.0632,0.78765,0.92706,,0.040095,27.07955471176239,observed,,{},,2000,1500,False,,0.3364462852478027,5.908025026321411,6.244471311569214,0,,,,,,,,,,,,,none,0.0001,32,0,,none,1.0,,,0,False,0,0.25,,False,,10,,,,False,0,0,,,1.3021,,,pyramid_leveliters_150_1350,"[150, 1350]","[700, 1300]"
kodim19,2000,0,2000,2000,quadtree_wse,central,luma,structure,wse,tensor,bilinear,spacing,none,none,cuda,0.0,constant,none,l1,none,adam,none,off,off,off,pyramid,none,sampled_add,off,target,off,off,none,strategy=quadtree_wse|tensor=central|tensor_color=luma|density=structure|sampling=wse|orientation=tensor|color=bilinear|scale=spacing|scale_cap=none|opacity=none|renderer=cuda|aa=0.0|color_basis=constant|color_solve=none|loss=l1|loss_weight=none|optimizer=adam|lr_schedule=none|refine_site=none|refine_primitive=sampled_add|refine_nms=off|refine_color=target|refine_prune=off|refine_relocate=off|state_seed=off|row_temper=off|support_fade=off|pyramid=pyramid,False,False,,,,ok,28.1841,0.78677,0.92701,,0.040114,26.98927645527418,observed,,{},,2000,1500,False,,0.6435596942901611,5.673535108566284,6.317094802856445,0,,,,,,,,,,,,,none,0.0001,32,0,,none,1.0,,,0,False,0,0.25,,False,,10,,,,False,0,0,,,1.3021,,,pyramid_leveliters_150_1350,"[150, 1350]","[700, 1300]"
kodim19,5000,0,5000,5000,aniso_onedge,central,luma,structure,wse,tensor,bilinear,spacing,none,none,cuda,0.0,constant,none,l1,none,adam,none,off,off,off,pyramid,none,sampled_add,off,target,off,off,none,strategy=aniso_onedge|tensor=central|tensor_color=luma|density=structure|sampling=wse|orientation=tensor|color=bilinear|scale=spacing|scale_cap=none|opacity=none|renderer=cuda|aa=0.0|color_basis=constant|color_solve=none|loss=l1|loss_weight=none|optimizer=adam|lr_schedule=none|refine_site=none|refine_primitive=sampled_add|refine_nms=off|refine_color=target|refine_prune=off|refine_relocate=off|state_seed=off|row_temper=off|support_fade=off|pyramid=pyramid,False,False,,,,ok,31.2547,0.85515,0.96357,,0.026064,29.99207442947194,observed,,{},,5000,1500,False,,0.8626401424407959,6.722237348556519,7.584877490997314,0,,,,,,,,,,,,,none,0.0001,32,0,,none,1.0,,,0,False,0,0.25,,False,,10,,,,False,0,0,,,3.2552,,,pyramid_leveliters_150_1350,"[150, 1350]","[1750, 3250]"
kodim19,5000,0,5000,5000,quadtree_wse,central,luma,structure,wse,tensor,bilinear,spacing,none,none,cuda,0.0,constant,none,l1,none,adam,none,off,off,off,pyramid,none,sampled_add,off,target,off,off,none,strategy=quadtree_wse|tensor=central|tensor_color=luma|density=structure|sampling=wse|orientation=tensor|color=bilinear|scale=spacing|scale_cap=none|opacity=none|renderer=cuda|aa=0.0|color_basis=constant|color_solve=none|loss=l1|loss_weight=none|optimizer=adam|lr_schedule=none|refine_site=none|refine_primitive=sampled_add|refine_nms=off|refine_color=target|refine_prune=off|refine_relocate=off|state_seed=off|row_temper=off|support_fade=off|pyramid=pyramid,False,False,,,,ok,31.3258,0.85691,0.96316,,0.025788,30.019452142111057,observed,,{},,5000,1500,False,,1.3583259582519531,6.644978046417236,8.00330400466919,0,,,,,,,,,,,,,none,0.0001,32,0,,none,1.0,,,0,False,0,0.25,,False,,10,,,,False,0,0,,,3.2552,,,pyramid_leveliters_150_1350,"[150, 1350]","[1750, 3250]"
kodim01,2000,0,2000,2000,aniso_onedge,central,luma,structure,wse,tensor,bilinear,spacing,none,none,cuda,0.0,constant,none,l1,none,adam,none,off,off,off,pyramid,none,sampled_add,off,target,off,off,none,strategy=aniso_onedge|tensor=central|tensor_color=luma|density=structure|sampling=wse|orientation=tensor|color=bilinear|scale=spacing|scale_cap=none|opacity=none|renderer=cuda|aa=0.0|color_basis=constant|color_solve=none|loss=l1|loss_weight=none|optimizer=adam|lr_schedule=none|refine_site=none|refine_primitive=sampled_add|refine_nms=off|refine_color=target|refine_prune=off|refine_relocate=off|state_seed=off|row_temper=off|support_fade=off|pyramid=pyramid,False,False,,,,ok,23.9705,0.67595,0.88996,,0.060762,23.40601036435688,observed,,{},,2000,1500,False,,0.8972954750061035,5.840288639068604,6.737584114074707,0,,,,,,,,,,,,,none,0.0001,32,0,,none,1.0,,,0,False,0,0.25,,False,,10,,,,False,0,0,,,1.3021,,,pyramid_leveliters_200_1300,"[200, 1300]","[700, 1300]"
kodim01,2000,0,2000,2000,quadtree_wse,central,luma,structure,wse,tensor,bilinear,spacing,none,none,cuda,0.0,constant,none,l1,none,adam,none,off,off,off,pyramid,none,sampled_add,off,target,off,off,none,strategy=quadtree_wse|tensor=central|tensor_color=luma|density=structure|sampling=wse|orientation=tensor|color=bilinear|scale=spacing|scale_cap=none|opacity=none|renderer=cuda|aa=0.0|color_basis=constant|color_solve=none|loss=l1|loss_weight=none|optimizer=adam|lr_schedule=none|refine_site=none|refine_primitive=sampled_add|refine_nms=off|refine_color=target|refine_prune=off|refine_relocate=off|state_seed=off|row_temper=off|support_fade=off|pyramid=pyramid,False,False,,,,ok,23.6893,0.67102,0.88272,,0.061041,23.157751078284367,observed,,{},,2000,1500,False,,0.7106547355651855,4.870802879333496,5.581457614898682,0,,,,,,,,,,,,,none,0.0001,32,0,,none,1.0,,,0,False,0,0.25,,False,,10,,,,False,0,0,,,1.3021,,,pyramid_leveliters_200_1300,"[200, 1300]","[700, 1300]"
kodim01,5000,0,5000,5000,aniso_onedge,central,luma,structure,wse,tensor,bilinear,spacing,none,none,cuda,0.0,constant,none,l1,none,adam,none,off,off,off,pyramid,none,sampled_add,off,target,off,off,none,strategy=aniso_onedge|tensor=central|tensor_color=luma|density=structure|sampling=wse|orientation=tensor|color=bilinear|scale=spacing|scale_cap=none|opacity=none|renderer=cuda|aa=0.0|color_basis=constant|color_solve=none|loss=l1|loss_weight=none|optimizer=adam|lr_schedule=none|refine_site=none|refine_primitive=sampled_add|refine_nms=off|refine_color=target|refine_prune=off|refine_relocate=off|state_seed=off|row_temper=off|support_fade=off|pyramid=pyramid,False,False,,,,ok,26.2269,0.78392,0.94404,,0.045868,25.375091242265352,observed,,{},,5000,1500,False,,0.7657561302185059,5.044231176376343,5.809987306594849,0,,,,,,,,,,,,,none,0.0001,32,0,,none,1.0,,,0,False,0,0.25,,False,,10,,,,False,0,0,,,3.2552,,,pyramid_leveliters_200_1300,"[200, 1300]","[1750, 3250]"
kodim01,5000,0,5000,5000,quadtree_wse,central,luma,structure,wse,tensor,bilinear,spacing,none,none,cuda,0.0,constant,none,l1,none,adam,none,off,off,off,pyramid,none,sampled_add,off,target,off,off,none,strategy=quadtree_wse|tensor=central|tensor_color=luma|density=structure|sampling=wse|orientation=tensor|color=bilinear|scale=spacing|scale_cap=none|opacity=none|renderer=cuda|aa=0.0|color_basis=constant|color_solve=none|loss=l1|loss_weight=none|optimizer=adam|lr_schedule=none|refine_site=none|refine_primitive=sampled_add|refine_nms=off|refine_color=target|refine_prune=off|refine_relocate=off|state_seed=off|row_temper=off|support_fade=off|pyramid=pyramid,False,False,,,,ok,26.0463,0.78298,0.94167,,0.04606,25.290830554923986,observed,,{},,5000,1500,False,,1.57401442527771,4.990396499633789,6.564410924911499,0,,,,,,,,,,,,,none,0.0001,32,0,,none,1.0,,,0,False,0,0.25,,False,,10,,,,False,0,0,,,3.2552,,,pyramid_leveliters_200_1300,"[200, 1300]","[1750, 3250]"
kodim07,2000,0,2000,2000,aniso_onedge,central,luma,structure,wse,tensor,bilinear,spacing,none,none,cuda,0.0,constant,none,l1,none,adam,none,off,off,off,pyramid,none,sampled_add,off,target,off,off,none,strategy=aniso_onedge|tensor=central|tensor_color=luma|density=structure|sampling=wse|orientation=tensor|color=bilinear|scale=spacing|scale_cap=none|opacity=none|renderer=cuda|aa=0.0|color_basis=constant|color_solve=none|loss=l1|loss_weight=none|optimizer=adam|lr_schedule=none|refine_site=none|refine_primitive=sampled_add|refine_nms=off|refine_color=target|refine_prune=off|refine_relocate=off|state_seed=off|row_temper=off|support_fade=off|pyramid=pyramid,False,False,,,,ok,26.3028,0.88578,0.95126,,0.037624,27.641324762187853,observed,,{},,2000,1500,False,,0.316685676574707,5.393197298049927,5.709882974624634,0,,,,,,,,,,,,,none,0.0001,32,0,,none,1.0,,,0,False,0,0.25,,False,,10,,,,False,0,0,,,1.3021,,,pyramid_leveliters_200_1300,"[200, 1300]","[700, 1300]"
kodim07,2000,0,2000,2000,quadtree_wse,central,luma,structure,wse,tensor,bilinear,spacing,none,none,cuda,0.0,constant,none,l1,none,adam,none,off,off,off,pyramid,none,sampled_add,off,target,off,off,none,strategy=quadtree_wse|tensor=central|tensor_color=luma|density=structure|sampling=wse|orientation=tensor|color=bilinear|scale=spacing|scale_cap=none|opacity=none|renderer=cuda|aa=0.0|color_basis=constant|color_solve=none|loss=l1|loss_weight=none|optimizer=adam|lr_schedule=none|refine_site=none|refine_primitive=sampled_add|refine_nms=off|refine_color=target|refine_prune=off|refine_relocate=off|state_seed=off|row_temper=off|support_fade=off|pyramid=pyramid,False,False,,,,ok,28.7526,0.89492,0.96415,,0.035196,28.261346423204454,observed,,{},,2000,1500,False,,0.7172822952270508,5.400979280471802,6.1182615756988525,0,,,,,,,,,,,,,none,0.0001,32,0,,none,1.0,,,0,False,0,0.25,,False,,10,,,,False,0,0,,,1.3021,,,pyramid_leveliters_200_1300,"[200, 1300]","[700, 1300]"
kodim07,5000,0,5000,5000,aniso_onedge,central,luma,structure,wse,tensor,bilinear,spacing,none,none,cuda,0.0,constant,none,l1,none,adam,none,off,off,off,pyramid,none,sampled_add,off,target,off,off,none,strategy=aniso_onedge|tensor=central|tensor_color=luma|density=structure|sampling=wse|orientation=tensor|color=bilinear|scale=spacing|scale_cap=none|opacity=none|renderer=cuda|aa=0.0|color_basis=constant|color_solve=none|loss=l1|loss_weight=none|optimizer=adam|lr_schedule=none|refine_site=none|refine_primitive=sampled_add|refine_nms=off|refine_color=target|refine_prune=off|refine_relocate=off|state_seed=off|row_temper=off|support_fade=off|pyramid=pyramid,False,False,,,,ok,34.9957,0.9539,0.9911,,0.018467,32.977604923286464,observed,,{},,5000,1500,False,,0.860105037689209,5.611672878265381,6.47177791595459,0,,,,,,,,,,,,,none,0.0001,32,0,,none,1.0,,,0,False,0,0.25,,False,,10,,,,False,0,0,,,3.2552,,,pyramid_leveliters_200_1300,"[200, 1300]","[1750, 3250]"
kodim07,5000,0,5000,5000,quadtree_wse,central,luma,structure,wse,tensor,bilinear,spacing,none,none,cuda,0.0,constant,none,l1,none,adam,none,off,off,off,pyramid,none,sampled_add,off,target,off,off,none,strategy=quadtree_wse|tensor=central|tensor_color=luma|density=structure|sampling=wse|orientation=tensor|color=bilinear|scale=spacing|scale_cap=none|opacity=none|renderer=cuda|aa=0.0|color_basis=constant|color_solve=none|loss=l1|loss_weight=none|optimizer=adam|lr_schedule=none|refine_site=none|refine_primitive=sampled_add|refine_nms=off|refine_color=target|refine_prune=off|refine_relocate=off|state_seed=off|row_temper=off|support_fade=off|pyramid=pyramid,False,False,,,,ok,35.1729,0.95453,0.99124,,0.018044,33.05129061260567,observed,,{},,5000,1500,False,,1.5548114776611328,5.749868631362915,7.304680109024048,0,,,,,,,,,,,,,none,0.0001,32,0,,none,1.0,,,0,False,0,0.25,,False,,10,,,,False,0,0,,,3.2552,,,pyramid_leveliters_200_1300,"[200, 1300]","[1750, 3250]"
kodim13,2000,0,2000,2000,aniso_onedge,central,luma,structure,wse,tensor,bilinear,spacing,none,none,cuda,0.0,constant,none,l1,none,adam,none,off,off,off,pyramid,none,sampled_add,off,target,off,off,none,strategy=aniso_onedge|tensor=central|tensor_color=luma|density=structure|sampling=wse|orientation=tensor|color=bilinear|scale=spacing|scale_cap=none|opacity=none|renderer=cuda|aa=0.0|color_basis=constant|color_solve=none|loss=l1|loss_weight=none|optimizer=adam|lr_schedule=none|refine_site=none|refine_primitive=sampled_add|refine_nms=off|refine_color=target|refine_prune=off|refine_relocate=off|state_seed=off|row_temper=off|support_fade=off|pyramid=pyramid,False,False,,,,ok,20.6826,0.51323,0.82231,,0.094582,20.248571937286197,observed,,{},,2000,1500,False,,0.3213982582092285,5.813108205795288,6.134506464004517,0,,,,,,,,,,,,,none,0.0001,32,0,,none,1.0,,,0,False,0,0.25,,False,,10,,,,False,0,0,,,1.3021,,,pyramid_leveliters_200_1300,"[200, 1300]","[700, 1300]"
kodim13,2000,0,2000,2000,quadtree_wse,central,luma,structure,wse,tensor,bilinear,spacing,none,none,cuda,0.0,constant,none,l1,none,adam,none,off,off,off,pyramid,none,sampled_add,off,target,off,off,none,strategy=quadtree_wse|tensor=central|tensor_color=luma|density=structure|sampling=wse|orientation=tensor|color=bilinear|scale=spacing|scale_cap=none|opacity=none|renderer=cuda|aa=0.0|color_basis=constant|color_solve=none|loss=l1|loss_weight=none|optimizer=adam|lr_schedule=none|refine_site=none|refine_primitive=sampled_add|refine_nms=off|refine_color=target|refine_prune=off|refine_relocate=off|state_seed=off|row_temper=off|support_fade=off|pyramid=pyramid,False,False,,,,ok,20.6637,0.51242,0.82014,,0.09463,20.23573307803347,observed,,{},,2000,1500,False,,0.6052014827728271,5.761583089828491,6.366784572601318,0,,,,,,,,,,,,,none,0.0001,32,0,,none,1.0,,,0,False,0,0.25,,False,,10,,,,False,0,0,,,1.3021,,,pyramid_leveliters_200_1300,"[200, 1300]","[700, 1300]"
kodim13,5000,0,5000,5000,aniso_onedge,central,luma,structure,wse,tensor,bilinear,spacing,none,none,cuda,0.0,constant,none,l1,none,adam,none,off,off,off,pyramid,none,sampled_add,off,target,off,off,none,strategy=aniso_onedge|tensor=central|tensor_color=luma|density=structure|sampling=wse|orientation=tensor|color=bilinear|scale=spacing|scale_cap=none|opacity=none|renderer=cuda|aa=0.0|color_basis=constant|color_solve=none|loss=l1|loss_weight=none|optimizer=adam|lr_schedule=none|refine_site=none|refine_primitive=sampled_add|refine_nms=off|refine_color=target|refine_prune=off|refine_relocate=off|state_seed=off|row_temper=off|support_fade=off|pyramid=pyramid,False,False,,,,ok,22.7485,0.65655,0.89845,,0.072057,22.03813531034545,observed,,{},,5000,1500,False,,0.9317195415496826,6.033044815063477,6.964764356613159,0,,,,,,,,,,,,,none,0.0001,32,0,,none,1.0,,,0,False,0,0.25,,False,,10,,,,False,0,0,,,3.2552,,,pyramid_leveliters_200_1300,"[200, 1300]","[1750, 3250]"
kodim13,5000,0,5000,5000,quadtree_wse,central,luma,structure,wse,tensor,bilinear,spacing,none,none,cuda,0.0,constant,none,l1,none,adam,none,off,off,off,pyramid,none,sampled_add,off,target,off,off,none,strategy=quadtree_wse|tensor=central|tensor_color=luma|density=structure|sampling=wse|orientation=tensor|color=bilinear|scale=spacing|scale_cap=none|opacity=none|renderer=cuda|aa=0.0|color_basis=constant|color_solve=none|loss=l1|loss_weight=none|optimizer=adam|lr_schedule=none|refine_site=none|refine_primitive=sampled_add|refine_nms=off|refine_color=target|refine_prune=off|refine_relocate=off|state_seed=off|row_temper=off|support_fade=off|pyramid=pyramid,False,False,,,,ok,22.684,0.65266,0.8953,,0.072276,21.992605437112697,observed,,{},,5000,1500,False,,1.312944412231445,6.09586501121521,7.408809423446655,0,,,,,,,,,,,,,none,0.0001,32,0,,none,1.0,,,0,False,0,0.25,,False,,10,,,,False,0,0,,,3.2552,,,pyramid_leveliters_200_1300,"[200, 1300]","[1750, 3250]"
kodim19,2000,0,2000,2000,aniso_onedge,central,luma,structure,wse,tensor,bilinear,spacing,none,none,cuda,0.0,constant,none,l1,none,adam,none,off,off,off,pyramid,none,sampled_add,off,target,off,off,none,strategy=aniso_onedge|tensor=central|tensor_color=luma|density=structure|sampling=wse|orientation=tensor|color=bilinear|scale=spacing|scale_cap=none|opacity=none|renderer=cuda|aa=0.0|color_basis=constant|color_solve=none|loss=l1|loss_weight=none|optimizer=adam|lr_schedule=none|refine_site=none|refine_primitive=sampled_add|refine_nms=off|refine_color=target|refine_prune=off|refine_relocate=off|state_seed=off|row_temper=off|support_fade=off|pyramid=pyramid,False,False,,,,ok,28.0292,0.78661,0.92571,,0.0402,26.9980095582775,observed,,{},,2000,1500,False,,0.3631100654602051,5.6848790645599365,6.047989130020142,0,,,,,,,,,,,,,none,0.0001,32,0,,none,1.0,,,0,False,0,0.25,,False,,10,,,,False,0,0,,,1.3021,,,pyramid_leveliters_200_1300,"[200, 1300]","[700, 1300]"
kodim19,2000,0,2000,2000,quadtree_wse,central,luma,structure,wse,tensor,bilinear,spacing,none,none,cuda,0.0,constant,none,l1,none,adam,none,off,off,off,pyramid,none,sampled_add,off,target,off,off,none,strategy=quadtree_wse|tensor=central|tensor_color=luma|density=structure|sampling=wse|orientation=tensor|color=bilinear|scale=spacing|scale_cap=none|opacity=none|renderer=cuda|aa=0.0|color_basis=constant|color_solve=none|loss=l1|loss_weight=none|optimizer=adam|lr_schedule=none|refine_site=none|refine_primitive=sampled_add|refine_nms=off|refine_color=target|refine_prune=off|refine_relocate=off|state_seed=off|row_temper=off|support_fade=off|pyramid=pyramid,False,False,,,,ok,27.9687,0.78402,0.92489,,0.039825,26.8389623876092,observed,,{},,2000,1500,False,,0.6627304553985596,5.696821451187134,6.359551906585693,0,,,,,,,,,,,,,none,0.0001,32,0,,none,1.0,,,0,False,0,0.25,,False,,10,,,,False,0,0,,,1.3021,,,pyramid_leveliters_200_1300,"[200, 1300]","[700, 1300]"
kodim19,5000,0,5000,5000,aniso_onedge,central,luma,structure,wse,tensor,bilinear,spacing,none,none,cuda,0.0,constant,none,l1,none,adam,none,off,off,off,pyramid,none,sampled_add,off,target,off,off,none,strategy=aniso_onedge|tensor=central|tensor_color=luma|density=structure|sampling=wse|orientation=tensor|color=bilinear|scale=spacing|scale_cap=none|opacity=none|renderer=cuda|aa=0.0|color_basis=constant|color_solve=none|loss=l1|loss_weight=none|optimizer=adam|lr_schedule=none|refine_site=none|refine_primitive=sampled_add|refine_nms=off|refine_color=target|refine_prune=off|refine_relocate=off|state_seed=off|row_temper=off|support_fade=off|pyramid=pyramid,False,False,,,,ok,31.1971,0.85454,0.96309,,0.026292,29.836059654291827,observed,,{},,5000,1500,False,,0.8358004093170166,6.654516696929932,7.490317106246948,0,,,,,,,,,,,,,none,0.0001,32,0,,none,1.0,,,0,False,0,0.25,,False,,10,,,,False,0,0,,,3.2552,,,pyramid_leveliters_200_1300,"[200, 1300]","[1750, 3250]"
kodim19,5000,0,5000,5000,quadtree_wse,central,luma,structure,wse,tensor,bilinear,spacing,none,none,cuda,0.0,constant,none,l1,none,adam,none,off,off,off,pyramid,none,sampled_add,off,target,off,off,none,strategy=quadtree_wse|tensor=central|tensor_color=luma|density=structure|sampling=wse|orientation=tensor|color=bilinear|scale=spacing|scale_cap=none|opacity=none|renderer=cuda|aa=0.0|color_basis=constant|color_solve=none|loss=l1|loss_weight=none|optimizer=adam|lr_schedule=none|refine_site=none|refine_primitive=sampled_add|refine_nms=off|refine_color=target|refine_prune=off|refine_relocate=off|state_seed=off|row_temper=off|support_fade=off|pyramid=pyramid,False,False,,,,ok,31.2749,0.85753,0.96355,,0.025972,29.87386523253764,observed,,{},,5000,1500,False,,1.3569538593292236,6.365276336669922,7.7222301959991455,0,,,,,,,,,,,,,none,0.0001,32,0,,none,1.0,,,0,False,0,0.25,,False,,10,,,,False,0,0,,,3.2552,,,pyramid_leveliters_200_1300,"[200, 1300]","[1750, 3250]"
kodim01,2000,0,2000,2000,aniso_onedge,central,luma,structure,wse,tensor,bilinear,spacing,none,none,cuda,0.0,constant,none,l1,none,adam,none,off,off,off,pyramid,none,sampled_add,off,target,off,off,none,strategy=aniso_onedge|tensor=central|tensor_color=luma|density=structure|sampling=wse|orientation=tensor|color=bilinear|scale=spacing|scale_cap=none|opacity=none|renderer=cuda|aa=0.0|color_basis=constant|color_solve=none|loss=l1|loss_weight=none|optimizer=adam|lr_schedule=none|refine_site=none|refine_primitive=sampled_add|refine_nms=off|refine_color=target|refine_prune=off|refine_relocate=off|state_seed=off|row_temper=off|support_fade=off|pyramid=pyramid,False,False,,,,ok,24.0346,0.67515,0.8882,,0.060678,23.261070855225302,observed,,{},,2000,1500,False,,1.023374319076538,5.772429943084717,6.795804262161255,0,,,,,,,,,,,,,none,0.0001,32,0,,none,1.0,,,0,False,0,0.25,,False,,10,,,,False,0,0,,,1.3021,,,pyramid_leveliters_300_1200,"[300, 1200]","[700, 1300]"
kodim01,2000,0,2000,2000,quadtree_wse,central,luma,structure,wse,tensor,bilinear,spacing,none,none,cuda,0.0,constant,none,l1,none,adam,none,off,off,off,pyramid,none,sampled_add,off,target,off,off,none,strategy=quadtree_wse|tensor=central|tensor_color=luma|density=structure|sampling=wse|orientation=tensor|color=bilinear|scale=spacing|scale_cap=none|opacity=none|renderer=cuda|aa=0.0|color_basis=constant|color_solve=none|loss=l1|loss_weight=none|optimizer=adam|lr_schedule=none|refine_site=none|refine_primitive=sampled_add|refine_nms=off|refine_color=target|refine_prune=off|refine_relocate=off|state_seed=off|row_temper=off|support_fade=off|pyramid=pyramid,False,False,,,,ok,23.2227,0.66586,0.87496,,0.061953,22.98983415561648,observed,,{},,2000,1500,False,,0.6822552680969238,5.118197679519653,5.800452947616577,0,,,,,,,,,,,,,none,0.0001,32,0,,none,1.0,,,0,False,0,0.25,,False,,10,,,,False,0,0,,,1.3021,,,pyramid_leveliters_300_1200,"[300, 1200]","[700, 1300]"
kodim01,5000,0,5000,5000,aniso_onedge,central,luma,structure,wse,tensor,bilinear,spacing,none,none,cuda,0.0,constant,none,l1,none,adam,none,off,off,off,pyramid,none,sampled_add,off,target,off,off,none,strategy=aniso_onedge|tensor=central|tensor_color=luma|density=structure|sampling=wse|orientation=tensor|color=bilinear|scale=spacing|scale_cap=none|opacity=none|renderer=cuda|aa=0.0|color_basis=constant|color_solve=none|loss=l1|loss_weight=none|optimizer=adam|lr_schedule=none|refine_site=none|refine_primitive=sampled_add|refine_nms=off|refine_color=target|refine_prune=off|refine_relocate=off|state_seed=off|row_temper=off|support_fade=off|pyramid=pyramid,False,False,,,,ok,26.2558,0.78461,0.94395,,0.045677,25.22578425785953,observed,,{},,5000,1500,False,,0.7566452026367188,4.90607500076294,5.662720203399658,0,,,,,,,,,,,,,none,0.0001,32,0,,none,1.0,,,0,False,0,0.25,,False,,10,,,,False,0,0,,,3.2552,,,pyramid_leveliters_300_1200,"[300, 1200]","[1750, 3250]"
kodim01,5000,0,5000,5000,quadtree_wse,central,luma,structure,wse,tensor,bilinear,spacing,none,none,cuda,0.0,constant,none,l1,none,adam,none,off,off,off,pyramid,none,sampled_add,off,target,off,off,none,strategy=quadtree_wse|tensor=central|tensor_color=luma|density=structure|sampling=wse|orientation=tensor|color=bilinear|scale=spacing|scale_cap=none|opacity=none|renderer=cuda|aa=0.0|color_basis=constant|color_solve=none|loss=l1|loss_weight=none|optimizer=adam|lr_schedule=none|refine_site=none|refine_primitive=sampled_add|refine_nms=off|refine_color=target|refine_prune=off|refine_relocate=off|state_seed=off|row_temper=off|support_fade=off|pyramid=pyramid,False,False,,,,ok,26.1206,0.78142,0.94112,,0.045804,25.173765931310776,observed,,{},,5000,1500,False,,1.5067918300628662,4.994970083236694,6.5017619132995605,0,,,,,,,,,,,,,none,0.0001,32,0,,none,1.0,,,0,False,0,0.25,,False,,10,,,,False,0,0,,,3.2552,,,pyramid_leveliters_300_1200,"[300, 1200]","[1750, 3250]"
kodim07,2000,0,2000,2000,aniso_onedge,central,luma,structure,wse,tensor,bilinear,spacing,none,none,cuda,0.0,constant,none,l1,none,adam,none,off,off,off,pyramid,none,sampled_add,off,target,off,off,none,strategy=aniso_onedge|tensor=central|tensor_color=luma|density=structure|sampling=wse|orientation=tensor|color=bilinear|scale=spacing|scale_cap=none|opacity=none|renderer=cuda|aa=0.0|color_basis=constant|color_solve=none|loss=l1|loss_weight=none|optimizer=adam|lr_schedule=none|refine_site=none|refine_primitive=sampled_add|refine_nms=off|refine_color=target|refine_prune=off|refine_relocate=off|state_seed=off|row_temper=off|support_fade=off|pyramid=pyramid,False,False,,,,ok,27.8274,0.89014,0.95931,,0.036546,27.73752369667547,observed,,{},,2000,1500,False,,0.3038396835327148,5.416913747787476,5.72075343132019,0,,,,,,,,,,,,,none,0.0001,32,0,,none,1.0,,,0,False,0,0.25,,False,,10,,,,False,0,0,,,1.3021,,,pyramid_leveliters_300_1200,"[300, 1200]","[700, 1300]"
kodim07,2000,0,2000,2000,quadtree_wse,central,luma,structure,wse,tensor,bilinear,spacing,none,none,cuda,0.0,constant,none,l1,none,adam,none,off,off,off,pyramid,none,sampled_add,off,target,off,off,none,strategy=quadtree_wse|tensor=central|tensor_color=luma|density=structure|sampling=wse|orientation=tensor|color=bilinear|scale=spacing|scale_cap=none|opacity=none|renderer=cuda|aa=0.0|color_basis=constant|color_solve=none|loss=l1|loss_weight=none|optimizer=adam|lr_schedule=none|refine_site=none|refine_primitive=sampled_add|refine_nms=off|refine_color=target|refine_prune=off|refine_relocate=off|state_seed=off|row_temper=off|support_fade=off|pyramid=pyramid,False,False,,,,ok,28.0822,0.89279,0.96225,,0.034876,27.72470340003484,observed,,{},,2000,1500,False,,0.7892169952392578,5.260390281677246,6.049607276916504,0,,,,,,,,,,,,,none,0.0001,32,0,,none,1.0,,,0,False,0,0.25,,False,,10,,,,False,0,0,,,1.3021,,,pyramid_leveliters_300_1200,"[300, 1200]","[700, 1300]"
kodim07,5000,0,5000,5000,aniso_onedge,central,luma,structure,wse,tensor,bilinear,spacing,none,none,cuda,0.0,constant,none,l1,none,adam,none,off,off,off,pyramid,none,sampled_add,off,target,off,off,none,strategy=aniso_onedge|tensor=central|tensor_color=luma|density=structure|sampling=wse|orientation=tensor|color=bilinear|scale=spacing|scale_cap=none|opacity=none|renderer=cuda|aa=0.0|color_basis=constant|color_solve=none|loss=l1|loss_weight=none|optimizer=adam|lr_schedule=none|refine_site=none|refine_primitive=sampled_add|refine_nms=off|refine_color=target|refine_prune=off|refine_relocate=off|state_seed=off|row_temper=off|support_fade=off|pyramid=pyramid,False,False,,,,ok,34.8299,0.9544,0.99115,,0.018499,32.56920967712809,observed,,{},,5000,1500,False,,0.8202080726623535,5.753923177719116,6.57413125038147,0,,,,,,,,,,,,,none,0.0001,32,0,,none,1.0,,,0,False,0,0.25,,False,,10,,,,False,0,0,,,3.2552,,,pyramid_leveliters_300_1200,"[300, 1200]","[1750, 3250]"
kodim07,5000,0,5000,5000,quadtree_wse,central,luma,structure,wse,tensor,bilinear,spacing,none,none,cuda,0.0,constant,none,l1,none,adam,none,off,off,off,pyramid,none,sampled_add,off,target,off,off,none,strategy=quadtree_wse|tensor=central|tensor_color=luma|density=structure|sampling=wse|orientation=tensor|color=bilinear|scale=spacing|scale_cap=none|opacity=none|renderer=cuda|aa=0.0|color_basis=constant|color_solve=none|loss=l1|loss_weight=none|optimizer=adam|lr_schedule=none|refine_site=none|refine_primitive=sampled_add|refine_nms=off|refine_color=target|refine_prune=off|refine_relocate=off|state_seed=off|row_temper=off|support_fade=off|pyramid=pyramid,False,False,,,,ok,35.0058,0.95405,0.99107,,0.018136,32.52027761180692,observed,,{},,5000,1500,False,,1.622781753540039,5.698851823806763,7.321633577346802,0,,,,,,,,,,,,,none,0.0001,32,0,,none,1.0,,,0,False,0,0.25,,False,,10,,,,False,0,0,,,3.2552,,,pyramid_leveliters_300_1200,"[300, 1200]","[1750, 3250]"
kodim13,2000,0,2000,2000,aniso_onedge,central,luma,structure,wse,tensor,bilinear,spacing,none,none,cuda,0.0,constant,none,l1,none,adam,none,off,off,off,pyramid,none,sampled_add,off,target,off,off,none,strategy=aniso_onedge|tensor=central|tensor_color=luma|density=structure|sampling=wse|orientation=tensor|color=bilinear|scale=spacing|scale_cap=none|opacity=none|renderer=cuda|aa=0.0|color_basis=constant|color_solve=none|loss=l1|loss_weight=none|optimizer=adam|lr_schedule=none|refine_site=none|refine_primitive=sampled_add|refine_nms=off|refine_color=target|refine_prune=off|refine_relocate=off|state_seed=off|row_temper=off|support_fade=off|pyramid=pyramid,False,False,,,,ok,20.5973,0.51267,0.81872,,0.094756,20.141977005437504,observed,,{},,2000,1500,False,,0.3139448165893554,5.549912691116333,5.8638575077056885,0,,,,,,,,,,,,,none,0.0001,32,0,,none,1.0,,,0,False,0,0.25,,False,,10,,,,False,0,0,,,1.3021,,,pyramid_leveliters_300_1200,"[300, 1200]","[700, 1300]"
kodim13,2000,0,2000,2000,quadtree_wse,central,luma,structure,wse,tensor,bilinear,spacing,none,none,cuda,0.0,constant,none,l1,none,adam,none,off,off,off,pyramid,none,sampled_add,off,target,off,off,none,strategy=quadtree_wse|tensor=central|tensor_color=luma|density=structure|sampling=wse|orientation=tensor|color=bilinear|scale=spacing|scale_cap=none|opacity=none|renderer=cuda|aa=0.0|color_basis=constant|color_solve=none|loss=l1|loss_weight=none|optimizer=adam|lr_schedule=none|refine_site=none|refine_primitive=sampled_add|refine_nms=off|refine_color=target|refine_prune=off|refine_relocate=off|state_seed=off|row_temper=off|support_fade=off|pyramid=pyramid,False,False,,,,ok,20.6491,0.5112,0.81889,,0.094616,20.13240693838617,observed,,{},,2000,1500,False,,0.6005282402038574,5.859390020370483,6.459918260574341,0,,,,,,,,,,,,,none,0.0001,32,0,,none,1.0,,,0,False,0,0.25,,False,,10,,,,False,0,0,,,1.3021,,,pyramid_leveliters_300_1200,"[300, 1200]","[700, 1300]"
kodim13,5000,0,5000,5000,aniso_onedge,central,luma,structure,wse,tensor,bilinear,spacing,none,none,cuda,0.0,constant,none,l1,none,adam,none,off,off,off,pyramid,none,sampled_add,off,target,off,off,none,strategy=aniso_onedge|tensor=central|tensor_color=luma|density=structure|sampling=wse|orientation=tensor|color=bilinear|scale=spacing|scale_cap=none|opacity=none|renderer=cuda|aa=0.0|color_basis=constant|color_solve=none|loss=l1|loss_weight=none|optimizer=adam|lr_schedule=none|refine_site=none|refine_primitive=sampled_add|refine_nms=off|refine_color=target|refine_prune=off|refine_relocate=off|state_seed=off|row_temper=off|support_fade=off|pyramid=pyramid,False,False,,,,ok,22.6848,0.65572,0.89526,,0.072315,21.87322302481745,observed,,{},,5000,1500,False,,0.8154325485229492,5.651849746704102,6.467282295227051,0,,,,,,,,,,,,,none,0.0001,32,0,,none,1.0,,,0,False,0,0.25,,False,,10,,,,False,0,0,,,3.2552,,,pyramid_leveliters_300_1200,"[300, 1200]","[1750, 3250]"
kodim13,5000,0,5000,5000,quadtree_wse,central,luma,structure,wse,tensor,bilinear,spacing,none,none,cuda,0.0,constant,none,l1,none,adam,none,off,off,off,pyramid,none,sampled_add,off,target,off,off,none,strategy=quadtree_wse|tensor=central|tensor_color=luma|density=structure|sampling=wse|orientation=tensor|color=bilinear|scale=spacing|scale_cap=none|opacity=none|renderer=cuda|aa=0.0|color_basis=constant|color_solve=none|loss=l1|loss_weight=none|optimizer=adam|lr_schedule=none|refine_site=none|refine_primitive=sampled_add|refine_nms=off|refine_color=target|refine_prune=off|refine_relocate=off|state_seed=off|row_temper=off|support_fade=off|pyramid=pyramid,False,False,,,,ok,22.6138,0.6521,0.89356,,0.072861,21.81694430172483,observed,,{},,5000,1500,False,,1.3171522617340088,5.953699350357056,7.270851612091064,0,,,,,,,,,,,,,none,0.0001,32,0,,none,1.0,,,0,False,0,0.25,,False,,10,,,,False,0,0,,,3.2552,,,pyramid_leveliters_300_1200,"[300, 1200]","[1750, 3250]"
kodim19,2000,0,2000,2000,aniso_onedge,central,luma,structure,wse,tensor,bilinear,spacing,none,none,cuda,0.0,constant,none,l1,none,adam,none,off,off,off,pyramid,none,sampled_add,off,target,off,off,none,strategy=aniso_onedge|tensor=central|tensor_color=luma|density=structure|sampling=wse|orientation=tensor|color=bilinear|scale=spacing|scale_cap=none|opacity=none|renderer=cuda|aa=0.0|color_basis=constant|color_solve=none|loss=l1|loss_weight=none|optimizer=adam|lr_schedule=none|refine_site=none|refine_primitive=sampled_add|refine_nms=off|refine_color=target|refine_prune=off|refine_relocate=off|state_seed=off|row_temper=off|support_fade=off|pyramid=pyramid,False,False,,,,ok,27.5477,0.78935,0.92448,,0.04089,26.624348239631477,observed,,{},,2000,1500,False,,0.3850324153900146,5.6903135776519775,6.075345993041992,0,,,,,,,,,,,,,none,0.0001,32,0,,none,1.0,,,0,False,0,0.25,,False,,10,,,,False,0,0,,,1.3021,,,pyramid_leveliters_300_1200,"[300, 1200]","[700, 1300]"
kodim19,2000,0,2000,2000,quadtree_wse,central,luma,structure,wse,tensor,bilinear,spacing,none,none,cuda,0.0,constant,none,l1,none,adam,none,off,off,off,pyramid,none,sampled_add,off,target,off,off,none,strategy=quadtree_wse|tensor=central|tensor_color=luma|density=structure|sampling=wse|orientation=tensor|color=bilinear|scale=spacing|scale_cap=none|opacity=none|renderer=cuda|aa=0.0|color_basis=constant|color_solve=none|loss=l1|loss_weight=none|optimizer=adam|lr_schedule=none|refine_site=none|refine_primitive=sampled_add|refine_nms=off|refine_color=target|refine_prune=off|refine_relocate=off|state_seed=off|row_temper=off|support_fade=off|pyramid=pyramid,False,False,,,,ok,28.0874,0.78674,0.92532,,0.040078,26.593449753550708,observed,,{},,2000,1500,False,,0.6444783210754395,5.578694343566895,6.223172664642334,0,,,,,,,,,,,,,none,0.0001,32,0,,none,1.0,,,0,False,0,0.25,,False,,10,,,,False,0,0,,,1.3021,,,pyramid_leveliters_300_1200,"[300, 1200]","[700, 1300]"
kodim19,5000,0,5000,5000,aniso_onedge,central,luma,structure,wse,tensor,bilinear,spacing,none,none,cuda,0.0,constant,none,l1,none,adam,none,off,off,off,pyramid,none,sampled_add,off,target,off,off,none,strategy=aniso_onedge|tensor=central|tensor_color=luma|density=structure|sampling=wse|orientation=tensor|color=bilinear|scale=spacing|scale_cap=none|opacity=none|renderer=cuda|aa=0.0|color_basis=constant|color_solve=none|loss=l1|loss_weight=none|optimizer=adam|lr_schedule=none|refine_site=none|refine_primitive=sampled_add|refine_nms=off|refine_color=target|refine_prune=off|refine_relocate=off|state_seed=off|row_temper=off|support_fade=off|pyramid=pyramid,False,False,,,,ok,31.2876,0.8574,0.96406,,0.026142,29.61522166930969,observed,,{},,5000,1500,False,,0.8285057544708252,6.481606483459473,7.310112237930298,0,,,,,,,,,,,,,none,0.0001,32,0,,none,1.0,,,0,False,0,0.25,,False,,10,,,,False,0,0,,,3.2552,,,pyramid_leveliters_300_1200,"[300, 1200]","[1750, 3250]"
kodim19,5000,0,5000,5000,quadtree_wse,central,luma,structure,wse,tensor,bilinear,spacing,none,none,cuda,0.0,constant,none,l1,none,adam,none,off,off,off,pyramid,none,sampled_add,off,target,off,off,none,strategy=quadtree_wse|tensor=central|tensor_color=luma|density=structure|sampling=wse|orientation=tensor|color=bilinear|scale=spacing|scale_cap=none|opacity=none|renderer=cuda|aa=0.0|color_basis=constant|color_solve=none|loss=l1|loss_weight=none|optimizer=adam|lr_schedule=none|refine_site=none|refine_primitive=sampled_add|refine_nms=off|refine_color=target|refine_prune=off|refine_relocate=off|state_seed=off|row_temper=off|support_fade=off|pyramid=pyramid,False,False,,,,ok,31.3463,0.85874,0.96351,,0.025934,29.62779097846542,observed,,{},,5000,1500,False,,1.3445394039154053,6.340490579605103,7.685029983520508,0,,,,,,,,,,,,,none,0.0001,32,0,,none,1.0,,,0,False,0,0.25,,False,,10,,,,False,0,0,,,3.2552,,,pyramid_leveliters_300_1200,"[300, 1200]","[1750, 3250]"
kodim01,2000,0,2000,2000,aniso_onedge,central,luma,structure,wse,tensor,bilinear,spacing,none,none,cuda,0.0,constant,none,l1,none,adam,none,off,off,off,pyramid,none,sampled_add,off,target,off,off,none,strategy=aniso_onedge|tensor=central|tensor_color=luma|density=structure|sampling=wse|orientation=tensor|color=bilinear|scale=spacing|scale_cap=none|opacity=none|renderer=cuda|aa=0.0|color_basis=constant|color_solve=none|loss=l1|loss_weight=none|optimizer=adam|lr_schedule=none|refine_site=none|refine_primitive=sampled_add|refine_nms=off|refine_color=target|refine_prune=off|refine_relocate=off|state_seed=off|row_temper=off|support_fade=off|pyramid=pyramid,False,False,,,,ok,23.7996,0.6703,0.88535,,0.061032,23.138113224800623,observed,,{},,2000,1500,False,,0.2968840599060058,5.20188307762146,5.498767137527466,0,,,,,,,,,,,,,none,0.0001,32,0,,none,1.0,,,0,False,0,0.25,,False,,10,,,,False,0,0,,,1.3021,,,pyramid_leveliters_375_1125,"[375, 1125]","[700, 1300]"
kodim01,2000,0,2000,2000,quadtree_wse,central,luma,structure,wse,tensor,bilinear,spacing,none,none,cuda,0.0,constant,none,l1,none,adam,none,off,off,off,pyramid,none,sampled_add,off,target,off,off,none,strategy=quadtree_wse|tensor=central|tensor_color=luma|density=structure|sampling=wse|orientation=tensor|color=bilinear|scale=spacing|scale_cap=none|opacity=none|renderer=cuda|aa=0.0|color_basis=constant|color_solve=none|loss=l1|loss_weight=none|optimizer=adam|lr_schedule=none|refine_site=none|refine_primitive=sampled_add|refine_nms=off|refine_color=target|refine_prune=off|refine_relocate=off|state_seed=off|row_temper=off|support_fade=off|pyramid=pyramid,False,False,,,,ok,23.6305,0.66968,0.88119,,0.061292,22.96914667825527,observed,,{},,2000,1500,False,,0.6930971145629883,5.055877447128296,5.748974561691284,0,,,,,,,,,,,,,none,0.0001,32,0,,none,1.0,,,0,False,0,0.25,,False,,10,,,,False,0,0,,,1.3021,,,pyramid_leveliters_375_1125,"[375, 1125]","[700, 1300]"
kodim01,5000,0,5000,5000,aniso_onedge,central,luma,structure,wse,tensor,bilinear,spacing,none,none,cuda,0.0,constant,none,l1,none,adam,none,off,off,off,pyramid,none,sampled_add,off,target,off,off,none,strategy=aniso_onedge|tensor=central|tensor_color=luma|density=structure|sampling=wse|orientation=tensor|color=bilinear|scale=spacing|scale_cap=none|opacity=none|renderer=cuda|aa=0.0|color_basis=constant|color_solve=none|loss=l1|loss_weight=none|optimizer=adam|lr_schedule=none|refine_site=none|refine_primitive=sampled_add|refine_nms=off|refine_color=target|refine_prune=off|refine_relocate=off|state_seed=off|row_temper=off|support_fade=off|pyramid=pyramid,False,False,,,,ok,26.2759,0.78425,0.94396,,0.045724,25.08621840957326,observed,,{},,5000,1500,False,,0.7948567867279053,4.766926288604736,5.561783075332642,0,,,,,,,,,,,,,none,0.0001,32,0,,none,1.0,,,0,False,0,0.25,,False,,10,,,,False,0,0,,,3.2552,,,pyramid_leveliters_375_1125,"[375, 1125]","[1750, 3250]"
kodim01,5000,0,5000,5000,quadtree_wse,central,luma,structure,wse,tensor,bilinear,spacing,none,none,cuda,0.0,constant,none,l1,none,adam,none,off,off,off,pyramid,none,sampled_add,off,target,off,off,none,strategy=quadtree_wse|tensor=central|tensor_color=luma|density=structure|sampling=wse|orientation=tensor|color=bilinear|scale=spacing|scale_cap=none|opacity=none|renderer=cuda|aa=0.0|color_basis=constant|color_solve=none|loss=l1|loss_weight=none|optimizer=adam|lr_schedule=none|refine_site=none|refine_primitive=sampled_add|refine_nms=off|refine_color=target|refine_prune=off|refine_relocate=off|state_seed=off|row_temper=off|support_fade=off|pyramid=pyramid,False,False,,,,ok,25.9857,0.78147,0.93952,,0.046292,24.988172406431357,observed,,{},,5000,1500,False,,1.6039199829101562,5.06732439994812,6.671244382858276,0,,,,,,,,,,,,,none,0.0001,32,0,,none,1.0,,,0,False,0,0.25,,False,,10,,,,False,0,0,,,3.2552,,,pyramid_leveliters_375_1125,"[375, 1125]","[1750, 3250]"
kodim07,2000,0,2000,2000,aniso_onedge,central,luma,structure,wse,tensor,bilinear,spacing,none,none,cuda,0.0,constant,none,l1,none,adam,none,off,off,off,pyramid,none,sampled_add,off,target,off,off,none,strategy=aniso_onedge|tensor=central|tensor_color=luma|density=structure|sampling=wse|orientation=tensor|color=bilinear|scale=spacing|scale_cap=none|opacity=none|renderer=cuda|aa=0.0|color_basis=constant|color_solve=none|loss=l1|loss_weight=none|optimizer=adam|lr_schedule=none|refine_site=none|refine_primitive=sampled_add|refine_nms=off|refine_color=target|refine_prune=off|refine_relocate=off|state_seed=off|row_temper=off|support_fade=off|pyramid=pyramid,False,False,,,,ok,27.9327,0.8906,0.959,,0.03584,27.492588594168165,observed,,{},,2000,1500,False,,0.3164751529693603,5.368809223175049,5.685284376144409,0,,,,,,,,,,,,,none,0.0001,32,0,,none,1.0,,,0,False,0,0.25,,False,,10,,,,False,0,0,,,1.3021,,,pyramid_leveliters_375_1125,"[375, 1125]","[700, 1300]"
kodim07,2000,0,2000,2000,quadtree_wse,central,luma,structure,wse,tensor,bilinear,spacing,none,none,cuda,0.0,constant,none,l1,none,adam,none,off,off,off,pyramid,none,sampled_add,off,target,off,off,none,strategy=quadtree_wse|tensor=central|tensor_color=luma|density=structure|sampling=wse|orientation=tensor|color=bilinear|scale=spacing|scale_cap=none|opacity=none|renderer=cuda|aa=0.0|color_basis=constant|color_solve=none|loss=l1|loss_weight=none|optimizer=adam|lr_schedule=none|refine_site=none|refine_primitive=sampled_add|refine_nms=off|refine_color=target|refine_prune=off|refine_relocate=off|state_seed=off|row_temper=off|support_fade=off|pyramid=pyramid,False,False,,,,ok,27.9107,0.89094,0.96112,,0.035342,27.47013081479979,observed,,{},,2000,1500,False,,0.7189338207244873,5.2030112743377686,5.921945095062256,0,,,,,,,,,,,,,none,0.0001,32,0,,none,1.0,,,0,False,0,0.25,,False,,10,,,,False,0,0,,,1.3021,,,pyramid_leveliters_375_1125,"[375, 1125]","[700, 1300]"
kodim07,5000,0,5000,5000,aniso_onedge,central,luma,structure,wse,tensor,bilinear,spacing,none,none,cuda,0.0,constant,none,l1,none,adam,none,off,off,off,pyramid,none,sampled_add,off,target,off,off,none,strategy=aniso_onedge|tensor=central|tensor_color=luma|density=structure|sampling=wse|orientation=tensor|color=bilinear|scale=spacing|scale_cap=none|opacity=none|renderer=cuda|aa=0.0|color_basis=constant|color_solve=none|loss=l1|loss_weight=none|optimizer=adam|lr_schedule=none|refine_site=none|refine_primitive=sampled_add|refine_nms=off|refine_color=target|refine_prune=off|refine_relocate=off|state_seed=off|row_temper=off|support_fade=off|pyramid=pyramid,False,False,,,,ok,34.8365,0.95375,0.99086,,0.018582,32.25125272787754,observed,,{},,5000,1500,False,,0.9000864028930664,5.681542634963989,6.581629037857056,0,,,,,,,,,,,,,none,0.0001,32,0,,none,1.0,,,0,False,0,0.25,,False,,10,,,,False,0,0,,,3.2552,,,pyramid_leveliters_375_1125,"[375, 1125]","[1750, 3250]"
kodim07,5000,0,5000,5000,quadtree_wse,central,luma,structure,wse,tensor,bilinear,spacing,none,none,cuda,0.0,constant,none,l1,none,adam,none,off,off,off,pyramid,none,sampled_add,off,target,off,off,none,strategy=quadtree_wse|tensor=central|tensor_color=luma|density=structure|sampling=wse|orientation=tensor|color=bilinear|scale=spacing|scale_cap=none|opacity=none|renderer=cuda|aa=0.0|color_basis=constant|color_solve=none|loss=l1|loss_weight=none|optimizer=adam|lr_schedule=none|refine_site=none|refine_primitive=sampled_add|refine_nms=off|refine_color=target|refine_prune=off|refine_relocate=off|state_seed=off|row_temper=off|support_fade=off|pyramid=pyramid,False,False,,,,ok,34.735,0.95349,0.99086,,0.018697,32.151981420561505,observed,,{},,5000,1500,False,,1.5380771160125732,5.684208869934082,7.222285985946655,0,,,,,,,,,,,,,none,0.0001,32,0,,none,1.0,,,0,False,0,0.25,,False,,10,,,,False,0,0,,,3.2552,,,pyramid_leveliters_375_1125,"[375, 1125]","[1750, 3250]"
kodim13,2000,0,2000,2000,aniso_onedge,central,luma,structure,wse,tensor,bilinear,spacing,none,none,cuda,0.0,constant,none,l1,none,adam,none,off,off,off,pyramid,none,sampled_add,off,target,off,off,none,strategy=aniso_onedge|tensor=central|tensor_color=luma|density=structure|sampling=wse|orientation=tensor|color=bilinear|scale=spacing|scale_cap=none|opacity=none|renderer=cuda|aa=0.0|color_basis=constant|color_solve=none|loss=l1|loss_weight=none|optimizer=adam|lr_schedule=none|refine_site=none|refine_primitive=sampled_add|refine_nms=off|refine_color=target|refine_prune=off|refine_relocate=off|state_seed=off|row_temper=off|support_fade=off|pyramid=pyramid,False,False,,,,ok,20.6466,0.51286,0.81983,,0.094653,20.074099156441413,observed,,{},,2000,1500,False,,0.3335487842559814,5.574567079544067,5.908115863800049,0,,,,,,,,,,,,,none,0.0001,32,0,,none,1.0,,,0,False,0,0.25,,False,,10,,,,False,0,0,,,1.3021,,,pyramid_leveliters_375_1125,"[375, 1125]","[700, 1300]"
kodim13,2000,0,2000,2000,quadtree_wse,central,luma,structure,wse,tensor,bilinear,spacing,none,none,cuda,0.0,constant,none,l1,none,adam,none,off,off,off,pyramid,none,sampled_add,off,target,off,off,none,strategy=quadtree_wse|tensor=central|tensor_color=luma|density=structure|sampling=wse|orientation=tensor|color=bilinear|scale=spacing|scale_cap=none|opacity=none|renderer=cuda|aa=0.0|color_basis=constant|color_solve=none|loss=l1|loss_weight=none|optimizer=adam|lr_schedule=none|refine_site=none|refine_primitive=sampled_add|refine_nms=off|refine_color=target|refine_prune=off|refine_relocate=off|state_seed=off|row_temper=off|support_fade=off|pyramid=pyramid,False,False,,,,ok,20.6528,0.51136,0.82009,,0.094941,20.06813812510342,observed,,{},,2000,1500,False,,0.5941627025604248,5.764740943908691,6.358903646469116,0,,,,,,,,,,,,,none,0.0001,32,0,,none,1.0,,,0,False,0,0.25,,False,,10,,,,False,0,0,,,1.3021,,,pyramid_leveliters_375_1125,"[375, 1125]","[700, 1300]"
kodim13,5000,0,5000,5000,aniso_onedge,central,luma,structure,wse,tensor,bilinear,spacing,none,none,cuda,0.0,constant,none,l1,none,adam,none,off,off,off,pyramid,none,sampled_add,off,target,off,off,none,strategy=aniso_onedge|tensor=central|tensor_color=luma|density=structure|sampling=wse|orientation=tensor|color=bilinear|scale=spacing|scale_cap=none|opacity=none|renderer=cuda|aa=0.0|color_basis=constant|color_solve=none|loss=l1|loss_weight=none|optimizer=adam|lr_schedule=none|refine_site=none|refine_primitive=sampled_add|refine_nms=off|refine_color=target|refine_prune=off|refine_relocate=off|state_seed=off|row_temper=off|support_fade=off|pyramid=pyramid,False,False,,,,ok,22.7081,0.65464,0.89462,,0.072133,21.768755021454734,observed,,{},,5000,1500,False,,0.9709208011627196,5.654929876327515,6.625850677490234,0,,,,,,,,,,,,,none,0.0001,32,0,,none,1.0,,,0,False,0,0.25,,False,,10,,,,False,0,0,,,3.2552,,,pyramid_leveliters_375_1125,"[375, 1125]","[1750, 3250]"
kodim13,5000,0,5000,5000,quadtree_wse,central,luma,structure,wse,tensor,bilinear,spacing,none,none,cuda,0.0,constant,none,l1,none,adam,none,off,off,off,pyramid,none,sampled_add,off,target,off,off,none,strategy=quadtree_wse|tensor=central|tensor_color=luma|density=structure|sampling=wse|orientation=tensor|color=bilinear|scale=spacing|scale_cap=none|opacity=none|renderer=cuda|aa=0.0|color_basis=constant|color_solve=none|loss=l1|loss_weight=none|optimizer=adam|lr_schedule=none|refine_site=none|refine_primitive=sampled_add|refine_nms=off|refine_color=target|refine_prune=off|refine_relocate=off|state_seed=off|row_temper=off|support_fade=off|pyramid=pyramid,False,False,,,,ok,22.6412,0.65163,0.893,,0.072705,21.716975317071327,observed,,{},,5000,1500,False,,1.309687852859497,5.876261234283447,7.185949087142944,0,,,,,,,,,,,,,none,0.0001,32,0,,none,1.0,,,0,False,0,0.25,,False,,10,,,,False,0,0,,,3.2552,,,pyramid_leveliters_375_1125,"[375, 1125]","[1750, 3250]"
kodim19,2000,0,2000,2000,aniso_onedge,central,luma,structure,wse,tensor,bilinear,spacing,none,none,cuda,0.0,constant,none,l1,none,adam,none,off,off,off,pyramid,none,sampled_add,off,target,off,off,none,strategy=aniso_onedge|tensor=central|tensor_color=luma|density=structure|sampling=wse|orientation=tensor|color=bilinear|scale=spacing|scale_cap=none|opacity=none|renderer=cuda|aa=0.0|color_basis=constant|color_solve=none|loss=l1|loss_weight=none|optimizer=adam|lr_schedule=none|refine_site=none|refine_primitive=sampled_add|refine_nms=off|refine_color=target|refine_prune=off|refine_relocate=off|state_seed=off|row_temper=off|support_fade=off|pyramid=pyramid,False,False,,,,ok,28.1202,0.78765,0.92724,,0.039774,26.530887082070013,observed,,{},,2000,1500,False,,0.3396859169006347,5.717906951904297,6.057592868804932,0,,,,,,,,,,,,,none,0.0001,32,0,,none,1.0,,,0,False,0,0.25,,False,,10,,,,False,0,0,,,1.3021,,,pyramid_leveliters_375_1125,"[375, 1125]","[700, 1300]"
kodim19,2000,0,2000,2000,quadtree_wse,central,luma,structure,wse,tensor,bilinear,spacing,none,none,cuda,0.0,constant,none,l1,none,adam,none,off,off,off,pyramid,none,sampled_add,off,target,off,off,none,strategy=quadtree_wse|tensor=central|tensor_color=luma|density=structure|sampling=wse|orientation=tensor|color=bilinear|scale=spacing|scale_cap=none|opacity=none|renderer=cuda|aa=0.0|color_basis=constant|color_solve=none|loss=l1|loss_weight=none|optimizer=adam|lr_schedule=none|refine_site=none|refine_primitive=sampled_add|refine_nms=off|refine_color=target|refine_prune=off|refine_relocate=off|state_seed=off|row_temper=off|support_fade=off|pyramid=pyramid,False,False,,,,ok,27.7074,0.78691,0.92468,,0.039889,26.55480560292555,observed,,{},,2000,1500,False,,0.6538264751434326,5.593478679656982,6.247305154800415,0,,,,,,,,,,,,,none,0.0001,32,0,,none,1.0,,,0,False,0,0.25,,False,,10,,,,False,0,0,,,1.3021,,,pyramid_leveliters_375_1125,"[375, 1125]","[700, 1300]"
kodim19,5000,0,5000,5000,aniso_onedge,central,luma,structure,wse,tensor,bilinear,spacing,none,none,cuda,0.0,constant,none,l1,none,adam,none,off,off,off,pyramid,none,sampled_add,off,target,off,off,none,strategy=aniso_onedge|tensor=central|tensor_color=luma|density=structure|sampling=wse|orientation=tensor|color=bilinear|scale=spacing|scale_cap=none|opacity=none|renderer=cuda|aa=0.0|color_basis=constant|color_solve=none|loss=l1|loss_weight=none|optimizer=adam|lr_schedule=none|refine_site=none|refine_primitive=sampled_add|refine_nms=off|refine_color=target|refine_prune=off|refine_relocate=off|state_seed=off|row_temper=off|support_fade=off|pyramid=pyramid,False,False,,,,ok,31.2682,0.85694,0.96383,,0.026135,29.41066780624746,observed,,{},,5000,1500,False,,0.8667416572570801,6.446613073348999,7.313354730606079,0,,,,,,,,,,,,,none,0.0001,32,0,,none,1.0,,,0,False,0,0.25,,False,,10,,,,False,0,0,,,3.2552,,,pyramid_leveliters_375_1125,"[375, 1125]","[1750, 3250]"
kodim19,5000,0,5000,5000,quadtree_wse,central,luma,structure,wse,tensor,bilinear,spacing,none,none,cuda,0.0,constant,none,l1,none,adam,none,off,off,off,pyramid,none,sampled_add,off,target,off,off,none,strategy=quadtree_wse|tensor=central|tensor_color=luma|density=structure|sampling=wse|orientation=tensor|color=bilinear|scale=spacing|scale_cap=none|opacity=none|renderer=cuda|aa=0.0|color_basis=constant|color_solve=none|loss=l1|loss_weight=none|optimizer=adam|lr_schedule=none|refine_site=none|refine_primitive=sampled_add|refine_nms=off|refine_color=target|refine_prune=off|refine_relocate=off|state_seed=off|row_temper=off|support_fade=off|pyramid=pyramid,False,False,,,,ok,31.3915,0.85929,0.96399,,0.02569,29.46001012266438,observed,,{},,5000,1500,False,,1.3480401039123535,6.177730560302734,7.525770664215088,0,,,,,,,,,,,,,none,0.0001,32,0,,none,1.0,,,0,False,0,0.25,,False,,10,,,,False,0,0,,,3.2552,,,pyramid_leveliters_375_1125,"[375, 1125]","[1750, 3250]"
kodim01,2000,0,2000,2000,aniso_onedge,central,luma,structure,wse,tensor,bilinear,spacing,none,none,cuda,0.0,constant,none,l1,none,adam,none,off,off,off,pyramid,none,sampled_add,off,target,off,off,none,strategy=aniso_onedge|tensor=central|tensor_color=luma|density=structure|sampling=wse|orientation=tensor|color=bilinear|scale=spacing|scale_cap=none|opacity=none|renderer=cuda|aa=0.0|color_basis=constant|color_solve=none|loss=l1|loss_weight=none|optimizer=adam|lr_schedule=none|refine_site=none|refine_primitive=sampled_add|refine_nms=off|refine_color=target|refine_prune=off|refine_relocate=off|state_seed=off|row_temper=off|support_fade=off|pyramid=pyramid,False,False,,,,ok,23.6959,0.67144,0.88468,,0.061352,22.889558566260767,observed,,{},,2000,1500,False,,0.2935559749603271,4.893024206161499,5.186580181121826,0,,,,,,,,,,,,,none,0.0001,32,0,,none,1.0,,,0,False,0,0.25,,False,,10,,,,False,0,0,,,1.3021,,,pyramid_leveliters_500_1000,"[500, 1000]","[700, 1300]"
kodim01,2000,0,2000,2000,quadtree_wse,central,luma,structure,wse,tensor,bilinear,spacing,none,none,cuda,0.0,constant,none,l1,none,adam,none,off,off,off,pyramid,none,sampled_add,off,target,off,off,none,strategy=quadtree_wse|tensor=central|tensor_color=luma|density=structure|sampling=wse|orientation=tensor|color=bilinear|scale=spacing|scale_cap=none|opacity=none|renderer=cuda|aa=0.0|color_basis=constant|color_solve=none|loss=l1|loss_weight=none|optimizer=adam|lr_schedule=none|refine_site=none|refine_primitive=sampled_add|refine_nms=off|refine_color=target|refine_prune=off|refine_relocate=off|state_seed=off|row_temper=off|support_fade=off|pyramid=pyramid,False,False,,,,ok,23.1572,0.66651,0.87236,,0.062638,22.7254980913077,observed,,{},,2000,1500,False,,0.7185864448547363,5.050798416137695,5.769384860992432,0,,,,,,,,,,,,,none,0.0001,32,0,,none,1.0,,,0,False,0,0.25,,False,,10,,,,False,0,0,,,1.3021,,,pyramid_leveliters_500_1000,"[500, 1000]","[700, 1300]"
kodim01,5000,0,5000,5000,aniso_onedge,central,luma,structure,wse,tensor,bilinear,spacing,none,none,cuda,0.0,constant,none,l1,none,adam,none,off,off,off,pyramid,none,sampled_add,off,target,off,off,none,strategy=aniso_onedge|tensor=central|tensor_color=luma|density=structure|sampling=wse|orientation=tensor|color=bilinear|scale=spacing|scale_cap=none|opacity=none|renderer=cuda|aa=0.0|color_basis=constant|color_solve=none|loss=l1|loss_weight=none|optimizer=adam|lr_schedule=none|refine_site=none|refine_primitive=sampled_add|refine_nms=off|refine_color=target|refine_prune=off|refine_relocate=off|state_seed=off|row_temper=off|support_fade=off|pyramid=pyramid,False,False,,,,ok,25.9264,0.78302,0.94081,,0.045728,24.836183296035653,observed,,{},,5000,1500,False,,0.7975821495056152,4.677174806594849,5.474756956100464,0,,,,,,,,,,,,,none,0.0001,32,0,,none,1.0,,,0,False,0,0.25,,False,,10,,,,False,0,0,,,3.2552,,,pyramid_leveliters_500_1000,"[500, 1000]","[1750, 3250]"
kodim01,5000,0,5000,5000,quadtree_wse,central,luma,structure,wse,tensor,bilinear,spacing,none,none,cuda,0.0,constant,none,l1,none,adam,none,off,off,off,pyramid,none,sampled_add,off,target,off,off,none,strategy=quadtree_wse|tensor=central|tensor_color=luma|density=structure|sampling=wse|orientation=tensor|color=bilinear|scale=spacing|scale_cap=none|opacity=none|renderer=cuda|aa=0.0|color_basis=constant|color_solve=none|loss=l1|loss_weight=none|optimizer=adam|lr_schedule=none|refine_site=none|refine_primitive=sampled_add|refine_nms=off|refine_color=target|refine_prune=off|refine_relocate=off|state_seed=off|row_temper=off|support_fade=off|pyramid=pyramid,False,False,,,,ok,26.1921,0.78032,0.94259,,0.046303,24.77644302910213,observed,,{},,5000,1500,False,,1.4768435955047607,4.78597092628479,6.262814521789551,0,,,,,,,,,,,,,none,0.0001,32,0,,none,1.0,,,0,False,0,0.25,,False,,10,,,,False,0,0,,,3.2552,,,pyramid_leveliters_500_1000,"[500, 1000]","[1750, 3250]"
kodim07,2000,0,2000,2000,aniso_onedge,central,luma,structure,wse,tensor,bilinear,spacing,none,none,cuda,0.0,constant,none,l1,none,adam,none,off,off,off,pyramid,none,sampled_add,off,target,off,off,none,strategy=aniso_onedge|tensor=central|tensor_color=luma|density=structure|sampling=wse|orientation=tensor|color=bilinear|scale=spacing|scale_cap=none|opacity=none|renderer=cuda|aa=0.0|color_basis=constant|color_solve=none|loss=l1|loss_weight=none|optimizer=adam|lr_schedule=none|refine_site=none|refine_primitive=sampled_add|refine_nms=off|refine_color=target|refine_prune=off|refine_relocate=off|state_seed=off|row_temper=off|support_fade=off|pyramid=pyramid,False,False,,,,ok,27.255,0.88731,0.95532,,0.038241,26.883479707474866,observed,,{},,2000,1500,False,,0.3236203193664551,5.309142827987671,5.632763147354126,0,,,,,,,,,,,,,none,0.0001,32,0,,none,1.0,,,0,False,0,0.25,,False,,10,,,,False,0,0,,,1.3021,,,pyramid_leveliters_500_1000,"[500, 1000]","[700, 1300]"
kodim07,2000,0,2000,2000,quadtree_wse,central,luma,structure,wse,tensor,bilinear,spacing,none,none,cuda,0.0,constant,none,l1,none,adam,none,off,off,off,pyramid,none,sampled_add,off,target,off,off,none,strategy=quadtree_wse|tensor=central|tensor_color=luma|density=structure|sampling=wse|orientation=tensor|color=bilinear|scale=spacing|scale_cap=none|opacity=none|renderer=cuda|aa=0.0|color_basis=constant|color_solve=none|loss=l1|loss_weight=none|optimizer=adam|lr_schedule=none|refine_site=none|refine_primitive=sampled_add|refine_nms=off|refine_color=target|refine_prune=off|refine_relocate=off|state_seed=off|row_temper=off|support_fade=off|pyramid=pyramid,False,False,,,,ok,28.1383,0.89153,0.9612,,0.035627,27.23511191604136,observed,,{},,2000,1500,False,,0.7183213233947754,5.162730693817139,5.881052017211914,0,,,,,,,,,,,,,none,0.0001,32,0,,none,1.0,,,0,False,0,0.25,,False,,10,,,,False,0,0,,,1.3021,,,pyramid_leveliters_500_1000,"[500, 1000]","[700, 1300]"
kodim07,5000,0,5000,5000,aniso_onedge,central,luma,structure,wse,tensor,bilinear,spacing,none,none,cuda,0.0,constant,none,l1,none,adam,none,off,off,off,pyramid,none,sampled_add,off,target,off,off,none,strategy=aniso_onedge|tensor=central|tensor_color=luma|density=structure|sampling=wse|orientation=tensor|color=bilinear|scale=spacing|scale_cap=none|opacity=none|renderer=cuda|aa=0.0|color_basis=constant|color_solve=none|loss=l1|loss_weight=none|optimizer=adam|lr_schedule=none|refine_site=none|refine_primitive=sampled_add|refine_nms=off|refine_color=target|refine_prune=off|refine_relocate=off|state_seed=off|row_temper=off|support_fade=off|pyramid=pyramid,False,False,,,,ok,34.9093,0.95389,0.99101,,0.018582,31.75090079342548,observed,,{},,5000,1500,False,,0.9935715198516846,5.555505037307739,6.549076557159424,0,,,,,,,,,,,,,none,0.0001,32,0,,none,1.0,,,0,False,0,0.25,,False,,10,,,,False,0,0,,,3.2552,,,pyramid_leveliters_500_1000,"[500, 1000]","[1750, 3250]"
kodim07,5000,0,5000,5000,quadtree_wse,central,luma,structure,wse,tensor,bilinear,spacing,none,none,cuda,0.0,constant,none,l1,none,adam,none,off,off,off,pyramid,none,sampled_add,off,target,off,off,none,strategy=quadtree_wse|tensor=central|tensor_color=luma|density=structure|sampling=wse|orientation=tensor|color=bilinear|scale=spacing|scale_cap=none|opacity=none|renderer=cuda|aa=0.0|color_basis=constant|color_solve=none|loss=l1|loss_weight=none|optimizer=adam|lr_schedule=none|refine_site=none|refine_primitive=sampled_add|refine_nms=off|refine_color=target|refine_prune=off|refine_relocate=off|state_seed=off|row_temper=off|support_fade=off|pyramid=pyramid,False,False,,,,ok,34.746,0.95298,0.99076,,0.018857,31.52551850897221,observed,,{},,5000,1500,False,,1.5320396423339844,5.507061958312988,7.039101600646973,0,,,,,,,,,,,,,none,0.0001,32,0,,none,1.0,,,0,False,0,0.25,,False,,10,,,,False,0,0,,,3.2552,,,pyramid_leveliters_500_1000,"[500, 1000]","[1750, 3250]"
kodim13,2000,0,2000,2000,aniso_onedge,central,luma,structure,wse,tensor,bilinear,spacing,none,none,cuda,0.0,constant,none,l1,none,adam,none,off,off,off,pyramid,none,sampled_add,off,target,off,off,none,strategy=aniso_onedge|tensor=central|tensor_color=luma|density=structure|sampling=wse|orientation=tensor|color=bilinear|scale=spacing|scale_cap=none|opacity=none|renderer=cuda|aa=0.0|color_basis=constant|color_solve=none|loss=l1|loss_weight=none|optimizer=adam|lr_schedule=none|refine_site=none|refine_primitive=sampled_add|refine_nms=off|refine_color=target|refine_prune=off|refine_relocate=off|state_seed=off|row_temper=off|support_fade=off|pyramid=pyramid,False,False,,,,ok,20.6578,0.5127,0.82128,,0.094813,19.977628562194337,observed,,{},,2000,1500,False,,0.3079211711883545,5.567388296127319,5.875309467315674,0,,,,,,,,,,,,,none,0.0001,32,0,,none,1.0,,,0,False,0,0.25,,False,,10,,,,False,0,0,,,1.3021,,,pyramid_leveliters_500_1000,"[500, 1000]","[700, 1300]"
kodim13,2000,0,2000,2000,quadtree_wse,central,luma,structure,wse,tensor,bilinear,spacing,none,none,cuda,0.0,constant,none,l1,none,adam,none,off,off,off,pyramid,none,sampled_add,off,target,off,off,none,strategy=quadtree_wse|tensor=central|tensor_color=luma|density=structure|sampling=wse|orientation=tensor|color=bilinear|scale=spacing|scale_cap=none|opacity=none|renderer=cuda|aa=0.0|color_basis=constant|color_solve=none|loss=l1|loss_weight=none|optimizer=adam|lr_schedule=none|refine_site=none|refine_primitive=sampled_add|refine_nms=off|refine_color=target|refine_prune=off|refine_relocate=off|state_seed=off|row_temper=off|support_fade=off|pyramid=pyramid,False,False,,,,ok,20.6284,0.50819,0.8189,,0.09489,19.95863491793805,observed,,{},,2000,1500,False,,0.6072070598602295,5.59286642074585,6.200073480606079,0,,,,,,,,,,,,,none,0.0001,32,0,,none,1.0,,,0,False,0,0.25,,False,,10,,,,False,0,0,,,1.3021,,,pyramid_leveliters_500_1000,"[500, 1000]","[700, 1300]"
kodim13,5000,0,5000,5000,aniso_onedge,central,luma,structure,wse,tensor,bilinear,spacing,none,none,cuda,0.0,constant,none,l1,none,adam,none,off,off,off,pyramid,none,sampled_add,off,target,off,off,none,strategy=aniso_onedge|tensor=central|tensor_color=luma|density=structure|sampling=wse|orientation=tensor|color=bilinear|scale=spacing|scale_cap=none|opacity=none|renderer=cuda|aa=0.0|color_basis=constant|color_solve=none|loss=l1|loss_weight=none|optimizer=adam|lr_schedule=none|refine_site=none|refine_primitive=sampled_add|refine_nms=off|refine_color=target|refine_prune=off|refine_relocate=off|state_seed=off|row_temper=off|support_fade=off|pyramid=pyramid,False,False,,,,ok,22.677,0.65371,0.89317,,0.072448,21.596008438201967,observed,,{},,5000,1500,False,,0.7972977161407471,5.723805904388428,6.521103620529175,0,,,,,,,,,,,,,none,0.0001,32,0,,none,1.0,,,0,False,0,0.25,,False,,10,,,,False,0,0,,,3.2552,,,pyramid_leveliters_500_1000,"[500, 1000]","[1750, 3250]"
kodim13,5000,0,5000,5000,quadtree_wse,central,luma,structure,wse,tensor,bilinear,spacing,none,none,cuda,0.0,constant,none,l1,none,adam,none,off,off,off,pyramid,none,sampled_add,off,target,off,off,none,strategy=quadtree_wse|tensor=central|tensor_color=luma|density=structure|sampling=wse|orientation=tensor|color=bilinear|scale=spacing|scale_cap=none|opacity=none|renderer=cuda|aa=0.0|color_basis=constant|color_solve=none|loss=l1|loss_weight=none|optimizer=adam|lr_schedule=none|refine_site=none|refine_primitive=sampled_add|refine_nms=off|refine_color=target|refine_prune=off|refine_relocate=off|state_seed=off|row_temper=off|support_fade=off|pyramid=pyramid,False,False,,,,ok,22.6563,0.65199,0.89386,,0.072679,21.533627555877707,observed,,{},,5000,1500,False,,1.3786566257476809,5.763881206512451,7.142537832260132,0,,,,,,,,,,,,,none,0.0001,32,0,,none,1.0,,,0,False,0,0.25,,False,,10,,,,False,0,0,,,3.2552,,,pyramid_leveliters_500_1000,"[500, 1000]","[1750, 3250]"
kodim19,2000,0,2000,2000,aniso_onedge,central,luma,structure,wse,tensor,bilinear,spacing,none,none,cuda,0.0,constant,none,l1,none,adam,none,off,off,off,pyramid,none,sampled_add,off,target,off,off,none,strategy=aniso_onedge|tensor=central|tensor_color=luma|density=structure|sampling=wse|orientation=tensor|color=bilinear|scale=spacing|scale_cap=none|opacity=none|renderer=cuda|aa=0.0|color_basis=constant|color_solve=none|loss=l1|loss_weight=none|optimizer=adam|lr_schedule=none|refine_site=none|refine_primitive=sampled_add|refine_nms=off|refine_color=target|refine_prune=off|refine_relocate=off|state_seed=off|row_temper=off|support_fade=off|pyramid=pyramid,False,False,,,,ok,27.0435,0.78531,0.92362,,0.042015,26.03567067872213,observed,,{},,2000,1500,False,,0.3679676055908203,5.5433619022369385,5.911329507827759,0,,,,,,,,,,,,,none,0.0001,32,0,,none,1.0,,,0,False,0,0.25,,False,,10,,,,False,0,0,,,1.3021,,,pyramid_leveliters_500_1000,"[500, 1000]","[700, 1300]"
kodim19,2000,0,2000,2000,quadtree_wse,central,luma,structure,wse,tensor,bilinear,spacing,none,none,cuda,0.0,constant,none,l1,none,adam,none,off,off,off,pyramid,none,sampled_add,off,target,off,off,none,strategy=quadtree_wse|tensor=central|tensor_color=luma|density=structure|sampling=wse|orientation=tensor|color=bilinear|scale=spacing|scale_cap=none|opacity=none|renderer=cuda|aa=0.0|color_basis=constant|color_solve=none|loss=l1|loss_weight=none|optimizer=adam|lr_schedule=none|refine_site=none|refine_primitive=sampled_add|refine_nms=off|refine_color=target|refine_prune=off|refine_relocate=off|state_seed=off|row_temper=off|support_fade=off|pyramid=pyramid,False,False,,,,ok,28.2735,0.78905,0.92674,,0.03969,26.21635094668724,observed,,{},,2000,1500,False,,0.7017269134521484,5.626856803894043,6.328583717346191,0,,,,,,,,,,,,,none,0.0001,32,0,,none,1.0,,,0,False,0,0.25,,False,,10,,,,False,0,0,,,1.3021,,,pyramid_leveliters_500_1000,"[500, 1000]","[700, 1300]"
kodim19,5000,0,5000,5000,aniso_onedge,central,luma,structure,wse,tensor,bilinear,spacing,none,none,cuda,0.0,constant,none,l1,none,adam,none,off,off,off,pyramid,none,sampled_add,off,target,off,off,none,strategy=aniso_onedge|tensor=central|tensor_color=luma|density=structure|sampling=wse|orientation=tensor|color=bilinear|scale=spacing|scale_cap=none|opacity=none|renderer=cuda|aa=0.0|color_basis=constant|color_solve=none|loss=l1|loss_weight=none|optimizer=adam|lr_schedule=none|refine_site=none|refine_primitive=sampled_add|refine_nms=off|refine_color=target|refine_prune=off|refine_relocate=off|state_seed=off|row_temper=off|support_fade=off|pyramid=pyramid,False,False,,,,ok,31.298,0.85703,0.96426,,0.026129,29.09493629577718,observed,,{},,5000,1500,False,,0.8721945285797119,6.231118202209473,7.103312730789185,0,,,,,,,,,,,,,none,0.0001,32,0,,none,1.0,,,0,False,0,0.25,,False,,10,,,,False,0,0,,,3.2552,,,pyramid_leveliters_500_1000,"[500, 1000]","[1750, 3250]"
kodim19,5000,0,5000,5000,quadtree_wse,central,luma,structure,wse,tensor,bilinear,spacing,none,none,cuda,0.0,constant,none,l1,none,adam,none,off,off,off,pyramid,none,sampled_add,off,target,off,off,none,strategy=quadtree_wse|tensor=central|tensor_color=luma|density=structure|sampling=wse|orientation=tensor|color=bilinear|scale=spacing|scale_cap=none|opacity=none|renderer=cuda|aa=0.0|color_basis=constant|color_solve=none|loss=l1|loss_weight=none|optimizer=adam|lr_schedule=none|refine_site=none|refine_primitive=sampled_add|refine_nms=off|refine_color=target|refine_prune=off|refine_relocate=off|state_seed=off|row_temper=off|support_fade=off|pyramid=pyramid,False,False,,,,ok,31.3691,0.85889,0.9643,,0.025845,29.107992627765437,observed,,{},,5000,1500,False,,1.3126270771026611,6.084924221038818,7.397551298141479,0,,,,,,,,,,,,,none,0.0001,32,0,,none,1.0,,,0,False,0,0.25,,False,,10,,,,False,0,0,,,3.2552,,,pyramid_leveliters_500_1000,"[500, 1000]","[1750, 3250]"
