accepted,artifacts,cell_id,cell_total_seconds,coefficients_changed,cold_parameters_exact,cold_render_max_abs,counts,image_id,iterations_run,lpips,method,ms_ssim,n_gaussians,noncolor_changed_fields,parent_field_sha256,parent_id,parent_optimizer_sha256,peak_allocated_bytes,peak_reserved_bytes,protected_metrics,psnr,raw_mse,reporting_metrics,rollback_reason,seed,selected_fraction,selected_iteration,smoke,status,target_sha256,total_seconds,transaction_seconds,worker_peak_rss_bytes
false,"{""config.json"":""cells/coco000000000009_s0_noop/config.json"",""curves.png"":""cells/coco000000000009_s0_noop/curves.png"",""decision"":""decision.json"",""error.png"":""cells/coco000000000009_s0_noop/error.png"",""field.npz"":""cells/coco000000000009_s0_noop/field.npz"",""history.json"":""cells/coco000000000009_s0_noop/history.json"",""input_field.npz"":""cells/coco000000000009_s0_noop/input_field.npz"",""occupancy"":""occupancy.json"",""parent_config.json"":""parents/coco000000000009_s0/config.json"",""parent_field.npz"":""parents/coco000000000009_s0/field.npz"",""parent_history.json"":""parents/coco000000000009_s0/history.json"",""parent_metrics.json"":""parents/coco000000000009_s0/metrics.json"",""parent_optimizer_state.pt"":""parents/coco000000000009_s0/optimizer_state.pt"",""parent_target.npy"":""parents/coco000000000009_s0/target.npy"",""reconstruction.npy"":""cells/coco000000000009_s0_noop/reconstruction.npy"",""reconstruction.png"":""cells/coco000000000009_s0_noop/reconstruction.png"",""request.json"":""cells/coco000000000009_s0_noop/request.json"",""target.png"":""cells/coco000000000009_s0_noop/target.png""}",coco000000000009_s0_noop,0.5455001829977846,false,true,4.172325134277344e-07,"{""basis_apply_calls"":0,""basis_denominator_passes"":0,""basis_transpose_calls"":0,""gaussian_renders"":1,""gradient_evaluations"":0,""quality_evaluations"":1,""raw_coverage_passes"":1}",9,0,0.19461943209171295,noop,0.9567102193832397,2000,[],cb6ab940dc00cb3a1a3f399120123071f16f8aef32ce249432d6a9a2da0a7af4,coco000000000009_s0,f8372e2088562f4268aec895dec8fe84a47a5da34e623dcff4a4c7fea9b8aee1,252531200,314572800,"{""boundary_hole_fraction"":0.0,""boundary_mse"":0.002236007945612073,""boundary_psnr_db"":26.5052665752562,""cvar99_mse"":0.06523604691028595,""finite"":true,""foreground_mse"":0.002236007945612073,""foreground_psnr_db"":26.5052665752562,""interior_hole_fraction"":0.006540934555232525,""n_gaussians"":2000,""outside_coverage_max"":0.0,""outside_max_abs"":0.0,""p99_mse"":0.03530733659863472}",26.50526676012816,0.0022360078504289243,"{""boundary_hole_fraction"":0.0,""boundary_mse"":0.002236007945612073,""boundary_psnr_db"":26.5052665752562,""cvar99_mse"":0.06523604691028595,""finite"":true,""foreground_mse"":0.002236007945612073,""foreground_psnr_db"":26.5052665752562,""interior_hole_fraction"":0.006540934555232525,""n_gaussians"":2000,""outside_coverage_max"":0.0,""outside_max_abs"":0.0,""p99_mse"":0.03530732914805412}",noop,0,0.0,0,false,ok,914d88f4f07f55c2f7ba0c473059119c5eb5ed5dfb83febfbe12856373654213,0.03297008600202389,0.03297008600202389,2101080064
true,"{""config.json"":""cells/coco000000000009_s0_legacy_cg32/config.json"",""curves.png"":""cells/coco000000000009_s0_legacy_cg32/curves.png"",""decision"":""decision.json"",""error.png"":""cells/coco000000000009_s0_legacy_cg32/error.png"",""field.npz"":""cells/coco000000000009_s0_legacy_cg32/field.npz"",""history.json"":""cells/coco000000000009_s0_legacy_cg32/history.json"",""input_field.npz"":""cells/coco000000000009_s0_legacy_cg32/input_field.npz"",""occupancy"":""occupancy.json"",""parent_config.json"":""parents/coco000000000009_s0/config.json"",""parent_field.npz"":""parents/coco000000000009_s0/field.npz"",""parent_history.json"":""parents/coco000000000009_s0/history.json"",""parent_metrics.json"":""parents/coco000000000009_s0/metrics.json"",""parent_optimizer_state.pt"":""parents/coco000000000009_s0/optimizer_state.pt"",""parent_target.npy"":""parents/coco000000000009_s0/target.npy"",""reconstruction.npy"":""cells/coco000000000009_s0_legacy_cg32/reconstruction.npy"",""reconstruction.png"":""cells/coco000000000009_s0_legacy_cg32/reconstruction.png"",""request.json"":""cells/coco000000000009_s0_legacy_cg32/request.json"",""target.png"":""cells/coco000000000009_s0_legacy_cg32/target.png""}",coco000000000009_s0_legacy_cg32,2.778916563001985,true,true,5.364418029785156e-07,"{""basis_apply_calls"":33,""basis_denominator_passes"":1,""basis_transpose_calls"":34,""gaussian_renders"":2,""gradient_evaluations"":0,""quality_evaluations"":2,""raw_coverage_passes"":2}",9,0,0.19454149901866913,legacy_cg32,0.9569918513298035,2000,[],cb6ab940dc00cb3a1a3f399120123071f16f8aef32ce249432d6a9a2da0a7af4,coco000000000009_s0,f8372e2088562f4268aec895dec8fe84a47a5da34e623dcff4a4c7fea9b8aee1,284822528,394264576,"{""boundary_hole_fraction"":0.0,""boundary_mse"":0.0022290388587862253,""boundary_psnr_db"":26.518823604074562,""cvar99_mse"":0.06488355249166489,""finite"":true,""foreground_mse"":0.0022290388587862253,""foreground_psnr_db"":26.518823604074562,""interior_hole_fraction"":0.006540934555232525,""n_gaussians"":2000,""outside_coverage_max"":0.0,""outside_max_abs"":0.0,""p99_mse"":0.03543299064040184}",26.518823924835857,0.002229038694153841,"{""boundary_hole_fraction"":0.0,""boundary_mse"":0.0022290388587862253,""boundary_psnr_db"":26.518823604074562,""cvar99_mse"":0.06488355249166489,""finite"":true,""foreground_mse"":0.0022290388587862253,""foreground_psnr_db"":26.518823604074562,""interior_hole_fraction"":0.006540934555232525,""n_gaussians"":2000,""outside_coverage_max"":0.0,""outside_max_abs"":0.0,""p99_mse"":0.03543299064040184}",,0,1.0,0,false,ok,914d88f4f07f55c2f7ba0c473059119c5eb5ed5dfb83febfbe12856373654213,2.475808630006213,2.475808630006213,2101080064
false,"{""config.json"":""cells/coco000000000009_s0_cg_ray/config.json"",""curves.png"":""cells/coco000000000009_s0_cg_ray/curves.png"",""decision"":""decision.json"",""error.png"":""cells/coco000000000009_s0_cg_ray/error.png"",""field.npz"":""cells/coco000000000009_s0_cg_ray/field.npz"",""history.json"":""cells/coco000000000009_s0_cg_ray/history.json"",""input_field.npz"":""cells/coco000000000009_s0_cg_ray/input_field.npz"",""occupancy"":""occupancy.json"",""parent_config.json"":""parents/coco000000000009_s0/config.json"",""parent_field.npz"":""parents/coco000000000009_s0/field.npz"",""parent_history.json"":""parents/coco000000000009_s0/history.json"",""parent_metrics.json"":""parents/coco000000000009_s0/metrics.json"",""parent_optimizer_state.pt"":""parents/coco000000000009_s0/optimizer_state.pt"",""parent_target.npy"":""parents/coco000000000009_s0/target.npy"",""reconstruction.npy"":""cells/coco000000000009_s0_cg_ray/reconstruction.npy"",""reconstruction.png"":""cells/coco000000000009_s0_cg_ray/reconstruction.png"",""request.json"":""cells/coco000000000009_s0_cg_ray/request.json"",""target.png"":""cells/coco000000000009_s0_cg_ray/target.png""}",coco000000000009_s0_cg_ray,0.3811038339990773,false,true,4.76837158203125e-07,"{""basis_apply_calls"":1,""basis_denominator_passes"":1,""basis_diagonal_passes"":0,""basis_transpose_calls"":0,""gaussian_renders"":1,""interpolated_quality_evaluations"":0,""legacy_cg_iterations"":0,""quality_evaluations"":1,""raw_coverage_passes"":1}",9,0,0.19461897015571594,cg_ray,0.9567102193832397,2000,[],cb6ab940dc00cb3a1a3f399120123071f16f8aef32ce249432d6a9a2da0a7af4,coco000000000009_s0,f8372e2088562f4268aec895dec8fe84a47a5da34e623dcff4a4c7fea9b8aee1,284649472,394264576,"{""boundary_hole_fraction"":0.0,""boundary_mse"":0.002236007945612073,""boundary_psnr_db"":26.5052665752562,""cvar99_mse"":0.06523604691028595,""finite"":true,""foreground_mse"":0.002236007945612073,""foreground_psnr_db"":26.5052665752562,""interior_hole_fraction"":0.006540934555232525,""n_gaussians"":2000,""outside_coverage_max"":0.0,""outside_max_abs"":0.0,""p99_mse"":0.03530734032392502}",26.505266778846853,0.002236007840791419,"{""boundary_hole_fraction"":0.0,""boundary_mse"":0.002236007945612073,""boundary_psnr_db"":26.5052665752562,""cvar99_mse"":0.06523604691028595,""finite"":true,""foreground_mse"":0.002236007945612073,""foreground_psnr_db"":26.5052665752562,""interior_hole_fraction"":0.006540934555232525,""n_gaussians"":2000,""outside_coverage_max"":0.0,""outside_max_abs"":0.0,""p99_mse"":0.03530732914805412}",basis_parent_parity_failed,0,0.0,0,false,ok,914d88f4f07f55c2f7ba0c473059119c5eb5ed5dfb83febfbe12856373654213,0.08703828300349414,0.08703828300349414,2101080064
false,"{""config.json"":""cells/coco000000000009_s0_gradient_ray/config.json"",""curves.png"":""cells/coco000000000009_s0_gradient_ray/curves.png"",""decision"":""decision.json"",""error.png"":""cells/coco000000000009_s0_gradient_ray/error.png"",""field.npz"":""cells/coco000000000009_s0_gradient_ray/field.npz"",""history.json"":""cells/coco000000000009_s0_gradient_ray/history.json"",""input_field.npz"":""cells/coco000000000009_s0_gradient_ray/input_field.npz"",""occupancy"":""occupancy.json"",""parent_config.json"":""parents/coco000000000009_s0/config.json"",""parent_field.npz"":""parents/coco000000000009_s0/field.npz"",""parent_history.json"":""parents/coco000000000009_s0/history.json"",""parent_metrics.json"":""parents/coco000000000009_s0/metrics.json"",""parent_optimizer_state.pt"":""parents/coco000000000009_s0/optimizer_state.pt"",""parent_target.npy"":""parents/coco000000000009_s0/target.npy"",""reconstruction.npy"":""cells/coco000000000009_s0_gradient_ray/reconstruction.npy"",""reconstruction.png"":""cells/coco000000000009_s0_gradient_ray/reconstruction.png"",""request.json"":""cells/coco000000000009_s0_gradient_ray/request.json"",""target.png"":""cells/coco000000000009_s0_gradient_ray/target.png""}",coco000000000009_s0_gradient_ray,0.3875659670011373,false,true,4.172325134277344e-07,"{""basis_apply_calls"":1,""basis_denominator_passes"":1,""basis_diagonal_passes"":0,""basis_transpose_calls"":0,""gaussian_renders"":1,""interpolated_quality_evaluations"":0,""legacy_cg_iterations"":0,""quality_evaluations"":1,""raw_coverage_passes"":1}",9,0,0.19461898505687714,gradient_ray,0.956710159778595,2000,[],cb6ab940dc00cb3a1a3f399120123071f16f8aef32ce249432d6a9a2da0a7af4,coco000000000009_s0,f8372e2088562f4268aec895dec8fe84a47a5da34e623dcff4a4c7fea9b8aee1,284649472,394264576,"{""boundary_hole_fraction"":0.0,""boundary_mse"":0.002236007945612073,""boundary_psnr_db"":26.5052665752562,""cvar99_mse"":0.06523604691028595,""finite"":true,""foreground_mse"":0.002236007945612073,""foreground_psnr_db"":26.5052665752562,""interior_hole_fraction"":0.006540934555232525,""n_gaussians"":2000,""outside_coverage_max"":0.0,""outside_max_abs"":0.0,""p99_mse"":0.035307321697473526}",26.505266777512784,0.002236007841478278,"{""boundary_hole_fraction"":0.0,""boundary_mse"":0.002236007945612073,""boundary_psnr_db"":26.5052665752562,""cvar99_mse"":0.06523604691028595,""finite"":true,""foreground_mse"":0.002236007945612073,""foreground_psnr_db"":26.5052665752562,""interior_hole_fraction"":0.006540934555232525,""n_gaussians"":2000,""outside_coverage_max"":0.0,""outside_max_abs"":0.0,""p99_mse"":0.03530733659863472}",basis_parent_parity_failed,0,0.0,0,false,ok,914d88f4f07f55c2f7ba0c473059119c5eb5ed5dfb83febfbe12856373654213,0.08710133499698713,0.08710133499698713,2101080064
false,"{""config.json"":""cells/coco000000000009_s0_jacobi_ray/config.json"",""curves.png"":""cells/coco000000000009_s0_jacobi_ray/curves.png"",""decision"":""decision.json"",""error.png"":""cells/coco000000000009_s0_jacobi_ray/error.png"",""field.npz"":""cells/coco000000000009_s0_jacobi_ray/field.npz"",""history.json"":""cells/coco000000000009_s0_jacobi_ray/history.json"",""input_field.npz"":""cells/coco000000000009_s0_jacobi_ray/input_field.npz"",""occupancy"":""occupancy.json"",""parent_config.json"":""parents/coco000000000009_s0/config.json"",""parent_field.npz"":""parents/coco000000000009_s0/field.npz"",""parent_history.json"":""parents/coco000000000009_s0/history.json"",""parent_metrics.json"":""parents/coco000000000009_s0/metrics.json"",""parent_optimizer_state.pt"":""parents/coco000000000009_s0/optimizer_state.pt"",""parent_target.npy"":""parents/coco000000000009_s0/target.npy"",""reconstruction.npy"":""cells/coco000000000009_s0_jacobi_ray/reconstruction.npy"",""reconstruction.png"":""cells/coco000000000009_s0_jacobi_ray/reconstruction.png"",""request.json"":""cells/coco000000000009_s0_jacobi_ray/request.json"",""target.png"":""cells/coco000000000009_s0_jacobi_ray/target.png""}",coco000000000009_s0_jacobi_ray,0.381824151998444,false,true,4.76837158203125e-07,"{""basis_apply_calls"":1,""basis_denominator_passes"":1,""basis_diagonal_passes"":0,""basis_transpose_calls"":0,""gaussian_renders"":1,""interpolated_quality_evaluations"":0,""legacy_cg_iterations"":0,""quality_evaluations"":1,""raw_coverage_passes"":1}",9,0,0.19461876153945923,jacobi_ray,0.9567102193832397,2000,[],cb6ab940dc00cb3a1a3f399120123071f16f8aef32ce249432d6a9a2da0a7af4,coco000000000009_s0,f8372e2088562f4268aec895dec8fe84a47a5da34e623dcff4a4c7fea9b8aee1,284649472,394264576,"{""boundary_hole_fraction"":0.0,""boundary_mse"":0.002236007945612073,""boundary_psnr_db"":26.5052665752562,""cvar99_mse"":0.06523604691028595,""finite"":true,""foreground_mse"":0.002236007945612073,""foreground_psnr_db"":26.5052665752562,""interior_hole_fraction"":0.006540934555232525,""n_gaussians"":2000,""outside_coverage_max"":0.0,""outside_max_abs"":0.0,""p99_mse"":0.03530733659863472}",26.505266784615085,0.0022360078378215885,"{""boundary_hole_fraction"":0.0,""boundary_mse"":0.002236007945612073,""boundary_psnr_db"":26.5052665752562,""cvar99_mse"":0.06523604691028595,""finite"":true,""foreground_mse"":0.002236007945612073,""foreground_psnr_db"":26.5052665752562,""interior_hole_fraction"":0.006540934555232525,""n_gaussians"":2000,""outside_coverage_max"":0.0,""outside_max_abs"":0.0,""p99_mse"":0.03530733659863472}",basis_parent_parity_failed,0,0.0,0,false,ok,914d88f4f07f55c2f7ba0c473059119c5eb5ed5dfb83febfbe12856373654213,0.08718779300397728,0.08718779300397728,2101080064
true,"{""config.json"":""cells/coco000000000009_s0_adam32/config.json"",""curves.png"":""cells/coco000000000009_s0_adam32/curves.png"",""decision"":""decision.json"",""error.png"":""cells/coco000000000009_s0_adam32/error.png"",""field.npz"":""cells/coco000000000009_s0_adam32/field.npz"",""history.json"":""cells/coco000000000009_s0_adam32/history.json"",""input_field.npz"":""cells/coco000000000009_s0_adam32/input_field.npz"",""occupancy"":""occupancy.json"",""parent_config.json"":""parents/coco000000000009_s0/config.json"",""parent_field.npz"":""parents/coco000000000009_s0/field.npz"",""parent_history.json"":""parents/coco000000000009_s0/history.json"",""parent_metrics.json"":""parents/coco000000000009_s0/metrics.json"",""parent_optimizer_state.pt"":""parents/coco000000000009_s0/optimizer_state.pt"",""parent_target.npy"":""parents/coco000000000009_s0/target.npy"",""reconstruction.npy"":""cells/coco000000000009_s0_adam32/reconstruction.npy"",""reconstruction.png"":""cells/coco000000000009_s0_adam32/reconstruction.png"",""request.json"":""cells/coco000000000009_s0_adam32/request.json"",""target.png"":""cells/coco000000000009_s0_adam32/target.png""}",coco000000000009_s0_adam32,0.47402832099760417,true,true,4.76837158203125e-07,"{""basis_apply_calls"":0,""basis_denominator_passes"":0,""basis_transpose_calls"":0,""gaussian_renders"":35,""gradient_evaluations"":32,""quality_evaluations"":2,""raw_coverage_passes"":2}",9,32,0.19339653849601746,adam32,0.9569035172462463,2000,"[""means"",""log_scales"",""rotations""]",cb6ab940dc00cb3a1a3f399120123071f16f8aef32ce249432d6a9a2da0a7af4,coco000000000009_s0,f8372e2088562f4268aec895dec8fe84a47a5da34e623dcff4a4c7fea9b8aee1,263001088,394264576,"{""boundary_hole_fraction"":0.0,""boundary_mse"":0.0022245212458074093,""boundary_psnr_db"":26.527634420656966,""cvar99_mse"":0.06488037109375,""finite"":true,""foreground_mse"":0.0022245212458074093,""foreground_psnr_db"":26.527634420656966,""interior_hole_fraction"":0.00640869140625,""n_gaussians"":2000,""outside_coverage_max"":0.0,""outside_max_abs"":0.0,""p99_mse"":0.03504476696252823}",26.52763442126208,0.0022245212454974615,"{""boundary_hole_fraction"":0.0,""boundary_mse"":0.0022245212458074093,""boundary_psnr_db"":26.527634420656966,""cvar99_mse"":0.06488037109375,""finite"":true,""foreground_mse"":0.0022245212458074093,""foreground_psnr_db"":26.527634420656966,""interior_hole_fraction"":0.00640869140625,""n_gaussians"":2000,""outside_coverage_max"":0.0,""outside_max_abs"":0.0,""p99_mse"":0.03504476696252823}",,0,1.0,32,false,ok,914d88f4f07f55c2f7ba0c473059119c5eb5ed5dfb83febfbe12856373654213,0.17360510499565862,0.17360510499565862,2101080064
false,"{""config.json"":""cells/coco000000000009_s1_legacy_cg32/config.json"",""curves.png"":""cells/coco000000000009_s1_legacy_cg32/curves.png"",""decision"":""decision.json"",""error.png"":""cells/coco000000000009_s1_legacy_cg32/error.png"",""field.npz"":""cells/coco000000000009_s1_legacy_cg32/field.npz"",""history.json"":""cells/coco000000000009_s1_legacy_cg32/history.json"",""input_field.npz"":""cells/coco000000000009_s1_legacy_cg32/input_field.npz"",""occupancy"":""occupancy.json"",""parent_config.json"":""parents/coco000000000009_s1/config.json"",""parent_field.npz"":""parents/coco000000000009_s1/field.npz"",""parent_history.json"":""parents/coco000000000009_s1/history.json"",""parent_metrics.json"":""parents/coco000000000009_s1/metrics.json"",""parent_optimizer_state.pt"":""parents/coco000000000009_s1/optimizer_state.pt"",""parent_target.npy"":""parents/coco000000000009_s1/target.npy"",""reconstruction.npy"":""cells/coco000000000009_s1_legacy_cg32/reconstruction.npy"",""reconstruction.png"":""cells/coco000000000009_s1_legacy_cg32/reconstruction.png"",""request.json"":""cells/coco000000000009_s1_legacy_cg32/request.json"",""target.png"":""cells/coco000000000009_s1_legacy_cg32/target.png""}",coco000000000009_s1_legacy_cg32,3.404607380995003,false,true,4.172325134277344e-07,"{""basis_apply_calls"":33,""basis_denominator_passes"":1,""basis_transpose_calls"":34,""gaussian_renders"":2,""gradient_evaluations"":0,""quality_evaluations"":2,""raw_coverage_passes"":2}",9,0,0.19982120394706726,legacy_cg32,0.9565301537513733,2000,[],4cf04cf51a886ae45815d2c35ed3feb0e73c6c10a22dd7fdef627e928741ca0e,coco000000000009_s1,507b5200309db0ef22bd936f49ae1ee5d4bfbd2f852282a03a133e662d99580e,280332288,373293056,"{""boundary_hole_fraction"":0.0,""boundary_mse"":0.002253203885629773,""boundary_psnr_db"":26.47199508499125,""cvar99_mse"":0.06704747676849365,""finite"":true,""foreground_mse"":0.002253203885629773,""foreground_psnr_db"":26.47199508499125,""interior_hole_fraction"":0.0039723715744912624,""n_gaussians"":2000,""outside_coverage_max"":0.0,""outside_max_abs"":0.0,""p99_mse"":0.03542652353644371}",26.47199546808701,0.0022532036868722826,"{""boundary_hole_fraction"":0.0,""boundary_mse"":0.002253203885629773,""boundary_psnr_db"":26.47199508499125,""cvar99_mse"":0.06704747676849365,""finite"":true,""foreground_mse"":0.002253203885629773,""foreground_psnr_db"":26.47199508499125,""interior_hole_fraction"":0.0039723715744912624,""n_gaussians"":2000,""outside_coverage_max"":0.0,""outside_max_abs"":0.0,""p99_mse"":0.03542652726173401}",candidate_rejected,1,0.0,0,false,ok,914d88f4f07f55c2f7ba0c473059119c5eb5ed5dfb83febfbe12856373654213,2.8920707069992204,2.8920707069992204,2084585472
false,"{""config.json"":""cells/coco000000000009_s1_cg_ray/config.json"",""curves.png"":""cells/coco000000000009_s1_cg_ray/curves.png"",""decision"":""decision.json"",""error.png"":""cells/coco000000000009_s1_cg_ray/error.png"",""field.npz"":""cells/coco000000000009_s1_cg_ray/field.npz"",""history.json"":""cells/coco000000000009_s1_cg_ray/history.json"",""input_field.npz"":""cells/coco000000000009_s1_cg_ray/input_field.npz"",""occupancy"":""occupancy.json"",""parent_config.json"":""parents/coco000000000009_s1/config.json"",""parent_field.npz"":""parents/coco000000000009_s1/field.npz"",""parent_history.json"":""parents/coco000000000009_s1/history.json"",""parent_metrics.json"":""parents/coco000000000009_s1/metrics.json"",""parent_optimizer_state.pt"":""parents/coco000000000009_s1/optimizer_state.pt"",""parent_target.npy"":""parents/coco000000000009_s1/target.npy"",""reconstruction.npy"":""cells/coco000000000009_s1_cg_ray/reconstruction.npy"",""reconstruction.png"":""cells/coco000000000009_s1_cg_ray/reconstruction.png"",""request.json"":""cells/coco000000000009_s1_cg_ray/request.json"",""target.png"":""cells/coco000000000009_s1_cg_ray/target.png""}",coco000000000009_s1_cg_ray,0.411066695000045,false,true,4.76837158203125e-07,"{""basis_apply_calls"":1,""basis_denominator_passes"":1,""basis_diagonal_passes"":0,""basis_transpose_calls"":0,""gaussian_renders"":1,""interpolated_quality_evaluations"":0,""legacy_cg_iterations"":0,""quality_evaluations"":1,""raw_coverage_passes"":1}",9,0,0.1998206377029419,cg_ray,0.9565302729606628,2000,[],4cf04cf51a886ae45815d2c35ed3feb0e73c6c10a22dd7fdef627e928741ca0e,coco000000000009_s1,507b5200309db0ef22bd936f49ae1ee5d4bfbd2f852282a03a133e662d99580e,285007872,377487360,"{""boundary_hole_fraction"":0.0,""boundary_mse"":0.002253203885629773,""boundary_psnr_db"":26.47199508499125,""cvar99_mse"":0.06704747676849365,""finite"":true,""foreground_mse"":0.002253203885629773,""foreground_psnr_db"":26.47199508499125,""interior_hole_fraction"":0.0039723715744912624,""n_gaussians"":2000,""outside_coverage_max"":0.0,""outside_max_abs"":0.0,""p99_mse"":0.03542652353644371}",26.471995460244386,0.0022532036909411867,"{""boundary_hole_fraction"":0.0,""boundary_mse"":0.002253203885629773,""boundary_psnr_db"":26.47199508499125,""cvar99_mse"":0.06704747676849365,""finite"":true,""foreground_mse"":0.002253203885629773,""foreground_psnr_db"":26.47199508499125,""interior_hole_fraction"":0.0039723715744912624,""n_gaussians"":2000,""outside_coverage_max"":0.0,""outside_max_abs"":0.0,""p99_mse"":0.03542653098702431}",basis_parent_parity_failed,1,0.0,0,false,ok,914d88f4f07f55c2f7ba0c473059119c5eb5ed5dfb83febfbe12856373654213,0.10025922599743353,0.10025922599743353,2084585472
false,"{""config.json"":""cells/coco000000000009_s1_gradient_ray/config.json"",""curves.png"":""cells/coco000000000009_s1_gradient_ray/curves.png"",""decision"":""decision.json"",""error.png"":""cells/coco000000000009_s1_gradient_ray/error.png"",""field.npz"":""cells/coco000000000009_s1_gradient_ray/field.npz"",""history.json"":""cells/coco000000000009_s1_gradient_ray/history.json"",""input_field.npz"":""cells/coco000000000009_s1_gradient_ray/input_field.npz"",""occupancy"":""occupancy.json"",""parent_config.json"":""parents/coco000000000009_s1/config.json"",""parent_field.npz"":""parents/coco000000000009_s1/field.npz"",""parent_history.json"":""parents/coco000000000009_s1/history.json"",""parent_metrics.json"":""parents/coco000000000009_s1/metrics.json"",""parent_optimizer_state.pt"":""parents/coco000000000009_s1/optimizer_state.pt"",""parent_target.npy"":""parents/coco000000000009_s1/target.npy"",""reconstruction.npy"":""cells/coco000000000009_s1_gradient_ray/reconstruction.npy"",""reconstruction.png"":""cells/coco000000000009_s1_gradient_ray/reconstruction.png"",""request.json"":""cells/coco000000000009_s1_gradient_ray/request.json"",""target.png"":""cells/coco000000000009_s1_gradient_ray/target.png""}",coco000000000009_s1_gradient_ray,0.4076312670003972,false,true,4.172325134277344e-07,"{""basis_apply_calls"":1,""basis_denominator_passes"":1,""basis_diagonal_passes"":0,""basis_transpose_calls"":0,""gaussian_renders"":1,""interpolated_quality_evaluations"":0,""legacy_cg_iterations"":0,""quality_evaluations"":1,""raw_coverage_passes"":1}",9,0,0.19982078671455383,gradient_ray,0.9565302133560181,2000,[],4cf04cf51a886ae45815d2c35ed3feb0e73c6c10a22dd7fdef627e928741ca0e,coco000000000009_s1,507b5200309db0ef22bd936f49ae1ee5d4bfbd2f852282a03a133e662d99580e,285007872,377487360,"{""boundary_hole_fraction"":0.0,""boundary_mse"":0.002253203885629773,""boundary_psnr_db"":26.47199508499125,""cvar99_mse"":0.06704747676849365,""finite"":true,""foreground_mse"":0.002253203885629773,""foreground_psnr_db"":26.47199508499125,""interior_hole_fraction"":0.0039723715744912624,""n_gaussians"":2000,""outside_coverage_max"":0.0,""outside_max_abs"":0.0,""p99_mse"":0.03542651608586311}",26.471995466793416,0.0022532036875434255,"{""boundary_hole_fraction"":0.0,""boundary_mse"":0.002253203885629773,""boundary_psnr_db"":26.47199508499125,""cvar99_mse"":0.06704747676849365,""finite"":true,""foreground_mse"":0.002253203885629773,""foreground_psnr_db"":26.47199508499125,""interior_hole_fraction"":0.0039723715744912624,""n_gaussians"":2000,""outside_coverage_max"":0.0,""outside_max_abs"":0.0,""p99_mse"":0.03542652353644371}",basis_parent_parity_failed,1,0.0,0,false,ok,914d88f4f07f55c2f7ba0c473059119c5eb5ed5dfb83febfbe12856373654213,0.10028759100532625,0.10028759100532625,2084585472
false,"{""config.json"":""cells/coco000000000009_s1_jacobi_ray/config.json"",""curves.png"":""cells/coco000000000009_s1_jacobi_ray/curves.png"",""decision"":""decision.json"",""error.png"":""cells/coco000000000009_s1_jacobi_ray/error.png"",""field.npz"":""cells/coco000000000009_s1_jacobi_ray/field.npz"",""history.json"":""cells/coco000000000009_s1_jacobi_ray/history.json"",""input_field.npz"":""cells/coco000000000009_s1_jacobi_ray/input_field.npz"",""occupancy"":""occupancy.json"",""parent_config.json"":""parents/coco000000000009_s1/config.json"",""parent_field.npz"":""parents/coco000000000009_s1/field.npz"",""parent_history.json"":""parents/coco000000000009_s1/history.json"",""parent_metrics.json"":""parents/coco000000000009_s1/metrics.json"",""parent_optimizer_state.pt"":""parents/coco000000000009_s1/optimizer_state.pt"",""parent_target.npy"":""parents/coco000000000009_s1/target.npy"",""reconstruction.npy"":""cells/coco000000000009_s1_jacobi_ray/reconstruction.npy"",""reconstruction.png"":""cells/coco000000000009_s1_jacobi_ray/reconstruction.png"",""request.json"":""cells/coco000000000009_s1_jacobi_ray/request.json"",""target.png"":""cells/coco000000000009_s1_jacobi_ray/target.png""}",coco000000000009_s1_jacobi_ray,0.4061288049997529,false,true,5.364418029785156e-07,"{""basis_apply_calls"":1,""basis_denominator_passes"":1,""basis_diagonal_passes"":0,""basis_transpose_calls"":0,""gaussian_renders"":1,""interpolated_quality_evaluations"":0,""legacy_cg_iterations"":0,""quality_evaluations"":1,""raw_coverage_passes"":1}",9,0,0.19982025027275085,jacobi_ray,0.9565302133560181,2000,[],4cf04cf51a886ae45815d2c35ed3feb0e73c6c10a22dd7fdef627e928741ca0e,coco000000000009_s1,507b5200309db0ef22bd936f49ae1ee5d4bfbd2f852282a03a133e662d99580e,285007872,377487360,"{""boundary_hole_fraction"":0.0,""boundary_mse"":0.002253203885629773,""boundary_psnr_db"":26.47199508499125,""cvar99_mse"":0.06704747676849365,""finite"":true,""foreground_mse"":0.002253203885629773,""foreground_psnr_db"":26.47199508499125,""interior_hole_fraction"":0.0039723715744912624,""n_gaussians"":2000,""outside_coverage_max"":0.0,""outside_max_abs"":0.0,""p99_mse"":0.035426512360572815}",26.471995461939706,0.002253203690061621,"{""boundary_hole_fraction"":0.0,""boundary_mse"":0.0022532036527991295,""boundary_psnr_db"":26.47199553376142,""cvar99_mse"":0.06704747676849365,""finite"":true,""foreground_mse"":0.0022532036527991295,""foreground_psnr_db"":26.47199553376142,""interior_hole_fraction"":0.0039723715744912624,""n_gaussians"":2000,""outside_coverage_max"":0.0,""outside_max_abs"":0.0,""p99_mse"":0.03542651608586311}",basis_parent_parity_failed,1,0.0,0,false,ok,914d88f4f07f55c2f7ba0c473059119c5eb5ed5dfb83febfbe12856373654213,0.10020562399586197,0.10020562399586197,2084585472
false,"{""config.json"":""cells/coco000000000009_s1_adam32/config.json"",""curves.png"":""cells/coco000000000009_s1_adam32/curves.png"",""decision"":""decision.json"",""error.png"":""cells/coco000000000009_s1_adam32/error.png"",""field.npz"":""cells/coco000000000009_s1_adam32/field.npz"",""history.json"":""cells/coco000000000009_s1_adam32/history.json"",""input_field.npz"":""cells/coco000000000009_s1_adam32/input_field.npz"",""occupancy"":""occupancy.json"",""parent_config.json"":""parents/coco000000000009_s1/config.json"",""parent_field.npz"":""parents/coco000000000009_s1/field.npz"",""parent_history.json"":""parents/coco000000000009_s1/history.json"",""parent_metrics.json"":""parents/coco000000000009_s1/metrics.json"",""parent_optimizer_state.pt"":""parents/coco000000000009_s1/optimizer_state.pt"",""parent_target.npy"":""parents/coco000000000009_s1/target.npy"",""reconstruction.npy"":""cells/coco000000000009_s1_adam32/reconstruction.npy"",""reconstruction.png"":""cells/coco000000000009_s1_adam32/reconstruction.png"",""request.json"":""cells/coco000000000009_s1_adam32/request.json"",""target.png"":""cells/coco000000000009_s1_adam32/target.png""}",coco000000000009_s1_adam32,0.5066377600014675,false,true,4.76837158203125e-07,"{""basis_apply_calls"":0,""basis_denominator_passes"":0,""basis_transpose_calls"":0,""gaussian_renders"":35,""gradient_evaluations"":32,""quality_evaluations"":2,""raw_coverage_passes"":2}",9,32,0.19982050359249115,adam32,0.9565302729606628,2000,[],4cf04cf51a886ae45815d2c35ed3feb0e73c6c10a22dd7fdef627e928741ca0e,coco000000000009_s1,507b5200309db0ef22bd936f49ae1ee5d4bfbd2f852282a03a133e662d99580e,262263808,377487360,"{""boundary_hole_fraction"":0.0,""boundary_mse"":0.002253203885629773,""boundary_psnr_db"":26.47199508499125,""cvar99_mse"":0.06704747676849365,""finite"":true,""foreground_mse"":0.002253203885629773,""foreground_psnr_db"":26.47199508499125,""interior_hole_fraction"":0.0039723715744912624,""n_gaussians"":2000,""outside_coverage_max"":0.0,""outside_max_abs"":0.0,""p99_mse"":0.03542651608586311}",26.471995465932395,0.0022532036879901363,"{""boundary_hole_fraction"":0.0,""boundary_mse"":0.002253203885629773,""boundary_psnr_db"":26.47199508499125,""cvar99_mse"":0.06704747676849365,""finite"":true,""foreground_mse"":0.002253203885629773,""foreground_psnr_db"":26.47199508499125,""interior_hole_fraction"":0.0039723715744912624,""n_gaussians"":2000,""outside_coverage_max"":0.0,""outside_max_abs"":0.0,""p99_mse"":0.03542651608586311}",candidate_rejected,1,0.0,0,false,ok,914d88f4f07f55c2f7ba0c473059119c5eb5ed5dfb83febfbe12856373654213,0.19543802299449453,0.19543802299449453,2084585472
false,"{""config.json"":""cells/coco000000000009_s1_noop/config.json"",""curves.png"":""cells/coco000000000009_s1_noop/curves.png"",""decision"":""decision.json"",""error.png"":""cells/coco000000000009_s1_noop/error.png"",""field.npz"":""cells/coco000000000009_s1_noop/field.npz"",""history.json"":""cells/coco000000000009_s1_noop/history.json"",""input_field.npz"":""cells/coco000000000009_s1_noop/input_field.npz"",""occupancy"":""occupancy.json"",""parent_config.json"":""parents/coco000000000009_s1/config.json"",""parent_field.npz"":""parents/coco000000000009_s1/field.npz"",""parent_history.json"":""parents/coco000000000009_s1/history.json"",""parent_metrics.json"":""parents/coco000000000009_s1/metrics.json"",""parent_optimizer_state.pt"":""parents/coco000000000009_s1/optimizer_state.pt"",""parent_target.npy"":""parents/coco000000000009_s1/target.npy"",""reconstruction.npy"":""cells/coco000000000009_s1_noop/reconstruction.npy"",""reconstruction.png"":""cells/coco000000000009_s1_noop/reconstruction.png"",""request.json"":""cells/coco000000000009_s1_noop/request.json"",""target.png"":""cells/coco000000000009_s1_noop/target.png""}",coco000000000009_s1_noop,0.34209443900181213,false,true,4.76837158203125e-07,"{""basis_apply_calls"":0,""basis_denominator_passes"":0,""basis_transpose_calls"":0,""gaussian_renders"":1,""gradient_evaluations"":0,""quality_evaluations"":1,""raw_coverage_passes"":1}",9,0,0.1998205929994583,noop,0.9565302133560181,2000,[],4cf04cf51a886ae45815d2c35ed3feb0e73c6c10a22dd7fdef627e928741ca0e,coco000000000009_s1,507b5200309db0ef22bd936f49ae1ee5d4bfbd2f852282a03a133e662d99580e,257529344,377487360,"{""boundary_hole_fraction"":0.0,""boundary_mse"":0.002253203885629773,""boundary_psnr_db"":26.47199508499125,""cvar99_mse"":0.06704747676849365,""finite"":true,""foreground_mse"":0.002253203885629773,""foreground_psnr_db"":26.47199508499125,""interior_hole_fraction"":0.0039723715744912624,""n_gaussians"":2000,""outside_coverage_max"":0.0,""outside_max_abs"":0.0,""p99_mse"":0.03542652353644371}",26.471995472006622,0.0022532036848387127,"{""boundary_hole_fraction"":0.0,""boundary_mse"":0.0022532036527991295,""boundary_psnr_db"":26.47199553376142,""cvar99_mse"":0.06704746186733246,""finite"":true,""foreground_mse"":0.0022532036527991295,""foreground_psnr_db"":26.47199553376142,""interior_hole_fraction"":0.0039723715744912624,""n_gaussians"":2000,""outside_coverage_max"":0.0,""outside_max_abs"":0.0,""p99_mse"":0.03542652353644371}",noop,1,0.0,0,false,ok,914d88f4f07f55c2f7ba0c473059119c5eb5ed5dfb83febfbe12856373654213,0.033383052999852225,0.033383052999852225,2084585472
false,"{""config.json"":""cells/coco000000000025_s0_cg_ray/config.json"",""curves.png"":""cells/coco000000000025_s0_cg_ray/curves.png"",""decision"":""decision.json"",""error.png"":""cells/coco000000000025_s0_cg_ray/error.png"",""field.npz"":""cells/coco000000000025_s0_cg_ray/field.npz"",""history.json"":""cells/coco000000000025_s0_cg_ray/history.json"",""input_field.npz"":""cells/coco000000000025_s0_cg_ray/input_field.npz"",""occupancy"":""occupancy.json"",""parent_config.json"":""parents/coco000000000025_s0/config.json"",""parent_field.npz"":""parents/coco000000000025_s0/field.npz"",""parent_history.json"":""parents/coco000000000025_s0/history.json"",""parent_metrics.json"":""parents/coco000000000025_s0/metrics.json"",""parent_optimizer_state.pt"":""parents/coco000000000025_s0/optimizer_state.pt"",""parent_target.npy"":""parents/coco000000000025_s0/target.npy"",""reconstruction.npy"":""cells/coco000000000025_s0_cg_ray/reconstruction.npy"",""reconstruction.png"":""cells/coco000000000025_s0_cg_ray/reconstruction.png"",""request.json"":""cells/coco000000000025_s0_cg_ray/request.json"",""target.png"":""cells/coco000000000025_s0_cg_ray/target.png""}",coco000000000025_s0_cg_ray,0.5164814630043111,false,true,3.5762786865234375e-07,"{""basis_apply_calls"":1,""basis_denominator_passes"":1,""basis_diagonal_passes"":0,""basis_transpose_calls"":0,""gaussian_renders"":1,""interpolated_quality_evaluations"":0,""legacy_cg_iterations"":0,""quality_evaluations"":1,""raw_coverage_passes"":1}",25,0,0.5374319553375244,cg_ray,0.894514799118042,2000,[],22ff4e3d17991192d2d500685e9006a4b6e70d1151ca11ec3aa885285a127238,coco000000000025_s0,2c288b5e5baed4c0946cf5156a31bb8a30c19f8402303caa95aa1d1670d4ed63,277278208,367001600,"{""boundary_hole_fraction"":0.0,""boundary_mse"":0.006736390292644501,""boundary_psnr_db"":21.715727586474447,""cvar99_mse"":0.10435181856155396,""finite"":true,""foreground_mse"":0.006736390292644501,""foreground_psnr_db"":21.715727586474447,""interior_hole_fraction"":0.01173020526766777,""n_gaussians"":2000,""outside_coverage_max"":0.0,""outside_max_abs"":0.0,""p99_mse"":0.06114941090345383}",21.715727724444154,0.006736390078638151,"{""boundary_hole_fraction"":0.0,""boundary_mse"":0.006736390292644501,""boundary_psnr_db"":21.715727586474447,""cvar99_mse"":0.10435181111097336,""finite"":true,""foreground_mse"":0.006736390292644501,""foreground_psnr_db"":21.715727586474447,""interior_hole_fraction"":0.01173020526766777,""n_gaussians"":2000,""outside_coverage_max"":0.0,""outside_max_abs"":0.0,""p99_mse"":0.061149436980485916}",basis_parent_parity_failed,0,0.0,0,false,ok,77fd5212f1e1c34f8ab55ca7099bcb120566508fefe6d685780ce79ec5dc35c6,0.059812307998072356,0.059812307998072356,2087464960
false,"{""config.json"":""cells/coco000000000025_s0_gradient_ray/config.json"",""curves.png"":""cells/coco000000000025_s0_gradient_ray/curves.png"",""decision"":""decision.json"",""error.png"":""cells/coco000000000025_s0_gradient_ray/error.png"",""field.npz"":""cells/coco000000000025_s0_gradient_ray/field.npz"",""history.json"":""cells/coco000000000025_s0_gradient_ray/history.json"",""input_field.npz"":""cells/coco000000000025_s0_gradient_ray/input_field.npz"",""occupancy"":""occupancy.json"",""parent_config.json"":""parents/coco000000000025_s0/config.json"",""parent_field.npz"":""parents/coco000000000025_s0/field.npz"",""parent_history.json"":""parents/coco000000000025_s0/history.json"",""parent_metrics.json"":""parents/coco000000000025_s0/metrics.json"",""parent_optimizer_state.pt"":""parents/coco000000000025_s0/optimizer_state.pt"",""parent_target.npy"":""parents/coco000000000025_s0/target.npy"",""reconstruction.npy"":""cells/coco000000000025_s0_gradient_ray/reconstruction.npy"",""reconstruction.png"":""cells/coco000000000025_s0_gradient_ray/reconstruction.png"",""request.json"":""cells/coco000000000025_s0_gradient_ray/request.json"",""target.png"":""cells/coco000000000025_s0_gradient_ray/target.png""}",coco000000000025_s0_gradient_ray,0.30269109899381874,false,true,3.5762786865234375e-07,"{""basis_apply_calls"":1,""basis_denominator_passes"":1,""basis_diagonal_passes"":0,""basis_transpose_calls"":0,""gaussian_renders"":1,""interpolated_quality_evaluations"":0,""legacy_cg_iterations"":0,""quality_evaluations"":1,""raw_coverage_passes"":1}",25,0,0.5374321341514587,gradient_ray,0.894514799118042,2000,[],22ff4e3d17991192d2d500685e9006a4b6e70d1151ca11ec3aa885285a127238,coco000000000025_s0,2c288b5e5baed4c0946cf5156a31bb8a30c19f8402303caa95aa1d1670d4ed63,281605632,371195904,"{""boundary_hole_fraction"":0.0,""boundary_mse"":0.006736390292644501,""boundary_psnr_db"":21.715727586474447,""cvar99_mse"":0.10435181856155396,""finite"":true,""foreground_mse"":0.006736390292644501,""foreground_psnr_db"":21.715727586474447,""interior_hole_fraction"":0.01173020526766777,""n_gaussians"":2000,""outside_coverage_max"":0.0,""outside_max_abs"":0.0,""p99_mse"":0.06114941090345383}",21.715727725287675,0.006736390077329756,"{""boundary_hole_fraction"":0.0,""boundary_mse"":0.006736390292644501,""boundary_psnr_db"":21.715727586474447,""cvar99_mse"":0.10435181111097336,""finite"":true,""foreground_mse"":0.006736390292644501,""foreground_psnr_db"":21.715727586474447,""interior_hole_fraction"":0.01173020526766777,""n_gaussians"":2000,""outside_coverage_max"":0.0,""outside_max_abs"":0.0,""p99_mse"":0.06114941090345383}",basis_parent_parity_failed,0,0.0,0,false,ok,77fd5212f1e1c34f8ab55ca7099bcb120566508fefe6d685780ce79ec5dc35c6,0.054365768999559805,0.054365768999559805,2087464960
false,"{""config.json"":""cells/coco000000000025_s0_jacobi_ray/config.json"",""curves.png"":""cells/coco000000000025_s0_jacobi_ray/curves.png"",""decision"":""decision.json"",""error.png"":""cells/coco000000000025_s0_jacobi_ray/error.png"",""field.npz"":""cells/coco000000000025_s0_jacobi_ray/field.npz"",""history.json"":""cells/coco000000000025_s0_jacobi_ray/history.json"",""input_field.npz"":""cells/coco000000000025_s0_jacobi_ray/input_field.npz"",""occupancy"":""occupancy.json"",""parent_config.json"":""parents/coco000000000025_s0/config.json"",""parent_field.npz"":""parents/coco000000000025_s0/field.npz"",""parent_history.json"":""parents/coco000000000025_s0/history.json"",""parent_metrics.json"":""parents/coco000000000025_s0/metrics.json"",""parent_optimizer_state.pt"":""parents/coco000000000025_s0/optimizer_state.pt"",""parent_target.npy"":""parents/coco000000000025_s0/target.npy"",""reconstruction.npy"":""cells/coco000000000025_s0_jacobi_ray/reconstruction.npy"",""reconstruction.png"":""cells/coco000000000025_s0_jacobi_ray/reconstruction.png"",""request.json"":""cells/coco000000000025_s0_jacobi_ray/request.json"",""target.png"":""cells/coco000000000025_s0_jacobi_ray/target.png""}",coco000000000025_s0_jacobi_ray,0.3048856179957511,false,true,3.5762786865234375e-07,"{""basis_apply_calls"":1,""basis_denominator_passes"":1,""basis_diagonal_passes"":0,""basis_transpose_calls"":0,""gaussian_renders"":1,""interpolated_quality_evaluations"":0,""legacy_cg_iterations"":0,""quality_evaluations"":1,""raw_coverage_passes"":1}",25,0,0.5374314188957214,jacobi_ray,0.894514799118042,2000,[],22ff4e3d17991192d2d500685e9006a4b6e70d1151ca11ec3aa885285a127238,coco000000000025_s0,2c288b5e5baed4c0946cf5156a31bb8a30c19f8402303caa95aa1d1670d4ed63,281605632,371195904,"{""boundary_hole_fraction"":0.0,""boundary_mse"":0.006736390292644501,""boundary_psnr_db"":21.715727586474447,""cvar99_mse"":0.10435181111097336,""finite"":true,""foreground_mse"":0.006736390292644501,""foreground_psnr_db"":21.715727586474447,""interior_hole_fraction"":0.01173020526766777,""n_gaussians"":2000,""outside_coverage_max"":0.0,""outside_max_abs"":0.0,""p99_mse"":0.06114943325519562}",21.71572772164059,0.0067363900829867825,"{""boundary_hole_fraction"":0.0,""boundary_mse"":0.006736390292644501,""boundary_psnr_db"":21.715727586474447,""cvar99_mse"":0.10435181856155396,""finite"":true,""foreground_mse"":0.006736390292644501,""foreground_psnr_db"":21.715727586474447,""interior_hole_fraction"":0.01173020526766777,""n_gaussians"":2000,""outside_coverage_max"":0.0,""outside_max_abs"":0.0,""p99_mse"":0.061149436980485916}",basis_parent_parity_failed,0,0.0,0,false,ok,77fd5212f1e1c34f8ab55ca7099bcb120566508fefe6d685780ce79ec5dc35c6,0.054327681005815975,0.054327681005815975,2087464960
false,"{""config.json"":""cells/coco000000000025_s0_adam32/config.json"",""curves.png"":""cells/coco000000000025_s0_adam32/curves.png"",""decision"":""decision.json"",""error.png"":""cells/coco000000000025_s0_adam32/error.png"",""field.npz"":""cells/coco000000000025_s0_adam32/field.npz"",""history.json"":""cells/coco000000000025_s0_adam32/history.json"",""input_field.npz"":""cells/coco000000000025_s0_adam32/input_field.npz"",""occupancy"":""occupancy.json"",""parent_config.json"":""parents/coco000000000025_s0/config.json"",""parent_field.npz"":""parents/coco000000000025_s0/field.npz"",""parent_history.json"":""parents/coco000000000025_s0/history.json"",""parent_metrics.json"":""parents/coco000000000025_s0/metrics.json"",""parent_optimizer_state.pt"":""parents/coco000000000025_s0/optimizer_state.pt"",""parent_target.npy"":""parents/coco000000000025_s0/target.npy"",""reconstruction.npy"":""cells/coco000000000025_s0_adam32/reconstruction.npy"",""reconstruction.png"":""cells/coco000000000025_s0_adam32/reconstruction.png"",""request.json"":""cells/coco000000000025_s0_adam32/request.json"",""target.png"":""cells/coco000000000025_s0_adam32/target.png""}",coco000000000025_s0_adam32,0.3857228069973644,false,true,2.980232238769531e-07,"{""basis_apply_calls"":0,""basis_denominator_passes"":0,""basis_transpose_calls"":0,""gaussian_renders"":35,""gradient_evaluations"":32,""quality_evaluations"":2,""raw_coverage_passes"":2}",25,32,0.5374317765235901,adam32,0.894514799118042,2000,[],22ff4e3d17991192d2d500685e9006a4b6e70d1151ca11ec3aa885285a127238,coco000000000025_s0,2c288b5e5baed4c0946cf5156a31bb8a30c19f8402303caa95aa1d1670d4ed63,258671616,371195904,"{""boundary_hole_fraction"":0.0,""boundary_mse"":0.006736390292644501,""boundary_psnr_db"":21.715727586474447,""cvar99_mse"":0.10435181111097336,""finite"":true,""foreground_mse"":0.006736390292644501,""foreground_psnr_db"":21.715727586474447,""interior_hole_fraction"":0.01173020526766777,""n_gaussians"":2000,""outside_coverage_max"":0.0,""outside_max_abs"":0.0,""p99_mse"":0.061149436980485916}",21.71572772393712,0.006736390079424617,"{""boundary_hole_fraction"":0.0,""boundary_mse"":0.006736390292644501,""boundary_psnr_db"":21.715727586474447,""cvar99_mse"":0.10435181856155396,""finite"":true,""foreground_mse"":0.006736390292644501,""foreground_psnr_db"":21.715727586474447,""interior_hole_fraction"":0.01173020526766777,""n_gaussians"":2000,""outside_coverage_max"":0.0,""outside_max_abs"":0.0,""p99_mse"":0.06114943325519562}",candidate_rejected,0,0.0,0,false,ok,77fd5212f1e1c34f8ab55ca7099bcb120566508fefe6d685780ce79ec5dc35c6,0.131216059999133,0.131216059999133,2087464960
false,"{""config.json"":""cells/coco000000000025_s0_noop/config.json"",""curves.png"":""cells/coco000000000025_s0_noop/curves.png"",""decision"":""decision.json"",""error.png"":""cells/coco000000000025_s0_noop/error.png"",""field.npz"":""cells/coco000000000025_s0_noop/field.npz"",""history.json"":""cells/coco000000000025_s0_noop/history.json"",""input_field.npz"":""cells/coco000000000025_s0_noop/input_field.npz"",""occupancy"":""occupancy.json"",""parent_config.json"":""parents/coco000000000025_s0/config.json"",""parent_field.npz"":""parents/coco000000000025_s0/field.npz"",""parent_history.json"":""parents/coco000000000025_s0/history.json"",""parent_metrics.json"":""parents/coco000000000025_s0/metrics.json"",""parent_optimizer_state.pt"":""parents/coco000000000025_s0/optimizer_state.pt"",""parent_target.npy"":""parents/coco000000000025_s0/target.npy"",""reconstruction.npy"":""cells/coco000000000025_s0_noop/reconstruction.npy"",""reconstruction.png"":""cells/coco000000000025_s0_noop/reconstruction.png"",""request.json"":""cells/coco000000000025_s0_noop/request.json"",""target.png"":""cells/coco000000000025_s0_noop/target.png""}",coco000000000025_s0_noop,0.26583406000281684,false,true,3.5762786865234375e-07,"{""basis_apply_calls"":0,""basis_denominator_passes"":0,""basis_transpose_calls"":0,""gaussian_renders"":1,""gradient_evaluations"":0,""quality_evaluations"":1,""raw_coverage_passes"":1}",25,0,0.5374317169189453,noop,0.894514799118042,2000,[],22ff4e3d17991192d2d500685e9006a4b6e70d1151ca11ec3aa885285a127238,coco000000000025_s0,2c288b5e5baed4c0946cf5156a31bb8a30c19f8402303caa95aa1d1670d4ed63,254276096,371195904,"{""boundary_hole_fraction"":0.0,""boundary_mse"":0.006736390292644501,""boundary_psnr_db"":21.715727586474447,""cvar99_mse"":0.10435181111097336,""finite"":true,""foreground_mse"":0.006736390292644501,""foreground_psnr_db"":21.715727586474447,""interior_hole_fraction"":0.01173020526766777,""n_gaussians"":2000,""outside_coverage_max"":0.0,""outside_max_abs"":0.0,""p99_mse"":0.06114941090345383}",21.71572772544495,0.006736390077085807,"{""boundary_hole_fraction"":0.0,""boundary_mse"":0.006736390292644501,""boundary_psnr_db"":21.715727586474447,""cvar99_mse"":0.10435181856155396,""finite"":true,""foreground_mse"":0.006736390292644501,""foreground_psnr_db"":21.715727586474447,""interior_hole_fraction"":0.01173020526766777,""n_gaussians"":2000,""outside_coverage_max"":0.0,""outside_max_abs"":0.0,""p99_mse"":0.061149414628744125}",noop,0,0.0,0,false,ok,77fd5212f1e1c34f8ab55ca7099bcb120566508fefe6d685780ce79ec5dc35c6,0.01832686399575323,0.01832686399575323,2087464960
false,"{""config.json"":""cells/coco000000000025_s0_legacy_cg32/config.json"",""curves.png"":""cells/coco000000000025_s0_legacy_cg32/curves.png"",""decision"":""decision.json"",""error.png"":""cells/coco000000000025_s0_legacy_cg32/error.png"",""field.npz"":""cells/coco000000000025_s0_legacy_cg32/field.npz"",""history.json"":""cells/coco000000000025_s0_legacy_cg32/history.json"",""input_field.npz"":""cells/coco000000000025_s0_legacy_cg32/input_field.npz"",""occupancy"":""occupancy.json"",""parent_config.json"":""parents/coco000000000025_s0/config.json"",""parent_field.npz"":""parents/coco000000000025_s0/field.npz"",""parent_history.json"":""parents/coco000000000025_s0/history.json"",""parent_metrics.json"":""parents/coco000000000025_s0/metrics.json"",""parent_optimizer_state.pt"":""parents/coco000000000025_s0/optimizer_state.pt"",""parent_target.npy"":""parents/coco000000000025_s0/target.npy"",""reconstruction.npy"":""cells/coco000000000025_s0_legacy_cg32/reconstruction.npy"",""reconstruction.png"":""cells/coco000000000025_s0_legacy_cg32/reconstruction.png"",""request.json"":""cells/coco000000000025_s0_legacy_cg32/request.json"",""target.png"":""cells/coco000000000025_s0_legacy_cg32/target.png""}",coco000000000025_s0_legacy_cg32,1.7155587119996198,false,true,3.5762786865234375e-07,"{""basis_apply_calls"":33,""basis_denominator_passes"":1,""basis_transpose_calls"":34,""gaussian_renders"":2,""gradient_evaluations"":0,""quality_evaluations"":2,""raw_coverage_passes"":2}",25,0,0.5374330282211304,legacy_cg32,0.894514799118042,2000,[],22ff4e3d17991192d2d500685e9006a4b6e70d1151ca11ec3aa885285a127238,coco000000000025_s0,2c288b5e5baed4c0946cf5156a31bb8a30c19f8402303caa95aa1d1670d4ed63,281778688,371195904,"{""boundary_hole_fraction"":0.0,""boundary_mse"":0.006736390292644501,""boundary_psnr_db"":21.715727586474447,""cvar99_mse"":0.10435181856155396,""finite"":true,""foreground_mse"":0.006736390292644501,""foreground_psnr_db"":21.715727586474447,""interior_hole_fraction"":0.01173020526766777,""n_gaussians"":2000,""outside_coverage_max"":0.0,""outside_max_abs"":0.0,""p99_mse"":0.061149436980485916}",21.71572772278806,0.006736390081206932,"{""boundary_hole_fraction"":0.0,""boundary_mse"":0.006736390292644501,""boundary_psnr_db"":21.715727586474447,""cvar99_mse"":0.10435181111097336,""finite"":true,""foreground_mse"":0.006736390292644501,""foreground_psnr_db"":21.715727586474447,""interior_hole_fraction"":0.01173020526766777,""n_gaussians"":2000,""outside_coverage_max"":0.0,""outside_max_abs"":0.0,""p99_mse"":0.06114943325519562}",candidate_rejected,0,0.0,0,false,ok,77fd5212f1e1c34f8ab55ca7099bcb120566508fefe6d685780ce79ec5dc35c6,1.4666112920021988,1.4666112920021988,2087464960
false,"{""config.json"":""cells/coco000000000025_s1_gradient_ray/config.json"",""curves.png"":""cells/coco000000000025_s1_gradient_ray/curves.png"",""decision"":""decision.json"",""error.png"":""cells/coco000000000025_s1_gradient_ray/error.png"",""field.npz"":""cells/coco000000000025_s1_gradient_ray/field.npz"",""history.json"":""cells/coco000000000025_s1_gradient_ray/history.json"",""input_field.npz"":""cells/coco000000000025_s1_gradient_ray/input_field.npz"",""occupancy"":""occupancy.json"",""parent_config.json"":""parents/coco000000000025_s1/config.json"",""parent_field.npz"":""parents/coco000000000025_s1/field.npz"",""parent_history.json"":""parents/coco000000000025_s1/history.json"",""parent_metrics.json"":""parents/coco000000000025_s1/metrics.json"",""parent_optimizer_state.pt"":""parents/coco000000000025_s1/optimizer_state.pt"",""parent_target.npy"":""parents/coco000000000025_s1/target.npy"",""reconstruction.npy"":""cells/coco000000000025_s1_gradient_ray/reconstruction.npy"",""reconstruction.png"":""cells/coco000000000025_s1_gradient_ray/reconstruction.png"",""request.json"":""cells/coco000000000025_s1_gradient_ray/request.json"",""target.png"":""cells/coco000000000025_s1_gradient_ray/target.png""}",coco000000000025_s1_gradient_ray,0.5133483569952659,false,true,3.5762786865234375e-07,"{""basis_apply_calls"":1,""basis_denominator_passes"":1,""basis_diagonal_passes"":0,""basis_transpose_calls"":0,""gaussian_renders"":1,""interpolated_quality_evaluations"":0,""legacy_cg_iterations"":0,""quality_evaluations"":1,""raw_coverage_passes"":1}",25,0,0.5270939469337463,gradient_ray,0.8951396346092224,2000,[],aa71c7271b284afc1e235c7f4e76a4972b08d5426294fa35654a2c4889093af2,coco000000000025_s1,4050eafaf2878bae28bdf5c060476ba1c53846bb08e05ece1c7d4cf4a5d66722,277166592,362807296,"{""boundary_hole_fraction"":0.0,""boundary_mse"":0.006666489876806736,""boundary_psnr_db"":21.76102776037482,""cvar99_mse"":0.09771613776683807,""finite"":true,""foreground_mse"":0.006666489876806736,""foreground_psnr_db"":21.76102776037482,""interior_hole_fraction"":0.013459952548146248,""n_gaussians"":2000,""outside_coverage_max"":0.0,""outside_max_abs"":0.0,""p99_mse"":0.06084438040852547}",21.76102807126434,0.006666489399586351,"{""boundary_hole_fraction"":0.0,""boundary_mse"":0.006666489876806736,""boundary_psnr_db"":21.76102776037482,""cvar99_mse"":0.09771613776683807,""finite"":true,""foreground_mse"":0.006666489876806736,""foreground_psnr_db"":21.76102776037482,""interior_hole_fraction"":0.013459952548146248,""n_gaussians"":2000,""outside_coverage_max"":0.0,""outside_max_abs"":0.0,""p99_mse"":0.06084436923265457}",basis_parent_parity_failed,1,0.0,0,false,ok,77fd5212f1e1c34f8ab55ca7099bcb120566508fefe6d685780ce79ec5dc35c6,0.055076654003642034,0.055076654003642034,2119016448
false,"{""config.json"":""cells/coco000000000025_s1_jacobi_ray/config.json"",""curves.png"":""cells/coco000000000025_s1_jacobi_ray/curves.png"",""decision"":""decision.json"",""error.png"":""cells/coco000000000025_s1_jacobi_ray/error.png"",""field.npz"":""cells/coco000000000025_s1_jacobi_ray/field.npz"",""history.json"":""cells/coco000000000025_s1_jacobi_ray/history.json"",""input_field.npz"":""cells/coco000000000025_s1_jacobi_ray/input_field.npz"",""occupancy"":""occupancy.json"",""parent_config.json"":""parents/coco000000000025_s1/config.json"",""parent_field.npz"":""parents/coco000000000025_s1/field.npz"",""parent_history.json"":""parents/coco000000000025_s1/history.json"",""parent_metrics.json"":""parents/coco000000000025_s1/metrics.json"",""parent_optimizer_state.pt"":""parents/coco000000000025_s1/optimizer_state.pt"",""parent_target.npy"":""parents/coco000000000025_s1/target.npy"",""reconstruction.npy"":""cells/coco000000000025_s1_jacobi_ray/reconstruction.npy"",""reconstruction.png"":""cells/coco000000000025_s1_jacobi_ray/reconstruction.png"",""request.json"":""cells/coco000000000025_s1_jacobi_ray/request.json"",""target.png"":""cells/coco000000000025_s1_jacobi_ray/target.png""}",coco000000000025_s1_jacobi_ray,0.3046826819991111,false,true,2.980232238769531e-07,"{""basis_apply_calls"":1,""basis_denominator_passes"":1,""basis_diagonal_passes"":0,""basis_transpose_calls"":0,""gaussian_renders"":1,""interpolated_quality_evaluations"":0,""legacy_cg_iterations"":0,""quality_evaluations"":1,""raw_coverage_passes"":1}",25,0,0.5270928144454956,jacobi_ray,0.8951396346092224,2000,[],aa71c7271b284afc1e235c7f4e76a4972b08d5426294fa35654a2c4889093af2,coco000000000025_s1,4050eafaf2878bae28bdf5c060476ba1c53846bb08e05ece1c7d4cf4a5d66722,281520128,367001600,"{""boundary_hole_fraction"":0.0,""boundary_mse"":0.006666489876806736,""boundary_psnr_db"":21.76102776037482,""cvar99_mse"":0.09771613776683807,""finite"":true,""foreground_mse"":0.006666489876806736,""foreground_psnr_db"":21.76102776037482,""interior_hole_fraction"":0.013459952548146248,""n_gaussians"":2000,""outside_coverage_max"":0.0,""outside_max_abs"":0.0,""p99_mse"":0.06084436923265457}",21.76102807237826,0.006666489397876469,"{""boundary_hole_fraction"":0.0,""boundary_mse"":0.006666489876806736,""boundary_psnr_db"":21.76102776037482,""cvar99_mse"":0.09771613776683807,""finite"":true,""foreground_mse"":0.006666489876806736,""foreground_psnr_db"":21.76102776037482,""interior_hole_fraction"":0.013459952548146248,""n_gaussians"":2000,""outside_coverage_max"":0.0,""outside_max_abs"":0.0,""p99_mse"":0.06084438040852547}",basis_parent_parity_failed,1,0.0,0,false,ok,77fd5212f1e1c34f8ab55ca7099bcb120566508fefe6d685780ce79ec5dc35c6,0.05110942899773363,0.05110942899773363,2119016448
false,"{""config.json"":""cells/coco000000000025_s1_adam32/config.json"",""curves.png"":""cells/coco000000000025_s1_adam32/curves.png"",""decision"":""decision.json"",""error.png"":""cells/coco000000000025_s1_adam32/error.png"",""field.npz"":""cells/coco000000000025_s1_adam32/field.npz"",""history.json"":""cells/coco000000000025_s1_adam32/history.json"",""input_field.npz"":""cells/coco000000000025_s1_adam32/input_field.npz"",""occupancy"":""occupancy.json"",""parent_config.json"":""parents/coco000000000025_s1/config.json"",""parent_field.npz"":""parents/coco000000000025_s1/field.npz"",""parent_history.json"":""parents/coco000000000025_s1/history.json"",""parent_metrics.json"":""parents/coco000000000025_s1/metrics.json"",""parent_optimizer_state.pt"":""parents/coco000000000025_s1/optimizer_state.pt"",""parent_target.npy"":""parents/coco000000000025_s1/target.npy"",""reconstruction.npy"":""cells/coco000000000025_s1_adam32/reconstruction.npy"",""reconstruction.png"":""cells/coco000000000025_s1_adam32/reconstruction.png"",""request.json"":""cells/coco000000000025_s1_adam32/request.json"",""target.png"":""cells/coco000000000025_s1_adam32/target.png""}",coco000000000025_s1_adam32,0.38105482600076357,false,true,3.5762786865234375e-07,"{""basis_apply_calls"":0,""basis_denominator_passes"":0,""basis_transpose_calls"":0,""gaussian_renders"":35,""gradient_evaluations"":32,""quality_evaluations"":2,""raw_coverage_passes"":2}",25,32,0.5270937085151672,adam32,0.8951396346092224,2000,[],aa71c7271b284afc1e235c7f4e76a4972b08d5426294fa35654a2c4889093af2,coco000000000025_s1,4050eafaf2878bae28bdf5c060476ba1c53846bb08e05ece1c7d4cf4a5d66722,258610688,367001600,"{""boundary_hole_fraction"":0.0,""boundary_mse"":0.006666489876806736,""boundary_psnr_db"":21.76102776037482,""cvar99_mse"":0.09771613776683807,""finite"":true,""foreground_mse"":0.006666489876806736,""foreground_psnr_db"":21.76102776037482,""interior_hole_fraction"":0.013459952548146248,""n_gaussians"":2000,""outside_coverage_max"":0.0,""outside_max_abs"":0.0,""p99_mse"":0.06084437668323517}",21.761028084892388,0.0066664893786670875,"{""boundary_hole_fraction"":0.0,""boundary_mse"":0.006666489876806736,""boundary_psnr_db"":21.76102776037482,""cvar99_mse"":0.09771613776683807,""finite"":true,""foreground_mse"":0.006666489876806736,""foreground_psnr_db"":21.76102776037482,""interior_hole_fraction"":0.013459952548146248,""n_gaussians"":2000,""outside_coverage_max"":0.0,""outside_max_abs"":0.0,""p99_mse"":0.06084437668323517}",candidate_rejected,1,0.0,0,false,ok,77fd5212f1e1c34f8ab55ca7099bcb120566508fefe6d685780ce79ec5dc35c6,0.12900721799815074,0.12900721799815074,2119016448
false,"{""config.json"":""cells/coco000000000025_s1_noop/config.json"",""curves.png"":""cells/coco000000000025_s1_noop/curves.png"",""decision"":""decision.json"",""error.png"":""cells/coco000000000025_s1_noop/error.png"",""field.npz"":""cells/coco000000000025_s1_noop/field.npz"",""history.json"":""cells/coco000000000025_s1_noop/history.json"",""input_field.npz"":""cells/coco000000000025_s1_noop/input_field.npz"",""occupancy"":""occupancy.json"",""parent_config.json"":""parents/coco000000000025_s1/config.json"",""parent_field.npz"":""parents/coco000000000025_s1/field.npz"",""parent_history.json"":""parents/coco000000000025_s1/history.json"",""parent_metrics.json"":""parents/coco000000000025_s1/metrics.json"",""parent_optimizer_state.pt"":""parents/coco000000000025_s1/optimizer_state.pt"",""parent_target.npy"":""parents/coco000000000025_s1/target.npy"",""reconstruction.npy"":""cells/coco000000000025_s1_noop/reconstruction.npy"",""reconstruction.png"":""cells/coco000000000025_s1_noop/reconstruction.png"",""request.json"":""cells/coco000000000025_s1_noop/request.json"",""target.png"":""cells/coco000000000025_s1_noop/target.png""}",coco000000000025_s1_noop,0.26591954399918905,false,true,3.5762786865234375e-07,"{""basis_apply_calls"":0,""basis_denominator_passes"":0,""basis_transpose_calls"":0,""gaussian_renders"":1,""gradient_evaluations"":0,""quality_evaluations"":1,""raw_coverage_passes"":1}",25,0,0.5270929932594299,noop,0.8951396942138672,2000,[],aa71c7271b284afc1e235c7f4e76a4972b08d5426294fa35654a2c4889093af2,coco000000000025_s1,4050eafaf2878bae28bdf5c060476ba1c53846bb08e05ece1c7d4cf4a5d66722,254249984,367001600,"{""boundary_hole_fraction"":0.0,""boundary_mse"":0.006666489876806736,""boundary_psnr_db"":21.76102776037482,""cvar99_mse"":0.09771613776683807,""finite"":true,""foreground_mse"":0.006666489876806736,""foreground_psnr_db"":21.76102776037482,""interior_hole_fraction"":0.013459952548146248,""n_gaussians"":2000,""outside_coverage_max"":0.0,""outside_max_abs"":0.0,""p99_mse"":0.06084437668323517}",21.761028075785326,0.006666489392646569,"{""boundary_hole_fraction"":0.0,""boundary_mse"":0.006666489876806736,""boundary_psnr_db"":21.76102776037482,""cvar99_mse"":0.09771613776683807,""finite"":true,""foreground_mse"":0.006666489876806736,""foreground_psnr_db"":21.76102776037482,""interior_hole_fraction"":0.013459952548146248,""n_gaussians"":2000,""outside_coverage_max"":0.0,""outside_max_abs"":0.0,""p99_mse"":0.06084438040852547}",noop,1,0.0,0,false,ok,77fd5212f1e1c34f8ab55ca7099bcb120566508fefe6d685780ce79ec5dc35c6,0.017269092000788078,0.017269092000788078,2119016448
false,"{""config.json"":""cells/coco000000000025_s1_legacy_cg32/config.json"",""curves.png"":""cells/coco000000000025_s1_legacy_cg32/curves.png"",""decision"":""decision.json"",""error.png"":""cells/coco000000000025_s1_legacy_cg32/error.png"",""field.npz"":""cells/coco000000000025_s1_legacy_cg32/field.npz"",""history.json"":""cells/coco000000000025_s1_legacy_cg32/history.json"",""input_field.npz"":""cells/coco000000000025_s1_legacy_cg32/input_field.npz"",""occupancy"":""occupancy.json"",""parent_config.json"":""parents/coco000000000025_s1/config.json"",""parent_field.npz"":""parents/coco000000000025_s1/field.npz"",""parent_history.json"":""parents/coco000000000025_s1/history.json"",""parent_metrics.json"":""parents/coco000000000025_s1/metrics.json"",""parent_optimizer_state.pt"":""parents/coco000000000025_s1/optimizer_state.pt"",""parent_target.npy"":""parents/coco000000000025_s1/target.npy"",""reconstruction.npy"":""cells/coco000000000025_s1_legacy_cg32/reconstruction.npy"",""reconstruction.png"":""cells/coco000000000025_s1_legacy_cg32/reconstruction.png"",""request.json"":""cells/coco000000000025_s1_legacy_cg32/request.json"",""target.png"":""cells/coco000000000025_s1_legacy_cg32/target.png""}",coco000000000025_s1_legacy_cg32,1.6132804739972926,false,true,4.172325134277344e-07,"{""basis_apply_calls"":33,""basis_denominator_passes"":1,""basis_transpose_calls"":34,""gaussian_renders"":2,""gradient_evaluations"":0,""quality_evaluations"":2,""raw_coverage_passes"":2}",25,0,0.5270934104919434,legacy_cg32,0.8951396346092224,2000,[],aa71c7271b284afc1e235c7f4e76a4972b08d5426294fa35654a2c4889093af2,coco000000000025_s1,4050eafaf2878bae28bdf5c060476ba1c53846bb08e05ece1c7d4cf4a5d66722,281693184,367001600,"{""boundary_hole_fraction"":0.0,""boundary_mse"":0.006666489876806736,""boundary_psnr_db"":21.76102776037482,""cvar99_mse"":0.09771613776683807,""finite"":true,""foreground_mse"":0.006666489876806736,""foreground_psnr_db"":21.76102776037482,""interior_hole_fraction"":0.013459952548146248,""n_gaussians"":2000,""outside_coverage_max"":0.0,""outside_max_abs"":0.0,""p99_mse"":0.06084437668323517}",21.761028084906595,0.006666489378645278,"{""boundary_hole_fraction"":0.0,""boundary_mse"":0.006666489876806736,""boundary_psnr_db"":21.76102776037482,""cvar99_mse"":0.09771613776683807,""finite"":true,""foreground_mse"":0.006666489876806736,""foreground_psnr_db"":21.76102776037482,""interior_hole_fraction"":0.013459952548146248,""n_gaussians"":2000,""outside_coverage_max"":0.0,""outside_max_abs"":0.0,""p99_mse"":0.06084436923265457}",candidate_rejected,1,0.0,0,false,ok,77fd5212f1e1c34f8ab55ca7099bcb120566508fefe6d685780ce79ec5dc35c6,1.3620634640028584,1.3620634640028584,2119016448
false,"{""config.json"":""cells/coco000000000025_s1_cg_ray/config.json"",""curves.png"":""cells/coco000000000025_s1_cg_ray/curves.png"",""decision"":""decision.json"",""error.png"":""cells/coco000000000025_s1_cg_ray/error.png"",""field.npz"":""cells/coco000000000025_s1_cg_ray/field.npz"",""history.json"":""cells/coco000000000025_s1_cg_ray/history.json"",""input_field.npz"":""cells/coco000000000025_s1_cg_ray/input_field.npz"",""occupancy"":""occupancy.json"",""parent_config.json"":""parents/coco000000000025_s1/config.json"",""parent_field.npz"":""parents/coco000000000025_s1/field.npz"",""parent_history.json"":""parents/coco000000000025_s1/history.json"",""parent_metrics.json"":""parents/coco000000000025_s1/metrics.json"",""parent_optimizer_state.pt"":""parents/coco000000000025_s1/optimizer_state.pt"",""parent_target.npy"":""parents/coco000000000025_s1/target.npy"",""reconstruction.npy"":""cells/coco000000000025_s1_cg_ray/reconstruction.npy"",""reconstruction.png"":""cells/coco000000000025_s1_cg_ray/reconstruction.png"",""request.json"":""cells/coco000000000025_s1_cg_ray/request.json"",""target.png"":""cells/coco000000000025_s1_cg_ray/target.png""}",coco000000000025_s1_cg_ray,0.2970327110015205,false,true,3.5762786865234375e-07,"{""basis_apply_calls"":1,""basis_denominator_passes"":1,""basis_diagonal_passes"":0,""basis_transpose_calls"":0,""gaussian_renders"":1,""interpolated_quality_evaluations"":0,""legacy_cg_iterations"":0,""quality_evaluations"":1,""raw_coverage_passes"":1}",25,0,0.527092695236206,cg_ray,0.8951396942138672,2000,[],aa71c7271b284afc1e235c7f4e76a4972b08d5426294fa35654a2c4889093af2,coco000000000025_s1,4050eafaf2878bae28bdf5c060476ba1c53846bb08e05ece1c7d4cf4a5d66722,281520128,367001600,"{""boundary_hole_fraction"":0.0,""boundary_mse"":0.006666489876806736,""boundary_psnr_db"":21.76102776037482,""cvar99_mse"":0.09771613776683807,""finite"":true,""foreground_mse"":0.006666489876806736,""foreground_psnr_db"":21.76102776037482,""interior_hole_fraction"":0.013459952548146248,""n_gaussians"":2000,""outside_coverage_max"":0.0,""outside_max_abs"":0.0,""p99_mse"":0.06084438040852547}",21.761028072728898,0.006666489397338241,"{""boundary_hole_fraction"":0.0,""boundary_mse"":0.006666489876806736,""boundary_psnr_db"":21.76102776037482,""cvar99_mse"":0.09771613776683807,""finite"":true,""foreground_mse"":0.006666489876806736,""foreground_psnr_db"":21.76102776037482,""interior_hole_fraction"":0.013459952548146248,""n_gaussians"":2000,""outside_coverage_max"":0.0,""outside_max_abs"":0.0,""p99_mse"":0.06084437668323517}",basis_parent_parity_failed,1,0.0,0,false,ok,77fd5212f1e1c34f8ab55ca7099bcb120566508fefe6d685780ce79ec5dc35c6,0.05091195400018478,0.05091195400018478,2119016448
true,"{""config.json"":""cells/coco000000000030_s0_jacobi_ray/config.json"",""curves.png"":""cells/coco000000000030_s0_jacobi_ray/curves.png"",""decision"":""decision.json"",""error.png"":""cells/coco000000000030_s0_jacobi_ray/error.png"",""field.npz"":""cells/coco000000000030_s0_jacobi_ray/field.npz"",""history.json"":""cells/coco000000000030_s0_jacobi_ray/history.json"",""input_field.npz"":""cells/coco000000000030_s0_jacobi_ray/input_field.npz"",""occupancy"":""occupancy.json"",""parent_config.json"":""parents/coco000000000030_s0/config.json"",""parent_field.npz"":""parents/coco000000000030_s0/field.npz"",""parent_history.json"":""parents/coco000000000030_s0/history.json"",""parent_metrics.json"":""parents/coco000000000030_s0/metrics.json"",""parent_optimizer_state.pt"":""parents/coco000000000030_s0/optimizer_state.pt"",""parent_target.npy"":""parents/coco000000000030_s0/target.npy"",""reconstruction.npy"":""cells/coco000000000030_s0_jacobi_ray/reconstruction.npy"",""reconstruction.png"":""cells/coco000000000030_s0_jacobi_ray/reconstruction.png"",""request.json"":""cells/coco000000000030_s0_jacobi_ray/request.json"",""target.png"":""cells/coco000000000030_s0_jacobi_ray/target.png""}",coco000000000030_s0_jacobi_ray,0.7352609480003593,true,true,4.76837158203125e-07,"{""basis_apply_calls"":2,""basis_denominator_passes"":1,""basis_diagonal_passes"":1,""basis_transpose_calls"":1,""gaussian_renders"":2,""interpolated_quality_evaluations"":1,""legacy_cg_iterations"":0,""quality_evaluations"":2,""raw_coverage_passes"":3}",30,0,0.11084267497062683,jacobi_ray,0.9846919775009155,2000,[],00da077aa51ae4b02556ed37d1c310f29f97cd8c867ea7871419124052adcf8c,coco000000000030_s0,a156fc7cb2ea990b745660004b1c032dbfc0c68d93de2062d823643ddedbd9fd,282007040,375390208,"{""boundary_hole_fraction"":0.0,""boundary_mse"":0.000518341432325542,""boundary_psnr_db"":32.853840755301576,""cvar99_mse"":0.019738880917429924,""finite"":true,""foreground_mse"":0.000518341432325542,""foreground_psnr_db"":32.853840755301576,""interior_hole_fraction"":0.0014848319115117192,""n_gaussians"":2000,""outside_coverage_max"":0.0,""outside_max_abs"":0.0,""p99_mse"":0.008868259377777576}",32.853840888963234,0.0005183414163726855,"{""boundary_hole_fraction"":0.0,""boundary_mse"":0.000518341432325542,""boundary_psnr_db"":32.853840755301576,""cvar99_mse"":0.019738880917429924,""finite"":true,""foreground_mse"":0.000518341432325542,""foreground_psnr_db"":32.853840755301576,""interior_hole_fraction"":0.0014848319115117192,""n_gaussians"":2000,""outside_coverage_max"":0.0,""outside_max_abs"":0.0,""p99_mse"":0.008868250995874405}",,0,1.0,0,false,ok,f24fa88987cdf1ab933ceb910f3d418bf93ef98360799b4854fa32ffa53c562f,0.23493618599604815,0.23493618599604815,2102468608
false,"{""config.json"":""cells/coco000000000030_s0_adam32/config.json"",""curves.png"":""cells/coco000000000030_s0_adam32/curves.png"",""decision"":""decision.json"",""error.png"":""cells/coco000000000030_s0_adam32/error.png"",""field.npz"":""cells/coco000000000030_s0_adam32/field.npz"",""history.json"":""cells/coco000000000030_s0_adam32/history.json"",""input_field.npz"":""cells/coco000000000030_s0_adam32/input_field.npz"",""occupancy"":""occupancy.json"",""parent_config.json"":""parents/coco000000000030_s0/config.json"",""parent_field.npz"":""parents/coco000000000030_s0/field.npz"",""parent_history.json"":""parents/coco000000000030_s0/history.json"",""parent_metrics.json"":""parents/coco000000000030_s0/metrics.json"",""parent_optimizer_state.pt"":""parents/coco000000000030_s0/optimizer_state.pt"",""parent_target.npy"":""parents/coco000000000030_s0/target.npy"",""reconstruction.npy"":""cells/coco000000000030_s0_adam32/reconstruction.npy"",""reconstruction.png"":""cells/coco000000000030_s0_adam32/reconstruction.png"",""request.json"":""cells/coco000000000030_s0_adam32/request.json"",""target.png"":""cells/coco000000000030_s0_adam32/target.png""}",coco000000000030_s0_adam32,0.455314623999584,false,true,4.172325134277344e-07,"{""basis_apply_calls"":0,""basis_denominator_passes"":0,""basis_transpose_calls"":0,""gaussian_renders"":35,""gradient_evaluations"":32,""quality_evaluations"":2,""raw_coverage_passes"":2}",30,32,0.11083200573921204,adam32,0.9846882224082947,2000,[],00da077aa51ae4b02556ed37d1c310f29f97cd8c867ea7871419124052adcf8c,coco000000000030_s0,a156fc7cb2ea990b745660004b1c032dbfc0c68d93de2062d823643ddedbd9fd,258187776,379584512,"{""boundary_hole_fraction"":0.0,""boundary_mse"":0.0005185976042412221,""boundary_psnr_db"":32.85169493866746,""cvar99_mse"":0.01975019834935665,""finite"":true,""foreground_mse"":0.0005185976042412221,""foreground_psnr_db"":32.85169493866746,""interior_hole_fraction"":0.0014848319115117192,""n_gaussians"":2000,""outside_coverage_max"":0.0,""outside_max_abs"":0.0,""p99_mse"":0.008869613520801067}",32.851695306199694,0.0005185975603536435,"{""boundary_hole_fraction"":0.0,""boundary_mse"":0.0005185976042412221,""boundary_psnr_db"":32.85169493866746,""cvar99_mse"":0.0197502002120018,""finite"":true,""foreground_mse"":0.0005185976042412221,""foreground_psnr_db"":32.85169493866746,""interior_hole_fraction"":0.0014848319115117192,""n_gaussians"":2000,""outside_coverage_max"":0.0,""outside_max_abs"":0.0,""p99_mse"":0.008869613520801067}",candidate_rejected,0,0.0,0,false,ok,f24fa88987cdf1ab933ceb910f3d418bf93ef98360799b4854fa32ffa53c562f,0.15379593000398017,0.15379593000398017,2102468608
false,"{""config.json"":""cells/coco000000000030_s0_noop/config.json"",""curves.png"":""cells/coco000000000030_s0_noop/curves.png"",""decision"":""decision.json"",""error.png"":""cells/coco000000000030_s0_noop/error.png"",""field.npz"":""cells/coco000000000030_s0_noop/field.npz"",""history.json"":""cells/coco000000000030_s0_noop/history.json"",""input_field.npz"":""cells/coco000000000030_s0_noop/input_field.npz"",""occupancy"":""occupancy.json"",""parent_config.json"":""parents/coco000000000030_s0/config.json"",""parent_field.npz"":""parents/coco000000000030_s0/field.npz"",""parent_history.json"":""parents/coco000000000030_s0/history.json"",""parent_metrics.json"":""parents/coco000000000030_s0/metrics.json"",""parent_optimizer_state.pt"":""parents/coco000000000030_s0/optimizer_state.pt"",""parent_target.npy"":""parents/coco000000000030_s0/target.npy"",""reconstruction.npy"":""cells/coco000000000030_s0_noop/reconstruction.npy"",""reconstruction.png"":""cells/coco000000000030_s0_noop/reconstruction.png"",""request.json"":""cells/coco000000000030_s0_noop/request.json"",""target.png"":""cells/coco000000000030_s0_noop/target.png""}",coco000000000030_s0_noop,0.3263435089975246,false,true,4.76837158203125e-07,"{""basis_apply_calls"":0,""basis_denominator_passes"":0,""basis_transpose_calls"":0,""gaussian_renders"":1,""gradient_evaluations"":0,""quality_evaluations"":1,""raw_coverage_passes"":1}",30,0,0.11083222925662994,noop,0.9846883416175842,2000,[],00da077aa51ae4b02556ed37d1c310f29f97cd8c867ea7871419124052adcf8c,coco000000000030_s0,a156fc7cb2ea990b745660004b1c032dbfc0c68d93de2062d823643ddedbd9fd,254121472,379584512,"{""boundary_hole_fraction"":0.0,""boundary_mse"":0.0005185976042412221,""boundary_psnr_db"":32.85169493866746,""cvar99_mse"":0.01975019834935665,""finite"":true,""foreground_mse"":0.0005185976042412221,""foreground_psnr_db"":32.85169493866746,""interior_hole_fraction"":0.0014848319115117192,""n_gaussians"":2000,""outside_coverage_max"":0.0,""outside_max_abs"":0.0,""p99_mse"":0.008869613520801067}",32.851695313763,0.0005185975594504974,"{""boundary_hole_fraction"":0.0,""boundary_mse"":0.0005185976042412221,""boundary_psnr_db"":32.85169493866746,""cvar99_mse"":0.0197502002120018,""finite"":true,""foreground_mse"":0.0005185976042412221,""foreground_psnr_db"":32.85169493866746,""interior_hole_fraction"":0.0014848319115117192,""n_gaussians"":2000,""outside_coverage_max"":0.0,""outside_max_abs"":0.0,""p99_mse"":0.008869613520801067}",noop,0,0.0,0,false,ok,f24fa88987cdf1ab933ceb910f3d418bf93ef98360799b4854fa32ffa53c562f,0.02646151299995836,0.02646151299995836,2102468608
true,"{""config.json"":""cells/coco000000000030_s0_legacy_cg32/config.json"",""curves.png"":""cells/coco000000000030_s0_legacy_cg32/curves.png"",""decision"":""decision.json"",""error.png"":""cells/coco000000000030_s0_legacy_cg32/error.png"",""field.npz"":""cells/coco000000000030_s0_legacy_cg32/field.npz"",""history.json"":""cells/coco000000000030_s0_legacy_cg32/history.json"",""input_field.npz"":""cells/coco000000000030_s0_legacy_cg32/input_field.npz"",""occupancy"":""occupancy.json"",""parent_config.json"":""parents/coco000000000030_s0/config.json"",""parent_field.npz"":""parents/coco000000000030_s0/field.npz"",""parent_history.json"":""parents/coco000000000030_s0/history.json"",""parent_metrics.json"":""parents/coco000000000030_s0/metrics.json"",""parent_optimizer_state.pt"":""parents/coco000000000030_s0/optimizer_state.pt"",""parent_target.npy"":""parents/coco000000000030_s0/target.npy"",""reconstruction.npy"":""cells/coco000000000030_s0_legacy_cg32/reconstruction.npy"",""reconstruction.png"":""cells/coco000000000030_s0_legacy_cg32/reconstruction.png"",""request.json"":""cells/coco000000000030_s0_legacy_cg32/request.json"",""target.png"":""cells/coco000000000030_s0_legacy_cg32/target.png""}",coco000000000030_s0_legacy_cg32,2.5382562189988676,true,true,4.76837158203125e-07,"{""basis_apply_calls"":33,""basis_denominator_passes"":1,""basis_transpose_calls"":34,""gaussian_renders"":2,""gradient_evaluations"":0,""quality_evaluations"":2,""raw_coverage_passes"":2}",30,0,0.11080566048622131,legacy_cg32,0.9847073554992676,2000,[],00da077aa51ae4b02556ed37d1c310f29f97cd8c867ea7871419124052adcf8c,coco000000000030_s0,a156fc7cb2ea990b745660004b1c032dbfc0c68d93de2062d823643ddedbd9fd,281543168,379584512,"{""boundary_hole_fraction"":0.0,""boundary_mse"":0.0005179644213058054,""boundary_psnr_db"":32.85700070681856,""cvar99_mse"":0.019713154062628746,""finite"":true,""foreground_mse"":0.0005179644213058054,""foreground_psnr_db"":32.85700070681856,""interior_hole_fraction"":0.0014848319115117192,""n_gaussians"":2000,""outside_coverage_max"":0.0,""outside_max_abs"":0.0,""p99_mse"":0.0088629350066185}",32.85700066500601,0.0005179644262926082,"{""boundary_hole_fraction"":0.0,""boundary_mse"":0.0005179644213058054,""boundary_psnr_db"":32.85700070681856,""cvar99_mse"":0.019713157787919044,""finite"":true,""foreground_mse"":0.0005179644213058054,""foreground_psnr_db"":32.85700070681856,""interior_hole_fraction"":0.0014848319115117192,""n_gaussians"":2000,""outside_coverage_max"":0.0,""outside_max_abs"":0.0,""p99_mse"":0.0088629350066185}",,0,1.0,0,false,ok,f24fa88987cdf1ab933ceb910f3d418bf93ef98360799b4854fa32ffa53c562f,2.2430591410011402,2.2430591410011402,2102468608
true,"{""config.json"":""cells/coco000000000030_s0_cg_ray/config.json"",""curves.png"":""cells/coco000000000030_s0_cg_ray/curves.png"",""decision"":""decision.json"",""error.png"":""cells/coco000000000030_s0_cg_ray/error.png"",""field.npz"":""cells/coco000000000030_s0_cg_ray/field.npz"",""history.json"":""cells/coco000000000030_s0_cg_ray/history.json"",""input_field.npz"":""cells/coco000000000030_s0_cg_ray/input_field.npz"",""occupancy"":""occupancy.json"",""parent_config.json"":""parents/coco000000000030_s0/config.json"",""parent_field.npz"":""parents/coco000000000030_s0/field.npz"",""parent_history.json"":""parents/coco000000000030_s0/history.json"",""parent_metrics.json"":""parents/coco000000000030_s0/metrics.json"",""parent_optimizer_state.pt"":""parents/coco000000000030_s0/optimizer_state.pt"",""parent_target.npy"":""parents/coco000000000030_s0/target.npy"",""reconstruction.npy"":""cells/coco000000000030_s0_cg_ray/reconstruction.npy"",""reconstruction.png"":""cells/coco000000000030_s0_cg_ray/reconstruction.png"",""request.json"":""cells/coco000000000030_s0_cg_ray/request.json"",""target.png"":""cells/coco000000000030_s0_cg_ray/target.png""}",coco000000000030_s0_cg_ray,2.6373664740021923,true,true,4.76837158203125e-07,"{""basis_apply_calls"":35,""basis_denominator_passes"":2,""basis_diagonal_passes"":0,""basis_transpose_calls"":34,""gaussian_renders"":2,""interpolated_quality_evaluations"":1,""legacy_cg_iterations"":32,""quality_evaluations"":2,""raw_coverage_passes"":3}",30,0,0.11080414801836014,cg_ray,0.9847076535224915,2000,[],00da077aa51ae4b02556ed37d1c310f29f97cd8c867ea7871419124052adcf8c,coco000000000030_s0,a156fc7cb2ea990b745660004b1c032dbfc0c68d93de2062d823643ddedbd9fd,284980224,404750336,"{""boundary_hole_fraction"":0.0,""boundary_mse"":0.0005179646541364491,""boundary_psnr_db"":32.85699875461804,""cvar99_mse"":0.019713126122951508,""finite"":true,""foreground_mse"":0.0005179646541364491,""foreground_psnr_db"":32.85699875461804,""interior_hole_fraction"":0.0014848319115117192,""n_gaussians"":2000,""outside_coverage_max"":0.0,""outside_max_abs"":0.0,""p99_mse"":0.008863469585776329}",32.856999412638906,0.0005179645756570907,"{""boundary_hole_fraction"":0.0,""boundary_mse"":0.0005179646541364491,""boundary_psnr_db"":32.85699875461804,""cvar99_mse"":0.019713126122951508,""finite"":true,""foreground_mse"":0.0005179646541364491,""foreground_psnr_db"":32.85699875461804,""interior_hole_fraction"":0.0014848319115117192,""n_gaussians"":2000,""outside_coverage_max"":0.0,""outside_max_abs"":0.0,""p99_mse"":0.008863463997840881}",,0,1.0,0,false,ok,f24fa88987cdf1ab933ceb910f3d418bf93ef98360799b4854fa32ffa53c562f,2.340139869003906,2.340139869003906,2102468608
true,"{""config.json"":""cells/coco000000000030_s0_gradient_ray/config.json"",""curves.png"":""cells/coco000000000030_s0_gradient_ray/curves.png"",""decision"":""decision.json"",""error.png"":""cells/coco000000000030_s0_gradient_ray/error.png"",""field.npz"":""cells/coco000000000030_s0_gradient_ray/field.npz"",""history.json"":""cells/coco000000000030_s0_gradient_ray/history.json"",""input_field.npz"":""cells/coco000000000030_s0_gradient_ray/input_field.npz"",""occupancy"":""occupancy.json"",""parent_config.json"":""parents/coco000000000030_s0/config.json"",""parent_field.npz"":""parents/coco000000000030_s0/field.npz"",""parent_history.json"":""parents/coco000000000030_s0/history.json"",""parent_metrics.json"":""parents/coco000000000030_s0/metrics.json"",""parent_optimizer_state.pt"":""parents/coco000000000030_s0/optimizer_state.pt"",""parent_target.npy"":""parents/coco000000000030_s0/target.npy"",""reconstruction.npy"":""cells/coco000000000030_s0_gradient_ray/reconstruction.npy"",""reconstruction.png"":""cells/coco000000000030_s0_gradient_ray/reconstruction.png"",""request.json"":""cells/coco000000000030_s0_gradient_ray/request.json"",""target.png"":""cells/coco000000000030_s0_gradient_ray/target.png""}",coco000000000030_s0_gradient_ray,0.4862016629995196,true,true,4.76837158203125e-07,"{""basis_apply_calls"":2,""basis_denominator_passes"":1,""basis_diagonal_passes"":0,""basis_transpose_calls"":1,""gaussian_renders"":2,""interpolated_quality_evaluations"":1,""legacy_cg_iterations"":0,""quality_evaluations"":2,""raw_coverage_passes"":3}",30,0,0.1108313500881195,gradient_ray,0.9846908450126648,2000,[],00da077aa51ae4b02556ed37d1c310f29f97cd8c867ea7871419124052adcf8c,coco000000000030_s0,a156fc7cb2ea990b745660004b1c032dbfc0c68d93de2062d823643ddedbd9fd,286077952,404750336,"{""boundary_hole_fraction"":0.0,""boundary_mse"":0.0005183989997021854,""boundary_psnr_db"":32.85335845147186,""cvar99_mse"":0.019742803648114204,""finite"":true,""foreground_mse"":0.0005183989997021854,""foreground_psnr_db"":32.85335845147186,""interior_hole_fraction"":0.0014848319115117192,""n_gaussians"":2000,""outside_coverage_max"":0.0,""outside_max_abs"":0.0,""p99_mse"":0.008873408660292625}",32.853358563817984,0.0005183989862919025,"{""boundary_hole_fraction"":0.0,""boundary_mse"":0.0005183989997021854,""boundary_psnr_db"":32.85335845147186,""cvar99_mse"":0.019742803648114204,""finite"":true,""foreground_mse"":0.0005183989997021854,""foreground_psnr_db"":32.85335845147186,""interior_hole_fraction"":0.0014848319115117192,""n_gaussians"":2000,""outside_coverage_max"":0.0,""outside_max_abs"":0.0,""p99_mse"":0.008873414248228073}",,0,1.0,0,false,ok,f24fa88987cdf1ab933ceb910f3d418bf93ef98360799b4854fa32ffa53c562f,0.19493478300137212,0.19493478300137212,2102468608
false,"{""config.json"":""cells/coco000000000030_s1_adam32/config.json"",""curves.png"":""cells/coco000000000030_s1_adam32/curves.png"",""decision"":""decision.json"",""error.png"":""cells/coco000000000030_s1_adam32/error.png"",""field.npz"":""cells/coco000000000030_s1_adam32/field.npz"",""history.json"":""cells/coco000000000030_s1_adam32/history.json"",""input_field.npz"":""cells/coco000000000030_s1_adam32/input_field.npz"",""occupancy"":""occupancy.json"",""parent_config.json"":""parents/coco000000000030_s1/config.json"",""parent_field.npz"":""parents/coco000000000030_s1/field.npz"",""parent_history.json"":""parents/coco000000000030_s1/history.json"",""parent_metrics.json"":""parents/coco000000000030_s1/metrics.json"",""parent_optimizer_state.pt"":""parents/coco000000000030_s1/optimizer_state.pt"",""parent_target.npy"":""parents/coco000000000030_s1/target.npy"",""reconstruction.npy"":""cells/coco000000000030_s1_adam32/reconstruction.npy"",""reconstruction.png"":""cells/coco000000000030_s1_adam32/reconstruction.png"",""request.json"":""cells/coco000000000030_s1_adam32/request.json"",""target.png"":""cells/coco000000000030_s1_adam32/target.png""}",coco000000000030_s1_adam32,0.658343169001455,false,true,4.172325134277344e-07,"{""basis_apply_calls"":0,""basis_denominator_passes"":0,""basis_transpose_calls"":0,""gaussian_renders"":35,""gradient_evaluations"":32,""quality_evaluations"":2,""raw_coverage_passes"":2}",30,32,0.10600531846284866,adam32,0.9850508570671082,2000,[],9071df653048b8e8df4b7995cbe57228e9dbeb241b309669b62b657276921a7e,coco000000000030_s1,4face6cf5b7e35ea86f3e1ec4b4234f3de1619e0f2e7e2230313baf30dc22c52,254359552,316669952,"{""boundary_hole_fraction"":0.0,""boundary_mse"":0.0004975086194463074,""boundary_psnr_db"":33.031993906056115,""cvar99_mse"":0.017692137509584427,""finite"":true,""foreground_mse"":0.0004975086194463074,""foreground_psnr_db"":33.031993906056115,""interior_hole_fraction"":0.0014105902519077063,""n_gaussians"":2000,""outside_coverage_max"":0.0,""outside_max_abs"":0.0,""p99_mse"":0.00920393131673336}",33.0319937154629,0.0004975086412798256,"{""boundary_hole_fraction"":0.0,""boundary_mse"":0.0004975086194463074,""boundary_psnr_db"":33.031993906056115,""cvar99_mse"":0.017692137509584427,""finite"":true,""foreground_mse"":0.0004975086194463074,""foreground_psnr_db"":33.031993906056115,""interior_hole_fraction"":0.0014105902519077063,""n_gaussians"":2000,""outside_coverage_max"":0.0,""outside_max_abs"":0.0,""p99_mse"":0.009203941561281681}",candidate_rejected,1,0.0,0,false,ok,f24fa88987cdf1ab933ceb910f3d418bf93ef98360799b4854fa32ffa53c562f,0.15556571100023575,0.15556571100023575,2089598976
false,"{""config.json"":""cells/coco000000000030_s1_noop/config.json"",""curves.png"":""cells/coco000000000030_s1_noop/curves.png"",""decision"":""decision.json"",""error.png"":""cells/coco000000000030_s1_noop/error.png"",""field.npz"":""cells/coco000000000030_s1_noop/field.npz"",""history.json"":""cells/coco000000000030_s1_noop/history.json"",""input_field.npz"":""cells/coco000000000030_s1_noop/input_field.npz"",""occupancy"":""occupancy.json"",""parent_config.json"":""parents/coco000000000030_s1/config.json"",""parent_field.npz"":""parents/coco000000000030_s1/field.npz"",""parent_history.json"":""parents/coco000000000030_s1/history.json"",""parent_metrics.json"":""parents/coco000000000030_s1/metrics.json"",""parent_optimizer_state.pt"":""parents/coco000000000030_s1/optimizer_state.pt"",""parent_target.npy"":""parents/coco000000000030_s1/target.npy"",""reconstruction.npy"":""cells/coco000000000030_s1_noop/reconstruction.npy"",""reconstruction.png"":""cells/coco000000000030_s1_noop/reconstruction.png"",""request.json"":""cells/coco000000000030_s1_noop/request.json"",""target.png"":""cells/coco000000000030_s1_noop/target.png""}",coco000000000030_s1_noop,0.31810852700436953,false,true,4.172325134277344e-07,"{""basis_apply_calls"":0,""basis_denominator_passes"":0,""basis_transpose_calls"":0,""gaussian_renders"":1,""gradient_evaluations"":0,""quality_evaluations"":1,""raw_coverage_passes"":1}",30,0,0.10600531846284866,noop,0.9850508570671082,2000,[],9071df653048b8e8df4b7995cbe57228e9dbeb241b309669b62b657276921a7e,coco000000000030_s1,4face6cf5b7e35ea86f3e1ec4b4234f3de1619e0f2e7e2230313baf30dc22c52,254198272,320864256,"{""boundary_hole_fraction"":0.0,""boundary_mse"":0.0004975086194463074,""boundary_psnr_db"":33.031993906056115,""cvar99_mse"":0.017692137509584427,""finite"":true,""foreground_mse"":0.0004975086194463074,""foreground_psnr_db"":33.031993906056115,""interior_hole_fraction"":0.0014105902519077063,""n_gaussians"":2000,""outside_coverage_max"":0.0,""outside_max_abs"":0.0,""p99_mse"":0.009203941561281681}",33.031993777319165,0.0004975086341938446,"{""boundary_hole_fraction"":0.0,""boundary_mse"":0.0004975086194463074,""boundary_psnr_db"":33.031993906056115,""cvar99_mse"":0.017692137509584427,""finite"":true,""foreground_mse"":0.0004975086194463074,""foreground_psnr_db"":33.031993906056115,""interior_hole_fraction"":0.0014105902519077063,""n_gaussians"":2000,""outside_coverage_max"":0.0,""outside_max_abs"":0.0,""p99_mse"":0.00920393131673336}",noop,1,0.0,0,false,ok,f24fa88987cdf1ab933ceb910f3d418bf93ef98360799b4854fa32ffa53c562f,0.024986698001157492,0.024986698001157492,2089598976
true,"{""config.json"":""cells/coco000000000030_s1_legacy_cg32/config.json"",""curves.png"":""cells/coco000000000030_s1_legacy_cg32/curves.png"",""decision"":""decision.json"",""error.png"":""cells/coco000000000030_s1_legacy_cg32/error.png"",""field.npz"":""cells/coco000000000030_s1_legacy_cg32/field.npz"",""history.json"":""cells/coco000000000030_s1_legacy_cg32/history.json"",""input_field.npz"":""cells/coco000000000030_s1_legacy_cg32/input_field.npz"",""occupancy"":""occupancy.json"",""parent_config.json"":""parents/coco000000000030_s1/config.json"",""parent_field.npz"":""parents/coco000000000030_s1/field.npz"",""parent_history.json"":""parents/coco000000000030_s1/history.json"",""parent_metrics.json"":""parents/coco000000000030_s1/metrics.json"",""parent_optimizer_state.pt"":""parents/coco000000000030_s1/optimizer_state.pt"",""parent_target.npy"":""parents/coco000000000030_s1/target.npy"",""reconstruction.npy"":""cells/coco000000000030_s1_legacy_cg32/reconstruction.npy"",""reconstruction.png"":""cells/coco000000000030_s1_legacy_cg32/reconstruction.png"",""request.json"":""cells/coco000000000030_s1_legacy_cg32/request.json"",""target.png"":""cells/coco000000000030_s1_legacy_cg32/target.png""}",coco000000000030_s1_legacy_cg32,2.3905002389947185,true,true,4.172325134277344e-07,"{""basis_apply_calls"":33,""basis_denominator_passes"":1,""basis_transpose_calls"":34,""gaussian_renders"":2,""gradient_evaluations"":0,""quality_evaluations"":2,""raw_coverage_passes"":2}",30,0,0.10596613585948944,legacy_cg32,0.9850881695747375,2000,[],9071df653048b8e8df4b7995cbe57228e9dbeb241b309669b62b657276921a7e,coco000000000030_s1,4face6cf5b7e35ea86f3e1ec4b4234f3de1619e0f2e7e2230313baf30dc22c52,281615872,421527552,"{""boundary_hole_fraction"":0.0,""boundary_mse"":0.0004954320029355586,""boundary_psnr_db"":33.05015943149036,""cvar99_mse"":0.017662737518548965,""finite"":true,""foreground_mse"":0.0004954320029355586,""foreground_psnr_db"":33.05015943149036,""interior_hole_fraction"":0.0014105902519077063,""n_gaussians"":2000,""outside_coverage_max"":0.0,""outside_max_abs"":0.0,""p99_mse"":0.00919891893863678}",33.050159607319436,0.0004954319828774284,"{""boundary_hole_fraction"":0.0,""boundary_mse"":0.0004954320029355586,""boundary_psnr_db"":33.05015943149036,""cvar99_mse"":0.017662737518548965,""finite"":true,""foreground_mse"":0.0004954320029355586,""foreground_psnr_db"":33.05015943149036,""interior_hole_fraction"":0.0014105902519077063,""n_gaussians"":2000,""outside_coverage_max"":0.0,""outside_max_abs"":0.0,""p99_mse"":0.00919891893863678}",,1,1.0,0,false,ok,f24fa88987cdf1ab933ceb910f3d418bf93ef98360799b4854fa32ffa53c562f,2.0973065759972087,2.0973065759972087,2089598976
false,"{""config.json"":""cells/coco000000000030_s1_cg_ray/config.json"",""curves.png"":""cells/coco000000000030_s1_cg_ray/curves.png"",""decision"":""decision.json"",""error.png"":""cells/coco000000000030_s1_cg_ray/error.png"",""field.npz"":""cells/coco000000000030_s1_cg_ray/field.npz"",""history.json"":""cells/coco000000000030_s1_cg_ray/history.json"",""input_field.npz"":""cells/coco000000000030_s1_cg_ray/input_field.npz"",""occupancy"":""occupancy.json"",""parent_config.json"":""parents/coco000000000030_s1/config.json"",""parent_field.npz"":""parents/coco000000000030_s1/field.npz"",""parent_history.json"":""parents/coco000000000030_s1/history.json"",""parent_metrics.json"":""parents/coco000000000030_s1/metrics.json"",""parent_optimizer_state.pt"":""parents/coco000000000030_s1/optimizer_state.pt"",""parent_target.npy"":""parents/coco000000000030_s1/target.npy"",""reconstruction.npy"":""cells/coco000000000030_s1_cg_ray/reconstruction.npy"",""reconstruction.png"":""cells/coco000000000030_s1_cg_ray/reconstruction.png"",""request.json"":""cells/coco000000000030_s1_cg_ray/request.json"",""target.png"":""cells/coco000000000030_s1_cg_ray/target.png""}",coco000000000030_s1_cg_ray,0.3683415339983185,false,true,4.172325134277344e-07,"{""basis_apply_calls"":1,""basis_denominator_passes"":1,""basis_diagonal_passes"":0,""basis_transpose_calls"":0,""gaussian_renders"":1,""interpolated_quality_evaluations"":0,""legacy_cg_iterations"":0,""quality_evaluations"":1,""raw_coverage_passes"":1}",30,0,0.10600564628839493,cg_ray,0.9850509762763977,2000,[],9071df653048b8e8df4b7995cbe57228e9dbeb241b309669b62b657276921a7e,coco000000000030_s1,4face6cf5b7e35ea86f3e1ec4b4234f3de1619e0f2e7e2230313baf30dc22c52,281442816,421527552,"{""boundary_hole_fraction"":0.0,""boundary_mse"":0.0004975086194463074,""boundary_psnr_db"":33.031993906056115,""cvar99_mse"":0.017692137509584427,""finite"":true,""foreground_mse"":0.0004975086194463074,""foreground_psnr_db"":33.031993906056115,""interior_hole_fraction"":0.0014105902519077063,""n_gaussians"":2000,""outside_coverage_max"":0.0,""outside_max_abs"":0.0,""p99_mse"":0.009203941561281681}",33.03199373065543,0.0004975086395394371,"{""boundary_hole_fraction"":0.0,""boundary_mse"":0.0004975086194463074,""boundary_psnr_db"":33.031993906056115,""cvar99_mse"":0.017692137509584427,""finite"":true,""foreground_mse"":0.0004975086194463074,""foreground_psnr_db"":33.031993906056115,""interior_hole_fraction"":0.0014105902519077063,""n_gaussians"":2000,""outside_coverage_max"":0.0,""outside_max_abs"":0.0,""p99_mse"":0.009203941561281681}",basis_parent_parity_failed,1,0.0,0,false,ok,f24fa88987cdf1ab933ceb910f3d418bf93ef98360799b4854fa32ffa53c562f,0.07496215900027892,0.07496215900027892,2089598976
false,"{""config.json"":""cells/coco000000000030_s1_gradient_ray/config.json"",""curves.png"":""cells/coco000000000030_s1_gradient_ray/curves.png"",""decision"":""decision.json"",""error.png"":""cells/coco000000000030_s1_gradient_ray/error.png"",""field.npz"":""cells/coco000000000030_s1_gradient_ray/field.npz"",""history.json"":""cells/coco000000000030_s1_gradient_ray/history.json"",""input_field.npz"":""cells/coco000000000030_s1_gradient_ray/input_field.npz"",""occupancy"":""occupancy.json"",""parent_config.json"":""parents/coco000000000030_s1/config.json"",""parent_field.npz"":""parents/coco000000000030_s1/field.npz"",""parent_history.json"":""parents/coco000000000030_s1/history.json"",""parent_metrics.json"":""parents/coco000000000030_s1/metrics.json"",""parent_optimizer_state.pt"":""parents/coco000000000030_s1/optimizer_state.pt"",""parent_target.npy"":""parents/coco000000000030_s1/target.npy"",""reconstruction.npy"":""cells/coco000000000030_s1_gradient_ray/reconstruction.npy"",""reconstruction.png"":""cells/coco000000000030_s1_gradient_ray/reconstruction.png"",""request.json"":""cells/coco000000000030_s1_gradient_ray/request.json"",""target.png"":""cells/coco000000000030_s1_gradient_ray/target.png""}",coco000000000030_s1_gradient_ray,0.37117812300130026,false,true,4.76837158203125e-07,"{""basis_apply_calls"":1,""basis_denominator_passes"":1,""basis_diagonal_passes"":0,""basis_transpose_calls"":0,""gaussian_renders"":1,""interpolated_quality_evaluations"":0,""legacy_cg_iterations"":0,""quality_evaluations"":1,""raw_coverage_passes"":1}",30,0,0.10600563883781433,gradient_ray,0.9850508570671082,2000,[],9071df653048b8e8df4b7995cbe57228e9dbeb241b309669b62b657276921a7e,coco000000000030_s1,4face6cf5b7e35ea86f3e1ec4b4234f3de1619e0f2e7e2230313baf30dc22c52,281442816,421527552,"{""boundary_hole_fraction"":0.0,""boundary_mse"":0.0004975086194463074,""boundary_psnr_db"":33.031993906056115,""cvar99_mse"":0.017692137509584427,""finite"":true,""foreground_mse"":0.0004975086194463074,""foreground_psnr_db"":33.031993906056115,""interior_hole_fraction"":0.0014105902519077063,""n_gaussians"":2000,""outside_coverage_max"":0.0,""outside_max_abs"":0.0,""p99_mse"":0.00920393131673336}",33.031993751364794,0.0004975086371670633,"{""boundary_hole_fraction"":0.0,""boundary_mse"":0.0004975086194463074,""boundary_psnr_db"":33.031993906056115,""cvar99_mse"":0.017692135646939278,""finite"":true,""foreground_mse"":0.0004975086194463074,""foreground_psnr_db"":33.031993906056115,""interior_hole_fraction"":0.0014105902519077063,""n_gaussians"":2000,""outside_coverage_max"":0.0,""outside_max_abs"":0.0,""p99_mse"":0.009203941561281681}",basis_parent_parity_failed,1,0.0,0,false,ok,f24fa88987cdf1ab933ceb910f3d418bf93ef98360799b4854fa32ffa53c562f,0.07487933399534086,0.07487933399534086,2089598976
false,"{""config.json"":""cells/coco000000000030_s1_jacobi_ray/config.json"",""curves.png"":""cells/coco000000000030_s1_jacobi_ray/curves.png"",""decision"":""decision.json"",""error.png"":""cells/coco000000000030_s1_jacobi_ray/error.png"",""field.npz"":""cells/coco000000000030_s1_jacobi_ray/field.npz"",""history.json"":""cells/coco000000000030_s1_jacobi_ray/history.json"",""input_field.npz"":""cells/coco000000000030_s1_jacobi_ray/input_field.npz"",""occupancy"":""occupancy.json"",""parent_config.json"":""parents/coco000000000030_s1/config.json"",""parent_field.npz"":""parents/coco000000000030_s1/field.npz"",""parent_history.json"":""parents/coco000000000030_s1/history.json"",""parent_metrics.json"":""parents/coco000000000030_s1/metrics.json"",""parent_optimizer_state.pt"":""parents/coco000000000030_s1/optimizer_state.pt"",""parent_target.npy"":""parents/coco000000000030_s1/target.npy"",""reconstruction.npy"":""cells/coco000000000030_s1_jacobi_ray/reconstruction.npy"",""reconstruction.png"":""cells/coco000000000030_s1_jacobi_ray/reconstruction.png"",""request.json"":""cells/coco000000000030_s1_jacobi_ray/request.json"",""target.png"":""cells/coco000000000030_s1_jacobi_ray/target.png""}",coco000000000030_s1_jacobi_ray,0.36558047300059116,false,true,4.172325134277344e-07,"{""basis_apply_calls"":1,""basis_denominator_passes"":1,""basis_diagonal_passes"":0,""basis_transpose_calls"":0,""gaussian_renders"":1,""interpolated_quality_evaluations"":0,""legacy_cg_iterations"":0,""quality_evaluations"":1,""raw_coverage_passes"":1}",30,0,0.1060054674744606,jacobi_ray,0.9850509166717529,2000,[],9071df653048b8e8df4b7995cbe57228e9dbeb241b309669b62b657276921a7e,coco000000000030_s1,4face6cf5b7e35ea86f3e1ec4b4234f3de1619e0f2e7e2230313baf30dc22c52,281442816,421527552,"{""boundary_hole_fraction"":0.0,""boundary_mse"":0.0004975086194463074,""boundary_psnr_db"":33.031993906056115,""cvar99_mse"":0.017692137509584427,""finite"":true,""foreground_mse"":0.0004975086194463074,""foreground_psnr_db"":33.031993906056115,""interior_hole_fraction"":0.0014105902519077063,""n_gaussians"":2000,""outside_coverage_max"":0.0,""outside_max_abs"":0.0,""p99_mse"":0.009203941561281681}",33.031993723929304,0.0004975086403099525,"{""boundary_hole_fraction"":0.0,""boundary_mse"":0.0004975086194463074,""boundary_psnr_db"":33.031993906056115,""cvar99_mse"":0.017692137509584427,""finite"":true,""foreground_mse"":0.0004975086194463074,""foreground_psnr_db"":33.031993906056115,""interior_hole_fraction"":0.0014105902519077063,""n_gaussians"":2000,""outside_coverage_max"":0.0,""outside_max_abs"":0.0,""p99_mse"":0.00920393131673336}",basis_parent_parity_failed,1,0.0,0,false,ok,f24fa88987cdf1ab933ceb910f3d418bf93ef98360799b4854fa32ffa53c562f,0.07513586600543931,0.07513586600543931,2089598976
false,"{""config.json"":""cells/coco000000000034_s0_noop/config.json"",""curves.png"":""cells/coco000000000034_s0_noop/curves.png"",""decision"":""decision.json"",""error.png"":""cells/coco000000000034_s0_noop/error.png"",""field.npz"":""cells/coco000000000034_s0_noop/field.npz"",""history.json"":""cells/coco000000000034_s0_noop/history.json"",""input_field.npz"":""cells/coco000000000034_s0_noop/input_field.npz"",""occupancy"":""occupancy.json"",""parent_config.json"":""parents/coco000000000034_s0/config.json"",""parent_field.npz"":""parents/coco000000000034_s0/field.npz"",""parent_history.json"":""parents/coco000000000034_s0/history.json"",""parent_metrics.json"":""parents/coco000000000034_s0/metrics.json"",""parent_optimizer_state.pt"":""parents/coco000000000034_s0/optimizer_state.pt"",""parent_target.npy"":""parents/coco000000000034_s0/target.npy"",""reconstruction.npy"":""cells/coco000000000034_s0_noop/reconstruction.npy"",""reconstruction.png"":""cells/coco000000000034_s0_noop/reconstruction.png"",""request.json"":""cells/coco000000000034_s0_noop/request.json"",""target.png"":""cells/coco000000000034_s0_noop/target.png""}",coco000000000034_s0_noop,0.48818821699387627,false,true,3.5762786865234375e-07,"{""basis_apply_calls"":0,""basis_denominator_passes"":0,""basis_transpose_calls"":0,""gaussian_renders"":1,""gradient_evaluations"":0,""quality_evaluations"":1,""raw_coverage_passes"":1}",34,0,0.5885031223297119,noop,0.8309580683708191,2000,[],8398e3af4b486a0809d5941356669f1332b4e5944e156c31f7eee1007c2f8c74,coco000000000034_s0,84d55622630608ca5eca73e2c7cc0d0d0b9d81bb806eb382d04c001e02b7b74c,249894400,304087040,"{""boundary_hole_fraction"":0.0,""boundary_mse"":0.01060398854315281,""boundary_psnr_db"":19.745307501626527,""cvar99_mse"":0.13925321400165558,""finite"":true,""foreground_mse"":0.01060398854315281,""foreground_psnr_db"":19.745307501626527,""interior_hole_fraction"":0.012310432270169258,""n_gaussians"":2000,""outside_coverage_max"":0.0,""outside_max_abs"":0.0,""p99_mse"":0.09113840013742447}",19.745307796142782,0.010603987824044685,"{""boundary_hole_fraction"":0.0,""boundary_mse"":0.01060398854315281,""boundary_psnr_db"":19.745307501626527,""cvar99_mse"":0.13925321400165558,""finite"":true,""foreground_mse"":0.01060398854315281,""foreground_psnr_db"":19.745307501626527,""interior_hole_fraction"":0.012310432270169258,""n_gaussians"":2000,""outside_coverage_max"":0.0,""outside_max_abs"":0.0,""p99_mse"":0.09113840758800507}",noop,0,0.0,0,false,ok,1885ed269e0c882fadc488c3e461adacb474b1c811f3bb3b40445d3a013225f5,0.02615076000074623,0.02615076000074623,2091782144
false,"{""config.json"":""cells/coco000000000034_s0_legacy_cg32/config.json"",""curves.png"":""cells/coco000000000034_s0_legacy_cg32/curves.png"",""decision"":""decision.json"",""error.png"":""cells/coco000000000034_s0_legacy_cg32/error.png"",""field.npz"":""cells/coco000000000034_s0_legacy_cg32/field.npz"",""history.json"":""cells/coco000000000034_s0_legacy_cg32/history.json"",""input_field.npz"":""cells/coco000000000034_s0_legacy_cg32/input_field.npz"",""occupancy"":""occupancy.json"",""parent_config.json"":""parents/coco000000000034_s0/config.json"",""parent_field.npz"":""parents/coco000000000034_s0/field.npz"",""parent_history.json"":""parents/coco000000000034_s0/history.json"",""parent_metrics.json"":""parents/coco000000000034_s0/metrics.json"",""parent_optimizer_state.pt"":""parents/coco000000000034_s0/optimizer_state.pt"",""parent_target.npy"":""parents/coco000000000034_s0/target.npy"",""reconstruction.npy"":""cells/coco000000000034_s0_legacy_cg32/reconstruction.npy"",""reconstruction.png"":""cells/coco000000000034_s0_legacy_cg32/reconstruction.png"",""request.json"":""cells/coco000000000034_s0_legacy_cg32/request.json"",""target.png"":""cells/coco000000000034_s0_legacy_cg32/target.png""}",coco000000000034_s0_legacy_cg32,2.0676872379990527,false,true,3.5762786865234375e-07,"{""basis_apply_calls"":33,""basis_denominator_passes"":1,""basis_transpose_calls"":34,""gaussian_renders"":2,""gradient_evaluations"":0,""quality_evaluations"":2,""raw_coverage_passes"":2}",34,0,0.5885019302368164,legacy_cg32,0.8309580683708191,2000,[],8398e3af4b486a0809d5941356669f1332b4e5944e156c31f7eee1007c2f8c74,coco000000000034_s0,84d55622630608ca5eca73e2c7cc0d0d0b9d81bb806eb382d04c001e02b7b74c,281761792,358612992,"{""boundary_hole_fraction"":0.0,""boundary_mse"":0.01060398854315281,""boundary_psnr_db"":19.745307501626527,""cvar99_mse"":0.13925321400165558,""finite"":true,""foreground_mse"":0.01060398854315281,""foreground_psnr_db"":19.745307501626527,""interior_hole_fraction"":0.012310432270169258,""n_gaussians"":2000,""outside_coverage_max"":0.0,""outside_max_abs"":0.0,""p99_mse"":0.09113840013742447}",19.74530779587363,0.010603987824701868,"{""boundary_hole_fraction"":0.0,""boundary_mse"":0.01060398854315281,""boundary_psnr_db"":19.745307501626527,""cvar99_mse"":0.13925321400165558,""finite"":true,""foreground_mse"":0.01060398854315281,""foreground_psnr_db"":19.745307501626527,""interior_hole_fraction"":0.012310432270169258,""n_gaussians"":2000,""outside_coverage_max"":0.0,""outside_max_abs"":0.0,""p99_mse"":0.09113839268684387}",candidate_rejected,0,0.0,0,false,ok,1885ed269e0c882fadc488c3e461adacb474b1c811f3bb3b40445d3a013225f5,1.8080649559997255,1.8080649559997255,2091782144
false,"{""config.json"":""cells/coco000000000034_s0_cg_ray/config.json"",""curves.png"":""cells/coco000000000034_s0_cg_ray/curves.png"",""decision"":""decision.json"",""error.png"":""cells/coco000000000034_s0_cg_ray/error.png"",""field.npz"":""cells/coco000000000034_s0_cg_ray/field.npz"",""history.json"":""cells/coco000000000034_s0_cg_ray/history.json"",""input_field.npz"":""cells/coco000000000034_s0_cg_ray/input_field.npz"",""occupancy"":""occupancy.json"",""parent_config.json"":""parents/coco000000000034_s0/config.json"",""parent_field.npz"":""parents/coco000000000034_s0/field.npz"",""parent_history.json"":""parents/coco000000000034_s0/history.json"",""parent_metrics.json"":""parents/coco000000000034_s0/metrics.json"",""parent_optimizer_state.pt"":""parents/coco000000000034_s0/optimizer_state.pt"",""parent_target.npy"":""parents/coco000000000034_s0/target.npy"",""reconstruction.npy"":""cells/coco000000000034_s0_cg_ray/reconstruction.npy"",""reconstruction.png"":""cells/coco000000000034_s0_cg_ray/reconstruction.png"",""request.json"":""cells/coco000000000034_s0_cg_ray/request.json"",""target.png"":""cells/coco000000000034_s0_cg_ray/target.png""}",coco000000000034_s0_cg_ray,0.3225542780055548,false,true,2.980232238769531e-07,"{""basis_apply_calls"":1,""basis_denominator_passes"":1,""basis_diagonal_passes"":0,""basis_transpose_calls"":0,""gaussian_renders"":1,""interpolated_quality_evaluations"":0,""legacy_cg_iterations"":0,""quality_evaluations"":1,""raw_coverage_passes"":1}",34,0,0.5885029435157776,cg_ray,0.8309580087661743,2000,[],8398e3af4b486a0809d5941356669f1332b4e5944e156c31f7eee1007c2f8c74,coco000000000034_s0,84d55622630608ca5eca73e2c7cc0d0d0b9d81bb806eb382d04c001e02b7b74c,281588736,358612992,"{""boundary_hole_fraction"":0.0,""boundary_mse"":0.01060398854315281,""boundary_psnr_db"":19.745307501626527,""cvar99_mse"":0.13925321400165558,""finite"":true,""foreground_mse"":0.01060398854315281,""foreground_psnr_db"":19.745307501626527,""interior_hole_fraction"":0.012310432270169258,""n_gaussians"":2000,""outside_coverage_max"":0.0,""outside_max_abs"":0.0,""p99_mse"":0.09113837033510208}",19.745307800156912,0.010603987814243545,"{""boundary_hole_fraction"":0.0,""boundary_mse"":0.01060398854315281,""boundary_psnr_db"":19.745307501626527,""cvar99_mse"":0.13925321400165558,""finite"":true,""foreground_mse"":0.01060398854315281,""foreground_psnr_db"":19.745307501626527,""interior_hole_fraction"":0.012310432270169258,""n_gaussians"":2000,""outside_coverage_max"":0.0,""outside_max_abs"":0.0,""p99_mse"":0.09113837778568268}",basis_parent_parity_failed,0,0.0,0,false,ok,1885ed269e0c882fadc488c3e461adacb474b1c811f3bb3b40445d3a013225f5,0.065532863001863,0.065532863001863,2091782144
false,"{""config.json"":""cells/coco000000000034_s0_gradient_ray/config.json"",""curves.png"":""cells/coco000000000034_s0_gradient_ray/curves.png"",""decision"":""decision.json"",""error.png"":""cells/coco000000000034_s0_gradient_ray/error.png"",""field.npz"":""cells/coco000000000034_s0_gradient_ray/field.npz"",""history.json"":""cells/coco000000000034_s0_gradient_ray/history.json"",""input_field.npz"":""cells/coco000000000034_s0_gradient_ray/input_field.npz"",""occupancy"":""occupancy.json"",""parent_config.json"":""parents/coco000000000034_s0/config.json"",""parent_field.npz"":""parents/coco000000000034_s0/field.npz"",""parent_history.json"":""parents/coco000000000034_s0/history.json"",""parent_metrics.json"":""parents/coco000000000034_s0/metrics.json"",""parent_optimizer_state.pt"":""parents/coco000000000034_s0/optimizer_state.pt"",""parent_target.npy"":""parents/coco000000000034_s0/target.npy"",""reconstruction.npy"":""cells/coco000000000034_s0_gradient_ray/reconstruction.npy"",""reconstruction.png"":""cells/coco000000000034_s0_gradient_ray/reconstruction.png"",""request.json"":""cells/coco000000000034_s0_gradient_ray/request.json"",""target.png"":""cells/coco000000000034_s0_gradient_ray/target.png""}",coco000000000034_s0_gradient_ray,0.3250010390038369,false,true,2.980232238769531e-07,"{""basis_apply_calls"":1,""basis_denominator_passes"":1,""basis_diagonal_passes"":0,""basis_transpose_calls"":0,""gaussian_renders"":1,""interpolated_quality_evaluations"":0,""legacy_cg_iterations"":0,""quality_evaluations"":1,""raw_coverage_passes"":1}",34,0,0.5885027647018433,gradient_ray,0.8309580087661743,2000,[],8398e3af4b486a0809d5941356669f1332b4e5944e156c31f7eee1007c2f8c74,coco000000000034_s0,84d55622630608ca5eca73e2c7cc0d0d0b9d81bb806eb382d04c001e02b7b74c,281588736,358612992,"{""boundary_hole_fraction"":0.0,""boundary_mse"":0.01060398854315281,""boundary_psnr_db"":19.745307501626527,""cvar99_mse"":0.13925321400165558,""finite"":true,""foreground_mse"":0.01060398854315281,""foreground_psnr_db"":19.745307501626527,""interior_hole_fraction"":0.012310432270169258,""n_gaussians"":2000,""outside_coverage_max"":0.0,""outside_max_abs"":0.0,""p99_mse"":0.09113840013742447}",19.745307796325058,0.010603987823599628,"{""boundary_hole_fraction"":0.0,""boundary_mse"":0.01060398854315281,""boundary_psnr_db"":19.745307501626527,""cvar99_mse"":0.13925321400165558,""finite"":true,""foreground_mse"":0.01060398854315281,""foreground_psnr_db"":19.745307501626527,""interior_hole_fraction"":0.012310432270169258,""n_gaussians"":2000,""outside_coverage_max"":0.0,""outside_max_abs"":0.0,""p99_mse"":0.09113837033510208}",basis_parent_parity_failed,0,0.0,0,false,ok,1885ed269e0c882fadc488c3e461adacb474b1c811f3bb3b40445d3a013225f5,0.06527106700377772,0.06527106700377772,2091782144
false,"{""config.json"":""cells/coco000000000034_s0_jacobi_ray/config.json"",""curves.png"":""cells/coco000000000034_s0_jacobi_ray/curves.png"",""decision"":""decision.json"",""error.png"":""cells/coco000000000034_s0_jacobi_ray/error.png"",""field.npz"":""cells/coco000000000034_s0_jacobi_ray/field.npz"",""history.json"":""cells/coco000000000034_s0_jacobi_ray/history.json"",""input_field.npz"":""cells/coco000000000034_s0_jacobi_ray/input_field.npz"",""occupancy"":""occupancy.json"",""parent_config.json"":""parents/coco000000000034_s0/config.json"",""parent_field.npz"":""parents/coco000000000034_s0/field.npz"",""parent_history.json"":""parents/coco000000000034_s0/history.json"",""parent_metrics.json"":""parents/coco000000000034_s0/metrics.json"",""parent_optimizer_state.pt"":""parents/coco000000000034_s0/optimizer_state.pt"",""parent_target.npy"":""parents/coco000000000034_s0/target.npy"",""reconstruction.npy"":""cells/coco000000000034_s0_jacobi_ray/reconstruction.npy"",""reconstruction.png"":""cells/coco000000000034_s0_jacobi_ray/reconstruction.png"",""request.json"":""cells/coco000000000034_s0_jacobi_ray/request.json"",""target.png"":""cells/coco000000000034_s0_jacobi_ray/target.png""}",coco000000000034_s0_jacobi_ray,0.3253393380000489,false,true,2.980232238769531e-07,"{""basis_apply_calls"":1,""basis_denominator_passes"":1,""basis_diagonal_passes"":0,""basis_transpose_calls"":0,""gaussian_renders"":1,""interpolated_quality_evaluations"":0,""legacy_cg_iterations"":0,""quality_evaluations"":1,""raw_coverage_passes"":1}",34,0,0.5885027647018433,jacobi_ray,0.8309580087661743,2000,[],8398e3af4b486a0809d5941356669f1332b4e5944e156c31f7eee1007c2f8c74,coco000000000034_s0,84d55622630608ca5eca73e2c7cc0d0d0b9d81bb806eb382d04c001e02b7b74c,281588736,358612992,"{""boundary_hole_fraction"":0.0,""boundary_mse"":0.01060398854315281,""boundary_psnr_db"":19.745307501626527,""cvar99_mse"":0.13925321400165558,""finite"":true,""foreground_mse"":0.01060398854315281,""foreground_psnr_db"":19.745307501626527,""interior_hole_fraction"":0.012310432270169258,""n_gaussians"":2000,""outside_coverage_max"":0.0,""outside_max_abs"":0.0,""p99_mse"":0.09113836288452148}",19.745307797105074,0.010603987821695096,"{""boundary_hole_fraction"":0.0,""boundary_mse"":0.01060398854315281,""boundary_psnr_db"":19.745307501626527,""cvar99_mse"":0.13925321400165558,""finite"":true,""foreground_mse"":0.01060398854315281,""foreground_psnr_db"":19.745307501626527,""interior_hole_fraction"":0.012310432270169258,""n_gaussians"":2000,""outside_coverage_max"":0.0,""outside_max_abs"":0.0,""p99_mse"":0.09113840758800507}",basis_parent_parity_failed,0,0.0,0,false,ok,1885ed269e0c882fadc488c3e461adacb474b1c811f3bb3b40445d3a013225f5,0.06514486299420241,0.06514486299420241,2091782144
false,"{""config.json"":""cells/coco000000000034_s0_adam32/config.json"",""curves.png"":""cells/coco000000000034_s0_adam32/curves.png"",""decision"":""decision.json"",""error.png"":""cells/coco000000000034_s0_adam32/error.png"",""field.npz"":""cells/coco000000000034_s0_adam32/field.npz"",""history.json"":""cells/coco000000000034_s0_adam32/history.json"",""input_field.npz"":""cells/coco000000000034_s0_adam32/input_field.npz"",""occupancy"":""occupancy.json"",""parent_config.json"":""parents/coco000000000034_s0/config.json"",""parent_field.npz"":""parents/coco000000000034_s0/field.npz"",""parent_history.json"":""parents/coco000000000034_s0/history.json"",""parent_metrics.json"":""parents/coco000000000034_s0/metrics.json"",""parent_optimizer_state.pt"":""parents/coco000000000034_s0/optimizer_state.pt"",""parent_target.npy"":""parents/coco000000000034_s0/target.npy"",""reconstruction.npy"":""cells/coco000000000034_s0_adam32/reconstruction.npy"",""reconstruction.png"":""cells/coco000000000034_s0_adam32/reconstruction.png"",""request.json"":""cells/coco000000000034_s0_adam32/request.json"",""target.png"":""cells/coco000000000034_s0_adam32/target.png""}",coco000000000034_s0_adam32,0.41022636799607426,false,true,2.980232238769531e-07,"{""basis_apply_calls"":0,""basis_denominator_passes"":0,""basis_transpose_calls"":0,""gaussian_renders"":35,""gradient_evaluations"":32,""quality_evaluations"":2,""raw_coverage_passes"":2}",34,32,0.5885028839111328,adam32,0.8309580683708191,2000,[],8398e3af4b486a0809d5941356669f1332b4e5944e156c31f7eee1007c2f8c74,coco000000000034_s0,84d55622630608ca5eca73e2c7cc0d0d0b9d81bb806eb382d04c001e02b7b74c,258655232,358612992,"{""boundary_hole_fraction"":0.0,""boundary_mse"":0.01060398854315281,""boundary_psnr_db"":19.745307501626527,""cvar99_mse"":0.13925321400165558,""finite"":true,""foreground_mse"":0.01060398854315281,""foreground_psnr_db"":19.745307501626527,""interior_hole_fraction"":0.012310432270169258,""n_gaussians"":2000,""outside_coverage_max"":0.0,""outside_max_abs"":0.0,""p99_mse"":0.09113837778568268}",19.7453077898862,0.010603987839321115,"{""boundary_hole_fraction"":0.0,""boundary_mse"":0.01060398854315281,""boundary_psnr_db"":19.745307501626527,""cvar99_mse"":0.13925321400165558,""finite"":true,""foreground_mse"":0.01060398854315281,""foreground_psnr_db"":19.745307501626527,""interior_hole_fraction"":0.012310432270169258,""n_gaussians"":2000,""outside_coverage_max"":0.0,""outside_max_abs"":0.0,""p99_mse"":0.09113840013742447}",candidate_rejected,0,0.0,0,false,ok,1885ed269e0c882fadc488c3e461adacb474b1c811f3bb3b40445d3a013225f5,0.15317512000183342,0.15317512000183342,2091782144
true,"{""config.json"":""cells/coco000000000034_s1_legacy_cg32/config.json"",""curves.png"":""cells/coco000000000034_s1_legacy_cg32/curves.png"",""decision"":""decision.json"",""error.png"":""cells/coco000000000034_s1_legacy_cg32/error.png"",""field.npz"":""cells/coco000000000034_s1_legacy_cg32/field.npz"",""history.json"":""cells/coco000000000034_s1_legacy_cg32/history.json"",""input_field.npz"":""cells/coco000000000034_s1_legacy_cg32/input_field.npz"",""occupancy"":""occupancy.json"",""parent_config.json"":""parents/coco000000000034_s1/config.json"",""parent_field.npz"":""parents/coco000000000034_s1/field.npz"",""parent_history.json"":""parents/coco000000000034_s1/history.json"",""parent_metrics.json"":""parents/coco000000000034_s1/metrics.json"",""parent_optimizer_state.pt"":""parents/coco000000000034_s1/optimizer_state.pt"",""parent_target.npy"":""parents/coco000000000034_s1/target.npy"",""reconstruction.npy"":""cells/coco000000000034_s1_legacy_cg32/reconstruction.npy"",""reconstruction.png"":""cells/coco000000000034_s1_legacy_cg32/reconstruction.png"",""request.json"":""cells/coco000000000034_s1_legacy_cg32/request.json"",""target.png"":""cells/coco000000000034_s1_legacy_cg32/target.png""}",coco000000000034_s1_legacy_cg32,2.3703219259987236,true,true,3.5762786865234375e-07,"{""basis_apply_calls"":33,""basis_denominator_passes"":1,""basis_transpose_calls"":34,""gaussian_renders"":2,""gradient_evaluations"":0,""quality_evaluations"":2,""raw_coverage_passes"":2}",34,0,0.6010185480117798,legacy_cg32,0.8320110440254211,2000,[],23a05caaa99b2516d6eea7ac9c6224a3d2f808fa89d1729f8755e3701ae3536e,coco000000000034_s1,7f87714cffce8d381ad66e31024c9977f28d65b04b60294f575f49551f69b9cb,277427200,354418688,"{""boundary_hole_fraction"":0.0,""boundary_mse"":0.010448222048580647,""boundary_psnr_db"":19.809576062213218,""cvar99_mse"":0.12739618122577667,""finite"":true,""foreground_mse"":0.010448222048580647,""foreground_psnr_db"":19.809576062213218,""interior_hole_fraction"":0.006255744490772486,""n_gaussians"":2000,""outside_coverage_max"":0.0,""outside_max_abs"":0.0,""p99_mse"":0.08883599936962128}",19.809576422679516,0.010448221181373736,"{""boundary_hole_fraction"":0.0,""boundary_mse"":0.010448222048580647,""boundary_psnr_db"":19.809576062213218,""cvar99_mse"":0.12739618122577667,""finite"":true,""foreground_mse"":0.010448222048580647,""foreground_psnr_db"":19.809576062213218,""interior_hole_fraction"":0.006255744490772486,""n_gaussians"":2000,""outside_coverage_max"":0.0,""outside_max_abs"":0.0,""p99_mse"":0.08883600682020187}",,1,1.0,0,false,ok,1885ed269e0c882fadc488c3e461adacb474b1c811f3bb3b40445d3a013225f5,1.90007749999495,1.90007749999495,2089017344
false,"{""config.json"":""cells/coco000000000034_s1_cg_ray/config.json"",""curves.png"":""cells/coco000000000034_s1_cg_ray/curves.png"",""decision"":""decision.json"",""error.png"":""cells/coco000000000034_s1_cg_ray/error.png"",""field.npz"":""cells/coco000000000034_s1_cg_ray/field.npz"",""history.json"":""cells/coco000000000034_s1_cg_ray/history.json"",""input_field.npz"":""cells/coco000000000034_s1_cg_ray/input_field.npz"",""occupancy"":""occupancy.json"",""parent_config.json"":""parents/coco000000000034_s1/config.json"",""parent_field.npz"":""parents/coco000000000034_s1/field.npz"",""parent_history.json"":""parents/coco000000000034_s1/history.json"",""parent_metrics.json"":""parents/coco000000000034_s1/metrics.json"",""parent_optimizer_state.pt"":""parents/coco000000000034_s1/optimizer_state.pt"",""parent_target.npy"":""parents/coco000000000034_s1/target.npy"",""reconstruction.npy"":""cells/coco000000000034_s1_cg_ray/reconstruction.npy"",""reconstruction.png"":""cells/coco000000000034_s1_cg_ray/reconstruction.png"",""request.json"":""cells/coco000000000034_s1_cg_ray/request.json"",""target.png"":""cells/coco000000000034_s1_cg_ray/target.png""}",coco000000000034_s1_cg_ray,0.3266100170003483,false,true,3.5762786865234375e-07,"{""basis_apply_calls"":1,""basis_denominator_passes"":1,""basis_diagonal_passes"":0,""basis_transpose_calls"":0,""gaussian_renders"":1,""interpolated_quality_evaluations"":0,""legacy_cg_iterations"":0,""quality_evaluations"":1,""raw_coverage_passes"":1}",34,0,0.6012074947357178,cg_ray,0.8318192362785339,2000,[],23a05caaa99b2516d6eea7ac9c6224a3d2f808fa89d1729f8755e3701ae3536e,coco000000000034_s1,7f87714cffce8d381ad66e31024c9977f28d65b04b60294f575f49551f69b9cb,281579520,358612992,"{""boundary_hole_fraction"":0.0,""boundary_mse"":0.010456178337335587,""boundary_psnr_db"":19.806270181723217,""cvar99_mse"":0.12746720016002655,""finite"":true,""foreground_mse"":0.010456178337335587,""foreground_psnr_db"":19.806270181723217,""interior_hole_fraction"":0.006255744490772486,""n_gaussians"":2000,""outside_coverage_max"":0.0,""outside_max_abs"":0.0,""p99_mse"":0.08903348445892334}",19.806270370852207,0.010456177881984094,"{""boundary_hole_fraction"":0.0,""boundary_mse"":0.010456178337335587,""boundary_psnr_db"":19.806270181723217,""cvar99_mse"":0.12746718525886536,""finite"":true,""foreground_mse"":0.010456178337335587,""foreground_psnr_db"":19.806270181723217,""interior_hole_fraction"":0.006255744490772486,""n_gaussians"":2000,""outside_coverage_max"":0.0,""outside_max_abs"":0.0,""p99_mse"":0.08903348445892334}",basis_parent_parity_failed,1,0.0,0,false,ok,1885ed269e0c882fadc488c3e461adacb474b1c811f3bb3b40445d3a013225f5,0.06843829699937487,0.06843829699937487,2089017344
false,"{""config.json"":""cells/coco000000000034_s1_gradient_ray/config.json"",""curves.png"":""cells/coco000000000034_s1_gradient_ray/curves.png"",""decision"":""decision.json"",""error.png"":""cells/coco000000000034_s1_gradient_ray/error.png"",""field.npz"":""cells/coco000000000034_s1_gradient_ray/field.npz"",""history.json"":""cells/coco000000000034_s1_gradient_ray/history.json"",""input_field.npz"":""cells/coco000000000034_s1_gradient_ray/input_field.npz"",""occupancy"":""occupancy.json"",""parent_config.json"":""parents/coco000000000034_s1/config.json"",""parent_field.npz"":""parents/coco000000000034_s1/field.npz"",""parent_history.json"":""parents/coco000000000034_s1/history.json"",""parent_metrics.json"":""parents/coco000000000034_s1/metrics.json"",""parent_optimizer_state.pt"":""parents/coco000000000034_s1/optimizer_state.pt"",""parent_target.npy"":""parents/coco000000000034_s1/target.npy"",""reconstruction.npy"":""cells/coco000000000034_s1_gradient_ray/reconstruction.npy"",""reconstruction.png"":""cells/coco000000000034_s1_gradient_ray/reconstruction.png"",""request.json"":""cells/coco000000000034_s1_gradient_ray/request.json"",""target.png"":""cells/coco000000000034_s1_gradient_ray/target.png""}",coco000000000034_s1_gradient_ray,0.3308541649967083,false,true,3.5762786865234375e-07,"{""basis_apply_calls"":1,""basis_denominator_passes"":1,""basis_diagonal_passes"":0,""basis_transpose_calls"":0,""gaussian_renders"":1,""interpolated_quality_evaluations"":0,""legacy_cg_iterations"":0,""quality_evaluations"":1,""raw_coverage_passes"":1}",34,0,0.601207971572876,gradient_ray,0.8318191766738892,2000,[],23a05caaa99b2516d6eea7ac9c6224a3d2f808fa89d1729f8755e3701ae3536e,coco000000000034_s1,7f87714cffce8d381ad66e31024c9977f28d65b04b60294f575f49551f69b9cb,281579520,358612992,"{""boundary_hole_fraction"":0.0,""boundary_mse"":0.010456178337335587,""boundary_psnr_db"":19.806270181723217,""cvar99_mse"":0.12746720016002655,""finite"":true,""foreground_mse"":0.010456178337335587,""foreground_psnr_db"":19.806270181723217,""interior_hole_fraction"":0.006255744490772486,""n_gaussians"":2000,""outside_coverage_max"":0.0,""outside_max_abs"":0.0,""p99_mse"":0.08903349936008453}",19.806270365869697,0.010456177893980106,"{""boundary_hole_fraction"":0.0,""boundary_mse"":0.010456178337335587,""boundary_psnr_db"":19.806270181723217,""cvar99_mse"":0.12746720016002655,""finite"":true,""foreground_mse"":0.010456178337335587,""foreground_psnr_db"":19.806270181723217,""interior_hole_fraction"":0.006255744490772486,""n_gaussians"":2000,""outside_coverage_max"":0.0,""outside_max_abs"":0.0,""p99_mse"":0.08903347700834274}",basis_parent_parity_failed,1,0.0,0,false,ok,1885ed269e0c882fadc488c3e461adacb474b1c811f3bb3b40445d3a013225f5,0.06842066800163593,0.06842066800163593,2089017344
false,"{""config.json"":""cells/coco000000000034_s1_jacobi_ray/config.json"",""curves.png"":""cells/coco000000000034_s1_jacobi_ray/curves.png"",""decision"":""decision.json"",""error.png"":""cells/coco000000000034_s1_jacobi_ray/error.png"",""field.npz"":""cells/coco000000000034_s1_jacobi_ray/field.npz"",""history.json"":""cells/coco000000000034_s1_jacobi_ray/history.json"",""input_field.npz"":""cells/coco000000000034_s1_jacobi_ray/input_field.npz"",""occupancy"":""occupancy.json"",""parent_config.json"":""parents/coco000000000034_s1/config.json"",""parent_field.npz"":""parents/coco000000000034_s1/field.npz"",""parent_history.json"":""parents/coco000000000034_s1/history.json"",""parent_metrics.json"":""parents/coco000000000034_s1/metrics.json"",""parent_optimizer_state.pt"":""parents/coco000000000034_s1/optimizer_state.pt"",""parent_target.npy"":""parents/coco000000000034_s1/target.npy"",""reconstruction.npy"":""cells/coco000000000034_s1_jacobi_ray/reconstruction.npy"",""reconstruction.png"":""cells/coco000000000034_s1_jacobi_ray/reconstruction.png"",""request.json"":""cells/coco000000000034_s1_jacobi_ray/request.json"",""target.png"":""cells/coco000000000034_s1_jacobi_ray/target.png""}",coco000000000034_s1_jacobi_ray,0.32891586299956543,false,true,3.5762786865234375e-07,"{""basis_apply_calls"":1,""basis_denominator_passes"":1,""basis_diagonal_passes"":0,""basis_transpose_calls"":0,""gaussian_renders"":1,""interpolated_quality_evaluations"":0,""legacy_cg_iterations"":0,""quality_evaluations"":1,""raw_coverage_passes"":1}",34,0,0.6012076139450073,jacobi_ray,0.8318192362785339,2000,[],23a05caaa99b2516d6eea7ac9c6224a3d2f808fa89d1729f8755e3701ae3536e,coco000000000034_s1,7f87714cffce8d381ad66e31024c9977f28d65b04b60294f575f49551f69b9cb,281579520,358612992,"{""boundary_hole_fraction"":0.0,""boundary_mse"":0.010456178337335587,""boundary_psnr_db"":19.806270181723217,""cvar99_mse"":0.12746721506118774,""finite"":true,""foreground_mse"":0.010456178337335587,""foreground_psnr_db"":19.806270181723217,""interior_hole_fraction"":0.006255744490772486,""n_gaussians"":2000,""outside_coverage_max"":0.0,""outside_max_abs"":0.0,""p99_mse"":0.08903348445892334}",19.806270364423266,0.01045617789746257,"{""boundary_hole_fraction"":0.0,""boundary_mse"":0.010456178337335587,""boundary_psnr_db"":19.806270181723217,""cvar99_mse"":0.12746720016002655,""finite"":true,""foreground_mse"":0.010456178337335587,""foreground_psnr_db"":19.806270181723217,""interior_hole_fraction"":0.006255744490772486,""n_gaussians"":2000,""outside_coverage_max"":0.0,""outside_max_abs"":0.0,""p99_mse"":0.08903347700834274}",basis_parent_parity_failed,1,0.0,0,false,ok,1885ed269e0c882fadc488c3e461adacb474b1c811f3bb3b40445d3a013225f5,0.06844050800282275,0.06844050800282275,2089017344
false,"{""config.json"":""cells/coco000000000034_s1_adam32/config.json"",""curves.png"":""cells/coco000000000034_s1_adam32/curves.png"",""decision"":""decision.json"",""error.png"":""cells/coco000000000034_s1_adam32/error.png"",""field.npz"":""cells/coco000000000034_s1_adam32/field.npz"",""history.json"":""cells/coco000000000034_s1_adam32/history.json"",""input_field.npz"":""cells/coco000000000034_s1_adam32/input_field.npz"",""occupancy"":""occupancy.json"",""parent_config.json"":""parents/coco000000000034_s1/config.json"",""parent_field.npz"":""parents/coco000000000034_s1/field.npz"",""parent_history.json"":""parents/coco000000000034_s1/history.json"",""parent_metrics.json"":""parents/coco000000000034_s1/metrics.json"",""parent_optimizer_state.pt"":""parents/coco000000000034_s1/optimizer_state.pt"",""parent_target.npy"":""parents/coco000000000034_s1/target.npy"",""reconstruction.npy"":""cells/coco000000000034_s1_adam32/reconstruction.npy"",""reconstruction.png"":""cells/coco000000000034_s1_adam32/reconstruction.png"",""request.json"":""cells/coco000000000034_s1_adam32/request.json"",""target.png"":""cells/coco000000000034_s1_adam32/target.png""}",coco000000000034_s1_adam32,0.41741983499377966,false,true,3.5762786865234375e-07,"{""basis_apply_calls"":0,""basis_denominator_passes"":0,""basis_transpose_calls"":0,""gaussian_renders"":35,""gradient_evaluations"":32,""quality_evaluations"":2,""raw_coverage_passes"":2}",34,32,0.6012082099914551,adam32,0.8318192362785339,2000,[],23a05caaa99b2516d6eea7ac9c6224a3d2f808fa89d1729f8755e3701ae3536e,coco000000000034_s1,7f87714cffce8d381ad66e31024c9977f28d65b04b60294f575f49551f69b9cb,258785792,358612992,"{""boundary_hole_fraction"":0.0,""boundary_mse"":0.010456178337335587,""boundary_psnr_db"":19.806270181723217,""cvar99_mse"":0.12746718525886536,""finite"":true,""foreground_mse"":0.010456178337335587,""foreground_psnr_db"":19.806270181723217,""interior_hole_fraction"":0.006255744490772486,""n_gaussians"":2000,""outside_coverage_max"":0.0,""outside_max_abs"":0.0,""p99_mse"":0.08903348445892334}",19.80627036983113,0.010456177884442468,"{""boundary_hole_fraction"":0.0,""boundary_mse"":0.010456178337335587,""boundary_psnr_db"":19.806270181723217,""cvar99_mse"":0.12746720016002655,""finite"":true,""foreground_mse"":0.010456178337335587,""foreground_psnr_db"":19.806270181723217,""interior_hole_fraction"":0.006255744490772486,""n_gaussians"":2000,""outside_coverage_max"":0.0,""outside_max_abs"":0.0,""p99_mse"":0.08903347700834274}",candidate_rejected,1,0.0,0,false,ok,1885ed269e0c882fadc488c3e461adacb474b1c811f3bb3b40445d3a013225f5,0.15251242300291779,0.15251242300291779,2089017344
false,"{""config.json"":""cells/coco000000000034_s1_noop/config.json"",""curves.png"":""cells/coco000000000034_s1_noop/curves.png"",""decision"":""decision.json"",""error.png"":""cells/coco000000000034_s1_noop/error.png"",""field.npz"":""cells/coco000000000034_s1_noop/field.npz"",""history.json"":""cells/coco000000000034_s1_noop/history.json"",""input_field.npz"":""cells/coco000000000034_s1_noop/input_field.npz"",""occupancy"":""occupancy.json"",""parent_config.json"":""parents/coco000000000034_s1/config.json"",""parent_field.npz"":""parents/coco000000000034_s1/field.npz"",""parent_history.json"":""parents/coco000000000034_s1/history.json"",""parent_metrics.json"":""parents/coco000000000034_s1/metrics.json"",""parent_optimizer_state.pt"":""parents/coco000000000034_s1/optimizer_state.pt"",""parent_target.npy"":""parents/coco000000000034_s1/target.npy"",""reconstruction.npy"":""cells/coco000000000034_s1_noop/reconstruction.npy"",""reconstruction.png"":""cells/coco000000000034_s1_noop/reconstruction.png"",""request.json"":""cells/coco000000000034_s1_noop/request.json"",""target.png"":""cells/coco000000000034_s1_noop/target.png""}",coco000000000034_s1_noop,0.28236545300023863,false,true,3.5762786865234375e-07,"{""basis_apply_calls"":0,""basis_denominator_passes"":0,""basis_transpose_calls"":0,""gaussian_renders"":1,""gradient_evaluations"":0,""quality_evaluations"":1,""raw_coverage_passes"":1}",34,0,0.6012083292007446,noop,0.8318192362785339,2000,[],23a05caaa99b2516d6eea7ac9c6224a3d2f808fa89d1729f8755e3701ae3536e,coco000000000034_s1,7f87714cffce8d381ad66e31024c9977f28d65b04b60294f575f49551f69b9cb,254261248,358612992,"{""boundary_hole_fraction"":0.0,""boundary_mse"":0.010456178337335587,""boundary_psnr_db"":19.806270181723217,""cvar99_mse"":0.12746718525886536,""finite"":true,""foreground_mse"":0.010456178337335587,""foreground_psnr_db"":19.806270181723217,""interior_hole_fraction"":0.006255744490772486,""n_gaussians"":2000,""outside_coverage_max"":0.0,""outside_max_abs"":0.0,""p99_mse"":0.08903348445892334}",19.80627037028785,0.010456177883342856,"{""boundary_hole_fraction"":0.0,""boundary_mse"":0.010456178337335587,""boundary_psnr_db"":19.806270181723217,""cvar99_mse"":0.12746720016002655,""finite"":true,""foreground_mse"":0.010456178337335587,""foreground_psnr_db"":19.806270181723217,""interior_hole_fraction"":0.006255744490772486,""n_gaussians"":2000,""outside_coverage_max"":0.0,""outside_max_abs"":0.0,""p99_mse"":0.08903348445892334}",noop,1,0.0,0,false,ok,1885ed269e0c882fadc488c3e461adacb474b1c811f3bb3b40445d3a013225f5,0.0228729119990021,0.0228729119990021,2089017344
