adjoint_relative_error,artifacts,backend,baseline_allocated_bytes,baseline_reserved_bytes,cache_build_seconds,cache_bytes,cache_nnz,cell_id,cold_render_max_abs,execution_profile,family,forward_calls,iterations_run,lpips,maintained_parity_max_abs,ms_ssim,n_gaussians,peak_allocated_bytes,peak_reserved_bytes,psnr,raw_sse,repeat,seed,selected_iteration,selected_violation,status,timing_eligible,total_seconds,transpose_calls,worker_peak_rss_bytes
5.044043064117432e-06,"{""config.json"":""cells/smooth_s0_r0_off/config.json"",""curves.png"":""cells/smooth_s0_r0_off/curves.png"",""decision"":""decision.json"",""error.png"":""cells/smooth_s0_r0_off/error.png"",""field.npz"":""cells/smooth_s0_r0_off/field.npz"",""gpu_occupancy"":""gpu_occupancy.jsonl"",""history.json"":""cells/smooth_s0_r0_off/history.json"",""input_field.npz"":""cells/smooth_s0_r0_off/input_field.npz"",""mask.npy"":""cells/smooth_s0_r0_off/mask.npy"",""occupancy_after.json"":""cells/smooth_s0_r0_off/occupancy_after.json"",""occupancy_before.json"":""cells/smooth_s0_r0_off/occupancy_before.json"",""reconstruction.npy"":""cells/smooth_s0_r0_off/reconstruction.npy"",""reconstruction.png"":""cells/smooth_s0_r0_off/reconstruction.png"",""target.npy"":""cells/smooth_s0_r0_off/target.npy"",""target.png"":""cells/smooth_s0_r0_off/target.png""}",off,0,33554432,0.0,0,0,smooth_s0_r0_off,1.1920928955078125e-07,shared_correctness,smooth,99,48,0.08873075991868973,2.980232238769531e-07,0.9241207242012024,144,14045696,33554432,26.231416590752783,117.05757824631606,0,0,44,14.278764718147066,ok,false,0.2699343439999211,51,1344503808
3.1366944313049316e-06,"{""config.json"":""cells/smooth_s0_r0_scatter/config.json"",""curves.png"":""cells/smooth_s0_r0_scatter/curves.png"",""decision"":""decision.json"",""error.png"":""cells/smooth_s0_r0_scatter/error.png"",""field.npz"":""cells/smooth_s0_r0_scatter/field.npz"",""gpu_occupancy"":""gpu_occupancy.jsonl"",""history.json"":""cells/smooth_s0_r0_scatter/history.json"",""input_field.npz"":""cells/smooth_s0_r0_scatter/input_field.npz"",""mask.npy"":""cells/smooth_s0_r0_scatter/mask.npy"",""occupancy_after.json"":""cells/smooth_s0_r0_scatter/occupancy_after.json"",""occupancy_before.json"":""cells/smooth_s0_r0_scatter/occupancy_before.json"",""reconstruction.npy"":""cells/smooth_s0_r0_scatter/reconstruction.npy"",""reconstruction.png"":""cells/smooth_s0_r0_scatter/reconstruction.png"",""target.npy"":""cells/smooth_s0_r0_scatter/target.npy"",""target.png"":""cells/smooth_s0_r0_scatter/target.png""}",scatter,0,33554432,0.0013311299990164116,2625420,131271,smooth_s0_r0_scatter,1.1920928955078125e-07,shared_correctness,smooth,99,48,0.08873261511325836,2.384185791015625e-07,0.9241205453872681,144,12248064,33554432,26.23141659741276,117.05757806680629,0,0,46,14.278764718147066,ok,false,0.12383816200235742,51,1330319360
8.828938007354736e-06,"{""config.json"":""cells/smooth_s0_r0_csr/config.json"",""curves.png"":""cells/smooth_s0_r0_csr/curves.png"",""decision"":""decision.json"",""error.png"":""cells/smooth_s0_r0_csr/error.png"",""field.npz"":""cells/smooth_s0_r0_csr/field.npz"",""gpu_occupancy"":""gpu_occupancy.jsonl"",""history.json"":""cells/smooth_s0_r0_csr/history.json"",""input_field.npz"":""cells/smooth_s0_r0_csr/input_field.npz"",""mask.npy"":""cells/smooth_s0_r0_csr/mask.npy"",""occupancy_after.json"":""cells/smooth_s0_r0_csr/occupancy_after.json"",""occupancy_before.json"":""cells/smooth_s0_r0_csr/occupancy_before.json"",""reconstruction.npy"":""cells/smooth_s0_r0_csr/reconstruction.npy"",""reconstruction.png"":""cells/smooth_s0_r0_csr/reconstruction.png"",""target.npy"":""cells/smooth_s0_r0_csr/target.npy"",""target.png"":""cells/smooth_s0_r0_csr/target.png""}",csr,0,33554432,0.0027788500010501593,3282744,131271,smooth_s0_r0_csr,1.1920928955078125e-07,shared_correctness,smooth,99,48,0.08872944116592407,2.384185791015625e-07,0.9241204261779785,144,18533888,33554432,26.231416564704322,117.05757894841332,0,0,41,14.278764718147066,ok,false,0.12193755399857764,51,1304948736
2.9243528842926025e-06,"{""config.json"":""cells/smooth_s0_r1_off/config.json"",""curves.png"":""cells/smooth_s0_r1_off/curves.png"",""decision"":""decision.json"",""error.png"":""cells/smooth_s0_r1_off/error.png"",""field.npz"":""cells/smooth_s0_r1_off/field.npz"",""gpu_occupancy"":""gpu_occupancy.jsonl"",""history.json"":""cells/smooth_s0_r1_off/history.json"",""input_field.npz"":""cells/smooth_s0_r1_off/input_field.npz"",""mask.npy"":""cells/smooth_s0_r1_off/mask.npy"",""occupancy_after.json"":""cells/smooth_s0_r1_off/occupancy_after.json"",""occupancy_before.json"":""cells/smooth_s0_r1_off/occupancy_before.json"",""reconstruction.npy"":""cells/smooth_s0_r1_off/reconstruction.npy"",""reconstruction.png"":""cells/smooth_s0_r1_off/reconstruction.png"",""target.npy"":""cells/smooth_s0_r1_off/target.npy"",""target.png"":""cells/smooth_s0_r1_off/target.png""}",off,0,33554432,0.0,0,0,smooth_s0_r1_off,1.1920928955078125e-07,shared_correctness,smooth,99,48,0.08873356133699417,2.384185791015625e-07,0.9241205453872681,144,14045696,33554432,26.23141659173236,117.05757821991301,1,0,46,14.278764718147066,ok,false,0.2899866360021406,51,1305645056
6.310641765594482e-06,"{""config.json"":""cells/smooth_s0_r1_csr/config.json"",""curves.png"":""cells/smooth_s0_r1_csr/curves.png"",""decision"":""decision.json"",""error.png"":""cells/smooth_s0_r1_csr/error.png"",""field.npz"":""cells/smooth_s0_r1_csr/field.npz"",""gpu_occupancy"":""gpu_occupancy.jsonl"",""history.json"":""cells/smooth_s0_r1_csr/history.json"",""input_field.npz"":""cells/smooth_s0_r1_csr/input_field.npz"",""mask.npy"":""cells/smooth_s0_r1_csr/mask.npy"",""occupancy_after.json"":""cells/smooth_s0_r1_csr/occupancy_after.json"",""occupancy_before.json"":""cells/smooth_s0_r1_csr/occupancy_before.json"",""reconstruction.npy"":""cells/smooth_s0_r1_csr/reconstruction.npy"",""reconstruction.png"":""cells/smooth_s0_r1_csr/reconstruction.png"",""target.npy"":""cells/smooth_s0_r1_csr/target.npy"",""target.png"":""cells/smooth_s0_r1_csr/target.png""}",csr,0,33554432,0.0027871860002051108,3282744,131271,smooth_s0_r1_csr,1.1920928955078125e-07,shared_correctness,smooth,99,48,0.08872859179973602,2.384185791015625e-07,0.9241204857826233,144,18533888,33554432,26.231416592186005,117.05757820768562,1,0,41,14.278764718147066,ok,false,0.1433653090025473,51,1310998528
2.8908252716064453e-06,"{""config.json"":""cells/smooth_s0_r1_scatter/config.json"",""curves.png"":""cells/smooth_s0_r1_scatter/curves.png"",""decision"":""decision.json"",""error.png"":""cells/smooth_s0_r1_scatter/error.png"",""field.npz"":""cells/smooth_s0_r1_scatter/field.npz"",""gpu_occupancy"":""gpu_occupancy.jsonl"",""history.json"":""cells/smooth_s0_r1_scatter/history.json"",""input_field.npz"":""cells/smooth_s0_r1_scatter/input_field.npz"",""mask.npy"":""cells/smooth_s0_r1_scatter/mask.npy"",""occupancy_after.json"":""cells/smooth_s0_r1_scatter/occupancy_after.json"",""occupancy_before.json"":""cells/smooth_s0_r1_scatter/occupancy_before.json"",""reconstruction.npy"":""cells/smooth_s0_r1_scatter/reconstruction.npy"",""reconstruction.png"":""cells/smooth_s0_r1_scatter/reconstruction.png"",""target.npy"":""cells/smooth_s0_r1_scatter/target.npy"",""target.png"":""cells/smooth_s0_r1_scatter/target.png""}",scatter,0,33554432,0.001346868997643469,2625420,131271,smooth_s0_r1_scatter,1.7881393432617188e-07,shared_correctness,smooth,99,48,0.0887337476015091,2.980232238769531e-07,0.9241207242012024,144,12248064,33554432,26.231416604242877,117.05757788271069,1,0,45,14.278764718147066,ok,false,0.12319885900069494,51,1301180416
1.2218952178955078e-06,"{""config.json"":""cells/smooth_s0_r2_scatter/config.json"",""curves.png"":""cells/smooth_s0_r2_scatter/curves.png"",""decision"":""decision.json"",""error.png"":""cells/smooth_s0_r2_scatter/error.png"",""field.npz"":""cells/smooth_s0_r2_scatter/field.npz"",""gpu_occupancy"":""gpu_occupancy.jsonl"",""history.json"":""cells/smooth_s0_r2_scatter/history.json"",""input_field.npz"":""cells/smooth_s0_r2_scatter/input_field.npz"",""mask.npy"":""cells/smooth_s0_r2_scatter/mask.npy"",""occupancy_after.json"":""cells/smooth_s0_r2_scatter/occupancy_after.json"",""occupancy_before.json"":""cells/smooth_s0_r2_scatter/occupancy_before.json"",""reconstruction.npy"":""cells/smooth_s0_r2_scatter/reconstruction.npy"",""reconstruction.png"":""cells/smooth_s0_r2_scatter/reconstruction.png"",""target.npy"":""cells/smooth_s0_r2_scatter/target.npy"",""target.png"":""cells/smooth_s0_r2_scatter/target.png""}",scatter,0,33554432,0.0013264150002214592,2625420,131271,smooth_s0_r2_scatter,1.1920928955078125e-07,shared_correctness,smooth,99,48,0.08873376250267029,2.384185791015625e-07,0.9241206049919128,144,12248064,33554432,26.2314165852659,117.05757839420663,2,0,44,14.278764718147066,ok,false,0.12298208300126134,51,1305190400
4.567205905914307e-06,"{""config.json"":""cells/smooth_s0_r2_off/config.json"",""curves.png"":""cells/smooth_s0_r2_off/curves.png"",""decision"":""decision.json"",""error.png"":""cells/smooth_s0_r2_off/error.png"",""field.npz"":""cells/smooth_s0_r2_off/field.npz"",""gpu_occupancy"":""gpu_occupancy.jsonl"",""history.json"":""cells/smooth_s0_r2_off/history.json"",""input_field.npz"":""cells/smooth_s0_r2_off/input_field.npz"",""mask.npy"":""cells/smooth_s0_r2_off/mask.npy"",""occupancy_after.json"":""cells/smooth_s0_r2_off/occupancy_after.json"",""occupancy_before.json"":""cells/smooth_s0_r2_off/occupancy_before.json"",""reconstruction.npy"":""cells/smooth_s0_r2_off/reconstruction.npy"",""reconstruction.png"":""cells/smooth_s0_r2_off/reconstruction.png"",""target.npy"":""cells/smooth_s0_r2_off/target.npy"",""target.png"":""cells/smooth_s0_r2_off/target.png""}",off,0,33554432,0.0,0,0,smooth_s0_r2_off,1.1920928955078125e-07,shared_correctness,smooth,99,48,0.08872995525598526,2.384185791015625e-07,0.9241207242012024,144,14045696,33554432,26.231416581037333,117.0575785081814,2,0,48,14.278764718147066,ok,false,0.2681605110010423,51,1329799168
8.545815944671631e-06,"{""config.json"":""cells/smooth_s0_r2_csr/config.json"",""curves.png"":""cells/smooth_s0_r2_csr/curves.png"",""decision"":""decision.json"",""error.png"":""cells/smooth_s0_r2_csr/error.png"",""field.npz"":""cells/smooth_s0_r2_csr/field.npz"",""gpu_occupancy"":""gpu_occupancy.jsonl"",""history.json"":""cells/smooth_s0_r2_csr/history.json"",""input_field.npz"":""cells/smooth_s0_r2_csr/input_field.npz"",""mask.npy"":""cells/smooth_s0_r2_csr/mask.npy"",""occupancy_after.json"":""cells/smooth_s0_r2_csr/occupancy_after.json"",""occupancy_before.json"":""cells/smooth_s0_r2_csr/occupancy_before.json"",""reconstruction.npy"":""cells/smooth_s0_r2_csr/reconstruction.npy"",""reconstruction.png"":""cells/smooth_s0_r2_csr/reconstruction.png"",""target.npy"":""cells/smooth_s0_r2_csr/target.npy"",""target.png"":""cells/smooth_s0_r2_csr/target.png""}",csr,0,33554432,0.002683663999050623,3282744,131271,smooth_s0_r2_csr,1.7881393432617188e-07,shared_correctness,smooth,99,48,0.08872448652982712,2.980232238769531e-07,0.9241205453872681,144,18533888,33554432,26.231416628357632,117.05757723273355,2,0,43,14.278764718147066,ok,false,0.12073237499862444,51,1302577152
5.6438148021698e-06,"{""config.json"":""cells/smooth_s0_r3_scatter/config.json"",""curves.png"":""cells/smooth_s0_r3_scatter/curves.png"",""decision"":""decision.json"",""error.png"":""cells/smooth_s0_r3_scatter/error.png"",""field.npz"":""cells/smooth_s0_r3_scatter/field.npz"",""gpu_occupancy"":""gpu_occupancy.jsonl"",""history.json"":""cells/smooth_s0_r3_scatter/history.json"",""input_field.npz"":""cells/smooth_s0_r3_scatter/input_field.npz"",""mask.npy"":""cells/smooth_s0_r3_scatter/mask.npy"",""occupancy_after.json"":""cells/smooth_s0_r3_scatter/occupancy_after.json"",""occupancy_before.json"":""cells/smooth_s0_r3_scatter/occupancy_before.json"",""reconstruction.npy"":""cells/smooth_s0_r3_scatter/reconstruction.npy"",""reconstruction.png"":""cells/smooth_s0_r3_scatter/reconstruction.png"",""target.npy"":""cells/smooth_s0_r3_scatter/target.npy"",""target.png"":""cells/smooth_s0_r3_scatter/target.png""}",scatter,0,33554432,0.0013957379997009411,2625420,131271,smooth_s0_r3_scatter,1.7881393432617188e-07,shared_correctness,smooth,99,48,0.08872858434915543,2.384185791015625e-07,0.9241206049919128,144,12248064,33554432,26.231416579023445,117.05757856246272,3,0,43,14.278764718147066,ok,false,0.12454702600007295,51,1307758592
7.905066013336182e-06,"{""config.json"":""cells/smooth_s0_r3_csr/config.json"",""curves.png"":""cells/smooth_s0_r3_csr/curves.png"",""decision"":""decision.json"",""error.png"":""cells/smooth_s0_r3_csr/error.png"",""field.npz"":""cells/smooth_s0_r3_csr/field.npz"",""gpu_occupancy"":""gpu_occupancy.jsonl"",""history.json"":""cells/smooth_s0_r3_csr/history.json"",""input_field.npz"":""cells/smooth_s0_r3_csr/input_field.npz"",""mask.npy"":""cells/smooth_s0_r3_csr/mask.npy"",""occupancy_after.json"":""cells/smooth_s0_r3_csr/occupancy_after.json"",""occupancy_before.json"":""cells/smooth_s0_r3_csr/occupancy_before.json"",""reconstruction.npy"":""cells/smooth_s0_r3_csr/reconstruction.npy"",""reconstruction.png"":""cells/smooth_s0_r3_csr/reconstruction.png"",""target.npy"":""cells/smooth_s0_r3_csr/target.npy"",""target.png"":""cells/smooth_s0_r3_csr/target.png""}",csr,0,33554432,0.0026704810006776825,3282744,131271,smooth_s0_r3_csr,1.1920928955078125e-07,shared_correctness,smooth,99,48,0.08873005956411362,2.384185791015625e-07,0.9241204261779785,144,18533888,33554432,26.2314165865692,117.05757835907822,3,0,43,14.278764718147066,ok,false,0.11930176999885589,51,1307144192
5.3942203521728516e-06,"{""config.json"":""cells/smooth_s0_r3_off/config.json"",""curves.png"":""cells/smooth_s0_r3_off/curves.png"",""decision"":""decision.json"",""error.png"":""cells/smooth_s0_r3_off/error.png"",""field.npz"":""cells/smooth_s0_r3_off/field.npz"",""gpu_occupancy"":""gpu_occupancy.jsonl"",""history.json"":""cells/smooth_s0_r3_off/history.json"",""input_field.npz"":""cells/smooth_s0_r3_off/input_field.npz"",""mask.npy"":""cells/smooth_s0_r3_off/mask.npy"",""occupancy_after.json"":""cells/smooth_s0_r3_off/occupancy_after.json"",""occupancy_before.json"":""cells/smooth_s0_r3_off/occupancy_before.json"",""reconstruction.npy"":""cells/smooth_s0_r3_off/reconstruction.npy"",""reconstruction.png"":""cells/smooth_s0_r3_off/reconstruction.png"",""target.npy"":""cells/smooth_s0_r3_off/target.npy"",""target.png"":""cells/smooth_s0_r3_off/target.png""}",off,0,33554432,0.0,0,0,smooth_s0_r3_off,1.7881393432617188e-07,shared_correctness,smooth,99,48,0.08872982859611511,2.384185791015625e-07,0.9241204857826233,144,14045696,33554432,26.231416567746315,117.05757886642094,3,0,41,14.278764718147066,ok,false,0.268478366000636,51,1317904384
6.3478946685791016e-06,"{""config.json"":""cells/smooth_s0_r4_csr/config.json"",""curves.png"":""cells/smooth_s0_r4_csr/curves.png"",""decision"":""decision.json"",""error.png"":""cells/smooth_s0_r4_csr/error.png"",""field.npz"":""cells/smooth_s0_r4_csr/field.npz"",""gpu_occupancy"":""gpu_occupancy.jsonl"",""history.json"":""cells/smooth_s0_r4_csr/history.json"",""input_field.npz"":""cells/smooth_s0_r4_csr/input_field.npz"",""mask.npy"":""cells/smooth_s0_r4_csr/mask.npy"",""occupancy_after.json"":""cells/smooth_s0_r4_csr/occupancy_after.json"",""occupancy_before.json"":""cells/smooth_s0_r4_csr/occupancy_before.json"",""reconstruction.npy"":""cells/smooth_s0_r4_csr/reconstruction.npy"",""reconstruction.png"":""cells/smooth_s0_r4_csr/reconstruction.png"",""target.npy"":""cells/smooth_s0_r4_csr/target.npy"",""target.png"":""cells/smooth_s0_r4_csr/target.png""}",csr,0,33554432,0.0027434889998403378,3282744,131271,smooth_s0_r4_csr,1.1920928955078125e-07,shared_correctness,smooth,99,48,0.08873151987791061,2.384185791015625e-07,0.9241206645965576,144,18533888,33554432,26.231416589984143,117.05757826703355,4,0,43,14.278764718147066,ok,false,0.11990434499966796,51,1332604928
1.4003366231918335e-05,"{""config.json"":""cells/smooth_s0_r4_off/config.json"",""curves.png"":""cells/smooth_s0_r4_off/curves.png"",""decision"":""decision.json"",""error.png"":""cells/smooth_s0_r4_off/error.png"",""field.npz"":""cells/smooth_s0_r4_off/field.npz"",""gpu_occupancy"":""gpu_occupancy.jsonl"",""history.json"":""cells/smooth_s0_r4_off/history.json"",""input_field.npz"":""cells/smooth_s0_r4_off/input_field.npz"",""mask.npy"":""cells/smooth_s0_r4_off/mask.npy"",""occupancy_after.json"":""cells/smooth_s0_r4_off/occupancy_after.json"",""occupancy_before.json"":""cells/smooth_s0_r4_off/occupancy_before.json"",""reconstruction.npy"":""cells/smooth_s0_r4_off/reconstruction.npy"",""reconstruction.png"":""cells/smooth_s0_r4_off/reconstruction.png"",""target.npy"":""cells/smooth_s0_r4_off/target.npy"",""target.png"":""cells/smooth_s0_r4_off/target.png""}",off,0,33554432,0.0,0,0,smooth_s0_r4_off,1.7881393432617188e-07,shared_correctness,smooth,99,48,0.0887226015329361,2.384185791015625e-07,0.9241207242012024,144,14045696,33554432,26.23141657921476,117.05757855730616,4,0,42,14.278764718147066,ok,false,0.272269231001701,51,1330319360
3.5688281059265137e-06,"{""config.json"":""cells/smooth_s0_r4_scatter/config.json"",""curves.png"":""cells/smooth_s0_r4_scatter/curves.png"",""decision"":""decision.json"",""error.png"":""cells/smooth_s0_r4_scatter/error.png"",""field.npz"":""cells/smooth_s0_r4_scatter/field.npz"",""gpu_occupancy"":""gpu_occupancy.jsonl"",""history.json"":""cells/smooth_s0_r4_scatter/history.json"",""input_field.npz"":""cells/smooth_s0_r4_scatter/input_field.npz"",""mask.npy"":""cells/smooth_s0_r4_scatter/mask.npy"",""occupancy_after.json"":""cells/smooth_s0_r4_scatter/occupancy_after.json"",""occupancy_before.json"":""cells/smooth_s0_r4_scatter/occupancy_before.json"",""reconstruction.npy"":""cells/smooth_s0_r4_scatter/reconstruction.npy"",""reconstruction.png"":""cells/smooth_s0_r4_scatter/reconstruction.png"",""target.npy"":""cells/smooth_s0_r4_scatter/target.npy"",""target.png"":""cells/smooth_s0_r4_scatter/target.png""}",scatter,0,33554432,0.0013463379982567858,2625420,131271,smooth_s0_r4_scatter,1.1920928955078125e-07,shared_correctness,smooth,99,48,0.08873233199119568,2.384185791015625e-07,0.9241205453872681,144,12248064,33554432,26.23141660166931,117.05757795207734,4,0,43,14.278764718147066,ok,false,0.12394282300010673,51,1328513024
7.525086402893066e-06,"{""config.json"":""cells/smooth_s0_r5_csr/config.json"",""curves.png"":""cells/smooth_s0_r5_csr/curves.png"",""decision"":""decision.json"",""error.png"":""cells/smooth_s0_r5_csr/error.png"",""field.npz"":""cells/smooth_s0_r5_csr/field.npz"",""gpu_occupancy"":""gpu_occupancy.jsonl"",""history.json"":""cells/smooth_s0_r5_csr/history.json"",""input_field.npz"":""cells/smooth_s0_r5_csr/input_field.npz"",""mask.npy"":""cells/smooth_s0_r5_csr/mask.npy"",""occupancy_after.json"":""cells/smooth_s0_r5_csr/occupancy_after.json"",""occupancy_before.json"":""cells/smooth_s0_r5_csr/occupancy_before.json"",""reconstruction.npy"":""cells/smooth_s0_r5_csr/reconstruction.npy"",""reconstruction.png"":""cells/smooth_s0_r5_csr/reconstruction.png"",""target.npy"":""cells/smooth_s0_r5_csr/target.npy"",""target.png"":""cells/smooth_s0_r5_csr/target.png""}",csr,0,33554432,0.0027162799997313414,3282744,131271,smooth_s0_r5_csr,1.7881393432617188e-07,shared_correctness,smooth,99,48,0.08871983736753464,2.384185791015625e-07,0.9241205453872681,144,18533888,33554432,26.231416632502103,117.05757712102553,5,0,42,14.278764718147066,ok,false,0.12120090299868025,51,1342746624
1.1920928955078125e-06,"{""config.json"":""cells/smooth_s0_r5_scatter/config.json"",""curves.png"":""cells/smooth_s0_r5_scatter/curves.png"",""decision"":""decision.json"",""error.png"":""cells/smooth_s0_r5_scatter/error.png"",""field.npz"":""cells/smooth_s0_r5_scatter/field.npz"",""gpu_occupancy"":""gpu_occupancy.jsonl"",""history.json"":""cells/smooth_s0_r5_scatter/history.json"",""input_field.npz"":""cells/smooth_s0_r5_scatter/input_field.npz"",""mask.npy"":""cells/smooth_s0_r5_scatter/mask.npy"",""occupancy_after.json"":""cells/smooth_s0_r5_scatter/occupancy_after.json"",""occupancy_before.json"":""cells/smooth_s0_r5_scatter/occupancy_before.json"",""reconstruction.npy"":""cells/smooth_s0_r5_scatter/reconstruction.npy"",""reconstruction.png"":""cells/smooth_s0_r5_scatter/reconstruction.png"",""target.npy"":""cells/smooth_s0_r5_scatter/target.npy"",""target.png"":""cells/smooth_s0_r5_scatter/target.png""}",scatter,0,33554432,0.001337593999778619,2625420,131271,smooth_s0_r5_scatter,1.1920928955078125e-07,shared_correctness,smooth,99,48,0.08873247355222702,2.384185791015625e-07,0.9241208434104919,144,12248064,33554432,26.231416614924946,117.05757759479158,5,0,46,14.278764718147066,ok,false,0.12271038700055215,51,1343725568
5.234032869338989e-06,"{""config.json"":""cells/smooth_s0_r5_off/config.json"",""curves.png"":""cells/smooth_s0_r5_off/curves.png"",""decision"":""decision.json"",""error.png"":""cells/smooth_s0_r5_off/error.png"",""field.npz"":""cells/smooth_s0_r5_off/field.npz"",""gpu_occupancy"":""gpu_occupancy.jsonl"",""history.json"":""cells/smooth_s0_r5_off/history.json"",""input_field.npz"":""cells/smooth_s0_r5_off/input_field.npz"",""mask.npy"":""cells/smooth_s0_r5_off/mask.npy"",""occupancy_after.json"":""cells/smooth_s0_r5_off/occupancy_after.json"",""occupancy_before.json"":""cells/smooth_s0_r5_off/occupancy_before.json"",""reconstruction.npy"":""cells/smooth_s0_r5_off/reconstruction.npy"",""reconstruction.png"":""cells/smooth_s0_r5_off/reconstruction.png"",""target.npy"":""cells/smooth_s0_r5_off/target.npy"",""target.png"":""cells/smooth_s0_r5_off/target.png""}",off,0,33554432,0.0,0,0,smooth_s0_r5_off,1.1920928955078125e-07,shared_correctness,smooth,99,48,0.08873366564512253,2.980232238769531e-07,0.9241206049919128,144,14045696,33554432,26.231416627438527,117.0575772575067,5,0,46,14.278764718147066,ok,false,0.26844011999855866,51,1302695936
5.885958671569824e-06,"{""config.json"":""cells/smooth_s1_r0_off/config.json"",""curves.png"":""cells/smooth_s1_r0_off/curves.png"",""decision"":""decision.json"",""error.png"":""cells/smooth_s1_r0_off/error.png"",""field.npz"":""cells/smooth_s1_r0_off/field.npz"",""gpu_occupancy"":""gpu_occupancy.jsonl"",""history.json"":""cells/smooth_s1_r0_off/history.json"",""input_field.npz"":""cells/smooth_s1_r0_off/input_field.npz"",""mask.npy"":""cells/smooth_s1_r0_off/mask.npy"",""occupancy_after.json"":""cells/smooth_s1_r0_off/occupancy_after.json"",""occupancy_before.json"":""cells/smooth_s1_r0_off/occupancy_before.json"",""reconstruction.npy"":""cells/smooth_s1_r0_off/reconstruction.npy"",""reconstruction.png"":""cells/smooth_s1_r0_off/reconstruction.png"",""target.npy"":""cells/smooth_s1_r0_off/target.npy"",""target.png"":""cells/smooth_s1_r0_off/target.png""}",off,0,33554432,0.0,0,0,smooth_s1_r0_off,1.1920928955078125e-07,shared_correctness,smooth,99,48,0.07628153264522552,2.384185791015625e-07,0.9419741630554199,144,14036992,33554432,27.11037572562546,95.6100667626418,0,1,47,15.843574057267265,ok,false,0.26954865500010783,51,1307222016
1.1049211025238037e-05,"{""config.json"":""cells/smooth_s1_r0_scatter/config.json"",""curves.png"":""cells/smooth_s1_r0_scatter/curves.png"",""decision"":""decision.json"",""error.png"":""cells/smooth_s1_r0_scatter/error.png"",""field.npz"":""cells/smooth_s1_r0_scatter/field.npz"",""gpu_occupancy"":""gpu_occupancy.jsonl"",""history.json"":""cells/smooth_s1_r0_scatter/history.json"",""input_field.npz"":""cells/smooth_s1_r0_scatter/input_field.npz"",""mask.npy"":""cells/smooth_s1_r0_scatter/mask.npy"",""occupancy_after.json"":""cells/smooth_s1_r0_scatter/occupancy_after.json"",""occupancy_before.json"":""cells/smooth_s1_r0_scatter/occupancy_before.json"",""reconstruction.npy"":""cells/smooth_s1_r0_scatter/reconstruction.npy"",""reconstruction.png"":""cells/smooth_s1_r0_scatter/reconstruction.png"",""target.npy"":""cells/smooth_s1_r0_scatter/target.npy"",""target.png"":""cells/smooth_s1_r0_scatter/target.png""}",scatter,0,33554432,0.0013308989982760977,2618000,130900,smooth_s1_r0_scatter,1.7881393432617188e-07,shared_correctness,smooth,99,48,0.07628169655799866,2.980232238769531e-07,0.9419742226600647,144,12239360,33554432,27.110375757344663,95.61006606434245,0,1,43,15.843574057267265,ok,false,0.12406712899974082,51,1335025664
1.1324882507324219e-06,"{""config.json"":""cells/smooth_s1_r0_csr/config.json"",""curves.png"":""cells/smooth_s1_r0_csr/curves.png"",""decision"":""decision.json"",""error.png"":""cells/smooth_s1_r0_csr/error.png"",""field.npz"":""cells/smooth_s1_r0_csr/field.npz"",""gpu_occupancy"":""gpu_occupancy.jsonl"",""history.json"":""cells/smooth_s1_r0_csr/history.json"",""input_field.npz"":""cells/smooth_s1_r0_csr/input_field.npz"",""mask.npy"":""cells/smooth_s1_r0_csr/mask.npy"",""occupancy_after.json"":""cells/smooth_s1_r0_csr/occupancy_after.json"",""occupancy_before.json"":""cells/smooth_s1_r0_csr/occupancy_before.json"",""reconstruction.npy"":""cells/smooth_s1_r0_csr/reconstruction.npy"",""reconstruction.png"":""cells/smooth_s1_r0_csr/reconstruction.png"",""target.npy"":""cells/smooth_s1_r0_csr/target.npy"",""target.png"":""cells/smooth_s1_r0_csr/target.png""}",csr,0,33554432,0.002654522002558224,3273840,130900,smooth_s1_r0_csr,1.7881393432617188e-07,shared_correctness,smooth,99,48,0.07628023624420166,2.384185791015625e-07,0.9419741630554199,144,16776192,33554432,27.110375725730137,95.61006676033728,0,1,40,15.843574057267265,ok,false,0.12058302299919887,51,1341431808
2.302229404449463e-06,"{""config.json"":""cells/smooth_s1_r1_off/config.json"",""curves.png"":""cells/smooth_s1_r1_off/curves.png"",""decision"":""decision.json"",""error.png"":""cells/smooth_s1_r1_off/error.png"",""field.npz"":""cells/smooth_s1_r1_off/field.npz"",""gpu_occupancy"":""gpu_occupancy.jsonl"",""history.json"":""cells/smooth_s1_r1_off/history.json"",""input_field.npz"":""cells/smooth_s1_r1_off/input_field.npz"",""mask.npy"":""cells/smooth_s1_r1_off/mask.npy"",""occupancy_after.json"":""cells/smooth_s1_r1_off/occupancy_after.json"",""occupancy_before.json"":""cells/smooth_s1_r1_off/occupancy_before.json"",""reconstruction.npy"":""cells/smooth_s1_r1_off/reconstruction.npy"",""reconstruction.png"":""cells/smooth_s1_r1_off/reconstruction.png"",""target.npy"":""cells/smooth_s1_r1_off/target.npy"",""target.png"":""cells/smooth_s1_r1_off/target.png""}",off,0,33554432,0.0,0,0,smooth_s1_r1_off,1.7881393432617188e-07,shared_correctness,smooth,99,48,0.07628541439771652,2.980232238769531e-07,0.9419740438461304,144,14036992,33554432,27.11037575042434,95.61006621669365,1,1,48,15.843574057267265,ok,false,0.27153238599930773,51,1341173760
1.8998980522155762e-06,"{""config.json"":""cells/smooth_s1_r1_csr/config.json"",""curves.png"":""cells/smooth_s1_r1_csr/curves.png"",""decision"":""decision.json"",""error.png"":""cells/smooth_s1_r1_csr/error.png"",""field.npz"":""cells/smooth_s1_r1_csr/field.npz"",""gpu_occupancy"":""gpu_occupancy.jsonl"",""history.json"":""cells/smooth_s1_r1_csr/history.json"",""input_field.npz"":""cells/smooth_s1_r1_csr/input_field.npz"",""mask.npy"":""cells/smooth_s1_r1_csr/mask.npy"",""occupancy_after.json"":""cells/smooth_s1_r1_csr/occupancy_after.json"",""occupancy_before.json"":""cells/smooth_s1_r1_csr/occupancy_before.json"",""reconstruction.npy"":""cells/smooth_s1_r1_csr/reconstruction.npy"",""reconstruction.png"":""cells/smooth_s1_r1_csr/reconstruction.png"",""target.npy"":""cells/smooth_s1_r1_csr/target.npy"",""target.png"":""cells/smooth_s1_r1_csr/target.png""}",csr,0,33554432,0.002666525000677211,3273840,130900,smooth_s1_r1_csr,1.1920928955078125e-07,shared_correctness,smooth,99,48,0.0762810930609703,2.384185791015625e-07,0.9419741034507751,144,16776192,33554432,27.11037574677658,95.61006629699921,1,1,42,15.843574057267265,ok,false,0.12007801300205756,51,1304711168
4.641711711883545e-06,"{""config.json"":""cells/smooth_s1_r1_scatter/config.json"",""curves.png"":""cells/smooth_s1_r1_scatter/curves.png"",""decision"":""decision.json"",""error.png"":""cells/smooth_s1_r1_scatter/error.png"",""field.npz"":""cells/smooth_s1_r1_scatter/field.npz"",""gpu_occupancy"":""gpu_occupancy.jsonl"",""history.json"":""cells/smooth_s1_r1_scatter/history.json"",""input_field.npz"":""cells/smooth_s1_r1_scatter/input_field.npz"",""mask.npy"":""cells/smooth_s1_r1_scatter/mask.npy"",""occupancy_after.json"":""cells/smooth_s1_r1_scatter/occupancy_after.json"",""occupancy_before.json"":""cells/smooth_s1_r1_scatter/occupancy_before.json"",""reconstruction.npy"":""cells/smooth_s1_r1_scatter/reconstruction.npy"",""reconstruction.png"":""cells/smooth_s1_r1_scatter/reconstruction.png"",""target.npy"":""cells/smooth_s1_r1_scatter/target.npy"",""target.png"":""cells/smooth_s1_r1_scatter/target.png""}",scatter,0,33554432,0.0013177889995859005,2618000,130900,smooth_s1_r1_scatter,1.7881393432617188e-07,shared_correctness,smooth,99,48,0.0762825757265091,2.384185791015625e-07,0.9419742822647095,144,12239360,33554432,27.11037576311922,95.61006593721551,1,1,45,15.843574057267265,ok,false,0.12270645699754823,51,1318281216
2.2649765014648438e-06,"{""config.json"":""cells/smooth_s1_r2_scatter/config.json"",""curves.png"":""cells/smooth_s1_r2_scatter/curves.png"",""decision"":""decision.json"",""error.png"":""cells/smooth_s1_r2_scatter/error.png"",""field.npz"":""cells/smooth_s1_r2_scatter/field.npz"",""gpu_occupancy"":""gpu_occupancy.jsonl"",""history.json"":""cells/smooth_s1_r2_scatter/history.json"",""input_field.npz"":""cells/smooth_s1_r2_scatter/input_field.npz"",""mask.npy"":""cells/smooth_s1_r2_scatter/mask.npy"",""occupancy_after.json"":""cells/smooth_s1_r2_scatter/occupancy_after.json"",""occupancy_before.json"":""cells/smooth_s1_r2_scatter/occupancy_before.json"",""reconstruction.npy"":""cells/smooth_s1_r2_scatter/reconstruction.npy"",""reconstruction.png"":""cells/smooth_s1_r2_scatter/reconstruction.png"",""target.npy"":""cells/smooth_s1_r2_scatter/target.npy"",""target.png"":""cells/smooth_s1_r2_scatter/target.png""}",scatter,0,33554432,0.0013278780024847947,2618000,130900,smooth_s1_r2_scatter,1.1920928955078125e-07,shared_correctness,smooth,99,48,0.07628221064805984,2.980232238769531e-07,0.9419742226600647,144,12239360,33554432,27.110375708244163,95.61006714529152,2,1,40,15.843574057267265,ok,false,0.12239281599977403,51,1322889216
9.976327419281006e-06,"{""config.json"":""cells/smooth_s1_r2_off/config.json"",""curves.png"":""cells/smooth_s1_r2_off/curves.png"",""decision"":""decision.json"",""error.png"":""cells/smooth_s1_r2_off/error.png"",""field.npz"":""cells/smooth_s1_r2_off/field.npz"",""gpu_occupancy"":""gpu_occupancy.jsonl"",""history.json"":""cells/smooth_s1_r2_off/history.json"",""input_field.npz"":""cells/smooth_s1_r2_off/input_field.npz"",""mask.npy"":""cells/smooth_s1_r2_off/mask.npy"",""occupancy_after.json"":""cells/smooth_s1_r2_off/occupancy_after.json"",""occupancy_before.json"":""cells/smooth_s1_r2_off/occupancy_before.json"",""reconstruction.npy"":""cells/smooth_s1_r2_off/reconstruction.npy"",""reconstruction.png"":""cells/smooth_s1_r2_off/reconstruction.png"",""target.npy"":""cells/smooth_s1_r2_off/target.npy"",""target.png"":""cells/smooth_s1_r2_off/target.png""}",off,0,33554432,0.0,0,0,smooth_s1_r2_off,1.7881393432617188e-07,shared_correctness,smooth,99,48,0.07628391683101654,2.384185791015625e-07,0.9419741630554199,144,14036992,33554432,27.110375722192032,95.61006683822875,2,1,44,15.843574057267265,ok,false,0.27201006000177586,51,1315975168
2.302229404449463e-06,"{""config.json"":""cells/smooth_s1_r2_csr/config.json"",""curves.png"":""cells/smooth_s1_r2_csr/curves.png"",""decision"":""decision.json"",""error.png"":""cells/smooth_s1_r2_csr/error.png"",""field.npz"":""cells/smooth_s1_r2_csr/field.npz"",""gpu_occupancy"":""gpu_occupancy.jsonl"",""history.json"":""cells/smooth_s1_r2_csr/history.json"",""input_field.npz"":""cells/smooth_s1_r2_csr/input_field.npz"",""mask.npy"":""cells/smooth_s1_r2_csr/mask.npy"",""occupancy_after.json"":""cells/smooth_s1_r2_csr/occupancy_after.json"",""occupancy_before.json"":""cells/smooth_s1_r2_csr/occupancy_before.json"",""reconstruction.npy"":""cells/smooth_s1_r2_csr/reconstruction.npy"",""reconstruction.png"":""cells/smooth_s1_r2_csr/reconstruction.png"",""target.npy"":""cells/smooth_s1_r2_csr/target.npy"",""target.png"":""cells/smooth_s1_r2_csr/target.png""}",csr,0,33554432,0.0026336160008213483,3273840,130900,smooth_s1_r2_csr,1.7881393432617188e-07,shared_correctness,smooth,99,48,0.0762803703546524,2.980232238769531e-07,0.9419742822647095,144,16776192,33554432,27.11037575800644,95.61006604977337,2,1,42,15.843574057267265,ok,false,0.12130444399736007,51,1301602304
6.921589374542236e-06,"{""config.json"":""cells/smooth_s1_r3_scatter/config.json"",""curves.png"":""cells/smooth_s1_r3_scatter/curves.png"",""decision"":""decision.json"",""error.png"":""cells/smooth_s1_r3_scatter/error.png"",""field.npz"":""cells/smooth_s1_r3_scatter/field.npz"",""gpu_occupancy"":""gpu_occupancy.jsonl"",""history.json"":""cells/smooth_s1_r3_scatter/history.json"",""input_field.npz"":""cells/smooth_s1_r3_scatter/input_field.npz"",""mask.npy"":""cells/smooth_s1_r3_scatter/mask.npy"",""occupancy_after.json"":""cells/smooth_s1_r3_scatter/occupancy_after.json"",""occupancy_before.json"":""cells/smooth_s1_r3_scatter/occupancy_before.json"",""reconstruction.npy"":""cells/smooth_s1_r3_scatter/reconstruction.npy"",""reconstruction.png"":""cells/smooth_s1_r3_scatter/reconstruction.png"",""target.npy"":""cells/smooth_s1_r3_scatter/target.npy"",""target.png"":""cells/smooth_s1_r3_scatter/target.png""}",scatter,0,33554432,0.00134403600168298,2618000,130900,smooth_s1_r3_scatter,1.1920928955078125e-07,shared_correctness,smooth,99,48,0.07628080248832703,2.384185791015625e-07,0.9419743418693542,144,12239360,33554432,27.110375724639972,95.61006678433729,3,1,40,15.843574057267265,ok,false,0.12454413899831707,51,1326346240
2.905726432800293e-06,"{""config.json"":""cells/smooth_s1_r3_csr/config.json"",""curves.png"":""cells/smooth_s1_r3_csr/curves.png"",""decision"":""decision.json"",""error.png"":""cells/smooth_s1_r3_csr/error.png"",""field.npz"":""cells/smooth_s1_r3_csr/field.npz"",""gpu_occupancy"":""gpu_occupancy.jsonl"",""history.json"":""cells/smooth_s1_r3_csr/history.json"",""input_field.npz"":""cells/smooth_s1_r3_csr/input_field.npz"",""mask.npy"":""cells/smooth_s1_r3_csr/mask.npy"",""occupancy_after.json"":""cells/smooth_s1_r3_csr/occupancy_after.json"",""occupancy_before.json"":""cells/smooth_s1_r3_csr/occupancy_before.json"",""reconstruction.npy"":""cells/smooth_s1_r3_csr/reconstruction.npy"",""reconstruction.png"":""cells/smooth_s1_r3_csr/reconstruction.png"",""target.npy"":""cells/smooth_s1_r3_csr/target.npy"",""target.png"":""cells/smooth_s1_r3_csr/target.png""}",csr,0,33554432,0.002639734000695171,3273840,130900,smooth_s1_r3_csr,1.1920928955078125e-07,shared_correctness,smooth,99,48,0.07627711445093155,2.384185791015625e-07,0.9419742822647095,144,16776192,33554432,27.110375714902574,95.61006699870643,3,1,41,15.843574057267265,ok,false,0.12854219899963937,51,1305661440
5.7891011238098145e-06,"{""config.json"":""cells/smooth_s1_r3_off/config.json"",""curves.png"":""cells/smooth_s1_r3_off/curves.png"",""decision"":""decision.json"",""error.png"":""cells/smooth_s1_r3_off/error.png"",""field.npz"":""cells/smooth_s1_r3_off/field.npz"",""gpu_occupancy"":""gpu_occupancy.jsonl"",""history.json"":""cells/smooth_s1_r3_off/history.json"",""input_field.npz"":""cells/smooth_s1_r3_off/input_field.npz"",""mask.npy"":""cells/smooth_s1_r3_off/mask.npy"",""occupancy_after.json"":""cells/smooth_s1_r3_off/occupancy_after.json"",""occupancy_before.json"":""cells/smooth_s1_r3_off/occupancy_before.json"",""reconstruction.npy"":""cells/smooth_s1_r3_off/reconstruction.npy"",""reconstruction.png"":""cells/smooth_s1_r3_off/reconstruction.png"",""target.npy"":""cells/smooth_s1_r3_off/target.npy"",""target.png"":""cells/smooth_s1_r3_off/target.png""}",off,0,33554432,0.0,0,0,smooth_s1_r3_off,1.7881393432617188e-07,shared_correctness,smooth,99,48,0.07627769559621811,2.384185791015625e-07,0.9419741630554199,144,14036992,33554432,27.110375734192857,95.61006657403026,3,1,41,15.843574057267265,ok,false,0.2775970459988457,51,1342320640
3.5241246223449707e-06,"{""config.json"":""cells/smooth_s1_r4_csr/config.json"",""curves.png"":""cells/smooth_s1_r4_csr/curves.png"",""decision"":""decision.json"",""error.png"":""cells/smooth_s1_r4_csr/error.png"",""field.npz"":""cells/smooth_s1_r4_csr/field.npz"",""gpu_occupancy"":""gpu_occupancy.jsonl"",""history.json"":""cells/smooth_s1_r4_csr/history.json"",""input_field.npz"":""cells/smooth_s1_r4_csr/input_field.npz"",""mask.npy"":""cells/smooth_s1_r4_csr/mask.npy"",""occupancy_after.json"":""cells/smooth_s1_r4_csr/occupancy_after.json"",""occupancy_before.json"":""cells/smooth_s1_r4_csr/occupancy_before.json"",""reconstruction.npy"":""cells/smooth_s1_r4_csr/reconstruction.npy"",""reconstruction.png"":""cells/smooth_s1_r4_csr/reconstruction.png"",""target.npy"":""cells/smooth_s1_r4_csr/target.npy"",""target.png"":""cells/smooth_s1_r4_csr/target.png""}",csr,0,33554432,0.002740849999099737,3273840,130900,smooth_s1_r4_csr,1.7881393432617188e-07,shared_correctness,smooth,99,48,0.07627822458744049,2.384185791015625e-07,0.9419742226600647,144,16776192,33554432,27.110375738791703,95.61006647278649,4,1,41,15.843574057267265,ok,false,0.13315706300272723,51,1326145536
1.617521047592163e-05,"{""config.json"":""cells/smooth_s1_r4_off/config.json"",""curves.png"":""cells/smooth_s1_r4_off/curves.png"",""decision"":""decision.json"",""error.png"":""cells/smooth_s1_r4_off/error.png"",""field.npz"":""cells/smooth_s1_r4_off/field.npz"",""gpu_occupancy"":""gpu_occupancy.jsonl"",""history.json"":""cells/smooth_s1_r4_off/history.json"",""input_field.npz"":""cells/smooth_s1_r4_off/input_field.npz"",""mask.npy"":""cells/smooth_s1_r4_off/mask.npy"",""occupancy_after.json"":""cells/smooth_s1_r4_off/occupancy_after.json"",""occupancy_before.json"":""cells/smooth_s1_r4_off/occupancy_before.json"",""reconstruction.npy"":""cells/smooth_s1_r4_off/reconstruction.npy"",""reconstruction.png"":""cells/smooth_s1_r4_off/reconstruction.png"",""target.npy"":""cells/smooth_s1_r4_off/target.npy"",""target.png"":""cells/smooth_s1_r4_off/target.png""}",off,0,33554432,0.0,0,0,smooth_s1_r4_off,1.7881393432617188e-07,shared_correctness,smooth,99,48,0.07627934962511063,2.384185791015625e-07,0.9419741034507751,144,14036992,33554432,27.110375738898824,95.61006647042818,4,1,40,15.843574057267265,ok,false,0.2729566909983987,51,1341698048
3.5762786865234375e-07,"{""config.json"":""cells/smooth_s1_r4_scatter/config.json"",""curves.png"":""cells/smooth_s1_r4_scatter/curves.png"",""decision"":""decision.json"",""error.png"":""cells/smooth_s1_r4_scatter/error.png"",""field.npz"":""cells/smooth_s1_r4_scatter/field.npz"",""gpu_occupancy"":""gpu_occupancy.jsonl"",""history.json"":""cells/smooth_s1_r4_scatter/history.json"",""input_field.npz"":""cells/smooth_s1_r4_scatter/input_field.npz"",""mask.npy"":""cells/smooth_s1_r4_scatter/mask.npy"",""occupancy_after.json"":""cells/smooth_s1_r4_scatter/occupancy_after.json"",""occupancy_before.json"":""cells/smooth_s1_r4_scatter/occupancy_before.json"",""reconstruction.npy"":""cells/smooth_s1_r4_scatter/reconstruction.npy"",""reconstruction.png"":""cells/smooth_s1_r4_scatter/reconstruction.png"",""target.npy"":""cells/smooth_s1_r4_scatter/target.npy"",""target.png"":""cells/smooth_s1_r4_scatter/target.png""}",scatter,0,33554432,0.0013329719986359123,2618000,130900,smooth_s1_r4_scatter,1.7881393432617188e-07,shared_correctness,smooth,99,48,0.07628213614225388,2.384185791015625e-07,0.9419741630554199,144,12239360,33554432,27.110375754558348,95.61006612568336,4,1,40,15.843574057267265,ok,false,0.1230266610000399,51,1328107520
4.3213367462158203e-07,"{""config.json"":""cells/smooth_s1_r5_csr/config.json"",""curves.png"":""cells/smooth_s1_r5_csr/curves.png"",""decision"":""decision.json"",""error.png"":""cells/smooth_s1_r5_csr/error.png"",""field.npz"":""cells/smooth_s1_r5_csr/field.npz"",""gpu_occupancy"":""gpu_occupancy.jsonl"",""history.json"":""cells/smooth_s1_r5_csr/history.json"",""input_field.npz"":""cells/smooth_s1_r5_csr/input_field.npz"",""mask.npy"":""cells/smooth_s1_r5_csr/mask.npy"",""occupancy_after.json"":""cells/smooth_s1_r5_csr/occupancy_after.json"",""occupancy_before.json"":""cells/smooth_s1_r5_csr/occupancy_before.json"",""reconstruction.npy"":""cells/smooth_s1_r5_csr/reconstruction.npy"",""reconstruction.png"":""cells/smooth_s1_r5_csr/reconstruction.png"",""target.npy"":""cells/smooth_s1_r5_csr/target.npy"",""target.png"":""cells/smooth_s1_r5_csr/target.png""}",csr,0,33554432,0.00705954200020642,3273840,130900,smooth_s1_r5_csr,1.1920928955078125e-07,shared_correctness,smooth,99,48,0.07627593725919724,2.384185791015625e-07,0.9419742822647095,144,16776192,33554432,27.11037573081619,95.61006664836759,5,1,41,15.843574057267265,ok,false,0.13491875499676098,51,1321463808
5.282461643218994e-06,"{""config.json"":""cells/smooth_s1_r5_scatter/config.json"",""curves.png"":""cells/smooth_s1_r5_scatter/curves.png"",""decision"":""decision.json"",""error.png"":""cells/smooth_s1_r5_scatter/error.png"",""field.npz"":""cells/smooth_s1_r5_scatter/field.npz"",""gpu_occupancy"":""gpu_occupancy.jsonl"",""history.json"":""cells/smooth_s1_r5_scatter/history.json"",""input_field.npz"":""cells/smooth_s1_r5_scatter/input_field.npz"",""mask.npy"":""cells/smooth_s1_r5_scatter/mask.npy"",""occupancy_after.json"":""cells/smooth_s1_r5_scatter/occupancy_after.json"",""occupancy_before.json"":""cells/smooth_s1_r5_scatter/occupancy_before.json"",""reconstruction.npy"":""cells/smooth_s1_r5_scatter/reconstruction.npy"",""reconstruction.png"":""cells/smooth_s1_r5_scatter/reconstruction.png"",""target.npy"":""cells/smooth_s1_r5_scatter/target.npy"",""target.png"":""cells/smooth_s1_r5_scatter/target.png""}",scatter,0,33554432,0.0013399509989540093,2618000,130900,smooth_s1_r5_scatter,1.7881393432617188e-07,shared_correctness,smooth,99,48,0.07628224045038223,2.384185791015625e-07,0.9419741630554199,144,12239360,33554432,27.110375754390738,95.61006612937325,5,1,44,15.843574057267265,ok,false,0.1274324619989784,51,1341493248
9.194016456604004e-06,"{""config.json"":""cells/smooth_s1_r5_off/config.json"",""curves.png"":""cells/smooth_s1_r5_off/curves.png"",""decision"":""decision.json"",""error.png"":""cells/smooth_s1_r5_off/error.png"",""field.npz"":""cells/smooth_s1_r5_off/field.npz"",""gpu_occupancy"":""gpu_occupancy.jsonl"",""history.json"":""cells/smooth_s1_r5_off/history.json"",""input_field.npz"":""cells/smooth_s1_r5_off/input_field.npz"",""mask.npy"":""cells/smooth_s1_r5_off/mask.npy"",""occupancy_after.json"":""cells/smooth_s1_r5_off/occupancy_after.json"",""occupancy_before.json"":""cells/smooth_s1_r5_off/occupancy_before.json"",""reconstruction.npy"":""cells/smooth_s1_r5_off/reconstruction.npy"",""reconstruction.png"":""cells/smooth_s1_r5_off/reconstruction.png"",""target.npy"":""cells/smooth_s1_r5_off/target.npy"",""target.png"":""cells/smooth_s1_r5_off/target.png""}",off,0,33554432,0.0,0,0,smooth_s1_r5_off,1.7881393432617188e-07,shared_correctness,smooth,99,48,0.07628422975540161,2.384185791015625e-07,0.9419742822647095,144,14036992,33554432,27.110375751281964,95.610066197813,5,1,48,15.843574057267265,ok,false,0.26962500699664815,51,1326387200
5.967915058135986e-06,"{""config.json"":""cells/smooth_s2_r0_off/config.json"",""curves.png"":""cells/smooth_s2_r0_off/curves.png"",""decision"":""decision.json"",""error.png"":""cells/smooth_s2_r0_off/error.png"",""field.npz"":""cells/smooth_s2_r0_off/field.npz"",""gpu_occupancy"":""gpu_occupancy.jsonl"",""history.json"":""cells/smooth_s2_r0_off/history.json"",""input_field.npz"":""cells/smooth_s2_r0_off/input_field.npz"",""mask.npy"":""cells/smooth_s2_r0_off/mask.npy"",""occupancy_after.json"":""cells/smooth_s2_r0_off/occupancy_after.json"",""occupancy_before.json"":""cells/smooth_s2_r0_off/occupancy_before.json"",""reconstruction.npy"":""cells/smooth_s2_r0_off/reconstruction.npy"",""reconstruction.png"":""cells/smooth_s2_r0_off/reconstruction.png"",""target.npy"":""cells/smooth_s2_r0_off/target.npy"",""target.png"":""cells/smooth_s2_r0_off/target.png""}",off,0,33554432,0.0,0,0,smooth_s2_r0_off,1.1920928955078125e-07,shared_correctness,smooth,99,48,0.07572939246892929,2.384185791015625e-07,0.9410039186477661,144,14036992,33554432,27.223409771400405,93.15372304239011,0,2,45,15.077228676207657,ok,false,0.27812921199802076,51,1307123712
1.7084181308746338e-05,"{""config.json"":""cells/smooth_s2_r0_scatter/config.json"",""curves.png"":""cells/smooth_s2_r0_scatter/curves.png"",""decision"":""decision.json"",""error.png"":""cells/smooth_s2_r0_scatter/error.png"",""field.npz"":""cells/smooth_s2_r0_scatter/field.npz"",""gpu_occupancy"":""gpu_occupancy.jsonl"",""history.json"":""cells/smooth_s2_r0_scatter/history.json"",""input_field.npz"":""cells/smooth_s2_r0_scatter/input_field.npz"",""mask.npy"":""cells/smooth_s2_r0_scatter/mask.npy"",""occupancy_after.json"":""cells/smooth_s2_r0_scatter/occupancy_after.json"",""occupancy_before.json"":""cells/smooth_s2_r0_scatter/occupancy_before.json"",""reconstruction.npy"":""cells/smooth_s2_r0_scatter/reconstruction.npy"",""reconstruction.png"":""cells/smooth_s2_r0_scatter/reconstruction.png"",""target.npy"":""cells/smooth_s2_r0_scatter/target.npy"",""target.png"":""cells/smooth_s2_r0_scatter/target.png""}",scatter,0,33554432,0.005367166999349138,2616520,130826,smooth_s2_r0_scatter,1.1920928955078125e-07,shared_correctness,smooth,99,48,0.07572725415229797,2.980232238769531e-07,0.9410039782524109,144,12239360,33554432,27.223409740676004,93.15372370141124,0,2,40,15.077228676207657,ok,false,0.13980865000121412,51,1333043200
6.6533684730529785e-06,"{""config.json"":""cells/smooth_s2_r0_csr/config.json"",""curves.png"":""cells/smooth_s2_r0_csr/curves.png"",""decision"":""decision.json"",""error.png"":""cells/smooth_s2_r0_csr/error.png"",""field.npz"":""cells/smooth_s2_r0_csr/field.npz"",""gpu_occupancy"":""gpu_occupancy.jsonl"",""history.json"":""cells/smooth_s2_r0_csr/history.json"",""input_field.npz"":""cells/smooth_s2_r0_csr/input_field.npz"",""mask.npy"":""cells/smooth_s2_r0_csr/mask.npy"",""occupancy_after.json"":""cells/smooth_s2_r0_csr/occupancy_after.json"",""occupancy_before.json"":""cells/smooth_s2_r0_csr/occupancy_before.json"",""reconstruction.npy"":""cells/smooth_s2_r0_csr/reconstruction.npy"",""reconstruction.png"":""cells/smooth_s2_r0_csr/reconstruction.png"",""target.npy"":""cells/smooth_s2_r0_csr/target.npy"",""target.png"":""cells/smooth_s2_r0_csr/target.png""}",csr,0,33554432,0.002697005998925306,3272064,130826,smooth_s2_r0_csr,1.7881393432617188e-07,shared_correctness,smooth,99,48,0.07572881132364273,2.384185791015625e-07,0.9410041570663452,144,16769536,33554432,27.22340967224229,93.15372516927587,0,2,37,15.077228676207657,ok,false,0.12207054199825507,51,1344376832
2.205371856689453e-06,"{""config.json"":""cells/smooth_s2_r1_off/config.json"",""curves.png"":""cells/smooth_s2_r1_off/curves.png"",""decision"":""decision.json"",""error.png"":""cells/smooth_s2_r1_off/error.png"",""field.npz"":""cells/smooth_s2_r1_off/field.npz"",""gpu_occupancy"":""gpu_occupancy.jsonl"",""history.json"":""cells/smooth_s2_r1_off/history.json"",""input_field.npz"":""cells/smooth_s2_r1_off/input_field.npz"",""mask.npy"":""cells/smooth_s2_r1_off/mask.npy"",""occupancy_after.json"":""cells/smooth_s2_r1_off/occupancy_after.json"",""occupancy_before.json"":""cells/smooth_s2_r1_off/occupancy_before.json"",""reconstruction.npy"":""cells/smooth_s2_r1_off/reconstruction.npy"",""reconstruction.png"":""cells/smooth_s2_r1_off/reconstruction.png"",""target.npy"":""cells/smooth_s2_r1_off/target.npy"",""target.png"":""cells/smooth_s2_r1_off/target.png""}",off,0,33554432,0.0,0,0,smooth_s2_r1_off,1.1920928955078125e-07,shared_correctness,smooth,99,48,0.07572903484106064,2.384185791015625e-07,0.9410039782524109,144,14036992,33554432,27.22340973177087,93.15372389242125,1,2,42,15.077228676207657,ok,false,0.2779423879983369,51,1315827712
7.510185241699219e-06,"{""config.json"":""cells/smooth_s2_r1_csr/config.json"",""curves.png"":""cells/smooth_s2_r1_csr/curves.png"",""decision"":""decision.json"",""error.png"":""cells/smooth_s2_r1_csr/error.png"",""field.npz"":""cells/smooth_s2_r1_csr/field.npz"",""gpu_occupancy"":""gpu_occupancy.jsonl"",""history.json"":""cells/smooth_s2_r1_csr/history.json"",""input_field.npz"":""cells/smooth_s2_r1_csr/input_field.npz"",""mask.npy"":""cells/smooth_s2_r1_csr/mask.npy"",""occupancy_after.json"":""cells/smooth_s2_r1_csr/occupancy_after.json"",""occupancy_before.json"":""cells/smooth_s2_r1_csr/occupancy_before.json"",""reconstruction.npy"":""cells/smooth_s2_r1_csr/reconstruction.npy"",""reconstruction.png"":""cells/smooth_s2_r1_csr/reconstruction.png"",""target.npy"":""cells/smooth_s2_r1_csr/target.npy"",""target.png"":""cells/smooth_s2_r1_csr/target.png""}",csr,0,33554432,0.002845891001925338,3272064,130826,smooth_s2_r1_csr,1.1920928955078125e-07,shared_correctness,smooth,99,48,0.07573218643665314,2.384185791015625e-07,0.9410038590431213,144,16769536,33554432,27.223409680478778,93.15372499260783,1,2,39,15.077228676207657,ok,false,0.12076883799818461,51,1344049152
6.22868537902832e-06,"{""config.json"":""cells/smooth_s2_r1_scatter/config.json"",""curves.png"":""cells/smooth_s2_r1_scatter/curves.png"",""decision"":""decision.json"",""error.png"":""cells/smooth_s2_r1_scatter/error.png"",""field.npz"":""cells/smooth_s2_r1_scatter/field.npz"",""gpu_occupancy"":""gpu_occupancy.jsonl"",""history.json"":""cells/smooth_s2_r1_scatter/history.json"",""input_field.npz"":""cells/smooth_s2_r1_scatter/input_field.npz"",""mask.npy"":""cells/smooth_s2_r1_scatter/mask.npy"",""occupancy_after.json"":""cells/smooth_s2_r1_scatter/occupancy_after.json"",""occupancy_before.json"":""cells/smooth_s2_r1_scatter/occupancy_before.json"",""reconstruction.npy"":""cells/smooth_s2_r1_scatter/reconstruction.npy"",""reconstruction.png"":""cells/smooth_s2_r1_scatter/reconstruction.png"",""target.npy"":""cells/smooth_s2_r1_scatter/target.npy"",""target.png"":""cells/smooth_s2_r1_scatter/target.png""}",scatter,0,33554432,0.0013527129995054565,2616520,130826,smooth_s2_r1_scatter,1.1920928955078125e-07,shared_correctness,smooth,99,48,0.07573121041059494,2.384185791015625e-07,0.9410039186477661,144,12239360,33554432,27.223409747331782,93.15372355864855,1,2,44,15.077228676207657,ok,false,0.12259017299948027,51,1320820736
7.547438144683838e-06,"{""config.json"":""cells/smooth_s2_r2_scatter/config.json"",""curves.png"":""cells/smooth_s2_r2_scatter/curves.png"",""decision"":""decision.json"",""error.png"":""cells/smooth_s2_r2_scatter/error.png"",""field.npz"":""cells/smooth_s2_r2_scatter/field.npz"",""gpu_occupancy"":""gpu_occupancy.jsonl"",""history.json"":""cells/smooth_s2_r2_scatter/history.json"",""input_field.npz"":""cells/smooth_s2_r2_scatter/input_field.npz"",""mask.npy"":""cells/smooth_s2_r2_scatter/mask.npy"",""occupancy_after.json"":""cells/smooth_s2_r2_scatter/occupancy_after.json"",""occupancy_before.json"":""cells/smooth_s2_r2_scatter/occupancy_before.json"",""reconstruction.npy"":""cells/smooth_s2_r2_scatter/reconstruction.npy"",""reconstruction.png"":""cells/smooth_s2_r2_scatter/reconstruction.png"",""target.npy"":""cells/smooth_s2_r2_scatter/target.npy"",""target.png"":""cells/smooth_s2_r2_scatter/target.png""}",scatter,0,33554432,0.005260342000838136,2616520,130826,smooth_s2_r2_scatter,1.1920928955078125e-07,shared_correctness,smooth,99,48,0.07572600245475769,2.384185791015625e-07,0.9410040378570557,144,12239360,33554432,27.223409750514524,93.15372349038051,2,2,40,15.077228676207657,ok,false,0.13959415500357863,51,1341583360
9.179115295410156e-06,"{""config.json"":""cells/smooth_s2_r2_off/config.json"",""curves.png"":""cells/smooth_s2_r2_off/curves.png"",""decision"":""decision.json"",""error.png"":""cells/smooth_s2_r2_off/error.png"",""field.npz"":""cells/smooth_s2_r2_off/field.npz"",""gpu_occupancy"":""gpu_occupancy.jsonl"",""history.json"":""cells/smooth_s2_r2_off/history.json"",""input_field.npz"":""cells/smooth_s2_r2_off/input_field.npz"",""mask.npy"":""cells/smooth_s2_r2_off/mask.npy"",""occupancy_after.json"":""cells/smooth_s2_r2_off/occupancy_after.json"",""occupancy_before.json"":""cells/smooth_s2_r2_off/occupancy_before.json"",""reconstruction.npy"":""cells/smooth_s2_r2_off/reconstruction.npy"",""reconstruction.png"":""cells/smooth_s2_r2_off/reconstruction.png"",""target.npy"":""cells/smooth_s2_r2_off/target.npy"",""target.png"":""cells/smooth_s2_r2_off/target.png""}",off,0,33554432,0.0,0,0,smooth_s2_r2_off,1.7881393432617188e-07,shared_correctness,smooth,99,48,0.07572955638170242,2.384185791015625e-07,0.9410039782524109,144,14036992,33554432,27.223409722968594,93.15372408122519,2,2,48,15.077228676207657,ok,false,0.270696110001154,51,1330495488
8.106231689453125e-06,"{""config.json"":""cells/smooth_s2_r2_csr/config.json"",""curves.png"":""cells/smooth_s2_r2_csr/curves.png"",""decision"":""decision.json"",""error.png"":""cells/smooth_s2_r2_csr/error.png"",""field.npz"":""cells/smooth_s2_r2_csr/field.npz"",""gpu_occupancy"":""gpu_occupancy.jsonl"",""history.json"":""cells/smooth_s2_r2_csr/history.json"",""input_field.npz"":""cells/smooth_s2_r2_csr/input_field.npz"",""mask.npy"":""cells/smooth_s2_r2_csr/mask.npy"",""occupancy_after.json"":""cells/smooth_s2_r2_csr/occupancy_after.json"",""occupancy_before.json"":""cells/smooth_s2_r2_csr/occupancy_before.json"",""reconstruction.npy"":""cells/smooth_s2_r2_csr/reconstruction.npy"",""reconstruction.png"":""cells/smooth_s2_r2_csr/reconstruction.png"",""target.npy"":""cells/smooth_s2_r2_csr/target.npy"",""target.png"":""cells/smooth_s2_r2_csr/target.png""}",csr,0,33554432,0.002673434999451274,3272064,130826,smooth_s2_r2_csr,1.7881393432617188e-07,shared_correctness,smooth,99,48,0.0757308155298233,2.384185791015625e-07,0.9410039782524109,144,16769536,33554432,27.223409744754004,93.15372361394039,2,2,41,15.077228676207657,ok,false,0.12591710500055342,51,1305518080
3.0547380447387695e-06,"{""config.json"":""cells/smooth_s2_r3_scatter/config.json"",""curves.png"":""cells/smooth_s2_r3_scatter/curves.png"",""decision"":""decision.json"",""error.png"":""cells/smooth_s2_r3_scatter/error.png"",""field.npz"":""cells/smooth_s2_r3_scatter/field.npz"",""gpu_occupancy"":""gpu_occupancy.jsonl"",""history.json"":""cells/smooth_s2_r3_scatter/history.json"",""input_field.npz"":""cells/smooth_s2_r3_scatter/input_field.npz"",""mask.npy"":""cells/smooth_s2_r3_scatter/mask.npy"",""occupancy_after.json"":""cells/smooth_s2_r3_scatter/occupancy_after.json"",""occupancy_before.json"":""cells/smooth_s2_r3_scatter/occupancy_before.json"",""reconstruction.npy"":""cells/smooth_s2_r3_scatter/reconstruction.npy"",""reconstruction.png"":""cells/smooth_s2_r3_scatter/reconstruction.png"",""target.npy"":""cells/smooth_s2_r3_scatter/target.npy"",""target.png"":""cells/smooth_s2_r3_scatter/target.png""}",scatter,0,33554432,0.0013419999995676335,2616520,130826,smooth_s2_r3_scatter,1.1920928955078125e-07,shared_correctness,smooth,99,48,0.07572843134403229,2.384185791015625e-07,0.9410039782524109,144,12239360,33554432,27.22340970999457,93.15372435951079,3,2,45,15.077228676207657,ok,false,0.12304813499940792,51,1342291968
8.754432201385498e-06,"{""config.json"":""cells/smooth_s2_r3_csr/config.json"",""curves.png"":""cells/smooth_s2_r3_csr/curves.png"",""decision"":""decision.json"",""error.png"":""cells/smooth_s2_r3_csr/error.png"",""field.npz"":""cells/smooth_s2_r3_csr/field.npz"",""gpu_occupancy"":""gpu_occupancy.jsonl"",""history.json"":""cells/smooth_s2_r3_csr/history.json"",""input_field.npz"":""cells/smooth_s2_r3_csr/input_field.npz"",""mask.npy"":""cells/smooth_s2_r3_csr/mask.npy"",""occupancy_after.json"":""cells/smooth_s2_r3_csr/occupancy_after.json"",""occupancy_before.json"":""cells/smooth_s2_r3_csr/occupancy_before.json"",""reconstruction.npy"":""cells/smooth_s2_r3_csr/reconstruction.npy"",""reconstruction.png"":""cells/smooth_s2_r3_csr/reconstruction.png"",""target.npy"":""cells/smooth_s2_r3_csr/target.npy"",""target.png"":""cells/smooth_s2_r3_csr/target.png""}",csr,0,33554432,0.0026254080003127456,3272064,130826,smooth_s2_r3_csr,1.1920928955078125e-07,shared_correctness,smooth,99,48,0.07573015242815018,2.980232238769531e-07,0.9410039782524109,144,16769536,33554432,27.223409747368347,93.15372355786417,3,2,41,15.077228676207657,ok,false,0.12013939000098617,51,1332944896
7.12275505065918e-06,"{""config.json"":""cells/smooth_s2_r3_off/config.json"",""curves.png"":""cells/smooth_s2_r3_off/curves.png"",""decision"":""decision.json"",""error.png"":""cells/smooth_s2_r3_off/error.png"",""field.npz"":""cells/smooth_s2_r3_off/field.npz"",""gpu_occupancy"":""gpu_occupancy.jsonl"",""history.json"":""cells/smooth_s2_r3_off/history.json"",""input_field.npz"":""cells/smooth_s2_r3_off/input_field.npz"",""mask.npy"":""cells/smooth_s2_r3_off/mask.npy"",""occupancy_after.json"":""cells/smooth_s2_r3_off/occupancy_after.json"",""occupancy_before.json"":""cells/smooth_s2_r3_off/occupancy_before.json"",""reconstruction.npy"":""cells/smooth_s2_r3_off/reconstruction.npy"",""reconstruction.png"":""cells/smooth_s2_r3_off/reconstruction.png"",""target.npy"":""cells/smooth_s2_r3_off/target.npy"",""target.png"":""cells/smooth_s2_r3_off/target.png""}",off,0,33554432,0.0,0,0,smooth_s2_r3_off,1.1920928955078125e-07,shared_correctness,smooth,99,48,0.07573089003562927,2.384185791015625e-07,0.9410038590431213,144,14036992,33554432,27.22340970268651,93.15372451626449,3,2,39,15.077228676207657,ok,false,0.2739985850021185,51,1306255360
7.852911949157715e-06,"{""config.json"":""cells/smooth_s2_r4_csr/config.json"",""curves.png"":""cells/smooth_s2_r4_csr/curves.png"",""decision"":""decision.json"",""error.png"":""cells/smooth_s2_r4_csr/error.png"",""field.npz"":""cells/smooth_s2_r4_csr/field.npz"",""gpu_occupancy"":""gpu_occupancy.jsonl"",""history.json"":""cells/smooth_s2_r4_csr/history.json"",""input_field.npz"":""cells/smooth_s2_r4_csr/input_field.npz"",""mask.npy"":""cells/smooth_s2_r4_csr/mask.npy"",""occupancy_after.json"":""cells/smooth_s2_r4_csr/occupancy_after.json"",""occupancy_before.json"":""cells/smooth_s2_r4_csr/occupancy_before.json"",""reconstruction.npy"":""cells/smooth_s2_r4_csr/reconstruction.npy"",""reconstruction.png"":""cells/smooth_s2_r4_csr/reconstruction.png"",""target.npy"":""cells/smooth_s2_r4_csr/target.npy"",""target.png"":""cells/smooth_s2_r4_csr/target.png""}",csr,0,33554432,0.0026244460023008287,3272064,130826,smooth_s2_r4_csr,1.1920928955078125e-07,shared_correctness,smooth,99,48,0.07573079317808151,2.384185791015625e-07,0.9410040974617004,144,16769536,33554432,27.223409761112297,93.15372326306422,4,2,41,15.077228676207657,ok,false,0.11980358700020588,51,1309466624
1.4975666999816895e-06,"{""config.json"":""cells/smooth_s2_r4_off/config.json"",""curves.png"":""cells/smooth_s2_r4_off/curves.png"",""decision"":""decision.json"",""error.png"":""cells/smooth_s2_r4_off/error.png"",""field.npz"":""cells/smooth_s2_r4_off/field.npz"",""gpu_occupancy"":""gpu_occupancy.jsonl"",""history.json"":""cells/smooth_s2_r4_off/history.json"",""input_field.npz"":""cells/smooth_s2_r4_off/input_field.npz"",""mask.npy"":""cells/smooth_s2_r4_off/mask.npy"",""occupancy_after.json"":""cells/smooth_s2_r4_off/occupancy_after.json"",""occupancy_before.json"":""cells/smooth_s2_r4_off/occupancy_before.json"",""reconstruction.npy"":""cells/smooth_s2_r4_off/reconstruction.npy"",""reconstruction.png"":""cells/smooth_s2_r4_off/reconstruction.png"",""target.npy"":""cells/smooth_s2_r4_off/target.npy"",""target.png"":""cells/smooth_s2_r4_off/target.png""}",off,0,33554432,0.0,0,0,smooth_s2_r4_off,1.1920928955078125e-07,shared_correctness,smooth,99,48,0.0757281556725502,2.980232238769531e-07,0.9410040974617004,144,14036992,33554432,27.223409718838244,93.15372416981884,4,2,42,15.077228676207657,ok,false,0.2705291179991036,51,1317847040
1.1667609214782715e-05,"{""config.json"":""cells/smooth_s2_r4_scatter/config.json"",""curves.png"":""cells/smooth_s2_r4_scatter/curves.png"",""decision"":""decision.json"",""error.png"":""cells/smooth_s2_r4_scatter/error.png"",""field.npz"":""cells/smooth_s2_r4_scatter/field.npz"",""gpu_occupancy"":""gpu_occupancy.jsonl"",""history.json"":""cells/smooth_s2_r4_scatter/history.json"",""input_field.npz"":""cells/smooth_s2_r4_scatter/input_field.npz"",""mask.npy"":""cells/smooth_s2_r4_scatter/mask.npy"",""occupancy_after.json"":""cells/smooth_s2_r4_scatter/occupancy_after.json"",""occupancy_before.json"":""cells/smooth_s2_r4_scatter/occupancy_before.json"",""reconstruction.npy"":""cells/smooth_s2_r4_scatter/reconstruction.npy"",""reconstruction.png"":""cells/smooth_s2_r4_scatter/reconstruction.png"",""target.npy"":""cells/smooth_s2_r4_scatter/target.npy"",""target.png"":""cells/smooth_s2_r4_scatter/target.png""}",scatter,0,33554432,0.003531095000653295,2616520,130826,smooth_s2_r4_scatter,1.7881393432617188e-07,shared_correctness,smooth,99,48,0.0757288858294487,2.384185791015625e-07,0.9410039782524109,144,12239360,33554432,27.223409716301624,93.15372422422789,4,2,45,15.077228676207657,ok,false,0.1360336739999184,51,1321357312
8.195638656616211e-06,"{""config.json"":""cells/smooth_s2_r5_csr/config.json"",""curves.png"":""cells/smooth_s2_r5_csr/curves.png"",""decision"":""decision.json"",""error.png"":""cells/smooth_s2_r5_csr/error.png"",""field.npz"":""cells/smooth_s2_r5_csr/field.npz"",""gpu_occupancy"":""gpu_occupancy.jsonl"",""history.json"":""cells/smooth_s2_r5_csr/history.json"",""input_field.npz"":""cells/smooth_s2_r5_csr/input_field.npz"",""mask.npy"":""cells/smooth_s2_r5_csr/mask.npy"",""occupancy_after.json"":""cells/smooth_s2_r5_csr/occupancy_after.json"",""occupancy_before.json"":""cells/smooth_s2_r5_csr/occupancy_before.json"",""reconstruction.npy"":""cells/smooth_s2_r5_csr/reconstruction.npy"",""reconstruction.png"":""cells/smooth_s2_r5_csr/reconstruction.png"",""target.npy"":""cells/smooth_s2_r5_csr/target.npy"",""target.png"":""cells/smooth_s2_r5_csr/target.png""}",csr,0,33554432,0.002646855999046238,3272064,130826,smooth_s2_r5_csr,1.1920928955078125e-07,shared_correctness,smooth,99,48,0.07573340088129044,2.384185791015625e-07,0.9410039186477661,144,16769536,33554432,27.223409745095427,93.15372360661709,5,2,39,15.077228676207657,ok,false,0.12025679599901196,51,1301577728
7.003545761108398e-07,"{""config.json"":""cells/smooth_s2_r5_scatter/config.json"",""curves.png"":""cells/smooth_s2_r5_scatter/curves.png"",""decision"":""decision.json"",""error.png"":""cells/smooth_s2_r5_scatter/error.png"",""field.npz"":""cells/smooth_s2_r5_scatter/field.npz"",""gpu_occupancy"":""gpu_occupancy.jsonl"",""history.json"":""cells/smooth_s2_r5_scatter/history.json"",""input_field.npz"":""cells/smooth_s2_r5_scatter/input_field.npz"",""mask.npy"":""cells/smooth_s2_r5_scatter/mask.npy"",""occupancy_after.json"":""cells/smooth_s2_r5_scatter/occupancy_after.json"",""occupancy_before.json"":""cells/smooth_s2_r5_scatter/occupancy_before.json"",""reconstruction.npy"":""cells/smooth_s2_r5_scatter/reconstruction.npy"",""reconstruction.png"":""cells/smooth_s2_r5_scatter/reconstruction.png"",""target.npy"":""cells/smooth_s2_r5_scatter/target.npy"",""target.png"":""cells/smooth_s2_r5_scatter/target.png""}",scatter,0,33554432,0.0013489299999491777,2616520,130826,smooth_s2_r5_scatter,1.7881393432617188e-07,shared_correctness,smooth,99,48,0.07573813199996948,2.384185791015625e-07,0.9410037398338318,144,12239360,33554432,27.223409712888547,93.15372429743657,5,2,38,15.077228676207657,ok,false,0.13483509499928914,51,1307512832
4.76837158203125e-06,"{""config.json"":""cells/smooth_s2_r5_off/config.json"",""curves.png"":""cells/smooth_s2_r5_off/curves.png"",""decision"":""decision.json"",""error.png"":""cells/smooth_s2_r5_off/error.png"",""field.npz"":""cells/smooth_s2_r5_off/field.npz"",""gpu_occupancy"":""gpu_occupancy.jsonl"",""history.json"":""cells/smooth_s2_r5_off/history.json"",""input_field.npz"":""cells/smooth_s2_r5_off/input_field.npz"",""mask.npy"":""cells/smooth_s2_r5_off/mask.npy"",""occupancy_after.json"":""cells/smooth_s2_r5_off/occupancy_after.json"",""occupancy_before.json"":""cells/smooth_s2_r5_off/occupancy_before.json"",""reconstruction.npy"":""cells/smooth_s2_r5_off/reconstruction.npy"",""reconstruction.png"":""cells/smooth_s2_r5_off/reconstruction.png"",""target.npy"":""cells/smooth_s2_r5_off/target.npy"",""target.png"":""cells/smooth_s2_r5_off/target.png""}",off,0,33554432,0.0,0,0,smooth_s2_r5_off,1.7881393432617188e-07,shared_correctness,smooth,99,48,0.07572703808546066,2.384185791015625e-07,0.9410039782524109,144,14036992,33554432,27.223409707745535,93.15372440775121,5,2,42,15.077228676207657,ok,false,0.2704225890011003,51,1303162880
5.554210019909078e-06,"{""config.json"":""cells/thin_s0_r0_off/config.json"",""curves.png"":""cells/thin_s0_r0_off/curves.png"",""decision"":""decision.json"",""error.png"":""cells/thin_s0_r0_off/error.png"",""field.npz"":""cells/thin_s0_r0_off/field.npz"",""gpu_occupancy"":""gpu_occupancy.jsonl"",""history.json"":""cells/thin_s0_r0_off/history.json"",""input_field.npz"":""cells/thin_s0_r0_off/input_field.npz"",""mask.npy"":""cells/thin_s0_r0_off/mask.npy"",""occupancy_after.json"":""cells/thin_s0_r0_off/occupancy_after.json"",""occupancy_before.json"":""cells/thin_s0_r0_off/occupancy_before.json"",""reconstruction.npy"":""cells/thin_s0_r0_off/reconstruction.npy"",""reconstruction.png"":""cells/thin_s0_r0_off/reconstruction.png"",""target.npy"":""cells/thin_s0_r0_off/target.npy"",""target.png"":""cells/thin_s0_r0_off/target.png""}",off,0,33554432,0.0,0,0,thin_s0_r0_off,1.1920928955078125e-07,shared_correctness,thin,99,48,0.5350318551063538,2.384185791015625e-07,0.3481168746948242,144,11175424,33554432,12.505109980526953,2760.7698024859055,0,0,18,50.99418042369791,ok,false,0.24433525400309009,51,1306947584
2.221692056991742e-06,"{""config.json"":""cells/thin_s0_r0_scatter/config.json"",""curves.png"":""cells/thin_s0_r0_scatter/curves.png"",""decision"":""decision.json"",""error.png"":""cells/thin_s0_r0_scatter/error.png"",""field.npz"":""cells/thin_s0_r0_scatter/field.npz"",""gpu_occupancy"":""gpu_occupancy.jsonl"",""history.json"":""cells/thin_s0_r0_scatter/history.json"",""input_field.npz"":""cells/thin_s0_r0_scatter/input_field.npz"",""mask.npy"":""cells/thin_s0_r0_scatter/mask.npy"",""occupancy_after.json"":""cells/thin_s0_r0_scatter/occupancy_after.json"",""occupancy_before.json"":""cells/thin_s0_r0_scatter/occupancy_before.json"",""reconstruction.npy"":""cells/thin_s0_r0_scatter/reconstruction.npy"",""reconstruction.png"":""cells/thin_s0_r0_scatter/reconstruction.png"",""target.npy"":""cells/thin_s0_r0_scatter/target.npy"",""target.png"":""cells/thin_s0_r0_scatter/target.png""}",scatter,0,33554432,0.001167530001112027,1065780,53289,thin_s0_r0_scatter,1.1920928955078125e-07,shared_correctness,thin,99,48,0.5350332260131836,2.384185791015625e-07,0.34811684489250183,144,9377792,33554432,12.505109977877469,2760.7698041701597,0,0,14,50.99418042369791,ok,false,0.11720775299909292,51,1304412160
3.7028218002888025e-07,"{""config.json"":""cells/thin_s0_r0_csr/config.json"",""curves.png"":""cells/thin_s0_r0_csr/curves.png"",""decision"":""decision.json"",""error.png"":""cells/thin_s0_r0_csr/error.png"",""field.npz"":""cells/thin_s0_r0_csr/field.npz"",""gpu_occupancy"":""gpu_occupancy.jsonl"",""history.json"":""cells/thin_s0_r0_csr/history.json"",""input_field.npz"":""cells/thin_s0_r0_csr/input_field.npz"",""mask.npy"":""cells/thin_s0_r0_csr/mask.npy"",""occupancy_after.json"":""cells/thin_s0_r0_csr/occupancy_after.json"",""occupancy_before.json"":""cells/thin_s0_r0_csr/occupancy_before.json"",""reconstruction.npy"":""cells/thin_s0_r0_csr/reconstruction.npy"",""reconstruction.png"":""cells/thin_s0_r0_csr/reconstruction.png"",""target.npy"":""cells/thin_s0_r0_csr/target.npy"",""target.png"":""cells/thin_s0_r0_csr/target.png""}",csr,0,33554432,0.006488101000286406,1411176,53289,thin_s0_r0_csr,1.1920928955078125e-07,shared_correctness,thin,99,48,0.5350211262702942,2.384185791015625e-07,0.34811681509017944,144,9377792,33554432,12.505109984056308,2760.769800242328,0,0,15,50.99418042369791,ok,false,0.12814828899718123,51,1326309376
4.628518581739627e-06,"{""config.json"":""cells/thin_s0_r1_off/config.json"",""curves.png"":""cells/thin_s0_r1_off/curves.png"",""decision"":""decision.json"",""error.png"":""cells/thin_s0_r1_off/error.png"",""field.npz"":""cells/thin_s0_r1_off/field.npz"",""gpu_occupancy"":""gpu_occupancy.jsonl"",""history.json"":""cells/thin_s0_r1_off/history.json"",""input_field.npz"":""cells/thin_s0_r1_off/input_field.npz"",""mask.npy"":""cells/thin_s0_r1_off/mask.npy"",""occupancy_after.json"":""cells/thin_s0_r1_off/occupancy_after.json"",""occupancy_before.json"":""cells/thin_s0_r1_off/occupancy_before.json"",""reconstruction.npy"":""cells/thin_s0_r1_off/reconstruction.npy"",""reconstruction.png"":""cells/thin_s0_r1_off/reconstruction.png"",""target.npy"":""cells/thin_s0_r1_off/target.npy"",""target.png"":""cells/thin_s0_r1_off/target.png""}",off,0,33554432,0.0,0,0,thin_s0_r1_off,1.1920928955078125e-07,shared_correctness,thin,99,48,0.5350233912467957,2.384185791015625e-07,0.34811684489250183,144,11175424,33554432,12.505109984438663,2760.7697999992693,1,0,43,50.99418042369791,ok,false,0.24438191899753292,51,1317908480
5.554231847781921e-07,"{""config.json"":""cells/thin_s0_r1_csr/config.json"",""curves.png"":""cells/thin_s0_r1_csr/curves.png"",""decision"":""decision.json"",""error.png"":""cells/thin_s0_r1_csr/error.png"",""field.npz"":""cells/thin_s0_r1_csr/field.npz"",""gpu_occupancy"":""gpu_occupancy.jsonl"",""history.json"":""cells/thin_s0_r1_csr/history.json"",""input_field.npz"":""cells/thin_s0_r1_csr/input_field.npz"",""mask.npy"":""cells/thin_s0_r1_csr/mask.npy"",""occupancy_after.json"":""cells/thin_s0_r1_csr/occupancy_after.json"",""occupancy_before.json"":""cells/thin_s0_r1_csr/occupancy_before.json"",""reconstruction.npy"":""cells/thin_s0_r1_csr/reconstruction.npy"",""reconstruction.png"":""cells/thin_s0_r1_csr/reconstruction.png"",""target.npy"":""cells/thin_s0_r1_csr/target.npy"",""target.png"":""cells/thin_s0_r1_csr/target.png""}",csr,0,33554432,0.001774825002939906,1411176,53289,thin_s0_r1_csr,1.1920928955078125e-07,shared_correctness,thin,99,48,0.535024881362915,1.7881393432617188e-07,0.34811681509017944,144,9377792,33554432,12.5051099841121,2760.7698002068623,1,0,15,50.99418042369791,ok,false,0.11549450199890998,51,1318723584
5.183928351470968e-06,"{""config.json"":""cells/thin_s0_r1_scatter/config.json"",""curves.png"":""cells/thin_s0_r1_scatter/curves.png"",""decision"":""decision.json"",""error.png"":""cells/thin_s0_r1_scatter/error.png"",""field.npz"":""cells/thin_s0_r1_scatter/field.npz"",""gpu_occupancy"":""gpu_occupancy.jsonl"",""history.json"":""cells/thin_s0_r1_scatter/history.json"",""input_field.npz"":""cells/thin_s0_r1_scatter/input_field.npz"",""mask.npy"":""cells/thin_s0_r1_scatter/mask.npy"",""occupancy_after.json"":""cells/thin_s0_r1_scatter/occupancy_after.json"",""occupancy_before.json"":""cells/thin_s0_r1_scatter/occupancy_before.json"",""reconstruction.npy"":""cells/thin_s0_r1_scatter/reconstruction.npy"",""reconstruction.png"":""cells/thin_s0_r1_scatter/reconstruction.png"",""target.npy"":""cells/thin_s0_r1_scatter/target.npy"",""target.png"":""cells/thin_s0_r1_scatter/target.png""}",scatter,0,33554432,0.001148544000898255,1065780,53289,thin_s0_r1_scatter,1.1920928955078125e-07,shared_correctness,thin,99,48,0.5350205898284912,2.384185791015625e-07,0.3481168746948242,144,9377792,33554432,12.505109981074892,2760.769802137588,1,0,14,50.99418042369791,ok,false,0.11717854200105648,51,1343242240
4.813654868485173e-06,"{""config.json"":""cells/thin_s0_r2_scatter/config.json"",""curves.png"":""cells/thin_s0_r2_scatter/curves.png"",""decision"":""decision.json"",""error.png"":""cells/thin_s0_r2_scatter/error.png"",""field.npz"":""cells/thin_s0_r2_scatter/field.npz"",""gpu_occupancy"":""gpu_occupancy.jsonl"",""history.json"":""cells/thin_s0_r2_scatter/history.json"",""input_field.npz"":""cells/thin_s0_r2_scatter/input_field.npz"",""mask.npy"":""cells/thin_s0_r2_scatter/mask.npy"",""occupancy_after.json"":""cells/thin_s0_r2_scatter/occupancy_after.json"",""occupancy_before.json"":""cells/thin_s0_r2_scatter/occupancy_before.json"",""reconstruction.npy"":""cells/thin_s0_r2_scatter/reconstruction.npy"",""reconstruction.png"":""cells/thin_s0_r2_scatter/reconstruction.png"",""target.npy"":""cells/thin_s0_r2_scatter/target.npy"",""target.png"":""cells/thin_s0_r2_scatter/target.png""}",scatter,0,33554432,0.0012230279971845448,1065780,53289,thin_s0_r2_scatter,1.1920928955078125e-07,shared_correctness,thin,99,48,0.5350271463394165,2.384185791015625e-07,0.34811681509017944,144,9377792,33554432,12.50510998444245,2760.769799996862,2,0,16,50.99418042369791,ok,false,0.11908232800124097,51,1305387008
3.702830611018726e-07,"{""config.json"":""cells/thin_s0_r2_off/config.json"",""curves.png"":""cells/thin_s0_r2_off/curves.png"",""decision"":""decision.json"",""error.png"":""cells/thin_s0_r2_off/error.png"",""field.npz"":""cells/thin_s0_r2_off/field.npz"",""gpu_occupancy"":""gpu_occupancy.jsonl"",""history.json"":""cells/thin_s0_r2_off/history.json"",""input_field.npz"":""cells/thin_s0_r2_off/input_field.npz"",""mask.npy"":""cells/thin_s0_r2_off/mask.npy"",""occupancy_after.json"":""cells/thin_s0_r2_off/occupancy_after.json"",""occupancy_before.json"":""cells/thin_s0_r2_off/occupancy_before.json"",""reconstruction.npy"":""cells/thin_s0_r2_off/reconstruction.npy"",""reconstruction.png"":""cells/thin_s0_r2_off/reconstruction.png"",""target.npy"":""cells/thin_s0_r2_off/target.npy"",""target.png"":""cells/thin_s0_r2_off/target.png""}",off,0,33554432,0.0,0,0,thin_s0_r2_off,1.1920928955078125e-07,shared_correctness,thin,99,48,0.535027027130127,2.384185791015625e-07,0.34811681509017944,144,11175424,33554432,12.505109982397837,2760.7698012966034,2,0,35,50.99418042369791,ok,false,0.25017991899949266,51,1331318784
5.554231847781921e-07,"{""config.json"":""cells/thin_s0_r2_csr/config.json"",""curves.png"":""cells/thin_s0_r2_csr/curves.png"",""decision"":""decision.json"",""error.png"":""cells/thin_s0_r2_csr/error.png"",""field.npz"":""cells/thin_s0_r2_csr/field.npz"",""gpu_occupancy"":""gpu_occupancy.jsonl"",""history.json"":""cells/thin_s0_r2_csr/history.json"",""input_field.npz"":""cells/thin_s0_r2_csr/input_field.npz"",""mask.npy"":""cells/thin_s0_r2_csr/mask.npy"",""occupancy_after.json"":""cells/thin_s0_r2_csr/occupancy_after.json"",""occupancy_before.json"":""cells/thin_s0_r2_csr/occupancy_before.json"",""reconstruction.npy"":""cells/thin_s0_r2_csr/reconstruction.npy"",""reconstruction.png"":""cells/thin_s0_r2_csr/reconstruction.png"",""target.npy"":""cells/thin_s0_r2_csr/target.npy"",""target.png"":""cells/thin_s0_r2_csr/target.png""}",csr,0,33554432,0.001785235002898844,1411176,53289,thin_s0_r2_csr,1.1920928955078125e-07,shared_correctness,thin,99,48,0.5350217223167419,2.384185791015625e-07,0.34811684489250183,144,9377792,33554432,12.505109978487905,2760.7698037821115,2,0,15,50.99418042369791,ok,false,0.11684572800004389,51,1309499392
6.911913715157425e-06,"{""config.json"":""cells/thin_s0_r3_scatter/config.json"",""curves.png"":""cells/thin_s0_r3_scatter/curves.png"",""decision"":""decision.json"",""error.png"":""cells/thin_s0_r3_scatter/error.png"",""field.npz"":""cells/thin_s0_r3_scatter/field.npz"",""gpu_occupancy"":""gpu_occupancy.jsonl"",""history.json"":""cells/thin_s0_r3_scatter/history.json"",""input_field.npz"":""cells/thin_s0_r3_scatter/input_field.npz"",""mask.npy"":""cells/thin_s0_r3_scatter/mask.npy"",""occupancy_after.json"":""cells/thin_s0_r3_scatter/occupancy_after.json"",""occupancy_before.json"":""cells/thin_s0_r3_scatter/occupancy_before.json"",""reconstruction.npy"":""cells/thin_s0_r3_scatter/reconstruction.npy"",""reconstruction.png"":""cells/thin_s0_r3_scatter/reconstruction.png"",""target.npy"":""cells/thin_s0_r3_scatter/target.npy"",""target.png"":""cells/thin_s0_r3_scatter/target.png""}",scatter,0,33554432,0.0012333320009929594,1065780,53289,thin_s0_r3_scatter,1.1920928955078125e-07,shared_correctness,thin,99,48,0.535026490688324,2.384185791015625e-07,0.34811684489250183,144,9377792,33554432,12.505109983000997,2760.76980091318,3,0,18,50.99418042369791,ok,false,0.12162599400107865,51,1317097472
6.788504833821207e-07,"{""config.json"":""cells/thin_s0_r3_csr/config.json"",""curves.png"":""cells/thin_s0_r3_csr/curves.png"",""decision"":""decision.json"",""error.png"":""cells/thin_s0_r3_csr/error.png"",""field.npz"":""cells/thin_s0_r3_csr/field.npz"",""gpu_occupancy"":""gpu_occupancy.jsonl"",""history.json"":""cells/thin_s0_r3_csr/history.json"",""input_field.npz"":""cells/thin_s0_r3_csr/input_field.npz"",""mask.npy"":""cells/thin_s0_r3_csr/mask.npy"",""occupancy_after.json"":""cells/thin_s0_r3_csr/occupancy_after.json"",""occupancy_before.json"":""cells/thin_s0_r3_csr/occupancy_before.json"",""reconstruction.npy"":""cells/thin_s0_r3_csr/reconstruction.npy"",""reconstruction.png"":""cells/thin_s0_r3_csr/reconstruction.png"",""target.npy"":""cells/thin_s0_r3_csr/target.npy"",""target.png"":""cells/thin_s0_r3_csr/target.png""}",csr,0,33554432,0.001802208000299288,1411176,53289,thin_s0_r3_csr,1.1920928955078125e-07,shared_correctness,thin,99,48,0.5350223779678345,2.384185791015625e-07,0.34811681509017944,144,9377792,33554432,12.505109980879842,2760.769802261578,3,0,15,50.99418042369791,ok,false,0.11823486099820002,51,1303937024
3.455963678788976e-06,"{""config.json"":""cells/thin_s0_r3_off/config.json"",""curves.png"":""cells/thin_s0_r3_off/curves.png"",""decision"":""decision.json"",""error.png"":""cells/thin_s0_r3_off/error.png"",""field.npz"":""cells/thin_s0_r3_off/field.npz"",""gpu_occupancy"":""gpu_occupancy.jsonl"",""history.json"":""cells/thin_s0_r3_off/history.json"",""input_field.npz"":""cells/thin_s0_r3_off/input_field.npz"",""mask.npy"":""cells/thin_s0_r3_off/mask.npy"",""occupancy_after.json"":""cells/thin_s0_r3_off/occupancy_after.json"",""occupancy_before.json"":""cells/thin_s0_r3_off/occupancy_before.json"",""reconstruction.npy"":""cells/thin_s0_r3_off/reconstruction.npy"",""reconstruction.png"":""cells/thin_s0_r3_off/reconstruction.png"",""target.npy"":""cells/thin_s0_r3_off/target.npy"",""target.png"":""cells/thin_s0_r3_off/target.png""}",off,0,33554432,0.0,0,0,thin_s0_r3_off,1.1920928955078125e-07,shared_correctness,thin,99,48,0.5350274443626404,2.384185791015625e-07,0.34811681509017944,144,11175424,33554432,12.50510997880095,2760.7698035831118,3,0,46,50.99418042369791,ok,false,0.2483346459994209,51,1343365120
3.085685023052065e-07,"{""config.json"":""cells/thin_s0_r4_csr/config.json"",""curves.png"":""cells/thin_s0_r4_csr/curves.png"",""decision"":""decision.json"",""error.png"":""cells/thin_s0_r4_csr/error.png"",""field.npz"":""cells/thin_s0_r4_csr/field.npz"",""gpu_occupancy"":""gpu_occupancy.jsonl"",""history.json"":""cells/thin_s0_r4_csr/history.json"",""input_field.npz"":""cells/thin_s0_r4_csr/input_field.npz"",""mask.npy"":""cells/thin_s0_r4_csr/mask.npy"",""occupancy_after.json"":""cells/thin_s0_r4_csr/occupancy_after.json"",""occupancy_before.json"":""cells/thin_s0_r4_csr/occupancy_before.json"",""reconstruction.npy"":""cells/thin_s0_r4_csr/reconstruction.npy"",""reconstruction.png"":""cells/thin_s0_r4_csr/reconstruction.png"",""target.npy"":""cells/thin_s0_r4_csr/target.npy"",""target.png"":""cells/thin_s0_r4_csr/target.png""}",csr,0,33554432,0.001862682998762466,1411176,53289,thin_s0_r4_csr,1.1920928955078125e-07,shared_correctness,thin,99,48,0.5350239276885986,2.384185791015625e-07,0.34811681509017944,144,9377792,33554432,12.505109983834952,2760.769800383043,4,0,15,50.99418042369791,ok,false,0.12851397899794392,51,1330016256
3.8262387533904985e-06,"{""config.json"":""cells/thin_s0_r4_off/config.json"",""curves.png"":""cells/thin_s0_r4_off/curves.png"",""decision"":""decision.json"",""error.png"":""cells/thin_s0_r4_off/error.png"",""field.npz"":""cells/thin_s0_r4_off/field.npz"",""gpu_occupancy"":""gpu_occupancy.jsonl"",""history.json"":""cells/thin_s0_r4_off/history.json"",""input_field.npz"":""cells/thin_s0_r4_off/input_field.npz"",""mask.npy"":""cells/thin_s0_r4_off/mask.npy"",""occupancy_after.json"":""cells/thin_s0_r4_off/occupancy_after.json"",""occupancy_before.json"":""cells/thin_s0_r4_off/occupancy_before.json"",""reconstruction.npy"":""cells/thin_s0_r4_off/reconstruction.npy"",""reconstruction.png"":""cells/thin_s0_r4_off/reconstruction.png"",""target.npy"":""cells/thin_s0_r4_off/target.npy"",""target.png"":""cells/thin_s0_r4_off/target.png""}",off,0,33554432,0.0,0,0,thin_s0_r4_off,1.1920928955078125e-07,shared_correctness,thin,99,48,0.535024106502533,2.384185791015625e-07,0.34811684489250183,144,11175424,33554432,12.50510998250995,2760.7698012253336,4,0,38,50.99418042369791,ok,false,0.25433425799928955,51,1302941696
2.09826293939841e-06,"{""config.json"":""cells/thin_s0_r4_scatter/config.json"",""curves.png"":""cells/thin_s0_r4_scatter/curves.png"",""decision"":""decision.json"",""error.png"":""cells/thin_s0_r4_scatter/error.png"",""field.npz"":""cells/thin_s0_r4_scatter/field.npz"",""gpu_occupancy"":""gpu_occupancy.jsonl"",""history.json"":""cells/thin_s0_r4_scatter/history.json"",""input_field.npz"":""cells/thin_s0_r4_scatter/input_field.npz"",""mask.npy"":""cells/thin_s0_r4_scatter/mask.npy"",""occupancy_after.json"":""cells/thin_s0_r4_scatter/occupancy_after.json"",""occupancy_before.json"":""cells/thin_s0_r4_scatter/occupancy_before.json"",""reconstruction.npy"":""cells/thin_s0_r4_scatter/reconstruction.npy"",""reconstruction.png"":""cells/thin_s0_r4_scatter/reconstruction.png"",""target.npy"":""cells/thin_s0_r4_scatter/target.npy"",""target.png"":""cells/thin_s0_r4_scatter/target.png""}",scatter,0,33554432,0.0012079849984729663,1065780,53289,thin_s0_r4_scatter,1.1920928955078125e-07,shared_correctness,thin,99,48,0.5350169539451599,2.384185791015625e-07,0.34811684489250183,144,9377792,33554432,12.505109983880693,2760.7698003539654,4,0,21,50.99418042369791,ok,false,0.12747184700128855,51,1305243648
1.2342742650162108e-07,"{""config.json"":""cells/thin_s0_r5_csr/config.json"",""curves.png"":""cells/thin_s0_r5_csr/curves.png"",""decision"":""decision.json"",""error.png"":""cells/thin_s0_r5_csr/error.png"",""field.npz"":""cells/thin_s0_r5_csr/field.npz"",""gpu_occupancy"":""gpu_occupancy.jsonl"",""history.json"":""cells/thin_s0_r5_csr/history.json"",""input_field.npz"":""cells/thin_s0_r5_csr/input_field.npz"",""mask.npy"":""cells/thin_s0_r5_csr/mask.npy"",""occupancy_after.json"":""cells/thin_s0_r5_csr/occupancy_after.json"",""occupancy_before.json"":""cells/thin_s0_r5_csr/occupancy_before.json"",""reconstruction.npy"":""cells/thin_s0_r5_csr/reconstruction.npy"",""reconstruction.png"":""cells/thin_s0_r5_csr/reconstruction.png"",""target.npy"":""cells/thin_s0_r5_csr/target.npy"",""target.png"":""cells/thin_s0_r5_csr/target.png""}",csr,0,33554432,0.0018551469984231517,1411176,53289,thin_s0_r5_csr,1.1920928955078125e-07,shared_correctness,thin,99,48,0.5350158214569092,2.384185791015625e-07,0.34811681509017944,144,9377792,33554432,12.50510998274563,2760.769801075514,5,0,15,50.99418042369791,ok,false,0.120423448002839,51,1341464576
1.97483768715756e-06,"{""config.json"":""cells/thin_s0_r5_scatter/config.json"",""curves.png"":""cells/thin_s0_r5_scatter/curves.png"",""decision"":""decision.json"",""error.png"":""cells/thin_s0_r5_scatter/error.png"",""field.npz"":""cells/thin_s0_r5_scatter/field.npz"",""gpu_occupancy"":""gpu_occupancy.jsonl"",""history.json"":""cells/thin_s0_r5_scatter/history.json"",""input_field.npz"":""cells/thin_s0_r5_scatter/input_field.npz"",""mask.npy"":""cells/thin_s0_r5_scatter/mask.npy"",""occupancy_after.json"":""cells/thin_s0_r5_scatter/occupancy_after.json"",""occupancy_before.json"":""cells/thin_s0_r5_scatter/occupancy_before.json"",""reconstruction.npy"":""cells/thin_s0_r5_scatter/reconstruction.npy"",""reconstruction.png"":""cells/thin_s0_r5_scatter/reconstruction.png"",""target.npy"":""cells/thin_s0_r5_scatter/target.npy"",""target.png"":""cells/thin_s0_r5_scatter/target.png""}",scatter,0,33554432,0.0012191480018373113,1065780,53289,thin_s0_r5_scatter,1.1920928955078125e-07,shared_correctness,thin,99,48,0.5350258946418762,2.384185791015625e-07,0.34811681509017944,144,9377792,33554432,12.505109979311689,2760.7698032584394,5,0,40,50.99418042369791,ok,false,0.120952788998693,51,1330323456
1.3577013078247546e-06,"{""config.json"":""cells/thin_s0_r5_off/config.json"",""curves.png"":""cells/thin_s0_r5_off/curves.png"",""decision"":""decision.json"",""error.png"":""cells/thin_s0_r5_off/error.png"",""field.npz"":""cells/thin_s0_r5_off/field.npz"",""gpu_occupancy"":""gpu_occupancy.jsonl"",""history.json"":""cells/thin_s0_r5_off/history.json"",""input_field.npz"":""cells/thin_s0_r5_off/input_field.npz"",""mask.npy"":""cells/thin_s0_r5_off/mask.npy"",""occupancy_after.json"":""cells/thin_s0_r5_off/occupancy_after.json"",""occupancy_before.json"":""cells/thin_s0_r5_off/occupancy_before.json"",""reconstruction.npy"":""cells/thin_s0_r5_off/reconstruction.npy"",""reconstruction.png"":""cells/thin_s0_r5_off/reconstruction.png"",""target.npy"":""cells/thin_s0_r5_off/target.npy"",""target.png"":""cells/thin_s0_r5_off/target.png""}",off,0,33554432,0.0,0,0,thin_s0_r5_off,1.1920928955078125e-07,shared_correctness,thin,99,48,0.535027265548706,2.384185791015625e-07,0.34811684489250183,144,11175424,33554432,12.505109981748294,2760.7698017095117,5,0,32,50.99418042369791,ok,false,0.24914720599917928,51,1322348544
4.793373591382988e-06,"{""config.json"":""cells/thin_s1_r0_off/config.json"",""curves.png"":""cells/thin_s1_r0_off/curves.png"",""decision"":""decision.json"",""error.png"":""cells/thin_s1_r0_off/error.png"",""field.npz"":""cells/thin_s1_r0_off/field.npz"",""gpu_occupancy"":""gpu_occupancy.jsonl"",""history.json"":""cells/thin_s1_r0_off/history.json"",""input_field.npz"":""cells/thin_s1_r0_off/input_field.npz"",""mask.npy"":""cells/thin_s1_r0_off/mask.npy"",""occupancy_after.json"":""cells/thin_s1_r0_off/occupancy_after.json"",""occupancy_before.json"":""cells/thin_s1_r0_off/occupancy_before.json"",""reconstruction.npy"":""cells/thin_s1_r0_off/reconstruction.npy"",""reconstruction.png"":""cells/thin_s1_r0_off/reconstruction.png"",""target.npy"":""cells/thin_s1_r0_off/target.npy"",""target.png"":""cells/thin_s1_r0_off/target.png""}",off,0,33554432,0.0,0,0,thin_s1_r0_off,1.1920928955078125e-07,shared_correctness,thin,99,48,0.5189411044120789,2.384185791015625e-07,0.3614521026611328,144,11625984,33554432,12.750145641493408,2609.3157149103818,0,1,40,53.88200617350345,ok,false,0.2553984330006642,51,1328857088
3.255880756114493e-06,"{""config.json"":""cells/thin_s1_r0_scatter/config.json"",""curves.png"":""cells/thin_s1_r0_scatter/curves.png"",""decision"":""decision.json"",""error.png"":""cells/thin_s1_r0_scatter/error.png"",""field.npz"":""cells/thin_s1_r0_scatter/field.npz"",""gpu_occupancy"":""gpu_occupancy.jsonl"",""history.json"":""cells/thin_s1_r0_scatter/history.json"",""input_field.npz"":""cells/thin_s1_r0_scatter/input_field.npz"",""mask.npy"":""cells/thin_s1_r0_scatter/mask.npy"",""occupancy_after.json"":""cells/thin_s1_r0_scatter/occupancy_after.json"",""occupancy_before.json"":""cells/thin_s1_r0_scatter/occupancy_before.json"",""reconstruction.npy"":""cells/thin_s1_r0_scatter/reconstruction.npy"",""reconstruction.png"":""cells/thin_s1_r0_scatter/reconstruction.png"",""target.npy"":""cells/thin_s1_r0_scatter/target.npy"",""target.png"":""cells/thin_s1_r0_scatter/target.png""}",scatter,0,33554432,0.001241046000359347,1064140,53207,thin_s1_r0_scatter,1.1920928955078125e-07,shared_correctness,thin,99,48,0.5189428925514221,2.384185791015625e-07,0.3614520728588104,144,9828352,33554432,12.750145640240394,2609.315715663214,0,1,16,53.88200617350345,ok,false,0.12373651400048402,51,1302855680
1.2661741948249983e-06,"{""config.json"":""cells/thin_s1_r0_csr/config.json"",""curves.png"":""cells/thin_s1_r0_csr/curves.png"",""decision"":""decision.json"",""error.png"":""cells/thin_s1_r0_csr/error.png"",""field.npz"":""cells/thin_s1_r0_csr/field.npz"",""gpu_occupancy"":""gpu_occupancy.jsonl"",""history.json"":""cells/thin_s1_r0_csr/history.json"",""input_field.npz"":""cells/thin_s1_r0_csr/input_field.npz"",""mask.npy"":""cells/thin_s1_r0_csr/mask.npy"",""occupancy_after.json"":""cells/thin_s1_r0_csr/occupancy_after.json"",""occupancy_before.json"":""cells/thin_s1_r0_csr/occupancy_before.json"",""reconstruction.npy"":""cells/thin_s1_r0_csr/reconstruction.npy"",""reconstruction.png"":""cells/thin_s1_r0_csr/reconstruction.png"",""target.npy"":""cells/thin_s1_r0_csr/target.npy"",""target.png"":""cells/thin_s1_r0_csr/target.png""}",csr,0,33554432,0.0018620279988681432,1409208,53207,thin_s1_r0_csr,1.1920928955078125e-07,shared_correctness,thin,99,48,0.5189464092254639,2.384185791015625e-07,0.3614520728588104,144,9828352,33554432,12.750145640937877,2609.3157152441527,0,1,14,53.88200617350345,ok,false,0.12111914500201237,51,1315643392
3.979409029852832e-06,"{""config.json"":""cells/thin_s1_r1_off/config.json"",""curves.png"":""cells/thin_s1_r1_off/curves.png"",""decision"":""decision.json"",""error.png"":""cells/thin_s1_r1_off/error.png"",""field.npz"":""cells/thin_s1_r1_off/field.npz"",""gpu_occupancy"":""gpu_occupancy.jsonl"",""history.json"":""cells/thin_s1_r1_off/history.json"",""input_field.npz"":""cells/thin_s1_r1_off/input_field.npz"",""mask.npy"":""cells/thin_s1_r1_off/mask.npy"",""occupancy_after.json"":""cells/thin_s1_r1_off/occupancy_after.json"",""occupancy_before.json"":""cells/thin_s1_r1_off/occupancy_before.json"",""reconstruction.npy"":""cells/thin_s1_r1_off/reconstruction.npy"",""reconstruction.png"":""cells/thin_s1_r1_off/reconstruction.png"",""target.npy"":""cells/thin_s1_r1_off/target.npy"",""target.png"":""cells/thin_s1_r1_off/target.png""}",off,0,33554432,0.0,0,0,thin_s1_r1_off,1.1920928955078125e-07,shared_correctness,thin,99,48,0.5189412236213684,2.384185791015625e-07,0.3614520728588104,144,11625984,33554432,12.750145641774314,2609.3157147416086,1,1,25,53.88200617350345,ok,false,0.27029321100053494,51,1316556800
1.175733359559672e-06,"{""config.json"":""cells/thin_s1_r1_csr/config.json"",""curves.png"":""cells/thin_s1_r1_csr/curves.png"",""decision"":""decision.json"",""error.png"":""cells/thin_s1_r1_csr/error.png"",""field.npz"":""cells/thin_s1_r1_csr/field.npz"",""gpu_occupancy"":""gpu_occupancy.jsonl"",""history.json"":""cells/thin_s1_r1_csr/history.json"",""input_field.npz"":""cells/thin_s1_r1_csr/input_field.npz"",""mask.npy"":""cells/thin_s1_r1_csr/mask.npy"",""occupancy_after.json"":""cells/thin_s1_r1_csr/occupancy_after.json"",""occupancy_before.json"":""cells/thin_s1_r1_csr/occupancy_before.json"",""reconstruction.npy"":""cells/thin_s1_r1_csr/reconstruction.npy"",""reconstruction.png"":""cells/thin_s1_r1_csr/reconstruction.png"",""target.npy"":""cells/thin_s1_r1_csr/target.npy"",""target.png"":""cells/thin_s1_r1_csr/target.png""}",csr,0,33554432,0.0018823440004780423,1409208,53207,thin_s1_r1_csr,1.1920928955078125e-07,shared_correctness,thin,99,48,0.5189460515975952,2.384185791015625e-07,0.3614520728588104,144,9828352,33554432,12.750145639049927,2609.3157163784663,1,1,14,53.88200617350345,ok,false,0.12452626300000702,51,1332846592
3.979405391874025e-06,"{""config.json"":""cells/thin_s1_r1_scatter/config.json"",""curves.png"":""cells/thin_s1_r1_scatter/curves.png"",""decision"":""decision.json"",""error.png"":""cells/thin_s1_r1_scatter/error.png"",""field.npz"":""cells/thin_s1_r1_scatter/field.npz"",""gpu_occupancy"":""gpu_occupancy.jsonl"",""history.json"":""cells/thin_s1_r1_scatter/history.json"",""input_field.npz"":""cells/thin_s1_r1_scatter/input_field.npz"",""mask.npy"":""cells/thin_s1_r1_scatter/mask.npy"",""occupancy_after.json"":""cells/thin_s1_r1_scatter/occupancy_after.json"",""occupancy_before.json"":""cells/thin_s1_r1_scatter/occupancy_before.json"",""reconstruction.npy"":""cells/thin_s1_r1_scatter/reconstruction.npy"",""reconstruction.png"":""cells/thin_s1_r1_scatter/reconstruction.png"",""target.npy"":""cells/thin_s1_r1_scatter/target.npy"",""target.png"":""cells/thin_s1_r1_scatter/target.png""}",scatter,0,33554432,0.001242266000190284,1064140,53207,thin_s1_r1_scatter,1.1920928955078125e-07,shared_correctness,thin,99,48,0.5189408659934998,2.384185791015625e-07,0.3614520728588104,144,9828352,33554432,12.75014563871588,2609.3157165791677,1,1,27,53.88200617350345,ok,false,0.12107276999813621,51,1304891392
4.06984827350243e-06,"{""config.json"":""cells/thin_s1_r2_scatter/config.json"",""curves.png"":""cells/thin_s1_r2_scatter/curves.png"",""decision"":""decision.json"",""error.png"":""cells/thin_s1_r2_scatter/error.png"",""field.npz"":""cells/thin_s1_r2_scatter/field.npz"",""gpu_occupancy"":""gpu_occupancy.jsonl"",""history.json"":""cells/thin_s1_r2_scatter/history.json"",""input_field.npz"":""cells/thin_s1_r2_scatter/input_field.npz"",""mask.npy"":""cells/thin_s1_r2_scatter/mask.npy"",""occupancy_after.json"":""cells/thin_s1_r2_scatter/occupancy_after.json"",""occupancy_before.json"":""cells/thin_s1_r2_scatter/occupancy_before.json"",""reconstruction.npy"":""cells/thin_s1_r2_scatter/reconstruction.npy"",""reconstruction.png"":""cells/thin_s1_r2_scatter/reconstruction.png"",""target.npy"":""cells/thin_s1_r2_scatter/target.npy"",""target.png"":""cells/thin_s1_r2_scatter/target.png""}",scatter,0,33554432,0.0012885719988844357,1064140,53207,thin_s1_r2_scatter,1.1920928955078125e-07,shared_correctness,thin,99,48,0.5189428329467773,2.384185791015625e-07,0.36145177483558655,144,9828352,33554432,12.750145642280792,2609.315714437307,2,1,13,53.88200617350345,ok,false,0.11988684400057537,51,1332453376
4.52205404144479e-06,"{""config.json"":""cells/thin_s1_r2_off/config.json"",""curves.png"":""cells/thin_s1_r2_off/curves.png"",""decision"":""decision.json"",""error.png"":""cells/thin_s1_r2_off/error.png"",""field.npz"":""cells/thin_s1_r2_off/field.npz"",""gpu_occupancy"":""gpu_occupancy.jsonl"",""history.json"":""cells/thin_s1_r2_off/history.json"",""input_field.npz"":""cells/thin_s1_r2_off/input_field.npz"",""mask.npy"":""cells/thin_s1_r2_off/mask.npy"",""occupancy_after.json"":""cells/thin_s1_r2_off/occupancy_after.json"",""occupancy_before.json"":""cells/thin_s1_r2_off/occupancy_before.json"",""reconstruction.npy"":""cells/thin_s1_r2_off/reconstruction.npy"",""reconstruction.png"":""cells/thin_s1_r2_off/reconstruction.png"",""target.npy"":""cells/thin_s1_r2_off/target.npy"",""target.png"":""cells/thin_s1_r2_off/target.png""}",off,0,33554432,0.0,0,0,thin_s1_r2_off,1.1920928955078125e-07,shared_correctness,thin,99,48,0.5189464688301086,2.384185791015625e-07,0.3614521026611328,144,11625984,33554432,12.750145642334774,2609.3157144048746,2,1,38,53.88200617350345,ok,false,0.31354106000071624,51,1332015104
1.3566151437771623e-06,"{""config.json"":""cells/thin_s1_r2_csr/config.json"",""curves.png"":""cells/thin_s1_r2_csr/curves.png"",""decision"":""decision.json"",""error.png"":""cells/thin_s1_r2_csr/error.png"",""field.npz"":""cells/thin_s1_r2_csr/field.npz"",""gpu_occupancy"":""gpu_occupancy.jsonl"",""history.json"":""cells/thin_s1_r2_csr/history.json"",""input_field.npz"":""cells/thin_s1_r2_csr/input_field.npz"",""mask.npy"":""cells/thin_s1_r2_csr/mask.npy"",""occupancy_after.json"":""cells/thin_s1_r2_csr/occupancy_after.json"",""occupancy_before.json"":""cells/thin_s1_r2_csr/occupancy_before.json"",""reconstruction.npy"":""cells/thin_s1_r2_csr/reconstruction.npy"",""reconstruction.png"":""cells/thin_s1_r2_csr/reconstruction.png"",""target.npy"":""cells/thin_s1_r2_csr/target.npy"",""target.png"":""cells/thin_s1_r2_csr/target.png""}",csr,0,33554432,0.002209243000834249,1409208,53207,thin_s1_r2_csr,1.1920928955078125e-07,shared_correctness,thin,99,48,0.5189453363418579,2.384185791015625e-07,0.36145177483558655,144,9828352,33554432,12.75014563969274,2609.315715992253,2,1,13,53.88200617350345,ok,false,0.1619680870026059,51,1327575040
5.245582087809453e-06,"{""config.json"":""cells/thin_s1_r3_scatter/config.json"",""curves.png"":""cells/thin_s1_r3_scatter/curves.png"",""decision"":""decision.json"",""error.png"":""cells/thin_s1_r3_scatter/error.png"",""field.npz"":""cells/thin_s1_r3_scatter/field.npz"",""gpu_occupancy"":""gpu_occupancy.jsonl"",""history.json"":""cells/thin_s1_r3_scatter/history.json"",""input_field.npz"":""cells/thin_s1_r3_scatter/input_field.npz"",""mask.npy"":""cells/thin_s1_r3_scatter/mask.npy"",""occupancy_after.json"":""cells/thin_s1_r3_scatter/occupancy_after.json"",""occupancy_before.json"":""cells/thin_s1_r3_scatter/occupancy_before.json"",""reconstruction.npy"":""cells/thin_s1_r3_scatter/reconstruction.npy"",""reconstruction.png"":""cells/thin_s1_r3_scatter/reconstruction.png"",""target.npy"":""cells/thin_s1_r3_scatter/target.npy"",""target.png"":""cells/thin_s1_r3_scatter/target.png""}",scatter,0,33554432,0.00130400000125519,1064140,53207,thin_s1_r3_scatter,1.1920928955078125e-07,shared_correctness,thin,99,48,0.5189418196678162,2.384185791015625e-07,0.3614521026611328,144,9828352,33554432,12.75014564349938,2609.3157137051585,3,1,14,53.88200617350345,ok,false,0.148448740997992,51,1332424704
1.3566151437771623e-06,"{""config.json"":""cells/thin_s1_r3_csr/config.json"",""curves.png"":""cells/thin_s1_r3_csr/curves.png"",""decision"":""decision.json"",""error.png"":""cells/thin_s1_r3_csr/error.png"",""field.npz"":""cells/thin_s1_r3_csr/field.npz"",""gpu_occupancy"":""gpu_occupancy.jsonl"",""history.json"":""cells/thin_s1_r3_csr/history.json"",""input_field.npz"":""cells/thin_s1_r3_csr/input_field.npz"",""mask.npy"":""cells/thin_s1_r3_csr/mask.npy"",""occupancy_after.json"":""cells/thin_s1_r3_csr/occupancy_after.json"",""occupancy_before.json"":""cells/thin_s1_r3_csr/occupancy_before.json"",""reconstruction.npy"":""cells/thin_s1_r3_csr/reconstruction.npy"",""reconstruction.png"":""cells/thin_s1_r3_csr/reconstruction.png"",""target.npy"":""cells/thin_s1_r3_csr/target.npy"",""target.png"":""cells/thin_s1_r3_csr/target.png""}",csr,0,33554432,0.002108847998897545,1409208,53207,thin_s1_r3_csr,1.1920928955078125e-07,shared_correctness,thin,99,48,0.5189427137374878,2.384185791015625e-07,0.36145180463790894,144,9828352,33554432,12.750145639244641,2609.3157162614784,3,1,13,53.88200617350345,ok,false,0.1484755839992431,51,1307664384
3.4367649277555756e-06,"{""config.json"":""cells/thin_s1_r3_off/config.json"",""curves.png"":""cells/thin_s1_r3_off/curves.png"",""decision"":""decision.json"",""error.png"":""cells/thin_s1_r3_off/error.png"",""field.npz"":""cells/thin_s1_r3_off/field.npz"",""gpu_occupancy"":""gpu_occupancy.jsonl"",""history.json"":""cells/thin_s1_r3_off/history.json"",""input_field.npz"":""cells/thin_s1_r3_off/input_field.npz"",""mask.npy"":""cells/thin_s1_r3_off/mask.npy"",""occupancy_after.json"":""cells/thin_s1_r3_off/occupancy_after.json"",""occupancy_before.json"":""cells/thin_s1_r3_off/occupancy_before.json"",""reconstruction.npy"":""cells/thin_s1_r3_off/reconstruction.npy"",""reconstruction.png"":""cells/thin_s1_r3_off/reconstruction.png"",""target.npy"":""cells/thin_s1_r3_off/target.npy"",""target.png"":""cells/thin_s1_r3_off/target.png""}",off,0,33554432,0.0,0,0,thin_s1_r3_off,1.1920928955078125e-07,shared_correctness,thin,99,48,0.5189435482025146,2.384185791015625e-07,0.36145177483558655,144,11625984,33554432,12.750145641811537,2609.3157147192446,3,1,13,53.88200617350345,ok,false,0.2926941630030342,51,1341890560
1.085292410607508e-06,"{""config.json"":""cells/thin_s1_r4_csr/config.json"",""curves.png"":""cells/thin_s1_r4_csr/curves.png"",""decision"":""decision.json"",""error.png"":""cells/thin_s1_r4_csr/error.png"",""field.npz"":""cells/thin_s1_r4_csr/field.npz"",""gpu_occupancy"":""gpu_occupancy.jsonl"",""history.json"":""cells/thin_s1_r4_csr/history.json"",""input_field.npz"":""cells/thin_s1_r4_csr/input_field.npz"",""mask.npy"":""cells/thin_s1_r4_csr/mask.npy"",""occupancy_after.json"":""cells/thin_s1_r4_csr/occupancy_after.json"",""occupancy_before.json"":""cells/thin_s1_r4_csr/occupancy_before.json"",""reconstruction.npy"":""cells/thin_s1_r4_csr/reconstruction.npy"",""reconstruction.png"":""cells/thin_s1_r4_csr/reconstruction.png"",""target.npy"":""cells/thin_s1_r4_csr/target.npy"",""target.png"":""cells/thin_s1_r4_csr/target.png""}",csr,0,33554432,0.002046126002824167,1409208,53207,thin_s1_r4_csr,1.1920928955078125e-07,shared_correctness,thin,99,48,0.51894611120224,2.384185791015625e-07,0.36145177483558655,144,9828352,33554432,12.75014563936889,2609.315716186828,4,1,13,53.88200617350345,ok,false,0.14675170600094134,51,1328185344
6.149989076220663e-06,"{""config.json"":""cells/thin_s1_r4_off/config.json"",""curves.png"":""cells/thin_s1_r4_off/curves.png"",""decision"":""decision.json"",""error.png"":""cells/thin_s1_r4_off/error.png"",""field.npz"":""cells/thin_s1_r4_off/field.npz"",""gpu_occupancy"":""gpu_occupancy.jsonl"",""history.json"":""cells/thin_s1_r4_off/history.json"",""input_field.npz"":""cells/thin_s1_r4_off/input_field.npz"",""mask.npy"":""cells/thin_s1_r4_off/mask.npy"",""occupancy_after.json"":""cells/thin_s1_r4_off/occupancy_after.json"",""occupancy_before.json"":""cells/thin_s1_r4_off/occupancy_before.json"",""reconstruction.npy"":""cells/thin_s1_r4_off/reconstruction.npy"",""reconstruction.png"":""cells/thin_s1_r4_off/reconstruction.png"",""target.npy"":""cells/thin_s1_r4_off/target.npy"",""target.png"":""cells/thin_s1_r4_off/target.png""}",off,0,33554432,0.0,0,0,thin_s1_r4_off,1.1920928955078125e-07,shared_correctness,thin,99,48,0.5189474821090698,2.384185791015625e-07,0.3614520728588104,144,11625984,33554432,12.750145643114037,2609.3157139366795,4,1,45,53.88200617350345,ok,false,0.2953085910012305,51,1354952704
3.6176420508127194e-06,"{""config.json"":""cells/thin_s1_r4_scatter/config.json"",""curves.png"":""cells/thin_s1_r4_scatter/curves.png"",""decision"":""decision.json"",""error.png"":""cells/thin_s1_r4_scatter/error.png"",""field.npz"":""cells/thin_s1_r4_scatter/field.npz"",""gpu_occupancy"":""gpu_occupancy.jsonl"",""history.json"":""cells/thin_s1_r4_scatter/history.json"",""input_field.npz"":""cells/thin_s1_r4_scatter/input_field.npz"",""mask.npy"":""cells/thin_s1_r4_scatter/mask.npy"",""occupancy_after.json"":""cells/thin_s1_r4_scatter/occupancy_after.json"",""occupancy_before.json"":""cells/thin_s1_r4_scatter/occupancy_before.json"",""reconstruction.npy"":""cells/thin_s1_r4_scatter/reconstruction.npy"",""reconstruction.png"":""cells/thin_s1_r4_scatter/reconstruction.png"",""target.npy"":""cells/thin_s1_r4_scatter/target.npy"",""target.png"":""cells/thin_s1_r4_scatter/target.png""}",scatter,0,33554432,0.001240664001670666,1064140,53207,thin_s1_r4_scatter,1.1920928955078125e-07,shared_correctness,thin,99,48,0.5189421772956848,2.384185791015625e-07,0.36145204305648804,144,9828352,33554432,12.750145641971582,2609.315714623086,4,1,19,53.88200617350345,ok,false,0.14329417500266572,51,1303515136
1.085292410607508e-06,"{""config.json"":""cells/thin_s1_r5_csr/config.json"",""curves.png"":""cells/thin_s1_r5_csr/curves.png"",""decision"":""decision.json"",""error.png"":""cells/thin_s1_r5_csr/error.png"",""field.npz"":""cells/thin_s1_r5_csr/field.npz"",""gpu_occupancy"":""gpu_occupancy.jsonl"",""history.json"":""cells/thin_s1_r5_csr/history.json"",""input_field.npz"":""cells/thin_s1_r5_csr/input_field.npz"",""mask.npy"":""cells/thin_s1_r5_csr/mask.npy"",""occupancy_after.json"":""cells/thin_s1_r5_csr/occupancy_after.json"",""occupancy_before.json"":""cells/thin_s1_r5_csr/occupancy_before.json"",""reconstruction.npy"":""cells/thin_s1_r5_csr/reconstruction.npy"",""reconstruction.png"":""cells/thin_s1_r5_csr/reconstruction.png"",""target.npy"":""cells/thin_s1_r5_csr/target.npy"",""target.png"":""cells/thin_s1_r5_csr/target.png""}",csr,0,33554432,0.00198770699716988,1409208,53207,thin_s1_r5_csr,1.1920928955078125e-07,shared_correctness,thin,99,48,0.5189422369003296,2.384185791015625e-07,0.36145177483558655,144,9828352,33554432,12.750145640245076,2609.3157156604,5,1,13,53.88200617350345,ok,false,0.14104448199941544,51,1331953664
2.1705841390939895e-06,"{""config.json"":""cells/thin_s1_r5_scatter/config.json"",""curves.png"":""cells/thin_s1_r5_scatter/curves.png"",""decision"":""decision.json"",""error.png"":""cells/thin_s1_r5_scatter/error.png"",""field.npz"":""cells/thin_s1_r5_scatter/field.npz"",""gpu_occupancy"":""gpu_occupancy.jsonl"",""history.json"":""cells/thin_s1_r5_scatter/history.json"",""input_field.npz"":""cells/thin_s1_r5_scatter/input_field.npz"",""mask.npy"":""cells/thin_s1_r5_scatter/mask.npy"",""occupancy_after.json"":""cells/thin_s1_r5_scatter/occupancy_after.json"",""occupancy_before.json"":""cells/thin_s1_r5_scatter/occupancy_before.json"",""reconstruction.npy"":""cells/thin_s1_r5_scatter/reconstruction.npy"",""reconstruction.png"":""cells/thin_s1_r5_scatter/reconstruction.png"",""target.npy"":""cells/thin_s1_r5_scatter/target.npy"",""target.png"":""cells/thin_s1_r5_scatter/target.png""}",scatter,0,33554432,0.001287570001295535,1064140,53207,thin_s1_r5_scatter,1.1920928955078125e-07,shared_correctness,thin,99,48,0.5189459919929504,2.384185791015625e-07,0.3614520728588104,144,9828352,33554432,12.75014563766575,2609.315717210105,5,1,46,53.88200617350345,ok,false,0.14026212899989332,51,1304666112
4.70292934551253e-06,"{""config.json"":""cells/thin_s1_r5_off/config.json"",""curves.png"":""cells/thin_s1_r5_off/curves.png"",""decision"":""decision.json"",""error.png"":""cells/thin_s1_r5_off/error.png"",""field.npz"":""cells/thin_s1_r5_off/field.npz"",""gpu_occupancy"":""gpu_occupancy.jsonl"",""history.json"":""cells/thin_s1_r5_off/history.json"",""input_field.npz"":""cells/thin_s1_r5_off/input_field.npz"",""mask.npy"":""cells/thin_s1_r5_off/mask.npy"",""occupancy_after.json"":""cells/thin_s1_r5_off/occupancy_after.json"",""occupancy_before.json"":""cells/thin_s1_r5_off/occupancy_before.json"",""reconstruction.npy"":""cells/thin_s1_r5_off/reconstruction.npy"",""reconstruction.png"":""cells/thin_s1_r5_off/reconstruction.png"",""target.npy"":""cells/thin_s1_r5_off/target.npy"",""target.png"":""cells/thin_s1_r5_off/target.png""}",off,0,33554432,0.0,0,0,thin_s1_r5_off,1.1920928955078125e-07,shared_correctness,thin,99,48,0.5189448595046997,2.384185791015625e-07,0.3614521026611328,144,11625984,33554432,12.75014564325975,2609.315713849133,5,1,31,53.88200617350345,ok,false,0.3014881779999996,51,1331200000
2.4792816475383006e-06,"{""config.json"":""cells/thin_s2_r0_off/config.json"",""curves.png"":""cells/thin_s2_r0_off/curves.png"",""decision"":""decision.json"",""error.png"":""cells/thin_s2_r0_off/error.png"",""field.npz"":""cells/thin_s2_r0_off/field.npz"",""gpu_occupancy"":""gpu_occupancy.jsonl"",""history.json"":""cells/thin_s2_r0_off/history.json"",""input_field.npz"":""cells/thin_s2_r0_off/input_field.npz"",""mask.npy"":""cells/thin_s2_r0_off/mask.npy"",""occupancy_after.json"":""cells/thin_s2_r0_off/occupancy_after.json"",""occupancy_before.json"":""cells/thin_s2_r0_off/occupancy_before.json"",""reconstruction.npy"":""cells/thin_s2_r0_off/reconstruction.npy"",""reconstruction.png"":""cells/thin_s2_r0_off/reconstruction.png"",""target.npy"":""cells/thin_s2_r0_off/target.npy"",""target.png"":""cells/thin_s2_r0_off/target.png""}",off,0,33554432,0.0,0,0,thin_s2_r0_off,1.1920928955078125e-07,shared_correctness,thin,99,48,0.5875176191329956,2.384185791015625e-07,0.3555355668067932,144,10813440,33554432,12.49643181664551,2766.2919462935774,0,2,47,54.73590046465626,ok,false,0.29209851199993864,51,1326514176
2.564761871326482e-06,"{""config.json"":""cells/thin_s2_r0_scatter/config.json"",""curves.png"":""cells/thin_s2_r0_scatter/curves.png"",""decision"":""decision.json"",""error.png"":""cells/thin_s2_r0_scatter/error.png"",""field.npz"":""cells/thin_s2_r0_scatter/field.npz"",""gpu_occupancy"":""gpu_occupancy.jsonl"",""history.json"":""cells/thin_s2_r0_scatter/history.json"",""input_field.npz"":""cells/thin_s2_r0_scatter/input_field.npz"",""mask.npy"":""cells/thin_s2_r0_scatter/mask.npy"",""occupancy_after.json"":""cells/thin_s2_r0_scatter/occupancy_after.json"",""occupancy_before.json"":""cells/thin_s2_r0_scatter/occupancy_before.json"",""reconstruction.npy"":""cells/thin_s2_r0_scatter/reconstruction.npy"",""reconstruction.png"":""cells/thin_s2_r0_scatter/reconstruction.png"",""target.npy"":""cells/thin_s2_r0_scatter/target.npy"",""target.png"":""cells/thin_s2_r0_scatter/target.png""}",scatter,0,33554432,0.0013239290019555483,1061140,53057,thin_s2_r0_scatter,1.1920928955078125e-07,shared_correctness,thin,99,48,0.5875167846679688,2.384185791015625e-07,0.3555355668067932,144,9015808,33554432,12.496431819358147,2766.29194456573,0,2,47,54.73590046465626,ok,false,0.12629043699780595,51,1334120448
2.735744146775687e-06,"{""config.json"":""cells/thin_s2_r0_csr/config.json"",""curves.png"":""cells/thin_s2_r0_csr/curves.png"",""decision"":""decision.json"",""error.png"":""cells/thin_s2_r0_csr/error.png"",""field.npz"":""cells/thin_s2_r0_csr/field.npz"",""gpu_occupancy"":""gpu_occupancy.jsonl"",""history.json"":""cells/thin_s2_r0_csr/history.json"",""input_field.npz"":""cells/thin_s2_r0_csr/input_field.npz"",""mask.npy"":""cells/thin_s2_r0_csr/mask.npy"",""occupancy_after.json"":""cells/thin_s2_r0_csr/occupancy_after.json"",""occupancy_before.json"":""cells/thin_s2_r0_csr/occupancy_before.json"",""reconstruction.npy"":""cells/thin_s2_r0_csr/reconstruction.npy"",""reconstruction.png"":""cells/thin_s2_r0_csr/reconstruction.png"",""target.npy"":""cells/thin_s2_r0_csr/target.npy"",""target.png"":""cells/thin_s2_r0_csr/target.png""}",csr,0,33554432,0.0021111249989189673,1405608,53057,thin_s2_r0_csr,1.1920928955078125e-07,shared_correctness,thin,99,48,0.5875212550163269,2.384185791015625e-07,0.3555355668067932,144,9015808,33554432,12.496431816673667,2766.2919462756413,0,2,15,54.73590046465626,ok,false,0.1408768469991628,51,1318215680
3.505184167806874e-06,"{""config.json"":""cells/thin_s2_r1_off/config.json"",""curves.png"":""cells/thin_s2_r1_off/curves.png"",""decision"":""decision.json"",""error.png"":""cells/thin_s2_r1_off/error.png"",""field.npz"":""cells/thin_s2_r1_off/field.npz"",""gpu_occupancy"":""gpu_occupancy.jsonl"",""history.json"":""cells/thin_s2_r1_off/history.json"",""input_field.npz"":""cells/thin_s2_r1_off/input_field.npz"",""mask.npy"":""cells/thin_s2_r1_off/mask.npy"",""occupancy_after.json"":""cells/thin_s2_r1_off/occupancy_after.json"",""occupancy_before.json"":""cells/thin_s2_r1_off/occupancy_before.json"",""reconstruction.npy"":""cells/thin_s2_r1_off/reconstruction.npy"",""reconstruction.png"":""cells/thin_s2_r1_off/reconstruction.png"",""target.npy"":""cells/thin_s2_r1_off/target.npy"",""target.png"":""cells/thin_s2_r1_off/target.png""}",off,0,33554432,0.0,0,0,thin_s2_r1_off,1.1920928955078125e-07,shared_correctness,thin,99,48,0.5875306129455566,2.384185791015625e-07,0.3555355668067932,144,10813440,33554432,12.496431813951038,2766.291948009855,1,2,42,54.73590046465626,ok,false,0.28307198899710784,51,1327747072
2.3082841380528407e-06,"{""config.json"":""cells/thin_s2_r1_csr/config.json"",""curves.png"":""cells/thin_s2_r1_csr/curves.png"",""decision"":""decision.json"",""error.png"":""cells/thin_s2_r1_csr/error.png"",""field.npz"":""cells/thin_s2_r1_csr/field.npz"",""gpu_occupancy"":""gpu_occupancy.jsonl"",""history.json"":""cells/thin_s2_r1_csr/history.json"",""input_field.npz"":""cells/thin_s2_r1_csr/input_field.npz"",""mask.npy"":""cells/thin_s2_r1_csr/mask.npy"",""occupancy_after.json"":""cells/thin_s2_r1_csr/occupancy_after.json"",""occupancy_before.json"":""cells/thin_s2_r1_csr/occupancy_before.json"",""reconstruction.npy"":""cells/thin_s2_r1_csr/reconstruction.npy"",""reconstruction.png"":""cells/thin_s2_r1_csr/reconstruction.png"",""target.npy"":""cells/thin_s2_r1_csr/target.npy"",""target.png"":""cells/thin_s2_r1_csr/target.png""}",csr,0,33554432,0.0019656810000014957,1405608,53057,thin_s2_r1_csr,1.1920928955078125e-07,shared_correctness,thin,99,48,0.5875201225280762,2.384185791015625e-07,0.3555353879928589,144,9015808,33554432,12.49643182225613,2766.2919427198244,1,2,14,54.73590046465626,ok,false,0.1437086879996059,51,1341435904
1.8808241293299943e-06,"{""config.json"":""cells/thin_s2_r1_scatter/config.json"",""curves.png"":""cells/thin_s2_r1_scatter/curves.png"",""decision"":""decision.json"",""error.png"":""cells/thin_s2_r1_scatter/error.png"",""field.npz"":""cells/thin_s2_r1_scatter/field.npz"",""gpu_occupancy"":""gpu_occupancy.jsonl"",""history.json"":""cells/thin_s2_r1_scatter/history.json"",""input_field.npz"":""cells/thin_s2_r1_scatter/input_field.npz"",""mask.npy"":""cells/thin_s2_r1_scatter/mask.npy"",""occupancy_after.json"":""cells/thin_s2_r1_scatter/occupancy_after.json"",""occupancy_before.json"":""cells/thin_s2_r1_scatter/occupancy_before.json"",""reconstruction.npy"":""cells/thin_s2_r1_scatter/reconstruction.npy"",""reconstruction.png"":""cells/thin_s2_r1_scatter/reconstruction.png"",""target.npy"":""cells/thin_s2_r1_scatter/target.npy"",""target.png"":""cells/thin_s2_r1_scatter/target.png""}",scatter,0,33554432,0.001326038000115659,1061140,53057,thin_s2_r1_scatter,1.1920928955078125e-07,shared_correctness,thin,99,48,0.5875145196914673,2.384185791015625e-07,0.3555355966091156,144,9015808,33554432,12.49643181690245,2766.2919461299152,1,2,18,54.73590046465626,ok,false,0.142923930001416,51,1340706816
1.7953309452423127e-06,"{""config.json"":""cells/thin_s2_r2_scatter/config.json"",""curves.png"":""cells/thin_s2_r2_scatter/curves.png"",""decision"":""decision.json"",""error.png"":""cells/thin_s2_r2_scatter/error.png"",""field.npz"":""cells/thin_s2_r2_scatter/field.npz"",""gpu_occupancy"":""gpu_occupancy.jsonl"",""history.json"":""cells/thin_s2_r2_scatter/history.json"",""input_field.npz"":""cells/thin_s2_r2_scatter/input_field.npz"",""mask.npy"":""cells/thin_s2_r2_scatter/mask.npy"",""occupancy_after.json"":""cells/thin_s2_r2_scatter/occupancy_after.json"",""occupancy_before.json"":""cells/thin_s2_r2_scatter/occupancy_before.json"",""reconstruction.npy"":""cells/thin_s2_r2_scatter/reconstruction.npy"",""reconstruction.png"":""cells/thin_s2_r2_scatter/reconstruction.png"",""target.npy"":""cells/thin_s2_r2_scatter/target.npy"",""target.png"":""cells/thin_s2_r2_scatter/target.png""}",scatter,0,33554432,0.0013216629995440599,1061140,53057,thin_s2_r2_scatter,1.1920928955078125e-07,shared_correctness,thin,99,48,0.5875200033187866,2.384185791015625e-07,0.3555355668067932,144,9015808,33554432,12.496431818812306,2766.29194491341,2,2,32,54.73590046465626,ok,false,0.14494256999751087,51,1337503744
6.839364914412727e-07,"{""config.json"":""cells/thin_s2_r2_off/config.json"",""curves.png"":""cells/thin_s2_r2_off/curves.png"",""decision"":""decision.json"",""error.png"":""cells/thin_s2_r2_off/error.png"",""field.npz"":""cells/thin_s2_r2_off/field.npz"",""gpu_occupancy"":""gpu_occupancy.jsonl"",""history.json"":""cells/thin_s2_r2_off/history.json"",""input_field.npz"":""cells/thin_s2_r2_off/input_field.npz"",""mask.npy"":""cells/thin_s2_r2_off/mask.npy"",""occupancy_after.json"":""cells/thin_s2_r2_off/occupancy_after.json"",""occupancy_before.json"":""cells/thin_s2_r2_off/occupancy_before.json"",""reconstruction.npy"":""cells/thin_s2_r2_off/reconstruction.npy"",""reconstruction.png"":""cells/thin_s2_r2_off/reconstruction.png"",""target.npy"":""cells/thin_s2_r2_off/target.npy"",""target.png"":""cells/thin_s2_r2_off/target.png""}",off,0,33554432,0.0,0,0,thin_s2_r2_off,1.1920928955078125e-07,shared_correctness,thin,99,48,0.5875188112258911,2.384185791015625e-07,0.3555355668067932,144,10813440,33554432,12.496431818235267,2766.2919452809615,2,2,36,54.73590046465626,ok,false,0.28430944299907424,51,1307004928
2.564760279710754e-06,"{""config.json"":""cells/thin_s2_r2_csr/config.json"",""curves.png"":""cells/thin_s2_r2_csr/curves.png"",""decision"":""decision.json"",""error.png"":""cells/thin_s2_r2_csr/error.png"",""field.npz"":""cells/thin_s2_r2_csr/field.npz"",""gpu_occupancy"":""gpu_occupancy.jsonl"",""history.json"":""cells/thin_s2_r2_csr/history.json"",""input_field.npz"":""cells/thin_s2_r2_csr/input_field.npz"",""mask.npy"":""cells/thin_s2_r2_csr/mask.npy"",""occupancy_after.json"":""cells/thin_s2_r2_csr/occupancy_after.json"",""occupancy_before.json"":""cells/thin_s2_r2_csr/occupancy_before.json"",""reconstruction.npy"":""cells/thin_s2_r2_csr/reconstruction.npy"",""reconstruction.png"":""cells/thin_s2_r2_csr/reconstruction.png"",""target.npy"":""cells/thin_s2_r2_csr/target.npy"",""target.png"":""cells/thin_s2_r2_csr/target.png""}",csr,0,33554432,0.001933834999363171,1405608,53057,thin_s2_r2_csr,1.1920928955078125e-07,shared_correctness,thin,99,48,0.5875198245048523,2.384185791015625e-07,0.3555355966091156,144,9015808,33554432,12.496431820028157,2766.2919441389586,2,2,15,54.73590046465626,ok,false,0.1428355099997134,51,1330401280
2.393777776887873e-06,"{""config.json"":""cells/thin_s2_r3_scatter/config.json"",""curves.png"":""cells/thin_s2_r3_scatter/curves.png"",""decision"":""decision.json"",""error.png"":""cells/thin_s2_r3_scatter/error.png"",""field.npz"":""cells/thin_s2_r3_scatter/field.npz"",""gpu_occupancy"":""gpu_occupancy.jsonl"",""history.json"":""cells/thin_s2_r3_scatter/history.json"",""input_field.npz"":""cells/thin_s2_r3_scatter/input_field.npz"",""mask.npy"":""cells/thin_s2_r3_scatter/mask.npy"",""occupancy_after.json"":""cells/thin_s2_r3_scatter/occupancy_after.json"",""occupancy_before.json"":""cells/thin_s2_r3_scatter/occupancy_before.json"",""reconstruction.npy"":""cells/thin_s2_r3_scatter/reconstruction.npy"",""reconstruction.png"":""cells/thin_s2_r3_scatter/reconstruction.png"",""target.npy"":""cells/thin_s2_r3_scatter/target.npy"",""target.png"":""cells/thin_s2_r3_scatter/target.png""}",scatter,0,33554432,0.0012742420003633015,1061140,53057,thin_s2_r3_scatter,1.1920928955078125e-07,shared_correctness,thin,99,48,0.5875142216682434,2.384185791015625e-07,0.3555355668067932,144,9015808,33554432,12.496431816663938,2766.2919462818395,3,2,47,54.73590046465626,ok,false,0.1369606609987386,51,1346519040
2.1373002709879074e-06,"{""config.json"":""cells/thin_s2_r3_csr/config.json"",""curves.png"":""cells/thin_s2_r3_csr/curves.png"",""decision"":""decision.json"",""error.png"":""cells/thin_s2_r3_csr/error.png"",""field.npz"":""cells/thin_s2_r3_csr/field.npz"",""gpu_occupancy"":""gpu_occupancy.jsonl"",""history.json"":""cells/thin_s2_r3_csr/history.json"",""input_field.npz"":""cells/thin_s2_r3_csr/input_field.npz"",""mask.npy"":""cells/thin_s2_r3_csr/mask.npy"",""occupancy_after.json"":""cells/thin_s2_r3_csr/occupancy_after.json"",""occupancy_before.json"":""cells/thin_s2_r3_csr/occupancy_before.json"",""reconstruction.npy"":""cells/thin_s2_r3_csr/reconstruction.npy"",""reconstruction.png"":""cells/thin_s2_r3_csr/reconstruction.png"",""target.npy"":""cells/thin_s2_r3_csr/target.npy"",""target.png"":""cells/thin_s2_r3_csr/target.png""}",csr,0,33554432,0.002128361000359291,1405608,53057,thin_s2_r3_csr,1.1920928955078125e-07,shared_correctness,thin,99,48,0.5875155329704285,2.384185791015625e-07,0.3555355668067932,144,9015808,33554432,12.496431820207768,2766.2919440245532,3,2,15,54.73590046465626,ok,false,0.14623018600104842,51,1326153728
8.54923598581081e-08,"{""config.json"":""cells/thin_s2_r3_off/config.json"",""curves.png"":""cells/thin_s2_r3_off/curves.png"",""decision"":""decision.json"",""error.png"":""cells/thin_s2_r3_off/error.png"",""field.npz"":""cells/thin_s2_r3_off/field.npz"",""gpu_occupancy"":""gpu_occupancy.jsonl"",""history.json"":""cells/thin_s2_r3_off/history.json"",""input_field.npz"":""cells/thin_s2_r3_off/input_field.npz"",""mask.npy"":""cells/thin_s2_r3_off/mask.npy"",""occupancy_after.json"":""cells/thin_s2_r3_off/occupancy_after.json"",""occupancy_before.json"":""cells/thin_s2_r3_off/occupancy_before.json"",""reconstruction.npy"":""cells/thin_s2_r3_off/reconstruction.npy"",""reconstruction.png"":""cells/thin_s2_r3_off/reconstruction.png"",""target.npy"":""cells/thin_s2_r3_off/target.npy"",""target.png"":""cells/thin_s2_r3_off/target.png""}",off,0,33554432,0.0,0,0,thin_s2_r3_off,1.1920928955078125e-07,shared_correctness,thin,99,48,0.5875208377838135,2.384185791015625e-07,0.355535626411438,144,10813440,33554432,12.496431820066181,2766.2919441147396,3,2,32,54.73590046465626,ok,false,0.29032476599968504,51,1351454720
1.8808241293299943e-06,"{""config.json"":""cells/thin_s2_r4_csr/config.json"",""curves.png"":""cells/thin_s2_r4_csr/curves.png"",""decision"":""decision.json"",""error.png"":""cells/thin_s2_r4_csr/error.png"",""field.npz"":""cells/thin_s2_r4_csr/field.npz"",""gpu_occupancy"":""gpu_occupancy.jsonl"",""history.json"":""cells/thin_s2_r4_csr/history.json"",""input_field.npz"":""cells/thin_s2_r4_csr/input_field.npz"",""mask.npy"":""cells/thin_s2_r4_csr/mask.npy"",""occupancy_after.json"":""cells/thin_s2_r4_csr/occupancy_after.json"",""occupancy_before.json"":""cells/thin_s2_r4_csr/occupancy_before.json"",""reconstruction.npy"":""cells/thin_s2_r4_csr/reconstruction.npy"",""reconstruction.png"":""cells/thin_s2_r4_csr/reconstruction.png"",""target.npy"":""cells/thin_s2_r4_csr/target.npy"",""target.png"":""cells/thin_s2_r4_csr/target.png""}",csr,0,33554432,0.0019143320023431443,1405608,53057,thin_s2_r4_csr,1.1920928955078125e-07,shared_correctness,thin,99,48,0.5875228047370911,2.384185791015625e-07,0.3555353283882141,144,9015808,33554432,12.496431822273218,2766.2919427089405,4,2,14,54.73590046465626,ok,false,0.14405417799935094,51,1304965120
8.549218222242416e-08,"{""config.json"":""cells/thin_s2_r4_off/config.json"",""curves.png"":""cells/thin_s2_r4_off/curves.png"",""decision"":""decision.json"",""error.png"":""cells/thin_s2_r4_off/error.png"",""field.npz"":""cells/thin_s2_r4_off/field.npz"",""gpu_occupancy"":""gpu_occupancy.jsonl"",""history.json"":""cells/thin_s2_r4_off/history.json"",""input_field.npz"":""cells/thin_s2_r4_off/input_field.npz"",""mask.npy"":""cells/thin_s2_r4_off/mask.npy"",""occupancy_after.json"":""cells/thin_s2_r4_off/occupancy_after.json"",""occupancy_before.json"":""cells/thin_s2_r4_off/occupancy_before.json"",""reconstruction.npy"":""cells/thin_s2_r4_off/reconstruction.npy"",""reconstruction.png"":""cells/thin_s2_r4_off/reconstruction.png"",""target.npy"":""cells/thin_s2_r4_off/target.npy"",""target.png"":""cells/thin_s2_r4_off/target.png""}",off,0,33554432,0.0,0,0,thin_s2_r4_off,1.1920928955078125e-07,shared_correctness,thin,99,48,0.5875151753425598,2.384185791015625e-07,0.3555355668067932,144,10813440,33554432,12.496431816462792,2766.2919464099623,4,2,45,54.73590046465626,ok,false,0.2847719990022597,51,1334579200
2.5647607344581047e-06,"{""config.json"":""cells/thin_s2_r4_scatter/config.json"",""curves.png"":""cells/thin_s2_r4_scatter/curves.png"",""decision"":""decision.json"",""error.png"":""cells/thin_s2_r4_scatter/error.png"",""field.npz"":""cells/thin_s2_r4_scatter/field.npz"",""gpu_occupancy"":""gpu_occupancy.jsonl"",""history.json"":""cells/thin_s2_r4_scatter/history.json"",""input_field.npz"":""cells/thin_s2_r4_scatter/input_field.npz"",""mask.npy"":""cells/thin_s2_r4_scatter/mask.npy"",""occupancy_after.json"":""cells/thin_s2_r4_scatter/occupancy_after.json"",""occupancy_before.json"":""cells/thin_s2_r4_scatter/occupancy_before.json"",""reconstruction.npy"":""cells/thin_s2_r4_scatter/reconstruction.npy"",""reconstruction.png"":""cells/thin_s2_r4_scatter/reconstruction.png"",""target.npy"":""cells/thin_s2_r4_scatter/target.npy"",""target.png"":""cells/thin_s2_r4_scatter/target.png""}",scatter,0,33554432,0.001259157001186395,1061140,53057,thin_s2_r4_scatter,1.1920928955078125e-07,shared_correctness,thin,99,48,0.5875161290168762,2.384185791015625e-07,0.3555355668067932,144,9015808,33554432,12.496431816350595,2766.2919464814267,4,2,33,54.73590046465626,ok,false,0.12641852800152265,51,1303003136
2.564760279710754e-06,"{""config.json"":""cells/thin_s2_r5_csr/config.json"",""curves.png"":""cells/thin_s2_r5_csr/curves.png"",""decision"":""decision.json"",""error.png"":""cells/thin_s2_r5_csr/error.png"",""field.npz"":""cells/thin_s2_r5_csr/field.npz"",""gpu_occupancy"":""gpu_occupancy.jsonl"",""history.json"":""cells/thin_s2_r5_csr/history.json"",""input_field.npz"":""cells/thin_s2_r5_csr/input_field.npz"",""mask.npy"":""cells/thin_s2_r5_csr/mask.npy"",""occupancy_after.json"":""cells/thin_s2_r5_csr/occupancy_after.json"",""occupancy_before.json"":""cells/thin_s2_r5_csr/occupancy_before.json"",""reconstruction.npy"":""cells/thin_s2_r5_csr/reconstruction.npy"",""reconstruction.png"":""cells/thin_s2_r5_csr/reconstruction.png"",""target.npy"":""cells/thin_s2_r5_csr/target.npy"",""target.png"":""cells/thin_s2_r5_csr/target.png""}",csr,0,33554432,0.00225899400174967,1405608,53057,thin_s2_r5_csr,1.1920928955078125e-07,shared_correctness,thin,99,48,0.5875185132026672,2.384185791015625e-07,0.3555355966091156,144,9015808,33554432,12.496431818719982,2766.2919449722176,5,2,15,54.73590046465626,ok,false,0.14560444400194683,51,1305116672
3.419689562633721e-07,"{""config.json"":""cells/thin_s2_r5_scatter/config.json"",""curves.png"":""cells/thin_s2_r5_scatter/curves.png"",""decision"":""decision.json"",""error.png"":""cells/thin_s2_r5_scatter/error.png"",""field.npz"":""cells/thin_s2_r5_scatter/field.npz"",""gpu_occupancy"":""gpu_occupancy.jsonl"",""history.json"":""cells/thin_s2_r5_scatter/history.json"",""input_field.npz"":""cells/thin_s2_r5_scatter/input_field.npz"",""mask.npy"":""cells/thin_s2_r5_scatter/mask.npy"",""occupancy_after.json"":""cells/thin_s2_r5_scatter/occupancy_after.json"",""occupancy_before.json"":""cells/thin_s2_r5_scatter/occupancy_before.json"",""reconstruction.npy"":""cells/thin_s2_r5_scatter/reconstruction.npy"",""reconstruction.png"":""cells/thin_s2_r5_scatter/reconstruction.png"",""target.npy"":""cells/thin_s2_r5_scatter/target.npy"",""target.png"":""cells/thin_s2_r5_scatter/target.png""}",scatter,0,33554432,0.001296457998250844,1061140,53057,thin_s2_r5_scatter,1.1920928955078125e-07,shared_correctness,thin,99,48,0.5875189304351807,2.384185791015625e-07,0.3555355966091156,144,9015808,33554432,12.496431820062252,2766.2919441172407,5,2,16,54.73590046465626,ok,false,0.14753954999832786,51,1306714112
6.924852641532198e-06,"{""config.json"":""cells/thin_s2_r5_off/config.json"",""curves.png"":""cells/thin_s2_r5_off/curves.png"",""decision"":""decision.json"",""error.png"":""cells/thin_s2_r5_off/error.png"",""field.npz"":""cells/thin_s2_r5_off/field.npz"",""gpu_occupancy"":""gpu_occupancy.jsonl"",""history.json"":""cells/thin_s2_r5_off/history.json"",""input_field.npz"":""cells/thin_s2_r5_off/input_field.npz"",""mask.npy"":""cells/thin_s2_r5_off/mask.npy"",""occupancy_after.json"":""cells/thin_s2_r5_off/occupancy_after.json"",""occupancy_before.json"":""cells/thin_s2_r5_off/occupancy_before.json"",""reconstruction.npy"":""cells/thin_s2_r5_off/reconstruction.npy"",""reconstruction.png"":""cells/thin_s2_r5_off/reconstruction.png"",""target.npy"":""cells/thin_s2_r5_off/target.npy"",""target.png"":""cells/thin_s2_r5_off/target.png""}",off,0,33554432,0.0,0,0,thin_s2_r5_off,1.1920928955078125e-07,shared_correctness,thin,99,48,0.5875239372253418,2.384185791015625e-07,0.3555353283882141,144,10813440,33554432,12.496431819565048,2766.2919444339414,5,2,14,54.73590046465626,ok,false,0.30123347799963085,51,1321103360
1.169975575976423e-06,"{""config.json"":""cells/irregular_s0_r0_off/config.json"",""curves.png"":""cells/irregular_s0_r0_off/curves.png"",""decision"":""decision.json"",""error.png"":""cells/irregular_s0_r0_off/error.png"",""field.npz"":""cells/irregular_s0_r0_off/field.npz"",""gpu_occupancy"":""gpu_occupancy.jsonl"",""history.json"":""cells/irregular_s0_r0_off/history.json"",""input_field.npz"":""cells/irregular_s0_r0_off/input_field.npz"",""mask.npy"":""cells/irregular_s0_r0_off/mask.npy"",""occupancy_after.json"":""cells/irregular_s0_r0_off/occupancy_after.json"",""occupancy_before.json"":""cells/irregular_s0_r0_off/occupancy_before.json"",""reconstruction.npy"":""cells/irregular_s0_r0_off/reconstruction.npy"",""reconstruction.png"":""cells/irregular_s0_r0_off/reconstruction.png"",""target.npy"":""cells/irregular_s0_r0_off/target.npy"",""target.png"":""cells/irregular_s0_r0_off/target.png""}",off,0,33554432,0.0,0,0,irregular_s0_r0_off,5.960464477539063e-08,shared_correctness,irregular,99,48,0.33349084854125977,5.960464477539063e-08,0.5920206904411316,144,8185856,33554432,11.965334359420252,1793.3682156766495,0,0,0,43.89372724168523,ok,false,0.251438244999008,51,1300492288
7.312345360332984e-07,"{""config.json"":""cells/irregular_s0_r0_scatter/config.json"",""curves.png"":""cells/irregular_s0_r0_scatter/curves.png"",""decision"":""decision.json"",""error.png"":""cells/irregular_s0_r0_scatter/error.png"",""field.npz"":""cells/irregular_s0_r0_scatter/field.npz"",""gpu_occupancy"":""gpu_occupancy.jsonl"",""history.json"":""cells/irregular_s0_r0_scatter/history.json"",""input_field.npz"":""cells/irregular_s0_r0_scatter/input_field.npz"",""mask.npy"":""cells/irregular_s0_r0_scatter/mask.npy"",""occupancy_after.json"":""cells/irregular_s0_r0_scatter/occupancy_after.json"",""occupancy_before.json"":""cells/irregular_s0_r0_scatter/occupancy_before.json"",""reconstruction.npy"":""cells/irregular_s0_r0_scatter/reconstruction.npy"",""reconstruction.png"":""cells/irregular_s0_r0_scatter/reconstruction.png"",""target.npy"":""cells/irregular_s0_r0_scatter/target.npy"",""target.png"":""cells/irregular_s0_r0_scatter/target.png""}",scatter,0,33554432,0.0012019360001431778,844220,42211,irregular_s0_r0_scatter,5.960464477539063e-08,shared_correctness,irregular,99,48,0.33349084854125977,5.960464477539063e-08,0.5920206904411316,144,6388224,33554432,11.965334362295327,1793.3682144894217,0,0,0,43.89372724168523,ok,false,0.12108891000025324,51,1305702400
1.3162222103346721e-06,"{""config.json"":""cells/irregular_s0_r0_csr/config.json"",""curves.png"":""cells/irregular_s0_r0_csr/curves.png"",""decision"":""decision.json"",""error.png"":""cells/irregular_s0_r0_csr/error.png"",""field.npz"":""cells/irregular_s0_r0_csr/field.npz"",""gpu_occupancy"":""gpu_occupancy.jsonl"",""history.json"":""cells/irregular_s0_r0_csr/history.json"",""input_field.npz"":""cells/irregular_s0_r0_csr/input_field.npz"",""mask.npy"":""cells/irregular_s0_r0_csr/mask.npy"",""occupancy_after.json"":""cells/irregular_s0_r0_csr/occupancy_after.json"",""occupancy_before.json"":""cells/irregular_s0_r0_csr/occupancy_before.json"",""reconstruction.npy"":""cells/irregular_s0_r0_csr/reconstruction.npy"",""reconstruction.png"":""cells/irregular_s0_r0_csr/reconstruction.png"",""target.npy"":""cells/irregular_s0_r0_csr/target.npy"",""target.png"":""cells/irregular_s0_r0_csr/target.png""}",csr,0,33554432,0.0019016070000361651,1145304,42211,irregular_s0_r0_csr,5.960464477539063e-08,shared_correctness,irregular,99,48,0.33349084854125977,5.960464477539063e-08,0.5920206904411316,144,6388224,33554432,11.965334359622785,1793.3682155930153,0,0,0,43.89372724168523,ok,false,0.1287532270034717,51,1317842944
4.387406420391926e-07,"{""config.json"":""cells/irregular_s0_r1_off/config.json"",""curves.png"":""cells/irregular_s0_r1_off/curves.png"",""decision"":""decision.json"",""error.png"":""cells/irregular_s0_r1_off/error.png"",""field.npz"":""cells/irregular_s0_r1_off/field.npz"",""gpu_occupancy"":""gpu_occupancy.jsonl"",""history.json"":""cells/irregular_s0_r1_off/history.json"",""input_field.npz"":""cells/irregular_s0_r1_off/input_field.npz"",""mask.npy"":""cells/irregular_s0_r1_off/mask.npy"",""occupancy_after.json"":""cells/irregular_s0_r1_off/occupancy_after.json"",""occupancy_before.json"":""cells/irregular_s0_r1_off/occupancy_before.json"",""reconstruction.npy"":""cells/irregular_s0_r1_off/reconstruction.npy"",""reconstruction.png"":""cells/irregular_s0_r1_off/reconstruction.png"",""target.npy"":""cells/irregular_s0_r1_off/target.npy"",""target.png"":""cells/irregular_s0_r1_off/target.png""}",off,0,33554432,0.0,0,0,irregular_s0_r1_off,5.960464477539063e-08,shared_correctness,irregular,99,48,0.33349084854125977,5.960464477539063e-08,0.5920206904411316,144,8185856,33554432,11.965334358622153,1793.3682160062149,1,0,0,43.89372724168523,ok,false,0.25426637399868923,51,1301426176
1.3162222103346721e-06,"{""config.json"":""cells/irregular_s0_r1_csr/config.json"",""curves.png"":""cells/irregular_s0_r1_csr/curves.png"",""decision"":""decision.json"",""error.png"":""cells/irregular_s0_r1_csr/error.png"",""field.npz"":""cells/irregular_s0_r1_csr/field.npz"",""gpu_occupancy"":""gpu_occupancy.jsonl"",""history.json"":""cells/irregular_s0_r1_csr/history.json"",""input_field.npz"":""cells/irregular_s0_r1_csr/input_field.npz"",""mask.npy"":""cells/irregular_s0_r1_csr/mask.npy"",""occupancy_after.json"":""cells/irregular_s0_r1_csr/occupancy_after.json"",""occupancy_before.json"":""cells/irregular_s0_r1_csr/occupancy_before.json"",""reconstruction.npy"":""cells/irregular_s0_r1_csr/reconstruction.npy"",""reconstruction.png"":""cells/irregular_s0_r1_csr/reconstruction.png"",""target.npy"":""cells/irregular_s0_r1_csr/target.npy"",""target.png"":""cells/irregular_s0_r1_csr/target.png""}",csr,0,33554432,0.001981651999813039,1145304,42211,irregular_s0_r1_csr,5.960464477539063e-08,shared_correctness,irregular,99,48,0.3334900438785553,5.960464477539063e-08,0.5920206904411316,144,6388224,33554432,11.965334360696813,1793.3682151495082,1,0,0,43.89372724168523,ok,false,0.12751275000118767,51,1329762304
3.656174953903246e-07,"{""config.json"":""cells/irregular_s0_r1_scatter/config.json"",""curves.png"":""cells/irregular_s0_r1_scatter/curves.png"",""decision"":""decision.json"",""error.png"":""cells/irregular_s0_r1_scatter/error.png"",""field.npz"":""cells/irregular_s0_r1_scatter/field.npz"",""gpu_occupancy"":""gpu_occupancy.jsonl"",""history.json"":""cells/irregular_s0_r1_scatter/history.json"",""input_field.npz"":""cells/irregular_s0_r1_scatter/input_field.npz"",""mask.npy"":""cells/irregular_s0_r1_scatter/mask.npy"",""occupancy_after.json"":""cells/irregular_s0_r1_scatter/occupancy_after.json"",""occupancy_before.json"":""cells/irregular_s0_r1_scatter/occupancy_before.json"",""reconstruction.npy"":""cells/irregular_s0_r1_scatter/reconstruction.npy"",""reconstruction.png"":""cells/irregular_s0_r1_scatter/reconstruction.png"",""target.npy"":""cells/irregular_s0_r1_scatter/target.npy"",""target.png"":""cells/irregular_s0_r1_scatter/target.png""}",scatter,0,33554432,0.0012897579981654417,844220,42211,irregular_s0_r1_scatter,5.960464477539063e-08,shared_correctness,irregular,99,48,0.33349084854125977,5.960464477539063e-08,0.5920206904411316,144,6388224,33554432,11.965334360395525,1793.3682152739214,1,0,0,43.89372724168523,ok,false,0.12358392999885837,51,1304080384
2.9249372346384916e-07,"{""config.json"":""cells/irregular_s0_r2_scatter/config.json"",""curves.png"":""cells/irregular_s0_r2_scatter/curves.png"",""decision"":""decision.json"",""error.png"":""cells/irregular_s0_r2_scatter/error.png"",""field.npz"":""cells/irregular_s0_r2_scatter/field.npz"",""gpu_occupancy"":""gpu_occupancy.jsonl"",""history.json"":""cells/irregular_s0_r2_scatter/history.json"",""input_field.npz"":""cells/irregular_s0_r2_scatter/input_field.npz"",""mask.npy"":""cells/irregular_s0_r2_scatter/mask.npy"",""occupancy_after.json"":""cells/irregular_s0_r2_scatter/occupancy_after.json"",""occupancy_before.json"":""cells/irregular_s0_r2_scatter/occupancy_before.json"",""reconstruction.npy"":""cells/irregular_s0_r2_scatter/reconstruction.npy"",""reconstruction.png"":""cells/irregular_s0_r2_scatter/reconstruction.png"",""target.npy"":""cells/irregular_s0_r2_scatter/target.npy"",""target.png"":""cells/irregular_s0_r2_scatter/target.png""}",scatter,0,33554432,0.0012367549970804248,844220,42211,irregular_s0_r2_scatter,5.960464477539063e-08,shared_correctness,irregular,99,48,0.3334900438785553,5.960464477539063e-08,0.5920206904411316,144,6388224,33554432,11.965334362621231,1793.3682143548422,2,0,0,43.89372724168523,ok,false,0.11852682099925005,51,1326936064
1.462469612079076e-07,"{""config.json"":""cells/irregular_s0_r2_off/config.json"",""curves.png"":""cells/irregular_s0_r2_off/curves.png"",""decision"":""decision.json"",""error.png"":""cells/irregular_s0_r2_off/error.png"",""field.npz"":""cells/irregular_s0_r2_off/field.npz"",""gpu_occupancy"":""gpu_occupancy.jsonl"",""history.json"":""cells/irregular_s0_r2_off/history.json"",""input_field.npz"":""cells/irregular_s0_r2_off/input_field.npz"",""mask.npy"":""cells/irregular_s0_r2_off/mask.npy"",""occupancy_after.json"":""cells/irregular_s0_r2_off/occupancy_after.json"",""occupancy_before.json"":""cells/irregular_s0_r2_off/occupancy_before.json"",""reconstruction.npy"":""cells/irregular_s0_r2_off/reconstruction.npy"",""reconstruction.png"":""cells/irregular_s0_r2_off/reconstruction.png"",""target.npy"":""cells/irregular_s0_r2_off/target.npy"",""target.png"":""cells/irregular_s0_r2_off/target.png""}",off,0,33554432,0.0,0,0,irregular_s0_r2_off,5.960464477539063e-08,shared_correctness,irregular,99,48,0.33349084854125977,5.960464477539063e-08,0.5920206904411316,144,8185856,33554432,11.965334361320545,1793.368214891945,2,0,0,43.89372724168523,ok,false,0.24334951000128058,51,1340968960
1.3162222103346721e-06,"{""config.json"":""cells/irregular_s0_r2_csr/config.json"",""curves.png"":""cells/irregular_s0_r2_csr/curves.png"",""decision"":""decision.json"",""error.png"":""cells/irregular_s0_r2_csr/error.png"",""field.npz"":""cells/irregular_s0_r2_csr/field.npz"",""gpu_occupancy"":""gpu_occupancy.jsonl"",""history.json"":""cells/irregular_s0_r2_csr/history.json"",""input_field.npz"":""cells/irregular_s0_r2_csr/input_field.npz"",""mask.npy"":""cells/irregular_s0_r2_csr/mask.npy"",""occupancy_after.json"":""cells/irregular_s0_r2_csr/occupancy_after.json"",""occupancy_before.json"":""cells/irregular_s0_r2_csr/occupancy_before.json"",""reconstruction.npy"":""cells/irregular_s0_r2_csr/reconstruction.npy"",""reconstruction.png"":""cells/irregular_s0_r2_csr/reconstruction.png"",""target.npy"":""cells/irregular_s0_r2_csr/target.npy"",""target.png"":""cells/irregular_s0_r2_csr/target.png""}",csr,0,33554432,0.0018209549998573493,1145304,42211,irregular_s0_r2_csr,5.960464477539063e-08,shared_correctness,irregular,99,48,0.33349084854125977,5.960464477539063e-08,0.5920206904411316,144,6388224,33554432,11.96533436354953,1793.3682139715118,2,0,0,43.89372724168523,ok,false,0.11923649100208422,51,1328807936
2.1205808025115402e-06,"{""config.json"":""cells/irregular_s0_r3_scatter/config.json"",""curves.png"":""cells/irregular_s0_r3_scatter/curves.png"",""decision"":""decision.json"",""error.png"":""cells/irregular_s0_r3_scatter/error.png"",""field.npz"":""cells/irregular_s0_r3_scatter/field.npz"",""gpu_occupancy"":""gpu_occupancy.jsonl"",""history.json"":""cells/irregular_s0_r3_scatter/history.json"",""input_field.npz"":""cells/irregular_s0_r3_scatter/input_field.npz"",""mask.npy"":""cells/irregular_s0_r3_scatter/mask.npy"",""occupancy_after.json"":""cells/irregular_s0_r3_scatter/occupancy_after.json"",""occupancy_before.json"":""cells/irregular_s0_r3_scatter/occupancy_before.json"",""reconstruction.npy"":""cells/irregular_s0_r3_scatter/reconstruction.npy"",""reconstruction.png"":""cells/irregular_s0_r3_scatter/reconstruction.png"",""target.npy"":""cells/irregular_s0_r3_scatter/target.npy"",""target.png"":""cells/irregular_s0_r3_scatter/target.png""}",scatter,0,33554432,0.001134706999437185,844220,42211,irregular_s0_r3_scatter,5.960464477539063e-08,shared_correctness,irregular,99,48,0.33349084854125977,5.960464477539063e-08,0.5920206904411316,144,6388224,33554432,11.965334361047798,1793.368215004573,3,0,0,43.89372724168523,ok,false,0.10977030499998364,51,1307717632
1.1699754622895853e-06,"{""config.json"":""cells/irregular_s0_r3_csr/config.json"",""curves.png"":""cells/irregular_s0_r3_csr/curves.png"",""decision"":""decision.json"",""error.png"":""cells/irregular_s0_r3_csr/error.png"",""field.npz"":""cells/irregular_s0_r3_csr/field.npz"",""gpu_occupancy"":""gpu_occupancy.jsonl"",""history.json"":""cells/irregular_s0_r3_csr/history.json"",""input_field.npz"":""cells/irregular_s0_r3_csr/input_field.npz"",""mask.npy"":""cells/irregular_s0_r3_csr/mask.npy"",""occupancy_after.json"":""cells/irregular_s0_r3_csr/occupancy_after.json"",""occupancy_before.json"":""cells/irregular_s0_r3_csr/occupancy_before.json"",""reconstruction.npy"":""cells/irregular_s0_r3_csr/reconstruction.npy"",""reconstruction.png"":""cells/irregular_s0_r3_csr/reconstruction.png"",""target.npy"":""cells/irregular_s0_r3_csr/target.npy"",""target.png"":""cells/irregular_s0_r3_csr/target.png""}",csr,0,33554432,0.0016921930000535212,1145304,42211,irregular_s0_r3_csr,5.960464477539063e-08,shared_correctness,irregular,99,48,0.33349084854125977,5.960464477539063e-08,0.5920206904411316,144,6388224,33554432,11.965334360114543,1793.36821538995,3,0,0,43.89372724168523,ok,false,0.10500329000205966,51,1327882240
1.2430991773726419e-06,"{""config.json"":""cells/irregular_s0_r3_off/config.json"",""curves.png"":""cells/irregular_s0_r3_off/curves.png"",""decision"":""decision.json"",""error.png"":""cells/irregular_s0_r3_off/error.png"",""field.npz"":""cells/irregular_s0_r3_off/field.npz"",""gpu_occupancy"":""gpu_occupancy.jsonl"",""history.json"":""cells/irregular_s0_r3_off/history.json"",""input_field.npz"":""cells/irregular_s0_r3_off/input_field.npz"",""mask.npy"":""cells/irregular_s0_r3_off/mask.npy"",""occupancy_after.json"":""cells/irregular_s0_r3_off/occupancy_after.json"",""occupancy_before.json"":""cells/irregular_s0_r3_off/occupancy_before.json"",""reconstruction.npy"":""cells/irregular_s0_r3_off/reconstruction.npy"",""reconstruction.png"":""cells/irregular_s0_r3_off/reconstruction.png"",""target.npy"":""cells/irregular_s0_r3_off/target.npy"",""target.png"":""cells/irregular_s0_r3_off/target.png""}",off,0,33554432,0.0,0,0,irregular_s0_r3_off,5.960464477539063e-08,shared_correctness,irregular,99,48,0.33349084854125977,5.960464477539063e-08,0.5920206904411316,144,8185856,33554432,11.965334361212614,1793.3682149365145,3,0,0,43.89372724168523,ok,false,0.2111511770017387,51,1330413568
1.3162222103346721e-06,"{""config.json"":""cells/irregular_s0_r4_csr/config.json"",""curves.png"":""cells/irregular_s0_r4_csr/curves.png"",""decision"":""decision.json"",""error.png"":""cells/irregular_s0_r4_csr/error.png"",""field.npz"":""cells/irregular_s0_r4_csr/field.npz"",""gpu_occupancy"":""gpu_occupancy.jsonl"",""history.json"":""cells/irregular_s0_r4_csr/history.json"",""input_field.npz"":""cells/irregular_s0_r4_csr/input_field.npz"",""mask.npy"":""cells/irregular_s0_r4_csr/mask.npy"",""occupancy_after.json"":""cells/irregular_s0_r4_csr/occupancy_after.json"",""occupancy_before.json"":""cells/irregular_s0_r4_csr/occupancy_before.json"",""reconstruction.npy"":""cells/irregular_s0_r4_csr/reconstruction.npy"",""reconstruction.png"":""cells/irregular_s0_r4_csr/reconstruction.png"",""target.npy"":""cells/irregular_s0_r4_csr/target.npy"",""target.png"":""cells/irregular_s0_r4_csr/target.png""}",csr,0,33554432,0.0017628000023250934,1145304,42211,irregular_s0_r4_csr,5.960464477539063e-08,shared_correctness,irregular,99,48,0.3334900438785553,5.960464477539063e-08,0.5920206904411316,144,6388224,33554432,11.965334360465647,1793.368215244966,4,0,0,43.89372724168523,ok,false,0.10482330200102297,51,1341206528
5.849876743013738e-07,"{""config.json"":""cells/irregular_s0_r4_off/config.json"",""curves.png"":""cells/irregular_s0_r4_off/curves.png"",""decision"":""decision.json"",""error.png"":""cells/irregular_s0_r4_off/error.png"",""field.npz"":""cells/irregular_s0_r4_off/field.npz"",""gpu_occupancy"":""gpu_occupancy.jsonl"",""history.json"":""cells/irregular_s0_r4_off/history.json"",""input_field.npz"":""cells/irregular_s0_r4_off/input_field.npz"",""mask.npy"":""cells/irregular_s0_r4_off/mask.npy"",""occupancy_after.json"":""cells/irregular_s0_r4_off/occupancy_after.json"",""occupancy_before.json"":""cells/irregular_s0_r4_off/occupancy_before.json"",""reconstruction.npy"":""cells/irregular_s0_r4_off/reconstruction.npy"",""reconstruction.png"":""cells/irregular_s0_r4_off/reconstruction.png"",""target.npy"":""cells/irregular_s0_r4_off/target.npy"",""target.png"":""cells/irregular_s0_r4_off/target.png""}",off,0,33554432,0.0,0,0,irregular_s0_r4_off,5.960464477539063e-08,shared_correctness,irregular,99,48,0.3334900438785553,5.960464477539063e-08,0.5920206904411316,144,8185856,33554432,11.965334359927,1793.3682154673934,4,0,0,43.89372724168523,ok,false,0.21123001099840621,51,1342820352
9.506049991614418e-07,"{""config.json"":""cells/irregular_s0_r4_scatter/config.json"",""curves.png"":""cells/irregular_s0_r4_scatter/curves.png"",""decision"":""decision.json"",""error.png"":""cells/irregular_s0_r4_scatter/error.png"",""field.npz"":""cells/irregular_s0_r4_scatter/field.npz"",""gpu_occupancy"":""gpu_occupancy.jsonl"",""history.json"":""cells/irregular_s0_r4_scatter/history.json"",""input_field.npz"":""cells/irregular_s0_r4_scatter/input_field.npz"",""mask.npy"":""cells/irregular_s0_r4_scatter/mask.npy"",""occupancy_after.json"":""cells/irregular_s0_r4_scatter/occupancy_after.json"",""occupancy_before.json"":""cells/irregular_s0_r4_scatter/occupancy_before.json"",""reconstruction.npy"":""cells/irregular_s0_r4_scatter/reconstruction.npy"",""reconstruction.png"":""cells/irregular_s0_r4_scatter/reconstruction.png"",""target.npy"":""cells/irregular_s0_r4_scatter/target.npy"",""target.png"":""cells/irregular_s0_r4_scatter/target.png""}",scatter,0,33554432,0.0011652960020001046,844220,42211,irregular_s0_r4_scatter,5.960464477539063e-08,shared_correctness,irregular,99,48,0.33349084854125977,5.960464477539063e-08,0.5920206904411316,144,6388224,33554432,11.965334359150754,1793.368215787935,4,0,0,43.89372724168523,ok,false,0.10734615999899688,51,1315876864
1.3162222103346721e-06,"{""config.json"":""cells/irregular_s0_r5_csr/config.json"",""curves.png"":""cells/irregular_s0_r5_csr/curves.png"",""decision"":""decision.json"",""error.png"":""cells/irregular_s0_r5_csr/error.png"",""field.npz"":""cells/irregular_s0_r5_csr/field.npz"",""gpu_occupancy"":""gpu_occupancy.jsonl"",""history.json"":""cells/irregular_s0_r5_csr/history.json"",""input_field.npz"":""cells/irregular_s0_r5_csr/input_field.npz"",""mask.npy"":""cells/irregular_s0_r5_csr/mask.npy"",""occupancy_after.json"":""cells/irregular_s0_r5_csr/occupancy_after.json"",""occupancy_before.json"":""cells/irregular_s0_r5_csr/occupancy_before.json"",""reconstruction.npy"":""cells/irregular_s0_r5_csr/reconstruction.npy"",""reconstruction.png"":""cells/irregular_s0_r5_csr/reconstruction.png"",""target.npy"":""cells/irregular_s0_r5_csr/target.npy"",""target.png"":""cells/irregular_s0_r5_csr/target.png""}",csr,0,33554432,0.0018321269999432843,1145304,42211,irregular_s0_r5_csr,5.960464477539063e-08,shared_correctness,irregular,99,48,0.33349084854125977,5.960464477539063e-08,0.5920206904411316,144,6388224,33554432,11.965334363409266,1793.3682140294327,5,0,0,43.89372724168523,ok,false,0.10633101300118142,51,1302102016
1.0237281458103098e-06,"{""config.json"":""cells/irregular_s0_r5_scatter/config.json"",""curves.png"":""cells/irregular_s0_r5_scatter/curves.png"",""decision"":""decision.json"",""error.png"":""cells/irregular_s0_r5_scatter/error.png"",""field.npz"":""cells/irregular_s0_r5_scatter/field.npz"",""gpu_occupancy"":""gpu_occupancy.jsonl"",""history.json"":""cells/irregular_s0_r5_scatter/history.json"",""input_field.npz"":""cells/irregular_s0_r5_scatter/input_field.npz"",""mask.npy"":""cells/irregular_s0_r5_scatter/mask.npy"",""occupancy_after.json"":""cells/irregular_s0_r5_scatter/occupancy_after.json"",""occupancy_before.json"":""cells/irregular_s0_r5_scatter/occupancy_before.json"",""reconstruction.npy"":""cells/irregular_s0_r5_scatter/reconstruction.npy"",""reconstruction.png"":""cells/irregular_s0_r5_scatter/reconstruction.png"",""target.npy"":""cells/irregular_s0_r5_scatter/target.npy"",""target.png"":""cells/irregular_s0_r5_scatter/target.png""}",scatter,0,33554432,0.0012032099984935485,844220,42211,irregular_s0_r5_scatter,5.960464477539063e-08,shared_correctness,irregular,99,48,0.3334900438785553,5.960464477539063e-08,0.5920206904411316,144,6388224,33554432,11.965334362143851,1793.368214551971,5,0,0,43.89372724168523,ok,false,0.10426184999960242,51,1306783744
8.043583079597738e-07,"{""config.json"":""cells/irregular_s0_r5_off/config.json"",""curves.png"":""cells/irregular_s0_r5_off/curves.png"",""decision"":""decision.json"",""error.png"":""cells/irregular_s0_r5_off/error.png"",""field.npz"":""cells/irregular_s0_r5_off/field.npz"",""gpu_occupancy"":""gpu_occupancy.jsonl"",""history.json"":""cells/irregular_s0_r5_off/history.json"",""input_field.npz"":""cells/irregular_s0_r5_off/input_field.npz"",""mask.npy"":""cells/irregular_s0_r5_off/mask.npy"",""occupancy_after.json"":""cells/irregular_s0_r5_off/occupancy_after.json"",""occupancy_before.json"":""cells/irregular_s0_r5_off/occupancy_before.json"",""reconstruction.npy"":""cells/irregular_s0_r5_off/reconstruction.npy"",""reconstruction.png"":""cells/irregular_s0_r5_off/reconstruction.png"",""target.npy"":""cells/irregular_s0_r5_off/target.npy"",""target.png"":""cells/irregular_s0_r5_off/target.png""}",off,0,33554432,0.0,0,0,irregular_s0_r5_off,5.960464477539063e-08,shared_correctness,irregular,99,48,0.3334900438785553,5.960464477539063e-08,0.5920206904411316,144,8185856,33554432,11.96533436039366,1793.3682152746915,5,0,0,43.89372724168523,ok,false,0.21253242700186092,51,1307103232
5.464538617161452e-07,"{""config.json"":""cells/irregular_s1_r0_off/config.json"",""curves.png"":""cells/irregular_s1_r0_off/curves.png"",""decision"":""decision.json"",""error.png"":""cells/irregular_s1_r0_off/error.png"",""field.npz"":""cells/irregular_s1_r0_off/field.npz"",""gpu_occupancy"":""gpu_occupancy.jsonl"",""history.json"":""cells/irregular_s1_r0_off/history.json"",""input_field.npz"":""cells/irregular_s1_r0_off/input_field.npz"",""mask.npy"":""cells/irregular_s1_r0_off/mask.npy"",""occupancy_after.json"":""cells/irregular_s1_r0_off/occupancy_after.json"",""occupancy_before.json"":""cells/irregular_s1_r0_off/occupancy_before.json"",""reconstruction.npy"":""cells/irregular_s1_r0_off/reconstruction.npy"",""reconstruction.png"":""cells/irregular_s1_r0_off/reconstruction.png"",""target.npy"":""cells/irregular_s1_r0_off/target.npy"",""target.png"":""cells/irregular_s1_r0_off/target.png""}",off,0,33554432,0.0,0,0,irregular_s1_r0_off,5.960464477539063e-08,shared_correctness,irregular,99,48,0.32935988903045654,5.960464477539063e-08,0.6005526781082153,144,8253952,33554432,12.003053063732034,1777.860159964065,0,1,0,49.55590849596778,ok,false,0.21500594399913098,51,1363365888
1.2750592759402934e-06,"{""config.json"":""cells/irregular_s1_r0_scatter/config.json"",""curves.png"":""cells/irregular_s1_r0_scatter/curves.png"",""decision"":""decision.json"",""error.png"":""cells/irregular_s1_r0_scatter/error.png"",""field.npz"":""cells/irregular_s1_r0_scatter/field.npz"",""gpu_occupancy"":""gpu_occupancy.jsonl"",""history.json"":""cells/irregular_s1_r0_scatter/history.json"",""input_field.npz"":""cells/irregular_s1_r0_scatter/input_field.npz"",""mask.npy"":""cells/irregular_s1_r0_scatter/mask.npy"",""occupancy_after.json"":""cells/irregular_s1_r0_scatter/occupancy_after.json"",""occupancy_before.json"":""cells/irregular_s1_r0_scatter/occupancy_before.json"",""reconstruction.npy"":""cells/irregular_s1_r0_scatter/reconstruction.npy"",""reconstruction.png"":""cells/irregular_s1_r0_scatter/reconstruction.png"",""target.npy"":""cells/irregular_s1_r0_scatter/target.npy"",""target.png"":""cells/irregular_s1_r0_scatter/target.png""}",scatter,0,33554432,0.0011203789981664158,835860,41793,irregular_s1_r0_scatter,5.960464477539063e-08,shared_correctness,irregular,99,48,0.32935988903045654,5.960464477539063e-08,0.6005526781082153,144,6456320,33554432,12.003053067288436,1777.8601585081901,0,1,0,49.55590849596778,ok,false,0.10386061499957577,51,1326325760
3.6430265026865527e-07,"{""config.json"":""cells/irregular_s1_r0_csr/config.json"",""curves.png"":""cells/irregular_s1_r0_csr/curves.png"",""decision"":""decision.json"",""error.png"":""cells/irregular_s1_r0_csr/error.png"",""field.npz"":""cells/irregular_s1_r0_csr/field.npz"",""gpu_occupancy"":""gpu_occupancy.jsonl"",""history.json"":""cells/irregular_s1_r0_csr/history.json"",""input_field.npz"":""cells/irregular_s1_r0_csr/input_field.npz"",""mask.npy"":""cells/irregular_s1_r0_csr/mask.npy"",""occupancy_after.json"":""cells/irregular_s1_r0_csr/occupancy_after.json"",""occupancy_before.json"":""cells/irregular_s1_r0_csr/occupancy_before.json"",""reconstruction.npy"":""cells/irregular_s1_r0_csr/reconstruction.npy"",""reconstruction.png"":""cells/irregular_s1_r0_csr/reconstruction.png"",""target.npy"":""cells/irregular_s1_r0_csr/target.npy"",""target.png"":""cells/irregular_s1_r0_csr/target.png""}",csr,0,33554432,0.0017923269988386892,1135272,41793,irregular_s1_r0_csr,5.960464477539063e-08,shared_correctness,irregular,99,48,0.32935988903045654,5.960464477539063e-08,0.6005526781082153,144,6456320,33554432,12.003053067083322,1777.8601585921574,0,1,0,49.55590849596778,ok,false,0.10728092600038508,51,1354633216
3.6430290606404014e-07,"{""config.json"":""cells/irregular_s1_r1_off/config.json"",""curves.png"":""cells/irregular_s1_r1_off/curves.png"",""decision"":""decision.json"",""error.png"":""cells/irregular_s1_r1_off/error.png"",""field.npz"":""cells/irregular_s1_r1_off/field.npz"",""gpu_occupancy"":""gpu_occupancy.jsonl"",""history.json"":""cells/irregular_s1_r1_off/history.json"",""input_field.npz"":""cells/irregular_s1_r1_off/input_field.npz"",""mask.npy"":""cells/irregular_s1_r1_off/mask.npy"",""occupancy_after.json"":""cells/irregular_s1_r1_off/occupancy_after.json"",""occupancy_before.json"":""cells/irregular_s1_r1_off/occupancy_before.json"",""reconstruction.npy"":""cells/irregular_s1_r1_off/reconstruction.npy"",""reconstruction.png"":""cells/irregular_s1_r1_off/reconstruction.png"",""target.npy"":""cells/irregular_s1_r1_off/target.npy"",""target.png"":""cells/irregular_s1_r1_off/target.png""}",off,0,33554432,0.0,0,0,irregular_s1_r1_off,5.960464477539063e-08,shared_correctness,irregular,99,48,0.32935988903045654,5.960464477539063e-08,0.6005526781082153,144,8253952,33554432,12.00305306434667,1777.860159712454,1,1,0,49.55590849596778,ok,false,0.2118318789980549,51,1306988544
3.6430265026865527e-07,"{""config.json"":""cells/irregular_s1_r1_csr/config.json"",""curves.png"":""cells/irregular_s1_r1_csr/curves.png"",""decision"":""decision.json"",""error.png"":""cells/irregular_s1_r1_csr/error.png"",""field.npz"":""cells/irregular_s1_r1_csr/field.npz"",""gpu_occupancy"":""gpu_occupancy.jsonl"",""history.json"":""cells/irregular_s1_r1_csr/history.json"",""input_field.npz"":""cells/irregular_s1_r1_csr/input_field.npz"",""mask.npy"":""cells/irregular_s1_r1_csr/mask.npy"",""occupancy_after.json"":""cells/irregular_s1_r1_csr/occupancy_after.json"",""occupancy_before.json"":""cells/irregular_s1_r1_csr/occupancy_before.json"",""reconstruction.npy"":""cells/irregular_s1_r1_csr/reconstruction.npy"",""reconstruction.png"":""cells/irregular_s1_r1_csr/reconstruction.png"",""target.npy"":""cells/irregular_s1_r1_csr/target.npy"",""target.png"":""cells/irregular_s1_r1_csr/target.png""}",csr,0,33554432,0.006896826998854522,1135272,41793,irregular_s1_r1_csr,5.960464477539063e-08,shared_correctness,irregular,99,48,0.32935988903045654,1.1920928955078125e-07,0.6005526781082153,144,6456320,33554432,12.003053066429585,1777.8601588597758,1,1,0,49.55590849596778,ok,false,0.11958360399876256,51,1302765568
8.196813041649875e-07,"{""config.json"":""cells/irregular_s1_r1_scatter/config.json"",""curves.png"":""cells/irregular_s1_r1_scatter/curves.png"",""decision"":""decision.json"",""error.png"":""cells/irregular_s1_r1_scatter/error.png"",""field.npz"":""cells/irregular_s1_r1_scatter/field.npz"",""gpu_occupancy"":""gpu_occupancy.jsonl"",""history.json"":""cells/irregular_s1_r1_scatter/history.json"",""input_field.npz"":""cells/irregular_s1_r1_scatter/input_field.npz"",""mask.npy"":""cells/irregular_s1_r1_scatter/mask.npy"",""occupancy_after.json"":""cells/irregular_s1_r1_scatter/occupancy_after.json"",""occupancy_before.json"":""cells/irregular_s1_r1_scatter/occupancy_before.json"",""reconstruction.npy"":""cells/irregular_s1_r1_scatter/reconstruction.npy"",""reconstruction.png"":""cells/irregular_s1_r1_scatter/reconstruction.png"",""target.npy"":""cells/irregular_s1_r1_scatter/target.npy"",""target.png"":""cells/irregular_s1_r1_scatter/target.png""}",scatter,0,33554432,0.001110306999180466,835860,41793,irregular_s1_r1_scatter,5.960464477539063e-08,shared_correctness,irregular,99,48,0.32935988903045654,5.960464477539063e-08,0.6005526781082153,144,6456320,33554432,12.003053064320381,1777.8601597232146,1,1,0,49.55590849596778,ok,false,0.1081738030006818,51,1315942400
1.0018317198046134e-06,"{""config.json"":""cells/irregular_s1_r2_scatter/config.json"",""curves.png"":""cells/irregular_s1_r2_scatter/curves.png"",""decision"":""decision.json"",""error.png"":""cells/irregular_s1_r2_scatter/error.png"",""field.npz"":""cells/irregular_s1_r2_scatter/field.npz"",""gpu_occupancy"":""gpu_occupancy.jsonl"",""history.json"":""cells/irregular_s1_r2_scatter/history.json"",""input_field.npz"":""cells/irregular_s1_r2_scatter/input_field.npz"",""mask.npy"":""cells/irregular_s1_r2_scatter/mask.npy"",""occupancy_after.json"":""cells/irregular_s1_r2_scatter/occupancy_after.json"",""occupancy_before.json"":""cells/irregular_s1_r2_scatter/occupancy_before.json"",""reconstruction.npy"":""cells/irregular_s1_r2_scatter/reconstruction.npy"",""reconstruction.png"":""cells/irregular_s1_r2_scatter/reconstruction.png"",""target.npy"":""cells/irregular_s1_r2_scatter/target.npy"",""target.png"":""cells/irregular_s1_r2_scatter/target.png""}",scatter,0,33554432,0.0011791950018960051,835860,41793,irregular_s1_r2_scatter,5.960464477539063e-08,shared_correctness,irregular,99,48,0.32935988903045654,5.960464477539063e-08,0.6005526781082153,144,6456320,33554432,12.003053064598541,1777.8601596093458,2,1,0,49.55590849596778,ok,false,0.10557109000001219,51,1317957632
1.4572100326404325e-06,"{""config.json"":""cells/irregular_s1_r2_off/config.json"",""curves.png"":""cells/irregular_s1_r2_off/curves.png"",""decision"":""decision.json"",""error.png"":""cells/irregular_s1_r2_off/error.png"",""field.npz"":""cells/irregular_s1_r2_off/field.npz"",""gpu_occupancy"":""gpu_occupancy.jsonl"",""history.json"":""cells/irregular_s1_r2_off/history.json"",""input_field.npz"":""cells/irregular_s1_r2_off/input_field.npz"",""mask.npy"":""cells/irregular_s1_r2_off/mask.npy"",""occupancy_after.json"":""cells/irregular_s1_r2_off/occupancy_after.json"",""occupancy_before.json"":""cells/irregular_s1_r2_off/occupancy_before.json"",""reconstruction.npy"":""cells/irregular_s1_r2_off/reconstruction.npy"",""reconstruction.png"":""cells/irregular_s1_r2_off/reconstruction.png"",""target.npy"":""cells/irregular_s1_r2_off/target.npy"",""target.png"":""cells/irregular_s1_r2_off/target.png""}",off,0,33554432,0.0,0,0,irregular_s1_r2_off,5.960464477539063e-08,shared_correctness,irregular,99,48,0.32935988903045654,5.960464477539063e-08,0.6005526781082153,144,8253952,33554432,12.003053065999847,1777.8601590356968,2,1,0,49.55590849596778,ok,false,0.2143302730000869,51,1351761920
0.0,"{""config.json"":""cells/irregular_s1_r2_csr/config.json"",""curves.png"":""cells/irregular_s1_r2_csr/curves.png"",""decision"":""decision.json"",""error.png"":""cells/irregular_s1_r2_csr/error.png"",""field.npz"":""cells/irregular_s1_r2_csr/field.npz"",""gpu_occupancy"":""gpu_occupancy.jsonl"",""history.json"":""cells/irregular_s1_r2_csr/history.json"",""input_field.npz"":""cells/irregular_s1_r2_csr/input_field.npz"",""mask.npy"":""cells/irregular_s1_r2_csr/mask.npy"",""occupancy_after.json"":""cells/irregular_s1_r2_csr/occupancy_after.json"",""occupancy_before.json"":""cells/irregular_s1_r2_csr/occupancy_before.json"",""reconstruction.npy"":""cells/irregular_s1_r2_csr/reconstruction.npy"",""reconstruction.png"":""cells/irregular_s1_r2_csr/reconstruction.png"",""target.npy"":""cells/irregular_s1_r2_csr/target.npy"",""target.png"":""cells/irregular_s1_r2_csr/target.png""}",csr,0,33554432,0.0017769900005077943,1135272,41793,irregular_s1_r2_csr,5.960464477539063e-08,shared_correctness,irregular,99,48,0.32935988903045654,5.960464477539063e-08,0.6005526781082153,144,6456320,33554432,12.003053066085824,1777.8601590005,2,1,0,49.55590849596778,ok,false,0.10657669699867256,51,1305489408
8.196810199478932e-07,"{""config.json"":""cells/irregular_s1_r3_scatter/config.json"",""curves.png"":""cells/irregular_s1_r3_scatter/curves.png"",""decision"":""decision.json"",""error.png"":""cells/irregular_s1_r3_scatter/error.png"",""field.npz"":""cells/irregular_s1_r3_scatter/field.npz"",""gpu_occupancy"":""gpu_occupancy.jsonl"",""history.json"":""cells/irregular_s1_r3_scatter/history.json"",""input_field.npz"":""cells/irregular_s1_r3_scatter/input_field.npz"",""mask.npy"":""cells/irregular_s1_r3_scatter/mask.npy"",""occupancy_after.json"":""cells/irregular_s1_r3_scatter/occupancy_after.json"",""occupancy_before.json"":""cells/irregular_s1_r3_scatter/occupancy_before.json"",""reconstruction.npy"":""cells/irregular_s1_r3_scatter/reconstruction.npy"",""reconstruction.png"":""cells/irregular_s1_r3_scatter/reconstruction.png"",""target.npy"":""cells/irregular_s1_r3_scatter/target.npy"",""target.png"":""cells/irregular_s1_r3_scatter/target.png""}",scatter,0,33554432,0.0011793409976235125,835860,41793,irregular_s1_r3_scatter,5.960464477539063e-08,shared_correctness,irregular,99,48,0.32935988903045654,5.960464477539063e-08,0.6005526781082153,144,6456320,33554432,12.003053065018658,1777.860159437364,3,1,0,49.55590849596778,ok,false,0.10499160399922403,51,1305206784
3.6430265026865527e-07,"{""config.json"":""cells/irregular_s1_r3_csr/config.json"",""curves.png"":""cells/irregular_s1_r3_csr/curves.png"",""decision"":""decision.json"",""error.png"":""cells/irregular_s1_r3_csr/error.png"",""field.npz"":""cells/irregular_s1_r3_csr/field.npz"",""gpu_occupancy"":""gpu_occupancy.jsonl"",""history.json"":""cells/irregular_s1_r3_csr/history.json"",""input_field.npz"":""cells/irregular_s1_r3_csr/input_field.npz"",""mask.npy"":""cells/irregular_s1_r3_csr/mask.npy"",""occupancy_after.json"":""cells/irregular_s1_r3_csr/occupancy_after.json"",""occupancy_before.json"":""cells/irregular_s1_r3_csr/occupancy_before.json"",""reconstruction.npy"":""cells/irregular_s1_r3_csr/reconstruction.npy"",""reconstruction.png"":""cells/irregular_s1_r3_csr/reconstruction.png"",""target.npy"":""cells/irregular_s1_r3_csr/target.npy"",""target.png"":""cells/irregular_s1_r3_csr/target.png""}",csr,0,33554432,0.001753513002768159,1135272,41793,irregular_s1_r3_csr,5.960464477539063e-08,shared_correctness,irregular,99,48,0.32935988903045654,5.960464477539063e-08,0.6005526781082153,144,6456320,33554432,12.00305306518059,1777.8601593710746,3,1,0,49.55590849596778,ok,false,0.10379581799861626,51,1346248704
0.0,"{""config.json"":""cells/irregular_s1_r3_off/config.json"",""curves.png"":""cells/irregular_s1_r3_off/curves.png"",""decision"":""decision.json"",""error.png"":""cells/irregular_s1_r3_off/error.png"",""field.npz"":""cells/irregular_s1_r3_off/field.npz"",""gpu_occupancy"":""gpu_occupancy.jsonl"",""history.json"":""cells/irregular_s1_r3_off/history.json"",""input_field.npz"":""cells/irregular_s1_r3_off/input_field.npz"",""mask.npy"":""cells/irregular_s1_r3_off/mask.npy"",""occupancy_after.json"":""cells/irregular_s1_r3_off/occupancy_after.json"",""occupancy_before.json"":""cells/irregular_s1_r3_off/occupancy_before.json"",""reconstruction.npy"":""cells/irregular_s1_r3_off/reconstruction.npy"",""reconstruction.png"":""cells/irregular_s1_r3_off/reconstruction.png"",""target.npy"":""cells/irregular_s1_r3_off/target.npy"",""target.png"":""cells/irregular_s1_r3_off/target.png""}",off,0,33554432,0.0,0,0,irregular_s1_r3_off,5.960464477539063e-08,shared_correctness,irregular,99,48,0.32935988903045654,5.960464477539063e-08,0.6005526781082153,144,8253952,33554432,12.00305306636774,1777.8601588850938,3,1,0,49.55590849596778,ok,false,0.21271297999919625,51,1307504640
1.8215135355603707e-07,"{""config.json"":""cells/irregular_s1_r4_csr/config.json"",""curves.png"":""cells/irregular_s1_r4_csr/curves.png"",""decision"":""decision.json"",""error.png"":""cells/irregular_s1_r4_csr/error.png"",""field.npz"":""cells/irregular_s1_r4_csr/field.npz"",""gpu_occupancy"":""gpu_occupancy.jsonl"",""history.json"":""cells/irregular_s1_r4_csr/history.json"",""input_field.npz"":""cells/irregular_s1_r4_csr/input_field.npz"",""mask.npy"":""cells/irregular_s1_r4_csr/mask.npy"",""occupancy_after.json"":""cells/irregular_s1_r4_csr/occupancy_after.json"",""occupancy_before.json"":""cells/irregular_s1_r4_csr/occupancy_before.json"",""reconstruction.npy"":""cells/irregular_s1_r4_csr/reconstruction.npy"",""reconstruction.png"":""cells/irregular_s1_r4_csr/reconstruction.png"",""target.npy"":""cells/irregular_s1_r4_csr/target.npy"",""target.png"":""cells/irregular_s1_r4_csr/target.png""}",csr,0,33554432,0.0017089850007323548,1135272,41793,irregular_s1_r4_csr,5.960464477539063e-08,shared_correctness,irregular,99,48,0.32935988903045654,5.960464477539063e-08,0.6005526781082153,144,6456320,33554432,12.003053065573358,1777.8601592102884,4,1,0,49.55590849596778,ok,false,0.10392188200057717,51,1345458176
0.0,"{""config.json"":""cells/irregular_s1_r4_off/config.json"",""curves.png"":""cells/irregular_s1_r4_off/curves.png"",""decision"":""decision.json"",""error.png"":""cells/irregular_s1_r4_off/error.png"",""field.npz"":""cells/irregular_s1_r4_off/field.npz"",""gpu_occupancy"":""gpu_occupancy.jsonl"",""history.json"":""cells/irregular_s1_r4_off/history.json"",""input_field.npz"":""cells/irregular_s1_r4_off/input_field.npz"",""mask.npy"":""cells/irregular_s1_r4_off/mask.npy"",""occupancy_after.json"":""cells/irregular_s1_r4_off/occupancy_after.json"",""occupancy_before.json"":""cells/irregular_s1_r4_off/occupancy_before.json"",""reconstruction.npy"":""cells/irregular_s1_r4_off/reconstruction.npy"",""reconstruction.png"":""cells/irregular_s1_r4_off/reconstruction.png"",""target.npy"":""cells/irregular_s1_r4_off/target.npy"",""target.png"":""cells/irregular_s1_r4_off/target.png""}",off,0,33554432,0.0,0,0,irregular_s1_r4_off,5.960464477539063e-08,shared_correctness,irregular,99,48,0.32935988903045654,5.960464477539063e-08,0.6005526781082153,144,8253952,33554432,12.003053065890894,1777.8601590802987,4,1,0,49.55590849596778,ok,false,0.21603846400103066,51,1332957184
1.8215126829090877e-06,"{""config.json"":""cells/irregular_s1_r4_scatter/config.json"",""curves.png"":""cells/irregular_s1_r4_scatter/curves.png"",""decision"":""decision.json"",""error.png"":""cells/irregular_s1_r4_scatter/error.png"",""field.npz"":""cells/irregular_s1_r4_scatter/field.npz"",""gpu_occupancy"":""gpu_occupancy.jsonl"",""history.json"":""cells/irregular_s1_r4_scatter/history.json"",""input_field.npz"":""cells/irregular_s1_r4_scatter/input_field.npz"",""mask.npy"":""cells/irregular_s1_r4_scatter/mask.npy"",""occupancy_after.json"":""cells/irregular_s1_r4_scatter/occupancy_after.json"",""occupancy_before.json"":""cells/irregular_s1_r4_scatter/occupancy_before.json"",""reconstruction.npy"":""cells/irregular_s1_r4_scatter/reconstruction.npy"",""reconstruction.png"":""cells/irregular_s1_r4_scatter/reconstruction.png"",""target.npy"":""cells/irregular_s1_r4_scatter/target.npy"",""target.png"":""cells/irregular_s1_r4_scatter/target.png""}",scatter,0,33554432,0.0011382689990568906,835860,41793,irregular_s1_r4_scatter,5.960464477539063e-08,shared_correctness,irregular,99,48,0.32935988903045654,5.960464477539063e-08,0.6005526781082153,144,6456320,33554432,12.003053064784,1777.8601595334248,4,1,0,49.55590849596778,ok,false,0.1018738860002486,51,1306927104
2.732270161232009e-07,"{""config.json"":""cells/irregular_s1_r5_csr/config.json"",""curves.png"":""cells/irregular_s1_r5_csr/curves.png"",""decision"":""decision.json"",""error.png"":""cells/irregular_s1_r5_csr/error.png"",""field.npz"":""cells/irregular_s1_r5_csr/field.npz"",""gpu_occupancy"":""gpu_occupancy.jsonl"",""history.json"":""cells/irregular_s1_r5_csr/history.json"",""input_field.npz"":""cells/irregular_s1_r5_csr/input_field.npz"",""mask.npy"":""cells/irregular_s1_r5_csr/mask.npy"",""occupancy_after.json"":""cells/irregular_s1_r5_csr/occupancy_after.json"",""occupancy_before.json"":""cells/irregular_s1_r5_csr/occupancy_before.json"",""reconstruction.npy"":""cells/irregular_s1_r5_csr/reconstruction.npy"",""reconstruction.png"":""cells/irregular_s1_r5_csr/reconstruction.png"",""target.npy"":""cells/irregular_s1_r5_csr/target.npy"",""target.png"":""cells/irregular_s1_r5_csr/target.png""}",csr,0,33554432,0.0017951049994735513,1135272,41793,irregular_s1_r5_csr,5.960464477539063e-08,shared_correctness,irregular,99,48,0.32935988903045654,5.960464477539063e-08,0.6005526781082153,144,6456320,33554432,12.003053066238357,1777.860158938059,5,1,0,49.55590849596778,ok,false,0.1040292049983691,51,1305391104
4.553784265226568e-07,"{""config.json"":""cells/irregular_s1_r5_scatter/config.json"",""curves.png"":""cells/irregular_s1_r5_scatter/curves.png"",""decision"":""decision.json"",""error.png"":""cells/irregular_s1_r5_scatter/error.png"",""field.npz"":""cells/irregular_s1_r5_scatter/field.npz"",""gpu_occupancy"":""gpu_occupancy.jsonl"",""history.json"":""cells/irregular_s1_r5_scatter/history.json"",""input_field.npz"":""cells/irregular_s1_r5_scatter/input_field.npz"",""mask.npy"":""cells/irregular_s1_r5_scatter/mask.npy"",""occupancy_after.json"":""cells/irregular_s1_r5_scatter/occupancy_after.json"",""occupancy_before.json"":""cells/irregular_s1_r5_scatter/occupancy_before.json"",""reconstruction.npy"":""cells/irregular_s1_r5_scatter/reconstruction.npy"",""reconstruction.png"":""cells/irregular_s1_r5_scatter/reconstruction.png"",""target.npy"":""cells/irregular_s1_r5_scatter/target.npy"",""target.png"":""cells/irregular_s1_r5_scatter/target.png""}",scatter,0,33554432,0.0011077400013164151,835860,41793,irregular_s1_r5_scatter,5.960464477539063e-08,shared_correctness,irregular,99,48,0.32935988903045654,5.960464477539063e-08,0.6005526781082153,144,6456320,33554432,12.00305306470897,1777.8601595641394,5,1,0,49.55590849596778,ok,false,0.10379736700269859,51,1323470848
2.0036638943565777e-06,"{""config.json"":""cells/irregular_s1_r5_off/config.json"",""curves.png"":""cells/irregular_s1_r5_off/curves.png"",""decision"":""decision.json"",""error.png"":""cells/irregular_s1_r5_off/error.png"",""field.npz"":""cells/irregular_s1_r5_off/field.npz"",""gpu_occupancy"":""gpu_occupancy.jsonl"",""history.json"":""cells/irregular_s1_r5_off/history.json"",""input_field.npz"":""cells/irregular_s1_r5_off/input_field.npz"",""mask.npy"":""cells/irregular_s1_r5_off/mask.npy"",""occupancy_after.json"":""cells/irregular_s1_r5_off/occupancy_after.json"",""occupancy_before.json"":""cells/irregular_s1_r5_off/occupancy_before.json"",""reconstruction.npy"":""cells/irregular_s1_r5_off/reconstruction.npy"",""reconstruction.png"":""cells/irregular_s1_r5_off/reconstruction.png"",""target.npy"":""cells/irregular_s1_r5_off/target.npy"",""target.png"":""cells/irregular_s1_r5_off/target.png""}",off,0,33554432,0.0,0,0,irregular_s1_r5_off,5.960464477539063e-08,shared_correctness,irregular,99,48,0.32935988903045654,5.960464477539063e-08,0.6005526781082153,144,8253952,33554432,12.003053064078916,1777.860159822063,5,1,0,49.55590849596778,ok,false,0.21464033499796642,51,1333891072
1.7860517118606367e-06,"{""config.json"":""cells/irregular_s2_r0_off/config.json"",""curves.png"":""cells/irregular_s2_r0_off/curves.png"",""decision"":""decision.json"",""error.png"":""cells/irregular_s2_r0_off/error.png"",""field.npz"":""cells/irregular_s2_r0_off/field.npz"",""gpu_occupancy"":""gpu_occupancy.jsonl"",""history.json"":""cells/irregular_s2_r0_off/history.json"",""input_field.npz"":""cells/irregular_s2_r0_off/input_field.npz"",""mask.npy"":""cells/irregular_s2_r0_off/mask.npy"",""occupancy_after.json"":""cells/irregular_s2_r0_off/occupancy_after.json"",""occupancy_before.json"":""cells/irregular_s2_r0_off/occupancy_before.json"",""reconstruction.npy"":""cells/irregular_s2_r0_off/reconstruction.npy"",""reconstruction.png"":""cells/irregular_s2_r0_off/reconstruction.png"",""target.npy"":""cells/irregular_s2_r0_off/target.npy"",""target.png"":""cells/irregular_s2_r0_off/target.png""}",off,0,33554432,0.0,0,0,irregular_s2_r0_off,5.960464477539063e-08,shared_correctness,irregular,99,48,0.3227517306804657,5.960464477539063e-08,0.5938376188278198,144,8121344,33554432,11.904185354183458,1818.7975851071242,0,2,0,48.024472833928854,ok,false,0.20744148700032383,51,1304322048
2.679081717360532e-06,"{""config.json"":""cells/irregular_s2_r0_scatter/config.json"",""curves.png"":""cells/irregular_s2_r0_scatter/curves.png"",""decision"":""decision.json"",""error.png"":""cells/irregular_s2_r0_scatter/error.png"",""field.npz"":""cells/irregular_s2_r0_scatter/field.npz"",""gpu_occupancy"":""gpu_occupancy.jsonl"",""history.json"":""cells/irregular_s2_r0_scatter/history.json"",""input_field.npz"":""cells/irregular_s2_r0_scatter/input_field.npz"",""mask.npy"":""cells/irregular_s2_r0_scatter/mask.npy"",""occupancy_after.json"":""cells/irregular_s2_r0_scatter/occupancy_after.json"",""occupancy_before.json"":""cells/irregular_s2_r0_scatter/occupancy_before.json"",""reconstruction.npy"":""cells/irregular_s2_r0_scatter/reconstruction.npy"",""reconstruction.png"":""cells/irregular_s2_r0_scatter/reconstruction.png"",""target.npy"":""cells/irregular_s2_r0_scatter/target.npy"",""target.png"":""cells/irregular_s2_r0_scatter/target.png""}",scatter,0,33554432,0.0011001120001310483,838400,41920,irregular_s2_r0_scatter,5.960464477539063e-08,shared_correctness,irregular,99,48,0.3227517306804657,5.960464477539063e-08,0.5938376188278198,144,6323712,33554432,11.90418535476226,1818.7975848647252,0,2,0,48.024472833928854,ok,false,0.10384780300228158,51,1322229760
7.144223559407692e-07,"{""config.json"":""cells/irregular_s2_r0_csr/config.json"",""curves.png"":""cells/irregular_s2_r0_csr/curves.png"",""decision"":""decision.json"",""error.png"":""cells/irregular_s2_r0_csr/error.png"",""field.npz"":""cells/irregular_s2_r0_csr/field.npz"",""gpu_occupancy"":""gpu_occupancy.jsonl"",""history.json"":""cells/irregular_s2_r0_csr/history.json"",""input_field.npz"":""cells/irregular_s2_r0_csr/input_field.npz"",""mask.npy"":""cells/irregular_s2_r0_csr/mask.npy"",""occupancy_after.json"":""cells/irregular_s2_r0_csr/occupancy_after.json"",""occupancy_before.json"":""cells/irregular_s2_r0_csr/occupancy_before.json"",""reconstruction.npy"":""cells/irregular_s2_r0_csr/reconstruction.npy"",""reconstruction.png"":""cells/irregular_s2_r0_csr/reconstruction.png"",""target.npy"":""cells/irregular_s2_r0_csr/target.npy"",""target.png"":""cells/irregular_s2_r0_csr/target.png""}",csr,0,33554432,0.0016696200000296813,1138320,41920,irregular_s2_r0_csr,5.960464477539063e-08,shared_correctness,irregular,99,48,0.3227517306804657,5.960464477539063e-08,0.5938376188278198,144,6323712,33554432,11.904185355265447,1818.7975846539937,0,2,0,48.024472833928854,ok,false,0.10504146200037212,51,1302134784
4.286524017516058e-06,"{""config.json"":""cells/irregular_s2_r1_off/config.json"",""curves.png"":""cells/irregular_s2_r1_off/curves.png"",""decision"":""decision.json"",""error.png"":""cells/irregular_s2_r1_off/error.png"",""field.npz"":""cells/irregular_s2_r1_off/field.npz"",""gpu_occupancy"":""gpu_occupancy.jsonl"",""history.json"":""cells/irregular_s2_r1_off/history.json"",""input_field.npz"":""cells/irregular_s2_r1_off/input_field.npz"",""mask.npy"":""cells/irregular_s2_r1_off/mask.npy"",""occupancy_after.json"":""cells/irregular_s2_r1_off/occupancy_after.json"",""occupancy_before.json"":""cells/irregular_s2_r1_off/occupancy_before.json"",""reconstruction.npy"":""cells/irregular_s2_r1_off/reconstruction.npy"",""reconstruction.png"":""cells/irregular_s2_r1_off/reconstruction.png"",""target.npy"":""cells/irregular_s2_r1_off/target.npy"",""target.png"":""cells/irregular_s2_r1_off/target.png""}",off,0,33554432,0.0,0,0,irregular_s2_r1_off,5.960464477539063e-08,shared_correctness,irregular,99,48,0.3227517306804657,5.960464477539063e-08,0.5938376188278198,144,8121344,33554432,11.904185350885054,1818.7975864884743,1,2,0,48.024472833928854,ok,false,0.2125319259976095,51,1304231936
9.82330448096036e-07,"{""config.json"":""cells/irregular_s2_r1_csr/config.json"",""curves.png"":""cells/irregular_s2_r1_csr/curves.png"",""decision"":""decision.json"",""error.png"":""cells/irregular_s2_r1_csr/error.png"",""field.npz"":""cells/irregular_s2_r1_csr/field.npz"",""gpu_occupancy"":""gpu_occupancy.jsonl"",""history.json"":""cells/irregular_s2_r1_csr/history.json"",""input_field.npz"":""cells/irregular_s2_r1_csr/input_field.npz"",""mask.npy"":""cells/irregular_s2_r1_csr/mask.npy"",""occupancy_after.json"":""cells/irregular_s2_r1_csr/occupancy_after.json"",""occupancy_before.json"":""cells/irregular_s2_r1_csr/occupancy_before.json"",""reconstruction.npy"":""cells/irregular_s2_r1_csr/reconstruction.npy"",""reconstruction.png"":""cells/irregular_s2_r1_csr/reconstruction.png"",""target.npy"":""cells/irregular_s2_r1_csr/target.npy"",""target.png"":""cells/irregular_s2_r1_csr/target.png""}",csr,0,33554432,0.0017561339991516434,1138320,41920,irregular_s2_r1_csr,5.960464477539063e-08,shared_correctness,irregular,99,48,0.3227517306804657,5.960464477539063e-08,0.5938376188278198,144,6323712,33554432,11.904185352236754,1818.7975859223911,1,2,0,48.024472833928854,ok,false,0.10516292199827149,51,1337016320
0.0,"{""config.json"":""cells/irregular_s2_r1_scatter/config.json"",""curves.png"":""cells/irregular_s2_r1_scatter/curves.png"",""decision"":""decision.json"",""error.png"":""cells/irregular_s2_r1_scatter/error.png"",""field.npz"":""cells/irregular_s2_r1_scatter/field.npz"",""gpu_occupancy"":""gpu_occupancy.jsonl"",""history.json"":""cells/irregular_s2_r1_scatter/history.json"",""input_field.npz"":""cells/irregular_s2_r1_scatter/input_field.npz"",""mask.npy"":""cells/irregular_s2_r1_scatter/mask.npy"",""occupancy_after.json"":""cells/irregular_s2_r1_scatter/occupancy_after.json"",""occupancy_before.json"":""cells/irregular_s2_r1_scatter/occupancy_before.json"",""reconstruction.npy"":""cells/irregular_s2_r1_scatter/reconstruction.npy"",""reconstruction.png"":""cells/irregular_s2_r1_scatter/reconstruction.png"",""target.npy"":""cells/irregular_s2_r1_scatter/target.npy"",""target.png"":""cells/irregular_s2_r1_scatter/target.png""}",scatter,0,33554432,0.0011497119994601235,838400,41920,irregular_s2_r1_scatter,5.960464477539063e-08,shared_correctness,irregular,99,48,0.3227517306804657,5.960464477539063e-08,0.5938376188278198,144,6323712,33554432,11.904185353979791,1818.797585192419,1,2,0,48.024472833928854,ok,false,0.10453980099919136,51,1357238272
1.786052393981663e-06,"{""config.json"":""cells/irregular_s2_r2_scatter/config.json"",""curves.png"":""cells/irregular_s2_r2_scatter/curves.png"",""decision"":""decision.json"",""error.png"":""cells/irregular_s2_r2_scatter/error.png"",""field.npz"":""cells/irregular_s2_r2_scatter/field.npz"",""gpu_occupancy"":""gpu_occupancy.jsonl"",""history.json"":""cells/irregular_s2_r2_scatter/history.json"",""input_field.npz"":""cells/irregular_s2_r2_scatter/input_field.npz"",""mask.npy"":""cells/irregular_s2_r2_scatter/mask.npy"",""occupancy_after.json"":""cells/irregular_s2_r2_scatter/occupancy_after.json"",""occupancy_before.json"":""cells/irregular_s2_r2_scatter/occupancy_before.json"",""reconstruction.npy"":""cells/irregular_s2_r2_scatter/reconstruction.npy"",""reconstruction.png"":""cells/irregular_s2_r2_scatter/reconstruction.png"",""target.npy"":""cells/irregular_s2_r2_scatter/target.npy"",""target.png"":""cells/irregular_s2_r2_scatter/target.png""}",scatter,0,33554432,0.0011742189999495167,838400,41920,irregular_s2_r2_scatter,5.960464477539063e-08,shared_correctness,irregular,99,48,0.3227517306804657,5.960464477539063e-08,0.5938376188278198,144,6323712,33554432,11.904185352958038,1818.7975856203216,2,2,0,48.024472833928854,ok,false,0.10365024200291373,51,1308811264
3.7507106753764674e-06,"{""config.json"":""cells/irregular_s2_r2_off/config.json"",""curves.png"":""cells/irregular_s2_r2_off/curves.png"",""decision"":""decision.json"",""error.png"":""cells/irregular_s2_r2_off/error.png"",""field.npz"":""cells/irregular_s2_r2_off/field.npz"",""gpu_occupancy"":""gpu_occupancy.jsonl"",""history.json"":""cells/irregular_s2_r2_off/history.json"",""input_field.npz"":""cells/irregular_s2_r2_off/input_field.npz"",""mask.npy"":""cells/irregular_s2_r2_off/mask.npy"",""occupancy_after.json"":""cells/irregular_s2_r2_off/occupancy_after.json"",""occupancy_before.json"":""cells/irregular_s2_r2_off/occupancy_before.json"",""reconstruction.npy"":""cells/irregular_s2_r2_off/reconstruction.npy"",""reconstruction.png"":""cells/irregular_s2_r2_off/reconstruction.png"",""target.npy"":""cells/irregular_s2_r2_off/target.npy"",""target.png"":""cells/irregular_s2_r2_off/target.png""}",off,0,33554432,0.0,0,0,irregular_s2_r2_off,1.1920928955078125e-07,shared_correctness,irregular,99,48,0.3227517306804657,5.960464477539063e-08,0.5938376188278198,144,8121344,33554432,11.904185352895219,1818.7975856466305,2,2,0,48.024472833928854,ok,false,0.21147565600040252,51,1330503680
8.037250722736644e-07,"{""config.json"":""cells/irregular_s2_r2_csr/config.json"",""curves.png"":""cells/irregular_s2_r2_csr/curves.png"",""decision"":""decision.json"",""error.png"":""cells/irregular_s2_r2_csr/error.png"",""field.npz"":""cells/irregular_s2_r2_csr/field.npz"",""gpu_occupancy"":""gpu_occupancy.jsonl"",""history.json"":""cells/irregular_s2_r2_csr/history.json"",""input_field.npz"":""cells/irregular_s2_r2_csr/input_field.npz"",""mask.npy"":""cells/irregular_s2_r2_csr/mask.npy"",""occupancy_after.json"":""cells/irregular_s2_r2_csr/occupancy_after.json"",""occupancy_before.json"":""cells/irregular_s2_r2_csr/occupancy_before.json"",""reconstruction.npy"":""cells/irregular_s2_r2_csr/reconstruction.npy"",""reconstruction.png"":""cells/irregular_s2_r2_csr/reconstruction.png"",""target.npy"":""cells/irregular_s2_r2_csr/target.npy"",""target.png"":""cells/irregular_s2_r2_csr/target.png""}",csr,0,33554432,0.0016723580010875594,1138320,41920,irregular_s2_r2_csr,5.960464477539063e-08,shared_correctness,irregular,99,48,0.3227517306804657,5.960464477539063e-08,0.5938376188278198,144,6323712,33554432,11.904185355539473,1818.7975845392332,2,2,0,48.024472833928854,ok,false,0.10399232999770902,51,1315962880
1.6967511555776582e-06,"{""config.json"":""cells/irregular_s2_r3_scatter/config.json"",""curves.png"":""cells/irregular_s2_r3_scatter/curves.png"",""decision"":""decision.json"",""error.png"":""cells/irregular_s2_r3_scatter/error.png"",""field.npz"":""cells/irregular_s2_r3_scatter/field.npz"",""gpu_occupancy"":""gpu_occupancy.jsonl"",""history.json"":""cells/irregular_s2_r3_scatter/history.json"",""input_field.npz"":""cells/irregular_s2_r3_scatter/input_field.npz"",""mask.npy"":""cells/irregular_s2_r3_scatter/mask.npy"",""occupancy_after.json"":""cells/irregular_s2_r3_scatter/occupancy_after.json"",""occupancy_before.json"":""cells/irregular_s2_r3_scatter/occupancy_before.json"",""reconstruction.npy"":""cells/irregular_s2_r3_scatter/reconstruction.npy"",""reconstruction.png"":""cells/irregular_s2_r3_scatter/reconstruction.png"",""target.npy"":""cells/irregular_s2_r3_scatter/target.npy"",""target.png"":""cells/irregular_s2_r3_scatter/target.png""}",scatter,0,33554432,0.0011923140009457711,838400,41920,irregular_s2_r3_scatter,5.960464477539063e-08,shared_correctness,irregular,99,48,0.3227517306804657,5.960464477539063e-08,0.5938376188278198,144,6323712,33554432,11.904185352934299,1818.7975856302648,3,2,0,48.024472833928854,ok,false,0.1042714299983345,51,1335296000
7.144223559407692e-07,"{""config.json"":""cells/irregular_s2_r3_csr/config.json"",""curves.png"":""cells/irregular_s2_r3_csr/curves.png"",""decision"":""decision.json"",""error.png"":""cells/irregular_s2_r3_csr/error.png"",""field.npz"":""cells/irregular_s2_r3_csr/field.npz"",""gpu_occupancy"":""gpu_occupancy.jsonl"",""history.json"":""cells/irregular_s2_r3_csr/history.json"",""input_field.npz"":""cells/irregular_s2_r3_csr/input_field.npz"",""mask.npy"":""cells/irregular_s2_r3_csr/mask.npy"",""occupancy_after.json"":""cells/irregular_s2_r3_csr/occupancy_after.json"",""occupancy_before.json"":""cells/irregular_s2_r3_csr/occupancy_before.json"",""reconstruction.npy"":""cells/irregular_s2_r3_csr/reconstruction.npy"",""reconstruction.png"":""cells/irregular_s2_r3_csr/reconstruction.png"",""target.npy"":""cells/irregular_s2_r3_csr/target.npy"",""target.png"":""cells/irregular_s2_r3_csr/target.png""}",csr,0,33554432,0.0016662150010233745,1138320,41920,irregular_s2_r3_csr,5.960464477539063e-08,shared_correctness,irregular,99,48,0.3227517306804657,5.960464477539063e-08,0.5938376188278198,144,6323712,33554432,11.904185352926273,1818.7975856336252,3,2,0,48.024472833928854,ok,false,0.10300677700070082,51,1330544640
2.589774794614641e-06,"{""config.json"":""cells/irregular_s2_r3_off/config.json"",""curves.png"":""cells/irregular_s2_r3_off/curves.png"",""decision"":""decision.json"",""error.png"":""cells/irregular_s2_r3_off/error.png"",""field.npz"":""cells/irregular_s2_r3_off/field.npz"",""gpu_occupancy"":""gpu_occupancy.jsonl"",""history.json"":""cells/irregular_s2_r3_off/history.json"",""input_field.npz"":""cells/irregular_s2_r3_off/input_field.npz"",""mask.npy"":""cells/irregular_s2_r3_off/mask.npy"",""occupancy_after.json"":""cells/irregular_s2_r3_off/occupancy_after.json"",""occupancy_before.json"":""cells/irregular_s2_r3_off/occupancy_before.json"",""reconstruction.npy"":""cells/irregular_s2_r3_off/reconstruction.npy"",""reconstruction.png"":""cells/irregular_s2_r3_off/reconstruction.png"",""target.npy"":""cells/irregular_s2_r3_off/target.npy"",""target.png"":""cells/irregular_s2_r3_off/target.png""}",off,0,33554432,0.0,0,0,irregular_s2_r3_off,5.960464477539063e-08,shared_correctness,irregular,99,48,0.3227517306804657,1.1920928955078125e-07,0.5938376188278198,144,8121344,33554432,11.904185355205392,1818.7975846791442,3,2,0,48.024472833928854,ok,false,0.2108235630003037,51,1306882048
9.82330448096036e-07,"{""config.json"":""cells/irregular_s2_r4_csr/config.json"",""curves.png"":""cells/irregular_s2_r4_csr/curves.png"",""decision"":""decision.json"",""error.png"":""cells/irregular_s2_r4_csr/error.png"",""field.npz"":""cells/irregular_s2_r4_csr/field.npz"",""gpu_occupancy"":""gpu_occupancy.jsonl"",""history.json"":""cells/irregular_s2_r4_csr/history.json"",""input_field.npz"":""cells/irregular_s2_r4_csr/input_field.npz"",""mask.npy"":""cells/irregular_s2_r4_csr/mask.npy"",""occupancy_after.json"":""cells/irregular_s2_r4_csr/occupancy_after.json"",""occupancy_before.json"":""cells/irregular_s2_r4_csr/occupancy_before.json"",""reconstruction.npy"":""cells/irregular_s2_r4_csr/reconstruction.npy"",""reconstruction.png"":""cells/irregular_s2_r4_csr/reconstruction.png"",""target.npy"":""cells/irregular_s2_r4_csr/target.npy"",""target.png"":""cells/irregular_s2_r4_csr/target.png""}",csr,0,33554432,0.0017780210000637453,1138320,41920,irregular_s2_r4_csr,5.960464477539063e-08,shared_correctness,irregular,99,48,0.3227517306804657,5.960464477539063e-08,0.5938376188278198,144,6323712,33554432,11.904185353062342,1818.7975855766404,4,2,0,48.024472833928854,ok,false,0.10622317700108397,51,1329901568
1.4288434613263234e-06,"{""config.json"":""cells/irregular_s2_r4_off/config.json"",""curves.png"":""cells/irregular_s2_r4_off/curves.png"",""decision"":""decision.json"",""error.png"":""cells/irregular_s2_r4_off/error.png"",""field.npz"":""cells/irregular_s2_r4_off/field.npz"",""gpu_occupancy"":""gpu_occupancy.jsonl"",""history.json"":""cells/irregular_s2_r4_off/history.json"",""input_field.npz"":""cells/irregular_s2_r4_off/input_field.npz"",""mask.npy"":""cells/irregular_s2_r4_off/mask.npy"",""occupancy_after.json"":""cells/irregular_s2_r4_off/occupancy_after.json"",""occupancy_before.json"":""cells/irregular_s2_r4_off/occupancy_before.json"",""reconstruction.npy"":""cells/irregular_s2_r4_off/reconstruction.npy"",""reconstruction.png"":""cells/irregular_s2_r4_off/reconstruction.png"",""target.npy"":""cells/irregular_s2_r4_off/target.npy"",""target.png"":""cells/irregular_s2_r4_off/target.png""}",off,0,33554432,0.0,0,0,irregular_s2_r4_off,5.960464477539063e-08,shared_correctness,irregular,99,48,0.3227517306804657,5.960464477539063e-08,0.5938376188278198,144,8121344,33554432,11.904185352325147,1818.7975858853727,4,2,0,48.024472833928854,ok,false,0.20922315400093794,51,1307066368
8.037243333092192e-07,"{""config.json"":""cells/irregular_s2_r4_scatter/config.json"",""curves.png"":""cells/irregular_s2_r4_scatter/curves.png"",""decision"":""decision.json"",""error.png"":""cells/irregular_s2_r4_scatter/error.png"",""field.npz"":""cells/irregular_s2_r4_scatter/field.npz"",""gpu_occupancy"":""gpu_occupancy.jsonl"",""history.json"":""cells/irregular_s2_r4_scatter/history.json"",""input_field.npz"":""cells/irregular_s2_r4_scatter/input_field.npz"",""mask.npy"":""cells/irregular_s2_r4_scatter/mask.npy"",""occupancy_after.json"":""cells/irregular_s2_r4_scatter/occupancy_after.json"",""occupancy_before.json"":""cells/irregular_s2_r4_scatter/occupancy_before.json"",""reconstruction.npy"":""cells/irregular_s2_r4_scatter/reconstruction.npy"",""reconstruction.png"":""cells/irregular_s2_r4_scatter/reconstruction.png"",""target.npy"":""cells/irregular_s2_r4_scatter/target.npy"",""target.png"":""cells/irregular_s2_r4_scatter/target.png""}",scatter,0,33554432,0.0011601529986364767,838400,41920,irregular_s2_r4_scatter,5.960464477539063e-08,shared_correctness,irregular,99,48,0.3227519094944,5.960464477539063e-08,0.5938376188278198,144,6323712,33554432,11.904185354585174,1818.797584938889,4,2,0,48.024472833928854,ok,false,0.10215826599960565,51,1305231360
8.930277886065596e-07,"{""config.json"":""cells/irregular_s2_r5_csr/config.json"",""curves.png"":""cells/irregular_s2_r5_csr/curves.png"",""decision"":""decision.json"",""error.png"":""cells/irregular_s2_r5_csr/error.png"",""field.npz"":""cells/irregular_s2_r5_csr/field.npz"",""gpu_occupancy"":""gpu_occupancy.jsonl"",""history.json"":""cells/irregular_s2_r5_csr/history.json"",""input_field.npz"":""cells/irregular_s2_r5_csr/input_field.npz"",""mask.npy"":""cells/irregular_s2_r5_csr/mask.npy"",""occupancy_after.json"":""cells/irregular_s2_r5_csr/occupancy_after.json"",""occupancy_before.json"":""cells/irregular_s2_r5_csr/occupancy_before.json"",""reconstruction.npy"":""cells/irregular_s2_r5_csr/reconstruction.npy"",""reconstruction.png"":""cells/irregular_s2_r5_csr/reconstruction.png"",""target.npy"":""cells/irregular_s2_r5_csr/target.npy"",""target.png"":""cells/irregular_s2_r5_csr/target.png""}",csr,0,33554432,0.0016960550019575749,1138320,41920,irregular_s2_r5_csr,5.960464477539063e-08,shared_correctness,irregular,99,48,0.3227519094944,5.960464477539063e-08,0.5938376188278198,144,6323712,33554432,11.9041853520663,1818.797585993777,5,2,0,48.024472833928854,ok,false,0.10577194600045914,51,1304358912
8.930273054374993e-08,"{""config.json"":""cells/irregular_s2_r5_scatter/config.json"",""curves.png"":""cells/irregular_s2_r5_scatter/curves.png"",""decision"":""decision.json"",""error.png"":""cells/irregular_s2_r5_scatter/error.png"",""field.npz"":""cells/irregular_s2_r5_scatter/field.npz"",""gpu_occupancy"":""gpu_occupancy.jsonl"",""history.json"":""cells/irregular_s2_r5_scatter/history.json"",""input_field.npz"":""cells/irregular_s2_r5_scatter/input_field.npz"",""mask.npy"":""cells/irregular_s2_r5_scatter/mask.npy"",""occupancy_after.json"":""cells/irregular_s2_r5_scatter/occupancy_after.json"",""occupancy_before.json"":""cells/irregular_s2_r5_scatter/occupancy_before.json"",""reconstruction.npy"":""cells/irregular_s2_r5_scatter/reconstruction.npy"",""reconstruction.png"":""cells/irregular_s2_r5_scatter/reconstruction.png"",""target.npy"":""cells/irregular_s2_r5_scatter/target.npy"",""target.png"":""cells/irregular_s2_r5_scatter/target.png""}",scatter,0,33554432,0.0011042369987990241,838400,41920,irregular_s2_r5_scatter,5.960464477539063e-08,shared_correctness,irregular,99,48,0.3227517306804657,5.960464477539063e-08,0.5938376188278198,144,6323712,33554432,11.904185353177553,1818.7975855283908,5,2,0,48.024472833928854,ok,false,0.10574635100056184,51,1327640576
3.57210160473187e-06,"{""config.json"":""cells/irregular_s2_r5_off/config.json"",""curves.png"":""cells/irregular_s2_r5_off/curves.png"",""decision"":""decision.json"",""error.png"":""cells/irregular_s2_r5_off/error.png"",""field.npz"":""cells/irregular_s2_r5_off/field.npz"",""gpu_occupancy"":""gpu_occupancy.jsonl"",""history.json"":""cells/irregular_s2_r5_off/history.json"",""input_field.npz"":""cells/irregular_s2_r5_off/input_field.npz"",""mask.npy"":""cells/irregular_s2_r5_off/mask.npy"",""occupancy_after.json"":""cells/irregular_s2_r5_off/occupancy_after.json"",""occupancy_before.json"":""cells/irregular_s2_r5_off/occupancy_before.json"",""reconstruction.npy"":""cells/irregular_s2_r5_off/reconstruction.npy"",""reconstruction.png"":""cells/irregular_s2_r5_off/reconstruction.png"",""target.npy"":""cells/irregular_s2_r5_off/target.npy"",""target.png"":""cells/irregular_s2_r5_off/target.png""}",off,0,33554432,0.0,0,0,irregular_s2_r5_off,5.960464477539063e-08,shared_correctness,irregular,99,48,0.3227517306804657,5.960464477539063e-08,0.5938376188278198,144,8121344,33554432,11.904185353596102,1818.7975853531052,5,2,0,48.024472833928854,ok,false,0.2060986510005023,51,1329852416
1.0835997272806708e-05,"{""config.json"":""cells/hier031_s0_r0_off/config.json"",""curves.png"":""cells/hier031_s0_r0_off/curves.png"",""decision"":""decision.json"",""error.png"":""cells/hier031_s0_r0_off/error.png"",""field.npz"":""cells/hier031_s0_r0_off/field.npz"",""gpu_occupancy"":""gpu_occupancy.jsonl"",""history.json"":""cells/hier031_s0_r0_off/history.json"",""input_field.npz"":""cells/hier031_s0_r0_off/input_field.npz"",""mask.npy"":""cells/hier031_s0_r0_off/mask.npy"",""occupancy_after.json"":""cells/hier031_s0_r0_off/occupancy_after.json"",""occupancy_before.json"":""cells/hier031_s0_r0_off/occupancy_before.json"",""reconstruction.npy"":""cells/hier031_s0_r0_off/reconstruction.npy"",""reconstruction.png"":""cells/hier031_s0_r0_off/reconstruction.png"",""target.npy"":""cells/hier031_s0_r0_off/target.npy"",""target.png"":""cells/hier031_s0_r0_off/target.png""}",off,0,33554432,0.0,0,0,hier031_s0_r0_off,4.76837158203125e-07,shared_correctness,hier031,99,48,0.02004104107618332,9.5367431640625e-07,0.9958440065383911,7000,225154560,297795584,23.871049060778077,1078.2358365480322,0,0,26,42.81355075388909,ok,false,7.202003172998957,51,1513627648
1.0836149613169255e-06,"{""config.json"":""cells/hier031_s0_r0_scatter/config.json"",""curves.png"":""cells/hier031_s0_r0_scatter/curves.png"",""decision"":""decision.json"",""error.png"":""cells/hier031_s0_r0_scatter/error.png"",""field.npz"":""cells/hier031_s0_r0_scatter/field.npz"",""gpu_occupancy"":""gpu_occupancy.jsonl"",""history.json"":""cells/hier031_s0_r0_scatter/history.json"",""input_field.npz"":""cells/hier031_s0_r0_scatter/input_field.npz"",""mask.npy"":""cells/hier031_s0_r0_scatter/mask.npy"",""occupancy_after.json"":""cells/hier031_s0_r0_scatter/occupancy_after.json"",""occupancy_before.json"":""cells/hier031_s0_r0_scatter/occupancy_before.json"",""reconstruction.npy"":""cells/hier031_s0_r0_scatter/reconstruction.npy"",""reconstruction.png"":""cells/hier031_s0_r0_scatter/reconstruction.png"",""target.npy"":""cells/hier031_s0_r0_scatter/target.npy"",""target.png"":""cells/hier031_s0_r0_scatter/target.png""}",scatter,0,33554432,0.007278969002072699,14231380,711569,hier031_s0_r0_scatter,4.76837158203125e-07,shared_correctness,hier031,99,48,0.02004176378250122,9.5367431640625e-07,0.9958440661430359,7000,189353472,226492416,23.871035471047875,1078.2392105160761,0,0,26,42.81355075388909,ok,false,6.329105235003226,51,1515040768
2.167213551729219e-06,"{""config.json"":""cells/hier031_s0_r0_csr/config.json"",""curves.png"":""cells/hier031_s0_r0_csr/curves.png"",""decision"":""decision.json"",""error.png"":""cells/hier031_s0_r0_csr/error.png"",""field.npz"":""cells/hier031_s0_r0_csr/field.npz"",""gpu_occupancy"":""gpu_occupancy.jsonl"",""history.json"":""cells/hier031_s0_r0_csr/history.json"",""input_field.npz"":""cells/hier031_s0_r0_csr/input_field.npz"",""mask.npy"":""cells/hier031_s0_r0_csr/mask.npy"",""occupancy_after.json"":""cells/hier031_s0_r0_csr/occupancy_after.json"",""occupancy_before.json"":""cells/hier031_s0_r0_csr/occupancy_before.json"",""reconstruction.npy"":""cells/hier031_s0_r0_csr/reconstruction.npy"",""reconstruction.png"":""cells/hier031_s0_r0_csr/reconstruction.png"",""target.npy"":""cells/hier031_s0_r0_csr/target.npy"",""target.png"":""cells/hier031_s0_r0_csr/target.png""}",csr,0,33554432,0.03473040700191632,27098472,711569,hier031_s0_r0_csr,2.980232238769531e-07,shared_correctness,hier031,99,48,0.02004016563296318,1.9073486328125e-06,0.9958440065383911,7000,212405248,276824064,23.871047558186106,1078.236209601077,0,0,26,42.81355075388909,ok,false,6.457698436999635,51,1529057280
7.585255389130907e-06,"{""config.json"":""cells/hier031_s0_r1_off/config.json"",""curves.png"":""cells/hier031_s0_r1_off/curves.png"",""decision"":""decision.json"",""error.png"":""cells/hier031_s0_r1_off/error.png"",""field.npz"":""cells/hier031_s0_r1_off/field.npz"",""gpu_occupancy"":""gpu_occupancy.jsonl"",""history.json"":""cells/hier031_s0_r1_off/history.json"",""input_field.npz"":""cells/hier031_s0_r1_off/input_field.npz"",""mask.npy"":""cells/hier031_s0_r1_off/mask.npy"",""occupancy_after.json"":""cells/hier031_s0_r1_off/occupancy_after.json"",""occupancy_before.json"":""cells/hier031_s0_r1_off/occupancy_before.json"",""reconstruction.npy"":""cells/hier031_s0_r1_off/reconstruction.npy"",""reconstruction.png"":""cells/hier031_s0_r1_off/reconstruction.png"",""target.npy"":""cells/hier031_s0_r1_off/target.npy"",""target.png"":""cells/hier031_s0_r1_off/target.png""}",off,0,33554432,0.0,0,0,hier031_s0_r1_off,4.76837158203125e-07,shared_correctness,hier031,99,48,0.020036205649375916,4.76837158203125e-07,0.9958419799804688,7000,225154560,297795584,23.871242098676788,1078.1879115194706,1,0,27,42.81355075388909,ok,false,7.139377223000338,51,1493938176
2.167213551729219e-06,"{""config.json"":""cells/hier031_s0_r1_csr/config.json"",""curves.png"":""cells/hier031_s0_r1_csr/curves.png"",""decision"":""decision.json"",""error.png"":""cells/hier031_s0_r1_csr/error.png"",""field.npz"":""cells/hier031_s0_r1_csr/field.npz"",""gpu_occupancy"":""gpu_occupancy.jsonl"",""history.json"":""cells/hier031_s0_r1_csr/history.json"",""input_field.npz"":""cells/hier031_s0_r1_csr/input_field.npz"",""mask.npy"":""cells/hier031_s0_r1_csr/mask.npy"",""occupancy_after.json"":""cells/hier031_s0_r1_csr/occupancy_after.json"",""occupancy_before.json"":""cells/hier031_s0_r1_csr/occupancy_before.json"",""reconstruction.npy"":""cells/hier031_s0_r1_csr/reconstruction.npy"",""reconstruction.png"":""cells/hier031_s0_r1_csr/reconstruction.png"",""target.npy"":""cells/hier031_s0_r1_csr/target.npy"",""target.png"":""cells/hier031_s0_r1_csr/target.png""}",csr,0,33554432,0.03483481199873495,27098472,711569,hier031_s0_r1_csr,9.5367431640625e-07,shared_correctness,hier031,99,48,0.020040951669216156,1.430511474609375e-06,0.9958440661430359,7000,212405248,276824064,23.871041531639957,1078.2377058311831,1,0,26,42.81355075388909,ok,false,6.356269840998721,51,1506234368
1.0836056389962323e-06,"{""config.json"":""cells/hier031_s0_r1_scatter/config.json"",""curves.png"":""cells/hier031_s0_r1_scatter/curves.png"",""decision"":""decision.json"",""error.png"":""cells/hier031_s0_r1_scatter/error.png"",""field.npz"":""cells/hier031_s0_r1_scatter/field.npz"",""gpu_occupancy"":""gpu_occupancy.jsonl"",""history.json"":""cells/hier031_s0_r1_scatter/history.json"",""input_field.npz"":""cells/hier031_s0_r1_scatter/input_field.npz"",""mask.npy"":""cells/hier031_s0_r1_scatter/mask.npy"",""occupancy_after.json"":""cells/hier031_s0_r1_scatter/occupancy_after.json"",""occupancy_before.json"":""cells/hier031_s0_r1_scatter/occupancy_before.json"",""reconstruction.npy"":""cells/hier031_s0_r1_scatter/reconstruction.npy"",""reconstruction.png"":""cells/hier031_s0_r1_scatter/reconstruction.png"",""target.npy"":""cells/hier031_s0_r1_scatter/target.npy"",""target.png"":""cells/hier031_s0_r1_scatter/target.png""}",scatter,0,33554432,0.007244083000841783,14231380,711569,hier031_s0_r1_scatter,2.384185791015625e-07,shared_correctness,hier031,99,48,0.020040500909090042,5.364418029785156e-07,0.9958442449569702,7000,189353472,226492416,23.871020209664557,1078.2429995236505,1,0,26,42.81355075388909,ok,false,6.265466931999981,51,1488683008
5.418010459834477e-06,"{""config.json"":""cells/hier031_s0_r2_scatter/config.json"",""curves.png"":""cells/hier031_s0_r2_scatter/curves.png"",""decision"":""decision.json"",""error.png"":""cells/hier031_s0_r2_scatter/error.png"",""field.npz"":""cells/hier031_s0_r2_scatter/field.npz"",""gpu_occupancy"":""gpu_occupancy.jsonl"",""history.json"":""cells/hier031_s0_r2_scatter/history.json"",""input_field.npz"":""cells/hier031_s0_r2_scatter/input_field.npz"",""mask.npy"":""cells/hier031_s0_r2_scatter/mask.npy"",""occupancy_after.json"":""cells/hier031_s0_r2_scatter/occupancy_after.json"",""occupancy_before.json"":""cells/hier031_s0_r2_scatter/occupancy_before.json"",""reconstruction.npy"":""cells/hier031_s0_r2_scatter/reconstruction.npy"",""reconstruction.png"":""cells/hier031_s0_r2_scatter/reconstruction.png"",""target.npy"":""cells/hier031_s0_r2_scatter/target.npy"",""target.png"":""cells/hier031_s0_r2_scatter/target.png""}",scatter,0,33554432,0.0072381300014967564,14231380,711569,hier031_s0_r2_scatter,4.76837158203125e-07,shared_correctness,hier031,99,48,0.02003416419029236,4.76837158203125e-07,0.9958412647247314,7000,189353472,226492416,23.87127474380921,1078.1798070059838,2,0,27,42.81355075388909,ok,false,6.309713577997172,51,1521102848
1.1919596545340028e-05,"{""config.json"":""cells/hier031_s0_r2_off/config.json"",""curves.png"":""cells/hier031_s0_r2_off/curves.png"",""decision"":""decision.json"",""error.png"":""cells/hier031_s0_r2_off/error.png"",""field.npz"":""cells/hier031_s0_r2_off/field.npz"",""gpu_occupancy"":""gpu_occupancy.jsonl"",""history.json"":""cells/hier031_s0_r2_off/history.json"",""input_field.npz"":""cells/hier031_s0_r2_off/input_field.npz"",""mask.npy"":""cells/hier031_s0_r2_off/mask.npy"",""occupancy_after.json"":""cells/hier031_s0_r2_off/occupancy_after.json"",""occupancy_before.json"":""cells/hier031_s0_r2_off/occupancy_before.json"",""reconstruction.npy"":""cells/hier031_s0_r2_off/reconstruction.npy"",""reconstruction.png"":""cells/hier031_s0_r2_off/reconstruction.png"",""target.npy"":""cells/hier031_s0_r2_off/target.npy"",""target.png"":""cells/hier031_s0_r2_off/target.png""}",off,0,33554432,0.0,0,0,hier031_s0_r2_off,4.76837158203125e-07,shared_correctness,hier031,99,48,0.020040251314640045,7.152557373046875e-07,0.9958440661430359,7000,225154560,297795584,23.871028152658724,1078.241027481551,2,0,26,42.81355075388909,ok,false,7.183039381001436,51,1528336384
0.0,"{""config.json"":""cells/hier031_s0_r2_csr/config.json"",""curves.png"":""cells/hier031_s0_r2_csr/curves.png"",""decision"":""decision.json"",""error.png"":""cells/hier031_s0_r2_csr/error.png"",""field.npz"":""cells/hier031_s0_r2_csr/field.npz"",""gpu_occupancy"":""gpu_occupancy.jsonl"",""history.json"":""cells/hier031_s0_r2_csr/history.json"",""input_field.npz"":""cells/hier031_s0_r2_csr/input_field.npz"",""mask.npy"":""cells/hier031_s0_r2_csr/mask.npy"",""occupancy_after.json"":""cells/hier031_s0_r2_csr/occupancy_after.json"",""occupancy_before.json"":""cells/hier031_s0_r2_csr/occupancy_before.json"",""reconstruction.npy"":""cells/hier031_s0_r2_csr/reconstruction.npy"",""reconstruction.png"":""cells/hier031_s0_r2_csr/reconstruction.png"",""target.npy"":""cells/hier031_s0_r2_csr/target.npy"",""target.png"":""cells/hier031_s0_r2_csr/target.png""}",csr,0,33554432,0.03479341599813779,27098472,711569,hier031_s0_r2_csr,4.76837158203125e-07,shared_correctness,hier031,99,48,0.020040567964315414,1.9669532775878906e-06,0.9958440065383911,7000,212405248,276824064,23.87104889447503,1078.235877836585,2,0,26,42.81355075388909,ok,false,6.421984076001536,51,1489809408
0.0,"{""config.json"":""cells/hier031_s0_r3_scatter/config.json"",""curves.png"":""cells/hier031_s0_r3_scatter/curves.png"",""decision"":""decision.json"",""error.png"":""cells/hier031_s0_r3_scatter/error.png"",""field.npz"":""cells/hier031_s0_r3_scatter/field.npz"",""gpu_occupancy"":""gpu_occupancy.jsonl"",""history.json"":""cells/hier031_s0_r3_scatter/history.json"",""input_field.npz"":""cells/hier031_s0_r3_scatter/input_field.npz"",""mask.npy"":""cells/hier031_s0_r3_scatter/mask.npy"",""occupancy_after.json"":""cells/hier031_s0_r3_scatter/occupancy_after.json"",""occupancy_before.json"":""cells/hier031_s0_r3_scatter/occupancy_before.json"",""reconstruction.npy"":""cells/hier031_s0_r3_scatter/reconstruction.npy"",""reconstruction.png"":""cells/hier031_s0_r3_scatter/reconstruction.png"",""target.npy"":""cells/hier031_s0_r3_scatter/target.npy"",""target.png"":""cells/hier031_s0_r3_scatter/target.png""}",scatter,0,33554432,0.007251123999594711,14231380,711569,hier031_s0_r3_scatter,4.76837158203125e-07,shared_correctness,hier031,99,48,0.020041534677147865,9.5367431640625e-07,0.9958439469337463,7000,189353472,226492416,23.871045543132496,1078.236709884724,3,0,26,42.81355075388909,ok,false,6.242566266999347,51,1490288640
2.167213551729219e-06,"{""config.json"":""cells/hier031_s0_r3_csr/config.json"",""curves.png"":""cells/hier031_s0_r3_csr/curves.png"",""decision"":""decision.json"",""error.png"":""cells/hier031_s0_r3_csr/error.png"",""field.npz"":""cells/hier031_s0_r3_csr/field.npz"",""gpu_occupancy"":""gpu_occupancy.jsonl"",""history.json"":""cells/hier031_s0_r3_csr/history.json"",""input_field.npz"":""cells/hier031_s0_r3_csr/input_field.npz"",""mask.npy"":""cells/hier031_s0_r3_csr/mask.npy"",""occupancy_after.json"":""cells/hier031_s0_r3_csr/occupancy_after.json"",""occupancy_before.json"":""cells/hier031_s0_r3_csr/occupancy_before.json"",""reconstruction.npy"":""cells/hier031_s0_r3_csr/reconstruction.npy"",""reconstruction.png"":""cells/hier031_s0_r3_csr/reconstruction.png"",""target.npy"":""cells/hier031_s0_r3_csr/target.npy"",""target.png"":""cells/hier031_s0_r3_csr/target.png""}",csr,0,33554432,0.0355375439976342,27098472,711569,hier031_s0_r3_csr,4.76837158203125e-07,shared_correctness,hier031,99,48,0.020040664821863174,1.6391277313232422e-06,0.9958440065383911,7000,212405248,276824064,23.87104769658422,1078.2361752405538,3,0,26,42.81355075388909,ok,false,6.400512721000268,51,1509875712
1.0836020919668954e-05,"{""config.json"":""cells/hier031_s0_r3_off/config.json"",""curves.png"":""cells/hier031_s0_r3_off/curves.png"",""decision"":""decision.json"",""error.png"":""cells/hier031_s0_r3_off/error.png"",""field.npz"":""cells/hier031_s0_r3_off/field.npz"",""gpu_occupancy"":""gpu_occupancy.jsonl"",""history.json"":""cells/hier031_s0_r3_off/history.json"",""input_field.npz"":""cells/hier031_s0_r3_off/input_field.npz"",""mask.npy"":""cells/hier031_s0_r3_off/mask.npy"",""occupancy_after.json"":""cells/hier031_s0_r3_off/occupancy_after.json"",""occupancy_before.json"":""cells/hier031_s0_r3_off/occupancy_before.json"",""reconstruction.npy"":""cells/hier031_s0_r3_off/reconstruction.npy"",""reconstruction.png"":""cells/hier031_s0_r3_off/reconstruction.png"",""target.npy"":""cells/hier031_s0_r3_off/target.npy"",""target.png"":""cells/hier031_s0_r3_off/target.png""}",off,0,33554432,0.0,0,0,hier031_s0_r3_off,4.76837158203125e-07,shared_correctness,hier031,99,48,0.020041078329086304,5.364418029785156e-07,0.9958438873291016,7000,225154560,297795584,23.871049080992883,1078.235831529243,3,0,26,42.81355075388909,ok,false,7.2050877129986475,51,1518641152
4.3344175537640695e-06,"{""config.json"":""cells/hier031_s0_r4_csr/config.json"",""curves.png"":""cells/hier031_s0_r4_csr/curves.png"",""decision"":""decision.json"",""error.png"":""cells/hier031_s0_r4_csr/error.png"",""field.npz"":""cells/hier031_s0_r4_csr/field.npz"",""gpu_occupancy"":""gpu_occupancy.jsonl"",""history.json"":""cells/hier031_s0_r4_csr/history.json"",""input_field.npz"":""cells/hier031_s0_r4_csr/input_field.npz"",""mask.npy"":""cells/hier031_s0_r4_csr/mask.npy"",""occupancy_after.json"":""cells/hier031_s0_r4_csr/occupancy_after.json"",""occupancy_before.json"":""cells/hier031_s0_r4_csr/occupancy_before.json"",""reconstruction.npy"":""cells/hier031_s0_r4_csr/reconstruction.npy"",""reconstruction.png"":""cells/hier031_s0_r4_csr/reconstruction.png"",""target.npy"":""cells/hier031_s0_r4_csr/target.npy"",""target.png"":""cells/hier031_s0_r4_csr/target.png""}",csr,0,33554432,0.03472598900043522,27098472,711569,hier031_s0_r4_csr,4.76837158203125e-07,shared_correctness,hier031,99,48,0.02004142478108406,1.8477439880371094e-06,0.9958440065383911,7000,212405248,276824064,23.87104222811346,1078.2375329153472,4,0,26,42.81355075388909,ok,false,6.357851295000728,51,1514274816
4.334408458817052e-06,"{""config.json"":""cells/hier031_s0_r4_off/config.json"",""curves.png"":""cells/hier031_s0_r4_off/curves.png"",""decision"":""decision.json"",""error.png"":""cells/hier031_s0_r4_off/error.png"",""field.npz"":""cells/hier031_s0_r4_off/field.npz"",""gpu_occupancy"":""gpu_occupancy.jsonl"",""history.json"":""cells/hier031_s0_r4_off/history.json"",""input_field.npz"":""cells/hier031_s0_r4_off/input_field.npz"",""mask.npy"":""cells/hier031_s0_r4_off/mask.npy"",""occupancy_after.json"":""cells/hier031_s0_r4_off/occupancy_after.json"",""occupancy_before.json"":""cells/hier031_s0_r4_off/occupancy_before.json"",""reconstruction.npy"":""cells/hier031_s0_r4_off/reconstruction.npy"",""reconstruction.png"":""cells/hier031_s0_r4_off/reconstruction.png"",""target.npy"":""cells/hier031_s0_r4_off/target.npy"",""target.png"":""cells/hier031_s0_r4_off/target.png""}",off,0,33554432,0.0,0,0,hier031_s0_r4_off,4.76837158203125e-07,shared_correctness,hier031,99,48,0.020040906965732574,9.5367431640625e-07,0.9958440661430359,7000,225154560,297795584,23.87104314177485,1078.2373060775813,4,0,26,42.81355075388909,ok,false,7.40829219599982,51,1514061824
1.625390723347664e-05,"{""config.json"":""cells/hier031_s0_r4_scatter/config.json"",""curves.png"":""cells/hier031_s0_r4_scatter/curves.png"",""decision"":""decision.json"",""error.png"":""cells/hier031_s0_r4_scatter/error.png"",""field.npz"":""cells/hier031_s0_r4_scatter/field.npz"",""gpu_occupancy"":""gpu_occupancy.jsonl"",""history.json"":""cells/hier031_s0_r4_scatter/history.json"",""input_field.npz"":""cells/hier031_s0_r4_scatter/input_field.npz"",""mask.npy"":""cells/hier031_s0_r4_scatter/mask.npy"",""occupancy_after.json"":""cells/hier031_s0_r4_scatter/occupancy_after.json"",""occupancy_before.json"":""cells/hier031_s0_r4_scatter/occupancy_before.json"",""reconstruction.npy"":""cells/hier031_s0_r4_scatter/reconstruction.npy"",""reconstruction.png"":""cells/hier031_s0_r4_scatter/reconstruction.png"",""target.npy"":""cells/hier031_s0_r4_scatter/target.npy"",""target.png"":""cells/hier031_s0_r4_scatter/target.png""}",scatter,0,33554432,0.0072213880011986475,14231380,711569,hier031_s0_r4_scatter,2.384185791015625e-07,shared_correctness,hier031,99,48,0.020040608942508698,9.5367431640625e-07,0.9958440661430359,7000,189353472,226492416,23.87104313799143,1078.2373070169044,4,0,26,42.81355075388909,ok,false,7.67437253600292,51,1531502592
4.3344175537640695e-06,"{""config.json"":""cells/hier031_s0_r5_csr/config.json"",""curves.png"":""cells/hier031_s0_r5_csr/curves.png"",""decision"":""decision.json"",""error.png"":""cells/hier031_s0_r5_csr/error.png"",""field.npz"":""cells/hier031_s0_r5_csr/field.npz"",""gpu_occupancy"":""gpu_occupancy.jsonl"",""history.json"":""cells/hier031_s0_r5_csr/history.json"",""input_field.npz"":""cells/hier031_s0_r5_csr/input_field.npz"",""mask.npy"":""cells/hier031_s0_r5_csr/mask.npy"",""occupancy_after.json"":""cells/hier031_s0_r5_csr/occupancy_after.json"",""occupancy_before.json"":""cells/hier031_s0_r5_csr/occupancy_before.json"",""reconstruction.npy"":""cells/hier031_s0_r5_csr/reconstruction.npy"",""reconstruction.png"":""cells/hier031_s0_r5_csr/reconstruction.png"",""target.npy"":""cells/hier031_s0_r5_csr/target.npy"",""target.png"":""cells/hier031_s0_r5_csr/target.png""}",csr,0,33554432,0.05192374699981883,27098472,711569,hier031_s0_r5_csr,9.5367431640625e-07,shared_correctness,hier031,99,48,0.020040445029735565,1.4901161193847656e-06,0.9958440065383911,7000,212405248,276824064,23.871041555253782,1078.2376999684977,5,0,26,42.81355075388909,ok,false,11.598785259997385,51,1504559104
0.0,"{""config.json"":""cells/hier031_s0_r5_scatter/config.json"",""curves.png"":""cells/hier031_s0_r5_scatter/curves.png"",""decision"":""decision.json"",""error.png"":""cells/hier031_s0_r5_scatter/error.png"",""field.npz"":""cells/hier031_s0_r5_scatter/field.npz"",""gpu_occupancy"":""gpu_occupancy.jsonl"",""history.json"":""cells/hier031_s0_r5_scatter/history.json"",""input_field.npz"":""cells/hier031_s0_r5_scatter/input_field.npz"",""mask.npy"":""cells/hier031_s0_r5_scatter/mask.npy"",""occupancy_after.json"":""cells/hier031_s0_r5_scatter/occupancy_after.json"",""occupancy_before.json"":""cells/hier031_s0_r5_scatter/occupancy_before.json"",""reconstruction.npy"":""cells/hier031_s0_r5_scatter/reconstruction.npy"",""reconstruction.png"":""cells/hier031_s0_r5_scatter/reconstruction.png"",""target.npy"":""cells/hier031_s0_r5_scatter/target.npy"",""target.png"":""cells/hier031_s0_r5_scatter/target.png""}",scatter,0,33554432,0.010879162000492215,14231380,711569,hier031_s0_r5_scatter,4.76837158203125e-07,shared_correctness,hier031,99,48,0.02004087157547474,8.344650268554688e-07,0.9958440065383911,7000,189353472,226492416,23.871046174803578,1078.2365530577486,5,0,26,42.81355075388909,ok,false,11.71438071400189,51,1502486528
0.0,"{""config.json"":""cells/hier031_s0_r5_off/config.json"",""curves.png"":""cells/hier031_s0_r5_off/curves.png"",""decision"":""decision.json"",""error.png"":""cells/hier031_s0_r5_off/error.png"",""field.npz"":""cells/hier031_s0_r5_off/field.npz"",""gpu_occupancy"":""gpu_occupancy.jsonl"",""history.json"":""cells/hier031_s0_r5_off/history.json"",""input_field.npz"":""cells/hier031_s0_r5_off/input_field.npz"",""mask.npy"":""cells/hier031_s0_r5_off/mask.npy"",""occupancy_after.json"":""cells/hier031_s0_r5_off/occupancy_after.json"",""occupancy_before.json"":""cells/hier031_s0_r5_off/occupancy_before.json"",""reconstruction.npy"":""cells/hier031_s0_r5_off/reconstruction.npy"",""reconstruction.png"":""cells/hier031_s0_r5_off/reconstruction.png"",""target.npy"":""cells/hier031_s0_r5_off/target.npy"",""target.png"":""cells/hier031_s0_r5_off/target.png""}",off,0,33554432,0.0,0,0,hier031_s0_r5_off,4.76837158203125e-07,shared_correctness,hier031,99,48,0.020040934905409813,5.960464477539062e-07,0.9958439469337463,7000,225154560,297795584,23.871047982035428,1078.2361043707137,5,0,26,42.81355075388909,ok,false,14.059670102000382,51,1514516480
