actual_support_overlap,cuda_event_ms,height,mode,n_gaussians,phase,repeat,requested_support_overlap,seed,support_aabb_visits,width,within_cell_measurement_order,work_scope
4.666259765625,0.4126720130443573,128,cuda,512,exact_forward,0,4.0,0,76452,128,0,synthetic_microfit_cuda_event_device_timeline_only
4.666259765625,0.41471999883651733,128,cuda,512,exact_forward,1,4.0,0,76452,128,0,synthetic_microfit_cuda_event_device_timeline_only
4.666259765625,0.4208639860153198,128,cuda,512,exact_forward,2,4.0,0,76452,128,0,synthetic_microfit_cuda_event_device_timeline_only
4.666259765625,0.4044800102710724,128,cuda,512,exact_forward,3,4.0,0,76452,128,0,synthetic_microfit_cuda_event_device_timeline_only
4.666259765625,0.3789759874343872,128,cuda,512,exact_forward,4,4.0,0,76452,128,0,synthetic_microfit_cuda_event_device_timeline_only
4.666259765625,0.38604798913002014,128,cuda,512,exact_forward,5,4.0,0,76452,128,0,synthetic_microfit_cuda_event_device_timeline_only
4.666259765625,0.3787519931793213,128,cuda,512,exact_forward,6,4.0,0,76452,128,0,synthetic_microfit_cuda_event_device_timeline_only
4.666259765625,0.38099199533462524,128,cuda,512,exact_forward,7,4.0,0,76452,128,0,synthetic_microfit_cuda_event_device_timeline_only
4.666259765625,0.38707199692726135,128,cuda,512,exact_forward,8,4.0,0,76452,128,0,synthetic_microfit_cuda_event_device_timeline_only
4.666259765625,0.3758080005645752,128,cuda,512,exact_forward,9,4.0,0,76452,128,0,synthetic_microfit_cuda_event_device_timeline_only
4.666259765625,0.40224000811576843,128,cuda,512,exact_forward,10,4.0,0,76452,128,0,synthetic_microfit_cuda_event_device_timeline_only
4.666259765625,0.374783992767334,128,cuda,512,exact_forward,11,4.0,0,76452,128,0,synthetic_microfit_cuda_event_device_timeline_only
4.666259765625,0.37990400195121765,128,cuda,512,exact_forward,12,4.0,0,76452,128,0,synthetic_microfit_cuda_event_device_timeline_only
4.666259765625,0.37993600964546204,128,cuda,512,exact_forward,13,4.0,0,76452,128,0,synthetic_microfit_cuda_event_device_timeline_only
4.666259765625,0.4044800102710724,128,cuda,512,exact_forward,14,4.0,0,76452,128,0,synthetic_microfit_cuda_event_device_timeline_only
4.666259765625,0.5611519813537598,128,cuda,512,exact_backward,0,4.0,0,76452,128,0,synthetic_microfit_cuda_event_device_timeline_only
4.666259765625,0.5252479910850525,128,cuda,512,exact_backward,1,4.0,0,76452,128,0,synthetic_microfit_cuda_event_device_timeline_only
4.666259765625,0.5099520087242126,128,cuda,512,exact_backward,2,4.0,0,76452,128,0,synthetic_microfit_cuda_event_device_timeline_only
4.666259765625,0.5089280009269714,128,cuda,512,exact_backward,3,4.0,0,76452,128,0,synthetic_microfit_cuda_event_device_timeline_only
4.666259765625,0.4976319968700409,128,cuda,512,exact_backward,4,4.0,0,76452,128,0,synthetic_microfit_cuda_event_device_timeline_only
4.666259765625,0.5006719827651978,128,cuda,512,exact_backward,5,4.0,0,76452,128,0,synthetic_microfit_cuda_event_device_timeline_only
4.666259765625,0.48422399163246155,128,cuda,512,exact_backward,6,4.0,0,76452,128,0,synthetic_microfit_cuda_event_device_timeline_only
4.666259765625,0.4822719991207123,128,cuda,512,exact_backward,7,4.0,0,76452,128,0,synthetic_microfit_cuda_event_device_timeline_only
4.666259765625,0.48025599122047424,128,cuda,512,exact_backward,8,4.0,0,76452,128,0,synthetic_microfit_cuda_event_device_timeline_only
4.666259765625,0.48025599122047424,128,cuda,512,exact_backward,9,4.0,0,76452,128,0,synthetic_microfit_cuda_event_device_timeline_only
4.666259765625,0.48342400789260864,128,cuda,512,exact_backward,10,4.0,0,76452,128,0,synthetic_microfit_cuda_event_device_timeline_only
4.666259765625,0.5130879878997803,128,cuda,512,exact_backward,11,4.0,0,76452,128,0,synthetic_microfit_cuda_event_device_timeline_only
4.666259765625,0.5004799962043762,128,cuda,512,exact_backward,12,4.0,0,76452,128,0,synthetic_microfit_cuda_event_device_timeline_only
4.666259765625,0.48950400948524475,128,cuda,512,exact_backward,13,4.0,0,76452,128,0,synthetic_microfit_cuda_event_device_timeline_only
4.666259765625,0.49849599599838257,128,cuda,512,exact_backward,14,4.0,0,76452,128,0,synthetic_microfit_cuda_event_device_timeline_only
4.666259765625,0.8857600092887878,128,cuda,512,fit_backward,0,4.0,0,76452,128,0,synthetic_microfit_cuda_event_device_timeline_only
4.666259765625,0.855135977268219,128,cuda,512,fit_backward,1,4.0,0,76452,128,0,synthetic_microfit_cuda_event_device_timeline_only
4.666259765625,0.8560640215873718,128,cuda,512,fit_backward,2,4.0,0,76452,128,0,synthetic_microfit_cuda_event_device_timeline_only
4.666259765625,0.8570560216903687,128,cuda,512,fit_backward,3,4.0,0,76452,128,0,synthetic_microfit_cuda_event_device_timeline_only
4.666259765625,0.8632320165634155,128,cuda,512,fit_backward,4,4.0,0,76452,128,0,synthetic_microfit_cuda_event_device_timeline_only
4.666259765625,0.8427519798278809,128,cuda,512,fit_backward,5,4.0,0,76452,128,0,synthetic_microfit_cuda_event_device_timeline_only
4.666259765625,0.8478720188140869,128,cuda,512,fit_backward,6,4.0,0,76452,128,0,synthetic_microfit_cuda_event_device_timeline_only
4.666259765625,0.8273919820785522,128,cuda,512,fit_backward,7,4.0,0,76452,128,0,synthetic_microfit_cuda_event_device_timeline_only
4.666259765625,0.8458240032196045,128,cuda,512,fit_backward,8,4.0,0,76452,128,0,synthetic_microfit_cuda_event_device_timeline_only
4.666259765625,0.8743680119514465,128,cuda,512,fit_backward,9,4.0,0,76452,128,0,synthetic_microfit_cuda_event_device_timeline_only
4.666259765625,0.8407040238380432,128,cuda,512,fit_backward,10,4.0,0,76452,128,0,synthetic_microfit_cuda_event_device_timeline_only
4.666259765625,0.8455680012702942,128,cuda,512,fit_backward,11,4.0,0,76452,128,0,synthetic_microfit_cuda_event_device_timeline_only
4.666259765625,0.9123839735984802,128,cuda,512,fit_backward,12,4.0,0,76452,128,0,synthetic_microfit_cuda_event_device_timeline_only
4.666259765625,0.8642240166664124,128,cuda,512,fit_backward,13,4.0,0,76452,128,0,synthetic_microfit_cuda_event_device_timeline_only
4.666259765625,0.8900480270385742,128,cuda,512,fit_backward,14,4.0,0,76452,128,0,synthetic_microfit_cuda_event_device_timeline_only
4.666259765625,0.5242879986763,128,cuda,512,optimizer_update,0,4.0,0,76452,128,0,synthetic_microfit_cuda_event_device_timeline_only
4.666259765625,0.4495680034160614,128,cuda,512,optimizer_update,1,4.0,0,76452,128,0,synthetic_microfit_cuda_event_device_timeline_only
4.666259765625,0.43321600556373596,128,cuda,512,optimizer_update,2,4.0,0,76452,128,0,synthetic_microfit_cuda_event_device_timeline_only
4.666259765625,0.427839994430542,128,cuda,512,optimizer_update,3,4.0,0,76452,128,0,synthetic_microfit_cuda_event_device_timeline_only
4.666259765625,0.41471999883651733,128,cuda,512,optimizer_update,4,4.0,0,76452,128,0,synthetic_microfit_cuda_event_device_timeline_only
4.666259765625,0.42188799381256104,128,cuda,512,optimizer_update,5,4.0,0,76452,128,0,synthetic_microfit_cuda_event_device_timeline_only
4.666259765625,0.4136959910392761,128,cuda,512,optimizer_update,6,4.0,0,76452,128,0,synthetic_microfit_cuda_event_device_timeline_only
4.666259765625,0.42291200160980225,128,cuda,512,optimizer_update,7,4.0,0,76452,128,0,synthetic_microfit_cuda_event_device_timeline_only
4.666259765625,0.40755200386047363,128,cuda,512,optimizer_update,8,4.0,0,76452,128,0,synthetic_microfit_cuda_event_device_timeline_only
4.666259765625,0.4126720130443573,128,cuda,512,optimizer_update,9,4.0,0,76452,128,0,synthetic_microfit_cuda_event_device_timeline_only
4.666259765625,0.4116480052471161,128,cuda,512,optimizer_update,10,4.0,0,76452,128,0,synthetic_microfit_cuda_event_device_timeline_only
4.666259765625,0.4136959910392761,128,cuda,512,optimizer_update,11,4.0,0,76452,128,0,synthetic_microfit_cuda_event_device_timeline_only
4.666259765625,0.40959998965263367,128,cuda,512,optimizer_update,12,4.0,0,76452,128,0,synthetic_microfit_cuda_event_device_timeline_only
4.666259765625,0.4148159921169281,128,cuda,512,optimizer_update,13,4.0,0,76452,128,0,synthetic_microfit_cuda_event_device_timeline_only
4.666259765625,0.4126720130443573,128,cuda,512,optimizer_update,14,4.0,0,76452,128,0,synthetic_microfit_cuda_event_device_timeline_only
4.666259765625,2.1260480880737305,128,cuda,512,representative_fit_step,0,4.0,0,76452,128,0,synthetic_microfit_cuda_event_device_timeline_only
4.666259765625,2.037760019302368,128,cuda,512,representative_fit_step,1,4.0,0,76452,128,0,synthetic_microfit_cuda_event_device_timeline_only
4.666259765625,2.044800043106079,128,cuda,512,representative_fit_step,2,4.0,0,76452,128,0,synthetic_microfit_cuda_event_device_timeline_only
4.666259765625,2.0492160320281982,128,cuda,512,representative_fit_step,3,4.0,0,76452,128,0,synthetic_microfit_cuda_event_device_timeline_only
4.666259765625,2.0336639881134033,128,cuda,512,representative_fit_step,4,4.0,0,76452,128,0,synthetic_microfit_cuda_event_device_timeline_only
4.666259765625,2.050175905227661,128,cuda,512,representative_fit_step,5,4.0,0,76452,128,0,synthetic_microfit_cuda_event_device_timeline_only
4.666259765625,2.0295679569244385,128,cuda,512,representative_fit_step,6,4.0,0,76452,128,0,synthetic_microfit_cuda_event_device_timeline_only
4.666259765625,2.041856050491333,128,cuda,512,representative_fit_step,7,4.0,0,76452,128,0,synthetic_microfit_cuda_event_device_timeline_only
4.666259765625,2.02239990234375,128,cuda,512,representative_fit_step,8,4.0,0,76452,128,0,synthetic_microfit_cuda_event_device_timeline_only
4.666259765625,2.0295679569244385,128,cuda,512,representative_fit_step,9,4.0,0,76452,128,0,synthetic_microfit_cuda_event_device_timeline_only
4.666259765625,1.994752049446106,128,cuda,512,representative_fit_step,10,4.0,0,76452,128,0,synthetic_microfit_cuda_event_device_timeline_only
4.666259765625,2.032383918762207,128,cuda,512,representative_fit_step,11,4.0,0,76452,128,0,synthetic_microfit_cuda_event_device_timeline_only
4.666259765625,2.018399953842163,128,cuda,512,representative_fit_step,12,4.0,0,76452,128,0,synthetic_microfit_cuda_event_device_timeline_only
4.666259765625,2.001919984817505,128,cuda,512,representative_fit_step,13,4.0,0,76452,128,0,synthetic_microfit_cuda_event_device_timeline_only
4.666259765625,2.0060160160064697,128,cuda,512,representative_fit_step,14,4.0,0,76452,128,0,synthetic_microfit_cuda_event_device_timeline_only
4.666259765625,0.447488009929657,128,cuda_block_reduce,512,exact_forward,0,4.0,0,76452,128,1,synthetic_microfit_cuda_event_device_timeline_only
4.666259765625,0.4106239974498749,128,cuda_block_reduce,512,exact_forward,1,4.0,0,76452,128,1,synthetic_microfit_cuda_event_device_timeline_only
4.666259765625,0.392192006111145,128,cuda_block_reduce,512,exact_forward,2,4.0,0,76452,128,1,synthetic_microfit_cuda_event_device_timeline_only
4.666259765625,0.3983359932899475,128,cuda_block_reduce,512,exact_forward,3,4.0,0,76452,128,1,synthetic_microfit_cuda_event_device_timeline_only
4.666259765625,0.4083839952945709,128,cuda_block_reduce,512,exact_forward,4,4.0,0,76452,128,1,synthetic_microfit_cuda_event_device_timeline_only
4.666259765625,0.3993600010871887,128,cuda_block_reduce,512,exact_forward,5,4.0,0,76452,128,1,synthetic_microfit_cuda_event_device_timeline_only
4.666259765625,0.3831999897956848,128,cuda_block_reduce,512,exact_forward,6,4.0,0,76452,128,1,synthetic_microfit_cuda_event_device_timeline_only
4.666259765625,0.3909440040588379,128,cuda_block_reduce,512,exact_forward,7,4.0,0,76452,128,1,synthetic_microfit_cuda_event_device_timeline_only
4.666259765625,0.37913599610328674,128,cuda_block_reduce,512,exact_forward,8,4.0,0,76452,128,1,synthetic_microfit_cuda_event_device_timeline_only
4.666259765625,0.38604798913002014,128,cuda_block_reduce,512,exact_forward,9,4.0,0,76452,128,1,synthetic_microfit_cuda_event_device_timeline_only
4.666259765625,0.38281598687171936,128,cuda_block_reduce,512,exact_forward,10,4.0,0,76452,128,1,synthetic_microfit_cuda_event_device_timeline_only
4.666259765625,0.38092800974845886,128,cuda_block_reduce,512,exact_forward,11,4.0,0,76452,128,1,synthetic_microfit_cuda_event_device_timeline_only
4.666259765625,0.39020800590515137,128,cuda_block_reduce,512,exact_forward,12,4.0,0,76452,128,1,synthetic_microfit_cuda_event_device_timeline_only
4.666259765625,0.38921600580215454,128,cuda_block_reduce,512,exact_forward,13,4.0,0,76452,128,1,synthetic_microfit_cuda_event_device_timeline_only
4.666259765625,0.412416011095047,128,cuda_block_reduce,512,exact_forward,14,4.0,0,76452,128,1,synthetic_microfit_cuda_event_device_timeline_only
4.666259765625,0.5396479964256287,128,cuda_block_reduce,512,exact_backward,0,4.0,0,76452,128,1,synthetic_microfit_cuda_event_device_timeline_only
4.666259765625,0.5181440114974976,128,cuda_block_reduce,512,exact_backward,1,4.0,0,76452,128,1,synthetic_microfit_cuda_event_device_timeline_only
4.666259765625,0.5171200037002563,128,cuda_block_reduce,512,exact_backward,2,4.0,0,76452,128,1,synthetic_microfit_cuda_event_device_timeline_only
4.666259765625,0.5108159780502319,128,cuda_block_reduce,512,exact_backward,3,4.0,0,76452,128,1,synthetic_microfit_cuda_event_device_timeline_only
4.666259765625,0.5314559936523438,128,cuda_block_reduce,512,exact_backward,4,4.0,0,76452,128,1,synthetic_microfit_cuda_event_device_timeline_only
4.666259765625,0.5129600167274475,128,cuda_block_reduce,512,exact_backward,5,4.0,0,76452,128,1,synthetic_microfit_cuda_event_device_timeline_only
4.666259765625,0.5142719745635986,128,cuda_block_reduce,512,exact_backward,6,4.0,0,76452,128,1,synthetic_microfit_cuda_event_device_timeline_only
4.666259765625,0.5150719881057739,128,cuda_block_reduce,512,exact_backward,7,4.0,0,76452,128,1,synthetic_microfit_cuda_event_device_timeline_only
4.666259765625,0.5067520141601562,128,cuda_block_reduce,512,exact_backward,8,4.0,0,76452,128,1,synthetic_microfit_cuda_event_device_timeline_only
4.666259765625,0.5058559775352478,128,cuda_block_reduce,512,exact_backward,9,4.0,0,76452,128,1,synthetic_microfit_cuda_event_device_timeline_only
4.666259765625,0.4996800124645233,128,cuda_block_reduce,512,exact_backward,10,4.0,0,76452,128,1,synthetic_microfit_cuda_event_device_timeline_only
4.666259765625,0.4947200119495392,128,cuda_block_reduce,512,exact_backward,11,4.0,0,76452,128,1,synthetic_microfit_cuda_event_device_timeline_only
4.666259765625,0.4853760004043579,128,cuda_block_reduce,512,exact_backward,12,4.0,0,76452,128,1,synthetic_microfit_cuda_event_device_timeline_only
4.666259765625,0.5263360142707825,128,cuda_block_reduce,512,exact_backward,13,4.0,0,76452,128,1,synthetic_microfit_cuda_event_device_timeline_only
4.666259765625,0.49584001302719116,128,cuda_block_reduce,512,exact_backward,14,4.0,0,76452,128,1,synthetic_microfit_cuda_event_device_timeline_only
4.666259765625,0.8714240193367004,128,cuda_block_reduce,512,fit_backward,0,4.0,0,76452,128,1,synthetic_microfit_cuda_event_device_timeline_only
4.666259765625,0.8487359881401062,128,cuda_block_reduce,512,fit_backward,1,4.0,0,76452,128,1,synthetic_microfit_cuda_event_device_timeline_only
4.666259765625,0.852832019329071,128,cuda_block_reduce,512,fit_backward,2,4.0,0,76452,128,1,synthetic_microfit_cuda_event_device_timeline_only
4.666259765625,0.8519039750099182,128,cuda_block_reduce,512,fit_backward,3,4.0,0,76452,128,1,synthetic_microfit_cuda_event_device_timeline_only
4.666259765625,0.8611840009689331,128,cuda_block_reduce,512,fit_backward,4,4.0,0,76452,128,1,synthetic_microfit_cuda_event_device_timeline_only
4.666259765625,0.8417279720306396,128,cuda_block_reduce,512,fit_backward,5,4.0,0,76452,128,1,synthetic_microfit_cuda_event_device_timeline_only
4.666259765625,0.857088029384613,128,cuda_block_reduce,512,fit_backward,6,4.0,0,76452,128,1,synthetic_microfit_cuda_event_device_timeline_only
4.666259765625,0.8509439826011658,128,cuda_block_reduce,512,fit_backward,7,4.0,0,76452,128,1,synthetic_microfit_cuda_event_device_timeline_only
4.666259765625,0.8600959777832031,128,cuda_block_reduce,512,fit_backward,8,4.0,0,76452,128,1,synthetic_microfit_cuda_event_device_timeline_only
4.666259765625,0.8775680065155029,128,cuda_block_reduce,512,fit_backward,9,4.0,0,76452,128,1,synthetic_microfit_cuda_event_device_timeline_only
4.666259765625,0.8519039750099182,128,cuda_block_reduce,512,fit_backward,10,4.0,0,76452,128,1,synthetic_microfit_cuda_event_device_timeline_only
4.666259765625,0.8550400137901306,128,cuda_block_reduce,512,fit_backward,11,4.0,0,76452,128,1,synthetic_microfit_cuda_event_device_timeline_only
4.666259765625,0.8570240139961243,128,cuda_block_reduce,512,fit_backward,12,4.0,0,76452,128,1,synthetic_microfit_cuda_event_device_timeline_only
4.666259765625,0.8704000115394592,128,cuda_block_reduce,512,fit_backward,13,4.0,0,76452,128,1,synthetic_microfit_cuda_event_device_timeline_only
4.666259765625,0.8510720133781433,128,cuda_block_reduce,512,fit_backward,14,4.0,0,76452,128,1,synthetic_microfit_cuda_event_device_timeline_only
4.666259765625,0.4997439980506897,128,cuda_block_reduce,512,optimizer_update,0,4.0,0,76452,128,1,synthetic_microfit_cuda_event_device_timeline_only
4.666259765625,0.4331519901752472,128,cuda_block_reduce,512,optimizer_update,1,4.0,0,76452,128,1,synthetic_microfit_cuda_event_device_timeline_only
4.666259765625,0.419840008020401,128,cuda_block_reduce,512,optimizer_update,2,4.0,0,76452,128,1,synthetic_microfit_cuda_event_device_timeline_only
4.666259765625,0.4188160002231598,128,cuda_block_reduce,512,optimizer_update,3,4.0,0,76452,128,1,synthetic_microfit_cuda_event_device_timeline_only
4.666259765625,0.40755200386047363,128,cuda_block_reduce,512,optimizer_update,4,4.0,0,76452,128,1,synthetic_microfit_cuda_event_device_timeline_only
4.666259765625,0.4155200123786926,128,cuda_block_reduce,512,optimizer_update,5,4.0,0,76452,128,1,synthetic_microfit_cuda_event_device_timeline_only
4.666259765625,0.4065600037574768,128,cuda_block_reduce,512,optimizer_update,6,4.0,0,76452,128,1,synthetic_microfit_cuda_event_device_timeline_only
4.666259765625,0.4249599874019623,128,cuda_block_reduce,512,optimizer_update,7,4.0,0,76452,128,1,synthetic_microfit_cuda_event_device_timeline_only
4.666259765625,0.40140798687934875,128,cuda_block_reduce,512,optimizer_update,8,4.0,0,76452,128,1,synthetic_microfit_cuda_event_device_timeline_only
4.666259765625,0.4270080029964447,128,cuda_block_reduce,512,optimizer_update,9,4.0,0,76452,128,1,synthetic_microfit_cuda_event_device_timeline_only
4.666259765625,0.4177919924259186,128,cuda_block_reduce,512,optimizer_update,10,4.0,0,76452,128,1,synthetic_microfit_cuda_event_device_timeline_only
4.666259765625,0.42393600940704346,128,cuda_block_reduce,512,optimizer_update,11,4.0,0,76452,128,1,synthetic_microfit_cuda_event_device_timeline_only
4.666259765625,0.40639999508857727,128,cuda_block_reduce,512,optimizer_update,12,4.0,0,76452,128,1,synthetic_microfit_cuda_event_device_timeline_only
4.666259765625,0.4116480052471161,128,cuda_block_reduce,512,optimizer_update,13,4.0,0,76452,128,1,synthetic_microfit_cuda_event_device_timeline_only
4.666259765625,0.40143999457359314,128,cuda_block_reduce,512,optimizer_update,14,4.0,0,76452,128,1,synthetic_microfit_cuda_event_device_timeline_only
4.666259765625,2.051071882247925,128,cuda_block_reduce,512,representative_fit_step,0,4.0,0,76452,128,1,synthetic_microfit_cuda_event_device_timeline_only
4.666259765625,2.030656099319458,128,cuda_block_reduce,512,representative_fit_step,1,4.0,0,76452,128,1,synthetic_microfit_cuda_event_device_timeline_only
4.666259765625,2.0830719470977783,128,cuda_block_reduce,512,representative_fit_step,2,4.0,0,76452,128,1,synthetic_microfit_cuda_event_device_timeline_only
4.666259765625,2.0336639881134033,128,cuda_block_reduce,512,representative_fit_step,3,4.0,0,76452,128,1,synthetic_microfit_cuda_event_device_timeline_only
4.666259765625,2.0305919647216797,128,cuda_block_reduce,512,representative_fit_step,4,4.0,0,76452,128,1,synthetic_microfit_cuda_event_device_timeline_only
4.666259765625,2.017280101776123,128,cuda_block_reduce,512,representative_fit_step,5,4.0,0,76452,128,1,synthetic_microfit_cuda_event_device_timeline_only
4.666259765625,2.036479949951172,128,cuda_block_reduce,512,representative_fit_step,6,4.0,0,76452,128,1,synthetic_microfit_cuda_event_device_timeline_only
4.666259765625,2.042880058288574,128,cuda_block_reduce,512,representative_fit_step,7,4.0,0,76452,128,1,synthetic_microfit_cuda_event_device_timeline_only
4.666259765625,2.082688093185425,128,cuda_block_reduce,512,representative_fit_step,8,4.0,0,76452,128,1,synthetic_microfit_cuda_event_device_timeline_only
4.666259765625,2.0346879959106445,128,cuda_block_reduce,512,representative_fit_step,9,4.0,0,76452,128,1,synthetic_microfit_cuda_event_device_timeline_only
4.666259765625,2.0651841163635254,128,cuda_block_reduce,512,representative_fit_step,10,4.0,0,76452,128,1,synthetic_microfit_cuda_event_device_timeline_only
4.666259765625,2.045919895172119,128,cuda_block_reduce,512,representative_fit_step,11,4.0,0,76452,128,1,synthetic_microfit_cuda_event_device_timeline_only
4.666259765625,2.100224018096924,128,cuda_block_reduce,512,representative_fit_step,12,4.0,0,76452,128,1,synthetic_microfit_cuda_event_device_timeline_only
4.666259765625,2.077728033065796,128,cuda_block_reduce,512,representative_fit_step,13,4.0,0,76452,128,1,synthetic_microfit_cuda_event_device_timeline_only
4.666259765625,2.0193281173706055,128,cuda_block_reduce,512,representative_fit_step,14,4.0,0,76452,128,1,synthetic_microfit_cuda_event_device_timeline_only
16.18792724609375,0.4352000057697296,128,cuda_block_reduce,512,exact_forward,0,16.0,1,265223,128,0,synthetic_microfit_cuda_event_device_timeline_only
16.18792724609375,0.40038400888442993,128,cuda_block_reduce,512,exact_forward,1,16.0,1,265223,128,0,synthetic_microfit_cuda_event_device_timeline_only
16.18792724609375,0.4063040018081665,128,cuda_block_reduce,512,exact_forward,2,16.0,1,265223,128,0,synthetic_microfit_cuda_event_device_timeline_only
16.18792724609375,0.3930239975452423,128,cuda_block_reduce,512,exact_forward,3,16.0,1,265223,128,0,synthetic_microfit_cuda_event_device_timeline_only
16.18792724609375,0.4126720130443573,128,cuda_block_reduce,512,exact_forward,4,16.0,1,265223,128,0,synthetic_microfit_cuda_event_device_timeline_only
16.18792724609375,0.3891200125217438,128,cuda_block_reduce,512,exact_forward,5,16.0,1,265223,128,0,synthetic_microfit_cuda_event_device_timeline_only
16.18792724609375,0.3890239894390106,128,cuda_block_reduce,512,exact_forward,6,16.0,1,265223,128,0,synthetic_microfit_cuda_event_device_timeline_only
16.18792724609375,0.4044159948825836,128,cuda_block_reduce,512,exact_forward,7,16.0,1,265223,128,0,synthetic_microfit_cuda_event_device_timeline_only
16.18792724609375,0.4280320107936859,128,cuda_block_reduce,512,exact_forward,8,16.0,1,265223,128,0,synthetic_microfit_cuda_event_device_timeline_only
16.18792724609375,0.39321601390838623,128,cuda_block_reduce,512,exact_forward,9,16.0,1,265223,128,0,synthetic_microfit_cuda_event_device_timeline_only
16.18792724609375,0.38684800267219543,128,cuda_block_reduce,512,exact_forward,10,16.0,1,265223,128,0,synthetic_microfit_cuda_event_device_timeline_only
16.18792724609375,0.4144960045814514,128,cuda_block_reduce,512,exact_forward,11,16.0,1,265223,128,0,synthetic_microfit_cuda_event_device_timeline_only
16.18792724609375,0.38489601016044617,128,cuda_block_reduce,512,exact_forward,12,16.0,1,265223,128,0,synthetic_microfit_cuda_event_device_timeline_only
16.18792724609375,0.40755200386047363,128,cuda_block_reduce,512,exact_forward,13,16.0,1,265223,128,0,synthetic_microfit_cuda_event_device_timeline_only
16.18792724609375,0.38707199692726135,128,cuda_block_reduce,512,exact_forward,14,16.0,1,265223,128,0,synthetic_microfit_cuda_event_device_timeline_only
16.18792724609375,0.5129280090332031,128,cuda_block_reduce,512,exact_backward,0,16.0,1,265223,128,0,synthetic_microfit_cuda_event_device_timeline_only
16.18792724609375,0.5079039931297302,128,cuda_block_reduce,512,exact_backward,1,16.0,1,265223,128,0,synthetic_microfit_cuda_event_device_timeline_only
16.18792724609375,0.49062401056289673,128,cuda_block_reduce,512,exact_backward,2,16.0,1,265223,128,0,synthetic_microfit_cuda_event_device_timeline_only
16.18792724609375,0.4986880123615265,128,cuda_block_reduce,512,exact_backward,3,16.0,1,265223,128,0,synthetic_microfit_cuda_event_device_timeline_only
16.18792724609375,0.4935680031776428,128,cuda_block_reduce,512,exact_backward,4,16.0,1,265223,128,0,synthetic_microfit_cuda_event_device_timeline_only
16.18792724609375,0.502784013748169,128,cuda_block_reduce,512,exact_backward,5,16.0,1,265223,128,0,synthetic_microfit_cuda_event_device_timeline_only
16.18792724609375,0.4997119903564453,128,cuda_block_reduce,512,exact_backward,6,16.0,1,265223,128,0,synthetic_microfit_cuda_event_device_timeline_only
16.18792724609375,0.502784013748169,128,cuda_block_reduce,512,exact_backward,7,16.0,1,265223,128,0,synthetic_microfit_cuda_event_device_timeline_only
16.18792724609375,0.5047680139541626,128,cuda_block_reduce,512,exact_backward,8,16.0,1,265223,128,0,synthetic_microfit_cuda_event_device_timeline_only
16.18792724609375,0.49375998973846436,128,cuda_block_reduce,512,exact_backward,9,16.0,1,265223,128,0,synthetic_microfit_cuda_event_device_timeline_only
16.18792724609375,0.5130239725112915,128,cuda_block_reduce,512,exact_backward,10,16.0,1,265223,128,0,synthetic_microfit_cuda_event_device_timeline_only
16.18792724609375,0.5058559775352478,128,cuda_block_reduce,512,exact_backward,11,16.0,1,265223,128,0,synthetic_microfit_cuda_event_device_timeline_only
16.18792724609375,0.4935680031776428,128,cuda_block_reduce,512,exact_backward,12,16.0,1,265223,128,0,synthetic_microfit_cuda_event_device_timeline_only
16.18792724609375,0.4843519926071167,128,cuda_block_reduce,512,exact_backward,13,16.0,1,265223,128,0,synthetic_microfit_cuda_event_device_timeline_only
16.18792724609375,0.4925119876861572,128,cuda_block_reduce,512,exact_backward,14,16.0,1,265223,128,0,synthetic_microfit_cuda_event_device_timeline_only
16.18792724609375,0.8652799725532532,128,cuda_block_reduce,512,fit_backward,0,16.0,1,265223,128,0,synthetic_microfit_cuda_event_device_timeline_only
16.18792724609375,0.8376320004463196,128,cuda_block_reduce,512,fit_backward,1,16.0,1,265223,128,0,synthetic_microfit_cuda_event_device_timeline_only
16.18792724609375,0.8674560189247131,128,cuda_block_reduce,512,fit_backward,2,16.0,1,265223,128,0,synthetic_microfit_cuda_event_device_timeline_only
16.18792724609375,0.8806399703025818,128,cuda_block_reduce,512,fit_backward,3,16.0,1,265223,128,0,synthetic_microfit_cuda_event_device_timeline_only
16.18792724609375,0.8447999954223633,128,cuda_block_reduce,512,fit_backward,4,16.0,1,265223,128,0,synthetic_microfit_cuda_event_device_timeline_only
16.18792724609375,0.8765439987182617,128,cuda_block_reduce,512,fit_backward,5,16.0,1,265223,128,0,synthetic_microfit_cuda_event_device_timeline_only
16.18792724609375,0.8724480271339417,128,cuda_block_reduce,512,fit_backward,6,16.0,1,265223,128,0,synthetic_microfit_cuda_event_device_timeline_only
16.18792724609375,0.834559977054596,128,cuda_block_reduce,512,fit_backward,7,16.0,1,265223,128,0,synthetic_microfit_cuda_event_device_timeline_only
16.18792724609375,0.8404800295829773,128,cuda_block_reduce,512,fit_backward,8,16.0,1,265223,128,0,synthetic_microfit_cuda_event_device_timeline_only
16.18792724609375,0.8538879752159119,128,cuda_block_reduce,512,fit_backward,9,16.0,1,265223,128,0,synthetic_microfit_cuda_event_device_timeline_only
16.18792724609375,0.8356480002403259,128,cuda_block_reduce,512,fit_backward,10,16.0,1,265223,128,0,synthetic_microfit_cuda_event_device_timeline_only
16.18792724609375,0.8563200235366821,128,cuda_block_reduce,512,fit_backward,11,16.0,1,265223,128,0,synthetic_microfit_cuda_event_device_timeline_only
16.18792724609375,0.8622080087661743,128,cuda_block_reduce,512,fit_backward,12,16.0,1,265223,128,0,synthetic_microfit_cuda_event_device_timeline_only
16.18792724609375,0.8468480110168457,128,cuda_block_reduce,512,fit_backward,13,16.0,1,265223,128,0,synthetic_microfit_cuda_event_device_timeline_only
16.18792724609375,0.8499199748039246,128,cuda_block_reduce,512,fit_backward,14,16.0,1,265223,128,0,synthetic_microfit_cuda_event_device_timeline_only
16.18792724609375,0.5008000135421753,128,cuda_block_reduce,512,optimizer_update,0,16.0,1,265223,128,0,synthetic_microfit_cuda_event_device_timeline_only
16.18792724609375,0.41788798570632935,128,cuda_block_reduce,512,optimizer_update,1,16.0,1,265223,128,0,synthetic_microfit_cuda_event_device_timeline_only
16.18792724609375,0.41471999883651733,128,cuda_block_reduce,512,optimizer_update,2,16.0,1,265223,128,0,synthetic_microfit_cuda_event_device_timeline_only
16.18792724609375,0.4044800102710724,128,cuda_block_reduce,512,optimizer_update,3,16.0,1,265223,128,0,synthetic_microfit_cuda_event_device_timeline_only
16.18792724609375,0.4536319971084595,128,cuda_block_reduce,512,optimizer_update,4,16.0,1,265223,128,0,synthetic_microfit_cuda_event_device_timeline_only
16.18792724609375,0.4299199879169464,128,cuda_block_reduce,512,optimizer_update,5,16.0,1,265223,128,0,synthetic_microfit_cuda_event_device_timeline_only
16.18792724609375,0.42931199073791504,128,cuda_block_reduce,512,optimizer_update,6,16.0,1,265223,128,0,synthetic_microfit_cuda_event_device_timeline_only
16.18792724609375,0.3993600010871887,128,cuda_block_reduce,512,optimizer_update,7,16.0,1,265223,128,0,synthetic_microfit_cuda_event_device_timeline_only
16.18792724609375,0.4065279960632324,128,cuda_block_reduce,512,optimizer_update,8,16.0,1,265223,128,0,synthetic_microfit_cuda_event_device_timeline_only
16.18792724609375,0.4025599956512451,128,cuda_block_reduce,512,optimizer_update,9,16.0,1,265223,128,0,synthetic_microfit_cuda_event_device_timeline_only
16.18792724609375,0.4065279960632324,128,cuda_block_reduce,512,optimizer_update,10,16.0,1,265223,128,0,synthetic_microfit_cuda_event_device_timeline_only
16.18792724609375,0.40326398611068726,128,cuda_block_reduce,512,optimizer_update,11,16.0,1,265223,128,0,synthetic_microfit_cuda_event_device_timeline_only
16.18792724609375,0.4299199879169464,128,cuda_block_reduce,512,optimizer_update,12,16.0,1,265223,128,0,synthetic_microfit_cuda_event_device_timeline_only
16.18792724609375,0.3991999924182892,128,cuda_block_reduce,512,optimizer_update,13,16.0,1,265223,128,0,synthetic_microfit_cuda_event_device_timeline_only
16.18792724609375,0.42214399576187134,128,cuda_block_reduce,512,optimizer_update,14,16.0,1,265223,128,0,synthetic_microfit_cuda_event_device_timeline_only
16.18792724609375,2.055232048034668,128,cuda_block_reduce,512,representative_fit_step,0,16.0,1,265223,128,0,synthetic_microfit_cuda_event_device_timeline_only
16.18792724609375,2.026560068130493,128,cuda_block_reduce,512,representative_fit_step,1,16.0,1,265223,128,0,synthetic_microfit_cuda_event_device_timeline_only
16.18792724609375,2.057215929031372,128,cuda_block_reduce,512,representative_fit_step,2,16.0,1,265223,128,0,synthetic_microfit_cuda_event_device_timeline_only
16.18792724609375,2.032639980316162,128,cuda_block_reduce,512,representative_fit_step,3,16.0,1,265223,128,0,synthetic_microfit_cuda_event_device_timeline_only
16.18792724609375,2.0295679569244385,128,cuda_block_reduce,512,representative_fit_step,4,16.0,1,265223,128,0,synthetic_microfit_cuda_event_device_timeline_only
16.18792724609375,2.08076810836792,128,cuda_block_reduce,512,representative_fit_step,5,16.0,1,265223,128,0,synthetic_microfit_cuda_event_device_timeline_only
16.18792724609375,2.0838398933410645,128,cuda_block_reduce,512,representative_fit_step,6,16.0,1,265223,128,0,synthetic_microfit_cuda_event_device_timeline_only
16.18792724609375,2.0488319396972656,128,cuda_block_reduce,512,representative_fit_step,7,16.0,1,265223,128,0,synthetic_microfit_cuda_event_device_timeline_only
16.18792724609375,2.0684800148010254,128,cuda_block_reduce,512,representative_fit_step,8,16.0,1,265223,128,0,synthetic_microfit_cuda_event_device_timeline_only
16.18792724609375,2.0357120037078857,128,cuda_block_reduce,512,representative_fit_step,9,16.0,1,265223,128,0,synthetic_microfit_cuda_event_device_timeline_only
16.18792724609375,2.0488638877868652,128,cuda_block_reduce,512,representative_fit_step,10,16.0,1,265223,128,0,synthetic_microfit_cuda_event_device_timeline_only
16.18792724609375,2.056191921234131,128,cuda_block_reduce,512,representative_fit_step,11,16.0,1,265223,128,0,synthetic_microfit_cuda_event_device_timeline_only
16.18792724609375,2.0272960662841797,128,cuda_block_reduce,512,representative_fit_step,12,16.0,1,265223,128,0,synthetic_microfit_cuda_event_device_timeline_only
16.18792724609375,2.0254719257354736,128,cuda_block_reduce,512,representative_fit_step,13,16.0,1,265223,128,0,synthetic_microfit_cuda_event_device_timeline_only
16.18792724609375,2.0389440059661865,128,cuda_block_reduce,512,representative_fit_step,14,16.0,1,265223,128,0,synthetic_microfit_cuda_event_device_timeline_only
16.18792724609375,0.419840008020401,128,cuda,512,exact_forward,0,16.0,1,265223,128,1,synthetic_microfit_cuda_event_device_timeline_only
16.18792724609375,0.40755200386047363,128,cuda,512,exact_forward,1,16.0,1,265223,128,1,synthetic_microfit_cuda_event_device_timeline_only
16.18792724609375,0.3962880074977875,128,cuda,512,exact_forward,2,16.0,1,265223,128,1,synthetic_microfit_cuda_event_device_timeline_only
16.18792724609375,0.3911679983139038,128,cuda,512,exact_forward,3,16.0,1,265223,128,1,synthetic_microfit_cuda_event_device_timeline_only
16.18792724609375,0.4073599874973297,128,cuda,512,exact_forward,4,16.0,1,265223,128,1,synthetic_microfit_cuda_event_device_timeline_only
16.18792724609375,0.3911679983139038,128,cuda,512,exact_forward,5,16.0,1,265223,128,1,synthetic_microfit_cuda_event_device_timeline_only
16.18792724609375,0.41574400663375854,128,cuda,512,exact_forward,6,16.0,1,265223,128,1,synthetic_microfit_cuda_event_device_timeline_only
16.18792724609375,0.38707199692726135,128,cuda,512,exact_forward,7,16.0,1,265223,128,1,synthetic_microfit_cuda_event_device_timeline_only
16.18792724609375,0.4116480052471161,128,cuda,512,exact_forward,8,16.0,1,265223,128,1,synthetic_microfit_cuda_event_device_timeline_only
16.18792724609375,0.38809600472450256,128,cuda,512,exact_forward,9,16.0,1,265223,128,1,synthetic_microfit_cuda_event_device_timeline_only
16.18792724609375,0.40639999508857727,128,cuda,512,exact_forward,10,16.0,1,265223,128,1,synthetic_microfit_cuda_event_device_timeline_only
16.18792724609375,0.38784000277519226,128,cuda,512,exact_forward,11,16.0,1,265223,128,1,synthetic_microfit_cuda_event_device_timeline_only
16.18792724609375,0.40857601165771484,128,cuda,512,exact_forward,12,16.0,1,265223,128,1,synthetic_microfit_cuda_event_device_timeline_only
16.18792724609375,0.3850240111351013,128,cuda,512,exact_forward,13,16.0,1,265223,128,1,synthetic_microfit_cuda_event_device_timeline_only
16.18792724609375,0.3891200125217438,128,cuda,512,exact_forward,14,16.0,1,265223,128,1,synthetic_microfit_cuda_event_device_timeline_only
16.18792724609375,0.5202239751815796,128,cuda,512,exact_backward,0,16.0,1,265223,128,1,synthetic_microfit_cuda_event_device_timeline_only
16.18792724609375,0.5089280009269714,128,cuda,512,exact_backward,1,16.0,1,265223,128,1,synthetic_microfit_cuda_event_device_timeline_only
16.18792724609375,0.4986880123615265,128,cuda,512,exact_backward,2,16.0,1,265223,128,1,synthetic_microfit_cuda_event_device_timeline_only
16.18792724609375,0.48447999358177185,128,cuda,512,exact_backward,3,16.0,1,265223,128,1,synthetic_microfit_cuda_event_device_timeline_only
16.18792724609375,0.4883520007133484,128,cuda,512,exact_backward,4,16.0,1,265223,128,1,synthetic_microfit_cuda_event_device_timeline_only
16.18792724609375,0.4833280146121979,128,cuda,512,exact_backward,5,16.0,1,265223,128,1,synthetic_microfit_cuda_event_device_timeline_only
16.18792724609375,0.5109760165214539,128,cuda,512,exact_backward,6,16.0,1,265223,128,1,synthetic_microfit_cuda_event_device_timeline_only
16.18792724609375,0.4947519898414612,128,cuda,512,exact_backward,7,16.0,1,265223,128,1,synthetic_microfit_cuda_event_device_timeline_only
16.18792724609375,0.4927999973297119,128,cuda,512,exact_backward,8,16.0,1,265223,128,1,synthetic_microfit_cuda_event_device_timeline_only
16.18792724609375,0.4853760004043579,128,cuda,512,exact_backward,9,16.0,1,265223,128,1,synthetic_microfit_cuda_event_device_timeline_only
16.18792724609375,0.5018240213394165,128,cuda,512,exact_backward,10,16.0,1,265223,128,1,synthetic_microfit_cuda_event_device_timeline_only
16.18792724609375,0.4975680112838745,128,cuda,512,exact_backward,11,16.0,1,265223,128,1,synthetic_microfit_cuda_event_device_timeline_only
16.18792724609375,0.4903999865055084,128,cuda,512,exact_backward,12,16.0,1,265223,128,1,synthetic_microfit_cuda_event_device_timeline_only
16.18792724609375,0.5017600059509277,128,cuda,512,exact_backward,13,16.0,1,265223,128,1,synthetic_microfit_cuda_event_device_timeline_only
16.18792724609375,0.48419201374053955,128,cuda,512,exact_backward,14,16.0,1,265223,128,1,synthetic_microfit_cuda_event_device_timeline_only
16.18792724609375,0.869376003742218,128,cuda,512,fit_backward,0,16.0,1,265223,128,1,synthetic_microfit_cuda_event_device_timeline_only
16.18792724609375,0.8550400137901306,128,cuda,512,fit_backward,1,16.0,1,265223,128,1,synthetic_microfit_cuda_event_device_timeline_only
16.18792724609375,0.8447999954223633,128,cuda,512,fit_backward,2,16.0,1,265223,128,1,synthetic_microfit_cuda_event_device_timeline_only
16.18792724609375,0.8529919981956482,128,cuda,512,fit_backward,3,16.0,1,265223,128,1,synthetic_microfit_cuda_event_device_timeline_only
16.18792724609375,0.8427519798278809,128,cuda,512,fit_backward,4,16.0,1,265223,128,1,synthetic_microfit_cuda_event_device_timeline_only
16.18792724609375,0.8447999954223633,128,cuda,512,fit_backward,5,16.0,1,265223,128,1,synthetic_microfit_cuda_event_device_timeline_only
16.18792724609375,0.8447999954223633,128,cuda,512,fit_backward,6,16.0,1,265223,128,1,synthetic_microfit_cuda_event_device_timeline_only
16.18792724609375,0.8456640243530273,128,cuda,512,fit_backward,7,16.0,1,265223,128,1,synthetic_microfit_cuda_event_device_timeline_only
16.18792724609375,0.8407040238380432,128,cuda,512,fit_backward,8,16.0,1,265223,128,1,synthetic_microfit_cuda_event_device_timeline_only
16.18792724609375,0.8468480110168457,128,cuda,512,fit_backward,9,16.0,1,265223,128,1,synthetic_microfit_cuda_event_device_timeline_only
16.18792724609375,0.8632320165634155,128,cuda,512,fit_backward,10,16.0,1,265223,128,1,synthetic_microfit_cuda_event_device_timeline_only
16.18792724609375,0.8478720188140869,128,cuda,512,fit_backward,11,16.0,1,265223,128,1,synthetic_microfit_cuda_event_device_timeline_only
16.18792724609375,0.8550400137901306,128,cuda,512,fit_backward,12,16.0,1,265223,128,1,synthetic_microfit_cuda_event_device_timeline_only
16.18792724609375,0.8386560082435608,128,cuda,512,fit_backward,13,16.0,1,265223,128,1,synthetic_microfit_cuda_event_device_timeline_only
16.18792724609375,0.92876797914505,128,cuda,512,fit_backward,14,16.0,1,265223,128,1,synthetic_microfit_cuda_event_device_timeline_only
16.18792724609375,0.5016639828681946,128,cuda,512,optimizer_update,0,16.0,1,265223,128,1,synthetic_microfit_cuda_event_device_timeline_only
16.18792724609375,0.4454079866409302,128,cuda,512,optimizer_update,1,16.0,1,265223,128,1,synthetic_microfit_cuda_event_device_timeline_only
16.18792724609375,0.4208639860153198,128,cuda,512,optimizer_update,2,16.0,1,265223,128,1,synthetic_microfit_cuda_event_device_timeline_only
16.18792724609375,0.4259839951992035,128,cuda,512,optimizer_update,3,16.0,1,265223,128,1,synthetic_microfit_cuda_event_device_timeline_only
16.18792724609375,0.4116480052471161,128,cuda,512,optimizer_update,4,16.0,1,265223,128,1,synthetic_microfit_cuda_event_device_timeline_only
16.18792724609375,0.42393600940704346,128,cuda,512,optimizer_update,5,16.0,1,265223,128,1,synthetic_microfit_cuda_event_device_timeline_only
16.18792724609375,0.40038400888442993,128,cuda,512,optimizer_update,6,16.0,1,265223,128,1,synthetic_microfit_cuda_event_device_timeline_only
16.18792724609375,0.43212801218032837,128,cuda,512,optimizer_update,7,16.0,1,265223,128,1,synthetic_microfit_cuda_event_device_timeline_only
16.18792724609375,0.40140798687934875,128,cuda,512,optimizer_update,8,16.0,1,265223,128,1,synthetic_microfit_cuda_event_device_timeline_only
16.18792724609375,0.4158079922199249,128,cuda,512,optimizer_update,9,16.0,1,265223,128,1,synthetic_microfit_cuda_event_device_timeline_only
16.18792724609375,0.4135040044784546,128,cuda,512,optimizer_update,10,16.0,1,265223,128,1,synthetic_microfit_cuda_event_device_timeline_only
16.18792724609375,0.4403199851512909,128,cuda,512,optimizer_update,11,16.0,1,265223,128,1,synthetic_microfit_cuda_event_device_timeline_only
16.18792724609375,0.41356799006462097,128,cuda,512,optimizer_update,12,16.0,1,265223,128,1,synthetic_microfit_cuda_event_device_timeline_only
16.18792724609375,0.40246400237083435,128,cuda,512,optimizer_update,13,16.0,1,265223,128,1,synthetic_microfit_cuda_event_device_timeline_only
16.18792724609375,0.41676801443099976,128,cuda,512,optimizer_update,14,16.0,1,265223,128,1,synthetic_microfit_cuda_event_device_timeline_only
16.18792724609375,2.056191921234131,128,cuda,512,representative_fit_step,0,16.0,1,265223,128,1,synthetic_microfit_cuda_event_device_timeline_only
16.18792724609375,2.012160062789917,128,cuda,512,representative_fit_step,1,16.0,1,265223,128,1,synthetic_microfit_cuda_event_device_timeline_only
16.18792724609375,2.0101120471954346,128,cuda,512,representative_fit_step,2,16.0,1,265223,128,1,synthetic_microfit_cuda_event_device_timeline_only
16.18792724609375,2.0203518867492676,128,cuda,512,representative_fit_step,3,16.0,1,265223,128,1,synthetic_microfit_cuda_event_device_timeline_only
16.18792724609375,2.051071882247925,128,cuda,512,representative_fit_step,4,16.0,1,265223,128,1,synthetic_microfit_cuda_event_device_timeline_only
16.18792724609375,2.0254719257354736,128,cuda,512,representative_fit_step,5,16.0,1,265223,128,1,synthetic_microfit_cuda_event_device_timeline_only
16.18792724609375,2.052095890045166,128,cuda,512,representative_fit_step,6,16.0,1,265223,128,1,synthetic_microfit_cuda_event_device_timeline_only
16.18792724609375,2.056096076965332,128,cuda,512,representative_fit_step,7,16.0,1,265223,128,1,synthetic_microfit_cuda_event_device_timeline_only
16.18792724609375,2.1055359840393066,128,cuda,512,representative_fit_step,8,16.0,1,265223,128,1,synthetic_microfit_cuda_event_device_timeline_only
16.18792724609375,2.124799966812134,128,cuda,512,representative_fit_step,9,16.0,1,265223,128,1,synthetic_microfit_cuda_event_device_timeline_only
16.18792724609375,2.063584089279175,128,cuda,512,representative_fit_step,10,16.0,1,265223,128,1,synthetic_microfit_cuda_event_device_timeline_only
16.18792724609375,2.046783924102783,128,cuda,512,representative_fit_step,11,16.0,1,265223,128,1,synthetic_microfit_cuda_event_device_timeline_only
16.18792724609375,2.0654079914093018,128,cuda,512,representative_fit_step,12,16.0,1,265223,128,1,synthetic_microfit_cuda_event_device_timeline_only
16.18792724609375,2.0193281173706055,128,cuda,512,representative_fit_step,13,16.0,1,265223,128,1,synthetic_microfit_cuda_event_device_timeline_only
16.18792724609375,2.0337600708007812,128,cuda,512,representative_fit_step,14,16.0,1,265223,128,1,synthetic_microfit_cuda_event_device_timeline_only
5.884521484375,0.4249599874019623,128,cuda,2048,exact_forward,0,4.0,2,96412,128,0,synthetic_microfit_cuda_event_device_timeline_only
5.884521484375,0.39932799339294434,128,cuda,2048,exact_forward,1,4.0,2,96412,128,0,synthetic_microfit_cuda_event_device_timeline_only
5.884521484375,0.4034560024738312,128,cuda,2048,exact_forward,2,4.0,2,96412,128,0,synthetic_microfit_cuda_event_device_timeline_only
5.884521484375,0.3901439905166626,128,cuda,2048,exact_forward,3,4.0,2,96412,128,0,synthetic_microfit_cuda_event_device_timeline_only
5.884521484375,0.39321601390838623,128,cuda,2048,exact_forward,4,4.0,2,96412,128,0,synthetic_microfit_cuda_event_device_timeline_only
5.884521484375,0.3829759955406189,128,cuda,2048,exact_forward,5,4.0,2,96412,128,0,synthetic_microfit_cuda_event_device_timeline_only
5.884521484375,0.3891200125217438,128,cuda,2048,exact_forward,6,4.0,2,96412,128,0,synthetic_microfit_cuda_event_device_timeline_only
5.884521484375,0.37887999415397644,128,cuda,2048,exact_forward,7,4.0,2,96412,128,0,synthetic_microfit_cuda_event_device_timeline_only
5.884521484375,0.38707199692726135,128,cuda,2048,exact_forward,8,4.0,2,96412,128,0,synthetic_microfit_cuda_event_device_timeline_only
5.884521484375,0.37990400195121765,128,cuda,2048,exact_forward,9,4.0,2,96412,128,0,synthetic_microfit_cuda_event_device_timeline_only
5.884521484375,0.38172799348831177,128,cuda,2048,exact_forward,10,4.0,2,96412,128,0,synthetic_microfit_cuda_event_device_timeline_only
5.884521484375,0.4034560024738312,128,cuda,2048,exact_forward,11,4.0,2,96412,128,0,synthetic_microfit_cuda_event_device_timeline_only
5.884521484375,0.37171199917793274,128,cuda,2048,exact_forward,12,4.0,2,96412,128,0,synthetic_microfit_cuda_event_device_timeline_only
5.884521484375,0.39107200503349304,128,cuda,2048,exact_forward,13,4.0,2,96412,128,0,synthetic_microfit_cuda_event_device_timeline_only
5.884521484375,0.37887999415397644,128,cuda,2048,exact_forward,14,4.0,2,96412,128,0,synthetic_microfit_cuda_event_device_timeline_only
5.884521484375,0.9779199957847595,128,cuda,2048,exact_backward,0,4.0,2,96412,128,0,synthetic_microfit_cuda_event_device_timeline_only
5.884521484375,0.9697279930114746,128,cuda,2048,exact_backward,1,4.0,2,96412,128,0,synthetic_microfit_cuda_event_device_timeline_only
5.884521484375,0.9789440035820007,128,cuda,2048,exact_backward,2,4.0,2,96412,128,0,synthetic_microfit_cuda_event_device_timeline_only
5.884521484375,0.9748479723930359,128,cuda,2048,exact_backward,3,4.0,2,96412,128,0,synthetic_microfit_cuda_event_device_timeline_only
5.884521484375,0.9706240296363831,128,cuda,2048,exact_backward,4,4.0,2,96412,128,0,synthetic_microfit_cuda_event_device_timeline_only
5.884521484375,0.971776008605957,128,cuda,2048,exact_backward,5,4.0,2,96412,128,0,synthetic_microfit_cuda_event_device_timeline_only
5.884521484375,0.9799680113792419,128,cuda,2048,exact_backward,6,4.0,2,96412,128,0,synthetic_microfit_cuda_event_device_timeline_only
5.884521484375,0.9697279930114746,128,cuda,2048,exact_backward,7,4.0,2,96412,128,0,synthetic_microfit_cuda_event_device_timeline_only
5.884521484375,0.9768959879875183,128,cuda,2048,exact_backward,8,4.0,2,96412,128,0,synthetic_microfit_cuda_event_device_timeline_only
5.884521484375,0.9676799774169922,128,cuda,2048,exact_backward,9,4.0,2,96412,128,0,synthetic_microfit_cuda_event_device_timeline_only
5.884521484375,0.9656320214271545,128,cuda,2048,exact_backward,10,4.0,2,96412,128,0,synthetic_microfit_cuda_event_device_timeline_only
5.884521484375,0.9705920219421387,128,cuda,2048,exact_backward,11,4.0,2,96412,128,0,synthetic_microfit_cuda_event_device_timeline_only
5.884521484375,0.971776008605957,128,cuda,2048,exact_backward,12,4.0,2,96412,128,0,synthetic_microfit_cuda_event_device_timeline_only
5.884521484375,0.9789440035820007,128,cuda,2048,exact_backward,13,4.0,2,96412,128,0,synthetic_microfit_cuda_event_device_timeline_only
5.884521484375,0.9715840220451355,128,cuda,2048,exact_backward,14,4.0,2,96412,128,0,synthetic_microfit_cuda_event_device_timeline_only
5.884521484375,1.3424639701843262,128,cuda,2048,fit_backward,0,4.0,2,96412,128,0,synthetic_microfit_cuda_event_device_timeline_only
5.884521484375,1.3486080169677734,128,cuda,2048,fit_backward,1,4.0,2,96412,128,0,synthetic_microfit_cuda_event_device_timeline_only
5.884521484375,1.371135950088501,128,cuda,2048,fit_backward,2,4.0,2,96412,128,0,synthetic_microfit_cuda_event_device_timeline_only
5.884521484375,1.3404159545898438,128,cuda,2048,fit_backward,3,4.0,2,96412,128,0,synthetic_microfit_cuda_event_device_timeline_only
5.884521484375,1.3393280506134033,128,cuda,2048,fit_backward,4,4.0,2,96412,128,0,synthetic_microfit_cuda_event_device_timeline_only
5.884521484375,1.3627840280532837,128,cuda,2048,fit_backward,5,4.0,2,96412,128,0,synthetic_microfit_cuda_event_device_timeline_only
5.884521484375,1.3566080331802368,128,cuda,2048,fit_backward,6,4.0,2,96412,128,0,synthetic_microfit_cuda_event_device_timeline_only
5.884521484375,1.3598719835281372,128,cuda,2048,fit_backward,7,4.0,2,96412,128,0,synthetic_microfit_cuda_event_device_timeline_only
5.884521484375,1.3281279802322388,128,cuda,2048,fit_backward,8,4.0,2,96412,128,0,synthetic_microfit_cuda_event_device_timeline_only
5.884521484375,1.371135950088501,128,cuda,2048,fit_backward,9,4.0,2,96412,128,0,synthetic_microfit_cuda_event_device_timeline_only
5.884521484375,1.324031949043274,128,cuda,2048,fit_backward,10,4.0,2,96412,128,0,synthetic_microfit_cuda_event_device_timeline_only
5.884521484375,1.358847975730896,128,cuda,2048,fit_backward,11,4.0,2,96412,128,0,synthetic_microfit_cuda_event_device_timeline_only
5.884521484375,1.3227519989013672,128,cuda,2048,fit_backward,12,4.0,2,96412,128,0,synthetic_microfit_cuda_event_device_timeline_only
5.884521484375,1.316864013671875,128,cuda,2048,fit_backward,13,4.0,2,96412,128,0,synthetic_microfit_cuda_event_device_timeline_only
5.884521484375,1.3404159545898438,128,cuda,2048,fit_backward,14,4.0,2,96412,128,0,synthetic_microfit_cuda_event_device_timeline_only
5.884521484375,0.4997119903564453,128,cuda,2048,optimizer_update,0,4.0,2,96412,128,0,synthetic_microfit_cuda_event_device_timeline_only
5.884521484375,0.44441598653793335,128,cuda,2048,optimizer_update,1,4.0,2,96412,128,0,synthetic_microfit_cuda_event_device_timeline_only
5.884521484375,0.40672001242637634,128,cuda,2048,optimizer_update,2,4.0,2,96412,128,0,synthetic_microfit_cuda_event_device_timeline_only
5.884521484375,0.42822399735450745,128,cuda,2048,optimizer_update,3,4.0,2,96412,128,0,synthetic_microfit_cuda_event_device_timeline_only
5.884521484375,0.4136959910392761,128,cuda,2048,optimizer_update,4,4.0,2,96412,128,0,synthetic_microfit_cuda_event_device_timeline_only
5.884521484375,0.4259839951992035,128,cuda,2048,optimizer_update,5,4.0,2,96412,128,0,synthetic_microfit_cuda_event_device_timeline_only
5.884521484375,0.40246400237083435,128,cuda,2048,optimizer_update,6,4.0,2,96412,128,0,synthetic_microfit_cuda_event_device_timeline_only
5.884521484375,0.40038400888442993,128,cuda,2048,optimizer_update,7,4.0,2,96412,128,0,synthetic_microfit_cuda_event_device_timeline_only
5.884521484375,0.40857601165771484,128,cuda,2048,optimizer_update,8,4.0,2,96412,128,0,synthetic_microfit_cuda_event_device_timeline_only
5.884521484375,0.40038400888442993,128,cuda,2048,optimizer_update,9,4.0,2,96412,128,0,synthetic_microfit_cuda_event_device_timeline_only
5.884521484375,0.42188799381256104,128,cuda,2048,optimizer_update,10,4.0,2,96412,128,0,synthetic_microfit_cuda_event_device_timeline_only
5.884521484375,0.3970560133457184,128,cuda,2048,optimizer_update,11,4.0,2,96412,128,0,synthetic_microfit_cuda_event_device_timeline_only
5.884521484375,0.42396798729896545,128,cuda,2048,optimizer_update,12,4.0,2,96412,128,0,synthetic_microfit_cuda_event_device_timeline_only
5.884521484375,0.40140798687934875,128,cuda,2048,optimizer_update,13,4.0,2,96412,128,0,synthetic_microfit_cuda_event_device_timeline_only
5.884521484375,0.42393600940704346,128,cuda,2048,optimizer_update,14,4.0,2,96412,128,0,synthetic_microfit_cuda_event_device_timeline_only
5.884521484375,2.212831974029541,128,cuda,2048,representative_fit_step,0,4.0,2,96412,128,0,synthetic_microfit_cuda_event_device_timeline_only
5.884521484375,2.1821439266204834,128,cuda,2048,representative_fit_step,1,4.0,2,96412,128,0,synthetic_microfit_cuda_event_device_timeline_only
5.884521484375,2.243583917617798,128,cuda,2048,representative_fit_step,2,4.0,2,96412,128,0,synthetic_microfit_cuda_event_device_timeline_only
5.884521484375,2.10534405708313,128,cuda,2048,representative_fit_step,3,4.0,2,96412,128,0,synthetic_microfit_cuda_event_device_timeline_only
5.884521484375,2.437119960784912,128,cuda,2048,representative_fit_step,4,4.0,2,96412,128,0,synthetic_microfit_cuda_event_device_timeline_only
5.884521484375,2.1626880168914795,128,cuda,2048,representative_fit_step,5,4.0,2,96412,128,0,synthetic_microfit_cuda_event_device_timeline_only
5.884521484375,2.25382399559021,128,cuda,2048,representative_fit_step,6,4.0,2,96412,128,0,synthetic_microfit_cuda_event_device_timeline_only
5.884521484375,2.2097280025482178,128,cuda,2048,representative_fit_step,7,4.0,2,96412,128,0,synthetic_microfit_cuda_event_device_timeline_only
5.884521484375,2.2455360889434814,128,cuda,2048,representative_fit_step,8,4.0,2,96412,128,0,synthetic_microfit_cuda_event_device_timeline_only
5.884521484375,2.1678080558776855,128,cuda,2048,representative_fit_step,9,4.0,2,96412,128,0,synthetic_microfit_cuda_event_device_timeline_only
5.884521484375,2.349951982498169,128,cuda,2048,representative_fit_step,10,4.0,2,96412,128,0,synthetic_microfit_cuda_event_device_timeline_only
5.884521484375,2.1729280948638916,128,cuda,2048,representative_fit_step,11,4.0,2,96412,128,0,synthetic_microfit_cuda_event_device_timeline_only
5.884521484375,2.293760061264038,128,cuda,2048,representative_fit_step,12,4.0,2,96412,128,0,synthetic_microfit_cuda_event_device_timeline_only
5.884521484375,2.1278719902038574,128,cuda,2048,representative_fit_step,13,4.0,2,96412,128,0,synthetic_microfit_cuda_event_device_timeline_only
5.884521484375,2.249727964401245,128,cuda,2048,representative_fit_step,14,4.0,2,96412,128,0,synthetic_microfit_cuda_event_device_timeline_only
5.884521484375,0.40038400888442993,128,cuda_block_reduce,2048,exact_forward,0,4.0,2,96412,128,1,synthetic_microfit_cuda_event_device_timeline_only
5.884521484375,0.3983359932899475,128,cuda_block_reduce,2048,exact_forward,1,4.0,2,96412,128,1,synthetic_microfit_cuda_event_device_timeline_only
5.884521484375,0.38809600472450256,128,cuda_block_reduce,2048,exact_forward,2,4.0,2,96412,128,1,synthetic_microfit_cuda_event_device_timeline_only
5.884521484375,0.40140798687934875,128,cuda_block_reduce,2048,exact_forward,3,4.0,2,96412,128,1,synthetic_microfit_cuda_event_device_timeline_only
5.884521484375,0.37990400195121765,128,cuda_block_reduce,2048,exact_forward,4,4.0,2,96412,128,1,synthetic_microfit_cuda_event_device_timeline_only
5.884521484375,0.3993600010871887,128,cuda_block_reduce,2048,exact_forward,5,4.0,2,96412,128,1,synthetic_microfit_cuda_event_device_timeline_only
5.884521484375,0.38707199692726135,128,cuda_block_reduce,2048,exact_forward,6,4.0,2,96412,128,1,synthetic_microfit_cuda_event_device_timeline_only
5.884521484375,0.37990400195121765,128,cuda_block_reduce,2048,exact_forward,7,4.0,2,96412,128,1,synthetic_microfit_cuda_event_device_timeline_only
5.884521484375,0.374783992767334,128,cuda_block_reduce,2048,exact_forward,8,4.0,2,96412,128,1,synthetic_microfit_cuda_event_device_timeline_only
5.884521484375,0.3963199853897095,128,cuda_block_reduce,2048,exact_forward,9,4.0,2,96412,128,1,synthetic_microfit_cuda_event_device_timeline_only
5.884521484375,0.3749760091304779,128,cuda_block_reduce,2048,exact_forward,10,4.0,2,96412,128,1,synthetic_microfit_cuda_event_device_timeline_only
5.884521484375,0.382752001285553,128,cuda_block_reduce,2048,exact_forward,11,4.0,2,96412,128,1,synthetic_microfit_cuda_event_device_timeline_only
5.884521484375,0.374783992767334,128,cuda_block_reduce,2048,exact_forward,12,4.0,2,96412,128,1,synthetic_microfit_cuda_event_device_timeline_only
5.884521484375,0.37273600697517395,128,cuda_block_reduce,2048,exact_forward,13,4.0,2,96412,128,1,synthetic_microfit_cuda_event_device_timeline_only
5.884521484375,0.3973119854927063,128,cuda_block_reduce,2048,exact_forward,14,4.0,2,96412,128,1,synthetic_microfit_cuda_event_device_timeline_only
5.884521484375,0.5571519732475281,128,cuda_block_reduce,2048,exact_backward,0,4.0,2,96412,128,1,synthetic_microfit_cuda_event_device_timeline_only
5.884521484375,0.5457919836044312,128,cuda_block_reduce,2048,exact_backward,1,4.0,2,96412,128,1,synthetic_microfit_cuda_event_device_timeline_only
5.884521484375,0.5120000243186951,128,cuda_block_reduce,2048,exact_backward,2,4.0,2,96412,128,1,synthetic_microfit_cuda_event_device_timeline_only
5.884521484375,0.5159040093421936,128,cuda_block_reduce,2048,exact_backward,3,4.0,2,96412,128,1,synthetic_microfit_cuda_event_device_timeline_only
5.884521484375,0.4925439953804016,128,cuda_block_reduce,2048,exact_backward,4,4.0,2,96412,128,1,synthetic_microfit_cuda_event_device_timeline_only
5.884521484375,0.5132160186767578,128,cuda_block_reduce,2048,exact_backward,5,4.0,2,96412,128,1,synthetic_microfit_cuda_event_device_timeline_only
5.884521484375,0.5120000243186951,128,cuda_block_reduce,2048,exact_backward,6,4.0,2,96412,128,1,synthetic_microfit_cuda_event_device_timeline_only
5.884521484375,0.5120000243186951,128,cuda_block_reduce,2048,exact_backward,7,4.0,2,96412,128,1,synthetic_microfit_cuda_event_device_timeline_only
5.884521484375,0.5046719908714294,128,cuda_block_reduce,2048,exact_backward,8,4.0,2,96412,128,1,synthetic_microfit_cuda_event_device_timeline_only
5.884521484375,0.5447679758071899,128,cuda_block_reduce,2048,exact_backward,9,4.0,2,96412,128,1,synthetic_microfit_cuda_event_device_timeline_only
5.884521484375,0.5038080215454102,128,cuda_block_reduce,2048,exact_backward,10,4.0,2,96412,128,1,synthetic_microfit_cuda_event_device_timeline_only
5.884521484375,0.4986880123615265,128,cuda_block_reduce,2048,exact_backward,11,4.0,2,96412,128,1,synthetic_microfit_cuda_event_device_timeline_only
5.884521484375,0.4925439953804016,128,cuda_block_reduce,2048,exact_backward,12,4.0,2,96412,128,1,synthetic_microfit_cuda_event_device_timeline_only
5.884521484375,0.5017600059509277,128,cuda_block_reduce,2048,exact_backward,13,4.0,2,96412,128,1,synthetic_microfit_cuda_event_device_timeline_only
5.884521484375,0.49641600251197815,128,cuda_block_reduce,2048,exact_backward,14,4.0,2,96412,128,1,synthetic_microfit_cuda_event_device_timeline_only
5.884521484375,0.8990079760551453,128,cuda_block_reduce,2048,fit_backward,0,4.0,2,96412,128,1,synthetic_microfit_cuda_event_device_timeline_only
5.884521484375,0.8509439826011658,128,cuda_block_reduce,2048,fit_backward,1,4.0,2,96412,128,1,synthetic_microfit_cuda_event_device_timeline_only
5.884521484375,0.8517760038375854,128,cuda_block_reduce,2048,fit_backward,2,4.0,2,96412,128,1,synthetic_microfit_cuda_event_device_timeline_only
5.884521484375,0.8550400137901306,128,cuda_block_reduce,2048,fit_backward,3,4.0,2,96412,128,1,synthetic_microfit_cuda_event_device_timeline_only
5.884521484375,0.8491520285606384,128,cuda_block_reduce,2048,fit_backward,4,4.0,2,96412,128,1,synthetic_microfit_cuda_event_device_timeline_only
5.884521484375,0.8314880132675171,128,cuda_block_reduce,2048,fit_backward,5,4.0,2,96412,128,1,synthetic_microfit_cuda_event_device_timeline_only
5.884521484375,0.8437759876251221,128,cuda_block_reduce,2048,fit_backward,6,4.0,2,96412,128,1,synthetic_microfit_cuda_event_device_timeline_only
5.884521484375,0.8399040102958679,128,cuda_block_reduce,2048,fit_backward,7,4.0,2,96412,128,1,synthetic_microfit_cuda_event_device_timeline_only
5.884521484375,0.8302080035209656,128,cuda_block_reduce,2048,fit_backward,8,4.0,2,96412,128,1,synthetic_microfit_cuda_event_device_timeline_only
5.884521484375,0.8447999954223633,128,cuda_block_reduce,2048,fit_backward,9,4.0,2,96412,128,1,synthetic_microfit_cuda_event_device_timeline_only
5.884521484375,0.8581119775772095,128,cuda_block_reduce,2048,fit_backward,10,4.0,2,96412,128,1,synthetic_microfit_cuda_event_device_timeline_only
5.884521484375,0.857312023639679,128,cuda_block_reduce,2048,fit_backward,11,4.0,2,96412,128,1,synthetic_microfit_cuda_event_device_timeline_only
5.884521484375,0.8458240032196045,128,cuda_block_reduce,2048,fit_backward,12,4.0,2,96412,128,1,synthetic_microfit_cuda_event_device_timeline_only
5.884521484375,0.8284159898757935,128,cuda_block_reduce,2048,fit_backward,13,4.0,2,96412,128,1,synthetic_microfit_cuda_event_device_timeline_only
5.884521484375,0.8714240193367004,128,cuda_block_reduce,2048,fit_backward,14,4.0,2,96412,128,1,synthetic_microfit_cuda_event_device_timeline_only
5.884521484375,0.49478399753570557,128,cuda_block_reduce,2048,optimizer_update,0,4.0,2,96412,128,1,synthetic_microfit_cuda_event_device_timeline_only
5.884521484375,0.45180800557136536,128,cuda_block_reduce,2048,optimizer_update,1,4.0,2,96412,128,1,synthetic_microfit_cuda_event_device_timeline_only
5.884521484375,0.41356799006462097,128,cuda_block_reduce,2048,optimizer_update,2,4.0,2,96412,128,1,synthetic_microfit_cuda_event_device_timeline_only
5.884521484375,0.45337599515914917,128,cuda_block_reduce,2048,optimizer_update,3,4.0,2,96412,128,1,synthetic_microfit_cuda_event_device_timeline_only
5.884521484375,0.4288960099220276,128,cuda_block_reduce,2048,optimizer_update,4,4.0,2,96412,128,1,synthetic_microfit_cuda_event_device_timeline_only
5.884521484375,0.43212801218032837,128,cuda_block_reduce,2048,optimizer_update,5,4.0,2,96412,128,1,synthetic_microfit_cuda_event_device_timeline_only
5.884521484375,0.4126720130443573,128,cuda_block_reduce,2048,optimizer_update,6,4.0,2,96412,128,1,synthetic_microfit_cuda_event_device_timeline_only
5.884521484375,0.4270400106906891,128,cuda_block_reduce,2048,optimizer_update,7,4.0,2,96412,128,1,synthetic_microfit_cuda_event_device_timeline_only
5.884521484375,0.42291200160980225,128,cuda_block_reduce,2048,optimizer_update,8,4.0,2,96412,128,1,synthetic_microfit_cuda_event_device_timeline_only
5.884521484375,0.4258880019187927,128,cuda_block_reduce,2048,optimizer_update,9,4.0,2,96412,128,1,synthetic_microfit_cuda_event_device_timeline_only
5.884521484375,0.4136959910392761,128,cuda_block_reduce,2048,optimizer_update,10,4.0,2,96412,128,1,synthetic_microfit_cuda_event_device_timeline_only
5.884521484375,0.4188160002231598,128,cuda_block_reduce,2048,optimizer_update,11,4.0,2,96412,128,1,synthetic_microfit_cuda_event_device_timeline_only
5.884521484375,0.41471999883651733,128,cuda_block_reduce,2048,optimizer_update,12,4.0,2,96412,128,1,synthetic_microfit_cuda_event_device_timeline_only
5.884521484375,0.42825600504875183,128,cuda_block_reduce,2048,optimizer_update,13,4.0,2,96412,128,1,synthetic_microfit_cuda_event_device_timeline_only
5.884521484375,0.41596800088882446,128,cuda_block_reduce,2048,optimizer_update,14,4.0,2,96412,128,1,synthetic_microfit_cuda_event_device_timeline_only
5.884521484375,2.1176319122314453,128,cuda_block_reduce,2048,representative_fit_step,0,4.0,2,96412,128,1,synthetic_microfit_cuda_event_device_timeline_only
5.884521484375,2.091007947921753,128,cuda_block_reduce,2048,representative_fit_step,1,4.0,2,96412,128,1,synthetic_microfit_cuda_event_device_timeline_only
5.884521484375,2.0285439491271973,128,cuda_block_reduce,2048,representative_fit_step,2,4.0,2,96412,128,1,synthetic_microfit_cuda_event_device_timeline_only
5.884521484375,2.040895938873291,128,cuda_block_reduce,2048,representative_fit_step,3,4.0,2,96412,128,1,synthetic_microfit_cuda_event_device_timeline_only
5.884521484375,2.0387840270996094,128,cuda_block_reduce,2048,representative_fit_step,4,4.0,2,96412,128,1,synthetic_microfit_cuda_event_device_timeline_only
5.884521484375,1.996832013130188,128,cuda_block_reduce,2048,representative_fit_step,5,4.0,2,96412,128,1,synthetic_microfit_cuda_event_device_timeline_only
5.884521484375,2.0244479179382324,128,cuda_block_reduce,2048,representative_fit_step,6,4.0,2,96412,128,1,synthetic_microfit_cuda_event_device_timeline_only
5.884521484375,1.9988800287246704,128,cuda_block_reduce,2048,representative_fit_step,7,4.0,2,96412,128,1,synthetic_microfit_cuda_event_device_timeline_only
5.884521484375,2.0305919647216797,128,cuda_block_reduce,2048,representative_fit_step,8,4.0,2,96412,128,1,synthetic_microfit_cuda_event_device_timeline_only
5.884521484375,2.136928081512451,128,cuda_block_reduce,2048,representative_fit_step,9,4.0,2,96412,128,1,synthetic_microfit_cuda_event_device_timeline_only
5.884521484375,2.2527999877929688,128,cuda_block_reduce,2048,representative_fit_step,10,4.0,2,96412,128,1,synthetic_microfit_cuda_event_device_timeline_only
5.884521484375,2.070528030395508,128,cuda_block_reduce,2048,representative_fit_step,11,4.0,2,96412,128,1,synthetic_microfit_cuda_event_device_timeline_only
5.884521484375,2.041856050491333,128,cuda_block_reduce,2048,representative_fit_step,12,4.0,2,96412,128,1,synthetic_microfit_cuda_event_device_timeline_only
5.884521484375,2.072511911392212,128,cuda_block_reduce,2048,representative_fit_step,13,4.0,2,96412,128,1,synthetic_microfit_cuda_event_device_timeline_only
5.884521484375,2.060192108154297,128,cuda_block_reduce,2048,representative_fit_step,14,4.0,2,96412,128,1,synthetic_microfit_cuda_event_device_timeline_only
18.62811279296875,0.44543999433517456,128,cuda_block_reduce,2048,exact_forward,0,16.0,3,305203,128,0,synthetic_microfit_cuda_event_device_timeline_only
18.62811279296875,0.4106239974498749,128,cuda_block_reduce,2048,exact_forward,1,16.0,3,305203,128,0,synthetic_microfit_cuda_event_device_timeline_only
18.62811279296875,0.43110400438308716,128,cuda_block_reduce,2048,exact_forward,2,16.0,3,305203,128,0,synthetic_microfit_cuda_event_device_timeline_only
18.62811279296875,0.4044800102710724,128,cuda_block_reduce,2048,exact_forward,3,16.0,3,305203,128,0,synthetic_microfit_cuda_event_device_timeline_only
18.62811279296875,0.4055039882659912,128,cuda_block_reduce,2048,exact_forward,4,16.0,3,305203,128,0,synthetic_microfit_cuda_event_device_timeline_only
18.62811279296875,0.3983359932899475,128,cuda_block_reduce,2048,exact_forward,5,16.0,3,305203,128,0,synthetic_microfit_cuda_event_device_timeline_only
18.62811279296875,0.4240320026874542,128,cuda_block_reduce,2048,exact_forward,6,16.0,3,305203,128,0,synthetic_microfit_cuda_event_device_timeline_only
18.62811279296875,0.3983359932899475,128,cuda_block_reduce,2048,exact_forward,7,16.0,3,305203,128,0,synthetic_microfit_cuda_event_device_timeline_only
18.62811279296875,0.4257600009441376,128,cuda_block_reduce,2048,exact_forward,8,16.0,3,305203,128,0,synthetic_microfit_cuda_event_device_timeline_only
18.62811279296875,0.3962880074977875,128,cuda_block_reduce,2048,exact_forward,9,16.0,3,305203,128,0,synthetic_microfit_cuda_event_device_timeline_only
18.62811279296875,0.40959998965263367,128,cuda_block_reduce,2048,exact_forward,10,16.0,3,305203,128,0,synthetic_microfit_cuda_event_device_timeline_only
18.62811279296875,0.39526399970054626,128,cuda_block_reduce,2048,exact_forward,11,16.0,3,305203,128,0,synthetic_microfit_cuda_event_device_timeline_only
18.62811279296875,0.3983359932899475,128,cuda_block_reduce,2048,exact_forward,12,16.0,3,305203,128,0,synthetic_microfit_cuda_event_device_timeline_only
18.62811279296875,0.39423999190330505,128,cuda_block_reduce,2048,exact_forward,13,16.0,3,305203,128,0,synthetic_microfit_cuda_event_device_timeline_only
18.62811279296875,0.41471999883651733,128,cuda_block_reduce,2048,exact_forward,14,16.0,3,305203,128,0,synthetic_microfit_cuda_event_device_timeline_only
18.62811279296875,0.5068479776382446,128,cuda_block_reduce,2048,exact_backward,0,16.0,3,305203,128,0,synthetic_microfit_cuda_event_device_timeline_only
18.62811279296875,0.495743989944458,128,cuda_block_reduce,2048,exact_backward,1,16.0,3,305203,128,0,synthetic_microfit_cuda_event_device_timeline_only
18.62811279296875,0.48953598737716675,128,cuda_block_reduce,2048,exact_backward,2,16.0,3,305203,128,0,synthetic_microfit_cuda_event_device_timeline_only
18.62811279296875,0.49561598896980286,128,cuda_block_reduce,2048,exact_backward,3,16.0,3,305203,128,0,synthetic_microfit_cuda_event_device_timeline_only
18.62811279296875,0.49539199471473694,128,cuda_block_reduce,2048,exact_backward,4,16.0,3,305203,128,0,synthetic_microfit_cuda_event_device_timeline_only
18.62811279296875,0.48947200179100037,128,cuda_block_reduce,2048,exact_backward,5,16.0,3,305203,128,0,synthetic_microfit_cuda_event_device_timeline_only
18.62811279296875,0.5120000243186951,128,cuda_block_reduce,2048,exact_backward,6,16.0,3,305203,128,0,synthetic_microfit_cuda_event_device_timeline_only
18.62811279296875,0.4927999973297119,128,cuda_block_reduce,2048,exact_backward,7,16.0,3,305203,128,0,synthetic_microfit_cuda_event_device_timeline_only
18.62811279296875,0.4925439953804016,128,cuda_block_reduce,2048,exact_backward,8,16.0,3,305203,128,0,synthetic_microfit_cuda_event_device_timeline_only
18.62811279296875,0.48844799399375916,128,cuda_block_reduce,2048,exact_backward,9,16.0,3,305203,128,0,synthetic_microfit_cuda_event_device_timeline_only
18.62811279296875,0.48416000604629517,128,cuda_block_reduce,2048,exact_backward,10,16.0,3,305203,128,0,synthetic_microfit_cuda_event_device_timeline_only
18.62811279296875,0.48236799240112305,128,cuda_block_reduce,2048,exact_backward,11,16.0,3,305203,128,0,synthetic_microfit_cuda_event_device_timeline_only
18.62811279296875,0.4904960095882416,128,cuda_block_reduce,2048,exact_backward,12,16.0,3,305203,128,0,synthetic_microfit_cuda_event_device_timeline_only
18.62811279296875,0.49663999676704407,128,cuda_block_reduce,2048,exact_backward,13,16.0,3,305203,128,0,synthetic_microfit_cuda_event_device_timeline_only
18.62811279296875,0.49663999676704407,128,cuda_block_reduce,2048,exact_backward,14,16.0,3,305203,128,0,synthetic_microfit_cuda_event_device_timeline_only
18.62811279296875,0.8560640215873718,128,cuda_block_reduce,2048,fit_backward,0,16.0,3,305203,128,0,synthetic_microfit_cuda_event_device_timeline_only
18.62811279296875,0.8776959776878357,128,cuda_block_reduce,2048,fit_backward,1,16.0,3,305203,128,0,synthetic_microfit_cuda_event_device_timeline_only
18.62811279296875,0.883679986000061,128,cuda_block_reduce,2048,fit_backward,2,16.0,3,305203,128,0,synthetic_microfit_cuda_event_device_timeline_only
18.62811279296875,0.8674880266189575,128,cuda_block_reduce,2048,fit_backward,3,16.0,3,305203,128,0,synthetic_microfit_cuda_event_device_timeline_only
18.62811279296875,0.8560640215873718,128,cuda_block_reduce,2048,fit_backward,4,16.0,3,305203,128,0,synthetic_microfit_cuda_event_device_timeline_only
18.62811279296875,0.8426880240440369,128,cuda_block_reduce,2048,fit_backward,5,16.0,3,305203,128,0,synthetic_microfit_cuda_event_device_timeline_only
18.62811279296875,0.8508480191230774,128,cuda_block_reduce,2048,fit_backward,6,16.0,3,305203,128,0,synthetic_microfit_cuda_event_device_timeline_only
18.62811279296875,0.8417279720306396,128,cuda_block_reduce,2048,fit_backward,7,16.0,3,305203,128,0,synthetic_microfit_cuda_event_device_timeline_only
18.62811279296875,0.8416640162467957,128,cuda_block_reduce,2048,fit_backward,8,16.0,3,305203,128,0,synthetic_microfit_cuda_event_device_timeline_only
18.62811279296875,0.8487039804458618,128,cuda_block_reduce,2048,fit_backward,9,16.0,3,305203,128,0,synthetic_microfit_cuda_event_device_timeline_only
18.62811279296875,0.8366079926490784,128,cuda_block_reduce,2048,fit_backward,10,16.0,3,305203,128,0,synthetic_microfit_cuda_event_device_timeline_only
18.62811279296875,0.8510079979896545,128,cuda_block_reduce,2048,fit_backward,11,16.0,3,305203,128,0,synthetic_microfit_cuda_event_device_timeline_only
18.62811279296875,0.851967990398407,128,cuda_block_reduce,2048,fit_backward,12,16.0,3,305203,128,0,synthetic_microfit_cuda_event_device_timeline_only
18.62811279296875,0.9472000002861023,128,cuda_block_reduce,2048,fit_backward,13,16.0,3,305203,128,0,synthetic_microfit_cuda_event_device_timeline_only
18.62811279296875,0.8531200289726257,128,cuda_block_reduce,2048,fit_backward,14,16.0,3,305203,128,0,synthetic_microfit_cuda_event_device_timeline_only
18.62811279296875,0.48841598629951477,128,cuda_block_reduce,2048,optimizer_update,0,16.0,3,305203,128,0,synthetic_microfit_cuda_event_device_timeline_only
18.62811279296875,0.4362240135669708,128,cuda_block_reduce,2048,optimizer_update,1,16.0,3,305203,128,0,synthetic_microfit_cuda_event_device_timeline_only
18.62811279296875,0.4148159921169281,128,cuda_block_reduce,2048,optimizer_update,2,16.0,3,305203,128,0,synthetic_microfit_cuda_event_device_timeline_only
18.62811279296875,0.42211198806762695,128,cuda_block_reduce,2048,optimizer_update,3,16.0,3,305203,128,0,synthetic_microfit_cuda_event_device_timeline_only
18.62811279296875,0.4118080139160156,128,cuda_block_reduce,2048,optimizer_update,4,16.0,3,305203,128,0,synthetic_microfit_cuda_event_device_timeline_only
18.62811279296875,0.42208001017570496,128,cuda_block_reduce,2048,optimizer_update,5,16.0,3,305203,128,0,synthetic_microfit_cuda_event_device_timeline_only
18.62811279296875,0.4136959910392761,128,cuda_block_reduce,2048,optimizer_update,6,16.0,3,305203,128,0,synthetic_microfit_cuda_event_device_timeline_only
18.62811279296875,0.42393600940704346,128,cuda_block_reduce,2048,optimizer_update,7,16.0,3,305203,128,0,synthetic_microfit_cuda_event_device_timeline_only
18.62811279296875,0.40140798687934875,128,cuda_block_reduce,2048,optimizer_update,8,16.0,3,305203,128,0,synthetic_microfit_cuda_event_device_timeline_only
18.62811279296875,0.4208639860153198,128,cuda_block_reduce,2048,optimizer_update,9,16.0,3,305203,128,0,synthetic_microfit_cuda_event_device_timeline_only
18.62811279296875,0.4023680090904236,128,cuda_block_reduce,2048,optimizer_update,10,16.0,3,305203,128,0,synthetic_microfit_cuda_event_device_timeline_only
18.62811279296875,0.40870401263237,128,cuda_block_reduce,2048,optimizer_update,11,16.0,3,305203,128,0,synthetic_microfit_cuda_event_device_timeline_only
18.62811279296875,0.4097599983215332,128,cuda_block_reduce,2048,optimizer_update,12,16.0,3,305203,128,0,synthetic_microfit_cuda_event_device_timeline_only
18.62811279296875,0.4208639860153198,128,cuda_block_reduce,2048,optimizer_update,13,16.0,3,305203,128,0,synthetic_microfit_cuda_event_device_timeline_only
18.62811279296875,0.40755200386047363,128,cuda_block_reduce,2048,optimizer_update,14,16.0,3,305203,128,0,synthetic_microfit_cuda_event_device_timeline_only
18.62811279296875,2.0551679134368896,128,cuda_block_reduce,2048,representative_fit_step,0,16.0,3,305203,128,0,synthetic_microfit_cuda_event_device_timeline_only
18.62811279296875,2.021375894546509,128,cuda_block_reduce,2048,representative_fit_step,1,16.0,3,305203,128,0,synthetic_microfit_cuda_event_device_timeline_only
18.62811279296875,2.012160062789917,128,cuda_block_reduce,2048,representative_fit_step,2,16.0,3,305203,128,0,synthetic_microfit_cuda_event_device_timeline_only
18.62811279296875,2.0305919647216797,128,cuda_block_reduce,2048,representative_fit_step,3,16.0,3,305203,128,0,synthetic_microfit_cuda_event_device_timeline_only
18.62811279296875,2.0439679622650146,128,cuda_block_reduce,2048,representative_fit_step,4,16.0,3,305203,128,0,synthetic_microfit_cuda_event_device_timeline_only
18.62811279296875,2.0214080810546875,128,cuda_block_reduce,2048,representative_fit_step,5,16.0,3,305203,128,0,synthetic_microfit_cuda_event_device_timeline_only
18.62811279296875,2.012223958969116,128,cuda_block_reduce,2048,representative_fit_step,6,16.0,3,305203,128,0,synthetic_microfit_cuda_event_device_timeline_only
18.62811279296875,2.0768001079559326,128,cuda_block_reduce,2048,representative_fit_step,7,16.0,3,305203,128,0,synthetic_microfit_cuda_event_device_timeline_only
18.62811279296875,2.1473278999328613,128,cuda_block_reduce,2048,representative_fit_step,8,16.0,3,305203,128,0,synthetic_microfit_cuda_event_device_timeline_only
18.62811279296875,2.051071882247925,128,cuda_block_reduce,2048,representative_fit_step,9,16.0,3,305203,128,0,synthetic_microfit_cuda_event_device_timeline_only
18.62811279296875,2.130944013595581,128,cuda_block_reduce,2048,representative_fit_step,10,16.0,3,305203,128,0,synthetic_microfit_cuda_event_device_timeline_only
18.62811279296875,2.0480000972747803,128,cuda_block_reduce,2048,representative_fit_step,11,16.0,3,305203,128,0,synthetic_microfit_cuda_event_device_timeline_only
18.62811279296875,2.0203518867492676,128,cuda_block_reduce,2048,representative_fit_step,12,16.0,3,305203,128,0,synthetic_microfit_cuda_event_device_timeline_only
18.62811279296875,2.0336639881134033,128,cuda_block_reduce,2048,representative_fit_step,13,16.0,3,305203,128,0,synthetic_microfit_cuda_event_device_timeline_only
18.62811279296875,2.0244479179382324,128,cuda_block_reduce,2048,representative_fit_step,14,16.0,3,305203,128,0,synthetic_microfit_cuda_event_device_timeline_only
18.62811279296875,0.43110400438308716,128,cuda,2048,exact_forward,0,16.0,3,305203,128,1,synthetic_microfit_cuda_event_device_timeline_only
18.62811279296875,0.41574400663375854,128,cuda,2048,exact_forward,1,16.0,3,305203,128,1,synthetic_microfit_cuda_event_device_timeline_only
18.62811279296875,0.4106239974498749,128,cuda,2048,exact_forward,2,16.0,3,305203,128,1,synthetic_microfit_cuda_event_device_timeline_only
18.62811279296875,0.4065279960632324,128,cuda,2048,exact_forward,3,16.0,3,305203,128,1,synthetic_microfit_cuda_event_device_timeline_only
18.62811279296875,0.40959998965263367,128,cuda,2048,exact_forward,4,16.0,3,305203,128,1,synthetic_microfit_cuda_event_device_timeline_only
18.62811279296875,0.39635199308395386,128,cuda,2048,exact_forward,5,16.0,3,305203,128,1,synthetic_microfit_cuda_event_device_timeline_only
18.62811279296875,0.42291200160980225,128,cuda,2048,exact_forward,6,16.0,3,305203,128,1,synthetic_microfit_cuda_event_device_timeline_only
18.62811279296875,0.40038400888442993,128,cuda,2048,exact_forward,7,16.0,3,305203,128,1,synthetic_microfit_cuda_event_device_timeline_only
18.62811279296875,0.42188799381256104,128,cuda,2048,exact_forward,8,16.0,3,305203,128,1,synthetic_microfit_cuda_event_device_timeline_only
18.62811279296875,0.39526399970054626,128,cuda,2048,exact_forward,9,16.0,3,305203,128,1,synthetic_microfit_cuda_event_device_timeline_only
18.62811279296875,0.419840008020401,128,cuda,2048,exact_forward,10,16.0,3,305203,128,1,synthetic_microfit_cuda_event_device_timeline_only
18.62811279296875,0.4044800102710724,128,cuda,2048,exact_forward,11,16.0,3,305203,128,1,synthetic_microfit_cuda_event_device_timeline_only
18.62811279296875,0.4136959910392761,128,cuda,2048,exact_forward,12,16.0,3,305203,128,1,synthetic_microfit_cuda_event_device_timeline_only
18.62811279296875,0.4546560049057007,128,cuda,2048,exact_forward,13,16.0,3,305203,128,1,synthetic_microfit_cuda_event_device_timeline_only
18.62811279296875,0.41574400663375854,128,cuda,2048,exact_forward,14,16.0,3,305203,128,1,synthetic_microfit_cuda_event_device_timeline_only
18.62811279296875,0.9768959879875183,128,cuda,2048,exact_backward,0,16.0,3,305203,128,1,synthetic_microfit_cuda_event_device_timeline_only
18.62811279296875,0.9656320214271545,128,cuda,2048,exact_backward,1,16.0,3,305203,128,1,synthetic_microfit_cuda_event_device_timeline_only
18.62811279296875,0.9656320214271545,128,cuda,2048,exact_backward,2,16.0,3,305203,128,1,synthetic_microfit_cuda_event_device_timeline_only
18.62811279296875,0.9666560292243958,128,cuda,2048,exact_backward,3,16.0,3,305203,128,1,synthetic_microfit_cuda_event_device_timeline_only
18.62811279296875,0.9707520008087158,128,cuda,2048,exact_backward,4,16.0,3,305203,128,1,synthetic_microfit_cuda_event_device_timeline_only
18.62811279296875,0.9758719801902771,128,cuda,2048,exact_backward,5,16.0,3,305203,128,1,synthetic_microfit_cuda_event_device_timeline_only
18.62811279296875,0.9687039852142334,128,cuda,2048,exact_backward,6,16.0,3,305203,128,1,synthetic_microfit_cuda_event_device_timeline_only
18.62811279296875,0.9779199957847595,128,cuda,2048,exact_backward,7,16.0,3,305203,128,1,synthetic_microfit_cuda_event_device_timeline_only
18.62811279296875,0.9624000191688538,128,cuda,2048,exact_backward,8,16.0,3,305203,128,1,synthetic_microfit_cuda_event_device_timeline_only
18.62811279296875,0.9687039852142334,128,cuda,2048,exact_backward,9,16.0,3,305203,128,1,synthetic_microfit_cuda_event_device_timeline_only
18.62811279296875,0.9605119824409485,128,cuda,2048,exact_backward,10,16.0,3,305203,128,1,synthetic_microfit_cuda_event_device_timeline_only
18.62811279296875,0.9687039852142334,128,cuda,2048,exact_backward,11,16.0,3,305203,128,1,synthetic_microfit_cuda_event_device_timeline_only
18.62811279296875,0.9635840058326721,128,cuda,2048,exact_backward,12,16.0,3,305203,128,1,synthetic_microfit_cuda_event_device_timeline_only
18.62811279296875,0.9735999703407288,128,cuda,2048,exact_backward,13,16.0,3,305203,128,1,synthetic_microfit_cuda_event_device_timeline_only
18.62811279296875,0.977728009223938,128,cuda,2048,exact_backward,14,16.0,3,305203,128,1,synthetic_microfit_cuda_event_device_timeline_only
18.62811279296875,1.371135950088501,128,cuda,2048,fit_backward,0,16.0,3,305203,128,1,synthetic_microfit_cuda_event_device_timeline_only
18.62811279296875,1.3260799646377563,128,cuda,2048,fit_backward,1,16.0,3,305203,128,1,synthetic_microfit_cuda_event_device_timeline_only
18.62811279296875,1.3199360370635986,128,cuda,2048,fit_backward,2,16.0,3,305203,128,1,synthetic_microfit_cuda_event_device_timeline_only
18.62811279296875,1.3218239545822144,128,cuda,2048,fit_backward,3,16.0,3,305203,128,1,synthetic_microfit_cuda_event_device_timeline_only
18.62811279296875,1.3567999601364136,128,cuda,2048,fit_backward,4,16.0,3,305203,128,1,synthetic_microfit_cuda_event_device_timeline_only
18.62811279296875,1.3475840091705322,128,cuda,2048,fit_backward,5,16.0,3,305203,128,1,synthetic_microfit_cuda_event_device_timeline_only
18.62811279296875,1.3199360370635986,128,cuda,2048,fit_backward,6,16.0,3,305203,128,1,synthetic_microfit_cuda_event_device_timeline_only
18.62811279296875,1.31769597530365,128,cuda,2048,fit_backward,7,16.0,3,305203,128,1,synthetic_microfit_cuda_event_device_timeline_only
18.62811279296875,1.324031949043274,128,cuda,2048,fit_backward,8,16.0,3,305203,128,1,synthetic_microfit_cuda_event_device_timeline_only
18.62811279296875,1.3230079412460327,128,cuda,2048,fit_backward,9,16.0,3,305203,128,1,synthetic_microfit_cuda_event_device_timeline_only
18.62811279296875,1.3207999467849731,128,cuda,2048,fit_backward,10,16.0,3,305203,128,1,synthetic_microfit_cuda_event_device_timeline_only
18.62811279296875,1.3332480192184448,128,cuda,2048,fit_backward,11,16.0,3,305203,128,1,synthetic_microfit_cuda_event_device_timeline_only
18.62811279296875,1.3392959833145142,128,cuda,2048,fit_backward,12,16.0,3,305203,128,1,synthetic_microfit_cuda_event_device_timeline_only
18.62811279296875,1.3434879779815674,128,cuda,2048,fit_backward,13,16.0,3,305203,128,1,synthetic_microfit_cuda_event_device_timeline_only
18.62811279296875,1.3373440504074097,128,cuda,2048,fit_backward,14,16.0,3,305203,128,1,synthetic_microfit_cuda_event_device_timeline_only
18.62811279296875,0.5038080215454102,128,cuda,2048,optimizer_update,0,16.0,3,305203,128,1,synthetic_microfit_cuda_event_device_timeline_only
18.62811279296875,0.4329279959201813,128,cuda,2048,optimizer_update,1,16.0,3,305203,128,1,synthetic_microfit_cuda_event_device_timeline_only
18.62811279296875,0.41676801443099976,128,cuda,2048,optimizer_update,2,16.0,3,305203,128,1,synthetic_microfit_cuda_event_device_timeline_only
18.62811279296875,0.409824013710022,128,cuda,2048,optimizer_update,3,16.0,3,305203,128,1,synthetic_microfit_cuda_event_device_timeline_only
18.62811279296875,0.401311993598938,128,cuda,2048,optimizer_update,4,16.0,3,305203,128,1,synthetic_microfit_cuda_event_device_timeline_only
18.62811279296875,0.42003199458122253,128,cuda,2048,optimizer_update,5,16.0,3,305203,128,1,synthetic_microfit_cuda_event_device_timeline_only
18.62811279296875,0.40857601165771484,128,cuda,2048,optimizer_update,6,16.0,3,305203,128,1,synthetic_microfit_cuda_event_device_timeline_only
18.62811279296875,0.4136959910392761,128,cuda,2048,optimizer_update,7,16.0,3,305203,128,1,synthetic_microfit_cuda_event_device_timeline_only
18.62811279296875,0.40959998965263367,128,cuda,2048,optimizer_update,8,16.0,3,305203,128,1,synthetic_microfit_cuda_event_device_timeline_only
18.62811279296875,0.41471999883651733,128,cuda,2048,optimizer_update,9,16.0,3,305203,128,1,synthetic_microfit_cuda_event_device_timeline_only
18.62811279296875,0.40857601165771484,128,cuda,2048,optimizer_update,10,16.0,3,305203,128,1,synthetic_microfit_cuda_event_device_timeline_only
18.62811279296875,0.42188799381256104,128,cuda,2048,optimizer_update,11,16.0,3,305203,128,1,synthetic_microfit_cuda_event_device_timeline_only
18.62811279296875,0.39824000000953674,128,cuda,2048,optimizer_update,12,16.0,3,305203,128,1,synthetic_microfit_cuda_event_device_timeline_only
18.62811279296875,0.4278079867362976,128,cuda,2048,optimizer_update,13,16.0,3,305203,128,1,synthetic_microfit_cuda_event_device_timeline_only
18.62811279296875,0.3973119854927063,128,cuda,2048,optimizer_update,14,16.0,3,305203,128,1,synthetic_microfit_cuda_event_device_timeline_only
18.62811279296875,2.1985280513763428,128,cuda,2048,representative_fit_step,0,16.0,3,305203,128,1,synthetic_microfit_cuda_event_device_timeline_only
18.62811279296875,2.1975040435791016,128,cuda,2048,representative_fit_step,1,16.0,3,305203,128,1,synthetic_microfit_cuda_event_device_timeline_only
18.62811279296875,2.225152015686035,128,cuda,2048,representative_fit_step,2,16.0,3,305203,128,1,synthetic_microfit_cuda_event_device_timeline_only
18.62811279296875,2.0928640365600586,128,cuda,2048,representative_fit_step,3,16.0,3,305203,128,1,synthetic_microfit_cuda_event_device_timeline_only
18.62811279296875,2.442239999771118,128,cuda,2048,representative_fit_step,4,16.0,3,305203,128,1,synthetic_microfit_cuda_event_device_timeline_only
18.62811279296875,2.149343967437744,128,cuda,2048,representative_fit_step,5,16.0,3,305203,128,1,synthetic_microfit_cuda_event_device_timeline_only
18.62811279296875,2.298880100250244,128,cuda,2048,representative_fit_step,6,16.0,3,305203,128,1,synthetic_microfit_cuda_event_device_timeline_only
18.62811279296875,2.128671884536743,128,cuda,2048,representative_fit_step,7,16.0,3,305203,128,1,synthetic_microfit_cuda_event_device_timeline_only
18.62811279296875,2.2865920066833496,128,cuda,2048,representative_fit_step,8,16.0,3,305203,128,1,synthetic_microfit_cuda_event_device_timeline_only
18.62811279296875,2.1349759101867676,128,cuda,2048,representative_fit_step,9,16.0,3,305203,128,1,synthetic_microfit_cuda_event_device_timeline_only
18.62811279296875,2.2906880378723145,128,cuda,2048,representative_fit_step,10,16.0,3,305203,128,1,synthetic_microfit_cuda_event_device_timeline_only
18.62811279296875,2.159615993499756,128,cuda,2048,representative_fit_step,11,16.0,3,305203,128,1,synthetic_microfit_cuda_event_device_timeline_only
18.62811279296875,2.249631881713867,128,cuda,2048,representative_fit_step,12,16.0,3,305203,128,1,synthetic_microfit_cuda_event_device_timeline_only
18.62811279296875,2.1391360759735107,128,cuda,2048,representative_fit_step,13,16.0,3,305203,128,1,synthetic_microfit_cuda_event_device_timeline_only
18.62811279296875,2.238464117050171,128,cuda,2048,representative_fit_step,14,16.0,3,305203,128,1,synthetic_microfit_cuda_event_device_timeline_only
4.1982421875,0.45158401131629944,256,cuda,512,exact_forward,0,4.0,4,275136,256,0,synthetic_microfit_cuda_event_device_timeline_only
4.1982421875,0.4567039906978607,256,cuda,512,exact_forward,1,4.0,4,275136,256,0,synthetic_microfit_cuda_event_device_timeline_only
4.1982421875,0.42393600940704346,256,cuda,512,exact_forward,2,4.0,4,275136,256,0,synthetic_microfit_cuda_event_device_timeline_only
4.1982421875,0.43958398699760437,256,cuda,512,exact_forward,3,4.0,4,275136,256,0,synthetic_microfit_cuda_event_device_timeline_only
4.1982421875,0.41673600673675537,256,cuda,512,exact_forward,4,4.0,4,275136,256,0,synthetic_microfit_cuda_event_device_timeline_only
4.1982421875,0.43827199935913086,256,cuda,512,exact_forward,5,4.0,4,275136,256,0,synthetic_microfit_cuda_event_device_timeline_only
4.1982421875,0.4055039882659912,256,cuda,512,exact_forward,6,4.0,4,275136,256,0,synthetic_microfit_cuda_event_device_timeline_only
4.1982421875,0.42393600940704346,256,cuda,512,exact_forward,7,4.0,4,275136,256,0,synthetic_microfit_cuda_event_device_timeline_only
4.1982421875,0.4055039882659912,256,cuda,512,exact_forward,8,4.0,4,275136,256,0,synthetic_microfit_cuda_event_device_timeline_only
4.1982421875,0.4136959910392761,256,cuda,512,exact_forward,9,4.0,4,275136,256,0,synthetic_microfit_cuda_event_device_timeline_only
4.1982421875,0.4126720130443573,256,cuda,512,exact_forward,10,4.0,4,275136,256,0,synthetic_microfit_cuda_event_device_timeline_only
4.1982421875,0.42982399463653564,256,cuda,512,exact_forward,11,4.0,4,275136,256,0,synthetic_microfit_cuda_event_device_timeline_only
4.1982421875,0.4055039882659912,256,cuda,512,exact_forward,12,4.0,4,275136,256,0,synthetic_microfit_cuda_event_device_timeline_only
4.1982421875,0.4136959910392761,256,cuda,512,exact_forward,13,4.0,4,275136,256,0,synthetic_microfit_cuda_event_device_timeline_only
4.1982421875,0.4034560024738312,256,cuda,512,exact_forward,14,4.0,4,275136,256,0,synthetic_microfit_cuda_event_device_timeline_only
4.1982421875,0.5232639908790588,256,cuda,512,exact_backward,0,4.0,4,275136,256,0,synthetic_microfit_cuda_event_device_timeline_only
4.1982421875,0.4935680031776428,256,cuda,512,exact_backward,1,4.0,4,275136,256,0,synthetic_microfit_cuda_event_device_timeline_only
4.1982421875,0.487199991941452,256,cuda,512,exact_backward,2,4.0,4,275136,256,0,synthetic_microfit_cuda_event_device_timeline_only
4.1982421875,0.48451200127601624,256,cuda,512,exact_backward,3,4.0,4,275136,256,0,synthetic_microfit_cuda_event_device_timeline_only
4.1982421875,0.4925439953804016,256,cuda,512,exact_backward,4,4.0,4,275136,256,0,synthetic_microfit_cuda_event_device_timeline_only
4.1982421875,0.49663999676704407,256,cuda,512,exact_backward,5,4.0,4,275136,256,0,synthetic_microfit_cuda_event_device_timeline_only
4.1982421875,0.5191680192947388,256,cuda,512,exact_backward,6,4.0,4,275136,256,0,synthetic_microfit_cuda_event_device_timeline_only
4.1982421875,0.49987199902534485,256,cuda,512,exact_backward,7,4.0,4,275136,256,0,synthetic_microfit_cuda_event_device_timeline_only
4.1982421875,0.5550079941749573,256,cuda,512,exact_backward,8,4.0,4,275136,256,0,synthetic_microfit_cuda_event_device_timeline_only
4.1982421875,0.4978240132331848,256,cuda,512,exact_backward,9,4.0,4,275136,256,0,synthetic_microfit_cuda_event_device_timeline_only
4.1982421875,0.49561598896980286,256,cuda,512,exact_backward,10,4.0,4,275136,256,0,synthetic_microfit_cuda_event_device_timeline_only
4.1982421875,0.5040320158004761,256,cuda,512,exact_backward,11,4.0,4,275136,256,0,synthetic_microfit_cuda_event_device_timeline_only
4.1982421875,0.48230400681495667,256,cuda,512,exact_backward,12,4.0,4,275136,256,0,synthetic_microfit_cuda_event_device_timeline_only
4.1982421875,0.49881601333618164,256,cuda,512,exact_backward,13,4.0,4,275136,256,0,synthetic_microfit_cuda_event_device_timeline_only
4.1982421875,0.48425599932670593,256,cuda,512,exact_backward,14,4.0,4,275136,256,0,synthetic_microfit_cuda_event_device_timeline_only
4.1982421875,1.3238719701766968,256,cuda,512,fit_backward,0,4.0,4,275136,256,0,synthetic_microfit_cuda_event_device_timeline_only
4.1982421875,1.3066240549087524,256,cuda,512,fit_backward,1,4.0,4,275136,256,0,synthetic_microfit_cuda_event_device_timeline_only
4.1982421875,1.3148159980773926,256,cuda,512,fit_backward,2,4.0,4,275136,256,0,synthetic_microfit_cuda_event_device_timeline_only
4.1982421875,1.31660795211792,256,cuda,512,fit_backward,3,4.0,4,275136,256,0,synthetic_microfit_cuda_event_device_timeline_only
4.1982421875,1.3158400058746338,256,cuda,512,fit_backward,4,4.0,4,275136,256,0,synthetic_microfit_cuda_event_device_timeline_only
4.1982421875,1.3178880214691162,256,cuda,512,fit_backward,5,4.0,4,275136,256,0,synthetic_microfit_cuda_event_device_timeline_only
4.1982421875,1.3107199668884277,256,cuda,512,fit_backward,6,4.0,4,275136,256,0,synthetic_microfit_cuda_event_device_timeline_only
4.1982421875,1.3209600448608398,256,cuda,512,fit_backward,7,4.0,4,275136,256,0,synthetic_microfit_cuda_event_device_timeline_only
4.1982421875,1.3178880214691162,256,cuda,512,fit_backward,8,4.0,4,275136,256,0,synthetic_microfit_cuda_event_device_timeline_only
4.1982421875,1.3158400058746338,256,cuda,512,fit_backward,9,4.0,4,275136,256,0,synthetic_microfit_cuda_event_device_timeline_only
4.1982421875,1.32806396484375,256,cuda,512,fit_backward,10,4.0,4,275136,256,0,synthetic_microfit_cuda_event_device_timeline_only
4.1982421875,1.3147200345993042,256,cuda,512,fit_backward,11,4.0,4,275136,256,0,synthetic_microfit_cuda_event_device_timeline_only
4.1982421875,1.3137919902801514,256,cuda,512,fit_backward,12,4.0,4,275136,256,0,synthetic_microfit_cuda_event_device_timeline_only
4.1982421875,1.3148159980773926,256,cuda,512,fit_backward,13,4.0,4,275136,256,0,synthetic_microfit_cuda_event_device_timeline_only
4.1982421875,1.310528039932251,256,cuda,512,fit_backward,14,4.0,4,275136,256,0,synthetic_microfit_cuda_event_device_timeline_only
4.1982421875,0.5232639908790588,256,cuda,512,optimizer_update,0,4.0,4,275136,256,0,synthetic_microfit_cuda_event_device_timeline_only
4.1982421875,0.4257600009441376,256,cuda,512,optimizer_update,1,4.0,4,275136,256,0,synthetic_microfit_cuda_event_device_timeline_only
4.1982421875,0.41043201088905334,256,cuda,512,optimizer_update,2,4.0,4,275136,256,0,synthetic_microfit_cuda_event_device_timeline_only
4.1982421875,0.4331519901752472,256,cuda,512,optimizer_update,3,4.0,4,275136,256,0,synthetic_microfit_cuda_event_device_timeline_only
4.1982421875,0.41574400663375854,256,cuda,512,optimizer_update,4,4.0,4,275136,256,0,synthetic_microfit_cuda_event_device_timeline_only
4.1982421875,0.43929600715637207,256,cuda,512,optimizer_update,5,4.0,4,275136,256,0,synthetic_microfit_cuda_event_device_timeline_only
4.1982421875,0.40252798795700073,256,cuda,512,optimizer_update,6,4.0,4,275136,256,0,synthetic_microfit_cuda_event_device_timeline_only
4.1982421875,0.43027201294898987,256,cuda,512,optimizer_update,7,4.0,4,275136,256,0,synthetic_microfit_cuda_event_device_timeline_only
4.1982421875,0.4134719967842102,256,cuda,512,optimizer_update,8,4.0,4,275136,256,0,synthetic_microfit_cuda_event_device_timeline_only
4.1982421875,0.42188799381256104,256,cuda,512,optimizer_update,9,4.0,4,275136,256,0,synthetic_microfit_cuda_event_device_timeline_only
4.1982421875,0.40857601165771484,256,cuda,512,optimizer_update,10,4.0,4,275136,256,0,synthetic_microfit_cuda_event_device_timeline_only
4.1982421875,0.43007999658584595,256,cuda,512,optimizer_update,11,4.0,4,275136,256,0,synthetic_microfit_cuda_event_device_timeline_only
4.1982421875,0.4116480052471161,256,cuda,512,optimizer_update,12,4.0,4,275136,256,0,synthetic_microfit_cuda_event_device_timeline_only
4.1982421875,0.43929600715637207,256,cuda,512,optimizer_update,13,4.0,4,275136,256,0,synthetic_microfit_cuda_event_device_timeline_only
4.1982421875,0.41760000586509705,256,cuda,512,optimizer_update,14,4.0,4,275136,256,0,synthetic_microfit_cuda_event_device_timeline_only
4.1982421875,2.574336051940918,256,cuda,512,representative_fit_step,0,4.0,4,275136,256,0,synthetic_microfit_cuda_event_device_timeline_only
4.1982421875,2.5763840675354004,256,cuda,512,representative_fit_step,1,4.0,4,275136,256,0,synthetic_microfit_cuda_event_device_timeline_only
4.1982421875,2.5231359004974365,256,cuda,512,representative_fit_step,2,4.0,4,275136,256,0,synthetic_microfit_cuda_event_device_timeline_only
4.1982421875,2.571392059326172,256,cuda,512,representative_fit_step,3,4.0,4,275136,256,0,synthetic_microfit_cuda_event_device_timeline_only
4.1982421875,2.523263931274414,256,cuda,512,representative_fit_step,4,4.0,4,275136,256,0,synthetic_microfit_cuda_event_device_timeline_only
4.1982421875,2.533344030380249,256,cuda,512,representative_fit_step,5,4.0,4,275136,256,0,synthetic_microfit_cuda_event_device_timeline_only
4.1982421875,2.5129599571228027,256,cuda,512,representative_fit_step,6,4.0,4,275136,256,0,synthetic_microfit_cuda_event_device_timeline_only
4.1982421875,2.5055360794067383,256,cuda,512,representative_fit_step,7,4.0,4,275136,256,0,synthetic_microfit_cuda_event_device_timeline_only
4.1982421875,2.5070080757141113,256,cuda,512,representative_fit_step,8,4.0,4,275136,256,0,synthetic_microfit_cuda_event_device_timeline_only
4.1982421875,2.5384960174560547,256,cuda,512,representative_fit_step,9,4.0,4,275136,256,0,synthetic_microfit_cuda_event_device_timeline_only
4.1982421875,2.5415680408477783,256,cuda,512,representative_fit_step,10,4.0,4,275136,256,0,synthetic_microfit_cuda_event_device_timeline_only
4.1982421875,2.6470398902893066,256,cuda,512,representative_fit_step,11,4.0,4,275136,256,0,synthetic_microfit_cuda_event_device_timeline_only
4.1982421875,2.632704019546509,256,cuda,512,representative_fit_step,12,4.0,4,275136,256,0,synthetic_microfit_cuda_event_device_timeline_only
4.1982421875,2.545664072036743,256,cuda,512,representative_fit_step,13,4.0,4,275136,256,0,synthetic_microfit_cuda_event_device_timeline_only
4.1982421875,2.502527952194214,256,cuda,512,representative_fit_step,14,4.0,4,275136,256,0,synthetic_microfit_cuda_event_device_timeline_only
4.1982421875,0.4270080029964447,256,cuda_block_reduce,512,exact_forward,0,4.0,4,275136,256,1,synthetic_microfit_cuda_event_device_timeline_only
4.1982421875,0.4208639860153198,256,cuda_block_reduce,512,exact_forward,1,4.0,4,275136,256,1,synthetic_microfit_cuda_event_device_timeline_only
4.1982421875,0.4136959910392761,256,cuda_block_reduce,512,exact_forward,2,4.0,4,275136,256,1,synthetic_microfit_cuda_event_device_timeline_only
4.1982421875,0.40745601058006287,256,cuda_block_reduce,512,exact_forward,3,4.0,4,275136,256,1,synthetic_microfit_cuda_event_device_timeline_only
4.1982421875,0.4065279960632324,256,cuda_block_reduce,512,exact_forward,4,4.0,4,275136,256,1,synthetic_microfit_cuda_event_device_timeline_only
4.1982421875,0.4055039882659912,256,cuda_block_reduce,512,exact_forward,5,4.0,4,275136,256,1,synthetic_microfit_cuda_event_device_timeline_only
4.1982421875,0.4055039882659912,256,cuda_block_reduce,512,exact_forward,6,4.0,4,275136,256,1,synthetic_microfit_cuda_event_device_timeline_only
4.1982421875,0.4046719968318939,256,cuda_block_reduce,512,exact_forward,7,4.0,4,275136,256,1,synthetic_microfit_cuda_event_device_timeline_only
4.1982421875,0.41673600673675537,256,cuda_block_reduce,512,exact_forward,8,4.0,4,275136,256,1,synthetic_microfit_cuda_event_device_timeline_only
4.1982421875,0.4116480052471161,256,cuda_block_reduce,512,exact_forward,9,4.0,4,275136,256,1,synthetic_microfit_cuda_event_device_timeline_only
4.1982421875,0.40140798687934875,256,cuda_block_reduce,512,exact_forward,10,4.0,4,275136,256,1,synthetic_microfit_cuda_event_device_timeline_only
4.1982421875,0.4126720130443573,256,cuda_block_reduce,512,exact_forward,11,4.0,4,275136,256,1,synthetic_microfit_cuda_event_device_timeline_only
4.1982421875,0.3952000141143799,256,cuda_block_reduce,512,exact_forward,12,4.0,4,275136,256,1,synthetic_microfit_cuda_event_device_timeline_only
4.1982421875,0.4248960018157959,256,cuda_block_reduce,512,exact_forward,13,4.0,4,275136,256,1,synthetic_microfit_cuda_event_device_timeline_only
4.1982421875,0.39526399970054626,256,cuda_block_reduce,512,exact_forward,14,4.0,4,275136,256,1,synthetic_microfit_cuda_event_device_timeline_only
4.1982421875,0.5242879986763,256,cuda_block_reduce,512,exact_backward,0,4.0,4,275136,256,1,synthetic_microfit_cuda_event_device_timeline_only
4.1982421875,0.49478399753570557,256,cuda_block_reduce,512,exact_backward,1,4.0,4,275136,256,1,synthetic_microfit_cuda_event_device_timeline_only
4.1982421875,0.4944320023059845,256,cuda_block_reduce,512,exact_backward,2,4.0,4,275136,256,1,synthetic_microfit_cuda_event_device_timeline_only
4.1982421875,0.48742398619651794,256,cuda_block_reduce,512,exact_backward,3,4.0,4,275136,256,1,synthetic_microfit_cuda_event_device_timeline_only
4.1982421875,0.4947200119495392,256,cuda_block_reduce,512,exact_backward,4,4.0,4,275136,256,1,synthetic_microfit_cuda_event_device_timeline_only
4.1982421875,0.4915199875831604,256,cuda_block_reduce,512,exact_backward,5,4.0,4,275136,256,1,synthetic_microfit_cuda_event_device_timeline_only
4.1982421875,0.4986880123615265,256,cuda_block_reduce,512,exact_backward,6,4.0,4,275136,256,1,synthetic_microfit_cuda_event_device_timeline_only
4.1982421875,0.4843519926071167,256,cuda_block_reduce,512,exact_backward,7,4.0,4,275136,256,1,synthetic_microfit_cuda_event_device_timeline_only
4.1982421875,0.49561598896980286,256,cuda_block_reduce,512,exact_backward,8,4.0,4,275136,256,1,synthetic_microfit_cuda_event_device_timeline_only
4.1982421875,0.48947200179100037,256,cuda_block_reduce,512,exact_backward,9,4.0,4,275136,256,1,synthetic_microfit_cuda_event_device_timeline_only
4.1982421875,0.48844799399375916,256,cuda_block_reduce,512,exact_backward,10,4.0,4,275136,256,1,synthetic_microfit_cuda_event_device_timeline_only
4.1982421875,0.4853760004043579,256,cuda_block_reduce,512,exact_backward,11,4.0,4,275136,256,1,synthetic_microfit_cuda_event_device_timeline_only
4.1982421875,0.4935680031776428,256,cuda_block_reduce,512,exact_backward,12,4.0,4,275136,256,1,synthetic_microfit_cuda_event_device_timeline_only
4.1982421875,0.4915199875831604,256,cuda_block_reduce,512,exact_backward,13,4.0,4,275136,256,1,synthetic_microfit_cuda_event_device_timeline_only
4.1982421875,0.5058559775352478,256,cuda_block_reduce,512,exact_backward,14,4.0,4,275136,256,1,synthetic_microfit_cuda_event_device_timeline_only
4.1982421875,1.0967040061950684,256,cuda_block_reduce,512,fit_backward,0,4.0,4,275136,256,1,synthetic_microfit_cuda_event_device_timeline_only
4.1982421875,1.1130880117416382,256,cuda_block_reduce,512,fit_backward,1,4.0,4,275136,256,1,synthetic_microfit_cuda_event_device_timeline_only
4.1982421875,1.105855941772461,256,cuda_block_reduce,512,fit_backward,2,4.0,4,275136,256,1,synthetic_microfit_cuda_event_device_timeline_only
4.1982421875,1.0895359516143799,256,cuda_block_reduce,512,fit_backward,3,4.0,4,275136,256,1,synthetic_microfit_cuda_event_device_timeline_only
4.1982421875,1.099776029586792,256,cuda_block_reduce,512,fit_backward,4,4.0,4,275136,256,1,synthetic_microfit_cuda_event_device_timeline_only
4.1982421875,1.0903359651565552,256,cuda_block_reduce,512,fit_backward,5,4.0,4,275136,256,1,synthetic_microfit_cuda_event_device_timeline_only
4.1982421875,1.1008000373840332,256,cuda_block_reduce,512,fit_backward,6,4.0,4,275136,256,1,synthetic_microfit_cuda_event_device_timeline_only
4.1982421875,1.094655990600586,256,cuda_block_reduce,512,fit_backward,7,4.0,4,275136,256,1,synthetic_microfit_cuda_event_device_timeline_only
4.1982421875,1.0913920402526855,256,cuda_block_reduce,512,fit_backward,8,4.0,4,275136,256,1,synthetic_microfit_cuda_event_device_timeline_only
4.1982421875,1.0936000347137451,256,cuda_block_reduce,512,fit_backward,9,4.0,4,275136,256,1,synthetic_microfit_cuda_event_device_timeline_only
4.1982421875,1.089311957359314,256,cuda_block_reduce,512,fit_backward,10,4.0,4,275136,256,1,synthetic_microfit_cuda_event_device_timeline_only
4.1982421875,1.0966399908065796,256,cuda_block_reduce,512,fit_backward,11,4.0,4,275136,256,1,synthetic_microfit_cuda_event_device_timeline_only
4.1982421875,1.1008000373840332,256,cuda_block_reduce,512,fit_backward,12,4.0,4,275136,256,1,synthetic_microfit_cuda_event_device_timeline_only
4.1982421875,1.0967040061950684,256,cuda_block_reduce,512,fit_backward,13,4.0,4,275136,256,1,synthetic_microfit_cuda_event_device_timeline_only
4.1982421875,1.0864640474319458,256,cuda_block_reduce,512,fit_backward,14,4.0,4,275136,256,1,synthetic_microfit_cuda_event_device_timeline_only
4.1982421875,0.5058559775352478,256,cuda_block_reduce,512,optimizer_update,0,4.0,4,275136,256,1,synthetic_microfit_cuda_event_device_timeline_only
4.1982421875,0.4240640103816986,256,cuda_block_reduce,512,optimizer_update,1,4.0,4,275136,256,1,synthetic_microfit_cuda_event_device_timeline_only
4.1982421875,0.41676801443099976,256,cuda_block_reduce,512,optimizer_update,2,4.0,4,275136,256,1,synthetic_microfit_cuda_event_device_timeline_only
4.1982421875,0.413536012172699,256,cuda_block_reduce,512,optimizer_update,3,4.0,4,275136,256,1,synthetic_microfit_cuda_event_device_timeline_only
4.1982421875,0.41894400119781494,256,cuda_block_reduce,512,optimizer_update,4,4.0,4,275136,256,1,synthetic_microfit_cuda_event_device_timeline_only
4.1982421875,0.4126720130443573,256,cuda_block_reduce,512,optimizer_update,5,4.0,4,275136,256,1,synthetic_microfit_cuda_event_device_timeline_only
4.1982421875,0.4177919924259186,256,cuda_block_reduce,512,optimizer_update,6,4.0,4,275136,256,1,synthetic_microfit_cuda_event_device_timeline_only
4.1982421875,0.4126720130443573,256,cuda_block_reduce,512,optimizer_update,7,4.0,4,275136,256,1,synthetic_microfit_cuda_event_device_timeline_only
4.1982421875,0.42297598719596863,256,cuda_block_reduce,512,optimizer_update,8,4.0,4,275136,256,1,synthetic_microfit_cuda_event_device_timeline_only
4.1982421875,0.4055039882659912,256,cuda_block_reduce,512,optimizer_update,9,4.0,4,275136,256,1,synthetic_microfit_cuda_event_device_timeline_only
4.1982421875,0.4259839951992035,256,cuda_block_reduce,512,optimizer_update,10,4.0,4,275136,256,1,synthetic_microfit_cuda_event_device_timeline_only
4.1982421875,0.4116480052471161,256,cuda_block_reduce,512,optimizer_update,11,4.0,4,275136,256,1,synthetic_microfit_cuda_event_device_timeline_only
4.1982421875,0.41785600781440735,256,cuda_block_reduce,512,optimizer_update,12,4.0,4,275136,256,1,synthetic_microfit_cuda_event_device_timeline_only
4.1982421875,0.4126720130443573,256,cuda_block_reduce,512,optimizer_update,13,4.0,4,275136,256,1,synthetic_microfit_cuda_event_device_timeline_only
4.1982421875,0.4270719885826111,256,cuda_block_reduce,512,optimizer_update,14,4.0,4,275136,256,1,synthetic_microfit_cuda_event_device_timeline_only
4.1982421875,2.3398399353027344,256,cuda_block_reduce,512,representative_fit_step,0,4.0,4,275136,256,1,synthetic_microfit_cuda_event_device_timeline_only
4.1982421875,2.3797760009765625,256,cuda_block_reduce,512,representative_fit_step,1,4.0,4,275136,256,1,synthetic_microfit_cuda_event_device_timeline_only
4.1982421875,2.3427839279174805,256,cuda_block_reduce,512,representative_fit_step,2,4.0,4,275136,256,1,synthetic_microfit_cuda_event_device_timeline_only
4.1982421875,2.3347198963165283,256,cuda_block_reduce,512,representative_fit_step,3,4.0,4,275136,256,1,synthetic_microfit_cuda_event_device_timeline_only
4.1982421875,2.3644158840179443,256,cuda_block_reduce,512,representative_fit_step,4,4.0,4,275136,256,1,synthetic_microfit_cuda_event_device_timeline_only
4.1982421875,2.3654398918151855,256,cuda_block_reduce,512,representative_fit_step,5,4.0,4,275136,256,1,synthetic_microfit_cuda_event_device_timeline_only
4.1982421875,2.3492801189422607,256,cuda_block_reduce,512,representative_fit_step,6,4.0,4,275136,256,1,synthetic_microfit_cuda_event_device_timeline_only
4.1982421875,2.332672119140625,256,cuda_block_reduce,512,representative_fit_step,7,4.0,4,275136,256,1,synthetic_microfit_cuda_event_device_timeline_only
4.1982421875,2.347007989883423,256,cuda_block_reduce,512,representative_fit_step,8,4.0,4,275136,256,1,synthetic_microfit_cuda_event_device_timeline_only
4.1982421875,2.35315203666687,256,cuda_block_reduce,512,representative_fit_step,9,4.0,4,275136,256,1,synthetic_microfit_cuda_event_device_timeline_only
4.1982421875,2.338815927505493,256,cuda_block_reduce,512,representative_fit_step,10,4.0,4,275136,256,1,synthetic_microfit_cuda_event_device_timeline_only
4.1982421875,2.3565759658813477,256,cuda_block_reduce,512,representative_fit_step,11,4.0,4,275136,256,1,synthetic_microfit_cuda_event_device_timeline_only
4.1982421875,2.337791919708252,256,cuda_block_reduce,512,representative_fit_step,12,4.0,4,275136,256,1,synthetic_microfit_cuda_event_device_timeline_only
4.1982421875,2.3723840713500977,256,cuda_block_reduce,512,representative_fit_step,13,4.0,4,275136,256,1,synthetic_microfit_cuda_event_device_timeline_only
4.1982421875,2.337791919708252,256,cuda_block_reduce,512,representative_fit_step,14,4.0,4,275136,256,1,synthetic_microfit_cuda_event_device_timeline_only
15.296539306640625,0.5060160160064697,256,cuda_block_reduce,512,exact_forward,0,16.0,5,1002474,256,0,synthetic_microfit_cuda_event_device_timeline_only
15.296539306640625,0.5171200037002563,256,cuda_block_reduce,512,exact_forward,1,16.0,5,1002474,256,0,synthetic_microfit_cuda_event_device_timeline_only
15.296539306640625,0.5110719799995422,256,cuda_block_reduce,512,exact_forward,2,16.0,5,1002474,256,0,synthetic_microfit_cuda_event_device_timeline_only
15.296539306640625,0.48844799399375916,256,cuda_block_reduce,512,exact_forward,3,16.0,5,1002474,256,0,synthetic_microfit_cuda_event_device_timeline_only
15.296539306640625,0.5642240047454834,256,cuda_block_reduce,512,exact_forward,4,16.0,5,1002474,256,0,synthetic_microfit_cuda_event_device_timeline_only
15.296539306640625,0.5120000243186951,256,cuda_block_reduce,512,exact_forward,5,16.0,5,1002474,256,0,synthetic_microfit_cuda_event_device_timeline_only
15.296539306640625,0.5079039931297302,256,cuda_block_reduce,512,exact_forward,6,16.0,5,1002474,256,0,synthetic_microfit_cuda_event_device_timeline_only
15.296539306640625,0.503711998462677,256,cuda_block_reduce,512,exact_forward,7,16.0,5,1002474,256,0,synthetic_microfit_cuda_event_device_timeline_only
15.296539306640625,0.49561598896980286,256,cuda_block_reduce,512,exact_forward,8,16.0,5,1002474,256,0,synthetic_microfit_cuda_event_device_timeline_only
15.296539306640625,0.4853760004043579,256,cuda_block_reduce,512,exact_forward,9,16.0,5,1002474,256,0,synthetic_microfit_cuda_event_device_timeline_only
15.296539306640625,0.487199991941452,256,cuda_block_reduce,512,exact_forward,10,16.0,5,1002474,256,0,synthetic_microfit_cuda_event_device_timeline_only
15.296539306640625,0.4904640018939972,256,cuda_block_reduce,512,exact_forward,11,16.0,5,1002474,256,0,synthetic_microfit_cuda_event_device_timeline_only
15.296539306640625,0.4843200147151947,256,cuda_block_reduce,512,exact_forward,12,16.0,5,1002474,256,0,synthetic_microfit_cuda_event_device_timeline_only
15.296539306640625,0.48947200179100037,256,cuda_block_reduce,512,exact_forward,13,16.0,5,1002474,256,0,synthetic_microfit_cuda_event_device_timeline_only
15.296539306640625,0.48316800594329834,256,cuda_block_reduce,512,exact_forward,14,16.0,5,1002474,256,0,synthetic_microfit_cuda_event_device_timeline_only
15.296539306640625,0.5375999808311462,256,cuda_block_reduce,512,exact_backward,0,16.0,5,1002474,256,0,synthetic_microfit_cuda_event_device_timeline_only
15.296539306640625,0.506879985332489,256,cuda_block_reduce,512,exact_backward,1,16.0,5,1002474,256,0,synthetic_microfit_cuda_event_device_timeline_only
15.296539306640625,0.5345280170440674,256,cuda_block_reduce,512,exact_backward,2,16.0,5,1002474,256,0,synthetic_microfit_cuda_event_device_timeline_only
15.296539306640625,0.5314559936523438,256,cuda_block_reduce,512,exact_backward,3,16.0,5,1002474,256,0,synthetic_microfit_cuda_event_device_timeline_only
15.296539306640625,0.5139520168304443,256,cuda_block_reduce,512,exact_backward,4,16.0,5,1002474,256,0,synthetic_microfit_cuda_event_device_timeline_only
15.296539306640625,0.5079039931297302,256,cuda_block_reduce,512,exact_backward,5,16.0,5,1002474,256,0,synthetic_microfit_cuda_event_device_timeline_only
15.296539306640625,0.5089280009269714,256,cuda_block_reduce,512,exact_backward,6,16.0,5,1002474,256,0,synthetic_microfit_cuda_event_device_timeline_only
15.296539306640625,0.5150399804115295,256,cuda_block_reduce,512,exact_backward,7,16.0,5,1002474,256,0,synthetic_microfit_cuda_event_device_timeline_only
15.296539306640625,0.4873279929161072,256,cuda_block_reduce,512,exact_backward,8,16.0,5,1002474,256,0,synthetic_microfit_cuda_event_device_timeline_only
15.296539306640625,0.49459201097488403,256,cuda_block_reduce,512,exact_backward,9,16.0,5,1002474,256,0,synthetic_microfit_cuda_event_device_timeline_only
15.296539306640625,0.4976640045642853,256,cuda_block_reduce,512,exact_backward,10,16.0,5,1002474,256,0,synthetic_microfit_cuda_event_device_timeline_only
15.296539306640625,0.49561598896980286,256,cuda_block_reduce,512,exact_backward,11,16.0,5,1002474,256,0,synthetic_microfit_cuda_event_device_timeline_only
15.296539306640625,0.4976640045642853,256,cuda_block_reduce,512,exact_backward,12,16.0,5,1002474,256,0,synthetic_microfit_cuda_event_device_timeline_only
15.296539306640625,0.4853760004043579,256,cuda_block_reduce,512,exact_backward,13,16.0,5,1002474,256,0,synthetic_microfit_cuda_event_device_timeline_only
15.296539306640625,0.4904960095882416,256,cuda_block_reduce,512,exact_backward,14,16.0,5,1002474,256,0,synthetic_microfit_cuda_event_device_timeline_only
15.296539306640625,1.129472017288208,256,cuda_block_reduce,512,fit_backward,0,16.0,5,1002474,256,0,synthetic_microfit_cuda_event_device_timeline_only
15.296539306640625,1.1304960250854492,256,cuda_block_reduce,512,fit_backward,1,16.0,5,1002474,256,0,synthetic_microfit_cuda_event_device_timeline_only
15.296539306640625,1.1407359838485718,256,cuda_block_reduce,512,fit_backward,2,16.0,5,1002474,256,0,synthetic_microfit_cuda_event_device_timeline_only
15.296539306640625,1.136639952659607,256,cuda_block_reduce,512,fit_backward,3,16.0,5,1002474,256,0,synthetic_microfit_cuda_event_device_timeline_only
15.296539306640625,1.1304960250854492,256,cuda_block_reduce,512,fit_backward,4,16.0,5,1002474,256,0,synthetic_microfit_cuda_event_device_timeline_only
15.296539306640625,1.1274240016937256,256,cuda_block_reduce,512,fit_backward,5,16.0,5,1002474,256,0,synthetic_microfit_cuda_event_device_timeline_only
15.296539306640625,1.1233279705047607,256,cuda_block_reduce,512,fit_backward,6,16.0,5,1002474,256,0,synthetic_microfit_cuda_event_device_timeline_only
15.296539306640625,1.1212799549102783,256,cuda_block_reduce,512,fit_backward,7,16.0,5,1002474,256,0,synthetic_microfit_cuda_event_device_timeline_only
15.296539306640625,1.129472017288208,256,cuda_block_reduce,512,fit_backward,8,16.0,5,1002474,256,0,synthetic_microfit_cuda_event_device_timeline_only
15.296539306640625,1.124127984046936,256,cuda_block_reduce,512,fit_backward,9,16.0,5,1002474,256,0,synthetic_microfit_cuda_event_device_timeline_only
15.296539306640625,1.1253759860992432,256,cuda_block_reduce,512,fit_backward,10,16.0,5,1002474,256,0,synthetic_microfit_cuda_event_device_timeline_only
15.296539306640625,1.1233279705047607,256,cuda_block_reduce,512,fit_backward,11,16.0,5,1002474,256,0,synthetic_microfit_cuda_event_device_timeline_only
15.296539306640625,1.1304960250854492,256,cuda_block_reduce,512,fit_backward,12,16.0,5,1002474,256,0,synthetic_microfit_cuda_event_device_timeline_only
15.296539306640625,1.12118399143219,256,cuda_block_reduce,512,fit_backward,13,16.0,5,1002474,256,0,synthetic_microfit_cuda_event_device_timeline_only
15.296539306640625,1.1212799549102783,256,cuda_block_reduce,512,fit_backward,14,16.0,5,1002474,256,0,synthetic_microfit_cuda_event_device_timeline_only
15.296539306640625,0.532480001449585,256,cuda_block_reduce,512,optimizer_update,0,16.0,5,1002474,256,0,synthetic_microfit_cuda_event_device_timeline_only
15.296539306640625,0.4249599874019623,256,cuda_block_reduce,512,optimizer_update,1,16.0,5,1002474,256,0,synthetic_microfit_cuda_event_device_timeline_only
15.296539306640625,0.43641600012779236,256,cuda_block_reduce,512,optimizer_update,2,16.0,5,1002474,256,0,synthetic_microfit_cuda_event_device_timeline_only
15.296539306640625,0.43724799156188965,256,cuda_block_reduce,512,optimizer_update,3,16.0,5,1002474,256,0,synthetic_microfit_cuda_event_device_timeline_only
15.296539306640625,0.4251199960708618,256,cuda_block_reduce,512,optimizer_update,4,16.0,5,1002474,256,0,synthetic_microfit_cuda_event_device_timeline_only
15.296539306640625,0.4137279987335205,256,cuda_block_reduce,512,optimizer_update,5,16.0,5,1002474,256,0,synthetic_microfit_cuda_event_device_timeline_only
15.296539306640625,0.4607999920845032,256,cuda_block_reduce,512,optimizer_update,6,16.0,5,1002474,256,0,synthetic_microfit_cuda_event_device_timeline_only
15.296539306640625,0.4249599874019623,256,cuda_block_reduce,512,optimizer_update,7,16.0,5,1002474,256,0,synthetic_microfit_cuda_event_device_timeline_only
15.296539306640625,0.42688000202178955,256,cuda_block_reduce,512,optimizer_update,8,16.0,5,1002474,256,0,synthetic_microfit_cuda_event_device_timeline_only
15.296539306640625,0.4126720130443573,256,cuda_block_reduce,512,optimizer_update,9,16.0,5,1002474,256,0,synthetic_microfit_cuda_event_device_timeline_only
15.296539306640625,0.419840008020401,256,cuda_block_reduce,512,optimizer_update,10,16.0,5,1002474,256,0,synthetic_microfit_cuda_event_device_timeline_only
15.296539306640625,0.4106239974498749,256,cuda_block_reduce,512,optimizer_update,11,16.0,5,1002474,256,0,synthetic_microfit_cuda_event_device_timeline_only
15.296539306640625,0.4259839951992035,256,cuda_block_reduce,512,optimizer_update,12,16.0,5,1002474,256,0,synthetic_microfit_cuda_event_device_timeline_only
15.296539306640625,0.40243199467658997,256,cuda_block_reduce,512,optimizer_update,13,16.0,5,1002474,256,0,synthetic_microfit_cuda_event_device_timeline_only
15.296539306640625,0.4188160002231598,256,cuda_block_reduce,512,optimizer_update,14,16.0,5,1002474,256,0,synthetic_microfit_cuda_event_device_timeline_only
15.296539306640625,2.490367889404297,256,cuda_block_reduce,512,representative_fit_step,0,16.0,5,1002474,256,0,synthetic_microfit_cuda_event_device_timeline_only
15.296539306640625,2.4493119716644287,256,cuda_block_reduce,512,representative_fit_step,1,16.0,5,1002474,256,0,synthetic_microfit_cuda_event_device_timeline_only
15.296539306640625,2.4647679328918457,256,cuda_block_reduce,512,representative_fit_step,2,16.0,5,1002474,256,0,synthetic_microfit_cuda_event_device_timeline_only
15.296539306640625,2.460671901702881,256,cuda_block_reduce,512,representative_fit_step,3,16.0,5,1002474,256,0,synthetic_microfit_cuda_event_device_timeline_only
15.296539306640625,2.4411840438842773,256,cuda_block_reduce,512,representative_fit_step,4,16.0,5,1002474,256,0,synthetic_microfit_cuda_event_device_timeline_only
15.296539306640625,2.463520050048828,256,cuda_block_reduce,512,representative_fit_step,5,16.0,5,1002474,256,0,synthetic_microfit_cuda_event_device_timeline_only
15.296539306640625,2.4330239295959473,256,cuda_block_reduce,512,representative_fit_step,6,16.0,5,1002474,256,0,synthetic_microfit_cuda_event_device_timeline_only
15.296539306640625,2.4616000652313232,256,cuda_block_reduce,512,representative_fit_step,7,16.0,5,1002474,256,0,synthetic_microfit_cuda_event_device_timeline_only
15.296539306640625,2.46560001373291,256,cuda_block_reduce,512,representative_fit_step,8,16.0,5,1002474,256,0,synthetic_microfit_cuda_event_device_timeline_only
15.296539306640625,2.451456069946289,256,cuda_block_reduce,512,representative_fit_step,9,16.0,5,1002474,256,0,synthetic_microfit_cuda_event_device_timeline_only
15.296539306640625,2.4432640075683594,256,cuda_block_reduce,512,representative_fit_step,10,16.0,5,1002474,256,0,synthetic_microfit_cuda_event_device_timeline_only
15.296539306640625,2.491391897201538,256,cuda_block_reduce,512,representative_fit_step,11,16.0,5,1002474,256,0,synthetic_microfit_cuda_event_device_timeline_only
15.296539306640625,2.545664072036743,256,cuda_block_reduce,512,representative_fit_step,12,16.0,5,1002474,256,0,synthetic_microfit_cuda_event_device_timeline_only
15.296539306640625,2.4893438816070557,256,cuda_block_reduce,512,representative_fit_step,13,16.0,5,1002474,256,0,synthetic_microfit_cuda_event_device_timeline_only
15.296539306640625,2.476896047592163,256,cuda_block_reduce,512,representative_fit_step,14,16.0,5,1002474,256,0,synthetic_microfit_cuda_event_device_timeline_only
15.296539306640625,0.5120000243186951,256,cuda,512,exact_forward,0,16.0,5,1002474,256,1,synthetic_microfit_cuda_event_device_timeline_only
15.296539306640625,0.5099520087242126,256,cuda,512,exact_forward,1,16.0,5,1002474,256,1,synthetic_microfit_cuda_event_device_timeline_only
15.296539306640625,0.506879985332489,256,cuda,512,exact_forward,2,16.0,5,1002474,256,1,synthetic_microfit_cuda_event_device_timeline_only
15.296539306640625,0.4925439953804016,256,cuda,512,exact_forward,3,16.0,5,1002474,256,1,synthetic_microfit_cuda_event_device_timeline_only
15.296539306640625,0.487744003534317,256,cuda,512,exact_forward,4,16.0,5,1002474,256,1,synthetic_microfit_cuda_event_device_timeline_only
15.296539306640625,0.4894079864025116,256,cuda,512,exact_forward,5,16.0,5,1002474,256,1,synthetic_microfit_cuda_event_device_timeline_only
15.296539306640625,0.4934079945087433,256,cuda,512,exact_forward,6,16.0,5,1002474,256,1,synthetic_microfit_cuda_event_device_timeline_only
15.296539306640625,0.48956799507141113,256,cuda,512,exact_forward,7,16.0,5,1002474,256,1,synthetic_microfit_cuda_event_device_timeline_only
15.296539306640625,0.4986880123615265,256,cuda,512,exact_forward,8,16.0,5,1002474,256,1,synthetic_microfit_cuda_event_device_timeline_only
15.296539306640625,0.4833280146121979,256,cuda,512,exact_forward,9,16.0,5,1002474,256,1,synthetic_microfit_cuda_event_device_timeline_only
15.296539306640625,0.4958080053329468,256,cuda,512,exact_forward,10,16.0,5,1002474,256,1,synthetic_microfit_cuda_event_device_timeline_only
15.296539306640625,0.4864000082015991,256,cuda,512,exact_forward,11,16.0,5,1002474,256,1,synthetic_microfit_cuda_event_device_timeline_only
15.296539306640625,0.5089280009269714,256,cuda,512,exact_forward,12,16.0,5,1002474,256,1,synthetic_microfit_cuda_event_device_timeline_only
15.296539306640625,0.49561598896980286,256,cuda,512,exact_forward,13,16.0,5,1002474,256,1,synthetic_microfit_cuda_event_device_timeline_only
15.296539306640625,0.47808000445365906,256,cuda,512,exact_forward,14,16.0,5,1002474,256,1,synthetic_microfit_cuda_event_device_timeline_only
15.296539306640625,0.5089280009269714,256,cuda,512,exact_backward,0,16.0,5,1002474,256,1,synthetic_microfit_cuda_event_device_timeline_only
15.296539306640625,0.4935680031776428,256,cuda,512,exact_backward,1,16.0,5,1002474,256,1,synthetic_microfit_cuda_event_device_timeline_only
15.296539306640625,0.4997119903564453,256,cuda,512,exact_backward,2,16.0,5,1002474,256,1,synthetic_microfit_cuda_event_device_timeline_only
15.296539306640625,0.4944320023059845,256,cuda,512,exact_backward,3,16.0,5,1002474,256,1,synthetic_microfit_cuda_event_device_timeline_only
15.296539306640625,0.5160959959030151,256,cuda,512,exact_backward,4,16.0,5,1002474,256,1,synthetic_microfit_cuda_event_device_timeline_only
15.296539306640625,0.5203199982643127,256,cuda,512,exact_backward,5,16.0,5,1002474,256,1,synthetic_microfit_cuda_event_device_timeline_only
15.296539306640625,0.5304319858551025,256,cuda,512,exact_backward,6,16.0,5,1002474,256,1,synthetic_microfit_cuda_event_device_timeline_only
15.296539306640625,0.5079039931297302,256,cuda,512,exact_backward,7,16.0,5,1002474,256,1,synthetic_microfit_cuda_event_device_timeline_only
15.296539306640625,0.4986880123615265,256,cuda,512,exact_backward,8,16.0,5,1002474,256,1,synthetic_microfit_cuda_event_device_timeline_only
15.296539306640625,0.49459201097488403,256,cuda,512,exact_backward,9,16.0,5,1002474,256,1,synthetic_microfit_cuda_event_device_timeline_only
15.296539306640625,0.48742398619651794,256,cuda,512,exact_backward,10,16.0,5,1002474,256,1,synthetic_microfit_cuda_event_device_timeline_only
15.296539306640625,0.48950400948524475,256,cuda,512,exact_backward,11,16.0,5,1002474,256,1,synthetic_microfit_cuda_event_device_timeline_only
15.296539306640625,0.4781759977340698,256,cuda,512,exact_backward,12,16.0,5,1002474,256,1,synthetic_microfit_cuda_event_device_timeline_only
15.296539306640625,0.4782080054283142,256,cuda,512,exact_backward,13,16.0,5,1002474,256,1,synthetic_microfit_cuda_event_device_timeline_only
15.296539306640625,0.4954240024089813,256,cuda,512,exact_backward,14,16.0,5,1002474,256,1,synthetic_microfit_cuda_event_device_timeline_only
15.296539306640625,1.3455359935760498,256,cuda,512,fit_backward,0,16.0,5,1002474,256,1,synthetic_microfit_cuda_event_device_timeline_only
15.296539306640625,1.3486080169677734,256,cuda,512,fit_backward,1,16.0,5,1002474,256,1,synthetic_microfit_cuda_event_device_timeline_only
15.296539306640625,1.3312000036239624,256,cuda,512,fit_backward,2,16.0,5,1002474,256,1,synthetic_microfit_cuda_event_device_timeline_only
15.296539306640625,1.3455359935760498,256,cuda,512,fit_backward,3,16.0,5,1002474,256,1,synthetic_microfit_cuda_event_device_timeline_only
15.296539306640625,1.3322240114212036,256,cuda,512,fit_backward,4,16.0,5,1002474,256,1,synthetic_microfit_cuda_event_device_timeline_only
15.296539306640625,1.3373440504074097,256,cuda,512,fit_backward,5,16.0,5,1002474,256,1,synthetic_microfit_cuda_event_device_timeline_only
15.296539306640625,1.3312000036239624,256,cuda,512,fit_backward,6,16.0,5,1002474,256,1,synthetic_microfit_cuda_event_device_timeline_only
15.296539306640625,1.3393919467926025,256,cuda,512,fit_backward,7,16.0,5,1002474,256,1,synthetic_microfit_cuda_event_device_timeline_only
15.296539306640625,1.3332480192184448,256,cuda,512,fit_backward,8,16.0,5,1002474,256,1,synthetic_microfit_cuda_event_device_timeline_only
15.296539306640625,1.3434879779815674,256,cuda,512,fit_backward,9,16.0,5,1002474,256,1,synthetic_microfit_cuda_event_device_timeline_only
15.296539306640625,1.3455359935760498,256,cuda,512,fit_backward,10,16.0,5,1002474,256,1,synthetic_microfit_cuda_event_device_timeline_only
15.296539306640625,1.3332480192184448,256,cuda,512,fit_backward,11,16.0,5,1002474,256,1,synthetic_microfit_cuda_event_device_timeline_only
15.296539306640625,1.3629440069198608,256,cuda,512,fit_backward,12,16.0,5,1002474,256,1,synthetic_microfit_cuda_event_device_timeline_only
15.296539306640625,1.3383680582046509,256,cuda,512,fit_backward,13,16.0,5,1002474,256,1,synthetic_microfit_cuda_event_device_timeline_only
15.296539306640625,1.376255989074707,256,cuda,512,fit_backward,14,16.0,5,1002474,256,1,synthetic_microfit_cuda_event_device_timeline_only
15.296539306640625,0.5304319858551025,256,cuda,512,optimizer_update,0,16.0,5,1002474,256,1,synthetic_microfit_cuda_event_device_timeline_only
15.296539306640625,0.4546560049057007,256,cuda,512,optimizer_update,1,16.0,5,1002474,256,1,synthetic_microfit_cuda_event_device_timeline_only
15.296539306640625,0.4281280040740967,256,cuda,512,optimizer_update,2,16.0,5,1002474,256,1,synthetic_microfit_cuda_event_device_timeline_only
15.296539306640625,0.41491198539733887,256,cuda,512,optimizer_update,3,16.0,5,1002474,256,1,synthetic_microfit_cuda_event_device_timeline_only
15.296539306640625,0.40140798687934875,256,cuda,512,optimizer_update,4,16.0,5,1002474,256,1,synthetic_microfit_cuda_event_device_timeline_only
15.296539306640625,0.4034560024738312,256,cuda,512,optimizer_update,5,16.0,5,1002474,256,1,synthetic_microfit_cuda_event_device_timeline_only
15.296539306640625,0.40224000811576843,256,cuda,512,optimizer_update,6,16.0,5,1002474,256,1,synthetic_microfit_cuda_event_device_timeline_only
15.296539306640625,0.40959998965263367,256,cuda,512,optimizer_update,7,16.0,5,1002474,256,1,synthetic_microfit_cuda_event_device_timeline_only
15.296539306640625,0.4136959910392761,256,cuda,512,optimizer_update,8,16.0,5,1002474,256,1,synthetic_microfit_cuda_event_device_timeline_only
15.296539306640625,0.4106239974498749,256,cuda,512,optimizer_update,9,16.0,5,1002474,256,1,synthetic_microfit_cuda_event_device_timeline_only
15.296539306640625,0.41471999883651733,256,cuda,512,optimizer_update,10,16.0,5,1002474,256,1,synthetic_microfit_cuda_event_device_timeline_only
15.296539306640625,0.4115839898586273,256,cuda,512,optimizer_update,11,16.0,5,1002474,256,1,synthetic_microfit_cuda_event_device_timeline_only
15.296539306640625,0.4126720130443573,256,cuda,512,optimizer_update,12,16.0,5,1002474,256,1,synthetic_microfit_cuda_event_device_timeline_only
15.296539306640625,0.408735990524292,256,cuda,512,optimizer_update,13,16.0,5,1002474,256,1,synthetic_microfit_cuda_event_device_timeline_only
15.296539306640625,0.41571199893951416,256,cuda,512,optimizer_update,14,16.0,5,1002474,256,1,synthetic_microfit_cuda_event_device_timeline_only
15.296539306640625,2.6267199516296387,256,cuda,512,representative_fit_step,0,16.0,5,1002474,256,1,synthetic_microfit_cuda_event_device_timeline_only
15.296539306640625,2.6214399337768555,256,cuda,512,representative_fit_step,1,16.0,5,1002474,256,1,synthetic_microfit_cuda_event_device_timeline_only
15.296539306640625,2.6255359649658203,256,cuda,512,representative_fit_step,2,16.0,5,1002474,256,1,synthetic_microfit_cuda_event_device_timeline_only
15.296539306640625,2.6265599727630615,256,cuda,512,representative_fit_step,3,16.0,5,1002474,256,1,synthetic_microfit_cuda_event_device_timeline_only
15.296539306640625,2.615295886993408,256,cuda,512,representative_fit_step,4,16.0,5,1002474,256,1,synthetic_microfit_cuda_event_device_timeline_only
15.296539306640625,2.6224639415740967,256,cuda,512,representative_fit_step,5,16.0,5,1002474,256,1,synthetic_microfit_cuda_event_device_timeline_only
15.296539306640625,2.6398720741271973,256,cuda,512,representative_fit_step,6,16.0,5,1002474,256,1,synthetic_microfit_cuda_event_device_timeline_only
15.296539306640625,2.593791961669922,256,cuda,512,representative_fit_step,7,16.0,5,1002474,256,1,synthetic_microfit_cuda_event_device_timeline_only
15.296539306640625,2.6408960819244385,256,cuda,512,representative_fit_step,8,16.0,5,1002474,256,1,synthetic_microfit_cuda_event_device_timeline_only
15.296539306640625,2.6316800117492676,256,cuda,512,representative_fit_step,9,16.0,5,1002474,256,1,synthetic_microfit_cuda_event_device_timeline_only
15.296539306640625,2.598047971725464,256,cuda,512,representative_fit_step,10,16.0,5,1002474,256,1,synthetic_microfit_cuda_event_device_timeline_only
15.296539306640625,2.7064321041107178,256,cuda,512,representative_fit_step,11,16.0,5,1002474,256,1,synthetic_microfit_cuda_event_device_timeline_only
15.296539306640625,2.629631996154785,256,cuda,512,representative_fit_step,12,16.0,5,1002474,256,1,synthetic_microfit_cuda_event_device_timeline_only
15.296539306640625,2.6265599727630615,256,cuda,512,representative_fit_step,13,16.0,5,1002474,256,1,synthetic_microfit_cuda_event_device_timeline_only
15.296539306640625,2.594815969467163,256,cuda,512,representative_fit_step,14,16.0,5,1002474,256,1,synthetic_microfit_cuda_event_device_timeline_only
4.753082275390625,0.4628480076789856,256,cuda,2048,exact_forward,0,4.0,6,311498,256,0,synthetic_microfit_cuda_event_device_timeline_only
4.753082275390625,0.42399999499320984,256,cuda,2048,exact_forward,1,4.0,6,311498,256,0,synthetic_microfit_cuda_event_device_timeline_only
4.753082275390625,0.43190398812294006,256,cuda,2048,exact_forward,2,4.0,6,311498,256,0,synthetic_microfit_cuda_event_device_timeline_only
4.753082275390625,0.42393600940704346,256,cuda,2048,exact_forward,3,4.0,6,311498,256,0,synthetic_microfit_cuda_event_device_timeline_only
4.753082275390625,0.42480000853538513,256,cuda,2048,exact_forward,4,4.0,6,311498,256,0,synthetic_microfit_cuda_event_device_timeline_only
4.753082275390625,0.4188160002231598,256,cuda,2048,exact_forward,5,4.0,6,311498,256,0,synthetic_microfit_cuda_event_device_timeline_only
4.753082275390625,0.419840008020401,256,cuda,2048,exact_forward,6,4.0,6,311498,256,0,synthetic_microfit_cuda_event_device_timeline_only
4.753082275390625,0.41596800088882446,256,cuda,2048,exact_forward,7,4.0,6,311498,256,0,synthetic_microfit_cuda_event_device_timeline_only
4.753082275390625,0.419840008020401,256,cuda,2048,exact_forward,8,4.0,6,311498,256,0,synthetic_microfit_cuda_event_device_timeline_only
4.753082275390625,0.41471999883651733,256,cuda,2048,exact_forward,9,4.0,6,311498,256,0,synthetic_microfit_cuda_event_device_timeline_only
4.753082275390625,0.44543999433517456,256,cuda,2048,exact_forward,10,4.0,6,311498,256,0,synthetic_microfit_cuda_event_device_timeline_only
4.753082275390625,0.40857601165771484,256,cuda,2048,exact_forward,11,4.0,6,311498,256,0,synthetic_microfit_cuda_event_device_timeline_only
4.753082275390625,0.41574400663375854,256,cuda,2048,exact_forward,12,4.0,6,311498,256,0,synthetic_microfit_cuda_event_device_timeline_only
4.753082275390625,0.40857601165771484,256,cuda,2048,exact_forward,13,4.0,6,311498,256,0,synthetic_microfit_cuda_event_device_timeline_only
4.753082275390625,0.4341759979724884,256,cuda,2048,exact_forward,14,4.0,6,311498,256,0,synthetic_microfit_cuda_event_device_timeline_only
4.753082275390625,1.1201280355453491,256,cuda,2048,exact_backward,0,4.0,6,311498,256,0,synthetic_microfit_cuda_event_device_timeline_only
4.753082275390625,1.124351978302002,256,cuda,2048,exact_backward,1,4.0,6,311498,256,0,synthetic_microfit_cuda_event_device_timeline_only
4.753082275390625,1.120255947113037,256,cuda,2048,exact_backward,2,4.0,6,311498,256,0,synthetic_microfit_cuda_event_device_timeline_only
4.753082275390625,1.1056959629058838,256,cuda,2048,exact_backward,3,4.0,6,311498,256,0,synthetic_microfit_cuda_event_device_timeline_only
4.753082275390625,1.112064003944397,256,cuda,2048,exact_backward,4,4.0,6,311498,256,0,synthetic_microfit_cuda_event_device_timeline_only
4.753082275390625,1.1151360273361206,256,cuda,2048,exact_backward,5,4.0,6,311498,256,0,synthetic_microfit_cuda_event_device_timeline_only
4.753082275390625,1.1151360273361206,256,cuda,2048,exact_backward,6,4.0,6,311498,256,0,synthetic_microfit_cuda_event_device_timeline_only
4.753082275390625,1.1059199571609497,256,cuda,2048,exact_backward,7,4.0,6,311498,256,0,synthetic_microfit_cuda_event_device_timeline_only
4.753082275390625,1.1089919805526733,256,cuda,2048,exact_backward,8,4.0,6,311498,256,0,synthetic_microfit_cuda_event_device_timeline_only
4.753082275390625,1.1038719415664673,256,cuda,2048,exact_backward,9,4.0,6,311498,256,0,synthetic_microfit_cuda_event_device_timeline_only
4.753082275390625,1.1284480094909668,256,cuda,2048,exact_backward,10,4.0,6,311498,256,0,synthetic_microfit_cuda_event_device_timeline_only
4.753082275390625,1.1057920455932617,256,cuda,2048,exact_backward,11,4.0,6,311498,256,0,synthetic_microfit_cuda_event_device_timeline_only
4.753082275390625,1.106943964958191,256,cuda,2048,exact_backward,12,4.0,6,311498,256,0,synthetic_microfit_cuda_event_device_timeline_only
4.753082275390625,1.1016960144042969,256,cuda,2048,exact_backward,13,4.0,6,311498,256,0,synthetic_microfit_cuda_event_device_timeline_only
4.753082275390625,1.1068480014801025,256,cuda,2048,exact_backward,14,4.0,6,311498,256,0,synthetic_microfit_cuda_event_device_timeline_only
4.753082275390625,1.9865599870681763,256,cuda,2048,fit_backward,0,4.0,6,311498,256,0,synthetic_microfit_cuda_event_device_timeline_only
4.753082275390625,1.9711999893188477,256,cuda,2048,fit_backward,1,4.0,6,311498,256,0,synthetic_microfit_cuda_event_device_timeline_only
4.753082275390625,1.960960030555725,256,cuda,2048,fit_backward,2,4.0,6,311498,256,0,synthetic_microfit_cuda_event_device_timeline_only
4.753082275390625,1.9895360469818115,256,cuda,2048,fit_backward,3,4.0,6,311498,256,0,synthetic_microfit_cuda_event_device_timeline_only
4.753082275390625,1.97324800491333,256,cuda,2048,fit_backward,4,4.0,6,311498,256,0,synthetic_microfit_cuda_event_device_timeline_only
4.753082275390625,1.9670720100402832,256,cuda,2048,fit_backward,5,4.0,6,311498,256,0,synthetic_microfit_cuda_event_device_timeline_only
4.753082275390625,1.9722239971160889,256,cuda,2048,fit_backward,6,4.0,6,311498,256,0,synthetic_microfit_cuda_event_device_timeline_only
4.753082275390625,1.9689600467681885,256,cuda,2048,fit_backward,7,4.0,6,311498,256,0,synthetic_microfit_cuda_event_device_timeline_only
4.753082275390625,1.9618879556655884,256,cuda,2048,fit_backward,8,4.0,6,311498,256,0,synthetic_microfit_cuda_event_device_timeline_only
4.753082275390625,1.9793920516967773,256,cuda,2048,fit_backward,9,4.0,6,311498,256,0,synthetic_microfit_cuda_event_device_timeline_only
4.753082275390625,1.9701759815216064,256,cuda,2048,fit_backward,10,4.0,6,311498,256,0,synthetic_microfit_cuda_event_device_timeline_only
4.753082275390625,1.9742079973220825,256,cuda,2048,fit_backward,11,4.0,6,311498,256,0,synthetic_microfit_cuda_event_device_timeline_only
4.753082275390625,1.9834879636764526,256,cuda,2048,fit_backward,12,4.0,6,311498,256,0,synthetic_microfit_cuda_event_device_timeline_only
4.753082275390625,1.9660799503326416,256,cuda,2048,fit_backward,13,4.0,6,311498,256,0,synthetic_microfit_cuda_event_device_timeline_only
4.753082275390625,1.9660799503326416,256,cuda,2048,fit_backward,14,4.0,6,311498,256,0,synthetic_microfit_cuda_event_device_timeline_only
4.753082275390625,0.5631999969482422,256,cuda,2048,optimizer_update,0,4.0,6,311498,256,0,synthetic_microfit_cuda_event_device_timeline_only
4.753082275390625,0.43136000633239746,256,cuda,2048,optimizer_update,1,4.0,6,311498,256,0,synthetic_microfit_cuda_event_device_timeline_only
4.753082275390625,0.4362240135669708,256,cuda,2048,optimizer_update,2,4.0,6,311498,256,0,synthetic_microfit_cuda_event_device_timeline_only
4.753082275390625,0.42902401089668274,256,cuda,2048,optimizer_update,3,4.0,6,311498,256,0,synthetic_microfit_cuda_event_device_timeline_only
4.753082275390625,0.4240640103816986,256,cuda,2048,optimizer_update,4,4.0,6,311498,256,0,synthetic_microfit_cuda_event_device_timeline_only
4.753082275390625,0.40959998965263367,256,cuda,2048,optimizer_update,5,4.0,6,311498,256,0,synthetic_microfit_cuda_event_device_timeline_only
4.753082275390625,0.4259839951992035,256,cuda,2048,optimizer_update,6,4.0,6,311498,256,0,synthetic_microfit_cuda_event_device_timeline_only
4.753082275390625,0.44646400213241577,256,cuda,2048,optimizer_update,7,4.0,6,311498,256,0,synthetic_microfit_cuda_event_device_timeline_only
4.753082275390625,0.4679679870605469,256,cuda,2048,optimizer_update,8,4.0,6,311498,256,0,synthetic_microfit_cuda_event_device_timeline_only
4.753082275390625,0.4227519929409027,256,cuda,2048,optimizer_update,9,4.0,6,311498,256,0,synthetic_microfit_cuda_event_device_timeline_only
4.753082275390625,0.42291200160980225,256,cuda,2048,optimizer_update,10,4.0,6,311498,256,0,synthetic_microfit_cuda_event_device_timeline_only
4.753082275390625,0.40857601165771484,256,cuda,2048,optimizer_update,11,4.0,6,311498,256,0,synthetic_microfit_cuda_event_device_timeline_only
4.753082275390625,0.42291200160980225,256,cuda,2048,optimizer_update,12,4.0,6,311498,256,0,synthetic_microfit_cuda_event_device_timeline_only
4.753082275390625,0.4237760007381439,256,cuda,2048,optimizer_update,13,4.0,6,311498,256,0,synthetic_microfit_cuda_event_device_timeline_only
4.753082275390625,0.42905598878860474,256,cuda,2048,optimizer_update,14,4.0,6,311498,256,0,synthetic_microfit_cuda_event_device_timeline_only
4.753082275390625,3.363840103149414,256,cuda,2048,representative_fit_step,0,4.0,6,311498,256,0,synthetic_microfit_cuda_event_device_timeline_only
4.753082275390625,3.2081921100616455,256,cuda,2048,representative_fit_step,1,4.0,6,311498,256,0,synthetic_microfit_cuda_event_device_timeline_only
4.753082275390625,3.192608118057251,256,cuda,2048,representative_fit_step,2,4.0,6,311498,256,0,synthetic_microfit_cuda_event_device_timeline_only
4.753082275390625,3.155967950820923,256,cuda,2048,representative_fit_step,3,4.0,6,311498,256,0,synthetic_microfit_cuda_event_device_timeline_only
4.753082275390625,3.193056106567383,256,cuda,2048,representative_fit_step,4,4.0,6,311498,256,0,synthetic_microfit_cuda_event_device_timeline_only
4.753082275390625,3.388416051864624,256,cuda,2048,representative_fit_step,5,4.0,6,311498,256,0,synthetic_microfit_cuda_event_device_timeline_only
4.753082275390625,3.272768020629883,256,cuda,2048,representative_fit_step,6,4.0,6,311498,256,0,synthetic_microfit_cuda_event_device_timeline_only
4.753082275390625,3.224575996398926,256,cuda,2048,representative_fit_step,7,4.0,6,311498,256,0,synthetic_microfit_cuda_event_device_timeline_only
4.753082275390625,3.3116159439086914,256,cuda,2048,representative_fit_step,8,4.0,6,311498,256,0,synthetic_microfit_cuda_event_device_timeline_only
4.753082275390625,3.1446080207824707,256,cuda,2048,representative_fit_step,9,4.0,6,311498,256,0,synthetic_microfit_cuda_event_device_timeline_only
4.753082275390625,3.2573440074920654,256,cuda,2048,representative_fit_step,10,4.0,6,311498,256,0,synthetic_microfit_cuda_event_device_timeline_only
4.753082275390625,3.216383934020996,256,cuda,2048,representative_fit_step,11,4.0,6,311498,256,0,synthetic_microfit_cuda_event_device_timeline_only
4.753082275390625,3.2378880977630615,256,cuda,2048,representative_fit_step,12,4.0,6,311498,256,0,synthetic_microfit_cuda_event_device_timeline_only
4.753082275390625,3.260672092437744,256,cuda,2048,representative_fit_step,13,4.0,6,311498,256,0,synthetic_microfit_cuda_event_device_timeline_only
4.753082275390625,3.172607898712158,256,cuda,2048,representative_fit_step,14,4.0,6,311498,256,0,synthetic_microfit_cuda_event_device_timeline_only
4.753082275390625,0.45158401131629944,256,cuda_block_reduce,2048,exact_forward,0,4.0,6,311498,256,1,synthetic_microfit_cuda_event_device_timeline_only
4.753082275390625,0.4270719885826111,256,cuda_block_reduce,2048,exact_forward,1,4.0,6,311498,256,1,synthetic_microfit_cuda_event_device_timeline_only
4.753082275390625,0.4341759979724884,256,cuda_block_reduce,2048,exact_forward,2,4.0,6,311498,256,1,synthetic_microfit_cuda_event_device_timeline_only
4.753082275390625,0.4126720130443573,256,cuda_block_reduce,2048,exact_forward,3,4.0,6,311498,256,1,synthetic_microfit_cuda_event_device_timeline_only
4.753082275390625,0.43299201130867004,256,cuda_block_reduce,2048,exact_forward,4,4.0,6,311498,256,1,synthetic_microfit_cuda_event_device_timeline_only
4.753082275390625,0.41548800468444824,256,cuda_block_reduce,2048,exact_forward,5,4.0,6,311498,256,1,synthetic_microfit_cuda_event_device_timeline_only
4.753082275390625,0.43212801218032837,256,cuda_block_reduce,2048,exact_forward,6,4.0,6,311498,256,1,synthetic_microfit_cuda_event_device_timeline_only
4.753082275390625,0.4116480052471161,256,cuda_block_reduce,2048,exact_forward,7,4.0,6,311498,256,1,synthetic_microfit_cuda_event_device_timeline_only
4.753082275390625,0.41865599155426025,256,cuda_block_reduce,2048,exact_forward,8,4.0,6,311498,256,1,synthetic_microfit_cuda_event_device_timeline_only
4.753082275390625,0.41574400663375854,256,cuda_block_reduce,2048,exact_forward,9,4.0,6,311498,256,1,synthetic_microfit_cuda_event_device_timeline_only
4.753082275390625,0.4177919924259186,256,cuda_block_reduce,2048,exact_forward,10,4.0,6,311498,256,1,synthetic_microfit_cuda_event_device_timeline_only
4.753082275390625,0.40857601165771484,256,cuda_block_reduce,2048,exact_forward,11,4.0,6,311498,256,1,synthetic_microfit_cuda_event_device_timeline_only
4.753082275390625,0.40755200386047363,256,cuda_block_reduce,2048,exact_forward,12,4.0,6,311498,256,1,synthetic_microfit_cuda_event_device_timeline_only
4.753082275390625,0.4136959910392761,256,cuda_block_reduce,2048,exact_forward,13,4.0,6,311498,256,1,synthetic_microfit_cuda_event_device_timeline_only
4.753082275390625,0.41471999883651733,256,cuda_block_reduce,2048,exact_forward,14,4.0,6,311498,256,1,synthetic_microfit_cuda_event_device_timeline_only
4.753082275390625,0.5171200037002563,256,cuda_block_reduce,2048,exact_backward,0,4.0,6,311498,256,1,synthetic_microfit_cuda_event_device_timeline_only
4.753082275390625,0.5109760165214539,256,cuda_block_reduce,2048,exact_backward,1,4.0,6,311498,256,1,synthetic_microfit_cuda_event_device_timeline_only
4.753082275390625,0.5826560258865356,256,cuda_block_reduce,2048,exact_backward,2,4.0,6,311498,256,1,synthetic_microfit_cuda_event_device_timeline_only
4.753082275390625,0.5132160186767578,256,cuda_block_reduce,2048,exact_backward,3,4.0,6,311498,256,1,synthetic_microfit_cuda_event_device_timeline_only
4.753082275390625,0.5138880014419556,256,cuda_block_reduce,2048,exact_backward,4,4.0,6,311498,256,1,synthetic_microfit_cuda_event_device_timeline_only
4.753082275390625,0.5111039876937866,256,cuda_block_reduce,2048,exact_backward,5,4.0,6,311498,256,1,synthetic_microfit_cuda_event_device_timeline_only
4.753082275390625,0.5181440114974976,256,cuda_block_reduce,2048,exact_backward,6,4.0,6,311498,256,1,synthetic_microfit_cuda_event_device_timeline_only
4.753082275390625,0.5221440196037292,256,cuda_block_reduce,2048,exact_backward,7,4.0,6,311498,256,1,synthetic_microfit_cuda_event_device_timeline_only
4.753082275390625,0.5283200144767761,256,cuda_block_reduce,2048,exact_backward,8,4.0,6,311498,256,1,synthetic_microfit_cuda_event_device_timeline_only
4.753082275390625,0.5089280009269714,256,cuda_block_reduce,2048,exact_backward,9,4.0,6,311498,256,1,synthetic_microfit_cuda_event_device_timeline_only
4.753082275390625,0.5242879986763,256,cuda_block_reduce,2048,exact_backward,10,4.0,6,311498,256,1,synthetic_microfit_cuda_event_device_timeline_only
4.753082275390625,0.5221440196037292,256,cuda_block_reduce,2048,exact_backward,11,4.0,6,311498,256,1,synthetic_microfit_cuda_event_device_timeline_only
4.753082275390625,0.510047972202301,256,cuda_block_reduce,2048,exact_backward,12,4.0,6,311498,256,1,synthetic_microfit_cuda_event_device_timeline_only
4.753082275390625,0.5130239725112915,256,cuda_block_reduce,2048,exact_backward,13,4.0,6,311498,256,1,synthetic_microfit_cuda_event_device_timeline_only
4.753082275390625,0.5140479803085327,256,cuda_block_reduce,2048,exact_backward,14,4.0,6,311498,256,1,synthetic_microfit_cuda_event_device_timeline_only
4.753082275390625,1.1601920127868652,256,cuda_block_reduce,2048,fit_backward,0,4.0,6,311498,256,1,synthetic_microfit_cuda_event_device_timeline_only
4.753082275390625,1.1622400283813477,256,cuda_block_reduce,2048,fit_backward,1,4.0,6,311498,256,1,synthetic_microfit_cuda_event_device_timeline_only
4.753082275390625,1.159168004989624,256,cuda_block_reduce,2048,fit_backward,2,4.0,6,311498,256,1,synthetic_microfit_cuda_event_device_timeline_only
4.753082275390625,1.1622400283813477,256,cuda_block_reduce,2048,fit_backward,3,4.0,6,311498,256,1,synthetic_microfit_cuda_event_device_timeline_only
4.753082275390625,1.1550719738006592,256,cuda_block_reduce,2048,fit_backward,4,4.0,6,311498,256,1,synthetic_microfit_cuda_event_device_timeline_only
4.753082275390625,1.1612160205841064,256,cuda_block_reduce,2048,fit_backward,5,4.0,6,311498,256,1,synthetic_microfit_cuda_event_device_timeline_only
4.753082275390625,1.159168004989624,256,cuda_block_reduce,2048,fit_backward,6,4.0,6,311498,256,1,synthetic_microfit_cuda_event_device_timeline_only
4.753082275390625,1.1601920127868652,256,cuda_block_reduce,2048,fit_backward,7,4.0,6,311498,256,1,synthetic_microfit_cuda_event_device_timeline_only
4.753082275390625,1.1601920127868652,256,cuda_block_reduce,2048,fit_backward,8,4.0,6,311498,256,1,synthetic_microfit_cuda_event_device_timeline_only
4.753082275390625,1.1612160205841064,256,cuda_block_reduce,2048,fit_backward,9,4.0,6,311498,256,1,synthetic_microfit_cuda_event_device_timeline_only
4.753082275390625,1.1632640361785889,256,cuda_block_reduce,2048,fit_backward,10,4.0,6,311498,256,1,synthetic_microfit_cuda_event_device_timeline_only
4.753082275390625,1.1600639820098877,256,cuda_block_reduce,2048,fit_backward,11,4.0,6,311498,256,1,synthetic_microfit_cuda_event_device_timeline_only
4.753082275390625,1.159168004989624,256,cuda_block_reduce,2048,fit_backward,12,4.0,6,311498,256,1,synthetic_microfit_cuda_event_device_timeline_only
4.753082275390625,1.1632640361785889,256,cuda_block_reduce,2048,fit_backward,13,4.0,6,311498,256,1,synthetic_microfit_cuda_event_device_timeline_only
4.753082275390625,1.1550719738006592,256,cuda_block_reduce,2048,fit_backward,14,4.0,6,311498,256,1,synthetic_microfit_cuda_event_device_timeline_only
4.753082275390625,0.49459201097488403,256,cuda_block_reduce,2048,optimizer_update,0,4.0,6,311498,256,1,synthetic_microfit_cuda_event_device_timeline_only
4.753082275390625,0.42905598878860474,256,cuda_block_reduce,2048,optimizer_update,1,4.0,6,311498,256,1,synthetic_microfit_cuda_event_device_timeline_only
4.753082275390625,0.40870401263237,256,cuda_block_reduce,2048,optimizer_update,2,4.0,6,311498,256,1,synthetic_microfit_cuda_event_device_timeline_only
4.753082275390625,0.42905598878860474,256,cuda_block_reduce,2048,optimizer_update,3,4.0,6,311498,256,1,synthetic_microfit_cuda_event_device_timeline_only
4.753082275390625,0.4259519875049591,256,cuda_block_reduce,2048,optimizer_update,4,4.0,6,311498,256,1,synthetic_microfit_cuda_event_device_timeline_only
4.753082275390625,0.43516799807548523,256,cuda_block_reduce,2048,optimizer_update,5,4.0,6,311498,256,1,synthetic_microfit_cuda_event_device_timeline_only
4.753082275390625,0.43110400438308716,256,cuda_block_reduce,2048,optimizer_update,6,4.0,6,311498,256,1,synthetic_microfit_cuda_event_device_timeline_only
4.753082275390625,0.42291200160980225,256,cuda_block_reduce,2048,optimizer_update,7,4.0,6,311498,256,1,synthetic_microfit_cuda_event_device_timeline_only
4.753082275390625,0.4034560024738312,256,cuda_block_reduce,2048,optimizer_update,8,4.0,6,311498,256,1,synthetic_microfit_cuda_event_device_timeline_only
4.753082275390625,0.42579200863838196,256,cuda_block_reduce,2048,optimizer_update,9,4.0,6,311498,256,1,synthetic_microfit_cuda_event_device_timeline_only
4.753082275390625,0.4044800102710724,256,cuda_block_reduce,2048,optimizer_update,10,4.0,6,311498,256,1,synthetic_microfit_cuda_event_device_timeline_only
4.753082275390625,0.41676801443099976,256,cuda_block_reduce,2048,optimizer_update,11,4.0,6,311498,256,1,synthetic_microfit_cuda_event_device_timeline_only
4.753082275390625,0.4065279960632324,256,cuda_block_reduce,2048,optimizer_update,12,4.0,6,311498,256,1,synthetic_microfit_cuda_event_device_timeline_only
4.753082275390625,0.42291200160980225,256,cuda_block_reduce,2048,optimizer_update,13,4.0,6,311498,256,1,synthetic_microfit_cuda_event_device_timeline_only
4.753082275390625,0.4034560024738312,256,cuda_block_reduce,2048,optimizer_update,14,4.0,6,311498,256,1,synthetic_microfit_cuda_event_device_timeline_only
4.753082275390625,2.460671901702881,256,cuda_block_reduce,2048,representative_fit_step,0,4.0,6,311498,256,1,synthetic_microfit_cuda_event_device_timeline_only
4.753082275390625,2.4186880588531494,256,cuda_block_reduce,2048,representative_fit_step,1,4.0,6,311498,256,1,synthetic_microfit_cuda_event_device_timeline_only
4.753082275390625,2.436095952987671,256,cuda_block_reduce,2048,representative_fit_step,2,4.0,6,311498,256,1,synthetic_microfit_cuda_event_device_timeline_only
4.753082275390625,2.41977596282959,256,cuda_block_reduce,2048,representative_fit_step,3,4.0,6,311498,256,1,synthetic_microfit_cuda_event_device_timeline_only
4.753082275390625,2.4330239295959473,256,cuda_block_reduce,2048,representative_fit_step,4,4.0,6,311498,256,1,synthetic_microfit_cuda_event_device_timeline_only
4.753082275390625,2.4268479347229004,256,cuda_block_reduce,2048,representative_fit_step,5,4.0,6,311498,256,1,synthetic_microfit_cuda_event_device_timeline_only
4.753082275390625,2.456576108932495,256,cuda_block_reduce,2048,representative_fit_step,6,4.0,6,311498,256,1,synthetic_microfit_cuda_event_device_timeline_only
4.753082275390625,2.4391679763793945,256,cuda_block_reduce,2048,representative_fit_step,7,4.0,6,311498,256,1,synthetic_microfit_cuda_event_device_timeline_only
4.753082275390625,2.4330239295959473,256,cuda_block_reduce,2048,representative_fit_step,8,4.0,6,311498,256,1,synthetic_microfit_cuda_event_device_timeline_only
4.753082275390625,2.4186880588531494,256,cuda_block_reduce,2048,representative_fit_step,9,4.0,6,311498,256,1,synthetic_microfit_cuda_event_device_timeline_only
4.753082275390625,2.430975914001465,256,cuda_block_reduce,2048,representative_fit_step,10,4.0,6,311498,256,1,synthetic_microfit_cuda_event_device_timeline_only
4.753082275390625,2.4226560592651367,256,cuda_block_reduce,2048,representative_fit_step,11,4.0,6,311498,256,1,synthetic_microfit_cuda_event_device_timeline_only
4.753082275390625,2.442239999771118,256,cuda_block_reduce,2048,representative_fit_step,12,4.0,6,311498,256,1,synthetic_microfit_cuda_event_device_timeline_only
4.753082275390625,2.4248321056365967,256,cuda_block_reduce,2048,representative_fit_step,13,4.0,6,311498,256,1,synthetic_microfit_cuda_event_device_timeline_only
4.753082275390625,2.4350719451904297,256,cuda_block_reduce,2048,representative_fit_step,14,4.0,6,311498,256,1,synthetic_microfit_cuda_event_device_timeline_only
16.91473388671875,0.5344640016555786,256,cuda_block_reduce,2048,exact_forward,0,16.0,7,1108524,256,0,synthetic_microfit_cuda_event_device_timeline_only
16.91473388671875,0.5120000243186951,256,cuda_block_reduce,2048,exact_forward,1,16.0,7,1108524,256,0,synthetic_microfit_cuda_event_device_timeline_only
16.91473388671875,0.52019202709198,256,cuda_block_reduce,2048,exact_forward,2,16.0,7,1108524,256,0,synthetic_microfit_cuda_event_device_timeline_only
16.91473388671875,0.5212159752845764,256,cuda_block_reduce,2048,exact_forward,3,16.0,7,1108524,256,0,synthetic_microfit_cuda_event_device_timeline_only
16.91473388671875,0.5098559856414795,256,cuda_block_reduce,2048,exact_forward,4,16.0,7,1108524,256,0,synthetic_microfit_cuda_event_device_timeline_only
16.91473388671875,0.5130239725112915,256,cuda_block_reduce,2048,exact_forward,5,16.0,7,1108524,256,0,synthetic_microfit_cuda_event_device_timeline_only
16.91473388671875,0.5079039931297302,256,cuda_block_reduce,2048,exact_forward,6,16.0,7,1108524,256,0,synthetic_microfit_cuda_event_device_timeline_only
16.91473388671875,0.4976640045642853,256,cuda_block_reduce,2048,exact_forward,7,16.0,7,1108524,256,0,synthetic_microfit_cuda_event_device_timeline_only
16.91473388671875,0.5120000243186951,256,cuda_block_reduce,2048,exact_forward,8,16.0,7,1108524,256,0,synthetic_microfit_cuda_event_device_timeline_only
16.91473388671875,0.5087680220603943,256,cuda_block_reduce,2048,exact_forward,9,16.0,7,1108524,256,0,synthetic_microfit_cuda_event_device_timeline_only
16.91473388671875,0.5159680247306824,256,cuda_block_reduce,2048,exact_forward,10,16.0,7,1108524,256,0,synthetic_microfit_cuda_event_device_timeline_only
16.91473388671875,0.5009279847145081,256,cuda_block_reduce,2048,exact_forward,11,16.0,7,1108524,256,0,synthetic_microfit_cuda_event_device_timeline_only
16.91473388671875,0.5150719881057739,256,cuda_block_reduce,2048,exact_forward,12,16.0,7,1108524,256,0,synthetic_microfit_cuda_event_device_timeline_only
16.91473388671875,0.502784013748169,256,cuda_block_reduce,2048,exact_forward,13,16.0,7,1108524,256,0,synthetic_microfit_cuda_event_device_timeline_only
16.91473388671875,0.49561598896980286,256,cuda_block_reduce,2048,exact_forward,14,16.0,7,1108524,256,0,synthetic_microfit_cuda_event_device_timeline_only
16.91473388671875,0.517087996006012,256,cuda_block_reduce,2048,exact_backward,0,16.0,7,1108524,256,0,synthetic_microfit_cuda_event_device_timeline_only
16.91473388671875,0.5162240266799927,256,cuda_block_reduce,2048,exact_backward,1,16.0,7,1108524,256,0,synthetic_microfit_cuda_event_device_timeline_only
16.91473388671875,0.5007359981536865,256,cuda_block_reduce,2048,exact_backward,2,16.0,7,1108524,256,0,synthetic_microfit_cuda_event_device_timeline_only
16.91473388671875,0.5038080215454102,256,cuda_block_reduce,2048,exact_backward,3,16.0,7,1108524,256,0,synthetic_microfit_cuda_event_device_timeline_only
16.91473388671875,0.5296319723129272,256,cuda_block_reduce,2048,exact_backward,4,16.0,7,1108524,256,0,synthetic_microfit_cuda_event_device_timeline_only
16.91473388671875,0.5110399723052979,256,cuda_block_reduce,2048,exact_backward,5,16.0,7,1108524,256,0,synthetic_microfit_cuda_event_device_timeline_only
16.91473388671875,0.5120000243186951,256,cuda_block_reduce,2048,exact_backward,6,16.0,7,1108524,256,0,synthetic_microfit_cuda_event_device_timeline_only
16.91473388671875,0.5150719881057739,256,cuda_block_reduce,2048,exact_backward,7,16.0,7,1108524,256,0,synthetic_microfit_cuda_event_device_timeline_only
16.91473388671875,0.4976640045642853,256,cuda_block_reduce,2048,exact_backward,8,16.0,7,1108524,256,0,synthetic_microfit_cuda_event_device_timeline_only
16.91473388671875,0.4947519898414612,256,cuda_block_reduce,2048,exact_backward,9,16.0,7,1108524,256,0,synthetic_microfit_cuda_event_device_timeline_only
16.91473388671875,0.4934079945087433,256,cuda_block_reduce,2048,exact_backward,10,16.0,7,1108524,256,0,synthetic_microfit_cuda_event_device_timeline_only
16.91473388671875,0.4822399914264679,256,cuda_block_reduce,2048,exact_backward,11,16.0,7,1108524,256,0,synthetic_microfit_cuda_event_device_timeline_only
16.91473388671875,0.49561598896980286,256,cuda_block_reduce,2048,exact_backward,12,16.0,7,1108524,256,0,synthetic_microfit_cuda_event_device_timeline_only
16.91473388671875,0.4966079890727997,256,cuda_block_reduce,2048,exact_backward,13,16.0,7,1108524,256,0,synthetic_microfit_cuda_event_device_timeline_only
16.91473388671875,0.4986880123615265,256,cuda_block_reduce,2048,exact_backward,14,16.0,7,1108524,256,0,synthetic_microfit_cuda_event_device_timeline_only
16.91473388671875,1.1970560550689697,256,cuda_block_reduce,2048,fit_backward,0,16.0,7,1108524,256,0,synthetic_microfit_cuda_event_device_timeline_only
16.91473388671875,1.1929600238800049,256,cuda_block_reduce,2048,fit_backward,1,16.0,7,1108524,256,0,synthetic_microfit_cuda_event_device_timeline_only
16.91473388671875,1.1909120082855225,256,cuda_block_reduce,2048,fit_backward,2,16.0,7,1108524,256,0,synthetic_microfit_cuda_event_device_timeline_only
16.91473388671875,1.1989760398864746,256,cuda_block_reduce,2048,fit_backward,3,16.0,7,1108524,256,0,synthetic_microfit_cuda_event_device_timeline_only
16.91473388671875,1.2288000583648682,256,cuda_block_reduce,2048,fit_backward,4,16.0,7,1108524,256,0,synthetic_microfit_cuda_event_device_timeline_only
16.91473388671875,1.1991039514541626,256,cuda_block_reduce,2048,fit_backward,5,16.0,7,1108524,256,0,synthetic_microfit_cuda_event_device_timeline_only
16.91473388671875,1.1919360160827637,256,cuda_block_reduce,2048,fit_backward,6,16.0,7,1108524,256,0,synthetic_microfit_cuda_event_device_timeline_only
16.91473388671875,1.1980799436569214,256,cuda_block_reduce,2048,fit_backward,7,16.0,7,1108524,256,0,synthetic_microfit_cuda_event_device_timeline_only
16.91473388671875,1.1991039514541626,256,cuda_block_reduce,2048,fit_backward,8,16.0,7,1108524,256,0,synthetic_microfit_cuda_event_device_timeline_only
16.91473388671875,1.193984031677246,256,cuda_block_reduce,2048,fit_backward,9,16.0,7,1108524,256,0,synthetic_microfit_cuda_event_device_timeline_only
16.91473388671875,1.20307195186615,256,cuda_block_reduce,2048,fit_backward,10,16.0,7,1108524,256,0,synthetic_microfit_cuda_event_device_timeline_only
16.91473388671875,1.1909120082855225,256,cuda_block_reduce,2048,fit_backward,11,16.0,7,1108524,256,0,synthetic_microfit_cuda_event_device_timeline_only
16.91473388671875,1.1970560550689697,256,cuda_block_reduce,2048,fit_backward,12,16.0,7,1108524,256,0,synthetic_microfit_cuda_event_device_timeline_only
16.91473388671875,1.201151967048645,256,cuda_block_reduce,2048,fit_backward,13,16.0,7,1108524,256,0,synthetic_microfit_cuda_event_device_timeline_only
16.91473388671875,1.193984031677246,256,cuda_block_reduce,2048,fit_backward,14,16.0,7,1108524,256,0,synthetic_microfit_cuda_event_device_timeline_only
16.91473388671875,0.5120000243186951,256,cuda_block_reduce,2048,optimizer_update,0,16.0,7,1108524,256,0,synthetic_microfit_cuda_event_device_timeline_only
16.91473388671875,0.4249599874019623,256,cuda_block_reduce,2048,optimizer_update,1,16.0,7,1108524,256,0,synthetic_microfit_cuda_event_device_timeline_only
16.91473388671875,0.41471999883651733,256,cuda_block_reduce,2048,optimizer_update,2,16.0,7,1108524,256,0,synthetic_microfit_cuda_event_device_timeline_only
16.91473388671875,0.4188160002231598,256,cuda_block_reduce,2048,optimizer_update,3,16.0,7,1108524,256,0,synthetic_microfit_cuda_event_device_timeline_only
16.91473388671875,0.4126400053501129,256,cuda_block_reduce,2048,optimizer_update,4,16.0,7,1108524,256,0,synthetic_microfit_cuda_event_device_timeline_only
16.91473388671875,0.4145919978618622,256,cuda_block_reduce,2048,optimizer_update,5,16.0,7,1108524,256,0,synthetic_microfit_cuda_event_device_timeline_only
16.91473388671875,0.4106239974498749,256,cuda_block_reduce,2048,optimizer_update,6,16.0,7,1108524,256,0,synthetic_microfit_cuda_event_device_timeline_only
16.91473388671875,0.42499199509620667,256,cuda_block_reduce,2048,optimizer_update,7,16.0,7,1108524,256,0,synthetic_microfit_cuda_event_device_timeline_only
16.91473388671875,0.4044800102710724,256,cuda_block_reduce,2048,optimizer_update,8,16.0,7,1108524,256,0,synthetic_microfit_cuda_event_device_timeline_only
16.91473388671875,0.42582398653030396,256,cuda_block_reduce,2048,optimizer_update,9,16.0,7,1108524,256,0,synthetic_microfit_cuda_event_device_timeline_only
16.91473388671875,0.40959998965263367,256,cuda_block_reduce,2048,optimizer_update,10,16.0,7,1108524,256,0,synthetic_microfit_cuda_event_device_timeline_only
16.91473388671875,0.4177919924259186,256,cuda_block_reduce,2048,optimizer_update,11,16.0,7,1108524,256,0,synthetic_microfit_cuda_event_device_timeline_only
16.91473388671875,0.4097920060157776,256,cuda_block_reduce,2048,optimizer_update,12,16.0,7,1108524,256,0,synthetic_microfit_cuda_event_device_timeline_only
16.91473388671875,0.4177919924259186,256,cuda_block_reduce,2048,optimizer_update,13,16.0,7,1108524,256,0,synthetic_microfit_cuda_event_device_timeline_only
16.91473388671875,0.4116480052471161,256,cuda_block_reduce,2048,optimizer_update,14,16.0,7,1108524,256,0,synthetic_microfit_cuda_event_device_timeline_only
16.91473388671875,2.5569279193878174,256,cuda_block_reduce,2048,representative_fit_step,0,16.0,7,1108524,256,0,synthetic_microfit_cuda_event_device_timeline_only
16.91473388671875,2.5589759349823,256,cuda_block_reduce,2048,representative_fit_step,1,16.0,7,1108524,256,0,synthetic_microfit_cuda_event_device_timeline_only
16.91473388671875,2.559999942779541,256,cuda_block_reduce,2048,representative_fit_step,2,16.0,7,1108524,256,0,synthetic_microfit_cuda_event_device_timeline_only
16.91473388671875,2.544735908508301,256,cuda_block_reduce,2048,representative_fit_step,3,16.0,7,1108524,256,0,synthetic_microfit_cuda_event_device_timeline_only
16.91473388671875,2.5610239505767822,256,cuda_block_reduce,2048,representative_fit_step,4,16.0,7,1108524,256,0,synthetic_microfit_cuda_event_device_timeline_only
16.91473388671875,2.6581759452819824,256,cuda_block_reduce,2048,representative_fit_step,5,16.0,7,1108524,256,0,synthetic_microfit_cuda_event_device_timeline_only
16.91473388671875,2.5762879848480225,256,cuda_block_reduce,2048,representative_fit_step,6,16.0,7,1108524,256,0,synthetic_microfit_cuda_event_device_timeline_only
16.91473388671875,2.5425920486450195,256,cuda_block_reduce,2048,representative_fit_step,7,16.0,7,1108524,256,0,synthetic_microfit_cuda_event_device_timeline_only
16.91473388671875,2.5774080753326416,256,cuda_block_reduce,2048,representative_fit_step,8,16.0,7,1108524,256,0,synthetic_microfit_cuda_event_device_timeline_only
16.91473388671875,2.5446081161499023,256,cuda_block_reduce,2048,representative_fit_step,9,16.0,7,1108524,256,0,synthetic_microfit_cuda_event_device_timeline_only
16.91473388671875,2.538559913635254,256,cuda_block_reduce,2048,representative_fit_step,10,16.0,7,1108524,256,0,synthetic_microfit_cuda_event_device_timeline_only
16.91473388671875,2.579456090927124,256,cuda_block_reduce,2048,representative_fit_step,11,16.0,7,1108524,256,0,synthetic_microfit_cuda_event_device_timeline_only
16.91473388671875,2.549760103225708,256,cuda_block_reduce,2048,representative_fit_step,12,16.0,7,1108524,256,0,synthetic_microfit_cuda_event_device_timeline_only
16.91473388671875,2.545664072036743,256,cuda_block_reduce,2048,representative_fit_step,13,16.0,7,1108524,256,0,synthetic_microfit_cuda_event_device_timeline_only
16.91473388671875,2.608128070831299,256,cuda_block_reduce,2048,representative_fit_step,14,16.0,7,1108524,256,0,synthetic_microfit_cuda_event_device_timeline_only
16.91473388671875,0.5529599785804749,256,cuda,2048,exact_forward,0,16.0,7,1108524,256,1,synthetic_microfit_cuda_event_device_timeline_only
16.91473388671875,0.5345280170440674,256,cuda,2048,exact_forward,1,16.0,7,1108524,256,1,synthetic_microfit_cuda_event_device_timeline_only
16.91473388671875,0.5046399831771851,256,cuda,2048,exact_forward,2,16.0,7,1108524,256,1,synthetic_microfit_cuda_event_device_timeline_only
16.91473388671875,0.5017600059509277,256,cuda,2048,exact_forward,3,16.0,7,1108524,256,1,synthetic_microfit_cuda_event_device_timeline_only
16.91473388671875,0.5242879986763,256,cuda,2048,exact_forward,4,16.0,7,1108524,256,1,synthetic_microfit_cuda_event_device_timeline_only
16.91473388671875,0.5005120038986206,256,cuda,2048,exact_forward,5,16.0,7,1108524,256,1,synthetic_microfit_cuda_event_device_timeline_only
16.91473388671875,0.5253120064735413,256,cuda,2048,exact_forward,6,16.0,7,1108524,256,1,synthetic_microfit_cuda_event_device_timeline_only
16.91473388671875,0.5058559775352478,256,cuda,2048,exact_forward,7,16.0,7,1108524,256,1,synthetic_microfit_cuda_event_device_timeline_only
16.91473388671875,0.5048320293426514,256,cuda,2048,exact_forward,8,16.0,7,1108524,256,1,synthetic_microfit_cuda_event_device_timeline_only
16.91473388671875,0.49561598896980286,256,cuda,2048,exact_forward,9,16.0,7,1108524,256,1,synthetic_microfit_cuda_event_device_timeline_only
16.91473388671875,0.4965119957923889,256,cuda,2048,exact_forward,10,16.0,7,1108524,256,1,synthetic_microfit_cuda_event_device_timeline_only
16.91473388671875,0.5221760272979736,256,cuda,2048,exact_forward,11,16.0,7,1108524,256,1,synthetic_microfit_cuda_event_device_timeline_only
16.91473388671875,0.49561598896980286,256,cuda,2048,exact_forward,12,16.0,7,1108524,256,1,synthetic_microfit_cuda_event_device_timeline_only
16.91473388671875,0.5232639908790588,256,cuda,2048,exact_forward,13,16.0,7,1108524,256,1,synthetic_microfit_cuda_event_device_timeline_only
16.91473388671875,0.506879985332489,256,cuda,2048,exact_forward,14,16.0,7,1108524,256,1,synthetic_microfit_cuda_event_device_timeline_only
16.91473388671875,1.2093440294265747,256,cuda,2048,exact_backward,0,16.0,7,1108524,256,1,synthetic_microfit_cuda_event_device_timeline_only
16.91473388671875,1.1970560550689697,256,cuda,2048,exact_backward,1,16.0,7,1108524,256,1,synthetic_microfit_cuda_event_device_timeline_only
16.91473388671875,1.1776000261306763,256,cuda,2048,exact_backward,2,16.0,7,1108524,256,1,synthetic_microfit_cuda_event_device_timeline_only
16.91473388671875,1.1816960573196411,256,cuda,2048,exact_backward,3,16.0,7,1108524,256,1,synthetic_microfit_cuda_event_device_timeline_only
16.91473388671875,1.1724799871444702,256,cuda,2048,exact_backward,4,16.0,7,1108524,256,1,synthetic_microfit_cuda_event_device_timeline_only
16.91473388671875,1.1653120517730713,256,cuda,2048,exact_backward,5,16.0,7,1108524,256,1,synthetic_microfit_cuda_event_device_timeline_only
16.91473388671875,1.1776000261306763,256,cuda,2048,exact_backward,6,16.0,7,1108524,256,1,synthetic_microfit_cuda_event_device_timeline_only
16.91473388671875,1.1683839559555054,256,cuda,2048,exact_backward,7,16.0,7,1108524,256,1,synthetic_microfit_cuda_event_device_timeline_only
16.91473388671875,1.1745280027389526,256,cuda,2048,exact_backward,8,16.0,7,1108524,256,1,synthetic_microfit_cuda_event_device_timeline_only
16.91473388671875,1.1796480417251587,256,cuda,2048,exact_backward,9,16.0,7,1108524,256,1,synthetic_microfit_cuda_event_device_timeline_only
16.91473388671875,1.171455979347229,256,cuda,2048,exact_backward,10,16.0,7,1108524,256,1,synthetic_microfit_cuda_event_device_timeline_only
16.91473388671875,1.1898880004882812,256,cuda,2048,exact_backward,11,16.0,7,1108524,256,1,synthetic_microfit_cuda_event_device_timeline_only
16.91473388671875,1.1868159770965576,256,cuda,2048,exact_backward,12,16.0,7,1108524,256,1,synthetic_microfit_cuda_event_device_timeline_only
16.91473388671875,1.171455979347229,256,cuda,2048,exact_backward,13,16.0,7,1108524,256,1,synthetic_microfit_cuda_event_device_timeline_only
16.91473388671875,1.174399971961975,256,cuda,2048,exact_backward,14,16.0,7,1108524,256,1,synthetic_microfit_cuda_event_device_timeline_only
16.91473388671875,2.0531198978424072,256,cuda,2048,fit_backward,0,16.0,7,1108524,256,1,synthetic_microfit_cuda_event_device_timeline_only
16.91473388671875,2.037600040435791,256,cuda,2048,fit_backward,1,16.0,7,1108524,256,1,synthetic_microfit_cuda_event_device_timeline_only
16.91473388671875,2.0551679134368896,256,cuda,2048,fit_backward,2,16.0,7,1108524,256,1,synthetic_microfit_cuda_event_device_timeline_only
16.91473388671875,2.0449280738830566,256,cuda,2048,fit_backward,3,16.0,7,1108524,256,1,synthetic_microfit_cuda_event_device_timeline_only
16.91473388671875,2.042880058288574,256,cuda,2048,fit_backward,4,16.0,7,1108524,256,1,synthetic_microfit_cuda_event_device_timeline_only
16.91473388671875,2.0439040660858154,256,cuda,2048,fit_backward,5,16.0,7,1108524,256,1,synthetic_microfit_cuda_event_device_timeline_only
16.91473388671875,2.0479040145874023,256,cuda,2048,fit_backward,6,16.0,7,1108524,256,1,synthetic_microfit_cuda_event_device_timeline_only
16.91473388671875,2.0346879959106445,256,cuda,2048,fit_backward,7,16.0,7,1108524,256,1,synthetic_microfit_cuda_event_device_timeline_only
16.91473388671875,2.0531198978424072,256,cuda,2048,fit_backward,8,16.0,7,1108524,256,1,synthetic_microfit_cuda_event_device_timeline_only
16.91473388671875,2.045952081680298,256,cuda,2048,fit_backward,9,16.0,7,1108524,256,1,synthetic_microfit_cuda_event_device_timeline_only
16.91473388671875,2.029536008834839,256,cuda,2048,fit_backward,10,16.0,7,1108524,256,1,synthetic_microfit_cuda_event_device_timeline_only
16.91473388671875,2.0449280738830566,256,cuda,2048,fit_backward,11,16.0,7,1108524,256,1,synthetic_microfit_cuda_event_device_timeline_only
16.91473388671875,2.036736011505127,256,cuda,2048,fit_backward,12,16.0,7,1108524,256,1,synthetic_microfit_cuda_event_device_timeline_only
16.91473388671875,2.041856050491333,256,cuda,2048,fit_backward,13,16.0,7,1108524,256,1,synthetic_microfit_cuda_event_device_timeline_only
16.91473388671875,2.0449280738830566,256,cuda,2048,fit_backward,14,16.0,7,1108524,256,1,synthetic_microfit_cuda_event_device_timeline_only
16.91473388671875,0.5406720042228699,256,cuda,2048,optimizer_update,0,16.0,7,1108524,256,1,synthetic_microfit_cuda_event_device_timeline_only
16.91473388671875,0.4370560050010681,256,cuda,2048,optimizer_update,1,16.0,7,1108524,256,1,synthetic_microfit_cuda_event_device_timeline_only
16.91473388671875,0.4320000112056732,256,cuda,2048,optimizer_update,2,16.0,7,1108524,256,1,synthetic_microfit_cuda_event_device_timeline_only
16.91473388671875,0.4249599874019623,256,cuda,2048,optimizer_update,3,16.0,7,1108524,256,1,synthetic_microfit_cuda_event_device_timeline_only
16.91473388671875,0.47411200404167175,256,cuda,2048,optimizer_update,4,16.0,7,1108524,256,1,synthetic_microfit_cuda_event_device_timeline_only
16.91473388671875,0.449535995721817,256,cuda,2048,optimizer_update,5,16.0,7,1108524,256,1,synthetic_microfit_cuda_event_device_timeline_only
16.91473388671875,0.4339520037174225,256,cuda,2048,optimizer_update,6,16.0,7,1108524,256,1,synthetic_microfit_cuda_event_device_timeline_only
16.91473388671875,0.4331519901752472,256,cuda,2048,optimizer_update,7,16.0,7,1108524,256,1,synthetic_microfit_cuda_event_device_timeline_only
16.91473388671875,0.4331519901752472,256,cuda,2048,optimizer_update,8,16.0,7,1108524,256,1,synthetic_microfit_cuda_event_device_timeline_only
16.91473388671875,0.4513919949531555,256,cuda,2048,optimizer_update,9,16.0,7,1108524,256,1,synthetic_microfit_cuda_event_device_timeline_only
16.91473388671875,0.43212801218032837,256,cuda,2048,optimizer_update,10,16.0,7,1108524,256,1,synthetic_microfit_cuda_event_device_timeline_only
16.91473388671875,0.4485439956188202,256,cuda,2048,optimizer_update,11,16.0,7,1108524,256,1,synthetic_microfit_cuda_event_device_timeline_only
16.91473388671875,0.4352000057697296,256,cuda,2048,optimizer_update,12,16.0,7,1108524,256,1,synthetic_microfit_cuda_event_device_timeline_only
16.91473388671875,0.4249599874019623,256,cuda,2048,optimizer_update,13,16.0,7,1108524,256,1,synthetic_microfit_cuda_event_device_timeline_only
16.91473388671875,0.4792320132255554,256,cuda,2048,optimizer_update,14,16.0,7,1108524,256,1,synthetic_microfit_cuda_event_device_timeline_only
16.91473388671875,3.4949119091033936,256,cuda,2048,representative_fit_step,0,16.0,7,1108524,256,1,synthetic_microfit_cuda_event_device_timeline_only
16.91473388671875,3.4251201152801514,256,cuda,2048,representative_fit_step,1,16.0,7,1108524,256,1,synthetic_microfit_cuda_event_device_timeline_only
16.91473388671875,3.328831911087036,256,cuda,2048,representative_fit_step,2,16.0,7,1108524,256,1,synthetic_microfit_cuda_event_device_timeline_only
16.91473388671875,3.4119679927825928,256,cuda,2048,representative_fit_step,3,16.0,7,1108524,256,1,synthetic_microfit_cuda_event_device_timeline_only
16.91473388671875,3.383296012878418,256,cuda,2048,representative_fit_step,4,16.0,7,1108524,256,1,synthetic_microfit_cuda_event_device_timeline_only
16.91473388671875,3.6085119247436523,256,cuda,2048,representative_fit_step,5,16.0,7,1108524,256,1,synthetic_microfit_cuda_event_device_timeline_only
16.91473388671875,3.447808027267456,256,cuda,2048,representative_fit_step,6,16.0,7,1108524,256,1,synthetic_microfit_cuda_event_device_timeline_only
16.91473388671875,3.328864097595215,256,cuda,2048,representative_fit_step,7,16.0,7,1108524,256,1,synthetic_microfit_cuda_event_device_timeline_only
16.91473388671875,3.4846720695495605,256,cuda,2048,representative_fit_step,8,16.0,7,1108524,256,1,synthetic_microfit_cuda_event_device_timeline_only
16.91473388671875,3.304352045059204,256,cuda,2048,representative_fit_step,9,16.0,7,1108524,256,1,synthetic_microfit_cuda_event_device_timeline_only
16.91473388671875,3.4344959259033203,256,cuda,2048,representative_fit_step,10,16.0,7,1108524,256,1,synthetic_microfit_cuda_event_device_timeline_only
16.91473388671875,3.3752639293670654,256,cuda,2048,representative_fit_step,11,16.0,7,1108524,256,1,synthetic_microfit_cuda_event_device_timeline_only
16.91473388671875,3.422208070755005,256,cuda,2048,representative_fit_step,12,16.0,7,1108524,256,1,synthetic_microfit_cuda_event_device_timeline_only
16.91473388671875,3.670016050338745,256,cuda,2048,representative_fit_step,13,16.0,7,1108524,256,1,synthetic_microfit_cuda_event_device_timeline_only
16.91473388671875,3.561471939086914,256,cuda,2048,representative_fit_step,14,16.0,7,1108524,256,1,synthetic_microfit_cuda_event_device_timeline_only
