image,source_path,height,width,max_side,strategy,init_strategy,sampling_mode,fit_control,relocate_every,relocate_count,iters,target_psnr,target_psnrs,render_chunk,renderer,color_solve_every,color_solve_lambda,color_solve_maxiter,early_exit,early_exit_window,early_exit_min_delta,early_exit_min_iters,pixel_loss,ssim_weight,compute_lpips,budget,seed,flank_offset_frac,flat_frac,corner_frac,max_axis_ratio,coherence_power,psnr,ssim,ms_ssim,lpips,auc_psnr,auc_psnr_horizon,iters_to_target,n_gaussians,iterations_run,stopped_early,stopped_at,init_seconds,fit_seconds
kodim01,results/datasets/abl004/kodak24/kodim01.png,512,768,768,aniso_flanking,aniso_flanking,wse,none,,,1500,35.0,"[28.0, 30.0, 32.0, 35.0]",512,cuda,,0.0001,32,False,150,,,l1,0.3,False,2000,0,0.5,0.02,0.15,6.0,1.0,22.441,0.65682,0.85179,,23.161595268834823,observed,,2000,1500,False,,0.3842284679412842,5.305948495864868
kodim01,results/datasets/abl004/kodak24/kodim01.png,512,768,768,aniso_flanking,aniso_flanking,wse,none,,,1500,35.0,"[28.0, 30.0, 32.0, 35.0]",512,cuda,,0.0001,32,False,150,,,l1,0.3,False,2000,1,0.5,0.02,0.15,6.0,1.0,22.514,0.65813,0.85813,,23.13532170746786,observed,,2000,1500,False,,0.3131577968597412,4.377013683319092
kodim01,results/datasets/abl004/kodak24/kodim01.png,512,768,768,aniso_onedge,aniso_onedge,wse,none,,,1500,35.0,"[28.0, 30.0, 32.0, 35.0]",512,cuda,,0.0001,32,False,150,,,l1,0.3,False,2000,0,0.0,0.02,0.15,6.0,1.0,23.5242,0.66358,0.87075,,23.489813242219462,observed,,2000,1500,False,,0.3243112564086914,4.763991594314575
kodim01,results/datasets/abl004/kodak24/kodim01.png,512,768,768,aniso_onedge,aniso_onedge,wse,none,,,1500,35.0,"[28.0, 30.0, 32.0, 35.0]",512,cuda,,0.0001,32,False,150,,,l1,0.3,False,2000,1,0.0,0.02,0.15,6.0,1.0,23.3902,0.66164,0.86987,,23.52482758433601,observed,,2000,1500,False,,0.3470296859741211,4.56178617477417
kodim01,results/datasets/abl004/kodak24/kodim01.png,512,768,768,floyd_steinberg,aniso_flanking,floyd_steinberg,none,,,1500,35.0,"[28.0, 30.0, 32.0, 35.0]",512,cuda,,0.0001,32,False,150,,,l1,0.3,False,2000,0,0.5,0.02,0.15,6.0,1.0,22.4366,0.64327,0.85846,,23.04417202550622,observed,,2000,1500,False,,0.3869466781616211,5.400469779968262
kodim01,results/datasets/abl004/kodak24/kodim01.png,512,768,768,floyd_steinberg,aniso_flanking,floyd_steinberg,none,,,1500,35.0,"[28.0, 30.0, 32.0, 35.0]",512,cuda,,0.0001,32,False,150,,,l1,0.3,False,2000,1,0.5,0.02,0.15,6.0,1.0,23.4073,0.6522,0.87003,,22.929760591279194,observed,,2000,1500,False,,0.47276902198791504,5.432058095932007
kodim01,results/datasets/abl004/kodak24/kodim01.png,512,768,768,iso_blue_noise,iso_blue_noise,wse,none,,,1500,35.0,"[28.0, 30.0, 32.0, 35.0]",512,cuda,,0.0001,32,False,150,,,l1,0.3,False,2000,0,0.0,0.02,0.15,6.0,1.0,21.838,0.65236,0.84365,,22.665226804009272,observed,,2000,1500,False,,0.29046082496643066,4.752667427062988
kodim01,results/datasets/abl004/kodak24/kodim01.png,512,768,768,iso_blue_noise,iso_blue_noise,wse,none,,,1500,35.0,"[28.0, 30.0, 32.0, 35.0]",512,cuda,,0.0001,32,False,150,,,l1,0.3,False,2000,1,0.0,0.02,0.15,6.0,1.0,22.8114,0.65693,0.86346,,22.995668150410005,observed,,2000,1500,False,,0.2860856056213379,5.00346827507019
kodim01,results/datasets/abl004/kodak24/kodim01.png,512,768,768,quadtree_hybrid,quadtree_hybrid,wse,none,,,1500,35.0,"[28.0, 30.0, 32.0, 35.0]",512,cuda,,0.0001,32,False,150,,,l1,0.3,False,2000,0,0.0,0.02,0.15,6.0,1.0,23.1371,0.66183,0.86715,,23.341183094281686,observed,,2000,1500,False,,0.36197638511657715,4.435230016708374
kodim01,results/datasets/abl004/kodak24/kodim01.png,512,768,768,quadtree_hybrid,quadtree_hybrid,wse,none,,,1500,35.0,"[28.0, 30.0, 32.0, 35.0]",512,cuda,,0.0001,32,False,150,,,l1,0.3,False,2000,1,0.0,0.02,0.15,6.0,1.0,22.6722,0.65727,0.85879,,23.19525421071323,observed,,2000,1500,False,,0.29961657524108887,4.338132381439209
kodim01,results/datasets/abl004/kodak24/kodim01.png,512,768,768,quadtree_wse,quadtree_wse,wse,none,,,1500,35.0,"[28.0, 30.0, 32.0, 35.0]",512,cuda,,0.0001,32,False,150,,,l1,0.3,False,2000,0,0.0,0.02,0.15,6.0,1.0,23.4592,0.66563,0.87086,,23.55639089211533,observed,,2000,1500,False,,0.758195161819458,5.31093168258667
kodim01,results/datasets/abl004/kodak24/kodim01.png,512,768,768,quadtree_wse,quadtree_wse,wse,none,,,1500,35.0,"[28.0, 30.0, 32.0, 35.0]",512,cuda,,0.0001,32,False,150,,,l1,0.3,False,2000,1,0.0,0.02,0.15,6.0,1.0,23.1453,0.66486,0.86768,,23.39445387959242,observed,,2000,1500,False,,0.7439436912536621,5.124230861663818
kodim02,results/datasets/abl004/kodak24/kodim02.png,512,768,768,aniso_flanking,aniso_flanking,wse,none,,,1500,35.0,"[28.0, 30.0, 32.0, 35.0]",512,cuda,,0.0001,32,False,150,,,l1,0.3,False,2000,0,0.5,0.02,0.15,6.0,1.0,31.1353,0.81277,0.93414,,31.009394403296046,observed,,2000,1500,False,,0.3856942653656006,6.067870140075684
kodim02,results/datasets/abl004/kodak24/kodim02.png,512,768,768,aniso_flanking,aniso_flanking,wse,none,,,1500,35.0,"[28.0, 30.0, 32.0, 35.0]",512,cuda,,0.0001,32,False,150,,,l1,0.3,False,2000,1,0.5,0.02,0.15,6.0,1.0,31.1622,0.8138,0.93488,,30.98192946603888,observed,,2000,1500,False,,0.3151125907897949,5.375044584274292
kodim02,results/datasets/abl004/kodak24/kodim02.png,512,768,768,aniso_onedge,aniso_onedge,wse,none,,,1500,35.0,"[28.0, 30.0, 32.0, 35.0]",512,cuda,,0.0001,32,False,150,,,l1,0.3,False,2000,0,0.0,0.02,0.15,6.0,1.0,31.3664,0.81389,0.93644,,31.024173281048043,observed,,2000,1500,False,,0.32538366317749023,5.594297647476196
kodim02,results/datasets/abl004/kodak24/kodim02.png,512,768,768,aniso_onedge,aniso_onedge,wse,none,,,1500,35.0,"[28.0, 30.0, 32.0, 35.0]",512,cuda,,0.0001,32,False,150,,,l1,0.3,False,2000,1,0.0,0.02,0.15,6.0,1.0,31.1234,0.8141,0.93376,,30.973554278469784,observed,,2000,1500,False,,0.3264951705932617,5.38136887550354
kodim02,results/datasets/abl004/kodak24/kodim02.png,512,768,768,floyd_steinberg,aniso_flanking,floyd_steinberg,none,,,1500,35.0,"[28.0, 30.0, 32.0, 35.0]",512,cuda,,0.0001,32,False,150,,,l1,0.3,False,2000,0,0.5,0.02,0.15,6.0,1.0,30.9594,0.80196,0.93088,,30.453286963673413,observed,,2000,1500,False,,0.39075160026550293,5.582062482833862
kodim02,results/datasets/abl004/kodak24/kodim02.png,512,768,768,floyd_steinberg,aniso_flanking,floyd_steinberg,none,,,1500,35.0,"[28.0, 30.0, 32.0, 35.0]",512,cuda,,0.0001,32,False,150,,,l1,0.3,False,2000,1,0.5,0.02,0.15,6.0,1.0,31.0136,0.80176,0.93107,,30.517034343594787,observed,,2000,1500,False,,0.39388036727905273,5.537502288818359
kodim02,results/datasets/abl004/kodak24/kodim02.png,512,768,768,iso_blue_noise,iso_blue_noise,wse,none,,,1500,35.0,"[28.0, 30.0, 32.0, 35.0]",512,cuda,,0.0001,32,False,150,,,l1,0.3,False,2000,0,0.0,0.02,0.15,6.0,1.0,30.3809,0.80681,0.92863,,30.71552142944234,observed,,2000,1500,False,,0.24643754959106445,5.442065715789795
kodim02,results/datasets/abl004/kodak24/kodim02.png,512,768,768,iso_blue_noise,iso_blue_noise,wse,none,,,1500,35.0,"[28.0, 30.0, 32.0, 35.0]",512,cuda,,0.0001,32,False,150,,,l1,0.3,False,2000,1,0.0,0.02,0.15,6.0,1.0,30.8457,0.80804,0.93039,,30.69682692845238,observed,,2000,1500,False,,0.26422953605651855,5.278260946273804
kodim02,results/datasets/abl004/kodak24/kodim02.png,512,768,768,quadtree_hybrid,quadtree_hybrid,wse,none,,,1500,35.0,"[28.0, 30.0, 32.0, 35.0]",512,cuda,,0.0001,32,False,150,,,l1,0.3,False,2000,0,0.0,0.02,0.15,6.0,1.0,31.1789,0.81427,0.93479,,30.930776401389988,observed,,2000,1500,False,,0.3124125003814697,5.4651288986206055
kodim02,results/datasets/abl004/kodak24/kodim02.png,512,768,768,quadtree_hybrid,quadtree_hybrid,wse,none,,,1500,35.0,"[28.0, 30.0, 32.0, 35.0]",512,cuda,,0.0001,32,False,150,,,l1,0.3,False,2000,1,0.0,0.02,0.15,6.0,1.0,30.8105,0.8144,0.93408,,30.85037687096777,observed,,2000,1500,False,,0.3027944564819336,5.285276174545288
kodim02,results/datasets/abl004/kodak24/kodim02.png,512,768,768,quadtree_wse,quadtree_wse,wse,none,,,1500,35.0,"[28.0, 30.0, 32.0, 35.0]",512,cuda,,0.0001,32,False,150,,,l1,0.3,False,2000,0,0.0,0.02,0.15,6.0,1.0,31.0506,0.81534,0.93491,,31.016375863607763,observed,,2000,1500,False,,0.6295363903045654,5.577737808227539
kodim02,results/datasets/abl004/kodak24/kodim02.png,512,768,768,quadtree_wse,quadtree_wse,wse,none,,,1500,35.0,"[28.0, 30.0, 32.0, 35.0]",512,cuda,,0.0001,32,False,150,,,l1,0.3,False,2000,1,0.0,0.02,0.15,6.0,1.0,31.3016,0.81594,0.93681,,31.030697127832738,observed,,2000,1500,False,,0.626610517501831,5.433263301849365
kodim03,results/datasets/abl004/kodak24/kodim03.png,512,768,768,aniso_flanking,aniso_flanking,wse,none,,,1500,35.0,"[28.0, 30.0, 32.0, 35.0]",512,cuda,,0.0001,32,False,150,,,l1,0.3,False,2000,0,0.5,0.02,0.15,6.0,1.0,31.3968,0.88099,0.96109,,31.611390589713412,observed,,2000,1500,False,,0.3796675205230713,6.091644287109375
kodim03,results/datasets/abl004/kodak24/kodim03.png,512,768,768,aniso_flanking,aniso_flanking,wse,none,,,1500,35.0,"[28.0, 30.0, 32.0, 35.0]",512,cuda,,0.0001,32,False,150,,,l1,0.3,False,2000,1,0.5,0.02,0.15,6.0,1.0,31.7705,0.88166,0.963,,31.440809349126223,observed,,2000,1500,False,,0.3316328525543213,5.507115602493286
kodim03,results/datasets/abl004/kodak24/kodim03.png,512,768,768,aniso_onedge,aniso_onedge,wse,none,,,1500,35.0,"[28.0, 30.0, 32.0, 35.0]",512,cuda,,0.0001,32,False,150,,,l1,0.3,False,2000,0,0.0,0.02,0.15,6.0,1.0,31.701,0.88167,0.96233,,31.634369766179365,observed,,2000,1500,False,,0.3111395835876465,5.487982988357544
kodim03,results/datasets/abl004/kodak24/kodim03.png,512,768,768,aniso_onedge,aniso_onedge,wse,none,,,1500,35.0,"[28.0, 30.0, 32.0, 35.0]",512,cuda,,0.0001,32,False,150,,,l1,0.3,False,2000,1,0.0,0.02,0.15,6.0,1.0,29.9685,0.87873,0.9573,,31.20103342808271,observed,,2000,1500,False,,0.3711681365966797,4.8877174854278564
kodim03,results/datasets/abl004/kodak24/kodim03.png,512,768,768,floyd_steinberg,aniso_flanking,floyd_steinberg,none,,,1500,35.0,"[28.0, 30.0, 32.0, 35.0]",512,cuda,,0.0001,32,False,150,,,l1,0.3,False,2000,0,0.5,0.02,0.15,6.0,1.0,25.3205,0.86009,0.92907,,27.92354226382754,observed,,2000,1500,False,,0.42670369148254395,5.060394763946533
kodim03,results/datasets/abl004/kodak24/kodim03.png,512,768,768,floyd_steinberg,aniso_flanking,floyd_steinberg,none,,,1500,35.0,"[28.0, 30.0, 32.0, 35.0]",512,cuda,,0.0001,32,False,150,,,l1,0.3,False,2000,1,0.5,0.02,0.15,6.0,1.0,27.1483,0.86755,0.94361,,27.908417790153965,observed,,2000,1500,False,,0.44615960121154785,5.0738255977630615
kodim03,results/datasets/abl004/kodak24/kodim03.png,512,768,768,iso_blue_noise,iso_blue_noise,wse,none,,,1500,35.0,"[28.0, 30.0, 32.0, 35.0]",512,cuda,,0.0001,32,False,150,,,l1,0.3,False,2000,0,0.0,0.02,0.15,6.0,1.0,30.0946,0.87824,0.9581,,30.9228188888163,observed,,2000,1500,False,,0.22831130027770996,4.71496844291687
kodim03,results/datasets/abl004/kodak24/kodim03.png,512,768,768,iso_blue_noise,iso_blue_noise,wse,none,,,1500,35.0,"[28.0, 30.0, 32.0, 35.0]",512,cuda,,0.0001,32,False,150,,,l1,0.3,False,2000,1,0.0,0.02,0.15,6.0,1.0,29.9199,0.87731,0.95806,,30.882648941355598,observed,,2000,1500,False,,0.22731328010559082,4.956353187561035
kodim03,results/datasets/abl004/kodak24/kodim03.png,512,768,768,quadtree_hybrid,quadtree_hybrid,wse,none,,,1500,35.0,"[28.0, 30.0, 32.0, 35.0]",512,cuda,,0.0001,32,False,150,,,l1,0.3,False,2000,0,0.0,0.02,0.15,6.0,1.0,31.5195,0.88061,0.96251,,31.633750345485858,observed,,2000,1500,False,,0.3186337947845459,5.160720109939575
kodim03,results/datasets/abl004/kodak24/kodim03.png,512,768,768,quadtree_hybrid,quadtree_hybrid,wse,none,,,1500,35.0,"[28.0, 30.0, 32.0, 35.0]",512,cuda,,0.0001,32,False,150,,,l1,0.3,False,2000,1,0.0,0.02,0.15,6.0,1.0,31.7067,0.88189,0.96204,,31.629017121160405,observed,,2000,1500,False,,0.3096153736114502,5.433808088302612
kodim03,results/datasets/abl004/kodak24/kodim03.png,512,768,768,quadtree_wse,quadtree_wse,wse,none,,,1500,35.0,"[28.0, 30.0, 32.0, 35.0]",512,cuda,,0.0001,32,False,150,,,l1,0.3,False,2000,0,0.0,0.02,0.15,6.0,1.0,31.9668,0.88424,0.96474,,31.92653338411317,observed,,2000,1500,False,,0.7347805500030518,5.457233905792236
kodim03,results/datasets/abl004/kodak24/kodim03.png,512,768,768,quadtree_wse,quadtree_wse,wse,none,,,1500,35.0,"[28.0, 30.0, 32.0, 35.0]",512,cuda,,0.0001,32,False,150,,,l1,0.3,False,2000,1,0.0,0.02,0.15,6.0,1.0,32.0645,0.88251,0.9629,,31.70289099415276,observed,,2000,1500,False,,0.7669034004211426,5.152505874633789
kodim04,results/datasets/abl004/kodak24/kodim04.png,768,512,768,aniso_flanking,aniso_flanking,wse,none,,,1500,35.0,"[28.0, 30.0, 32.0, 35.0]",512,cuda,,0.0001,32,False,150,,,l1,0.3,False,2000,0,0.5,0.02,0.15,6.0,1.0,29.8645,0.80689,0.93074,,29.763309304439044,observed,,2000,1500,False,,0.31395459175109863,4.721990585327148
kodim04,results/datasets/abl004/kodak24/kodim04.png,768,512,768,aniso_flanking,aniso_flanking,wse,none,,,1500,35.0,"[28.0, 30.0, 32.0, 35.0]",512,cuda,,0.0001,32,False,150,,,l1,0.3,False,2000,1,0.5,0.02,0.15,6.0,1.0,30.1047,0.80866,0.93426,,29.80633673053968,observed,,2000,1500,False,,0.31007957458496094,4.651321887969971
kodim04,results/datasets/abl004/kodak24/kodim04.png,768,512,768,aniso_onedge,aniso_onedge,wse,none,,,1500,35.0,"[28.0, 30.0, 32.0, 35.0]",512,cuda,,0.0001,32,False,150,,,l1,0.3,False,2000,0,0.0,0.02,0.15,6.0,1.0,30.2632,0.81057,0.93571,,29.892493714325582,observed,,2000,1500,False,,0.3239872455596924,4.714712619781494
kodim04,results/datasets/abl004/kodak24/kodim04.png,768,512,768,aniso_onedge,aniso_onedge,wse,none,,,1500,35.0,"[28.0, 30.0, 32.0, 35.0]",512,cuda,,0.0001,32,False,150,,,l1,0.3,False,2000,1,0.0,0.02,0.15,6.0,1.0,29.7729,0.80848,0.93252,,29.870644424341773,observed,,2000,1500,False,,0.3202085494995117,4.519876003265381
kodim04,results/datasets/abl004/kodak24/kodim04.png,768,512,768,floyd_steinberg,aniso_flanking,floyd_steinberg,none,,,1500,35.0,"[28.0, 30.0, 32.0, 35.0]",512,cuda,,0.0001,32,False,150,,,l1,0.3,False,2000,0,0.5,0.02,0.15,6.0,1.0,29.5019,0.80243,0.93176,,29.240019695213274,observed,,2000,1500,False,,0.3918004035949707,4.836609840393066
kodim04,results/datasets/abl004/kodak24/kodim04.png,768,512,768,floyd_steinberg,aniso_flanking,floyd_steinberg,none,,,1500,35.0,"[28.0, 30.0, 32.0, 35.0]",512,cuda,,0.0001,32,False,150,,,l1,0.3,False,2000,1,0.5,0.02,0.15,6.0,1.0,29.4925,0.8011,0.93111,,29.226859780452187,observed,,2000,1500,False,,0.3903779983520508,4.723755359649658
kodim04,results/datasets/abl004/kodak24/kodim04.png,768,512,768,iso_blue_noise,iso_blue_noise,wse,none,,,1500,35.0,"[28.0, 30.0, 32.0, 35.0]",512,cuda,,0.0001,32,False,150,,,l1,0.3,False,2000,0,0.0,0.02,0.15,6.0,1.0,30.2498,0.80661,0.93381,,29.713524678454867,observed,,2000,1500,False,,0.22059178352355957,4.392420768737793
kodim04,results/datasets/abl004/kodak24/kodim04.png,768,512,768,iso_blue_noise,iso_blue_noise,wse,none,,,1500,35.0,"[28.0, 30.0, 32.0, 35.0]",512,cuda,,0.0001,32,False,150,,,l1,0.3,False,2000,1,0.0,0.02,0.15,6.0,1.0,29.7552,0.80414,0.93098,,29.611587481151986,observed,,2000,1500,False,,0.2324538230895996,5.06296443939209
kodim04,results/datasets/abl004/kodak24/kodim04.png,768,512,768,quadtree_hybrid,quadtree_hybrid,wse,none,,,1500,35.0,"[28.0, 30.0, 32.0, 35.0]",512,cuda,,0.0001,32,False,150,,,l1,0.3,False,2000,0,0.0,0.02,0.15,6.0,1.0,30.1762,0.8078,0.93364,,29.820376874606875,observed,,2000,1500,False,,0.2840580940246582,4.698779821395874
kodim04,results/datasets/abl004/kodak24/kodim04.png,768,512,768,quadtree_hybrid,quadtree_hybrid,wse,none,,,1500,35.0,"[28.0, 30.0, 32.0, 35.0]",512,cuda,,0.0001,32,False,150,,,l1,0.3,False,2000,1,0.0,0.02,0.15,6.0,1.0,29.9498,0.80729,0.93352,,29.8405161661017,observed,,2000,1500,False,,0.2848496437072754,4.679370403289795
kodim04,results/datasets/abl004/kodak24/kodim04.png,768,512,768,quadtree_wse,quadtree_wse,wse,none,,,1500,35.0,"[28.0, 30.0, 32.0, 35.0]",512,cuda,,0.0001,32,False,150,,,l1,0.3,False,2000,0,0.0,0.02,0.15,6.0,1.0,29.8391,0.80797,0.93227,,29.864653643963734,observed,,2000,1500,False,,0.6236703395843506,4.584714889526367
kodim04,results/datasets/abl004/kodak24/kodim04.png,768,512,768,quadtree_wse,quadtree_wse,wse,none,,,1500,35.0,"[28.0, 30.0, 32.0, 35.0]",512,cuda,,0.0001,32,False,150,,,l1,0.3,False,2000,1,0.0,0.02,0.15,6.0,1.0,30.0914,0.80793,0.93184,,29.84980278193275,observed,,2000,1500,False,,0.6293683052062988,4.563766956329346
kodim05,results/datasets/abl004/kodak24/kodim05.png,512,768,768,aniso_flanking,aniso_flanking,wse,none,,,1500,35.0,"[28.0, 30.0, 32.0, 35.0]",512,cuda,,0.0001,32,False,150,,,l1,0.3,False,2000,0,0.5,0.02,0.15,6.0,1.0,21.2404,0.63796,0.8402,,21.85861329796952,observed,,2000,1500,False,,0.30812978744506836,4.448874473571777
kodim05,results/datasets/abl004/kodak24/kodim05.png,512,768,768,aniso_flanking,aniso_flanking,wse,none,,,1500,35.0,"[28.0, 30.0, 32.0, 35.0]",512,cuda,,0.0001,32,False,150,,,l1,0.3,False,2000,1,0.5,0.02,0.15,6.0,1.0,21.0275,0.63479,0.83827,,21.612650127550854,observed,,2000,1500,False,,0.30474853515625,5.096613883972168
kodim05,results/datasets/abl004/kodak24/kodim05.png,512,768,768,aniso_onedge,aniso_onedge,wse,none,,,1500,35.0,"[28.0, 30.0, 32.0, 35.0]",512,cuda,,0.0001,32,False,150,,,l1,0.3,False,2000,0,0.0,0.02,0.15,6.0,1.0,20.9307,0.62865,0.83787,,21.86164581879049,observed,,2000,1500,False,,0.3136732578277588,4.5956995487213135
kodim05,results/datasets/abl004/kodak24/kodim05.png,512,768,768,aniso_onedge,aniso_onedge,wse,none,,,1500,35.0,"[28.0, 30.0, 32.0, 35.0]",512,cuda,,0.0001,32,False,150,,,l1,0.3,False,2000,1,0.0,0.02,0.15,6.0,1.0,21.4419,0.64223,0.84869,,21.91745241711027,observed,,2000,1500,False,,0.29815006256103516,4.713785171508789
kodim05,results/datasets/abl004/kodak24/kodim05.png,512,768,768,floyd_steinberg,aniso_flanking,floyd_steinberg,none,,,1500,35.0,"[28.0, 30.0, 32.0, 35.0]",512,cuda,,0.0001,32,False,150,,,l1,0.3,False,2000,0,0.5,0.02,0.15,6.0,1.0,18.1677,0.58324,0.78492,,19.69512889510874,observed,,2000,1500,False,,0.39486145973205566,4.98603892326355
kodim05,results/datasets/abl004/kodak24/kodim05.png,512,768,768,floyd_steinberg,aniso_flanking,floyd_steinberg,none,,,1500,35.0,"[28.0, 30.0, 32.0, 35.0]",512,cuda,,0.0001,32,False,150,,,l1,0.3,False,2000,1,0.5,0.02,0.15,6.0,1.0,19.0856,0.60243,0.8069,,19.899165439160367,observed,,2000,1500,False,,0.38677263259887695,5.096825838088989
kodim05,results/datasets/abl004/kodak24/kodim05.png,512,768,768,iso_blue_noise,iso_blue_noise,wse,none,,,1500,35.0,"[28.0, 30.0, 32.0, 35.0]",512,cuda,,0.0001,32,False,150,,,l1,0.3,False,2000,0,0.0,0.02,0.15,6.0,1.0,20.8431,0.622,0.83562,,21.45334881890051,observed,,2000,1500,False,,0.23139286041259766,5.039220094680786
kodim05,results/datasets/abl004/kodak24/kodim05.png,512,768,768,iso_blue_noise,iso_blue_noise,wse,none,,,1500,35.0,"[28.0, 30.0, 32.0, 35.0]",512,cuda,,0.0001,32,False,150,,,l1,0.3,False,2000,1,0.0,0.02,0.15,6.0,1.0,20.3948,0.61879,0.82666,,21.25016802100041,observed,,2000,1500,False,,0.23634958267211914,4.841943740844727
kodim05,results/datasets/abl004/kodak24/kodim05.png,512,768,768,quadtree_hybrid,quadtree_hybrid,wse,none,,,1500,35.0,"[28.0, 30.0, 32.0, 35.0]",512,cuda,,0.0001,32,False,150,,,l1,0.3,False,2000,0,0.0,0.02,0.15,6.0,1.0,21.5233,0.64765,0.85638,,21.864413680037792,observed,,2000,1500,False,,0.29631495475769043,5.139845609664917
kodim05,results/datasets/abl004/kodak24/kodim05.png,512,768,768,quadtree_hybrid,quadtree_hybrid,wse,none,,,1500,35.0,"[28.0, 30.0, 32.0, 35.0]",512,cuda,,0.0001,32,False,150,,,l1,0.3,False,2000,1,0.0,0.02,0.15,6.0,1.0,21.3916,0.63778,0.84963,,21.804049738730647,observed,,2000,1500,False,,0.26760053634643555,4.579966306686401
kodim05,results/datasets/abl004/kodak24/kodim05.png,512,768,768,quadtree_wse,quadtree_wse,wse,none,,,1500,35.0,"[28.0, 30.0, 32.0, 35.0]",512,cuda,,0.0001,32,False,150,,,l1,0.3,False,2000,0,0.0,0.02,0.15,6.0,1.0,21.4366,0.63959,0.8416,,21.82109334168234,observed,,2000,1500,False,,0.6700105667114258,5.1598451137542725
kodim05,results/datasets/abl004/kodak24/kodim05.png,512,768,768,quadtree_wse,quadtree_wse,wse,none,,,1500,35.0,"[28.0, 30.0, 32.0, 35.0]",512,cuda,,0.0001,32,False,150,,,l1,0.3,False,2000,1,0.0,0.02,0.15,6.0,1.0,20.9638,0.63187,0.83312,,21.750657766162753,observed,,2000,1500,False,,0.6600584983825684,4.741452217102051
kodim06,results/datasets/abl004/kodak24/kodim06.png,512,768,768,aniso_flanking,aniso_flanking,wse,none,,,1500,35.0,"[28.0, 30.0, 32.0, 35.0]",512,cuda,,0.0001,32,False,150,,,l1,0.3,False,2000,0,0.5,0.02,0.15,6.0,1.0,25.0103,0.71547,0.87856,,25.083989459566467,observed,,2000,1500,False,,0.3443284034729004,5.391769886016846
kodim06,results/datasets/abl004/kodak24/kodim06.png,512,768,768,aniso_flanking,aniso_flanking,wse,none,,,1500,35.0,"[28.0, 30.0, 32.0, 35.0]",512,cuda,,0.0001,32,False,150,,,l1,0.3,False,2000,1,0.5,0.02,0.15,6.0,1.0,25.1083,0.71826,0.87718,,24.99621572615386,observed,,2000,1500,False,,0.3341693878173828,5.137331008911133
kodim06,results/datasets/abl004/kodak24/kodim06.png,512,768,768,aniso_onedge,aniso_onedge,wse,none,,,1500,35.0,"[28.0, 30.0, 32.0, 35.0]",512,cuda,,0.0001,32,False,150,,,l1,0.3,False,2000,0,0.0,0.02,0.15,6.0,1.0,25.2076,0.72277,0.87942,,25.12637511438493,observed,,2000,1500,False,,0.3249211311340332,5.15714168548584
kodim06,results/datasets/abl004/kodak24/kodim06.png,512,768,768,aniso_onedge,aniso_onedge,wse,none,,,1500,35.0,"[28.0, 30.0, 32.0, 35.0]",512,cuda,,0.0001,32,False,150,,,l1,0.3,False,2000,1,0.0,0.02,0.15,6.0,1.0,25.0342,0.7179,0.87795,,24.969490632126536,observed,,2000,1500,False,,0.3256511688232422,4.809872627258301
kodim06,results/datasets/abl004/kodak24/kodim06.png,512,768,768,floyd_steinberg,aniso_flanking,floyd_steinberg,none,,,1500,35.0,"[28.0, 30.0, 32.0, 35.0]",512,cuda,,0.0001,32,False,150,,,l1,0.3,False,2000,0,0.5,0.02,0.15,6.0,1.0,24.9283,0.71424,0.87612,,23.857538388680425,observed,,2000,1500,False,,0.4023878574371338,5.5605034828186035
kodim06,results/datasets/abl004/kodak24/kodim06.png,512,768,768,floyd_steinberg,aniso_flanking,floyd_steinberg,none,,,1500,35.0,"[28.0, 30.0, 32.0, 35.0]",512,cuda,,0.0001,32,False,150,,,l1,0.3,False,2000,1,0.5,0.02,0.15,6.0,1.0,24.0498,0.71378,0.87225,,23.20668162052595,observed,,2000,1500,False,,0.40163087844848633,5.396380424499512
kodim06,results/datasets/abl004/kodak24/kodim06.png,512,768,768,iso_blue_noise,iso_blue_noise,wse,none,,,1500,35.0,"[28.0, 30.0, 32.0, 35.0]",512,cuda,,0.0001,32,False,150,,,l1,0.3,False,2000,0,0.0,0.02,0.15,6.0,1.0,24.1965,0.69151,0.85976,,24.401418583483757,observed,,2000,1500,False,,0.23088932037353516,4.954996824264526
kodim06,results/datasets/abl004/kodak24/kodim06.png,512,768,768,iso_blue_noise,iso_blue_noise,wse,none,,,1500,35.0,"[28.0, 30.0, 32.0, 35.0]",512,cuda,,0.0001,32,False,150,,,l1,0.3,False,2000,1,0.0,0.02,0.15,6.0,1.0,24.5572,0.69797,0.86289,,24.471329712565538,observed,,2000,1500,False,,0.28351759910583496,5.020934581756592
kodim06,results/datasets/abl004/kodak24/kodim06.png,512,768,768,quadtree_hybrid,quadtree_hybrid,wse,none,,,1500,35.0,"[28.0, 30.0, 32.0, 35.0]",512,cuda,,0.0001,32,False,150,,,l1,0.3,False,2000,0,0.0,0.02,0.15,6.0,1.0,25.1055,0.71718,0.87848,,24.84341426337855,observed,,2000,1500,False,,0.3081395626068115,5.041383266448975
kodim06,results/datasets/abl004/kodak24/kodim06.png,512,768,768,quadtree_hybrid,quadtree_hybrid,wse,none,,,1500,35.0,"[28.0, 30.0, 32.0, 35.0]",512,cuda,,0.0001,32,False,150,,,l1,0.3,False,2000,1,0.0,0.02,0.15,6.0,1.0,25.0799,0.71802,0.87687,,24.973591074138742,observed,,2000,1500,False,,0.2941560745239258,5.334376335144043
kodim06,results/datasets/abl004/kodak24/kodim06.png,512,768,768,quadtree_wse,quadtree_wse,wse,none,,,1500,35.0,"[28.0, 30.0, 32.0, 35.0]",512,cuda,,0.0001,32,False,150,,,l1,0.3,False,2000,0,0.0,0.02,0.15,6.0,1.0,25.3652,0.72191,0.88082,,25.148304995256236,observed,,2000,1500,False,,0.6431968212127686,4.788116693496704
kodim06,results/datasets/abl004/kodak24/kodim06.png,512,768,768,quadtree_wse,quadtree_wse,wse,none,,,1500,35.0,"[28.0, 30.0, 32.0, 35.0]",512,cuda,,0.0001,32,False,150,,,l1,0.3,False,2000,1,0.0,0.02,0.15,6.0,1.0,24.8431,0.71318,0.87762,,25.024749922545613,observed,,2000,1500,False,,0.6430764198303223,4.69162654876709
kodim07,results/datasets/abl004/kodak24/kodim07.png,512,768,768,aniso_flanking,aniso_flanking,wse,none,,,1500,35.0,"[28.0, 30.0, 32.0, 35.0]",512,cuda,,0.0001,32,False,150,,,l1,0.3,False,2000,0,0.5,0.02,0.15,6.0,1.0,25.3632,0.8713,0.93819,,27.08085091675497,observed,,2000,1500,False,,0.3248279094696045,4.422749280929565
kodim07,results/datasets/abl004/kodak24/kodim07.png,512,768,768,aniso_flanking,aniso_flanking,wse,none,,,1500,35.0,"[28.0, 30.0, 32.0, 35.0]",512,cuda,,0.0001,32,False,150,,,l1,0.3,False,2000,1,0.5,0.02,0.15,6.0,1.0,25.8495,0.87118,0.94147,,27.095346750459168,observed,,2000,1500,False,,0.33090662956237793,4.768132448196411
kodim07,results/datasets/abl004/kodak24/kodim07.png,512,768,768,aniso_onedge,aniso_onedge,wse,none,,,1500,35.0,"[28.0, 30.0, 32.0, 35.0]",512,cuda,,0.0001,32,False,150,,,l1,0.3,False,2000,0,0.0,0.02,0.15,6.0,1.0,27.0414,0.88029,0.94949,,28.04078596062943,observed,,2000,1500,False,,0.3196241855621338,5.0183751583099365
kodim07,results/datasets/abl004/kodak24/kodim07.png,512,768,768,aniso_onedge,aniso_onedge,wse,none,,,1500,35.0,"[28.0, 30.0, 32.0, 35.0]",512,cuda,,0.0001,32,False,150,,,l1,0.3,False,2000,1,0.0,0.02,0.15,6.0,1.0,25.6719,0.87351,0.94127,,27.677487451605515,observed,,2000,1500,False,,0.32959890365600586,5.119573593139648
kodim07,results/datasets/abl004/kodak24/kodim07.png,512,768,768,floyd_steinberg,aniso_flanking,floyd_steinberg,none,,,1500,35.0,"[28.0, 30.0, 32.0, 35.0]",512,cuda,,0.0001,32,False,150,,,l1,0.3,False,2000,0,0.5,0.02,0.15,6.0,1.0,18.4144,0.80221,0.86109,,21.28357973474117,observed,,2000,1500,False,,0.3872201442718506,4.302369594573975
kodim07,results/datasets/abl004/kodak24/kodim07.png,512,768,768,floyd_steinberg,aniso_flanking,floyd_steinberg,none,,,1500,35.0,"[28.0, 30.0, 32.0, 35.0]",512,cuda,,0.0001,32,False,150,,,l1,0.3,False,2000,1,0.5,0.02,0.15,6.0,1.0,19.9007,0.82401,0.88266,,20.620695815235873,observed,,2000,1500,False,,0.38584280014038086,4.271361351013184
kodim07,results/datasets/abl004/kodak24/kodim07.png,512,768,768,iso_blue_noise,iso_blue_noise,wse,none,,,1500,35.0,"[28.0, 30.0, 32.0, 35.0]",512,cuda,,0.0001,32,False,150,,,l1,0.3,False,2000,0,0.0,0.02,0.15,6.0,1.0,25.7292,0.8699,0.93857,,26.864677896811376,observed,,2000,1500,False,,0.2286677360534668,4.804287672042847
kodim07,results/datasets/abl004/kodak24/kodim07.png,512,768,768,iso_blue_noise,iso_blue_noise,wse,none,,,1500,35.0,"[28.0, 30.0, 32.0, 35.0]",512,cuda,,0.0001,32,False,150,,,l1,0.3,False,2000,1,0.0,0.02,0.15,6.0,1.0,25.2857,0.86882,0.93763,,26.97116348630512,observed,,2000,1500,False,,0.23930907249450684,5.196187973022461
kodim07,results/datasets/abl004/kodak24/kodim07.png,512,768,768,quadtree_hybrid,quadtree_hybrid,wse,none,,,1500,35.0,"[28.0, 30.0, 32.0, 35.0]",512,cuda,,0.0001,32,False,150,,,l1,0.3,False,2000,0,0.0,0.02,0.15,6.0,1.0,25.9268,0.87413,0.94416,,27.089628434642464,observed,,2000,1500,False,,0.28368067741394043,5.1625964641571045
kodim07,results/datasets/abl004/kodak24/kodim07.png,512,768,768,quadtree_hybrid,quadtree_hybrid,wse,none,,,1500,35.0,"[28.0, 30.0, 32.0, 35.0]",512,cuda,,0.0001,32,False,150,,,l1,0.3,False,2000,1,0.0,0.02,0.15,6.0,1.0,26.6099,0.87892,0.94898,,27.483531925819808,observed,,2000,1500,False,,0.3044896125793457,4.684164047241211
kodim07,results/datasets/abl004/kodak24/kodim07.png,512,768,768,quadtree_wse,quadtree_wse,wse,none,,,1500,35.0,"[28.0, 30.0, 32.0, 35.0]",512,cuda,,0.0001,32,False,150,,,l1,0.3,False,2000,0,0.0,0.02,0.15,6.0,1.0,25.2234,0.87156,0.93785,,27.115098120452085,observed,,2000,1500,False,,0.7041540145874023,4.570598602294922
kodim07,results/datasets/abl004/kodak24/kodim07.png,512,768,768,quadtree_wse,quadtree_wse,wse,none,,,1500,35.0,"[28.0, 30.0, 32.0, 35.0]",512,cuda,,0.0001,32,False,150,,,l1,0.3,False,2000,1,0.0,0.02,0.15,6.0,1.0,25.8482,0.87548,0.9427,,27.685610213225647,observed,,2000,1500,False,,0.690762996673584,4.700773239135742
kodim08,results/datasets/abl004/kodak24/kodim08.png,512,768,768,aniso_flanking,aniso_flanking,wse,none,,,1500,35.0,"[28.0, 30.0, 32.0, 35.0]",512,cuda,,0.0001,32,False,150,,,l1,0.3,False,2000,0,0.5,0.02,0.15,6.0,1.0,20.6532,0.68845,0.87949,,21.03761009918681,observed,,2000,1500,False,,0.2966644763946533,4.437314748764038
kodim08,results/datasets/abl004/kodak24/kodim08.png,512,768,768,aniso_flanking,aniso_flanking,wse,none,,,1500,35.0,"[28.0, 30.0, 32.0, 35.0]",512,cuda,,0.0001,32,False,150,,,l1,0.3,False,2000,1,0.5,0.02,0.15,6.0,1.0,20.0326,0.6806,0.86577,,20.971418715382196,observed,,2000,1500,False,,0.3072509765625,4.2833921909332275
kodim08,results/datasets/abl004/kodak24/kodim08.png,512,768,768,aniso_onedge,aniso_onedge,wse,none,,,1500,35.0,"[28.0, 30.0, 32.0, 35.0]",512,cuda,,0.0001,32,False,150,,,l1,0.3,False,2000,0,0.0,0.02,0.15,6.0,1.0,20.3997,0.6896,0.87511,,21.047131479860067,observed,,2000,1500,False,,0.32491445541381836,4.377999782562256
kodim08,results/datasets/abl004/kodak24/kodim08.png,512,768,768,aniso_onedge,aniso_onedge,wse,none,,,1500,35.0,"[28.0, 30.0, 32.0, 35.0]",512,cuda,,0.0001,32,False,150,,,l1,0.3,False,2000,1,0.0,0.02,0.15,6.0,1.0,20.8701,0.69207,0.88533,,21.151830558064304,observed,,2000,1500,False,,0.3211252689361572,4.53842306137085
kodim08,results/datasets/abl004/kodak24/kodim08.png,512,768,768,floyd_steinberg,aniso_flanking,floyd_steinberg,none,,,1500,35.0,"[28.0, 30.0, 32.0, 35.0]",512,cuda,,0.0001,32,False,150,,,l1,0.3,False,2000,0,0.5,0.02,0.15,6.0,1.0,17.1474,0.64635,0.82931,,18.21430959058969,observed,,2000,1500,False,,0.4031376838684082,5.32324743270874
kodim08,results/datasets/abl004/kodak24/kodim08.png,512,768,768,floyd_steinberg,aniso_flanking,floyd_steinberg,none,,,1500,35.0,"[28.0, 30.0, 32.0, 35.0]",512,cuda,,0.0001,32,False,150,,,l1,0.3,False,2000,1,0.5,0.02,0.15,6.0,1.0,18.8952,0.65962,0.85293,,18.841146906826637,observed,,2000,1500,False,,0.409773588180542,5.3539557456970215
kodim08,results/datasets/abl004/kodak24/kodim08.png,512,768,768,iso_blue_noise,iso_blue_noise,wse,none,,,1500,35.0,"[28.0, 30.0, 32.0, 35.0]",512,cuda,,0.0001,32,False,150,,,l1,0.3,False,2000,0,0.0,0.02,0.15,6.0,1.0,20.8426,0.68449,0.88421,,20.734295989450732,observed,,2000,1500,False,,0.2310199737548828,4.558776140213013
kodim08,results/datasets/abl004/kodak24/kodim08.png,512,768,768,iso_blue_noise,iso_blue_noise,wse,none,,,1500,35.0,"[28.0, 30.0, 32.0, 35.0]",512,cuda,,0.0001,32,False,150,,,l1,0.3,False,2000,1,0.0,0.02,0.15,6.0,1.0,20.2324,0.68124,0.87844,,20.499447921182888,observed,,2000,1500,False,,0.24097657203674316,4.252902507781982
kodim08,results/datasets/abl004/kodak24/kodim08.png,512,768,768,quadtree_hybrid,quadtree_hybrid,wse,none,,,1500,35.0,"[28.0, 30.0, 32.0, 35.0]",512,cuda,,0.0001,32,False,150,,,l1,0.3,False,2000,0,0.0,0.02,0.15,6.0,1.0,20.2464,0.68827,0.87242,,20.877868904917936,observed,,2000,1500,False,,0.3063344955444336,4.36904764175415
kodim08,results/datasets/abl004/kodak24/kodim08.png,512,768,768,quadtree_hybrid,quadtree_hybrid,wse,none,,,1500,35.0,"[28.0, 30.0, 32.0, 35.0]",512,cuda,,0.0001,32,False,150,,,l1,0.3,False,2000,1,0.0,0.02,0.15,6.0,1.0,20.4271,0.69168,0.87914,,20.84685855074037,observed,,2000,1500,False,,0.2824218273162842,4.8290886878967285
kodim08,results/datasets/abl004/kodak24/kodim08.png,512,768,768,quadtree_wse,quadtree_wse,wse,none,,,1500,35.0,"[28.0, 30.0, 32.0, 35.0]",512,cuda,,0.0001,32,False,150,,,l1,0.3,False,2000,0,0.0,0.02,0.15,6.0,1.0,20.3885,0.68802,0.87542,,20.835026504995028,observed,,2000,1500,False,,0.7239453792572021,4.178407907485962
kodim08,results/datasets/abl004/kodak24/kodim08.png,512,768,768,quadtree_wse,quadtree_wse,wse,none,,,1500,35.0,"[28.0, 30.0, 32.0, 35.0]",512,cuda,,0.0001,32,False,150,,,l1,0.3,False,2000,1,0.0,0.02,0.15,6.0,1.0,20.254,0.68341,0.87273,,20.61511197195123,observed,,2000,1500,False,,0.7220053672790527,5.100747585296631
kodim09,results/datasets/abl004/kodak24/kodim09.png,768,512,768,aniso_flanking,aniso_flanking,wse,none,,,1500,35.0,"[28.0, 30.0, 32.0, 35.0]",512,cuda,,0.0001,32,False,150,,,l1,0.3,False,2000,0,0.5,0.02,0.15,6.0,1.0,30.6154,0.8759,0.9638,,30.221413178472538,observed,,2000,1500,False,,0.3309168815612793,5.256221532821655
kodim09,results/datasets/abl004/kodak24/kodim09.png,768,512,768,aniso_flanking,aniso_flanking,wse,none,,,1500,35.0,"[28.0, 30.0, 32.0, 35.0]",512,cuda,,0.0001,32,False,150,,,l1,0.3,False,2000,1,0.5,0.02,0.15,6.0,1.0,30.5087,0.87563,0.96294,,30.289189603982408,observed,,2000,1500,False,,0.33576083183288574,5.38450288772583
kodim09,results/datasets/abl004/kodak24/kodim09.png,768,512,768,aniso_onedge,aniso_onedge,wse,none,,,1500,35.0,"[28.0, 30.0, 32.0, 35.0]",512,cuda,,0.0001,32,False,150,,,l1,0.3,False,2000,0,0.0,0.02,0.15,6.0,1.0,30.5336,0.87534,0.96291,,30.350060585103407,observed,,2000,1500,False,,0.3282442092895508,5.352275848388672
kodim09,results/datasets/abl004/kodak24/kodim09.png,768,512,768,aniso_onedge,aniso_onedge,wse,none,,,1500,35.0,"[28.0, 30.0, 32.0, 35.0]",512,cuda,,0.0001,32,False,150,,,l1,0.3,False,2000,1,0.0,0.02,0.15,6.0,1.0,31.0089,0.87616,0.96448,,30.484679750794964,observed,,2000,1500,False,,0.32875800132751465,5.459919452667236
kodim09,results/datasets/abl004/kodak24/kodim09.png,768,512,768,floyd_steinberg,aniso_flanking,floyd_steinberg,none,,,1500,35.0,"[28.0, 30.0, 32.0, 35.0]",512,cuda,,0.0001,32,False,150,,,l1,0.3,False,2000,0,0.5,0.02,0.15,6.0,1.0,31.0152,0.87777,0.96577,,30.055644824236055,observed,,2000,1500,False,,0.39522814750671387,5.431803941726685
kodim09,results/datasets/abl004/kodak24/kodim09.png,768,512,768,floyd_steinberg,aniso_flanking,floyd_steinberg,none,,,1500,35.0,"[28.0, 30.0, 32.0, 35.0]",512,cuda,,0.0001,32,False,150,,,l1,0.3,False,2000,1,0.5,0.02,0.15,6.0,1.0,30.854,0.8777,0.9657,,30.126378037119963,observed,,2000,1500,False,,0.393465518951416,5.028379440307617
kodim09,results/datasets/abl004/kodak24/kodim09.png,768,512,768,iso_blue_noise,iso_blue_noise,wse,none,,,1500,35.0,"[28.0, 30.0, 32.0, 35.0]",512,cuda,,0.0001,32,False,150,,,l1,0.3,False,2000,0,0.0,0.02,0.15,6.0,1.0,30.7256,0.86938,0.96305,,30.063367527433044,observed,,2000,1500,False,,0.2540247440338135,5.275430679321289
kodim09,results/datasets/abl004/kodak24/kodim09.png,768,512,768,iso_blue_noise,iso_blue_noise,wse,none,,,1500,35.0,"[28.0, 30.0, 32.0, 35.0]",512,cuda,,0.0001,32,False,150,,,l1,0.3,False,2000,1,0.0,0.02,0.15,6.0,1.0,29.6427,0.87035,0.96083,,29.66194574128317,observed,,2000,1500,False,,0.24298930168151855,4.992121458053589
kodim09,results/datasets/abl004/kodak24/kodim09.png,768,512,768,quadtree_hybrid,quadtree_hybrid,wse,none,,,1500,35.0,"[28.0, 30.0, 32.0, 35.0]",512,cuda,,0.0001,32,False,150,,,l1,0.3,False,2000,0,0.0,0.02,0.15,6.0,1.0,30.5285,0.87462,0.96329,,30.170289689179178,observed,,2000,1500,False,,0.30462026596069336,5.435593843460083
kodim09,results/datasets/abl004/kodak24/kodim09.png,768,512,768,quadtree_hybrid,quadtree_hybrid,wse,none,,,1500,35.0,"[28.0, 30.0, 32.0, 35.0]",512,cuda,,0.0001,32,False,150,,,l1,0.3,False,2000,1,0.0,0.02,0.15,6.0,1.0,29.8236,0.8732,0.96106,,30.108739336305177,observed,,2000,1500,False,,0.31021881103515625,5.346187353134155
kodim09,results/datasets/abl004/kodak24/kodim09.png,768,512,768,quadtree_wse,quadtree_wse,wse,none,,,1500,35.0,"[28.0, 30.0, 32.0, 35.0]",512,cuda,,0.0001,32,False,150,,,l1,0.3,False,2000,0,0.0,0.02,0.15,6.0,1.0,30.8213,0.87477,0.96182,,30.450050878238486,observed,,2000,1500,False,,0.6633915901184082,5.298683166503906
kodim09,results/datasets/abl004/kodak24/kodim09.png,768,512,768,quadtree_wse,quadtree_wse,wse,none,,,1500,35.0,"[28.0, 30.0, 32.0, 35.0]",512,cuda,,0.0001,32,False,150,,,l1,0.3,False,2000,1,0.0,0.02,0.15,6.0,1.0,30.8306,0.87339,0.96298,,30.342431086870413,observed,,2000,1500,False,,0.6677238941192627,5.481706142425537
kodim10,results/datasets/abl004/kodak24/kodim10.png,768,512,768,aniso_flanking,aniso_flanking,wse,none,,,1500,35.0,"[28.0, 30.0, 32.0, 35.0]",512,cuda,,0.0001,32,False,150,,,l1,0.3,False,2000,0,0.5,0.02,0.15,6.0,1.0,31.6599,0.88974,0.96951,,31.0217692602309,observed,,2000,1500,False,,0.3274960517883301,5.175226211547852
kodim10,results/datasets/abl004/kodak24/kodim10.png,768,512,768,aniso_flanking,aniso_flanking,wse,none,,,1500,35.0,"[28.0, 30.0, 32.0, 35.0]",512,cuda,,0.0001,32,False,150,,,l1,0.3,False,2000,1,0.5,0.02,0.15,6.0,1.0,30.9557,0.88323,0.9635,,30.76120196858432,observed,,2000,1500,False,,0.3408529758453369,5.572971820831299
kodim10,results/datasets/abl004/kodak24/kodim10.png,768,512,768,aniso_onedge,aniso_onedge,wse,none,,,1500,35.0,"[28.0, 30.0, 32.0, 35.0]",512,cuda,,0.0001,32,False,150,,,l1,0.3,False,2000,0,0.0,0.02,0.15,6.0,1.0,30.6872,0.88659,0.96709,,30.865536371018585,observed,,2000,1500,False,,0.32695627212524414,5.437682867050171
kodim10,results/datasets/abl004/kodak24/kodim10.png,768,512,768,aniso_onedge,aniso_onedge,wse,none,,,1500,35.0,"[28.0, 30.0, 32.0, 35.0]",512,cuda,,0.0001,32,False,150,,,l1,0.3,False,2000,1,0.0,0.02,0.15,6.0,1.0,31.739,0.88849,0.96808,,31.156024385087086,observed,,2000,1500,False,,0.33086061477661133,4.949128866195679
kodim10,results/datasets/abl004/kodak24/kodim10.png,768,512,768,floyd_steinberg,aniso_flanking,floyd_steinberg,none,,,1500,35.0,"[28.0, 30.0, 32.0, 35.0]",512,cuda,,0.0001,32,False,150,,,l1,0.3,False,2000,0,0.5,0.02,0.15,6.0,1.0,30.8256,0.87679,0.9598,,30.3098610921889,observed,,2000,1500,False,,0.39548659324645996,5.8907248973846436
kodim10,results/datasets/abl004/kodak24/kodim10.png,768,512,768,floyd_steinberg,aniso_flanking,floyd_steinberg,none,,,1500,35.0,"[28.0, 30.0, 32.0, 35.0]",512,cuda,,0.0001,32,False,150,,,l1,0.3,False,2000,1,0.5,0.02,0.15,6.0,1.0,30.9734,0.87485,0.95929,,29.957363749600155,observed,,2000,1500,False,,0.3970961570739746,5.72126030921936
kodim10,results/datasets/abl004/kodak24/kodim10.png,768,512,768,iso_blue_noise,iso_blue_noise,wse,none,,,1500,35.0,"[28.0, 30.0, 32.0, 35.0]",512,cuda,,0.0001,32,False,150,,,l1,0.3,False,2000,0,0.0,0.02,0.15,6.0,1.0,31.2066,0.87856,0.96382,,30.441042711768173,observed,,2000,1500,False,,0.21473145484924316,5.163579225540161
kodim10,results/datasets/abl004/kodak24/kodim10.png,768,512,768,iso_blue_noise,iso_blue_noise,wse,none,,,1500,35.0,"[28.0, 30.0, 32.0, 35.0]",512,cuda,,0.0001,32,False,150,,,l1,0.3,False,2000,1,0.0,0.02,0.15,6.0,1.0,31.1369,0.87836,0.96389,,30.291906755077115,observed,,2000,1500,False,,0.24367690086364746,5.408441543579102
kodim10,results/datasets/abl004/kodak24/kodim10.png,768,512,768,quadtree_hybrid,quadtree_hybrid,wse,none,,,1500,35.0,"[28.0, 30.0, 32.0, 35.0]",512,cuda,,0.0001,32,False,150,,,l1,0.3,False,2000,0,0.0,0.02,0.15,6.0,1.0,31.2509,0.88237,0.96614,,30.740687787015887,observed,,2000,1500,False,,0.2941122055053711,5.486229181289673
kodim10,results/datasets/abl004/kodak24/kodim10.png,768,512,768,quadtree_hybrid,quadtree_hybrid,wse,none,,,1500,35.0,"[28.0, 30.0, 32.0, 35.0]",512,cuda,,0.0001,32,False,150,,,l1,0.3,False,2000,1,0.0,0.02,0.15,6.0,1.0,31.2679,0.88466,0.96672,,30.7851012950742,observed,,2000,1500,False,,0.31407809257507324,5.694912910461426
kodim10,results/datasets/abl004/kodak24/kodim10.png,768,512,768,quadtree_wse,quadtree_wse,wse,none,,,1500,35.0,"[28.0, 30.0, 32.0, 35.0]",512,cuda,,0.0001,32,False,150,,,l1,0.3,False,2000,0,0.0,0.02,0.15,6.0,1.0,31.2564,0.88567,0.96633,,30.83417183594198,observed,,2000,1500,False,,0.6854870319366455,5.477598190307617
kodim10,results/datasets/abl004/kodak24/kodim10.png,768,512,768,quadtree_wse,quadtree_wse,wse,none,,,1500,35.0,"[28.0, 30.0, 32.0, 35.0]",512,cuda,,0.0001,32,False,150,,,l1,0.3,False,2000,1,0.0,0.02,0.15,6.0,1.0,31.8073,0.88752,0.96865,,31.175037899360884,observed,,2000,1500,False,,0.6849691867828369,5.646621227264404
kodim11,results/datasets/abl004/kodak24/kodim11.png,512,768,768,aniso_flanking,aniso_flanking,wse,none,,,1500,35.0,"[28.0, 30.0, 32.0, 35.0]",512,cuda,,0.0001,32,False,150,,,l1,0.3,False,2000,0,0.5,0.02,0.15,6.0,1.0,26.6965,0.75867,0.91419,,26.680398815707257,observed,,2000,1500,False,,0.3279268741607666,5.36696720123291
kodim11,results/datasets/abl004/kodak24/kodim11.png,512,768,768,aniso_flanking,aniso_flanking,wse,none,,,1500,35.0,"[28.0, 30.0, 32.0, 35.0]",512,cuda,,0.0001,32,False,150,,,l1,0.3,False,2000,1,0.5,0.02,0.15,6.0,1.0,26.7943,0.75799,0.91282,,26.80951550453802,observed,,2000,1500,False,,0.33832788467407227,5.2635462284088135
kodim11,results/datasets/abl004/kodak24/kodim11.png,512,768,768,aniso_onedge,aniso_onedge,wse,none,,,1500,35.0,"[28.0, 30.0, 32.0, 35.0]",512,cuda,,0.0001,32,False,150,,,l1,0.3,False,2000,0,0.0,0.02,0.15,6.0,1.0,26.8493,0.76048,0.91441,,26.73887215716748,observed,,2000,1500,False,,0.32972288131713867,5.403210163116455
kodim11,results/datasets/abl004/kodak24/kodim11.png,512,768,768,aniso_onedge,aniso_onedge,wse,none,,,1500,35.0,"[28.0, 30.0, 32.0, 35.0]",512,cuda,,0.0001,32,False,150,,,l1,0.3,False,2000,1,0.0,0.02,0.15,6.0,1.0,27.0945,0.76151,0.91846,,26.868858900445552,observed,,2000,1500,False,,0.3418385982513428,5.34224271774292
kodim11,results/datasets/abl004/kodak24/kodim11.png,512,768,768,floyd_steinberg,aniso_flanking,floyd_steinberg,none,,,1500,35.0,"[28.0, 30.0, 32.0, 35.0]",512,cuda,,0.0001,32,False,150,,,l1,0.3,False,2000,0,0.5,0.02,0.15,6.0,1.0,26.8328,0.74766,0.90897,,19.44095964539918,observed,,2000,1500,False,,0.39597320556640625,5.350169658660889
kodim11,results/datasets/abl004/kodak24/kodim11.png,512,768,768,floyd_steinberg,aniso_flanking,floyd_steinberg,none,,,1500,35.0,"[28.0, 30.0, 32.0, 35.0]",512,cuda,,0.0001,32,False,150,,,l1,0.3,False,2000,1,0.5,0.02,0.15,6.0,1.0,18.0187,0.68418,0.82242,,19.5557956638298,observed,,2000,1500,False,,0.39345693588256836,5.446318864822388
kodim11,results/datasets/abl004/kodak24/kodim11.png,512,768,768,iso_blue_noise,iso_blue_noise,wse,none,,,1500,35.0,"[28.0, 30.0, 32.0, 35.0]",512,cuda,,0.0001,32,False,150,,,l1,0.3,False,2000,0,0.0,0.02,0.15,6.0,1.0,26.493,0.74704,0.90806,,26.50534906190105,observed,,2000,1500,False,,0.22901582717895508,5.002832651138306
kodim11,results/datasets/abl004/kodak24/kodim11.png,512,768,768,iso_blue_noise,iso_blue_noise,wse,none,,,1500,35.0,"[28.0, 30.0, 32.0, 35.0]",512,cuda,,0.0001,32,False,150,,,l1,0.3,False,2000,1,0.0,0.02,0.15,6.0,1.0,26.6805,0.74902,0.90959,,26.38934004251125,observed,,2000,1500,False,,0.24492549896240234,5.158731698989868
kodim11,results/datasets/abl004/kodak24/kodim11.png,512,768,768,quadtree_hybrid,quadtree_hybrid,wse,none,,,1500,35.0,"[28.0, 30.0, 32.0, 35.0]",512,cuda,,0.0001,32,False,150,,,l1,0.3,False,2000,0,0.0,0.02,0.15,6.0,1.0,26.7835,0.7592,0.91338,,26.67348208882317,observed,,2000,1500,False,,0.377744197845459,5.066425800323486
kodim11,results/datasets/abl004/kodak24/kodim11.png,512,768,768,quadtree_hybrid,quadtree_hybrid,wse,none,,,1500,35.0,"[28.0, 30.0, 32.0, 35.0]",512,cuda,,0.0001,32,False,150,,,l1,0.3,False,2000,1,0.0,0.02,0.15,6.0,1.0,26.8876,0.75968,0.91505,,26.730007431839528,observed,,2000,1500,False,,0.30337047576904297,5.338073015213013
kodim11,results/datasets/abl004/kodak24/kodim11.png,512,768,768,quadtree_wse,quadtree_wse,wse,none,,,1500,35.0,"[28.0, 30.0, 32.0, 35.0]",512,cuda,,0.0001,32,False,150,,,l1,0.3,False,2000,0,0.0,0.02,0.15,6.0,1.0,26.8255,0.75669,0.91093,,26.690916060128952,observed,,2000,1500,False,,0.6921894550323486,5.1527650356292725
kodim11,results/datasets/abl004/kodak24/kodim11.png,512,768,768,quadtree_wse,quadtree_wse,wse,none,,,1500,35.0,"[28.0, 30.0, 32.0, 35.0]",512,cuda,,0.0001,32,False,150,,,l1,0.3,False,2000,1,0.0,0.02,0.15,6.0,1.0,26.6825,0.75929,0.9126,,26.75842243357449,observed,,2000,1500,False,,0.6742599010467529,5.167316675186157
kodim12,results/datasets/abl004/kodak24/kodim12.png,512,768,768,aniso_flanking,aniso_flanking,wse,none,,,1500,35.0,"[28.0, 30.0, 32.0, 35.0]",512,cuda,,0.0001,32,False,150,,,l1,0.3,False,2000,0,0.5,0.02,0.15,6.0,1.0,28.9879,0.82863,0.9271,,30.35135056226551,observed,,2000,1500,False,,0.31787943840026855,5.041515111923218
kodim12,results/datasets/abl004/kodak24/kodim12.png,512,768,768,aniso_flanking,aniso_flanking,wse,none,,,1500,35.0,"[28.0, 30.0, 32.0, 35.0]",512,cuda,,0.0001,32,False,150,,,l1,0.3,False,2000,1,0.5,0.02,0.15,6.0,1.0,29.6613,0.82997,0.93253,,30.545837594478268,observed,,2000,1500,False,,0.32498979568481445,5.202770233154297
kodim12,results/datasets/abl004/kodak24/kodim12.png,512,768,768,aniso_onedge,aniso_onedge,wse,none,,,1500,35.0,"[28.0, 30.0, 32.0, 35.0]",512,cuda,,0.0001,32,False,150,,,l1,0.3,False,2000,0,0.0,0.02,0.15,6.0,1.0,29.2366,0.82934,0.93331,,30.485074323205012,observed,,2000,1500,False,,0.3156862258911133,5.322383403778076
kodim12,results/datasets/abl004/kodak24/kodim12.png,512,768,768,aniso_onedge,aniso_onedge,wse,none,,,1500,35.0,"[28.0, 30.0, 32.0, 35.0]",512,cuda,,0.0001,32,False,150,,,l1,0.3,False,2000,1,0.0,0.02,0.15,6.0,1.0,28.8381,0.82683,0.93219,,30.74171752878791,observed,,2000,1500,False,,0.32169127464294434,5.446409225463867
kodim12,results/datasets/abl004/kodak24/kodim12.png,512,768,768,floyd_steinberg,aniso_flanking,floyd_steinberg,none,,,1500,35.0,"[28.0, 30.0, 32.0, 35.0]",512,cuda,,0.0001,32,False,150,,,l1,0.3,False,2000,0,0.5,0.02,0.15,6.0,1.0,30.1505,0.82217,0.92903,,30.209387047597772,observed,,2000,1500,False,,0.39506053924560547,4.826943874359131
kodim12,results/datasets/abl004/kodak24/kodim12.png,512,768,768,floyd_steinberg,aniso_flanking,floyd_steinberg,none,,,1500,35.0,"[28.0, 30.0, 32.0, 35.0]",512,cuda,,0.0001,32,False,150,,,l1,0.3,False,2000,1,0.5,0.02,0.15,6.0,1.0,29.5648,0.82112,0.92672,,30.115112923716925,observed,,2000,1500,False,,0.4045596122741699,4.8824779987335205
kodim12,results/datasets/abl004/kodak24/kodim12.png,512,768,768,iso_blue_noise,iso_blue_noise,wse,none,,,1500,35.0,"[28.0, 30.0, 32.0, 35.0]",512,cuda,,0.0001,32,False,150,,,l1,0.3,False,2000,0,0.0,0.02,0.15,6.0,1.0,29.5452,0.82224,0.93259,,29.74390005985843,observed,,2000,1500,False,,0.24381566047668457,4.52100133895874
kodim12,results/datasets/abl004/kodak24/kodim12.png,512,768,768,iso_blue_noise,iso_blue_noise,wse,none,,,1500,35.0,"[28.0, 30.0, 32.0, 35.0]",512,cuda,,0.0001,32,False,150,,,l1,0.3,False,2000,1,0.0,0.02,0.15,6.0,1.0,30.1607,0.82022,0.93235,,30.282623272565623,observed,,2000,1500,False,,0.23994684219360352,4.897064685821533
kodim12,results/datasets/abl004/kodak24/kodim12.png,512,768,768,quadtree_hybrid,quadtree_hybrid,wse,none,,,1500,35.0,"[28.0, 30.0, 32.0, 35.0]",512,cuda,,0.0001,32,False,150,,,l1,0.3,False,2000,0,0.0,0.02,0.15,6.0,1.0,29.5959,0.8277,0.93215,,30.239803158338265,observed,,2000,1500,False,,0.3024454116821289,4.7845680713653564
kodim12,results/datasets/abl004/kodak24/kodim12.png,512,768,768,quadtree_hybrid,quadtree_hybrid,wse,none,,,1500,35.0,"[28.0, 30.0, 32.0, 35.0]",512,cuda,,0.0001,32,False,150,,,l1,0.3,False,2000,1,0.0,0.02,0.15,6.0,1.0,30.8613,0.83071,0.93969,,30.704625706103265,observed,,2000,1500,False,,0.29915738105773926,5.016418695449829
kodim12,results/datasets/abl004/kodak24/kodim12.png,512,768,768,quadtree_wse,quadtree_wse,wse,none,,,1500,35.0,"[28.0, 30.0, 32.0, 35.0]",512,cuda,,0.0001,32,False,150,,,l1,0.3,False,2000,0,0.0,0.02,0.15,6.0,1.0,30.6782,0.82873,0.93638,,30.536936382677972,observed,,2000,1500,False,,0.7389554977416992,4.796127796173096
kodim12,results/datasets/abl004/kodak24/kodim12.png,512,768,768,quadtree_wse,quadtree_wse,wse,none,,,1500,35.0,"[28.0, 30.0, 32.0, 35.0]",512,cuda,,0.0001,32,False,150,,,l1,0.3,False,2000,1,0.0,0.02,0.15,6.0,1.0,29.4641,0.82656,0.92735,,30.2486205085108,observed,,2000,1500,False,,0.7580606937408447,4.70939302444458
kodim13,results/datasets/abl004/kodak24/kodim13.png,512,768,768,aniso_flanking,aniso_flanking,wse,none,,,1500,35.0,"[28.0, 30.0, 32.0, 35.0]",512,cuda,,0.0001,32,False,150,,,l1,0.3,False,2000,0,0.5,0.02,0.15,6.0,1.0,20.3657,0.50374,0.79738,,20.453103779951203,observed,,2000,1500,False,,0.3366215229034424,4.990038871765137
kodim13,results/datasets/abl004/kodak24/kodim13.png,512,768,768,aniso_flanking,aniso_flanking,wse,none,,,1500,35.0,"[28.0, 30.0, 32.0, 35.0]",512,cuda,,0.0001,32,False,150,,,l1,0.3,False,2000,1,0.5,0.02,0.15,6.0,1.0,20.2784,0.50598,0.80285,,20.278615693238038,observed,,2000,1500,False,,0.31134843826293945,4.650131464004517
kodim13,results/datasets/abl004/kodak24/kodim13.png,512,768,768,aniso_onedge,aniso_onedge,wse,none,,,1500,35.0,"[28.0, 30.0, 32.0, 35.0]",512,cuda,,0.0001,32,False,150,,,l1,0.3,False,2000,0,0.0,0.02,0.15,6.0,1.0,20.4528,0.50669,0.80191,,20.451879117073737,observed,,2000,1500,False,,0.31929755210876465,5.220232009887695
kodim13,results/datasets/abl004/kodak24/kodim13.png,512,768,768,aniso_onedge,aniso_onedge,wse,none,,,1500,35.0,"[28.0, 30.0, 32.0, 35.0]",512,cuda,,0.0001,32,False,150,,,l1,0.3,False,2000,1,0.0,0.02,0.15,6.0,1.0,20.4753,0.50793,0.80261,,20.507976879351453,observed,,2000,1500,False,,0.31406188011169434,4.923823833465576
kodim13,results/datasets/abl004/kodak24/kodim13.png,512,768,768,floyd_steinberg,aniso_flanking,floyd_steinberg,none,,,1500,35.0,"[28.0, 30.0, 32.0, 35.0]",512,cuda,,0.0001,32,False,150,,,l1,0.3,False,2000,0,0.5,0.02,0.15,6.0,1.0,17.1474,0.46969,0.7568,,18.14911663190296,observed,,2000,1500,False,,0.3943312168121338,5.385862588882446
kodim13,results/datasets/abl004/kodak24/kodim13.png,512,768,768,floyd_steinberg,aniso_flanking,floyd_steinberg,none,,,1500,35.0,"[28.0, 30.0, 32.0, 35.0]",512,cuda,,0.0001,32,False,150,,,l1,0.3,False,2000,1,0.5,0.02,0.15,6.0,1.0,18.7581,0.47861,0.7766,,19.81538084207017,observed,,2000,1500,False,,0.3896818161010742,5.346203804016113
kodim13,results/datasets/abl004/kodak24/kodim13.png,512,768,768,iso_blue_noise,iso_blue_noise,wse,none,,,1500,35.0,"[28.0, 30.0, 32.0, 35.0]",512,cuda,,0.0001,32,False,150,,,l1,0.3,False,2000,0,0.0,0.02,0.15,6.0,1.0,20.079,0.49244,0.78847,,20.1593563590072,observed,,2000,1500,False,,0.22279000282287598,5.0604283809661865
kodim13,results/datasets/abl004/kodak24/kodim13.png,512,768,768,iso_blue_noise,iso_blue_noise,wse,none,,,1500,35.0,"[28.0, 30.0, 32.0, 35.0]",512,cuda,,0.0001,32,False,150,,,l1,0.3,False,2000,1,0.0,0.02,0.15,6.0,1.0,19.9999,0.4916,0.78771,,20.17340089163039,observed,,2000,1500,False,,0.2243027687072754,5.208595037460327
kodim13,results/datasets/abl004/kodak24/kodim13.png,512,768,768,quadtree_hybrid,quadtree_hybrid,wse,none,,,1500,35.0,"[28.0, 30.0, 32.0, 35.0]",512,cuda,,0.0001,32,False,150,,,l1,0.3,False,2000,0,0.0,0.02,0.15,6.0,1.0,20.3838,0.50824,0.8004,,20.399553449095052,observed,,2000,1500,False,,0.28263258934020996,4.994498014450073
kodim13,results/datasets/abl004/kodak24/kodim13.png,512,768,768,quadtree_hybrid,quadtree_hybrid,wse,none,,,1500,35.0,"[28.0, 30.0, 32.0, 35.0]",512,cuda,,0.0001,32,False,150,,,l1,0.3,False,2000,1,0.0,0.02,0.15,6.0,1.0,20.1201,0.50813,0.80311,,20.313500759361425,observed,,2000,1500,False,,0.27110838890075684,5.024965524673462
kodim13,results/datasets/abl004/kodak24/kodim13.png,512,768,768,quadtree_wse,quadtree_wse,wse,none,,,1500,35.0,"[28.0, 30.0, 32.0, 35.0]",512,cuda,,0.0001,32,False,150,,,l1,0.3,False,2000,0,0.0,0.02,0.15,6.0,1.0,20.2018,0.50459,0.79818,,20.379546579637076,observed,,2000,1500,False,,0.5700290203094482,5.010301113128662
kodim13,results/datasets/abl004/kodak24/kodim13.png,512,768,768,quadtree_wse,quadtree_wse,wse,none,,,1500,35.0,"[28.0, 30.0, 32.0, 35.0]",512,cuda,,0.0001,32,False,150,,,l1,0.3,False,2000,1,0.0,0.02,0.15,6.0,1.0,20.1404,0.50324,0.79743,,20.400656900539488,observed,,2000,1500,False,,0.5800557136535645,4.711402893066406
kodim14,results/datasets/abl004/kodak24/kodim14.png,512,768,768,aniso_flanking,aniso_flanking,wse,none,,,1500,35.0,"[28.0, 30.0, 32.0, 35.0]",512,cuda,,0.0001,32,False,150,,,l1,0.3,False,2000,0,0.5,0.02,0.15,6.0,1.0,24.7249,0.67429,0.88479,,24.779733759630037,observed,,2000,1500,False,,0.31963372230529785,5.212864398956299
kodim14,results/datasets/abl004/kodak24/kodim14.png,512,768,768,aniso_flanking,aniso_flanking,wse,none,,,1500,35.0,"[28.0, 30.0, 32.0, 35.0]",512,cuda,,0.0001,32,False,150,,,l1,0.3,False,2000,1,0.5,0.02,0.15,6.0,1.0,24.3304,0.67267,0.88343,,24.585039786452686,observed,,2000,1500,False,,0.3243687152862549,5.203563928604126
kodim14,results/datasets/abl004/kodak24/kodim14.png,512,768,768,aniso_onedge,aniso_onedge,wse,none,,,1500,35.0,"[28.0, 30.0, 32.0, 35.0]",512,cuda,,0.0001,32,False,150,,,l1,0.3,False,2000,0,0.0,0.02,0.15,6.0,1.0,24.7117,0.67917,0.88876,,24.790702786105246,observed,,2000,1500,False,,0.31201863288879395,5.361645936965942
kodim14,results/datasets/abl004/kodak24/kodim14.png,512,768,768,aniso_onedge,aniso_onedge,wse,none,,,1500,35.0,"[28.0, 30.0, 32.0, 35.0]",512,cuda,,0.0001,32,False,150,,,l1,0.3,False,2000,1,0.0,0.02,0.15,6.0,1.0,24.4084,0.67819,0.88669,,24.671725616047905,observed,,2000,1500,False,,0.31937718391418457,5.283718824386597
kodim14,results/datasets/abl004/kodak24/kodim14.png,512,768,768,floyd_steinberg,aniso_flanking,floyd_steinberg,none,,,1500,35.0,"[28.0, 30.0, 32.0, 35.0]",512,cuda,,0.0001,32,False,150,,,l1,0.3,False,2000,0,0.5,0.02,0.15,6.0,1.0,23.9019,0.64762,0.86623,,24.115196707727435,observed,,2000,1500,False,,0.3970189094543457,5.51378870010376
kodim14,results/datasets/abl004/kodak24/kodim14.png,512,768,768,floyd_steinberg,aniso_flanking,floyd_steinberg,none,,,1500,35.0,"[28.0, 30.0, 32.0, 35.0]",512,cuda,,0.0001,32,False,150,,,l1,0.3,False,2000,1,0.5,0.02,0.15,6.0,1.0,24.0804,0.65043,0.86594,,24.095960622791292,observed,,2000,1500,False,,0.4030625820159912,5.491901636123657
kodim14,results/datasets/abl004/kodak24/kodim14.png,512,768,768,iso_blue_noise,iso_blue_noise,wse,none,,,1500,35.0,"[28.0, 30.0, 32.0, 35.0]",512,cuda,,0.0001,32,False,150,,,l1,0.3,False,2000,0,0.0,0.02,0.15,6.0,1.0,23.3075,0.65229,0.86956,,23.781903647994742,observed,,2000,1500,False,,0.24830079078674316,5.053687810897827
kodim14,results/datasets/abl004/kodak24/kodim14.png,512,768,768,iso_blue_noise,iso_blue_noise,wse,none,,,1500,35.0,"[28.0, 30.0, 32.0, 35.0]",512,cuda,,0.0001,32,False,150,,,l1,0.3,False,2000,1,0.0,0.02,0.15,6.0,1.0,23.9038,0.66375,0.87685,,24.29311956987133,observed,,2000,1500,False,,0.24114561080932617,5.13641095161438
kodim14,results/datasets/abl004/kodak24/kodim14.png,512,768,768,quadtree_hybrid,quadtree_hybrid,wse,none,,,1500,35.0,"[28.0, 30.0, 32.0, 35.0]",512,cuda,,0.0001,32,False,150,,,l1,0.3,False,2000,0,0.0,0.02,0.15,6.0,1.0,24.7266,0.67808,0.8919,,24.657891851810714,observed,,2000,1500,False,,0.29094839096069336,5.4139885902404785
kodim14,results/datasets/abl004/kodak24/kodim14.png,512,768,768,quadtree_hybrid,quadtree_hybrid,wse,none,,,1500,35.0,"[28.0, 30.0, 32.0, 35.0]",512,cuda,,0.0001,32,False,150,,,l1,0.3,False,2000,1,0.0,0.02,0.15,6.0,1.0,23.5922,0.66482,0.87979,,24.29879205333463,observed,,2000,1500,False,,0.2933518886566162,5.390430450439453
kodim14,results/datasets/abl004/kodak24/kodim14.png,512,768,768,quadtree_wse,quadtree_wse,wse,none,,,1500,35.0,"[28.0, 30.0, 32.0, 35.0]",512,cuda,,0.0001,32,False,150,,,l1,0.3,False,2000,0,0.0,0.02,0.15,6.0,1.0,24.9326,0.67772,0.88879,,24.84385674026825,observed,,2000,1500,False,,0.639744758605957,5.3803088665008545
kodim14,results/datasets/abl004/kodak24/kodim14.png,512,768,768,quadtree_wse,quadtree_wse,wse,none,,,1500,35.0,"[28.0, 30.0, 32.0, 35.0]",512,cuda,,0.0001,32,False,150,,,l1,0.3,False,2000,1,0.0,0.02,0.15,6.0,1.0,24.554,0.67346,0.88408,,24.674496020214647,observed,,2000,1500,False,,0.6317892074584961,5.0476672649383545
kodim15,results/datasets/abl004/kodak24/kodim15.png,512,768,768,aniso_flanking,aniso_flanking,wse,none,,,1500,35.0,"[28.0, 30.0, 32.0, 35.0]",512,cuda,,0.0001,32,False,150,,,l1,0.3,False,2000,0,0.5,0.02,0.15,6.0,1.0,30.0434,0.83065,0.94906,,29.77920837351447,observed,,2000,1500,False,,0.321073055267334,4.456538915634155
kodim15,results/datasets/abl004/kodak24/kodim15.png,512,768,768,aniso_flanking,aniso_flanking,wse,none,,,1500,35.0,"[28.0, 30.0, 32.0, 35.0]",512,cuda,,0.0001,32,False,150,,,l1,0.3,False,2000,1,0.5,0.02,0.15,6.0,1.0,30.0609,0.82993,0.94976,,29.807198341883684,observed,,2000,1500,False,,0.32465147972106934,4.545112609863281
kodim15,results/datasets/abl004/kodak24/kodim15.png,512,768,768,aniso_onedge,aniso_onedge,wse,none,,,1500,35.0,"[28.0, 30.0, 32.0, 35.0]",512,cuda,,0.0001,32,False,150,,,l1,0.3,False,2000,0,0.0,0.02,0.15,6.0,1.0,30.2035,0.8325,0.95105,,29.833726259451694,observed,,2000,1500,False,,0.3225741386413574,4.506605863571167
kodim15,results/datasets/abl004/kodak24/kodim15.png,512,768,768,aniso_onedge,aniso_onedge,wse,none,,,1500,35.0,"[28.0, 30.0, 32.0, 35.0]",512,cuda,,0.0001,32,False,150,,,l1,0.3,False,2000,1,0.0,0.02,0.15,6.0,1.0,30.3501,0.83356,0.95231,,29.919224530398807,observed,,2000,1500,False,,0.3223304748535156,4.509408473968506
kodim15,results/datasets/abl004/kodak24/kodim15.png,512,768,768,floyd_steinberg,aniso_flanking,floyd_steinberg,none,,,1500,35.0,"[28.0, 30.0, 32.0, 35.0]",512,cuda,,0.0001,32,False,150,,,l1,0.3,False,2000,0,0.5,0.02,0.15,6.0,1.0,25.3727,0.81342,0.92129,,26.329005532776858,observed,,2000,1500,False,,0.3942742347717285,4.502863168716431
kodim15,results/datasets/abl004/kodak24/kodim15.png,512,768,768,floyd_steinberg,aniso_flanking,floyd_steinberg,none,,,1500,35.0,"[28.0, 30.0, 32.0, 35.0]",512,cuda,,0.0001,32,False,150,,,l1,0.3,False,2000,1,0.5,0.02,0.15,6.0,1.0,24.8243,0.80565,0.9138,,26.09653157468952,observed,,2000,1500,False,,0.3918912410736084,4.471560955047607
kodim15,results/datasets/abl004/kodak24/kodim15.png,512,768,768,iso_blue_noise,iso_blue_noise,wse,none,,,1500,35.0,"[28.0, 30.0, 32.0, 35.0]",512,cuda,,0.0001,32,False,150,,,l1,0.3,False,2000,0,0.0,0.02,0.15,6.0,1.0,30.1032,0.82896,0.94856,,29.500294539036155,observed,,2000,1500,False,,0.25336241722106934,4.3414435386657715
kodim15,results/datasets/abl004/kodak24/kodim15.png,512,768,768,iso_blue_noise,iso_blue_noise,wse,none,,,1500,35.0,"[28.0, 30.0, 32.0, 35.0]",512,cuda,,0.0001,32,False,150,,,l1,0.3,False,2000,1,0.0,0.02,0.15,6.0,1.0,30.0342,0.82978,0.95034,,29.540455131072694,observed,,2000,1500,False,,0.2495720386505127,4.536907911300659
kodim15,results/datasets/abl004/kodak24/kodim15.png,512,768,768,quadtree_hybrid,quadtree_hybrid,wse,none,,,1500,35.0,"[28.0, 30.0, 32.0, 35.0]",512,cuda,,0.0001,32,False,150,,,l1,0.3,False,2000,0,0.0,0.02,0.15,6.0,1.0,30.0944,0.83243,0.95162,,29.679024855401853,observed,,2000,1500,False,,0.31113123893737793,4.652947664260864
kodim15,results/datasets/abl004/kodak24/kodim15.png,512,768,768,quadtree_hybrid,quadtree_hybrid,wse,none,,,1500,35.0,"[28.0, 30.0, 32.0, 35.0]",512,cuda,,0.0001,32,False,150,,,l1,0.3,False,2000,1,0.0,0.02,0.15,6.0,1.0,30.021,0.83081,0.9495,,29.647030052938327,observed,,2000,1500,False,,0.3062267303466797,4.627099990844727
kodim15,results/datasets/abl004/kodak24/kodim15.png,512,768,768,quadtree_wse,quadtree_wse,wse,none,,,1500,35.0,"[28.0, 30.0, 32.0, 35.0]",512,cuda,,0.0001,32,False,150,,,l1,0.3,False,2000,0,0.0,0.02,0.15,6.0,1.0,29.5309,0.82982,0.94623,,29.76754456889717,observed,,2000,1500,False,,0.8118650913238525,4.670834541320801
kodim15,results/datasets/abl004/kodak24/kodim15.png,512,768,768,quadtree_wse,quadtree_wse,wse,none,,,1500,35.0,"[28.0, 30.0, 32.0, 35.0]",512,cuda,,0.0001,32,False,150,,,l1,0.3,False,2000,1,0.0,0.02,0.15,6.0,1.0,30.0757,0.83179,0.94893,,29.83424350657091,observed,,2000,1500,False,,0.8050851821899414,4.654177188873291
kodim16,results/datasets/abl004/kodak24/kodim16.png,512,768,768,aniso_flanking,aniso_flanking,wse,none,,,1500,35.0,"[28.0, 30.0, 32.0, 35.0]",512,cuda,,0.0001,32,False,150,,,l1,0.3,False,2000,0,0.5,0.02,0.15,6.0,1.0,28.9926,0.79328,0.92108,,28.709527798220666,observed,,2000,1500,False,,0.3317112922668457,5.1927900314331055
kodim16,results/datasets/abl004/kodak24/kodim16.png,512,768,768,aniso_flanking,aniso_flanking,wse,none,,,1500,35.0,"[28.0, 30.0, 32.0, 35.0]",512,cuda,,0.0001,32,False,150,,,l1,0.3,False,2000,1,0.5,0.02,0.15,6.0,1.0,29.1244,0.79455,0.92315,,28.890995752183176,observed,,2000,1500,False,,0.3169209957122803,5.415844678878784
kodim16,results/datasets/abl004/kodak24/kodim16.png,512,768,768,aniso_onedge,aniso_onedge,wse,none,,,1500,35.0,"[28.0, 30.0, 32.0, 35.0]",512,cuda,,0.0001,32,False,150,,,l1,0.3,False,2000,0,0.0,0.02,0.15,6.0,1.0,29.0358,0.79252,0.92275,,28.850588021077975,observed,,2000,1500,False,,0.32184481620788574,5.477470636367798
kodim16,results/datasets/abl004/kodak24/kodim16.png,512,768,768,aniso_onedge,aniso_onedge,wse,none,,,1500,35.0,"[28.0, 30.0, 32.0, 35.0]",512,cuda,,0.0001,32,False,150,,,l1,0.3,False,2000,1,0.0,0.02,0.15,6.0,1.0,29.1908,0.79529,0.9247,,28.926847938858245,observed,,2000,1500,False,,0.32761526107788086,5.316794157028198
kodim16,results/datasets/abl004/kodak24/kodim16.png,512,768,768,floyd_steinberg,aniso_flanking,floyd_steinberg,none,,,1500,35.0,"[28.0, 30.0, 32.0, 35.0]",512,cuda,,0.0001,32,False,150,,,l1,0.3,False,2000,0,0.5,0.02,0.15,6.0,1.0,28.9332,0.78725,0.91689,,27.299422949930285,observed,,2000,1500,False,,0.39859509468078613,5.581390857696533
kodim16,results/datasets/abl004/kodak24/kodim16.png,512,768,768,floyd_steinberg,aniso_flanking,floyd_steinberg,none,,,1500,35.0,"[28.0, 30.0, 32.0, 35.0]",512,cuda,,0.0001,32,False,150,,,l1,0.3,False,2000,1,0.5,0.02,0.15,6.0,1.0,27.0238,0.78061,0.90823,,26.465832850231656,observed,,2000,1500,False,,0.3963460922241211,5.586341381072998
kodim16,results/datasets/abl004/kodak24/kodim16.png,512,768,768,iso_blue_noise,iso_blue_noise,wse,none,,,1500,35.0,"[28.0, 30.0, 32.0, 35.0]",512,cuda,,0.0001,32,False,150,,,l1,0.3,False,2000,0,0.0,0.02,0.15,6.0,1.0,28.5522,0.77516,0.91264,,28.423686906128744,observed,,2000,1500,False,,0.23470568656921387,4.9860923290252686
kodim16,results/datasets/abl004/kodak24/kodim16.png,512,768,768,iso_blue_noise,iso_blue_noise,wse,none,,,1500,35.0,"[28.0, 30.0, 32.0, 35.0]",512,cuda,,0.0001,32,False,150,,,l1,0.3,False,2000,1,0.0,0.02,0.15,6.0,1.0,27.8587,0.77165,0.9059,,28.178998603591765,observed,,2000,1500,False,,0.24230599403381348,4.828575134277344
kodim16,results/datasets/abl004/kodak24/kodim16.png,512,768,768,quadtree_hybrid,quadtree_hybrid,wse,none,,,1500,35.0,"[28.0, 30.0, 32.0, 35.0]",512,cuda,,0.0001,32,False,150,,,l1,0.3,False,2000,0,0.0,0.02,0.15,6.0,1.0,28.8005,0.78844,0.92175,,28.61864201111186,observed,,2000,1500,False,,0.30503344535827637,5.1210410594940186
kodim16,results/datasets/abl004/kodak24/kodim16.png,512,768,768,quadtree_hybrid,quadtree_hybrid,wse,none,,,1500,35.0,"[28.0, 30.0, 32.0, 35.0]",512,cuda,,0.0001,32,False,150,,,l1,0.3,False,2000,1,0.0,0.02,0.15,6.0,1.0,28.8241,0.79146,0.92038,,28.524671681806833,observed,,2000,1500,False,,0.2900674343109131,5.315070867538452
kodim16,results/datasets/abl004/kodak24/kodim16.png,512,768,768,quadtree_wse,quadtree_wse,wse,none,,,1500,35.0,"[28.0, 30.0, 32.0, 35.0]",512,cuda,,0.0001,32,False,150,,,l1,0.3,False,2000,0,0.0,0.02,0.15,6.0,1.0,29.1617,0.79204,0.92289,,28.848800117767517,observed,,2000,1500,False,,0.6220746040344238,5.219783782958984
kodim16,results/datasets/abl004/kodak24/kodim16.png,512,768,768,quadtree_wse,quadtree_wse,wse,none,,,1500,35.0,"[28.0, 30.0, 32.0, 35.0]",512,cuda,,0.0001,32,False,150,,,l1,0.3,False,2000,1,0.0,0.02,0.15,6.0,1.0,28.7672,0.7926,0.92149,,28.765864698627617,observed,,2000,1500,False,,0.6302409172058105,4.895822525024414
kodim17,results/datasets/abl004/kodak24/kodim17.png,768,512,768,aniso_flanking,aniso_flanking,wse,none,,,1500,35.0,"[28.0, 30.0, 32.0, 35.0]",512,cuda,,0.0001,32,False,150,,,l1,0.3,False,2000,0,0.5,0.02,0.15,6.0,1.0,29.4985,0.84255,0.95339,,28.996110168594452,observed,,2000,1500,False,,0.32960939407348633,5.287602186203003
kodim17,results/datasets/abl004/kodak24/kodim17.png,768,512,768,aniso_flanking,aniso_flanking,wse,none,,,1500,35.0,"[28.0, 30.0, 32.0, 35.0]",512,cuda,,0.0001,32,False,150,,,l1,0.3,False,2000,1,0.5,0.02,0.15,6.0,1.0,29.5447,0.84354,0.95368,,29.033847106465345,observed,,2000,1500,False,,0.3215334415435791,5.509307146072388
kodim17,results/datasets/abl004/kodak24/kodim17.png,768,512,768,aniso_onedge,aniso_onedge,wse,none,,,1500,35.0,"[28.0, 30.0, 32.0, 35.0]",512,cuda,,0.0001,32,False,150,,,l1,0.3,False,2000,0,0.0,0.02,0.15,6.0,1.0,29.6758,0.84408,0.95451,,29.082862063834792,observed,,2000,1500,False,,0.31388425827026367,5.590062141418457
kodim17,results/datasets/abl004/kodak24/kodim17.png,768,512,768,aniso_onedge,aniso_onedge,wse,none,,,1500,35.0,"[28.0, 30.0, 32.0, 35.0]",512,cuda,,0.0001,32,False,150,,,l1,0.3,False,2000,1,0.0,0.02,0.15,6.0,1.0,29.5558,0.84506,0.95442,,29.090577315139008,observed,,2000,1500,False,,0.3202395439147949,5.518007278442383
kodim17,results/datasets/abl004/kodak24/kodim17.png,768,512,768,floyd_steinberg,aniso_flanking,floyd_steinberg,none,,,1500,35.0,"[28.0, 30.0, 32.0, 35.0]",512,cuda,,0.0001,32,False,150,,,l1,0.3,False,2000,0,0.5,0.02,0.15,6.0,1.0,28.5599,0.83396,0.94275,,27.96529720018831,observed,,2000,1500,False,,0.44101548194885254,5.256828546524048
kodim17,results/datasets/abl004/kodak24/kodim17.png,768,512,768,floyd_steinberg,aniso_flanking,floyd_steinberg,none,,,1500,35.0,"[28.0, 30.0, 32.0, 35.0]",512,cuda,,0.0001,32,False,150,,,l1,0.3,False,2000,1,0.5,0.02,0.15,6.0,1.0,28.2206,0.8316,0.93713,,27.808900990273017,observed,,2000,1500,False,,0.3993825912475586,5.21727442741394
kodim17,results/datasets/abl004/kodak24/kodim17.png,768,512,768,iso_blue_noise,iso_blue_noise,wse,none,,,1500,35.0,"[28.0, 30.0, 32.0, 35.0]",512,cuda,,0.0001,32,False,150,,,l1,0.3,False,2000,0,0.0,0.02,0.15,6.0,1.0,29.2805,0.83791,0.95161,,28.697741193561413,observed,,2000,1500,False,,0.23332977294921875,4.905027866363525
kodim17,results/datasets/abl004/kodak24/kodim17.png,768,512,768,iso_blue_noise,iso_blue_noise,wse,none,,,1500,35.0,"[28.0, 30.0, 32.0, 35.0]",512,cuda,,0.0001,32,False,150,,,l1,0.3,False,2000,1,0.0,0.02,0.15,6.0,1.0,29.0525,0.83558,0.94916,,28.672659960486556,observed,,2000,1500,False,,0.24054908752441406,4.77837610244751
kodim17,results/datasets/abl004/kodak24/kodim17.png,768,512,768,quadtree_hybrid,quadtree_hybrid,wse,none,,,1500,35.0,"[28.0, 30.0, 32.0, 35.0]",512,cuda,,0.0001,32,False,150,,,l1,0.3,False,2000,0,0.0,0.02,0.15,6.0,1.0,29.2648,0.83884,0.95229,,28.81288411762016,observed,,2000,1500,False,,0.2939169406890869,4.994846820831299
kodim17,results/datasets/abl004/kodak24/kodim17.png,768,512,768,quadtree_hybrid,quadtree_hybrid,wse,none,,,1500,35.0,"[28.0, 30.0, 32.0, 35.0]",512,cuda,,0.0001,32,False,150,,,l1,0.3,False,2000,1,0.0,0.02,0.15,6.0,1.0,29.2959,0.8405,0.9529,,28.827820454063694,observed,,2000,1500,False,,0.2792472839355469,5.4616522789001465
kodim17,results/datasets/abl004/kodak24/kodim17.png,768,512,768,quadtree_wse,quadtree_wse,wse,none,,,1500,35.0,"[28.0, 30.0, 32.0, 35.0]",512,cuda,,0.0001,32,False,150,,,l1,0.3,False,2000,0,0.0,0.02,0.15,6.0,1.0,29.6102,0.84424,0.95393,,29.102783372992274,observed,,2000,1500,False,,0.6949319839477539,5.4075517654418945
kodim17,results/datasets/abl004/kodak24/kodim17.png,768,512,768,quadtree_wse,quadtree_wse,wse,none,,,1500,35.0,"[28.0, 30.0, 32.0, 35.0]",512,cuda,,0.0001,32,False,150,,,l1,0.3,False,2000,1,0.0,0.02,0.15,6.0,1.0,29.6212,0.84411,0.95411,,29.074373083642676,observed,,2000,1500,False,,0.6791274547576904,5.444634437561035
kodim18,results/datasets/abl004/kodak24/kodim18.png,768,512,768,aniso_flanking,aniso_flanking,wse,none,,,1500,35.0,"[28.0, 30.0, 32.0, 35.0]",512,cuda,,0.0001,32,False,150,,,l1,0.3,False,2000,0,0.5,0.02,0.15,6.0,1.0,23.9012,0.67063,0.8663,,24.037756970121194,observed,,2000,1500,False,,0.3230445384979248,4.57541823387146
kodim18,results/datasets/abl004/kodak24/kodim18.png,768,512,768,aniso_flanking,aniso_flanking,wse,none,,,1500,35.0,"[28.0, 30.0, 32.0, 35.0]",512,cuda,,0.0001,32,False,150,,,l1,0.3,False,2000,1,0.5,0.02,0.15,6.0,1.0,24.1756,0.67325,0.87209,,24.16228053631824,observed,,2000,1500,False,,0.32202959060668945,5.1881749629974365
kodim18,results/datasets/abl004/kodak24/kodim18.png,768,512,768,aniso_onedge,aniso_onedge,wse,none,,,1500,35.0,"[28.0, 30.0, 32.0, 35.0]",512,cuda,,0.0001,32,False,150,,,l1,0.3,False,2000,0,0.0,0.02,0.15,6.0,1.0,24.2747,0.67356,0.87522,,24.139645217020085,observed,,2000,1500,False,,0.3133049011230469,5.0941643714904785
kodim18,results/datasets/abl004/kodak24/kodim18.png,768,512,768,aniso_onedge,aniso_onedge,wse,none,,,1500,35.0,"[28.0, 30.0, 32.0, 35.0]",512,cuda,,0.0001,32,False,150,,,l1,0.3,False,2000,1,0.0,0.02,0.15,6.0,1.0,24.3853,0.67827,0.87801,,24.167323433772335,observed,,2000,1500,False,,0.3190579414367676,5.234563112258911
kodim18,results/datasets/abl004/kodak24/kodim18.png,768,512,768,floyd_steinberg,aniso_flanking,floyd_steinberg,none,,,1500,35.0,"[28.0, 30.0, 32.0, 35.0]",512,cuda,,0.0001,32,False,150,,,l1,0.3,False,2000,0,0.5,0.02,0.15,6.0,1.0,23.11,0.64485,0.83944,,23.413324426061873,observed,,2000,1500,False,,0.39799046516418457,5.209933280944824
kodim18,results/datasets/abl004/kodak24/kodim18.png,768,512,768,floyd_steinberg,aniso_flanking,floyd_steinberg,none,,,1500,35.0,"[28.0, 30.0, 32.0, 35.0]",512,cuda,,0.0001,32,False,150,,,l1,0.3,False,2000,1,0.5,0.02,0.15,6.0,1.0,22.8829,0.63945,0.83261,,23.337286637416277,observed,,2000,1500,False,,0.39961719512939453,5.159054756164551
kodim18,results/datasets/abl004/kodak24/kodim18.png,768,512,768,iso_blue_noise,iso_blue_noise,wse,none,,,1500,35.0,"[28.0, 30.0, 32.0, 35.0]",512,cuda,,0.0001,32,False,150,,,l1,0.3,False,2000,0,0.0,0.02,0.15,6.0,1.0,24.0407,0.66266,0.86676,,23.963339804330612,observed,,2000,1500,False,,0.23325824737548828,5.103860378265381
kodim18,results/datasets/abl004/kodak24/kodim18.png,768,512,768,iso_blue_noise,iso_blue_noise,wse,none,,,1500,35.0,"[28.0, 30.0, 32.0, 35.0]",512,cuda,,0.0001,32,False,150,,,l1,0.3,False,2000,1,0.0,0.02,0.15,6.0,1.0,23.4934,0.65338,0.85043,,23.736472112644186,observed,,2000,1500,False,,0.2380685806274414,4.622613430023193
kodim18,results/datasets/abl004/kodak24/kodim18.png,768,512,768,quadtree_hybrid,quadtree_hybrid,wse,none,,,1500,35.0,"[28.0, 30.0, 32.0, 35.0]",512,cuda,,0.0001,32,False,150,,,l1,0.3,False,2000,0,0.0,0.02,0.15,6.0,1.0,23.8218,0.66716,0.86408,,23.94751913059227,observed,,2000,1500,False,,0.2914741039276123,5.277490139007568
kodim18,results/datasets/abl004/kodak24/kodim18.png,768,512,768,quadtree_hybrid,quadtree_hybrid,wse,none,,,1500,35.0,"[28.0, 30.0, 32.0, 35.0]",512,cuda,,0.0001,32,False,150,,,l1,0.3,False,2000,1,0.0,0.02,0.15,6.0,1.0,24.1446,0.67087,0.87071,,24.065731149104693,observed,,2000,1500,False,,0.28168487548828125,5.272040843963623
kodim18,results/datasets/abl004/kodak24/kodim18.png,768,512,768,quadtree_wse,quadtree_wse,wse,none,,,1500,35.0,"[28.0, 30.0, 32.0, 35.0]",512,cuda,,0.0001,32,False,150,,,l1,0.3,False,2000,0,0.0,0.02,0.15,6.0,1.0,24.1197,0.66754,0.8653,,24.10911213961977,observed,,2000,1500,False,,0.5498230457305908,5.241372108459473
kodim18,results/datasets/abl004/kodak24/kodim18.png,768,512,768,quadtree_wse,quadtree_wse,wse,none,,,1500,35.0,"[28.0, 30.0, 32.0, 35.0]",512,cuda,,0.0001,32,False,150,,,l1,0.3,False,2000,1,0.0,0.02,0.15,6.0,1.0,24.1674,0.66912,0.86728,,24.06606276119606,observed,,2000,1500,False,,0.5562288761138916,4.621057987213135
kodim19,results/datasets/abl004/kodak24/kodim19.png,768,512,768,aniso_flanking,aniso_flanking,wse,none,,,1500,35.0,"[28.0, 30.0, 32.0, 35.0]",512,cuda,,0.0001,32,False,150,,,l1,0.3,False,2000,0,0.5,0.02,0.15,6.0,1.0,26.4922,0.773,0.91114,,26.966491920618793,observed,,2000,1500,False,,0.343519926071167,5.398022413253784
kodim19,results/datasets/abl004/kodak24/kodim19.png,768,512,768,aniso_flanking,aniso_flanking,wse,none,,,1500,35.0,"[28.0, 30.0, 32.0, 35.0]",512,cuda,,0.0001,32,False,150,,,l1,0.3,False,2000,1,0.5,0.02,0.15,6.0,1.0,26.5592,0.77305,0.91097,,26.866647162383362,observed,,2000,1500,False,,0.34825754165649414,5.575415372848511
kodim19,results/datasets/abl004/kodak24/kodim19.png,768,512,768,aniso_onedge,aniso_onedge,wse,none,,,1500,35.0,"[28.0, 30.0, 32.0, 35.0]",512,cuda,,0.0001,32,False,150,,,l1,0.3,False,2000,0,0.0,0.02,0.15,6.0,1.0,27.5758,0.77949,0.91712,,27.304842018778917,observed,,2000,1500,False,,0.3372640609741211,5.409548282623291
kodim19,results/datasets/abl004/kodak24/kodim19.png,768,512,768,aniso_onedge,aniso_onedge,wse,none,,,1500,35.0,"[28.0, 30.0, 32.0, 35.0]",512,cuda,,0.0001,32,False,150,,,l1,0.3,False,2000,1,0.0,0.02,0.15,6.0,1.0,27.4295,0.77589,0.91742,,27.3144148469687,observed,,2000,1500,False,,0.33707261085510254,5.327805042266846
kodim19,results/datasets/abl004/kodak24/kodim19.png,768,512,768,floyd_steinberg,aniso_flanking,floyd_steinberg,none,,,1500,35.0,"[28.0, 30.0, 32.0, 35.0]",512,cuda,,0.0001,32,False,150,,,l1,0.3,False,2000,0,0.5,0.02,0.15,6.0,1.0,20.4195,0.72988,0.85189,,24.25273805494862,observed,,2000,1500,False,,0.41696596145629883,5.394354581832886
kodim19,results/datasets/abl004/kodak24/kodim19.png,768,512,768,floyd_steinberg,aniso_flanking,floyd_steinberg,none,,,1500,35.0,"[28.0, 30.0, 32.0, 35.0]",512,cuda,,0.0001,32,False,150,,,l1,0.3,False,2000,1,0.5,0.02,0.15,6.0,1.0,22.5525,0.74649,0.86684,,25.213905464258886,observed,,2000,1500,False,,0.3844027519226074,5.389812231063843
kodim19,results/datasets/abl004/kodak24/kodim19.png,768,512,768,iso_blue_noise,iso_blue_noise,wse,none,,,1500,35.0,"[28.0, 30.0, 32.0, 35.0]",512,cuda,,0.0001,32,False,150,,,l1,0.3,False,2000,0,0.0,0.02,0.15,6.0,1.0,25.3008,0.761,0.90205,,26.03228736989414,observed,,2000,1500,False,,0.2441883087158203,5.380008935928345
kodim19,results/datasets/abl004/kodak24/kodim19.png,768,512,768,iso_blue_noise,iso_blue_noise,wse,none,,,1500,35.0,"[28.0, 30.0, 32.0, 35.0]",512,cuda,,0.0001,32,False,150,,,l1,0.3,False,2000,1,0.0,0.02,0.15,6.0,1.0,26.2229,0.76706,0.90949,,26.30398086423155,observed,,2000,1500,False,,0.24722695350646973,5.164166450500488
kodim19,results/datasets/abl004/kodak24/kodim19.png,768,512,768,quadtree_hybrid,quadtree_hybrid,wse,none,,,1500,35.0,"[28.0, 30.0, 32.0, 35.0]",512,cuda,,0.0001,32,False,150,,,l1,0.3,False,2000,0,0.0,0.02,0.15,6.0,1.0,26.691,0.77538,0.91625,,26.855716903818855,observed,,2000,1500,False,,0.3151984214782715,5.518899917602539
kodim19,results/datasets/abl004/kodak24/kodim19.png,768,512,768,quadtree_hybrid,quadtree_hybrid,wse,none,,,1500,35.0,"[28.0, 30.0, 32.0, 35.0]",512,cuda,,0.0001,32,False,150,,,l1,0.3,False,2000,1,0.0,0.02,0.15,6.0,1.0,26.554,0.77409,0.91269,,26.92281994873719,observed,,2000,1500,False,,0.4187157154083252,5.467047929763794
kodim19,results/datasets/abl004/kodak24/kodim19.png,768,512,768,quadtree_wse,quadtree_wse,wse,none,,,1500,35.0,"[28.0, 30.0, 32.0, 35.0]",512,cuda,,0.0001,32,False,150,,,l1,0.3,False,2000,0,0.0,0.02,0.15,6.0,1.0,27.417,0.77791,0.91635,,27.241174491108698,observed,,2000,1500,False,,0.5776212215423584,5.363159894943237
kodim19,results/datasets/abl004/kodak24/kodim19.png,768,512,768,quadtree_wse,quadtree_wse,wse,none,,,1500,35.0,"[28.0, 30.0, 32.0, 35.0]",512,cuda,,0.0001,32,False,150,,,l1,0.3,False,2000,1,0.0,0.02,0.15,6.0,1.0,27.2562,0.77668,0.91504,,27.166188960873818,observed,,2000,1500,False,,0.5880475044250488,5.398446083068848
kodim20,results/datasets/abl004/kodak24/kodim20.png,512,768,768,aniso_flanking,aniso_flanking,wse,none,,,1500,35.0,"[28.0, 30.0, 32.0, 35.0]",512,cuda,,0.0001,32,False,150,,,l1,0.3,False,2000,0,0.5,0.02,0.15,6.0,1.0,28.6378,0.84729,0.94926,,29.132064935125616,observed,,2000,1500,False,,0.3320934772491455,5.3152923583984375
kodim20,results/datasets/abl004/kodak24/kodim20.png,512,768,768,aniso_flanking,aniso_flanking,wse,none,,,1500,35.0,"[28.0, 30.0, 32.0, 35.0]",512,cuda,,0.0001,32,False,150,,,l1,0.3,False,2000,1,0.5,0.02,0.15,6.0,1.0,29.6036,0.85392,0.95459,,29.45062931256743,observed,,2000,1500,False,,0.33338117599487305,5.531083822250366
kodim20,results/datasets/abl004/kodak24/kodim20.png,512,768,768,aniso_onedge,aniso_onedge,wse,none,,,1500,35.0,"[28.0, 30.0, 32.0, 35.0]",512,cuda,,0.0001,32,False,150,,,l1,0.3,False,2000,0,0.0,0.02,0.15,6.0,1.0,29.3026,0.85151,0.95177,,29.415764371580565,observed,,2000,1500,False,,0.33301210403442383,5.554707765579224
kodim20,results/datasets/abl004/kodak24/kodim20.png,512,768,768,aniso_onedge,aniso_onedge,wse,none,,,1500,35.0,"[28.0, 30.0, 32.0, 35.0]",512,cuda,,0.0001,32,False,150,,,l1,0.3,False,2000,1,0.0,0.02,0.15,6.0,1.0,29.4705,0.85264,0.95478,,29.469835180215156,observed,,2000,1500,False,,0.3217282295227051,5.3526647090911865
kodim20,results/datasets/abl004/kodak24/kodim20.png,512,768,768,floyd_steinberg,aniso_flanking,floyd_steinberg,none,,,1500,35.0,"[28.0, 30.0, 32.0, 35.0]",512,cuda,,0.0001,32,False,150,,,l1,0.3,False,2000,0,0.5,0.02,0.15,6.0,1.0,27.4723,0.85237,0.95322,,25.63476530498787,observed,,2000,1500,False,,0.39675140380859375,5.333714485168457
kodim20,results/datasets/abl004/kodak24/kodim20.png,512,768,768,floyd_steinberg,aniso_flanking,floyd_steinberg,none,,,1500,35.0,"[28.0, 30.0, 32.0, 35.0]",512,cuda,,0.0001,32,False,150,,,l1,0.3,False,2000,1,0.5,0.02,0.15,6.0,1.0,19.3628,0.84068,0.93687,,23.637120545268296,observed,,2000,1500,False,,0.40065455436706543,5.3375563621521
kodim20,results/datasets/abl004/kodak24/kodim20.png,512,768,768,iso_blue_noise,iso_blue_noise,wse,none,,,1500,35.0,"[28.0, 30.0, 32.0, 35.0]",512,cuda,,0.0001,32,False,150,,,l1,0.3,False,2000,0,0.0,0.02,0.15,6.0,1.0,29.2528,0.84883,0.95374,,28.90310426232336,observed,,2000,1500,False,,0.2399892807006836,5.138260841369629
kodim20,results/datasets/abl004/kodak24/kodim20.png,512,768,768,iso_blue_noise,iso_blue_noise,wse,none,,,1500,35.0,"[28.0, 30.0, 32.0, 35.0]",512,cuda,,0.0001,32,False,150,,,l1,0.3,False,2000,1,0.0,0.02,0.15,6.0,1.0,29.0093,0.84925,0.95303,,29.178334556793356,observed,,2000,1500,False,,0.2525498867034912,5.530914068222046
kodim20,results/datasets/abl004/kodak24/kodim20.png,512,768,768,quadtree_hybrid,quadtree_hybrid,wse,none,,,1500,35.0,"[28.0, 30.0, 32.0, 35.0]",512,cuda,,0.0001,32,False,150,,,l1,0.3,False,2000,0,0.0,0.02,0.15,6.0,1.0,28.9324,0.8496,0.95072,,29.183394813155875,observed,,2000,1500,False,,0.32109832763671875,5.231902599334717
kodim20,results/datasets/abl004/kodak24/kodim20.png,512,768,768,quadtree_hybrid,quadtree_hybrid,wse,none,,,1500,35.0,"[28.0, 30.0, 32.0, 35.0]",512,cuda,,0.0001,32,False,150,,,l1,0.3,False,2000,1,0.0,0.02,0.15,6.0,1.0,28.739,0.84534,0.9488,,28.963423191347943,observed,,2000,1500,False,,0.32170534133911133,5.304291248321533
kodim20,results/datasets/abl004/kodak24/kodim20.png,512,768,768,quadtree_wse,quadtree_wse,wse,none,,,1500,35.0,"[28.0, 30.0, 32.0, 35.0]",512,cuda,,0.0001,32,False,150,,,l1,0.3,False,2000,0,0.0,0.02,0.15,6.0,1.0,29.4658,0.85078,0.95361,,29.53785475195846,observed,,2000,1500,False,,0.683480978012085,5.427697420120239
kodim20,results/datasets/abl004/kodak24/kodim20.png,512,768,768,quadtree_wse,quadtree_wse,wse,none,,,1500,35.0,"[28.0, 30.0, 32.0, 35.0]",512,cuda,,0.0001,32,False,150,,,l1,0.3,False,2000,1,0.0,0.02,0.15,6.0,1.0,28.7009,0.84741,0.9474,,29.144233963185744,observed,,2000,1500,False,,0.6805076599121094,5.592318534851074
kodim21,results/datasets/abl004/kodak24/kodim21.png,512,768,768,aniso_flanking,aniso_flanking,wse,none,,,1500,35.0,"[28.0, 30.0, 32.0, 35.0]",512,cuda,,0.0001,32,False,150,,,l1,0.3,False,2000,0,0.5,0.02,0.15,6.0,1.0,24.8827,0.78289,0.92664,,25.15810608625253,observed,,2000,1500,False,,0.3285067081451416,5.228463888168335
kodim21,results/datasets/abl004/kodak24/kodim21.png,512,768,768,aniso_flanking,aniso_flanking,wse,none,,,1500,35.0,"[28.0, 30.0, 32.0, 35.0]",512,cuda,,0.0001,32,False,150,,,l1,0.3,False,2000,1,0.5,0.02,0.15,6.0,1.0,24.3075,0.77941,0.92224,,24.804567039927456,observed,,2000,1500,False,,0.30991148948669434,5.413345098495483
kodim21,results/datasets/abl004/kodak24/kodim21.png,512,768,768,aniso_onedge,aniso_onedge,wse,none,,,1500,35.0,"[28.0, 30.0, 32.0, 35.0]",512,cuda,,0.0001,32,False,150,,,l1,0.3,False,2000,0,0.0,0.02,0.15,6.0,1.0,24.9825,0.78448,0.92729,,25.251284370269673,observed,,2000,1500,False,,0.31114840507507324,5.505197525024414
kodim21,results/datasets/abl004/kodak24/kodim21.png,512,768,768,aniso_onedge,aniso_onedge,wse,none,,,1500,35.0,"[28.0, 30.0, 32.0, 35.0]",512,cuda,,0.0001,32,False,150,,,l1,0.3,False,2000,1,0.0,0.02,0.15,6.0,1.0,24.657,0.78436,0.92743,,25.04887618598658,observed,,2000,1500,False,,0.3208892345428467,5.448763132095337
kodim21,results/datasets/abl004/kodak24/kodim21.png,512,768,768,floyd_steinberg,aniso_flanking,floyd_steinberg,none,,,1500,35.0,"[28.0, 30.0, 32.0, 35.0]",512,cuda,,0.0001,32,False,150,,,l1,0.3,False,2000,0,0.5,0.02,0.15,6.0,1.0,19.2477,0.74546,0.86441,,17.83698934678478,observed,,2000,1500,False,,0.3938710689544678,4.746798753738403
kodim21,results/datasets/abl004/kodak24/kodim21.png,512,768,768,floyd_steinberg,aniso_flanking,floyd_steinberg,none,,,1500,35.0,"[28.0, 30.0, 32.0, 35.0]",512,cuda,,0.0001,32,False,150,,,l1,0.3,False,2000,1,0.5,0.02,0.15,6.0,1.0,14.9733,0.67343,0.78338,,18.193102423074325,observed,,2000,1500,False,,0.4012742042541504,4.760074853897095
kodim21,results/datasets/abl004/kodak24/kodim21.png,512,768,768,iso_blue_noise,iso_blue_noise,wse,none,,,1500,35.0,"[28.0, 30.0, 32.0, 35.0]",512,cuda,,0.0001,32,False,150,,,l1,0.3,False,2000,0,0.0,0.02,0.15,6.0,1.0,24.4464,0.77536,0.92506,,24.662604104208103,observed,,2000,1500,False,,0.2354128360748291,5.356080532073975
kodim21,results/datasets/abl004/kodak24/kodim21.png,512,768,768,iso_blue_noise,iso_blue_noise,wse,none,,,1500,35.0,"[28.0, 30.0, 32.0, 35.0]",512,cuda,,0.0001,32,False,150,,,l1,0.3,False,2000,1,0.0,0.02,0.15,6.0,1.0,24.3378,0.77201,0.92011,,24.689811650556752,observed,,2000,1500,False,,0.2310810089111328,5.181628704071045
kodim21,results/datasets/abl004/kodak24/kodim21.png,512,768,768,quadtree_hybrid,quadtree_hybrid,wse,none,,,1500,35.0,"[28.0, 30.0, 32.0, 35.0]",512,cuda,,0.0001,32,False,150,,,l1,0.3,False,2000,0,0.0,0.02,0.15,6.0,1.0,24.6532,0.78004,0.92547,,25.084997377529234,observed,,2000,1500,False,,0.29616332054138184,5.3582658767700195
kodim21,results/datasets/abl004/kodak24/kodim21.png,512,768,768,quadtree_hybrid,quadtree_hybrid,wse,none,,,1500,35.0,"[28.0, 30.0, 32.0, 35.0]",512,cuda,,0.0001,32,False,150,,,l1,0.3,False,2000,1,0.0,0.02,0.15,6.0,1.0,24.7777,0.77793,0.92597,,24.892936649284337,observed,,2000,1500,False,,0.2914607524871826,5.545764923095703
kodim21,results/datasets/abl004/kodak24/kodim21.png,512,768,768,quadtree_wse,quadtree_wse,wse,none,,,1500,35.0,"[28.0, 30.0, 32.0, 35.0]",512,cuda,,0.0001,32,False,150,,,l1,0.3,False,2000,0,0.0,0.02,0.15,6.0,1.0,24.7109,0.78237,0.92399,,25.099631613616232,observed,,2000,1500,False,,0.5930557250976562,5.414094686508179
kodim21,results/datasets/abl004/kodak24/kodim21.png,512,768,768,quadtree_wse,quadtree_wse,wse,none,,,1500,35.0,"[28.0, 30.0, 32.0, 35.0]",512,cuda,,0.0001,32,False,150,,,l1,0.3,False,2000,1,0.0,0.02,0.15,6.0,1.0,24.8977,0.78594,0.92766,,25.270571490460192,observed,,2000,1500,False,,0.5807585716247559,4.964218616485596
kodim22,results/datasets/abl004/kodak24/kodim22.png,512,768,768,aniso_flanking,aniso_flanking,wse,none,,,1500,35.0,"[28.0, 30.0, 32.0, 35.0]",512,cuda,,0.0001,32,False,150,,,l1,0.3,False,2000,0,0.5,0.02,0.15,6.0,1.0,27.3987,0.73519,0.90029,,27.222098086498992,observed,,2000,1500,False,,0.32243990898132324,4.4837799072265625
kodim22,results/datasets/abl004/kodak24/kodim22.png,512,768,768,aniso_flanking,aniso_flanking,wse,none,,,1500,35.0,"[28.0, 30.0, 32.0, 35.0]",512,cuda,,0.0001,32,False,150,,,l1,0.3,False,2000,1,0.5,0.02,0.15,6.0,1.0,27.277,0.7352,0.89869,,27.29157657636015,observed,,2000,1500,False,,0.31444740295410156,5.2225048542022705
kodim22,results/datasets/abl004/kodak24/kodim22.png,512,768,768,aniso_onedge,aniso_onedge,wse,none,,,1500,35.0,"[28.0, 30.0, 32.0, 35.0]",512,cuda,,0.0001,32,False,150,,,l1,0.3,False,2000,0,0.0,0.02,0.15,6.0,1.0,27.6165,0.73796,0.90409,,27.428705480752427,observed,,2000,1500,False,,0.31540966033935547,5.30021071434021
kodim22,results/datasets/abl004/kodak24/kodim22.png,512,768,768,aniso_onedge,aniso_onedge,wse,none,,,1500,35.0,"[28.0, 30.0, 32.0, 35.0]",512,cuda,,0.0001,32,False,150,,,l1,0.3,False,2000,1,0.0,0.02,0.15,6.0,1.0,27.5044,0.73853,0.90291,,27.38724814103873,observed,,2000,1500,False,,0.31637001037597656,4.682363510131836
kodim22,results/datasets/abl004/kodak24/kodim22.png,512,768,768,floyd_steinberg,aniso_flanking,floyd_steinberg,none,,,1500,35.0,"[28.0, 30.0, 32.0, 35.0]",512,cuda,,0.0001,32,False,150,,,l1,0.3,False,2000,0,0.5,0.02,0.15,6.0,1.0,26.1451,0.72227,0.88833,,26.354486124447142,observed,,2000,1500,False,,0.407346248626709,4.885673999786377
kodim22,results/datasets/abl004/kodak24/kodim22.png,512,768,768,floyd_steinberg,aniso_flanking,floyd_steinberg,none,,,1500,35.0,"[28.0, 30.0, 32.0, 35.0]",512,cuda,,0.0001,32,False,150,,,l1,0.3,False,2000,1,0.5,0.02,0.15,6.0,1.0,18.1461,0.68285,0.83002,,21.310418977667442,observed,,2000,1500,False,,0.4072754383087158,4.450540065765381
kodim22,results/datasets/abl004/kodak24/kodim22.png,512,768,768,iso_blue_noise,iso_blue_noise,wse,none,,,1500,35.0,"[28.0, 30.0, 32.0, 35.0]",512,cuda,,0.0001,32,False,150,,,l1,0.3,False,2000,0,0.0,0.02,0.15,6.0,1.0,27.0729,0.73096,0.89659,,27.091036124735215,observed,,2000,1500,False,,0.24988770484924316,4.751387119293213
kodim22,results/datasets/abl004/kodak24/kodim22.png,512,768,768,iso_blue_noise,iso_blue_noise,wse,none,,,1500,35.0,"[28.0, 30.0, 32.0, 35.0]",512,cuda,,0.0001,32,False,150,,,l1,0.3,False,2000,1,0.0,0.02,0.15,6.0,1.0,27.2408,0.73121,0.89806,,27.093163655709233,observed,,2000,1500,False,,0.2390451431274414,4.61143946647644
kodim22,results/datasets/abl004/kodak24/kodim22.png,512,768,768,quadtree_hybrid,quadtree_hybrid,wse,none,,,1500,35.0,"[28.0, 30.0, 32.0, 35.0]",512,cuda,,0.0001,32,False,150,,,l1,0.3,False,2000,0,0.0,0.02,0.15,6.0,1.0,27.338,0.73413,0.89984,,27.29434312065893,observed,,2000,1500,False,,0.2858443260192871,4.864128112792969
kodim22,results/datasets/abl004/kodak24/kodim22.png,512,768,768,quadtree_hybrid,quadtree_hybrid,wse,none,,,1500,35.0,"[28.0, 30.0, 32.0, 35.0]",512,cuda,,0.0001,32,False,150,,,l1,0.3,False,2000,1,0.0,0.02,0.15,6.0,1.0,27.3659,0.73678,0.89976,,27.255334751060442,observed,,2000,1500,False,,0.2909829616546631,4.929204225540161
kodim22,results/datasets/abl004/kodak24/kodim22.png,512,768,768,quadtree_wse,quadtree_wse,wse,none,,,1500,35.0,"[28.0, 30.0, 32.0, 35.0]",512,cuda,,0.0001,32,False,150,,,l1,0.3,False,2000,0,0.0,0.02,0.15,6.0,1.0,27.5273,0.7349,0.89788,,27.351837705341158,observed,,2000,1500,False,,0.6106276512145996,5.182275295257568
kodim22,results/datasets/abl004/kodak24/kodim22.png,512,768,768,quadtree_wse,quadtree_wse,wse,none,,,1500,35.0,"[28.0, 30.0, 32.0, 35.0]",512,cuda,,0.0001,32,False,150,,,l1,0.3,False,2000,1,0.0,0.02,0.15,6.0,1.0,26.989,0.73357,0.8955,,27.21350648038939,observed,,2000,1500,False,,0.6036381721496582,5.305445194244385
kodim23,results/datasets/abl004/kodak24/kodim23.png,512,768,768,aniso_flanking,aniso_flanking,wse,none,,,1500,35.0,"[28.0, 30.0, 32.0, 35.0]",512,cuda,,0.0001,32,False,150,,,l1,0.3,False,2000,0,0.5,0.02,0.15,6.0,1.0,33.8236,0.91305,0.97463,,33.063087589347894,observed,,2000,1500,False,,0.34499216079711914,5.318525791168213
kodim23,results/datasets/abl004/kodak24/kodim23.png,512,768,768,aniso_flanking,aniso_flanking,wse,none,,,1500,35.0,"[28.0, 30.0, 32.0, 35.0]",512,cuda,,0.0001,32,False,150,,,l1,0.3,False,2000,1,0.5,0.02,0.15,6.0,1.0,33.9554,0.91271,0.97433,,33.21728655081578,observed,,2000,1500,False,,0.35585856437683105,4.866482973098755
kodim23,results/datasets/abl004/kodak24/kodim23.png,512,768,768,aniso_onedge,aniso_onedge,wse,none,,,1500,35.0,"[28.0, 30.0, 32.0, 35.0]",512,cuda,,0.0001,32,False,150,,,l1,0.3,False,2000,0,0.0,0.02,0.15,6.0,1.0,33.9931,0.91403,0.97481,,33.192372511036005,observed,,2000,1500,False,,0.3406977653503418,5.284586668014526
kodim23,results/datasets/abl004/kodak24/kodim23.png,512,768,768,aniso_onedge,aniso_onedge,wse,none,,,1500,35.0,"[28.0, 30.0, 32.0, 35.0]",512,cuda,,0.0001,32,False,150,,,l1,0.3,False,2000,1,0.0,0.02,0.15,6.0,1.0,33.8286,0.91242,0.97386,,33.25190104000404,observed,,2000,1500,False,,0.352130651473999,4.812525272369385
kodim23,results/datasets/abl004/kodak24/kodim23.png,512,768,768,floyd_steinberg,aniso_flanking,floyd_steinberg,none,,,1500,35.0,"[28.0, 30.0, 32.0, 35.0]",512,cuda,,0.0001,32,False,150,,,l1,0.3,False,2000,0,0.5,0.02,0.15,6.0,1.0,21.9337,0.88917,0.94205,,27.04853604935741,observed,,2000,1500,False,,0.3851630687713623,4.868914842605591
kodim23,results/datasets/abl004/kodak24/kodim23.png,512,768,768,floyd_steinberg,aniso_flanking,floyd_steinberg,none,,,1500,35.0,"[28.0, 30.0, 32.0, 35.0]",512,cuda,,0.0001,32,False,150,,,l1,0.3,False,2000,1,0.5,0.02,0.15,6.0,1.0,22.8416,0.89312,0.94853,,27.581972532545908,observed,,2000,1500,False,,0.3917121887207031,4.835327386856079
kodim23,results/datasets/abl004/kodak24/kodim23.png,512,768,768,iso_blue_noise,iso_blue_noise,wse,none,,,1500,35.0,"[28.0, 30.0, 32.0, 35.0]",512,cuda,,0.0001,32,False,150,,,l1,0.3,False,2000,0,0.0,0.02,0.15,6.0,1.0,33.8697,0.91236,0.97397,,32.92965419201791,observed,,2000,1500,False,,0.2539665699005127,4.900787115097046
kodim23,results/datasets/abl004/kodak24/kodim23.png,512,768,768,iso_blue_noise,iso_blue_noise,wse,none,,,1500,35.0,"[28.0, 30.0, 32.0, 35.0]",512,cuda,,0.0001,32,False,150,,,l1,0.3,False,2000,1,0.0,0.02,0.15,6.0,1.0,33.8113,0.91143,0.97353,,32.99605433315814,observed,,2000,1500,False,,0.25396251678466797,4.606566667556763
kodim23,results/datasets/abl004/kodak24/kodim23.png,512,768,768,quadtree_hybrid,quadtree_hybrid,wse,none,,,1500,35.0,"[28.0, 30.0, 32.0, 35.0]",512,cuda,,0.0001,32,False,150,,,l1,0.3,False,2000,0,0.0,0.02,0.15,6.0,1.0,33.8633,0.91274,0.9742,,33.18828870329243,observed,,2000,1500,False,,0.3336756229400635,5.312687158584595
kodim23,results/datasets/abl004/kodak24/kodim23.png,512,768,768,quadtree_hybrid,quadtree_hybrid,wse,none,,,1500,35.0,"[28.0, 30.0, 32.0, 35.0]",512,cuda,,0.0001,32,False,150,,,l1,0.3,False,2000,1,0.0,0.02,0.15,6.0,1.0,33.9429,0.91364,0.97472,,33.14028821236456,observed,,2000,1500,False,,0.3381369113922119,5.187448740005493
kodim23,results/datasets/abl004/kodak24/kodim23.png,512,768,768,quadtree_wse,quadtree_wse,wse,none,,,1500,35.0,"[28.0, 30.0, 32.0, 35.0]",512,cuda,,0.0001,32,False,150,,,l1,0.3,False,2000,0,0.0,0.02,0.15,6.0,1.0,34.0556,0.91459,0.97489,,33.444654929152804,observed,,2000,1500,False,,0.5924873352050781,4.964778423309326
kodim23,results/datasets/abl004/kodak24/kodim23.png,512,768,768,quadtree_wse,quadtree_wse,wse,none,,,1500,35.0,"[28.0, 30.0, 32.0, 35.0]",512,cuda,,0.0001,32,False,150,,,l1,0.3,False,2000,1,0.0,0.02,0.15,6.0,1.0,34.3238,0.91408,0.97416,,33.46366959686992,observed,,2000,1500,False,,0.5796575546264648,4.974567651748657
kodim24,results/datasets/abl004/kodak24/kodim24.png,512,768,768,aniso_flanking,aniso_flanking,wse,none,,,1500,35.0,"[28.0, 30.0, 32.0, 35.0]",512,cuda,,0.0001,32,False,150,,,l1,0.3,False,2000,0,0.5,0.02,0.15,6.0,1.0,21.8486,0.69382,0.84763,,22.98851476151439,observed,,2000,1500,False,,0.3342008590698242,4.505514621734619
kodim24,results/datasets/abl004/kodak24/kodim24.png,512,768,768,aniso_flanking,aniso_flanking,wse,none,,,1500,35.0,"[28.0, 30.0, 32.0, 35.0]",512,cuda,,0.0001,32,False,150,,,l1,0.3,False,2000,1,0.5,0.02,0.15,6.0,1.0,21.7788,0.69663,0.85603,,22.84639310296016,observed,,2000,1500,False,,0.332059383392334,4.996122598648071
kodim24,results/datasets/abl004/kodak24/kodim24.png,512,768,768,aniso_onedge,aniso_onedge,wse,none,,,1500,35.0,"[28.0, 30.0, 32.0, 35.0]",512,cuda,,0.0001,32,False,150,,,l1,0.3,False,2000,0,0.0,0.02,0.15,6.0,1.0,22.0488,0.70341,0.85801,,23.10185891584685,observed,,2000,1500,False,,0.33249759674072266,4.87980580329895
kodim24,results/datasets/abl004/kodak24/kodim24.png,512,768,768,aniso_onedge,aniso_onedge,wse,none,,,1500,35.0,"[28.0, 30.0, 32.0, 35.0]",512,cuda,,0.0001,32,False,150,,,l1,0.3,False,2000,1,0.0,0.02,0.15,6.0,1.0,22.0508,0.69975,0.85723,,22.803566320010866,observed,,2000,1500,False,,0.3345050811767578,4.611940145492554
kodim24,results/datasets/abl004/kodak24/kodim24.png,512,768,768,floyd_steinberg,aniso_flanking,floyd_steinberg,none,,,1500,35.0,"[28.0, 30.0, 32.0, 35.0]",512,cuda,,0.0001,32,False,150,,,l1,0.3,False,2000,0,0.5,0.02,0.15,6.0,1.0,19.0506,0.6763,0.81952,,20.423574703387057,observed,,2000,1500,False,,0.3902132511138916,5.125272274017334
kodim24,results/datasets/abl004/kodak24/kodim24.png,512,768,768,floyd_steinberg,aniso_flanking,floyd_steinberg,none,,,1500,35.0,"[28.0, 30.0, 32.0, 35.0]",512,cuda,,0.0001,32,False,150,,,l1,0.3,False,2000,1,0.5,0.02,0.15,6.0,1.0,18.2955,0.67857,0.8215,,21.819656088321985,observed,,2000,1500,False,,0.39859652519226074,5.126561403274536
kodim24,results/datasets/abl004/kodak24/kodim24.png,512,768,768,iso_blue_noise,iso_blue_noise,wse,none,,,1500,35.0,"[28.0, 30.0, 32.0, 35.0]",512,cuda,,0.0001,32,False,150,,,l1,0.3,False,2000,0,0.0,0.02,0.15,6.0,1.0,21.7831,0.69746,0.85651,,22.727733802286444,observed,,2000,1500,False,,0.2415478229522705,4.903531074523926
kodim24,results/datasets/abl004/kodak24/kodim24.png,512,768,768,iso_blue_noise,iso_blue_noise,wse,none,,,1500,35.0,"[28.0, 30.0, 32.0, 35.0]",512,cuda,,0.0001,32,False,150,,,l1,0.3,False,2000,1,0.0,0.02,0.15,6.0,1.0,21.56,0.69262,0.85098,,22.910063535551615,observed,,2000,1500,False,,0.2456364631652832,4.986418962478638
kodim24,results/datasets/abl004/kodak24/kodim24.png,512,768,768,quadtree_hybrid,quadtree_hybrid,wse,none,,,1500,35.0,"[28.0, 30.0, 32.0, 35.0]",512,cuda,,0.0001,32,False,150,,,l1,0.3,False,2000,0,0.0,0.02,0.15,6.0,1.0,22.234,0.70534,0.86334,,22.89014070331454,observed,,2000,1500,False,,0.30104899406433105,4.975011587142944
kodim24,results/datasets/abl004/kodak24/kodim24.png,512,768,768,quadtree_hybrid,quadtree_hybrid,wse,none,,,1500,35.0,"[28.0, 30.0, 32.0, 35.0]",512,cuda,,0.0001,32,False,150,,,l1,0.3,False,2000,1,0.0,0.02,0.15,6.0,1.0,21.5551,0.70172,0.86111,,22.533929570346295,observed,,2000,1500,False,,0.2827732563018799,4.945019483566284
kodim24,results/datasets/abl004/kodak24/kodim24.png,512,768,768,quadtree_wse,quadtree_wse,wse,none,,,1500,35.0,"[28.0, 30.0, 32.0, 35.0]",512,cuda,,0.0001,32,False,150,,,l1,0.3,False,2000,0,0.0,0.02,0.15,6.0,1.0,21.5672,0.6923,0.84967,,22.73817742610471,observed,,2000,1500,False,,0.5990855693817139,4.494570255279541
kodim24,results/datasets/abl004/kodak24/kodim24.png,512,768,768,quadtree_wse,quadtree_wse,wse,none,,,1500,35.0,"[28.0, 30.0, 32.0, 35.0]",512,cuda,,0.0001,32,False,150,,,l1,0.3,False,2000,1,0.0,0.02,0.15,6.0,1.0,22.6274,0.70688,0.86975,,23.247336899780926,observed,,2000,1500,False,,0.615128755569458,5.138575315475464
COCO_train2014_000000000009,tests/test_images/COCO_train2014_000000000009.jpg,480,640,768,aniso_flanking,aniso_flanking,wse,none,,,1500,35.0,"[28.0, 30.0, 32.0, 35.0]",512,cuda,,0.0001,32,False,150,,,l1,0.3,False,2000,0,0.5,0.02,0.15,6.0,1.0,24.7736,0.81539,0.94033,,24.580807930155544,observed,,2000,1500,False,,0.31820201873779297,4.623922109603882
COCO_train2014_000000000009,tests/test_images/COCO_train2014_000000000009.jpg,480,640,768,aniso_flanking,aniso_flanking,wse,none,,,1500,35.0,"[28.0, 30.0, 32.0, 35.0]",512,cuda,,0.0001,32,False,150,,,l1,0.3,False,2000,1,0.5,0.02,0.15,6.0,1.0,24.9322,0.81622,0.94194,,24.586968111467012,observed,,2000,1500,False,,0.33587098121643066,4.618540287017822
COCO_train2014_000000000009,tests/test_images/COCO_train2014_000000000009.jpg,480,640,768,aniso_onedge,aniso_onedge,wse,none,,,1500,35.0,"[28.0, 30.0, 32.0, 35.0]",512,cuda,,0.0001,32,False,150,,,l1,0.3,False,2000,0,0.0,0.02,0.15,6.0,1.0,24.9656,0.8185,0.9444,,24.609264250355135,observed,,2000,1500,False,,0.3296687602996826,4.584842681884766
COCO_train2014_000000000009,tests/test_images/COCO_train2014_000000000009.jpg,480,640,768,aniso_onedge,aniso_onedge,wse,none,,,1500,35.0,"[28.0, 30.0, 32.0, 35.0]",512,cuda,,0.0001,32,False,150,,,l1,0.3,False,2000,1,0.0,0.02,0.15,6.0,1.0,24.9959,0.8188,0.94478,,24.638408228904108,observed,,2000,1500,False,,0.3205380439758301,4.5150110721588135
COCO_train2014_000000000009,tests/test_images/COCO_train2014_000000000009.jpg,480,640,768,floyd_steinberg,aniso_flanking,floyd_steinberg,none,,,1500,35.0,"[28.0, 30.0, 32.0, 35.0]",512,cuda,,0.0001,32,False,150,,,l1,0.3,False,2000,0,0.5,0.02,0.15,6.0,1.0,21.6901,0.79193,0.9187,,22.484710335811034,observed,,2000,1500,False,,0.3064882755279541,4.645393133163452
COCO_train2014_000000000009,tests/test_images/COCO_train2014_000000000009.jpg,480,640,768,floyd_steinberg,aniso_flanking,floyd_steinberg,none,,,1500,35.0,"[28.0, 30.0, 32.0, 35.0]",512,cuda,,0.0001,32,False,150,,,l1,0.3,False,2000,1,0.5,0.02,0.15,6.0,1.0,23.173,0.80094,0.92971,,23.508128122936654,observed,,2000,1500,False,,0.308582067489624,4.604530096054077
COCO_train2014_000000000009,tests/test_images/COCO_train2014_000000000009.jpg,480,640,768,iso_blue_noise,iso_blue_noise,wse,none,,,1500,35.0,"[28.0, 30.0, 32.0, 35.0]",512,cuda,,0.0001,32,False,150,,,l1,0.3,False,2000,0,0.0,0.02,0.15,6.0,1.0,24.2892,0.8133,0.94002,,24.25919865130424,observed,,2000,1500,False,,0.2352430820465088,4.2445104122161865
COCO_train2014_000000000009,tests/test_images/COCO_train2014_000000000009.jpg,480,640,768,iso_blue_noise,iso_blue_noise,wse,none,,,1500,35.0,"[28.0, 30.0, 32.0, 35.0]",512,cuda,,0.0001,32,False,150,,,l1,0.3,False,2000,1,0.0,0.02,0.15,6.0,1.0,24.3802,0.80994,0.93662,,24.256782612536572,observed,,2000,1500,False,,0.24814701080322266,4.351539850234985
COCO_train2014_000000000009,tests/test_images/COCO_train2014_000000000009.jpg,480,640,768,quadtree_hybrid,quadtree_hybrid,wse,none,,,1500,35.0,"[28.0, 30.0, 32.0, 35.0]",512,cuda,,0.0001,32,False,150,,,l1,0.3,False,2000,0,0.0,0.02,0.15,6.0,1.0,24.8551,0.81681,0.94195,,24.53473678535426,observed,,2000,1500,False,,0.274183988571167,4.653700828552246
COCO_train2014_000000000009,tests/test_images/COCO_train2014_000000000009.jpg,480,640,768,quadtree_hybrid,quadtree_hybrid,wse,none,,,1500,35.0,"[28.0, 30.0, 32.0, 35.0]",512,cuda,,0.0001,32,False,150,,,l1,0.3,False,2000,1,0.0,0.02,0.15,6.0,1.0,24.8348,0.81721,0.94388,,24.570692822645313,observed,,2000,1500,False,,0.26934051513671875,4.565672397613525
COCO_train2014_000000000009,tests/test_images/COCO_train2014_000000000009.jpg,480,640,768,quadtree_wse,quadtree_wse,wse,none,,,1500,35.0,"[28.0, 30.0, 32.0, 35.0]",512,cuda,,0.0001,32,False,150,,,l1,0.3,False,2000,0,0.0,0.02,0.15,6.0,1.0,24.8822,0.81467,0.94238,,24.549059082143224,observed,,2000,1500,False,,0.6944262981414795,4.781669855117798
COCO_train2014_000000000009,tests/test_images/COCO_train2014_000000000009.jpg,480,640,768,quadtree_wse,quadtree_wse,wse,none,,,1500,35.0,"[28.0, 30.0, 32.0, 35.0]",512,cuda,,0.0001,32,False,150,,,l1,0.3,False,2000,1,0.0,0.02,0.15,6.0,1.0,24.946,0.81642,0.94315,,24.6384351614557,observed,,2000,1500,False,,0.6835010051727295,4.671105623245239
COCO_train2014_000000000025,tests/test_images/COCO_train2014_000000000025.jpg,426,640,768,aniso_flanking,aniso_flanking,wse,none,,,1500,35.0,"[28.0, 30.0, 32.0, 35.0]",512,cuda,,0.0001,32,False,150,,,l1,0.3,False,2000,0,0.5,0.02,0.15,6.0,1.0,19.263,0.51172,0.8199,,19.501089852519478,observed,,2000,1500,False,,0.2901296615600586,3.834195137023926
COCO_train2014_000000000025,tests/test_images/COCO_train2014_000000000025.jpg,426,640,768,aniso_flanking,aniso_flanking,wse,none,,,1500,35.0,"[28.0, 30.0, 32.0, 35.0]",512,cuda,,0.0001,32,False,150,,,l1,0.3,False,2000,1,0.5,0.02,0.15,6.0,1.0,19.4391,0.51403,0.82898,,19.533365564556263,observed,,2000,1500,False,,0.3060784339904785,3.7017369270324707
COCO_train2014_000000000025,tests/test_images/COCO_train2014_000000000025.jpg,426,640,768,aniso_onedge,aniso_onedge,wse,none,,,1500,35.0,"[28.0, 30.0, 32.0, 35.0]",512,cuda,,0.0001,32,False,150,,,l1,0.3,False,2000,0,0.0,0.02,0.15,6.0,1.0,19.4986,0.51669,0.82937,,19.58950345495528,observed,,2000,1500,False,,0.3046104907989502,3.7370262145996094
COCO_train2014_000000000025,tests/test_images/COCO_train2014_000000000025.jpg,426,640,768,aniso_onedge,aniso_onedge,wse,none,,,1500,35.0,"[28.0, 30.0, 32.0, 35.0]",512,cuda,,0.0001,32,False,150,,,l1,0.3,False,2000,1,0.0,0.02,0.15,6.0,1.0,19.6364,0.5233,0.83593,,19.648857644751043,observed,,2000,1500,False,,0.305370569229126,3.825359344482422
COCO_train2014_000000000025,tests/test_images/COCO_train2014_000000000025.jpg,426,640,768,floyd_steinberg,aniso_flanking,floyd_steinberg,none,,,1500,35.0,"[28.0, 30.0, 32.0, 35.0]",512,cuda,,0.0001,32,False,150,,,l1,0.3,False,2000,0,0.5,0.02,0.15,6.0,1.0,16.7532,0.48931,0.79796,,17.21212974813002,observed,,2000,1500,False,,0.27295994758605957,3.8001155853271484
COCO_train2014_000000000025,tests/test_images/COCO_train2014_000000000025.jpg,426,640,768,floyd_steinberg,aniso_flanking,floyd_steinberg,none,,,1500,35.0,"[28.0, 30.0, 32.0, 35.0]",512,cuda,,0.0001,32,False,150,,,l1,0.3,False,2000,1,0.5,0.02,0.15,6.0,1.0,15.5226,0.48068,0.79334,,16.881561093524425,observed,,2000,1500,False,,0.27123165130615234,3.9874930381774902
COCO_train2014_000000000025,tests/test_images/COCO_train2014_000000000025.jpg,426,640,768,iso_blue_noise,iso_blue_noise,wse,none,,,1500,35.0,"[28.0, 30.0, 32.0, 35.0]",512,cuda,,0.0001,32,False,150,,,l1,0.3,False,2000,0,0.0,0.02,0.15,6.0,1.0,19.1246,0.50378,0.81898,,19.309186751560976,observed,,2000,1500,False,,0.22211432456970215,3.3891220092773438
COCO_train2014_000000000025,tests/test_images/COCO_train2014_000000000025.jpg,426,640,768,iso_blue_noise,iso_blue_noise,wse,none,,,1500,35.0,"[28.0, 30.0, 32.0, 35.0]",512,cuda,,0.0001,32,False,150,,,l1,0.3,False,2000,1,0.0,0.02,0.15,6.0,1.0,19.4139,0.50989,0.82854,,19.49911314078058,observed,,2000,1500,False,,0.23798632621765137,3.83796763420105
COCO_train2014_000000000025,tests/test_images/COCO_train2014_000000000025.jpg,426,640,768,quadtree_hybrid,quadtree_hybrid,wse,none,,,1500,35.0,"[28.0, 30.0, 32.0, 35.0]",512,cuda,,0.0001,32,False,150,,,l1,0.3,False,2000,0,0.0,0.02,0.15,6.0,1.0,19.3636,0.51541,0.82822,,19.488220735261088,observed,,2000,1500,False,,0.2699158191680908,3.495985984802246
COCO_train2014_000000000025,tests/test_images/COCO_train2014_000000000025.jpg,426,640,768,quadtree_hybrid,quadtree_hybrid,wse,none,,,1500,35.0,"[28.0, 30.0, 32.0, 35.0]",512,cuda,,0.0001,32,False,150,,,l1,0.3,False,2000,1,0.0,0.02,0.15,6.0,1.0,19.5232,0.51923,0.83491,,19.58986514691435,observed,,2000,1500,False,,0.25510621070861816,3.8370659351348877
COCO_train2014_000000000025,tests/test_images/COCO_train2014_000000000025.jpg,426,640,768,quadtree_wse,quadtree_wse,wse,none,,,1500,35.0,"[28.0, 30.0, 32.0, 35.0]",512,cuda,,0.0001,32,False,150,,,l1,0.3,False,2000,0,0.0,0.02,0.15,6.0,1.0,19.4389,0.51466,0.82777,,19.540056266810115,observed,,2000,1500,False,,0.5311925411224365,3.6341891288757324
COCO_train2014_000000000025,tests/test_images/COCO_train2014_000000000025.jpg,426,640,768,quadtree_wse,quadtree_wse,wse,none,,,1500,35.0,"[28.0, 30.0, 32.0, 35.0]",512,cuda,,0.0001,32,False,150,,,l1,0.3,False,2000,1,0.0,0.02,0.15,6.0,1.0,19.6168,0.51931,0.83438,,19.5931240416432,observed,,2000,1500,False,,0.5423336029052734,3.6825344562530518
COCO_train2014_000000000030,tests/test_images/COCO_train2014_000000000030.jpg,428,640,768,aniso_flanking,aniso_flanking,wse,none,,,1500,35.0,"[28.0, 30.0, 32.0, 35.0]",512,cuda,,0.0001,32,False,150,,,l1,0.3,False,2000,0,0.5,0.02,0.15,6.0,1.0,30.3164,0.92488,0.9803,,30.35792279959202,observed,,2000,1500,False,,0.32773733139038086,3.722214937210083
COCO_train2014_000000000030,tests/test_images/COCO_train2014_000000000030.jpg,428,640,768,aniso_flanking,aniso_flanking,wse,none,,,1500,35.0,"[28.0, 30.0, 32.0, 35.0]",512,cuda,,0.0001,32,False,150,,,l1,0.3,False,2000,1,0.5,0.02,0.15,6.0,1.0,30.6296,0.92536,0.98091,,30.318776810781568,observed,,2000,1500,False,,0.33429908752441406,3.747610330581665
COCO_train2014_000000000030,tests/test_images/COCO_train2014_000000000030.jpg,428,640,768,aniso_onedge,aniso_onedge,wse,none,,,1500,35.0,"[28.0, 30.0, 32.0, 35.0]",512,cuda,,0.0001,32,False,150,,,l1,0.3,False,2000,0,0.0,0.02,0.15,6.0,1.0,30.5915,0.92467,0.98011,,30.337384318732834,observed,,2000,1500,False,,0.3100295066833496,3.7516286373138428
COCO_train2014_000000000030,tests/test_images/COCO_train2014_000000000030.jpg,428,640,768,aniso_onedge,aniso_onedge,wse,none,,,1500,35.0,"[28.0, 30.0, 32.0, 35.0]",512,cuda,,0.0001,32,False,150,,,l1,0.3,False,2000,1,0.0,0.02,0.15,6.0,1.0,30.9604,0.92589,0.98158,,30.392696804965315,observed,,2000,1500,False,,0.3282804489135742,3.76796817779541
COCO_train2014_000000000030,tests/test_images/COCO_train2014_000000000030.jpg,428,640,768,floyd_steinberg,aniso_flanking,floyd_steinberg,none,,,1500,35.0,"[28.0, 30.0, 32.0, 35.0]",512,cuda,,0.0001,32,False,150,,,l1,0.3,False,2000,0,0.5,0.02,0.15,6.0,1.0,28.5605,0.91771,0.97343,,28.834654542109902,observed,,2000,1500,False,,0.272066593170166,3.837235450744629
COCO_train2014_000000000030,tests/test_images/COCO_train2014_000000000030.jpg,428,640,768,floyd_steinberg,aniso_flanking,floyd_steinberg,none,,,1500,35.0,"[28.0, 30.0, 32.0, 35.0]",512,cuda,,0.0001,32,False,150,,,l1,0.3,False,2000,1,0.5,0.02,0.15,6.0,1.0,29.9717,0.91999,0.97666,,29.759048919346906,observed,,2000,1500,False,,0.2688760757446289,3.823160171508789
COCO_train2014_000000000030,tests/test_images/COCO_train2014_000000000030.jpg,428,640,768,iso_blue_noise,iso_blue_noise,wse,none,,,1500,35.0,"[28.0, 30.0, 32.0, 35.0]",512,cuda,,0.0001,32,False,150,,,l1,0.3,False,2000,0,0.0,0.02,0.15,6.0,1.0,30.2687,0.92491,0.98028,,30.207359258614833,observed,,2000,1500,False,,0.23449039459228516,3.6393039226531982
COCO_train2014_000000000030,tests/test_images/COCO_train2014_000000000030.jpg,428,640,768,iso_blue_noise,iso_blue_noise,wse,none,,,1500,35.0,"[28.0, 30.0, 32.0, 35.0]",512,cuda,,0.0001,32,False,150,,,l1,0.3,False,2000,1,0.0,0.02,0.15,6.0,1.0,30.785,0.92477,0.98093,,30.311052272763547,observed,,2000,1500,False,,0.24894952774047852,3.779376745223999
COCO_train2014_000000000030,tests/test_images/COCO_train2014_000000000030.jpg,428,640,768,quadtree_hybrid,quadtree_hybrid,wse,none,,,1500,35.0,"[28.0, 30.0, 32.0, 35.0]",512,cuda,,0.0001,32,False,150,,,l1,0.3,False,2000,0,0.0,0.02,0.15,6.0,1.0,30.8421,0.92617,0.98154,,30.364433272669043,observed,,2000,1500,False,,0.30785632133483887,4.053374290466309
COCO_train2014_000000000030,tests/test_images/COCO_train2014_000000000030.jpg,428,640,768,quadtree_hybrid,quadtree_hybrid,wse,none,,,1500,35.0,"[28.0, 30.0, 32.0, 35.0]",512,cuda,,0.0001,32,False,150,,,l1,0.3,False,2000,1,0.0,0.02,0.15,6.0,1.0,30.7885,0.92495,0.98103,,30.356386205051006,observed,,2000,1500,False,,0.29045891761779785,3.9925458431243896
COCO_train2014_000000000030,tests/test_images/COCO_train2014_000000000030.jpg,428,640,768,quadtree_wse,quadtree_wse,wse,none,,,1500,35.0,"[28.0, 30.0, 32.0, 35.0]",512,cuda,,0.0001,32,False,150,,,l1,0.3,False,2000,0,0.0,0.02,0.15,6.0,1.0,31.2918,0.92763,0.98188,,30.68543524611704,observed,,2000,1500,False,,0.6068968772888184,3.6734323501586914
COCO_train2014_000000000030,tests/test_images/COCO_train2014_000000000030.jpg,428,640,768,quadtree_wse,quadtree_wse,wse,none,,,1500,35.0,"[28.0, 30.0, 32.0, 35.0]",512,cuda,,0.0001,32,False,150,,,l1,0.3,False,2000,1,0.0,0.02,0.15,6.0,1.0,31.2749,0.92856,0.98232,,30.73920344097603,observed,,2000,1500,False,,0.624957799911499,4.040197372436523
COCO_train2014_000000000034,tests/test_images/COCO_train2014_000000000034.jpg,425,640,768,aniso_flanking,aniso_flanking,wse,none,,,1500,35.0,"[28.0, 30.0, 32.0, 35.0]",512,cuda,,0.0001,32,False,150,,,l1,0.3,False,2000,0,0.5,0.02,0.15,6.0,1.0,17.5563,0.46204,0.75855,,17.668616498447086,observed,,2000,1500,False,,0.3241901397705078,4.105530738830566
COCO_train2014_000000000034,tests/test_images/COCO_train2014_000000000034.jpg,425,640,768,aniso_flanking,aniso_flanking,wse,none,,,1500,35.0,"[28.0, 30.0, 32.0, 35.0]",512,cuda,,0.0001,32,False,150,,,l1,0.3,False,2000,1,0.5,0.02,0.15,6.0,1.0,17.5444,0.46007,0.75602,,17.675170633139174,observed,,2000,1500,False,,0.31882214546203613,4.154610872268677
COCO_train2014_000000000034,tests/test_images/COCO_train2014_000000000034.jpg,425,640,768,aniso_onedge,aniso_onedge,wse,none,,,1500,35.0,"[28.0, 30.0, 32.0, 35.0]",512,cuda,,0.0001,32,False,150,,,l1,0.3,False,2000,0,0.0,0.02,0.15,6.0,1.0,17.5596,0.46512,0.7605,,17.72455575610893,observed,,2000,1500,False,,0.33836936950683594,4.085747480392456
COCO_train2014_000000000034,tests/test_images/COCO_train2014_000000000034.jpg,425,640,768,aniso_onedge,aniso_onedge,wse,none,,,1500,35.0,"[28.0, 30.0, 32.0, 35.0]",512,cuda,,0.0001,32,False,150,,,l1,0.3,False,2000,1,0.0,0.02,0.15,6.0,1.0,17.5627,0.46361,0.75777,,17.69881740516627,observed,,2000,1500,False,,0.3300187587738037,4.119899034500122
COCO_train2014_000000000034,tests/test_images/COCO_train2014_000000000034.jpg,425,640,768,floyd_steinberg,aniso_flanking,floyd_steinberg,none,,,1500,35.0,"[28.0, 30.0, 32.0, 35.0]",512,cuda,,0.0001,32,False,150,,,l1,0.3,False,2000,0,0.5,0.02,0.15,6.0,1.0,17.0932,0.45166,0.73702,,17.325330445414945,observed,,2000,1500,False,,0.2707674503326416,4.202418804168701
COCO_train2014_000000000034,tests/test_images/COCO_train2014_000000000034.jpg,425,640,768,floyd_steinberg,aniso_flanking,floyd_steinberg,none,,,1500,35.0,"[28.0, 30.0, 32.0, 35.0]",512,cuda,,0.0001,32,False,150,,,l1,0.3,False,2000,1,0.5,0.02,0.15,6.0,1.0,17.6993,0.45617,0.7467,,16.945718648832905,observed,,2000,1500,False,,0.26931071281433105,4.203246593475342
COCO_train2014_000000000034,tests/test_images/COCO_train2014_000000000034.jpg,425,640,768,iso_blue_noise,iso_blue_noise,wse,none,,,1500,35.0,"[28.0, 30.0, 32.0, 35.0]",512,cuda,,0.0001,32,False,150,,,l1,0.3,False,2000,0,0.0,0.02,0.15,6.0,1.0,17.4675,0.45426,0.7535,,17.54263222829909,observed,,2000,1500,False,,0.23277640342712402,4.022946119308472
COCO_train2014_000000000034,tests/test_images/COCO_train2014_000000000034.jpg,425,640,768,iso_blue_noise,iso_blue_noise,wse,none,,,1500,35.0,"[28.0, 30.0, 32.0, 35.0]",512,cuda,,0.0001,32,False,150,,,l1,0.3,False,2000,1,0.0,0.02,0.15,6.0,1.0,17.3177,0.44892,0.74844,,17.500774186320747,observed,,2000,1500,False,,0.2567901611328125,4.0039238929748535
COCO_train2014_000000000034,tests/test_images/COCO_train2014_000000000034.jpg,425,640,768,quadtree_hybrid,quadtree_hybrid,wse,none,,,1500,35.0,"[28.0, 30.0, 32.0, 35.0]",512,cuda,,0.0001,32,False,150,,,l1,0.3,False,2000,0,0.0,0.02,0.15,6.0,1.0,17.5712,0.47082,0.76553,,17.71580663277675,observed,,2000,1500,False,,0.29012084007263184,4.2486677169799805
COCO_train2014_000000000034,tests/test_images/COCO_train2014_000000000034.jpg,425,640,768,quadtree_hybrid,quadtree_hybrid,wse,none,,,1500,35.0,"[28.0, 30.0, 32.0, 35.0]",512,cuda,,0.0001,32,False,150,,,l1,0.3,False,2000,1,0.0,0.02,0.15,6.0,1.0,17.4407,0.46262,0.75812,,17.650986001521765,observed,,2000,1500,False,,0.3858373165130615,4.111691951751709
COCO_train2014_000000000034,tests/test_images/COCO_train2014_000000000034.jpg,425,640,768,quadtree_wse,quadtree_wse,wse,none,,,1500,35.0,"[28.0, 30.0, 32.0, 35.0]",512,cuda,,0.0001,32,False,150,,,l1,0.3,False,2000,0,0.0,0.02,0.15,6.0,1.0,17.6356,0.46112,0.76225,,17.64996367092527,observed,,2000,1500,False,,0.555042028427124,4.1634674072265625
COCO_train2014_000000000034,tests/test_images/COCO_train2014_000000000034.jpg,425,640,768,quadtree_wse,quadtree_wse,wse,none,,,1500,35.0,"[28.0, 30.0, 32.0, 35.0]",512,cuda,,0.0001,32,False,150,,,l1,0.3,False,2000,1,0.0,0.02,0.15,6.0,1.0,17.5543,0.4573,0.75334,,17.680250938293376,observed,,2000,1500,False,,0.5410125255584717,4.107589483261108
kodim01,results/datasets/abl004/kodak24/kodim01.png,512,768,768,aniso_onedge,aniso_onedge,wse,none,,,1500,35.0,"[28.0, 30.0, 32.0, 35.0]",512,cuda,,0.0001,32,False,150,,,l1,0.3,False,5000,0,0.0,0.02,0.15,6.0,1.0,25.3243,0.76099,0.92411,,25.3330229930356,observed,,5000,1500,False,,0.9568095207214355,5.361651659011841
kodim01,results/datasets/abl004/kodak24/kodim01.png,512,768,768,aniso_onedge,aniso_onedge,wse,none,,,1500,35.0,"[28.0, 30.0, 32.0, 35.0]",512,cuda,,0.0001,32,False,150,,,l1,0.3,False,5000,1,0.0,0.02,0.15,6.0,1.0,25.5312,0.76454,0.92768,,25.47391841855345,observed,,5000,1500,False,,0.8943407535552979,4.826696395874023
kodim01,results/datasets/abl004/kodak24/kodim01.png,512,768,768,quadtree_wse,quadtree_wse,wse,none,,,1500,35.0,"[28.0, 30.0, 32.0, 35.0]",512,cuda,,0.0001,32,False,150,,,l1,0.3,False,5000,0,0.0,0.02,0.15,6.0,1.0,25.6823,0.76569,0.9297,,25.50243769016482,observed,,5000,1500,False,,1.5573256015777588,4.787631273269653
kodim01,results/datasets/abl004/kodak24/kodim01.png,512,768,768,quadtree_wse,quadtree_wse,wse,none,,,1500,35.0,"[28.0, 30.0, 32.0, 35.0]",512,cuda,,0.0001,32,False,150,,,l1,0.3,False,5000,1,0.0,0.02,0.15,6.0,1.0,25.4644,0.76307,0.92769,,25.42197342249773,observed,,5000,1500,False,,1.5286543369293213,5.296503782272339
kodim02,results/datasets/abl004/kodak24/kodim02.png,512,768,768,aniso_onedge,aniso_onedge,wse,none,,,1500,35.0,"[28.0, 30.0, 32.0, 35.0]",512,cuda,,0.0001,32,False,150,,,l1,0.3,False,5000,0,0.0,0.02,0.15,6.0,1.0,33.4362,0.8678,0.96162,,33.1224403139589,observed,,5000,1500,False,,0.9021568298339844,6.02675724029541
kodim02,results/datasets/abl004/kodak24/kodim02.png,512,768,768,aniso_onedge,aniso_onedge,wse,none,,,1500,35.0,"[28.0, 30.0, 32.0, 35.0]",512,cuda,,0.0001,32,False,150,,,l1,0.3,False,5000,1,0.0,0.02,0.15,6.0,1.0,32.9572,0.86721,0.95954,,33.0297043566866,observed,,5000,1500,False,,0.9078283309936523,5.568167209625244
kodim02,results/datasets/abl004/kodak24/kodim02.png,512,768,768,quadtree_wse,quadtree_wse,wse,none,,,1500,35.0,"[28.0, 30.0, 32.0, 35.0]",512,cuda,,0.0001,32,False,150,,,l1,0.3,False,5000,0,0.0,0.02,0.15,6.0,1.0,33.5708,0.8688,0.96267,,33.09857391627174,observed,,5000,1500,False,,1.2690234184265137,6.054736137390137
kodim02,results/datasets/abl004/kodak24/kodim02.png,512,768,768,quadtree_wse,quadtree_wse,wse,none,,,1500,35.0,"[28.0, 30.0, 32.0, 35.0]",512,cuda,,0.0001,32,False,150,,,l1,0.3,False,5000,1,0.0,0.02,0.15,6.0,1.0,33.2654,0.86859,0.96133,,32.9604135071778,observed,,5000,1500,False,,1.2699472904205322,6.1061694622039795
kodim03,results/datasets/abl004/kodak24/kodim03.png,512,768,768,aniso_onedge,aniso_onedge,wse,none,,,1500,35.0,"[28.0, 30.0, 32.0, 35.0]",512,cuda,,0.0001,32,False,150,,,l1,0.3,False,5000,0,0.0,0.02,0.15,6.0,1.0,34.9221,0.92589,0.98023,,34.350027686202424,observed,820,5000,1500,False,,1.0311713218688965,6.131890535354614
kodim03,results/datasets/abl004/kodak24/kodim03.png,512,768,768,aniso_onedge,aniso_onedge,wse,none,,,1500,35.0,"[28.0, 30.0, 32.0, 35.0]",512,cuda,,0.0001,32,False,150,,,l1,0.3,False,5000,1,0.0,0.02,0.15,6.0,1.0,34.9217,0.92651,0.98029,,34.449286369898864,observed,1065,5000,1500,False,,1.05238676071167,6.266184568405151
kodim03,results/datasets/abl004/kodak24/kodim03.png,512,768,768,quadtree_wse,quadtree_wse,wse,none,,,1500,35.0,"[28.0, 30.0, 32.0, 35.0]",512,cuda,,0.0001,32,False,150,,,l1,0.3,False,5000,0,0.0,0.02,0.15,6.0,1.0,34.9777,0.9286,0.98071,,34.504668793732364,observed,760,5000,1500,False,,1.5143773555755615,5.888275623321533
kodim03,results/datasets/abl004/kodak24/kodim03.png,512,768,768,quadtree_wse,quadtree_wse,wse,none,,,1500,35.0,"[28.0, 30.0, 32.0, 35.0]",512,cuda,,0.0001,32,False,150,,,l1,0.3,False,5000,1,0.0,0.02,0.15,6.0,1.0,35.0392,0.92877,0.98118,,34.53954994272915,observed,579,5000,1500,False,,1.536015510559082,5.848417282104492
kodim04,results/datasets/abl004/kodak24/kodim04.png,768,512,768,aniso_onedge,aniso_onedge,wse,none,,,1500,35.0,"[28.0, 30.0, 32.0, 35.0]",512,cuda,,0.0001,32,False,150,,,l1,0.3,False,5000,0,0.0,0.02,0.15,6.0,1.0,32.5303,0.8677,0.96466,,32.118958298248636,observed,,5000,1500,False,,0.9391617774963379,5.370189905166626
kodim04,results/datasets/abl004/kodak24/kodim04.png,768,512,768,aniso_onedge,aniso_onedge,wse,none,,,1500,35.0,"[28.0, 30.0, 32.0, 35.0]",512,cuda,,0.0001,32,False,150,,,l1,0.3,False,5000,1,0.0,0.02,0.15,6.0,1.0,32.5783,0.86763,0.96417,,32.08037144824455,observed,,5000,1500,False,,1.0030133724212646,5.222336053848267
kodim04,results/datasets/abl004/kodak24/kodim04.png,768,512,768,quadtree_wse,quadtree_wse,wse,none,,,1500,35.0,"[28.0, 30.0, 32.0, 35.0]",512,cuda,,0.0001,32,False,150,,,l1,0.3,False,5000,0,0.0,0.02,0.15,6.0,1.0,32.5389,0.86763,0.96431,,32.07131608093954,observed,,5000,1500,False,,1.3245692253112793,5.440073728561401
kodim04,results/datasets/abl004/kodak24/kodim04.png,768,512,768,quadtree_wse,quadtree_wse,wse,none,,,1500,35.0,"[28.0, 30.0, 32.0, 35.0]",512,cuda,,0.0001,32,False,150,,,l1,0.3,False,5000,1,0.0,0.02,0.15,6.0,1.0,32.5685,0.86784,0.96461,,32.09746799252684,observed,,5000,1500,False,,1.3113417625427246,5.19075083732605
kodim05,results/datasets/abl004/kodak24/kodim05.png,512,768,768,aniso_onedge,aniso_onedge,wse,none,,,1500,35.0,"[28.0, 30.0, 32.0, 35.0]",512,cuda,,0.0001,32,False,150,,,l1,0.3,False,5000,0,0.0,0.02,0.15,6.0,1.0,25.5279,0.80621,0.94373,,25.382309678874865,observed,,5000,1500,False,,1.0192368030548096,5.410595893859863
kodim05,results/datasets/abl004/kodak24/kodim05.png,512,768,768,aniso_onedge,aniso_onedge,wse,none,,,1500,35.0,"[28.0, 30.0, 32.0, 35.0]",512,cuda,,0.0001,32,False,150,,,l1,0.3,False,5000,1,0.0,0.02,0.15,6.0,1.0,25.7229,0.80199,0.94203,,25.410876052072638,observed,,5000,1500,False,,0.9877903461456299,5.763116359710693
kodim05,results/datasets/abl004/kodak24/kodim05.png,512,768,768,quadtree_wse,quadtree_wse,wse,none,,,1500,35.0,"[28.0, 30.0, 32.0, 35.0]",512,cuda,,0.0001,32,False,150,,,l1,0.3,False,5000,0,0.0,0.02,0.15,6.0,1.0,25.407,0.79773,0.93744,,25.29344185771268,observed,,5000,1500,False,,1.50651216506958,4.900296926498413
kodim05,results/datasets/abl004/kodak24/kodim05.png,512,768,768,quadtree_wse,quadtree_wse,wse,none,,,1500,35.0,"[28.0, 30.0, 32.0, 35.0]",512,cuda,,0.0001,32,False,150,,,l1,0.3,False,5000,1,0.0,0.02,0.15,6.0,1.0,25.6327,0.80329,0.94174,,25.34610531217182,observed,,5000,1500,False,,1.48842453956604,5.116016864776611
kodim06,results/datasets/abl004/kodak24/kodim06.png,512,768,768,aniso_onedge,aniso_onedge,wse,none,,,1500,35.0,"[28.0, 30.0, 32.0, 35.0]",512,cuda,,0.0001,32,False,150,,,l1,0.3,False,5000,0,0.0,0.02,0.15,6.0,1.0,27.9631,0.81635,0.93603,,27.57799241127691,observed,,5000,1500,False,,1.0007948875427246,5.534452676773071
kodim06,results/datasets/abl004/kodak24/kodim06.png,512,768,768,aniso_onedge,aniso_onedge,wse,none,,,1500,35.0,"[28.0, 30.0, 32.0, 35.0]",512,cuda,,0.0001,32,False,150,,,l1,0.3,False,5000,1,0.0,0.02,0.15,6.0,1.0,28.0761,0.8177,0.93754,,27.599740691945264,observed,,5000,1500,False,,1.0526971817016602,5.753182411193848
kodim06,results/datasets/abl004/kodak24/kodim06.png,512,768,768,quadtree_wse,quadtree_wse,wse,none,,,1500,35.0,"[28.0, 30.0, 32.0, 35.0]",512,cuda,,0.0001,32,False,150,,,l1,0.3,False,5000,0,0.0,0.02,0.15,6.0,1.0,28.0966,0.81903,0.93772,,27.644862718308584,observed,,5000,1500,False,,1.2813022136688232,5.8969950675964355
kodim06,results/datasets/abl004/kodak24/kodim06.png,512,768,768,quadtree_wse,quadtree_wse,wse,none,,,1500,35.0,"[28.0, 30.0, 32.0, 35.0]",512,cuda,,0.0001,32,False,150,,,l1,0.3,False,5000,1,0.0,0.02,0.15,6.0,1.0,28.1048,0.81825,0.93689,,27.635934103163503,observed,,5000,1500,False,,1.294072151184082,5.837259292602539
kodim07,results/datasets/abl004/kodak24/kodim07.png,512,768,768,aniso_onedge,aniso_onedge,wse,none,,,1500,35.0,"[28.0, 30.0, 32.0, 35.0]",512,cuda,,0.0001,32,False,150,,,l1,0.3,False,5000,0,0.0,0.02,0.15,6.0,1.0,32.4258,0.94247,0.98403,,32.74530288105889,observed,,5000,1500,False,,1.018876552581787,5.030555725097656
kodim07,results/datasets/abl004/kodak24/kodim07.png,512,768,768,aniso_onedge,aniso_onedge,wse,none,,,1500,35.0,"[28.0, 30.0, 32.0, 35.0]",512,cuda,,0.0001,32,False,150,,,l1,0.3,False,5000,1,0.0,0.02,0.15,6.0,1.0,33.4994,0.94467,0.98698,,33.0881632587924,observed,,5000,1500,False,,1.058150053024292,4.8657636642456055
kodim07,results/datasets/abl004/kodak24/kodim07.png,512,768,768,quadtree_wse,quadtree_wse,wse,none,,,1500,35.0,"[28.0, 30.0, 32.0, 35.0]",512,cuda,,0.0001,32,False,150,,,l1,0.3,False,5000,0,0.0,0.02,0.15,6.0,1.0,33.9299,0.94584,0.9876,,33.20635806790505,observed,,5000,1500,False,,1.5545215606689453,5.142924547195435
kodim07,results/datasets/abl004/kodak24/kodim07.png,512,768,768,quadtree_wse,quadtree_wse,wse,none,,,1500,35.0,"[28.0, 30.0, 32.0, 35.0]",512,cuda,,0.0001,32,False,150,,,l1,0.3,False,5000,1,0.0,0.02,0.15,6.0,1.0,31.8963,0.9439,0.98275,,32.54100594065681,observed,,5000,1500,False,,1.538635492324829,5.411098957061768
kodim08,results/datasets/abl004/kodak24/kodim08.png,512,768,768,aniso_onedge,aniso_onedge,wse,none,,,1500,35.0,"[28.0, 30.0, 32.0, 35.0]",512,cuda,,0.0001,32,False,150,,,l1,0.3,False,5000,0,0.0,0.02,0.15,6.0,1.0,24.5833,0.8062,0.9424,,24.32191842774537,observed,,5000,1500,False,,0.9782991409301758,4.965591669082642
kodim08,results/datasets/abl004/kodak24/kodim08.png,512,768,768,aniso_onedge,aniso_onedge,wse,none,,,1500,35.0,"[28.0, 30.0, 32.0, 35.0]",512,cuda,,0.0001,32,False,150,,,l1,0.3,False,5000,1,0.0,0.02,0.15,6.0,1.0,24.1926,0.8065,0.93918,,24.173244384068344,observed,,5000,1500,False,,0.9852354526519775,5.2852489948272705
kodim08,results/datasets/abl004/kodak24/kodim08.png,512,768,768,quadtree_wse,quadtree_wse,wse,none,,,1500,35.0,"[28.0, 30.0, 32.0, 35.0]",512,cuda,,0.0001,32,False,150,,,l1,0.3,False,5000,0,0.0,0.02,0.15,6.0,1.0,24.5176,0.80428,0.9401,,24.14209368262313,observed,,5000,1500,False,,1.5367987155914307,4.8553102016448975
kodim08,results/datasets/abl004/kodak24/kodim08.png,512,768,768,quadtree_wse,quadtree_wse,wse,none,,,1500,35.0,"[28.0, 30.0, 32.0, 35.0]",512,cuda,,0.0001,32,False,150,,,l1,0.3,False,5000,1,0.0,0.02,0.15,6.0,1.0,24.4143,0.80607,0.94223,,24.155056529080095,observed,,5000,1500,False,,1.5653891563415527,4.784356594085693
kodim09,results/datasets/abl004/kodak24/kodim09.png,768,512,768,aniso_onedge,aniso_onedge,wse,none,,,1500,35.0,"[28.0, 30.0, 32.0, 35.0]",512,cuda,,0.0001,32,False,150,,,l1,0.3,False,5000,0,0.0,0.02,0.15,6.0,1.0,34.4043,0.91925,0.98315,,33.64381673735249,observed,,5000,1500,False,,1.031095027923584,5.7630627155303955
kodim09,results/datasets/abl004/kodak24/kodim09.png,768,512,768,aniso_onedge,aniso_onedge,wse,none,,,1500,35.0,"[28.0, 30.0, 32.0, 35.0]",512,cuda,,0.0001,32,False,150,,,l1,0.3,False,5000,1,0.0,0.02,0.15,6.0,1.0,34.2843,0.9182,0.98295,,33.55523529587148,observed,,5000,1500,False,,1.102294921875,5.764103412628174
kodim09,results/datasets/abl004/kodak24/kodim09.png,768,512,768,quadtree_wse,quadtree_wse,wse,none,,,1500,35.0,"[28.0, 30.0, 32.0, 35.0]",512,cuda,,0.0001,32,False,150,,,l1,0.3,False,5000,0,0.0,0.02,0.15,6.0,1.0,34.4821,0.91979,0.98339,,33.69531984437379,observed,,5000,1500,False,,1.4173061847686768,5.651260137557983
kodim09,results/datasets/abl004/kodak24/kodim09.png,768,512,768,quadtree_wse,quadtree_wse,wse,none,,,1500,35.0,"[28.0, 30.0, 32.0, 35.0]",512,cuda,,0.0001,32,False,150,,,l1,0.3,False,5000,1,0.0,0.02,0.15,6.0,1.0,34.5093,0.92046,0.98355,,33.71003548569326,observed,,5000,1500,False,,1.3835968971252441,5.713996171951294
kodim10,results/datasets/abl004/kodak24/kodim10.png,768,512,768,aniso_onedge,aniso_onedge,wse,none,,,1500,35.0,"[28.0, 30.0, 32.0, 35.0]",512,cuda,,0.0001,32,False,150,,,l1,0.3,False,5000,0,0.0,0.02,0.15,6.0,1.0,35.6225,0.93338,0.98666,,34.8571130041284,observed,342,5000,1500,False,,1.014054536819458,5.84585165977478
kodim10,results/datasets/abl004/kodak24/kodim10.png,768,512,768,aniso_onedge,aniso_onedge,wse,none,,,1500,35.0,"[28.0, 30.0, 32.0, 35.0]",512,cuda,,0.0001,32,False,150,,,l1,0.3,False,5000,1,0.0,0.02,0.15,6.0,1.0,35.5405,0.93201,0.98647,,34.68869352817853,observed,401,5000,1500,False,,1.0690298080444336,6.040689945220947
kodim10,results/datasets/abl004/kodak24/kodim10.png,768,512,768,quadtree_wse,quadtree_wse,wse,none,,,1500,35.0,"[28.0, 30.0, 32.0, 35.0]",512,cuda,,0.0001,32,False,150,,,l1,0.3,False,5000,0,0.0,0.02,0.15,6.0,1.0,35.4295,0.93334,0.98612,,34.71845942644217,observed,343,5000,1500,False,,1.5265626907348633,5.849058389663696
kodim10,results/datasets/abl004/kodak24/kodim10.png,768,512,768,quadtree_wse,quadtree_wse,wse,none,,,1500,35.0,"[28.0, 30.0, 32.0, 35.0]",512,cuda,,0.0001,32,False,150,,,l1,0.3,False,5000,1,0.0,0.02,0.15,6.0,1.0,35.7148,0.93325,0.98682,,34.80178825627811,observed,384,5000,1500,False,,1.427323579788208,5.966189384460449
kodim11,results/datasets/abl004/kodak24/kodim11.png,512,768,768,aniso_onedge,aniso_onedge,wse,none,,,1500,35.0,"[28.0, 30.0, 32.0, 35.0]",512,cuda,,0.0001,32,False,150,,,l1,0.3,False,5000,0,0.0,0.02,0.15,6.0,1.0,30.0859,0.84179,0.95368,,29.562363236486476,observed,,5000,1500,False,,1.0048530101776123,5.785041093826294
kodim11,results/datasets/abl004/kodak24/kodim11.png,512,768,768,aniso_onedge,aniso_onedge,wse,none,,,1500,35.0,"[28.0, 30.0, 32.0, 35.0]",512,cuda,,0.0001,32,False,150,,,l1,0.3,False,5000,1,0.0,0.02,0.15,6.0,1.0,30.0511,0.84048,0.95374,,29.524976241103484,observed,,5000,1500,False,,1.0279145240783691,6.088576793670654
kodim11,results/datasets/abl004/kodak24/kodim11.png,512,768,768,quadtree_wse,quadtree_wse,wse,none,,,1500,35.0,"[28.0, 30.0, 32.0, 35.0]",512,cuda,,0.0001,32,False,150,,,l1,0.3,False,5000,0,0.0,0.02,0.15,6.0,1.0,30.0742,0.8398,0.95256,,29.53743906447377,observed,,5000,1500,False,,1.5006279945373535,6.016814231872559
kodim11,results/datasets/abl004/kodak24/kodim11.png,512,768,768,quadtree_wse,quadtree_wse,wse,none,,,1500,35.0,"[28.0, 30.0, 32.0, 35.0]",512,cuda,,0.0001,32,False,150,,,l1,0.3,False,5000,1,0.0,0.02,0.15,6.0,1.0,30.0161,0.83993,0.95221,,29.490658089508607,observed,,5000,1500,False,,1.4941625595092773,6.020514726638794
kodim12,results/datasets/abl004/kodak24/kodim12.png,512,768,768,aniso_onedge,aniso_onedge,wse,none,,,1500,35.0,"[28.0, 30.0, 32.0, 35.0]",512,cuda,,0.0001,32,False,150,,,l1,0.3,False,5000,0,0.0,0.02,0.15,6.0,1.0,33.8457,0.88712,0.96636,,33.38261557611487,observed,,5000,1500,False,,0.9842269420623779,5.504135608673096
kodim12,results/datasets/abl004/kodak24/kodim12.png,512,768,768,aniso_onedge,aniso_onedge,wse,none,,,1500,35.0,"[28.0, 30.0, 32.0, 35.0]",512,cuda,,0.0001,32,False,150,,,l1,0.3,False,5000,1,0.0,0.02,0.15,6.0,1.0,33.6051,0.88574,0.96544,,33.34446548095459,observed,,5000,1500,False,,0.9873902797698975,5.946002006530762
kodim12,results/datasets/abl004/kodak24/kodim12.png,512,768,768,quadtree_wse,quadtree_wse,wse,none,,,1500,35.0,"[28.0, 30.0, 32.0, 35.0]",512,cuda,,0.0001,32,False,150,,,l1,0.3,False,5000,0,0.0,0.02,0.15,6.0,1.0,33.854,0.88693,0.96618,,33.35527645515712,observed,,5000,1500,False,,1.4683279991149902,5.503828525543213
kodim12,results/datasets/abl004/kodak24/kodim12.png,512,768,768,quadtree_wse,quadtree_wse,wse,none,,,1500,35.0,"[28.0, 30.0, 32.0, 35.0]",512,cuda,,0.0001,32,False,150,,,l1,0.3,False,5000,1,0.0,0.02,0.15,6.0,1.0,33.9388,0.88561,0.96555,,33.394855756295215,observed,,5000,1500,False,,1.4329767227172852,5.4839043617248535
kodim13,results/datasets/abl004/kodak24/kodim13.png,512,768,768,aniso_onedge,aniso_onedge,wse,none,,,1500,35.0,"[28.0, 30.0, 32.0, 35.0]",512,cuda,,0.0001,32,False,150,,,l1,0.3,False,5000,0,0.0,0.02,0.15,6.0,1.0,22.3124,0.64482,0.88221,,22.234507764316227,observed,,5000,1500,False,,0.9617938995361328,5.135725498199463
kodim13,results/datasets/abl004/kodak24/kodim13.png,512,768,768,aniso_onedge,aniso_onedge,wse,none,,,1500,35.0,"[28.0, 30.0, 32.0, 35.0]",512,cuda,,0.0001,32,False,150,,,l1,0.3,False,5000,1,0.0,0.02,0.15,6.0,1.0,22.431,0.64178,0.87817,,22.30542687561768,observed,,5000,1500,False,,0.9773805141448975,5.174718856811523
kodim13,results/datasets/abl004/kodak24/kodim13.png,512,768,768,quadtree_wse,quadtree_wse,wse,none,,,1500,35.0,"[28.0, 30.0, 32.0, 35.0]",512,cuda,,0.0001,32,False,150,,,l1,0.3,False,5000,0,0.0,0.02,0.15,6.0,1.0,22.357,0.63874,0.87853,,22.28301843410337,observed,,5000,1500,False,,1.245406150817871,5.015143156051636
kodim13,results/datasets/abl004/kodak24/kodim13.png,512,768,768,quadtree_wse,quadtree_wse,wse,none,,,1500,35.0,"[28.0, 30.0, 32.0, 35.0]",512,cuda,,0.0001,32,False,150,,,l1,0.3,False,5000,1,0.0,0.02,0.15,6.0,1.0,22.2767,0.64121,0.87881,,22.290357407130266,observed,,5000,1500,False,,1.2484498023986816,5.200304985046387
kodim14,results/datasets/abl004/kodak24/kodim14.png,512,768,768,aniso_onedge,aniso_onedge,wse,none,,,1500,35.0,"[28.0, 30.0, 32.0, 35.0]",512,cuda,,0.0001,32,False,150,,,l1,0.3,False,5000,0,0.0,0.02,0.15,6.0,1.0,28.1712,0.79205,0.94737,,27.675516974059164,observed,,5000,1500,False,,1.006765604019165,5.810751676559448
kodim14,results/datasets/abl004/kodak24/kodim14.png,512,768,768,aniso_onedge,aniso_onedge,wse,none,,,1500,35.0,"[28.0, 30.0, 32.0, 35.0]",512,cuda,,0.0001,32,False,150,,,l1,0.3,False,5000,1,0.0,0.02,0.15,6.0,1.0,28.1775,0.79363,0.94796,,27.722931377087697,observed,,5000,1500,False,,0.9806702136993408,6.042235374450684
kodim14,results/datasets/abl004/kodak24/kodim14.png,512,768,768,quadtree_wse,quadtree_wse,wse,none,,,1500,35.0,"[28.0, 30.0, 32.0, 35.0]",512,cuda,,0.0001,32,False,150,,,l1,0.3,False,5000,0,0.0,0.02,0.15,6.0,1.0,28.1435,0.79218,0.9464,,27.695015592365124,observed,,5000,1500,False,,1.3542346954345703,5.465249061584473
kodim14,results/datasets/abl004/kodak24/kodim14.png,512,768,768,quadtree_wse,quadtree_wse,wse,none,,,1500,35.0,"[28.0, 30.0, 32.0, 35.0]",512,cuda,,0.0001,32,False,150,,,l1,0.3,False,5000,1,0.0,0.02,0.15,6.0,1.0,28.1748,0.79298,0.94695,,27.719805246038863,observed,,5000,1500,False,,1.3624980449676514,6.142094373703003
kodim15,results/datasets/abl004/kodak24/kodim15.png,512,768,768,aniso_onedge,aniso_onedge,wse,none,,,1500,35.0,"[28.0, 30.0, 32.0, 35.0]",512,cuda,,0.0001,32,False,150,,,l1,0.3,False,5000,0,0.0,0.02,0.15,6.0,1.0,32.5476,0.87875,0.97186,,31.97495131082261,observed,,5000,1500,False,,1.0047509670257568,5.620882511138916
kodim15,results/datasets/abl004/kodak24/kodim15.png,512,768,768,aniso_onedge,aniso_onedge,wse,none,,,1500,35.0,"[28.0, 30.0, 32.0, 35.0]",512,cuda,,0.0001,32,False,150,,,l1,0.3,False,5000,1,0.0,0.02,0.15,6.0,1.0,32.4524,0.87844,0.97119,,31.969875082482968,observed,,5000,1500,False,,1.0006170272827148,5.360132217407227
kodim15,results/datasets/abl004/kodak24/kodim15.png,512,768,768,quadtree_wse,quadtree_wse,wse,none,,,1500,35.0,"[28.0, 30.0, 32.0, 35.0]",512,cuda,,0.0001,32,False,150,,,l1,0.3,False,5000,0,0.0,0.02,0.15,6.0,1.0,32.6077,0.88039,0.97195,,32.012754007686844,observed,,5000,1500,False,,1.590383768081665,5.421347141265869
kodim15,results/datasets/abl004/kodak24/kodim15.png,512,768,768,quadtree_wse,quadtree_wse,wse,none,,,1500,35.0,"[28.0, 30.0, 32.0, 35.0]",512,cuda,,0.0001,32,False,150,,,l1,0.3,False,5000,1,0.0,0.02,0.15,6.0,1.0,32.6171,0.88005,0.97245,,32.010307354001384,observed,,5000,1500,False,,1.5755043029785156,5.359334707260132
kodim16,results/datasets/abl004/kodak24/kodim16.png,512,768,768,aniso_onedge,aniso_onedge,wse,none,,,1500,35.0,"[28.0, 30.0, 32.0, 35.0]",512,cuda,,0.0001,32,False,150,,,l1,0.3,False,5000,0,0.0,0.02,0.15,6.0,1.0,31.8297,0.87092,0.96133,,31.354654519537277,observed,,5000,1500,False,,0.9829392433166504,6.205963134765625
kodim16,results/datasets/abl004/kodak24/kodim16.png,512,768,768,aniso_onedge,aniso_onedge,wse,none,,,1500,35.0,"[28.0, 30.0, 32.0, 35.0]",512,cuda,,0.0001,32,False,150,,,l1,0.3,False,5000,1,0.0,0.02,0.15,6.0,1.0,31.9114,0.87231,0.96145,,31.399193075993125,observed,,5000,1500,False,,1.00468111038208,6.021291255950928
kodim16,results/datasets/abl004/kodak24/kodim16.png,512,768,768,quadtree_wse,quadtree_wse,wse,none,,,1500,35.0,"[28.0, 30.0, 32.0, 35.0]",512,cuda,,0.0001,32,False,150,,,l1,0.3,False,5000,0,0.0,0.02,0.15,6.0,1.0,31.946,0.87412,0.96194,,31.411012188286048,observed,,5000,1500,False,,1.3240268230438232,6.103815793991089
kodim16,results/datasets/abl004/kodak24/kodim16.png,512,768,768,quadtree_wse,quadtree_wse,wse,none,,,1500,35.0,"[28.0, 30.0, 32.0, 35.0]",512,cuda,,0.0001,32,False,150,,,l1,0.3,False,5000,1,0.0,0.02,0.15,6.0,1.0,31.8325,0.87216,0.96125,,31.352103027842535,observed,,5000,1500,False,,1.332371711730957,5.770766735076904
kodim17,results/datasets/abl004/kodak24/kodim17.png,768,512,768,aniso_onedge,aniso_onedge,wse,none,,,1500,35.0,"[28.0, 30.0, 32.0, 35.0]",512,cuda,,0.0001,32,False,150,,,l1,0.3,False,5000,0,0.0,0.02,0.15,6.0,1.0,33.192,0.90686,0.97986,,32.473126337001766,observed,,5000,1500,False,,0.9998035430908203,5.858711242675781
kodim17,results/datasets/abl004/kodak24/kodim17.png,768,512,768,aniso_onedge,aniso_onedge,wse,none,,,1500,35.0,"[28.0, 30.0, 32.0, 35.0]",512,cuda,,0.0001,32,False,150,,,l1,0.3,False,5000,1,0.0,0.02,0.15,6.0,1.0,33.2448,0.90697,0.97999,,32.53681851005936,observed,,5000,1500,False,,1.0148646831512451,5.811201333999634
kodim17,results/datasets/abl004/kodak24/kodim17.png,768,512,768,quadtree_wse,quadtree_wse,wse,none,,,1500,35.0,"[28.0, 30.0, 32.0, 35.0]",512,cuda,,0.0001,32,False,150,,,l1,0.3,False,5000,0,0.0,0.02,0.15,6.0,1.0,33.1598,0.90746,0.97973,,32.48366760269175,observed,,5000,1500,False,,1.4941716194152832,5.945885896682739
kodim17,results/datasets/abl004/kodak24/kodim17.png,768,512,768,quadtree_wse,quadtree_wse,wse,none,,,1500,35.0,"[28.0, 30.0, 32.0, 35.0]",512,cuda,,0.0001,32,False,150,,,l1,0.3,False,5000,1,0.0,0.02,0.15,6.0,1.0,33.2642,0.90745,0.97988,,32.53362034192636,observed,,5000,1500,False,,1.5161864757537842,5.791311740875244
kodim18,results/datasets/abl004/kodak24/kodim18.png,768,512,768,aniso_onedge,aniso_onedge,wse,none,,,1500,35.0,"[28.0, 30.0, 32.0, 35.0]",512,cuda,,0.0001,32,False,150,,,l1,0.3,False,5000,0,0.0,0.02,0.15,6.0,1.0,26.9166,0.79174,0.9413,,26.52616135926148,observed,,5000,1500,False,,1.0282516479492188,5.780855655670166
kodim18,results/datasets/abl004/kodak24/kodim18.png,768,512,768,aniso_onedge,aniso_onedge,wse,none,,,1500,35.0,"[28.0, 30.0, 32.0, 35.0]",512,cuda,,0.0001,32,False,150,,,l1,0.3,False,5000,1,0.0,0.02,0.15,6.0,1.0,26.9066,0.7911,0.94027,,26.517166134514277,observed,,5000,1500,False,,1.0645911693572998,5.833528518676758
kodim18,results/datasets/abl004/kodak24/kodim18.png,768,512,768,quadtree_wse,quadtree_wse,wse,none,,,1500,35.0,"[28.0, 30.0, 32.0, 35.0]",512,cuda,,0.0001,32,False,150,,,l1,0.3,False,5000,0,0.0,0.02,0.15,6.0,1.0,26.8511,0.78982,0.93979,,26.47560069114069,observed,,5000,1500,False,,1.2507498264312744,5.853860139846802
kodim18,results/datasets/abl004/kodak24/kodim18.png,768,512,768,quadtree_wse,quadtree_wse,wse,none,,,1500,35.0,"[28.0, 30.0, 32.0, 35.0]",512,cuda,,0.0001,32,False,150,,,l1,0.3,False,5000,1,0.0,0.02,0.15,6.0,1.0,26.8365,0.79147,0.93956,,26.477419307981037,observed,,5000,1500,False,,1.229722499847412,5.7327659130096436
kodim19,results/datasets/abl004/kodak24/kodim19.png,768,512,768,aniso_onedge,aniso_onedge,wse,none,,,1500,35.0,"[28.0, 30.0, 32.0, 35.0]",512,cuda,,0.0001,32,False,150,,,l1,0.3,False,5000,0,0.0,0.02,0.15,6.0,1.0,28.873,0.83744,0.94869,,29.253775651332457,observed,,5000,1500,False,,1.1075873374938965,6.283583164215088
kodim19,results/datasets/abl004/kodak24/kodim19.png,768,512,768,aniso_onedge,aniso_onedge,wse,none,,,1500,35.0,"[28.0, 30.0, 32.0, 35.0]",512,cuda,,0.0001,32,False,150,,,l1,0.3,False,5000,1,0.0,0.02,0.15,6.0,1.0,30.1829,0.8369,0.95133,,29.6664039447675,observed,,5000,1500,False,,1.08359956741333,6.493775129318237
kodim19,results/datasets/abl004/kodak24/kodim19.png,768,512,768,quadtree_wse,quadtree_wse,wse,none,,,1500,35.0,"[28.0, 30.0, 32.0, 35.0]",512,cuda,,0.0001,32,False,150,,,l1,0.3,False,5000,0,0.0,0.02,0.15,6.0,1.0,30.4894,0.84107,0.95315,,29.905198618918757,observed,,5000,1500,False,,1.3027195930480957,6.332801818847656
kodim19,results/datasets/abl004/kodak24/kodim19.png,768,512,768,quadtree_wse,quadtree_wse,wse,none,,,1500,35.0,"[28.0, 30.0, 32.0, 35.0]",512,cuda,,0.0001,32,False,150,,,l1,0.3,False,5000,1,0.0,0.02,0.15,6.0,1.0,29.5871,0.83971,0.95106,,29.695013043719822,observed,,5000,1500,False,,1.3029816150665283,6.210741996765137
kodim20,results/datasets/abl004/kodak24/kodim20.png,512,768,768,aniso_onedge,aniso_onedge,wse,none,,,1500,35.0,"[28.0, 30.0, 32.0, 35.0]",512,cuda,,0.0001,32,False,150,,,l1,0.3,False,5000,0,0.0,0.02,0.15,6.0,1.0,32.5367,0.89191,0.97254,,32.139907736393354,observed,,5000,1500,False,,1.1419661045074463,6.50586199760437
kodim20,results/datasets/abl004/kodak24/kodim20.png,512,768,768,aniso_onedge,aniso_onedge,wse,none,,,1500,35.0,"[28.0, 30.0, 32.0, 35.0]",512,cuda,,0.0001,32,False,150,,,l1,0.3,False,5000,1,0.0,0.02,0.15,6.0,1.0,32.7051,0.89365,0.97389,,32.1607569528469,observed,,5000,1500,False,,1.0873398780822754,6.347046136856079
kodim20,results/datasets/abl004/kodak24/kodim20.png,512,768,768,quadtree_wse,quadtree_wse,wse,none,,,1500,35.0,"[28.0, 30.0, 32.0, 35.0]",512,cuda,,0.0001,32,False,150,,,l1,0.3,False,5000,0,0.0,0.02,0.15,6.0,1.0,32.8876,0.89288,0.97375,,32.322390582419935,observed,,5000,1500,False,,1.4440300464630127,6.342388868331909
kodim20,results/datasets/abl004/kodak24/kodim20.png,512,768,768,quadtree_wse,quadtree_wse,wse,none,,,1500,35.0,"[28.0, 30.0, 32.0, 35.0]",512,cuda,,0.0001,32,False,150,,,l1,0.3,False,5000,1,0.0,0.02,0.15,6.0,1.0,32.9642,0.89398,0.97455,,32.41827743509915,observed,,5000,1500,False,,1.4773848056793213,6.173541069030762
kodim21,results/datasets/abl004/kodak24/kodim21.png,512,768,768,aniso_onedge,aniso_onedge,wse,none,,,1500,35.0,"[28.0, 30.0, 32.0, 35.0]",512,cuda,,0.0001,32,False,150,,,l1,0.3,False,5000,0,0.0,0.02,0.15,6.0,1.0,28.7696,0.86518,0.96938,,28.221415552160913,observed,,5000,1500,False,,1.008544683456421,6.2166748046875
kodim21,results/datasets/abl004/kodak24/kodim21.png,512,768,768,aniso_onedge,aniso_onedge,wse,none,,,1500,35.0,"[28.0, 30.0, 32.0, 35.0]",512,cuda,,0.0001,32,False,150,,,l1,0.3,False,5000,1,0.0,0.02,0.15,6.0,1.0,28.5019,0.86443,0.96782,,28.17635080987728,observed,,5000,1500,False,,1.0078344345092773,5.948740720748901
kodim21,results/datasets/abl004/kodak24/kodim21.png,512,768,768,quadtree_wse,quadtree_wse,wse,none,,,1500,35.0,"[28.0, 30.0, 32.0, 35.0]",512,cuda,,0.0001,32,False,150,,,l1,0.3,False,5000,0,0.0,0.02,0.15,6.0,1.0,28.7779,0.86747,0.96947,,28.340940071472414,observed,,5000,1500,False,,1.3006293773651123,5.9879114627838135
kodim21,results/datasets/abl004/kodak24/kodim21.png,512,768,768,quadtree_wse,quadtree_wse,wse,none,,,1500,35.0,"[28.0, 30.0, 32.0, 35.0]",512,cuda,,0.0001,32,False,150,,,l1,0.3,False,5000,1,0.0,0.02,0.15,6.0,1.0,28.9191,0.86848,0.97037,,28.40295508641096,observed,,5000,1500,False,,1.313530445098877,5.974243879318237
kodim22,results/datasets/abl004/kodak24/kodim22.png,512,768,768,aniso_onedge,aniso_onedge,wse,none,,,1500,35.0,"[28.0, 30.0, 32.0, 35.0]",512,cuda,,0.0001,32,False,150,,,l1,0.3,False,5000,0,0.0,0.02,0.15,6.0,1.0,29.9733,0.8229,0.94887,,29.569780910229827,observed,,5000,1500,False,,0.9445698261260986,5.777057886123657
kodim22,results/datasets/abl004/kodak24/kodim22.png,512,768,768,aniso_onedge,aniso_onedge,wse,none,,,1500,35.0,"[28.0, 30.0, 32.0, 35.0]",512,cuda,,0.0001,32,False,150,,,l1,0.3,False,5000,1,0.0,0.02,0.15,6.0,1.0,29.8391,0.82279,0.94828,,29.577865550325583,observed,,5000,1500,False,,1.0067994594573975,5.747585773468018
kodim22,results/datasets/abl004/kodak24/kodim22.png,512,768,768,quadtree_wse,quadtree_wse,wse,none,,,1500,35.0,"[28.0, 30.0, 32.0, 35.0]",512,cuda,,0.0001,32,False,150,,,l1,0.3,False,5000,0,0.0,0.02,0.15,6.0,1.0,29.8012,0.82313,0.94707,,29.52852858822691,observed,,5000,1500,False,,1.315643310546875,5.8532280921936035
kodim22,results/datasets/abl004/kodak24/kodim22.png,512,768,768,quadtree_wse,quadtree_wse,wse,none,,,1500,35.0,"[28.0, 30.0, 32.0, 35.0]",512,cuda,,0.0001,32,False,150,,,l1,0.3,False,5000,1,0.0,0.02,0.15,6.0,1.0,29.8807,0.82407,0.94832,,29.541993146263973,observed,,5000,1500,False,,1.3324735164642334,5.558101177215576
kodim23,results/datasets/abl004/kodak24/kodim23.png,512,768,768,aniso_onedge,aniso_onedge,wse,none,,,1500,35.0,"[28.0, 30.0, 32.0, 35.0]",512,cuda,,0.0001,32,False,150,,,l1,0.3,False,5000,0,0.0,0.02,0.15,6.0,1.0,37.7615,0.94313,0.98868,,36.904165166151216,observed,75,5000,1500,False,,1.1171317100524902,5.773786544799805
kodim23,results/datasets/abl004/kodak24/kodim23.png,512,768,768,aniso_onedge,aniso_onedge,wse,none,,,1500,35.0,"[28.0, 30.0, 32.0, 35.0]",512,cuda,,0.0001,32,False,150,,,l1,0.3,False,5000,1,0.0,0.02,0.15,6.0,1.0,37.6884,0.94315,0.98869,,36.80588437335502,observed,77,5000,1500,False,,1.0959081649780273,5.761034250259399
kodim23,results/datasets/abl004/kodak24/kodim23.png,512,768,768,quadtree_wse,quadtree_wse,wse,none,,,1500,35.0,"[28.0, 30.0, 32.0, 35.0]",512,cuda,,0.0001,32,False,150,,,l1,0.3,False,5000,0,0.0,0.02,0.15,6.0,1.0,37.9092,0.94469,0.989,,36.99091175224401,observed,73,5000,1500,False,,1.293327808380127,5.423772573471069
kodim23,results/datasets/abl004/kodak24/kodim23.png,512,768,768,quadtree_wse,quadtree_wse,wse,none,,,1500,35.0,"[28.0, 30.0, 32.0, 35.0]",512,cuda,,0.0001,32,False,150,,,l1,0.3,False,5000,1,0.0,0.02,0.15,6.0,1.0,37.944,0.94432,0.98901,,36.98030864977694,observed,75,5000,1500,False,,1.3088126182556152,5.5690600872039795
kodim24,results/datasets/abl004/kodak24/kodim24.png,512,768,768,aniso_onedge,aniso_onedge,wse,none,,,1500,35.0,"[28.0, 30.0, 32.0, 35.0]",512,cuda,,0.0001,32,False,150,,,l1,0.3,False,5000,0,0.0,0.02,0.15,6.0,1.0,25.4982,0.81804,0.93578,,25.839517764523475,observed,,5000,1500,False,,0.9727663993835449,5.765361547470093
kodim24,results/datasets/abl004/kodak24/kodim24.png,512,768,768,aniso_onedge,aniso_onedge,wse,none,,,1500,35.0,"[28.0, 30.0, 32.0, 35.0]",512,cuda,,0.0001,32,False,150,,,l1,0.3,False,5000,1,0.0,0.02,0.15,6.0,1.0,25.6877,0.81816,0.93901,,25.884694693007415,observed,,5000,1500,False,,1.022550106048584,5.9009387493133545
kodim24,results/datasets/abl004/kodak24/kodim24.png,512,768,768,quadtree_wse,quadtree_wse,wse,none,,,1500,35.0,"[28.0, 30.0, 32.0, 35.0]",512,cuda,,0.0001,32,False,150,,,l1,0.3,False,5000,0,0.0,0.02,0.15,6.0,1.0,25.8251,0.81851,0.94052,,25.85312812403093,observed,,5000,1500,False,,1.3279061317443848,5.779874086380005
kodim24,results/datasets/abl004/kodak24/kodim24.png,512,768,768,quadtree_wse,quadtree_wse,wse,none,,,1500,35.0,"[28.0, 30.0, 32.0, 35.0]",512,cuda,,0.0001,32,False,150,,,l1,0.3,False,5000,1,0.0,0.02,0.15,6.0,1.0,25.5564,0.81777,0.93693,,25.82541879421079,observed,,5000,1500,False,,1.3265130519866943,5.27550196647644
COCO_train2014_000000000009,tests/test_images/COCO_train2014_000000000009.jpg,480,640,768,aniso_onedge,aniso_onedge,wse,none,,,1500,35.0,"[28.0, 30.0, 32.0, 35.0]",512,cuda,,0.0001,32,False,150,,,l1,0.3,False,5000,0,0.0,0.02,0.15,6.0,1.0,27.8043,0.8886,0.97472,,27.30612954399918,observed,,5000,1500,False,,1.016782522201538,5.1856842041015625
COCO_train2014_000000000009,tests/test_images/COCO_train2014_000000000009.jpg,480,640,768,aniso_onedge,aniso_onedge,wse,none,,,1500,35.0,"[28.0, 30.0, 32.0, 35.0]",512,cuda,,0.0001,32,False,150,,,l1,0.3,False,5000,1,0.0,0.02,0.15,6.0,1.0,27.439,0.88847,0.97454,,27.16510554613313,observed,,5000,1500,False,,1.1038095951080322,5.32422137260437
COCO_train2014_000000000009,tests/test_images/COCO_train2014_000000000009.jpg,480,640,768,quadtree_wse,quadtree_wse,wse,none,,,1500,35.0,"[28.0, 30.0, 32.0, 35.0]",512,cuda,,0.0001,32,False,150,,,l1,0.3,False,5000,0,0.0,0.02,0.15,6.0,1.0,27.7381,0.8875,0.97437,,27.23053781981465,observed,,5000,1500,False,,1.5299832820892334,5.391489744186401
COCO_train2014_000000000009,tests/test_images/COCO_train2014_000000000009.jpg,480,640,768,quadtree_wse,quadtree_wse,wse,none,,,1500,35.0,"[28.0, 30.0, 32.0, 35.0]",512,cuda,,0.0001,32,False,150,,,l1,0.3,False,5000,1,0.0,0.02,0.15,6.0,1.0,27.7383,0.88875,0.97478,,27.30795351324915,observed,,5000,1500,False,,1.5572285652160645,5.2251296043396
COCO_train2014_000000000025,tests/test_images/COCO_train2014_000000000025.jpg,426,640,768,aniso_onedge,aniso_onedge,wse,none,,,1500,35.0,"[28.0, 30.0, 32.0, 35.0]",512,cuda,,0.0001,32,False,150,,,l1,0.3,False,5000,0,0.0,0.02,0.15,6.0,1.0,21.5143,0.65712,0.90439,,21.382390142520958,observed,,5000,1500,False,,0.9738759994506836,4.169063091278076
COCO_train2014_000000000025,tests/test_images/COCO_train2014_000000000025.jpg,426,640,768,aniso_onedge,aniso_onedge,wse,none,,,1500,35.0,"[28.0, 30.0, 32.0, 35.0]",512,cuda,,0.0001,32,False,150,,,l1,0.3,False,5000,1,0.0,0.02,0.15,6.0,1.0,21.5307,0.66048,0.90439,,21.43969110904971,observed,,5000,1500,False,,1.003056287765503,4.404489994049072
COCO_train2014_000000000025,tests/test_images/COCO_train2014_000000000025.jpg,426,640,768,quadtree_wse,quadtree_wse,wse,none,,,1500,35.0,"[28.0, 30.0, 32.0, 35.0]",512,cuda,,0.0001,32,False,150,,,l1,0.3,False,5000,0,0.0,0.02,0.15,6.0,1.0,21.4417,0.65815,0.90387,,21.35556099238278,observed,,5000,1500,False,,1.2241125106811523,4.524632692337036
COCO_train2014_000000000025,tests/test_images/COCO_train2014_000000000025.jpg,426,640,768,quadtree_wse,quadtree_wse,wse,none,,,1500,35.0,"[28.0, 30.0, 32.0, 35.0]",512,cuda,,0.0001,32,False,150,,,l1,0.3,False,5000,1,0.0,0.02,0.15,6.0,1.0,21.4779,0.65993,0.90438,,21.359564883618294,observed,,5000,1500,False,,1.2273306846618652,3.8636040687561035
COCO_train2014_000000000030,tests/test_images/COCO_train2014_000000000030.jpg,428,640,768,aniso_onedge,aniso_onedge,wse,none,,,1500,35.0,"[28.0, 30.0, 32.0, 35.0]",512,cuda,,0.0001,32,False,150,,,l1,0.3,False,5000,0,0.0,0.02,0.15,6.0,1.0,34.1734,0.95544,0.99125,,33.559564783861035,observed,,5000,1500,False,,1.0170180797576904,4.369387626647949
COCO_train2014_000000000030,tests/test_images/COCO_train2014_000000000030.jpg,428,640,768,aniso_onedge,aniso_onedge,wse,none,,,1500,35.0,"[28.0, 30.0, 32.0, 35.0]",512,cuda,,0.0001,32,False,150,,,l1,0.3,False,5000,1,0.0,0.02,0.15,6.0,1.0,34.2057,0.95544,0.99116,,33.63225382244372,observed,,5000,1500,False,,0.9970946311950684,4.3318891525268555
COCO_train2014_000000000030,tests/test_images/COCO_train2014_000000000030.jpg,428,640,768,quadtree_wse,quadtree_wse,wse,none,,,1500,35.0,"[28.0, 30.0, 32.0, 35.0]",512,cuda,,0.0001,32,False,150,,,l1,0.3,False,5000,0,0.0,0.02,0.15,6.0,1.0,34.5144,0.95671,0.99129,,33.83562661362458,observed,,5000,1500,False,,1.3383610248565674,4.33256196975708
COCO_train2014_000000000030,tests/test_images/COCO_train2014_000000000030.jpg,428,640,768,quadtree_wse,quadtree_wse,wse,none,,,1500,35.0,"[28.0, 30.0, 32.0, 35.0]",512,cuda,,0.0001,32,False,150,,,l1,0.3,False,5000,1,0.0,0.02,0.15,6.0,1.0,34.5799,0.95736,0.99138,,33.91133539989998,observed,,5000,1500,False,,1.358243465423584,4.295625448226929
COCO_train2014_000000000034,tests/test_images/COCO_train2014_000000000034.jpg,425,640,768,aniso_onedge,aniso_onedge,wse,none,,,1500,35.0,"[28.0, 30.0, 32.0, 35.0]",512,cuda,,0.0001,32,False,150,,,l1,0.3,False,5000,0,0.0,0.02,0.15,6.0,1.0,18.6717,0.58544,0.8419,,18.71422587719816,observed,,5000,1500,False,,1.0982511043548584,4.376832723617554
COCO_train2014_000000000034,tests/test_images/COCO_train2014_000000000034.jpg,425,640,768,aniso_onedge,aniso_onedge,wse,none,,,1500,35.0,"[28.0, 30.0, 32.0, 35.0]",512,cuda,,0.0001,32,False,150,,,l1,0.3,False,5000,1,0.0,0.02,0.15,6.0,1.0,18.6597,0.58261,0.83857,,18.67924892369551,observed,,5000,1500,False,,1.0292730331420898,4.63130784034729
COCO_train2014_000000000034,tests/test_images/COCO_train2014_000000000034.jpg,425,640,768,quadtree_wse,quadtree_wse,wse,none,,,1500,35.0,"[28.0, 30.0, 32.0, 35.0]",512,cuda,,0.0001,32,False,150,,,l1,0.3,False,5000,0,0.0,0.02,0.15,6.0,1.0,18.6977,0.58299,0.8385,,18.74844019980809,observed,,5000,1500,False,,1.4168319702148438,4.59886622428894
COCO_train2014_000000000034,tests/test_images/COCO_train2014_000000000034.jpg,425,640,768,quadtree_wse,quadtree_wse,wse,none,,,1500,35.0,"[28.0, 30.0, 32.0, 35.0]",512,cuda,,0.0001,32,False,150,,,l1,0.3,False,5000,1,0.0,0.02,0.15,6.0,1.0,18.7512,0.58375,0.84174,,18.732640866361674,observed,,5000,1500,False,,1.2805202007293701,4.525078296661377
kodim01,results/datasets/abl004/kodak24/kodim01.png,512,768,768,aniso_onedge,aniso_onedge,wse,none,,,1500,35.0,"[28.0, 30.0, 32.0, 35.0]",512,cuda,,0.0001,32,False,150,,,l1,0.3,False,10000,0,0.0,0.02,0.15,6.0,1.0,27.7007,0.83778,0.96012,,27.399127664368816,observed,,10000,1500,False,,10.379914999008179,15.169570207595825
kodim01,results/datasets/abl004/kodak24/kodim01.png,512,768,768,aniso_onedge,aniso_onedge,wse,none,,,1500,35.0,"[28.0, 30.0, 32.0, 35.0]",512,cuda,,0.0001,32,False,150,,,l1,0.3,False,10000,1,0.0,0.02,0.15,6.0,1.0,27.7315,0.83879,0.9602,,27.382871272167897,observed,,10000,1500,False,,10.826529026031494,7.619174480438232
kodim01,results/datasets/abl004/kodak24/kodim01.png,512,768,768,quadtree_wse,quadtree_wse,wse,none,,,1500,35.0,"[28.0, 30.0, 32.0, 35.0]",512,cuda,,0.0001,32,False,150,,,l1,0.3,False,10000,0,0.0,0.02,0.15,6.0,1.0,27.854,0.83922,0.96109,,27.39632763140515,observed,,10000,1500,False,,4.680999994277954,9.439916610717773
kodim01,results/datasets/abl004/kodak24/kodim01.png,512,768,768,quadtree_wse,quadtree_wse,wse,none,,,1500,35.0,"[28.0, 30.0, 32.0, 35.0]",512,cuda,,0.0001,32,False,150,,,l1,0.3,False,10000,1,0.0,0.02,0.15,6.0,1.0,27.7708,0.83982,0.96052,,27.399190923704793,observed,,10000,1500,False,,2.683746099472046,5.860879182815552
kodim02,results/datasets/abl004/kodak24/kodim02.png,512,768,768,aniso_onedge,aniso_onedge,wse,none,,,1500,35.0,"[28.0, 30.0, 32.0, 35.0]",512,cuda,,0.0001,32,False,150,,,l1,0.3,False,10000,0,0.0,0.02,0.15,6.0,1.0,35.7204,0.90889,0.97816,,35.14291346590069,observed,227,10000,1500,False,,2.2164900302886963,6.844387054443359
kodim02,results/datasets/abl004/kodak24/kodim02.png,512,768,768,aniso_onedge,aniso_onedge,wse,none,,,1500,35.0,"[28.0, 30.0, 32.0, 35.0]",512,cuda,,0.0001,32,False,150,,,l1,0.3,False,10000,1,0.0,0.02,0.15,6.0,1.0,35.8205,0.91004,0.97855,,35.20096671350643,observed,223,10000,1500,False,,2.133345603942871,6.701319217681885
kodim02,results/datasets/abl004/kodak24/kodim02.png,512,768,768,quadtree_wse,quadtree_wse,wse,none,,,1500,35.0,"[28.0, 30.0, 32.0, 35.0]",512,cuda,,0.0001,32,False,150,,,l1,0.3,False,10000,0,0.0,0.02,0.15,6.0,1.0,35.7292,0.90831,0.97765,,35.10437656069215,observed,248,10000,1500,False,,2.284306526184082,6.282901048660278
kodim02,results/datasets/abl004/kodak24/kodim02.png,512,768,768,quadtree_wse,quadtree_wse,wse,none,,,1500,35.0,"[28.0, 30.0, 32.0, 35.0]",512,cuda,,0.0001,32,False,150,,,l1,0.3,False,10000,1,0.0,0.02,0.15,6.0,1.0,35.7085,0.90856,0.97769,,35.12895319953292,observed,234,10000,1500,False,,2.3026435375213623,6.647284269332886
kodim03,results/datasets/abl004/kodak24/kodim03.png,512,768,768,aniso_onedge,aniso_onedge,wse,none,,,1500,35.0,"[28.0, 30.0, 32.0, 35.0]",512,cuda,,0.0001,32,False,150,,,l1,0.3,False,10000,0,0.0,0.02,0.15,6.0,1.0,38.303,0.95779,0.9909,,37.32699400715386,observed,76,10000,1500,False,,2.1615328788757324,6.253777027130127
kodim03,results/datasets/abl004/kodak24/kodim03.png,512,768,768,aniso_onedge,aniso_onedge,wse,none,,,1500,35.0,"[28.0, 30.0, 32.0, 35.0]",512,cuda,,0.0001,32,False,150,,,l1,0.3,False,10000,1,0.0,0.02,0.15,6.0,1.0,38.3,0.95734,0.991,,37.365801568823386,observed,74,10000,1500,False,,2.292590856552124,6.587744951248169
kodim03,results/datasets/abl004/kodak24/kodim03.png,512,768,768,quadtree_wse,quadtree_wse,wse,none,,,1500,35.0,"[28.0, 30.0, 32.0, 35.0]",512,cuda,,0.0001,32,False,150,,,l1,0.3,False,10000,0,0.0,0.02,0.15,6.0,1.0,38.6503,0.95882,0.9912,,37.66738876459836,observed,70,10000,1500,False,,3.8440277576446533,8.45552372932434
kodim03,results/datasets/abl004/kodak24/kodim03.png,512,768,768,quadtree_wse,quadtree_wse,wse,none,,,1500,35.0,"[28.0, 30.0, 32.0, 35.0]",512,cuda,,0.0001,32,False,150,,,l1,0.3,False,10000,1,0.0,0.02,0.15,6.0,1.0,38.3769,0.95882,0.99094,,37.62641177645041,observed,70,10000,1500,False,,4.785264015197754,9.945446968078613
kodim04,results/datasets/abl004/kodak24/kodim04.png,768,512,768,aniso_onedge,aniso_onedge,wse,none,,,1500,35.0,"[28.0, 30.0, 32.0, 35.0]",512,cuda,,0.0001,32,False,150,,,l1,0.3,False,10000,0,0.0,0.02,0.15,6.0,1.0,34.71,0.90622,0.97984,,34.179992636336415,observed,,10000,1500,False,,8.493553876876831,13.747600555419922
kodim04,results/datasets/abl004/kodak24/kodim04.png,768,512,768,aniso_onedge,aniso_onedge,wse,none,,,1500,35.0,"[28.0, 30.0, 32.0, 35.0]",512,cuda,,0.0001,32,False,150,,,l1,0.3,False,10000,1,0.0,0.02,0.15,6.0,1.0,34.826,0.90789,0.9805,,34.21075822958714,observed,,10000,1500,False,,10.280349493026733,11.865786790847778
kodim04,results/datasets/abl004/kodak24/kodim04.png,768,512,768,quadtree_wse,quadtree_wse,wse,none,,,1500,35.0,"[28.0, 30.0, 32.0, 35.0]",512,cuda,,0.0001,32,False,150,,,l1,0.3,False,10000,0,0.0,0.02,0.15,6.0,1.0,34.8218,0.90609,0.97993,,34.235802461498174,observed,,10000,1500,False,,4.15558934211731,6.737014055252075
kodim04,results/datasets/abl004/kodak24/kodim04.png,768,512,768,quadtree_wse,quadtree_wse,wse,none,,,1500,35.0,"[28.0, 30.0, 32.0, 35.0]",512,cuda,,0.0001,32,False,150,,,l1,0.3,False,10000,1,0.0,0.02,0.15,6.0,1.0,34.8054,0.90578,0.97958,,34.18111065310427,observed,,10000,1500,False,,2.368117332458496,6.061371564865112
kodim05,results/datasets/abl004/kodak24/kodim05.png,512,768,768,aniso_onedge,aniso_onedge,wse,none,,,1500,35.0,"[28.0, 30.0, 32.0, 35.0]",512,cuda,,0.0001,32,False,150,,,l1,0.3,False,10000,0,0.0,0.02,0.15,6.0,1.0,29.3862,0.89467,0.97679,,28.603206772578407,observed,,10000,1500,False,,2.143345355987549,6.486984014511108
kodim05,results/datasets/abl004/kodak24/kodim05.png,512,768,768,aniso_onedge,aniso_onedge,wse,none,,,1500,35.0,"[28.0, 30.0, 32.0, 35.0]",512,cuda,,0.0001,32,False,150,,,l1,0.3,False,10000,1,0.0,0.02,0.15,6.0,1.0,29.3553,0.89357,0.97635,,28.56343822402903,observed,,10000,1500,False,,2.0860137939453125,6.425799369812012
kodim05,results/datasets/abl004/kodak24/kodim05.png,512,768,768,quadtree_wse,quadtree_wse,wse,none,,,1500,35.0,"[28.0, 30.0, 32.0, 35.0]",512,cuda,,0.0001,32,False,150,,,l1,0.3,False,10000,0,0.0,0.02,0.15,6.0,1.0,29.1441,0.89008,0.9742,,28.39897088323775,observed,,10000,1500,False,,2.5797512531280518,5.979419231414795
kodim05,results/datasets/abl004/kodak24/kodim05.png,512,768,768,quadtree_wse,quadtree_wse,wse,none,,,1500,35.0,"[28.0, 30.0, 32.0, 35.0]",512,cuda,,0.0001,32,False,150,,,l1,0.3,False,10000,1,0.0,0.02,0.15,6.0,1.0,29.1094,0.89014,0.97483,,28.390488788714165,observed,,10000,1500,False,,2.5878052711486816,6.149182558059692
kodim06,results/datasets/abl004/kodak24/kodim06.png,512,768,768,aniso_onedge,aniso_onedge,wse,none,,,1500,35.0,"[28.0, 30.0, 32.0, 35.0]",512,cuda,,0.0001,32,False,150,,,l1,0.3,False,10000,0,0.0,0.02,0.15,6.0,1.0,30.7386,0.88342,0.96766,,30.11380797405892,observed,,10000,1500,False,,2.223731517791748,6.407998561859131
kodim06,results/datasets/abl004/kodak24/kodim06.png,512,768,768,aniso_onedge,aniso_onedge,wse,none,,,1500,35.0,"[28.0, 30.0, 32.0, 35.0]",512,cuda,,0.0001,32,False,150,,,l1,0.3,False,10000,1,0.0,0.02,0.15,6.0,1.0,30.751,0.8836,0.96804,,30.144101529697167,observed,,10000,1500,False,,2.1644811630249023,6.661186218261719
kodim06,results/datasets/abl004/kodak24/kodim06.png,512,768,768,quadtree_wse,quadtree_wse,wse,none,,,1500,35.0,"[28.0, 30.0, 32.0, 35.0]",512,cuda,,0.0001,32,False,150,,,l1,0.3,False,10000,0,0.0,0.02,0.15,6.0,1.0,30.7871,0.88003,0.9658,,30.159054969930107,observed,,10000,1500,False,,2.3181378841400146,6.323107957839966
kodim06,results/datasets/abl004/kodak24/kodim06.png,512,768,768,quadtree_wse,quadtree_wse,wse,none,,,1500,35.0,"[28.0, 30.0, 32.0, 35.0]",512,cuda,,0.0001,32,False,150,,,l1,0.3,False,10000,1,0.0,0.02,0.15,6.0,1.0,30.824,0.88094,0.96571,,30.167069958718002,observed,,10000,1500,False,,2.2992687225341797,6.692375898361206
kodim07,results/datasets/abl004/kodak24/kodim07.png,512,768,768,aniso_onedge,aniso_onedge,wse,none,,,1500,35.0,"[28.0, 30.0, 32.0, 35.0]",512,cuda,,0.0001,32,False,150,,,l1,0.3,False,10000,0,0.0,0.02,0.15,6.0,1.0,38.1317,0.96918,0.99467,,37.028400782508164,observed,100,10000,1500,False,,2.1438162326812744,5.714529275894165
kodim07,results/datasets/abl004/kodak24/kodim07.png,512,768,768,aniso_onedge,aniso_onedge,wse,none,,,1500,35.0,"[28.0, 30.0, 32.0, 35.0]",512,cuda,,0.0001,32,False,150,,,l1,0.3,False,10000,1,0.0,0.02,0.15,6.0,1.0,38.2028,0.96944,0.99488,,37.001571148852655,observed,108,10000,1500,False,,2.160186529159546,5.637078285217285
kodim07,results/datasets/abl004/kodak24/kodim07.png,512,768,768,quadtree_wse,quadtree_wse,wse,none,,,1500,35.0,"[28.0, 30.0, 32.0, 35.0]",512,cuda,,0.0001,32,False,150,,,l1,0.3,False,10000,0,0.0,0.02,0.15,6.0,1.0,38.5394,0.97041,0.99517,,37.279024592393874,observed,102,10000,1500,False,,2.684138536453247,5.709801912307739
kodim07,results/datasets/abl004/kodak24/kodim07.png,512,768,768,quadtree_wse,quadtree_wse,wse,none,,,1500,35.0,"[28.0, 30.0, 32.0, 35.0]",512,cuda,,0.0001,32,False,150,,,l1,0.3,False,10000,1,0.0,0.02,0.15,6.0,1.0,38.3888,0.97011,0.99501,,37.22106355536056,observed,104,10000,1500,False,,2.6735644340515137,5.71608304977417
kodim08,results/datasets/abl004/kodak24/kodim08.png,512,768,768,aniso_onedge,aniso_onedge,wse,none,,,1500,35.0,"[28.0, 30.0, 32.0, 35.0]",512,cuda,,0.0001,32,False,150,,,l1,0.3,False,10000,0,0.0,0.02,0.15,6.0,1.0,27.8112,0.87522,0.97087,,27.106871367614218,observed,,10000,1500,False,,2.0769968032836914,5.524690389633179
kodim08,results/datasets/abl004/kodak24/kodim08.png,512,768,768,aniso_onedge,aniso_onedge,wse,none,,,1500,35.0,"[28.0, 30.0, 32.0, 35.0]",512,cuda,,0.0001,32,False,150,,,l1,0.3,False,10000,1,0.0,0.02,0.15,6.0,1.0,27.7737,0.87554,0.97131,,27.07581157124464,observed,,10000,1500,False,,2.088467597961426,5.4963860511779785
kodim08,results/datasets/abl004/kodak24/kodim08.png,512,768,768,quadtree_wse,quadtree_wse,wse,none,,,1500,35.0,"[28.0, 30.0, 32.0, 35.0]",512,cuda,,0.0001,32,False,150,,,l1,0.3,False,10000,0,0.0,0.02,0.15,6.0,1.0,27.5666,0.87281,0.96829,,27.112638076517566,observed,,10000,1500,False,,2.768190383911133,5.661203384399414
kodim08,results/datasets/abl004/kodak24/kodim08.png,512,768,768,quadtree_wse,quadtree_wse,wse,none,,,1500,35.0,"[28.0, 30.0, 32.0, 35.0]",512,cuda,,0.0001,32,False,150,,,l1,0.3,False,10000,1,0.0,0.02,0.15,6.0,1.0,27.6236,0.8765,0.97174,,27.020647117024346,observed,,10000,1500,False,,2.8004555702209473,5.658495664596558
kodim09,results/datasets/abl004/kodak24/kodim09.png,768,512,768,aniso_onedge,aniso_onedge,wse,none,,,1500,35.0,"[28.0, 30.0, 32.0, 35.0]",512,cuda,,0.0001,32,False,150,,,l1,0.3,False,10000,0,0.0,0.02,0.15,6.0,1.0,37.1531,0.94094,0.99029,,36.265954228223684,observed,117,10000,1500,False,,2.2252583503723145,6.249446153640747
kodim09,results/datasets/abl004/kodak24/kodim09.png,768,512,768,aniso_onedge,aniso_onedge,wse,none,,,1500,35.0,"[28.0, 30.0, 32.0, 35.0]",512,cuda,,0.0001,32,False,150,,,l1,0.3,False,10000,1,0.0,0.02,0.15,6.0,1.0,37.172,0.94141,0.99028,,36.29676379864816,observed,118,10000,1500,False,,2.221614360809326,6.137669801712036
kodim09,results/datasets/abl004/kodak24/kodim09.png,768,512,768,quadtree_wse,quadtree_wse,wse,none,,,1500,35.0,"[28.0, 30.0, 32.0, 35.0]",512,cuda,,0.0001,32,False,150,,,l1,0.3,False,10000,0,0.0,0.02,0.15,6.0,1.0,37.3879,0.94211,0.99047,,36.5009445511078,observed,109,10000,1500,False,,2.4354286193847656,6.404826879501343
kodim09,results/datasets/abl004/kodak24/kodim09.png,768,512,768,quadtree_wse,quadtree_wse,wse,none,,,1500,35.0,"[28.0, 30.0, 32.0, 35.0]",512,cuda,,0.0001,32,False,150,,,l1,0.3,False,10000,1,0.0,0.02,0.15,6.0,1.0,37.4732,0.94212,0.99052,,36.53494987335103,observed,106,10000,1500,False,,2.4444503784179688,6.127984046936035
kodim10,results/datasets/abl004/kodak24/kodim10.png,768,512,768,aniso_onedge,aniso_onedge,wse,none,,,1500,35.0,"[28.0, 30.0, 32.0, 35.0]",512,cuda,,0.0001,32,False,150,,,l1,0.3,False,10000,0,0.0,0.02,0.15,6.0,1.0,38.8467,0.95299,0.99254,,37.85941985513943,observed,70,10000,1500,False,,2.1857213973999023,6.711057662963867
kodim10,results/datasets/abl004/kodak24/kodim10.png,768,512,768,aniso_onedge,aniso_onedge,wse,none,,,1500,35.0,"[28.0, 30.0, 32.0, 35.0]",512,cuda,,0.0001,32,False,150,,,l1,0.3,False,10000,1,0.0,0.02,0.15,6.0,1.0,38.8063,0.95308,0.99258,,37.84996711166005,observed,71,10000,1500,False,,2.3004536628723145,6.473363876342773
kodim10,results/datasets/abl004/kodak24/kodim10.png,768,512,768,quadtree_wse,quadtree_wse,wse,none,,,1500,35.0,"[28.0, 30.0, 32.0, 35.0]",512,cuda,,0.0001,32,False,150,,,l1,0.3,False,10000,0,0.0,0.02,0.15,6.0,1.0,38.9052,0.95315,0.99252,,37.92467628947252,observed,74,10000,1500,False,,2.522303581237793,6.66013503074646
kodim10,results/datasets/abl004/kodak24/kodim10.png,768,512,768,quadtree_wse,quadtree_wse,wse,none,,,1500,35.0,"[28.0, 30.0, 32.0, 35.0]",512,cuda,,0.0001,32,False,150,,,l1,0.3,False,10000,1,0.0,0.02,0.15,6.0,1.0,38.9195,0.95297,0.99249,,37.89142168387323,observed,72,10000,1500,False,,2.5343592166900635,6.806979656219482
kodim11,results/datasets/abl004/kodak24/kodim11.png,512,768,768,aniso_onedge,aniso_onedge,wse,none,,,1500,35.0,"[28.0, 30.0, 32.0, 35.0]",512,cuda,,0.0001,32,False,150,,,l1,0.3,False,10000,0,0.0,0.02,0.15,6.0,1.0,32.8052,0.8955,0.97461,,32.09280046611885,observed,,10000,1500,False,,2.2564597129821777,6.632273435592651
kodim11,results/datasets/abl004/kodak24/kodim11.png,512,768,768,aniso_onedge,aniso_onedge,wse,none,,,1500,35.0,"[28.0, 30.0, 32.0, 35.0]",512,cuda,,0.0001,32,False,150,,,l1,0.3,False,10000,1,0.0,0.02,0.15,6.0,1.0,32.8377,0.89585,0.9747,,32.107745082160484,observed,,10000,1500,False,,2.229508399963379,6.900339841842651
kodim11,results/datasets/abl004/kodak24/kodim11.png,512,768,768,quadtree_wse,quadtree_wse,wse,none,,,1500,35.0,"[28.0, 30.0, 32.0, 35.0]",512,cuda,,0.0001,32,False,150,,,l1,0.3,False,10000,0,0.0,0.02,0.15,6.0,1.0,32.7334,0.89237,0.97303,,32.013248701903564,observed,,10000,1500,False,,2.5980453491210938,6.90117335319519
kodim11,results/datasets/abl004/kodak24/kodim11.png,512,768,768,quadtree_wse,quadtree_wse,wse,none,,,1500,35.0,"[28.0, 30.0, 32.0, 35.0]",512,cuda,,0.0001,32,False,150,,,l1,0.3,False,10000,1,0.0,0.02,0.15,6.0,1.0,32.778,0.89321,0.97352,,32.0494427302426,observed,,10000,1500,False,,2.589740514755249,6.991441249847412
kodim12,results/datasets/abl004/kodak24/kodim12.png,512,768,768,aniso_onedge,aniso_onedge,wse,none,,,1500,35.0,"[28.0, 30.0, 32.0, 35.0]",512,cuda,,0.0001,32,False,150,,,l1,0.3,False,10000,0,0.0,0.02,0.15,6.0,1.0,36.6174,0.92551,0.98264,,35.83622127377725,observed,149,10000,1500,False,,2.194093942642212,6.840961694717407
kodim12,results/datasets/abl004/kodak24/kodim12.png,512,768,768,aniso_onedge,aniso_onedge,wse,none,,,1500,35.0,"[28.0, 30.0, 32.0, 35.0]",512,cuda,,0.0001,32,False,150,,,l1,0.3,False,10000,1,0.0,0.02,0.15,6.0,1.0,36.5483,0.92452,0.98222,,35.79165074664645,observed,148,10000,1500,False,,2.185612201690674,6.487854242324829
kodim12,results/datasets/abl004/kodak24/kodim12.png,512,768,768,quadtree_wse,quadtree_wse,wse,none,,,1500,35.0,"[28.0, 30.0, 32.0, 35.0]",512,cuda,,0.0001,32,False,150,,,l1,0.3,False,10000,0,0.0,0.02,0.15,6.0,1.0,36.4559,0.92217,0.98132,,35.7013505232024,observed,162,10000,1500,False,,2.4715003967285156,6.77907395362854
kodim12,results/datasets/abl004/kodak24/kodim12.png,512,768,768,quadtree_wse,quadtree_wse,wse,none,,,1500,35.0,"[28.0, 30.0, 32.0, 35.0]",512,cuda,,0.0001,32,False,150,,,l1,0.3,False,10000,1,0.0,0.02,0.15,6.0,1.0,36.3925,0.92232,0.98069,,35.660477058660035,observed,159,10000,1500,False,,2.470736026763916,6.629257917404175
kodim13,results/datasets/abl004/kodak24/kodim13.png,512,768,768,aniso_onedge,aniso_onedge,wse,none,,,1500,35.0,"[28.0, 30.0, 32.0, 35.0]",512,cuda,,0.0001,32,False,150,,,l1,0.3,False,10000,0,0.0,0.02,0.15,6.0,1.0,24.8853,0.75591,0.93333,,24.49330633365766,observed,,10000,1500,False,,2.128835439682007,6.009380340576172
kodim13,results/datasets/abl004/kodak24/kodim13.png,512,768,768,aniso_onedge,aniso_onedge,wse,none,,,1500,35.0,"[28.0, 30.0, 32.0, 35.0]",512,cuda,,0.0001,32,False,150,,,l1,0.3,False,10000,1,0.0,0.02,0.15,6.0,1.0,24.8591,0.75627,0.93362,,24.46170623084559,observed,,10000,1500,False,,2.2113871574401855,6.016602039337158
kodim13,results/datasets/abl004/kodak24/kodim13.png,512,768,768,quadtree_wse,quadtree_wse,wse,none,,,1500,35.0,"[28.0, 30.0, 32.0, 35.0]",512,cuda,,0.0001,32,False,150,,,l1,0.3,False,10000,0,0.0,0.02,0.15,6.0,1.0,24.8495,0.75296,0.9308,,24.48565110403192,observed,,10000,1500,False,,2.2516984939575195,5.771283149719238
kodim13,results/datasets/abl004/kodak24/kodim13.png,512,768,768,quadtree_wse,quadtree_wse,wse,none,,,1500,35.0,"[28.0, 30.0, 32.0, 35.0]",512,cuda,,0.0001,32,False,150,,,l1,0.3,False,10000,1,0.0,0.02,0.15,6.0,1.0,24.8649,0.75431,0.93185,,24.429477443529656,observed,,10000,1500,False,,2.3563857078552246,6.0477612018585205
kodim14,results/datasets/abl004/kodak24/kodim14.png,512,768,768,aniso_onedge,aniso_onedge,wse,none,,,1500,35.0,"[28.0, 30.0, 32.0, 35.0]",512,cuda,,0.0001,32,False,150,,,l1,0.3,False,10000,0,0.0,0.02,0.15,6.0,1.0,30.867,0.86863,0.97295,,30.215307825481677,observed,,10000,1500,False,,2.1176598072052,6.898818254470825
kodim14,results/datasets/abl004/kodak24/kodim14.png,512,768,768,aniso_onedge,aniso_onedge,wse,none,,,1500,35.0,"[28.0, 30.0, 32.0, 35.0]",512,cuda,,0.0001,32,False,150,,,l1,0.3,False,10000,1,0.0,0.02,0.15,6.0,1.0,30.8193,0.86792,0.97297,,30.189423975903164,observed,,10000,1500,False,,2.1615326404571533,6.652424335479736
kodim14,results/datasets/abl004/kodak24/kodim14.png,512,768,768,quadtree_wse,quadtree_wse,wse,none,,,1500,35.0,"[28.0, 30.0, 32.0, 35.0]",512,cuda,,0.0001,32,False,150,,,l1,0.3,False,10000,0,0.0,0.02,0.15,6.0,1.0,30.8085,0.86617,0.97195,,30.15051570139065,observed,,10000,1500,False,,2.4087305068969727,6.743927478790283
kodim14,results/datasets/abl004/kodak24/kodim14.png,512,768,768,quadtree_wse,quadtree_wse,wse,none,,,1500,35.0,"[28.0, 30.0, 32.0, 35.0]",512,cuda,,0.0001,32,False,150,,,l1,0.3,False,10000,1,0.0,0.02,0.15,6.0,1.0,30.8067,0.86538,0.972,,30.154645039289296,observed,,10000,1500,False,,2.4142441749572754,6.648455858230591
kodim15,results/datasets/abl004/kodak24/kodim15.png,512,768,768,aniso_onedge,aniso_onedge,wse,none,,,1500,35.0,"[28.0, 30.0, 32.0, 35.0]",512,cuda,,0.0001,32,False,150,,,l1,0.3,False,10000,0,0.0,0.02,0.15,6.0,1.0,34.5964,0.91165,0.98257,,33.93233705791654,observed,,10000,1500,False,,2.2673676013946533,6.669402122497559
kodim15,results/datasets/abl004/kodak24/kodim15.png,512,768,768,aniso_onedge,aniso_onedge,wse,none,,,1500,35.0,"[28.0, 30.0, 32.0, 35.0]",512,cuda,,0.0001,32,False,150,,,l1,0.3,False,10000,1,0.0,0.02,0.15,6.0,1.0,34.5871,0.91194,0.98237,,33.92677754764163,observed,,10000,1500,False,,2.242388963699341,6.471866607666016
kodim15,results/datasets/abl004/kodak24/kodim15.png,512,768,768,quadtree_wse,quadtree_wse,wse,none,,,1500,35.0,"[28.0, 30.0, 32.0, 35.0]",512,cuda,,0.0001,32,False,150,,,l1,0.3,False,10000,0,0.0,0.02,0.15,6.0,1.0,34.4703,0.90975,0.98178,,33.914513981763804,observed,,10000,1500,False,,2.6407837867736816,6.345716238021851
kodim15,results/datasets/abl004/kodak24/kodim15.png,512,768,768,quadtree_wse,quadtree_wse,wse,none,,,1500,35.0,"[28.0, 30.0, 32.0, 35.0]",512,cuda,,0.0001,32,False,150,,,l1,0.3,False,10000,1,0.0,0.02,0.15,6.0,1.0,34.5107,0.90944,0.98177,,33.864807038564855,observed,,10000,1500,False,,2.6332449913024902,6.477109670639038
kodim16,results/datasets/abl004/kodak24/kodim16.png,512,768,768,aniso_onedge,aniso_onedge,wse,none,,,1500,35.0,"[28.0, 30.0, 32.0, 35.0]",512,cuda,,0.0001,32,False,150,,,l1,0.3,False,10000,0,0.0,0.02,0.15,6.0,1.0,34.7287,0.92139,0.98035,,34.04504477874369,observed,,10000,1500,False,,2.232714891433716,6.517582654953003
kodim16,results/datasets/abl004/kodak24/kodim16.png,512,768,768,aniso_onedge,aniso_onedge,wse,none,,,1500,35.0,"[28.0, 30.0, 32.0, 35.0]",512,cuda,,0.0001,32,False,150,,,l1,0.3,False,10000,1,0.0,0.02,0.15,6.0,1.0,34.682,0.92106,0.9804,,33.99098776498582,observed,,10000,1500,False,,2.2576379776000977,6.640187501907349
kodim16,results/datasets/abl004/kodak24/kodim16.png,512,768,768,quadtree_wse,quadtree_wse,wse,none,,,1500,35.0,"[28.0, 30.0, 32.0, 35.0]",512,cuda,,0.0001,32,False,150,,,l1,0.3,False,10000,0,0.0,0.02,0.15,6.0,1.0,34.7045,0.92007,0.97987,,34.040025773407855,observed,,10000,1500,False,,2.351093292236328,6.691662788391113
kodim16,results/datasets/abl004/kodak24/kodim16.png,512,768,768,quadtree_wse,quadtree_wse,wse,none,,,1500,35.0,"[28.0, 30.0, 32.0, 35.0]",512,cuda,,0.0001,32,False,150,,,l1,0.3,False,10000,1,0.0,0.02,0.15,6.0,1.0,34.7431,0.92127,0.97974,,34.04023253559828,observed,,10000,1500,False,,2.358619213104248,6.561782360076904
kodim17,results/datasets/abl004/kodak24/kodim17.png,768,512,768,aniso_onedge,aniso_onedge,wse,none,,,1500,35.0,"[28.0, 30.0, 32.0, 35.0]",512,cuda,,0.0001,32,False,150,,,l1,0.3,False,10000,0,0.0,0.02,0.15,6.0,1.0,36.4025,0.94028,0.98954,,35.56603638977906,observed,174,10000,1500,False,,2.2052745819091797,6.260627031326294
kodim17,results/datasets/abl004/kodak24/kodim17.png,768,512,768,aniso_onedge,aniso_onedge,wse,none,,,1500,35.0,"[28.0, 30.0, 32.0, 35.0]",512,cuda,,0.0001,32,False,150,,,l1,0.3,False,10000,1,0.0,0.02,0.15,6.0,1.0,36.3591,0.9401,0.9895,,35.514528487029274,observed,182,10000,1500,False,,2.1923558712005615,6.433121681213379
kodim17,results/datasets/abl004/kodak24/kodim17.png,768,512,768,quadtree_wse,quadtree_wse,wse,none,,,1500,35.0,"[28.0, 30.0, 32.0, 35.0]",512,cuda,,0.0001,32,False,150,,,l1,0.3,False,10000,0,0.0,0.02,0.15,6.0,1.0,36.4395,0.94036,0.98952,,35.5478752675734,observed,186,10000,1500,False,,2.58442759513855,6.3151469230651855
kodim17,results/datasets/abl004/kodak24/kodim17.png,768,512,768,quadtree_wse,quadtree_wse,wse,none,,,1500,35.0,"[28.0, 30.0, 32.0, 35.0]",512,cuda,,0.0001,32,False,150,,,l1,0.3,False,10000,1,0.0,0.02,0.15,6.0,1.0,36.45,0.93981,0.98952,,35.544648318707424,observed,189,10000,1500,False,,2.5790693759918213,6.230235815048218
kodim18,results/datasets/abl004/kodak24/kodim18.png,768,512,768,aniso_onedge,aniso_onedge,wse,none,,,1500,35.0,"[28.0, 30.0, 32.0, 35.0]",512,cuda,,0.0001,32,False,150,,,l1,0.3,False,10000,0,0.0,0.02,0.15,6.0,1.0,29.6532,0.86882,0.97016,,29.0678136722496,observed,,10000,1500,False,,2.21018123626709,6.155174255371094
kodim18,results/datasets/abl004/kodak24/kodim18.png,768,512,768,aniso_onedge,aniso_onedge,wse,none,,,1500,35.0,"[28.0, 30.0, 32.0, 35.0]",512,cuda,,0.0001,32,False,150,,,l1,0.3,False,10000,1,0.0,0.02,0.15,6.0,1.0,29.7012,0.86872,0.97055,,29.088846638013397,observed,,10000,1500,False,,2.3106179237365723,6.549978256225586
kodim18,results/datasets/abl004/kodak24/kodim18.png,768,512,768,quadtree_wse,quadtree_wse,wse,none,,,1500,35.0,"[28.0, 30.0, 32.0, 35.0]",512,cuda,,0.0001,32,False,150,,,l1,0.3,False,10000,0,0.0,0.02,0.15,6.0,1.0,29.7703,0.86954,0.97104,,29.109645253741956,observed,,10000,1500,False,,2.2054286003112793,6.008230686187744
kodim18,results/datasets/abl004/kodak24/kodim18.png,768,512,768,quadtree_wse,quadtree_wse,wse,none,,,1500,35.0,"[28.0, 30.0, 32.0, 35.0]",512,cuda,,0.0001,32,False,150,,,l1,0.3,False,10000,1,0.0,0.02,0.15,6.0,1.0,29.7168,0.86855,0.97088,,29.046161255890564,observed,,10000,1500,False,,2.201382875442505,5.809719562530518
kodim19,results/datasets/abl004/kodak24/kodim19.png,768,512,768,aniso_onedge,aniso_onedge,wse,none,,,1500,35.0,"[28.0, 30.0, 32.0, 35.0]",512,cuda,,0.0001,32,False,150,,,l1,0.3,False,10000,0,0.0,0.02,0.15,6.0,1.0,32.5505,0.88093,0.97189,,31.85531176719131,observed,,10000,1500,False,,2.3114676475524902,7.268526315689087
kodim19,results/datasets/abl004/kodak24/kodim19.png,768,512,768,aniso_onedge,aniso_onedge,wse,none,,,1500,35.0,"[28.0, 30.0, 32.0, 35.0]",512,cuda,,0.0001,32,False,150,,,l1,0.3,False,10000,1,0.0,0.02,0.15,6.0,1.0,32.4213,0.88038,0.97132,,31.84590650384151,observed,,10000,1500,False,,2.3303046226501465,7.355340242385864
kodim19,results/datasets/abl004/kodak24/kodim19.png,768,512,768,quadtree_wse,quadtree_wse,wse,none,,,1500,35.0,"[28.0, 30.0, 32.0, 35.0]",512,cuda,,0.0001,32,False,150,,,l1,0.3,False,10000,0,0.0,0.02,0.15,6.0,1.0,32.5054,0.87832,0.9707,,31.8385798904083,observed,,10000,1500,False,,2.305013656616211,7.177553653717041
kodim19,results/datasets/abl004/kodak24/kodim19.png,768,512,768,quadtree_wse,quadtree_wse,wse,none,,,1500,35.0,"[28.0, 30.0, 32.0, 35.0]",512,cuda,,0.0001,32,False,150,,,l1,0.3,False,10000,1,0.0,0.02,0.15,6.0,1.0,32.4669,0.87874,0.97026,,31.75799566908945,observed,,10000,1500,False,,2.3244893550872803,6.9429731369018555
kodim20,results/datasets/abl004/kodak24/kodim20.png,512,768,768,aniso_onedge,aniso_onedge,wse,none,,,1500,35.0,"[28.0, 30.0, 32.0, 35.0]",512,cuda,,0.0001,32,False,150,,,l1,0.3,False,10000,0,0.0,0.02,0.15,6.0,1.0,34.914,0.9209,0.98386,,34.316290046788595,observed,,10000,1500,False,,2.1904733180999756,8.09575605392456
kodim20,results/datasets/abl004/kodak24/kodim20.png,512,768,768,aniso_onedge,aniso_onedge,wse,none,,,1500,35.0,"[28.0, 30.0, 32.0, 35.0]",512,cuda,,0.0001,32,False,150,,,l1,0.3,False,10000,1,0.0,0.02,0.15,6.0,1.0,34.8986,0.92042,0.9837,,34.275349131578444,observed,,10000,1500,False,,2.1938211917877197,8.329376935958862
kodim20,results/datasets/abl004/kodak24/kodim20.png,512,768,768,quadtree_wse,quadtree_wse,wse,none,,,1500,35.0,"[28.0, 30.0, 32.0, 35.0]",512,cuda,,0.0001,32,False,150,,,l1,0.3,False,10000,0,0.0,0.02,0.15,6.0,1.0,34.9509,0.91903,0.98316,,34.319014520626055,observed,,10000,1500,False,,2.4389419555664062,7.526671409606934
kodim20,results/datasets/abl004/kodak24/kodim20.png,512,768,768,quadtree_wse,quadtree_wse,wse,none,,,1500,35.0,"[28.0, 30.0, 32.0, 35.0]",512,cuda,,0.0001,32,False,150,,,l1,0.3,False,10000,1,0.0,0.02,0.15,6.0,1.0,34.9974,0.91961,0.98322,,34.3487006627058,observed,1385,10000,1500,False,,2.419255495071411,7.903365135192871
kodim21,results/datasets/abl004/kodak24/kodim21.png,512,768,768,aniso_onedge,aniso_onedge,wse,none,,,1500,35.0,"[28.0, 30.0, 32.0, 35.0]",512,cuda,,0.0001,32,False,150,,,l1,0.3,False,10000,0,0.0,0.02,0.15,6.0,1.0,31.4404,0.91138,0.98315,,30.90526562869509,observed,,10000,1500,False,,2.180051326751709,6.992900371551514
kodim21,results/datasets/abl004/kodak24/kodim21.png,512,768,768,aniso_onedge,aniso_onedge,wse,none,,,1500,35.0,"[28.0, 30.0, 32.0, 35.0]",512,cuda,,0.0001,32,False,150,,,l1,0.3,False,10000,1,0.0,0.02,0.15,6.0,1.0,31.5895,0.91111,0.98349,,30.9072322482821,observed,,10000,1500,False,,2.1514604091644287,6.905588626861572
kodim21,results/datasets/abl004/kodak24/kodim21.png,512,768,768,quadtree_wse,quadtree_wse,wse,none,,,1500,35.0,"[28.0, 30.0, 32.0, 35.0]",512,cuda,,0.0001,32,False,150,,,l1,0.3,False,10000,0,0.0,0.02,0.15,6.0,1.0,31.6728,0.91246,0.98393,,30.959907618262434,observed,,10000,1500,False,,2.2833855152130127,6.667734146118164
kodim21,results/datasets/abl004/kodak24/kodim21.png,512,768,768,quadtree_wse,quadtree_wse,wse,none,,,1500,35.0,"[28.0, 30.0, 32.0, 35.0]",512,cuda,,0.0001,32,False,150,,,l1,0.3,False,10000,1,0.0,0.02,0.15,6.0,1.0,31.6286,0.91195,0.98362,,30.953963970008733,observed,,10000,1500,False,,2.2824227809906006,6.905332326889038
kodim22,results/datasets/abl004/kodak24/kodim22.png,512,768,768,aniso_onedge,aniso_onedge,wse,none,,,1500,35.0,"[28.0, 30.0, 32.0, 35.0]",512,cuda,,0.0001,32,False,150,,,l1,0.3,False,10000,0,0.0,0.02,0.15,6.0,1.0,32.327,0.88458,0.97364,,31.76761887405935,observed,,10000,1500,False,,2.098328113555908,6.826667070388794
kodim22,results/datasets/abl004/kodak24/kodim22.png,512,768,768,aniso_onedge,aniso_onedge,wse,none,,,1500,35.0,"[28.0, 30.0, 32.0, 35.0]",512,cuda,,0.0001,32,False,150,,,l1,0.3,False,10000,1,0.0,0.02,0.15,6.0,1.0,32.3277,0.88493,0.97353,,31.7838862777313,observed,,10000,1500,False,,2.1726255416870117,6.615743637084961
kodim22,results/datasets/abl004/kodak24/kodim22.png,512,768,768,quadtree_wse,quadtree_wse,wse,none,,,1500,35.0,"[28.0, 30.0, 32.0, 35.0]",512,cuda,,0.0001,32,False,150,,,l1,0.3,False,10000,0,0.0,0.02,0.15,6.0,1.0,32.3333,0.88308,0.97252,,31.778243746258084,observed,,10000,1500,False,,2.3249659538269043,6.214531183242798
kodim22,results/datasets/abl004/kodak24/kodim22.png,512,768,768,quadtree_wse,quadtree_wse,wse,none,,,1500,35.0,"[28.0, 30.0, 32.0, 35.0]",512,cuda,,0.0001,32,False,150,,,l1,0.3,False,10000,1,0.0,0.02,0.15,6.0,1.0,32.2088,0.88292,0.9719,,31.75667297943502,observed,,10000,1500,False,,2.3228068351745605,6.20737624168396
kodim23,results/datasets/abl004/kodak24/kodim23.png,512,768,768,aniso_onedge,aniso_onedge,wse,none,,,1500,35.0,"[28.0, 30.0, 32.0, 35.0]",512,cuda,,0.0001,32,False,150,,,l1,0.3,False,10000,0,0.0,0.02,0.15,6.0,1.0,40.5207,0.95953,0.99373,,39.598208027254984,observed,29,10000,1500,False,,2.2967042922973633,6.110270261764526
kodim23,results/datasets/abl004/kodak24/kodim23.png,512,768,768,aniso_onedge,aniso_onedge,wse,none,,,1500,35.0,"[28.0, 30.0, 32.0, 35.0]",512,cuda,,0.0001,32,False,150,,,l1,0.3,False,10000,1,0.0,0.02,0.15,6.0,1.0,40.4424,0.95938,0.99371,,39.53873767560128,observed,29,10000,1500,False,,2.289428234100342,6.079303503036499
kodim23,results/datasets/abl004/kodak24/kodim23.png,512,768,768,quadtree_wse,quadtree_wse,wse,none,,,1500,35.0,"[28.0, 30.0, 32.0, 35.0]",512,cuda,,0.0001,32,False,150,,,l1,0.3,False,10000,0,0.0,0.02,0.15,6.0,1.0,40.6623,0.96014,0.99368,,39.78973943062668,observed,29,10000,1500,False,,2.2843103408813477,6.175332307815552
kodim23,results/datasets/abl004/kodak24/kodim23.png,512,768,768,quadtree_wse,quadtree_wse,wse,none,,,1500,35.0,"[28.0, 30.0, 32.0, 35.0]",512,cuda,,0.0001,32,False,150,,,l1,0.3,False,10000,1,0.0,0.02,0.15,6.0,1.0,40.7564,0.96018,0.99373,,39.79600519558205,observed,29,10000,1500,False,,2.277376174926758,6.241986274719238
kodim24,results/datasets/abl004/kodak24/kodim24.png,512,768,768,aniso_onedge,aniso_onedge,wse,none,,,1500,35.0,"[28.0, 30.0, 32.0, 35.0]",512,cuda,,0.0001,32,False,150,,,l1,0.3,False,10000,0,0.0,0.02,0.15,6.0,1.0,29.4099,0.89668,0.97578,,28.85542074436343,observed,,10000,1500,False,,2.161425828933716,6.088164567947388
kodim24,results/datasets/abl004/kodak24/kodim24.png,512,768,768,aniso_onedge,aniso_onedge,wse,none,,,1500,35.0,"[28.0, 30.0, 32.0, 35.0]",512,cuda,,0.0001,32,False,150,,,l1,0.3,False,10000,1,0.0,0.02,0.15,6.0,1.0,29.3388,0.89603,0.97503,,28.834730377349956,observed,,10000,1500,False,,2.275607109069824,6.412836790084839
kodim24,results/datasets/abl004/kodak24/kodim24.png,512,768,768,quadtree_wse,quadtree_wse,wse,none,,,1500,35.0,"[28.0, 30.0, 32.0, 35.0]",512,cuda,,0.0001,32,False,150,,,l1,0.3,False,10000,0,0.0,0.02,0.15,6.0,1.0,29.0667,0.89139,0.97169,,28.67658547483499,observed,,10000,1500,False,,2.250115394592285,6.42106032371521
kodim24,results/datasets/abl004/kodak24/kodim24.png,512,768,768,quadtree_wse,quadtree_wse,wse,none,,,1500,35.0,"[28.0, 30.0, 32.0, 35.0]",512,cuda,,0.0001,32,False,150,,,l1,0.3,False,10000,1,0.0,0.02,0.15,6.0,1.0,29.0015,0.89193,0.97248,,28.71084174893553,observed,,10000,1500,False,,2.383729934692383,6.106898069381714
COCO_train2014_000000000009,tests/test_images/COCO_train2014_000000000009.jpg,480,640,768,aniso_onedge,aniso_onedge,wse,none,,,1500,35.0,"[28.0, 30.0, 32.0, 35.0]",512,cuda,,0.0001,32,False,150,,,l1,0.3,False,10000,0,0.0,0.02,0.15,6.0,1.0,30.7208,0.93166,0.98774,,30.028337504722185,observed,,10000,1500,False,,2.1656317710876465,5.699619770050049
COCO_train2014_000000000009,tests/test_images/COCO_train2014_000000000009.jpg,480,640,768,aniso_onedge,aniso_onedge,wse,none,,,1500,35.0,"[28.0, 30.0, 32.0, 35.0]",512,cuda,,0.0001,32,False,150,,,l1,0.3,False,10000,1,0.0,0.02,0.15,6.0,1.0,30.6675,0.93121,0.98718,,29.95822018540009,observed,,10000,1500,False,,2.1861953735351562,5.796594858169556
COCO_train2014_000000000009,tests/test_images/COCO_train2014_000000000009.jpg,480,640,768,quadtree_wse,quadtree_wse,wse,none,,,1500,35.0,"[28.0, 30.0, 32.0, 35.0]",512,cuda,,0.0001,32,False,150,,,l1,0.3,False,10000,0,0.0,0.02,0.15,6.0,1.0,30.7946,0.93198,0.98768,,30.030481795297614,observed,,10000,1500,False,,2.6111648082733154,5.665592193603516
COCO_train2014_000000000009,tests/test_images/COCO_train2014_000000000009.jpg,480,640,768,quadtree_wse,quadtree_wse,wse,none,,,1500,35.0,"[28.0, 30.0, 32.0, 35.0]",512,cuda,,0.0001,32,False,150,,,l1,0.3,False,10000,1,0.0,0.02,0.15,6.0,1.0,30.7213,0.93171,0.98761,,30.013826140568526,observed,,10000,1500,False,,2.5672199726104736,5.8846211433410645
COCO_train2014_000000000025,tests/test_images/COCO_train2014_000000000025.jpg,426,640,768,aniso_onedge,aniso_onedge,wse,none,,,1500,35.0,"[28.0, 30.0, 32.0, 35.0]",512,cuda,,0.0001,32,False,150,,,l1,0.3,False,10000,0,0.0,0.02,0.15,6.0,1.0,23.7303,0.77079,0.94594,,23.386274449104782,observed,,10000,1500,False,,2.054624557495117,4.826037406921387
COCO_train2014_000000000025,tests/test_images/COCO_train2014_000000000025.jpg,426,640,768,aniso_onedge,aniso_onedge,wse,none,,,1500,35.0,"[28.0, 30.0, 32.0, 35.0]",512,cuda,,0.0001,32,False,150,,,l1,0.3,False,10000,1,0.0,0.02,0.15,6.0,1.0,23.7587,0.77177,0.94649,,23.401475659523747,observed,,10000,1500,False,,2.1120145320892334,4.834075212478638
COCO_train2014_000000000025,tests/test_images/COCO_train2014_000000000025.jpg,426,640,768,quadtree_wse,quadtree_wse,wse,none,,,1500,35.0,"[28.0, 30.0, 32.0, 35.0]",512,cuda,,0.0001,32,False,150,,,l1,0.3,False,10000,0,0.0,0.02,0.15,6.0,1.0,23.8401,0.77335,0.94744,,23.45705144830033,observed,,10000,1500,False,,2.1764259338378906,4.7384092807769775
COCO_train2014_000000000025,tests/test_images/COCO_train2014_000000000025.jpg,426,640,768,quadtree_wse,quadtree_wse,wse,none,,,1500,35.0,"[28.0, 30.0, 32.0, 35.0]",512,cuda,,0.0001,32,False,150,,,l1,0.3,False,10000,1,0.0,0.02,0.15,6.0,1.0,23.7773,0.77238,0.946,,23.421775698264174,observed,,10000,1500,False,,2.177503824234009,4.417469501495361
COCO_train2014_000000000030,tests/test_images/COCO_train2014_000000000030.jpg,428,640,768,aniso_onedge,aniso_onedge,wse,none,,,1500,35.0,"[28.0, 30.0, 32.0, 35.0]",512,cuda,,0.0001,32,False,150,,,l1,0.3,False,10000,0,0.0,0.02,0.15,6.0,1.0,37.7443,0.9734,0.99542,,36.8993639866458,observed,93,10000,1500,False,,2.235438585281372,4.94943380355835
COCO_train2014_000000000030,tests/test_images/COCO_train2014_000000000030.jpg,428,640,768,aniso_onedge,aniso_onedge,wse,none,,,1500,35.0,"[28.0, 30.0, 32.0, 35.0]",512,cuda,,0.0001,32,False,150,,,l1,0.3,False,10000,1,0.0,0.02,0.15,6.0,1.0,37.7568,0.97353,0.99549,,36.869816695474796,observed,96,10000,1500,False,,2.1724250316619873,4.903597593307495
COCO_train2014_000000000030,tests/test_images/COCO_train2014_000000000030.jpg,428,640,768,quadtree_wse,quadtree_wse,wse,none,,,1500,35.0,"[28.0, 30.0, 32.0, 35.0]",512,cuda,,0.0001,32,False,150,,,l1,0.3,False,10000,0,0.0,0.02,0.15,6.0,1.0,38.3568,0.97446,0.99552,,37.36095980567245,observed,90,10000,1500,False,,2.260627508163452,4.990394592285156
COCO_train2014_000000000030,tests/test_images/COCO_train2014_000000000030.jpg,428,640,768,quadtree_wse,quadtree_wse,wse,none,,,1500,35.0,"[28.0, 30.0, 32.0, 35.0]",512,cuda,,0.0001,32,False,150,,,l1,0.3,False,10000,1,0.0,0.02,0.15,6.0,1.0,38.3776,0.97459,0.99558,,37.39123862166656,observed,87,10000,1500,False,,2.2611083984375,4.776646614074707
COCO_train2014_000000000034,tests/test_images/COCO_train2014_000000000034.jpg,425,640,768,aniso_onedge,aniso_onedge,wse,none,,,1500,35.0,"[28.0, 30.0, 32.0, 35.0]",512,cuda,,0.0001,32,False,150,,,l1,0.3,False,10000,0,0.0,0.02,0.15,6.0,1.0,20.1167,0.69235,0.90052,,20.012325593517016,observed,,10000,1500,False,,2.2095954418182373,5.156620979309082
COCO_train2014_000000000034,tests/test_images/COCO_train2014_000000000034.jpg,425,640,768,aniso_onedge,aniso_onedge,wse,none,,,1500,35.0,"[28.0, 30.0, 32.0, 35.0]",512,cuda,,0.0001,32,False,150,,,l1,0.3,False,10000,1,0.0,0.02,0.15,6.0,1.0,20.076,0.68942,0.89988,,19.957261229929248,observed,,10000,1500,False,,2.421894073486328,5.022578239440918
COCO_train2014_000000000034,tests/test_images/COCO_train2014_000000000034.jpg,425,640,768,quadtree_wse,quadtree_wse,wse,none,,,1500,35.0,"[28.0, 30.0, 32.0, 35.0]",512,cuda,,0.0001,32,False,150,,,l1,0.3,False,10000,0,0.0,0.02,0.15,6.0,1.0,20.019,0.68653,0.89553,,19.91009540443344,observed,,10000,1500,False,,2.2927582263946533,5.217169523239136
COCO_train2014_000000000034,tests/test_images/COCO_train2014_000000000034.jpg,425,640,768,quadtree_wse,quadtree_wse,wse,none,,,1500,35.0,"[28.0, 30.0, 32.0, 35.0]",512,cuda,,0.0001,32,False,150,,,l1,0.3,False,10000,1,0.0,0.02,0.15,6.0,1.0,19.9732,0.68589,0.8958,,19.886235636023383,observed,,10000,1500,False,,2.283799171447754,5.283399343490601
kodim01,results/datasets/abl004/kodak24/kodim01.png,512,768,768,aniso_onedge,aniso_onedge,wse,none,,,1500,35.0,"[28.0, 30.0, 32.0, 35.0]",512,cuda,,0.0001,32,False,150,,,l1,0.3,False,2000,2,0.0,0.02,0.15,6.0,1.0,22.8246,0.66178,0.85915,,23.398310105270987,observed,,2000,1500,False,,0.29729270935058594,5.042887449264526
kodim01,results/datasets/abl004/kodak24/kodim01.png,512,768,768,quadtree_wse,quadtree_wse,wse,none,,,1500,35.0,"[28.0, 30.0, 32.0, 35.0]",512,cuda,,0.0001,32,False,150,,,l1,0.3,False,2000,2,0.0,0.02,0.15,6.0,1.0,22.9879,0.65952,0.86268,,23.46437671361087,observed,,2000,1500,False,,0.7245829105377197,4.740680932998657
kodim01,results/datasets/abl004/kodak24/kodim01.png,512,768,768,aniso_onedge,aniso_onedge,wse,none,,,1500,35.0,"[28.0, 30.0, 32.0, 35.0]",512,cuda,,0.0001,32,False,150,,,l1,0.3,False,5000,2,0.0,0.02,0.15,6.0,1.0,25.629,0.76427,0.9281,,25.440750192053084,observed,,5000,1500,False,,1.0074846744537354,4.630131006240845
kodim01,results/datasets/abl004/kodak24/kodim01.png,512,768,768,quadtree_wse,quadtree_wse,wse,none,,,1500,35.0,"[28.0, 30.0, 32.0, 35.0]",512,cuda,,0.0001,32,False,150,,,l1,0.3,False,5000,2,0.0,0.02,0.15,6.0,1.0,25.5654,0.76444,0.92755,,25.387618267194203,observed,,5000,1500,False,,1.5451228618621826,4.820535182952881
kodim01,results/datasets/abl004/kodak24/kodim01.png,512,768,768,aniso_onedge,aniso_onedge,wse,none,,,1500,35.0,"[28.0, 30.0, 32.0, 35.0]",512,cuda,,0.0001,32,False,150,,,l1,0.3,False,10000,2,0.0,0.02,0.15,6.0,1.0,27.841,0.83752,0.9609,,27.385719923435488,observed,,10000,1500,False,,2.1058461666107178,5.791437864303589
kodim01,results/datasets/abl004/kodak24/kodim01.png,512,768,768,quadtree_wse,quadtree_wse,wse,none,,,1500,35.0,"[28.0, 30.0, 32.0, 35.0]",512,cuda,,0.0001,32,False,150,,,l1,0.3,False,10000,2,0.0,0.02,0.15,6.0,1.0,27.758,0.83873,0.96041,,27.423589432215675,observed,,10000,1500,False,,2.6873347759246826,5.518325567245483
kodim02,results/datasets/abl004/kodak24/kodim02.png,512,768,768,aniso_onedge,aniso_onedge,wse,none,,,1500,35.0,"[28.0, 30.0, 32.0, 35.0]",512,cuda,,0.0001,32,False,150,,,l1,0.3,False,2000,2,0.0,0.02,0.15,6.0,1.0,31.4522,0.81546,0.93602,,31.106702801384394,observed,,2000,1500,False,,0.3149876594543457,5.589576959609985
kodim02,results/datasets/abl004/kodak24/kodim02.png,512,768,768,quadtree_wse,quadtree_wse,wse,none,,,1500,35.0,"[28.0, 30.0, 32.0, 35.0]",512,cuda,,0.0001,32,False,150,,,l1,0.3,False,2000,2,0.0,0.02,0.15,6.0,1.0,30.9176,0.81383,0.93228,,30.991597605674087,observed,,2000,1500,False,,0.6007821559906006,5.50308895111084
kodim02,results/datasets/abl004/kodak24/kodim02.png,512,768,768,aniso_onedge,aniso_onedge,wse,none,,,1500,35.0,"[28.0, 30.0, 32.0, 35.0]",512,cuda,,0.0001,32,False,150,,,l1,0.3,False,5000,2,0.0,0.02,0.15,6.0,1.0,33.5927,0.86838,0.96229,,33.101146166128984,observed,,5000,1500,False,,0.9199132919311523,6.080949783325195
kodim02,results/datasets/abl004/kodak24/kodim02.png,512,768,768,quadtree_wse,quadtree_wse,wse,none,,,1500,35.0,"[28.0, 30.0, 32.0, 35.0]",512,cuda,,0.0001,32,False,150,,,l1,0.3,False,5000,2,0.0,0.02,0.15,6.0,1.0,33.5751,0.86906,0.96278,,33.10060953060097,observed,,5000,1500,False,,1.2696657180786133,6.118960857391357
kodim02,results/datasets/abl004/kodak24/kodim02.png,512,768,768,aniso_onedge,aniso_onedge,wse,none,,,1500,35.0,"[28.0, 30.0, 32.0, 35.0]",512,cuda,,0.0001,32,False,150,,,l1,0.3,False,10000,2,0.0,0.02,0.15,6.0,1.0,35.8026,0.90998,0.97826,,35.153909725217204,observed,240,10000,1500,False,,2.151240825653076,6.957252025604248
kodim02,results/datasets/abl004/kodak24/kodim02.png,512,768,768,quadtree_wse,quadtree_wse,wse,none,,,1500,35.0,"[28.0, 30.0, 32.0, 35.0]",512,cuda,,0.0001,32,False,150,,,l1,0.3,False,10000,2,0.0,0.02,0.15,6.0,1.0,35.8166,0.90908,0.97815,,35.17788536728343,observed,225,10000,1500,False,,2.3098459243774414,6.551884412765503
kodim03,results/datasets/abl004/kodak24/kodim03.png,512,768,768,aniso_onedge,aniso_onedge,wse,none,,,1500,35.0,"[28.0, 30.0, 32.0, 35.0]",512,cuda,,0.0001,32,False,150,,,l1,0.3,False,2000,2,0.0,0.02,0.15,6.0,1.0,32.1232,0.88244,0.96316,,31.75835325687706,observed,,2000,1500,False,,0.3026888370513916,5.693468332290649
kodim03,results/datasets/abl004/kodak24/kodim03.png,512,768,768,quadtree_wse,quadtree_wse,wse,none,,,1500,35.0,"[28.0, 30.0, 32.0, 35.0]",512,cuda,,0.0001,32,False,150,,,l1,0.3,False,2000,2,0.0,0.02,0.15,6.0,1.0,31.5964,0.88226,0.96045,,31.691805345205722,observed,,2000,1500,False,,0.7314813137054443,5.433946847915649
kodim03,results/datasets/abl004/kodak24/kodim03.png,512,768,768,aniso_onedge,aniso_onedge,wse,none,,,1500,35.0,"[28.0, 30.0, 32.0, 35.0]",512,cuda,,0.0001,32,False,150,,,l1,0.3,False,5000,2,0.0,0.02,0.15,6.0,1.0,34.5528,0.92542,0.97987,,34.328329359872725,observed,762,5000,1500,False,,0.8881802558898926,5.619338512420654
kodim03,results/datasets/abl004/kodak24/kodim03.png,512,768,768,quadtree_wse,quadtree_wse,wse,none,,,1500,35.0,"[28.0, 30.0, 32.0, 35.0]",512,cuda,,0.0001,32,False,150,,,l1,0.3,False,5000,2,0.0,0.02,0.15,6.0,1.0,35.1752,0.9287,0.98174,,34.47400420597985,observed,670,5000,1500,False,,1.5301275253295898,5.710845947265625
kodim03,results/datasets/abl004/kodak24/kodim03.png,512,768,768,aniso_onedge,aniso_onedge,wse,none,,,1500,35.0,"[28.0, 30.0, 32.0, 35.0]",512,cuda,,0.0001,32,False,150,,,l1,0.3,False,10000,2,0.0,0.02,0.15,6.0,1.0,38.2506,0.95686,0.991,,37.32787913779882,observed,75,10000,1500,False,,2.25454044342041,6.32954216003418
kodim03,results/datasets/abl004/kodak24/kodim03.png,512,768,768,quadtree_wse,quadtree_wse,wse,none,,,1500,35.0,"[28.0, 30.0, 32.0, 35.0]",512,cuda,,0.0001,32,False,150,,,l1,0.3,False,10000,2,0.0,0.02,0.15,6.0,1.0,38.5369,0.95801,0.99102,,37.63573958414089,observed,72,10000,1500,False,,2.6685712337493896,6.270997047424316
kodim04,results/datasets/abl004/kodak24/kodim04.png,768,512,768,aniso_onedge,aniso_onedge,wse,none,,,1500,35.0,"[28.0, 30.0, 32.0, 35.0]",512,cuda,,0.0001,32,False,150,,,l1,0.3,False,2000,2,0.0,0.02,0.15,6.0,1.0,30.2126,0.80978,0.93547,,29.819199980696972,observed,,2000,1500,False,,0.30400943756103516,4.792021989822388
kodim04,results/datasets/abl004/kodak24/kodim04.png,768,512,768,quadtree_wse,quadtree_wse,wse,none,,,1500,35.0,"[28.0, 30.0, 32.0, 35.0]",512,cuda,,0.0001,32,False,150,,,l1,0.3,False,2000,2,0.0,0.02,0.15,6.0,1.0,30.3114,0.80894,0.93511,,29.941859544953797,observed,,2000,1500,False,,0.6225917339324951,4.5487048625946045
kodim04,results/datasets/abl004/kodak24/kodim04.png,768,512,768,aniso_onedge,aniso_onedge,wse,none,,,1500,35.0,"[28.0, 30.0, 32.0, 35.0]",512,cuda,,0.0001,32,False,150,,,l1,0.3,False,5000,2,0.0,0.02,0.15,6.0,1.0,32.5806,0.86801,0.96467,,32.11885141547001,observed,,5000,1500,False,,0.8848793506622314,5.3244428634643555
kodim04,results/datasets/abl004/kodak24/kodim04.png,768,512,768,quadtree_wse,quadtree_wse,wse,none,,,1500,35.0,"[28.0, 30.0, 32.0, 35.0]",512,cuda,,0.0001,32,False,150,,,l1,0.3,False,5000,2,0.0,0.02,0.15,6.0,1.0,32.6364,0.86799,0.9655,,32.123293617711695,observed,,5000,1500,False,,1.319115161895752,5.321824789047241
kodim04,results/datasets/abl004/kodak24/kodim04.png,768,512,768,aniso_onedge,aniso_onedge,wse,none,,,1500,35.0,"[28.0, 30.0, 32.0, 35.0]",512,cuda,,0.0001,32,False,150,,,l1,0.3,False,10000,2,0.0,0.02,0.15,6.0,1.0,34.8048,0.90751,0.98043,,34.19396832181741,observed,,10000,1500,False,,2.0859644412994385,6.789796352386475
kodim04,results/datasets/abl004/kodak24/kodim04.png,768,512,768,quadtree_wse,quadtree_wse,wse,none,,,1500,35.0,"[28.0, 30.0, 32.0, 35.0]",512,cuda,,0.0001,32,False,150,,,l1,0.3,False,10000,2,0.0,0.02,0.15,6.0,1.0,34.7648,0.90535,0.97967,,34.175892441172536,observed,,10000,1500,False,,2.382652521133423,6.3951332569122314
kodim05,results/datasets/abl004/kodak24/kodim05.png,512,768,768,aniso_onedge,aniso_onedge,wse,none,,,1500,35.0,"[28.0, 30.0, 32.0, 35.0]",512,cuda,,0.0001,32,False,150,,,l1,0.3,False,2000,2,0.0,0.02,0.15,6.0,1.0,21.0365,0.63656,0.84112,,21.738970608294526,observed,,2000,1500,False,,0.3060164451599121,5.165327787399292
kodim05,results/datasets/abl004/kodak24/kodim05.png,512,768,768,quadtree_wse,quadtree_wse,wse,none,,,1500,35.0,"[28.0, 30.0, 32.0, 35.0]",512,cuda,,0.0001,32,False,150,,,l1,0.3,False,2000,2,0.0,0.02,0.15,6.0,1.0,21.3841,0.63697,0.84373,,21.908432244141153,observed,,2000,1500,False,,0.6594297885894775,4.577711582183838
kodim05,results/datasets/abl004/kodak24/kodim05.png,512,768,768,aniso_onedge,aniso_onedge,wse,none,,,1500,35.0,"[28.0, 30.0, 32.0, 35.0]",512,cuda,,0.0001,32,False,150,,,l1,0.3,False,5000,2,0.0,0.02,0.15,6.0,1.0,25.6027,0.80294,0.94178,,25.378125149381408,observed,,5000,1500,False,,0.9258279800415039,5.274089574813843
kodim05,results/datasets/abl004/kodak24/kodim05.png,512,768,768,quadtree_wse,quadtree_wse,wse,none,,,1500,35.0,"[28.0, 30.0, 32.0, 35.0]",512,cuda,,0.0001,32,False,150,,,l1,0.3,False,5000,2,0.0,0.02,0.15,6.0,1.0,25.5401,0.79925,0.9417,,25.21983125290925,observed,,5000,1500,False,,1.5160586833953857,5.751811981201172
kodim05,results/datasets/abl004/kodak24/kodim05.png,512,768,768,aniso_onedge,aniso_onedge,wse,none,,,1500,35.0,"[28.0, 30.0, 32.0, 35.0]",512,cuda,,0.0001,32,False,150,,,l1,0.3,False,10000,2,0.0,0.02,0.15,6.0,1.0,29.3751,0.89474,0.97685,,28.55550365180791,observed,,10000,1500,False,,2.085850715637207,6.174046516418457
kodim05,results/datasets/abl004/kodak24/kodim05.png,512,768,768,quadtree_wse,quadtree_wse,wse,none,,,1500,35.0,"[28.0, 30.0, 32.0, 35.0]",512,cuda,,0.0001,32,False,150,,,l1,0.3,False,10000,2,0.0,0.02,0.15,6.0,1.0,29.1431,0.89054,0.97416,,28.436143975006573,observed,,10000,1500,False,,2.606252908706665,6.452755689620972
kodim06,results/datasets/abl004/kodak24/kodim06.png,512,768,768,aniso_onedge,aniso_onedge,wse,none,,,1500,35.0,"[28.0, 30.0, 32.0, 35.0]",512,cuda,,0.0001,32,False,150,,,l1,0.3,False,2000,2,0.0,0.02,0.15,6.0,1.0,25.3025,0.72199,0.88197,,25.11594542540893,observed,,2000,1500,False,,0.33426356315612793,5.044753313064575
kodim06,results/datasets/abl004/kodak24/kodim06.png,512,768,768,quadtree_wse,quadtree_wse,wse,none,,,1500,35.0,"[28.0, 30.0, 32.0, 35.0]",512,cuda,,0.0001,32,False,150,,,l1,0.3,False,2000,2,0.0,0.02,0.15,6.0,1.0,25.2432,0.7188,0.8801,,25.061304072048603,observed,,2000,1500,False,,0.6862905025482178,5.0685200691223145
kodim06,results/datasets/abl004/kodak24/kodim06.png,512,768,768,aniso_onedge,aniso_onedge,wse,none,,,1500,35.0,"[28.0, 30.0, 32.0, 35.0]",512,cuda,,0.0001,32,False,150,,,l1,0.3,False,5000,2,0.0,0.02,0.15,6.0,1.0,27.861,0.81644,0.93545,,27.526965120301554,observed,,5000,1500,False,,1.002767562866211,5.685659170150757
kodim06,results/datasets/abl004/kodak24/kodim06.png,512,768,768,quadtree_wse,quadtree_wse,wse,none,,,1500,35.0,"[28.0, 30.0, 32.0, 35.0]",512,cuda,,0.0001,32,False,150,,,l1,0.3,False,5000,2,0.0,0.02,0.15,6.0,1.0,28.1331,0.81842,0.93754,,27.674762758276636,observed,,5000,1500,False,,1.9981496334075928,5.692240476608276
kodim06,results/datasets/abl004/kodak24/kodim06.png,512,768,768,aniso_onedge,aniso_onedge,wse,none,,,1500,35.0,"[28.0, 30.0, 32.0, 35.0]",512,cuda,,0.0001,32,False,150,,,l1,0.3,False,10000,2,0.0,0.02,0.15,6.0,1.0,30.8068,0.88456,0.96846,,30.158150652553974,observed,,10000,1500,False,,2.31233286857605,6.663806200027466
kodim06,results/datasets/abl004/kodak24/kodim06.png,512,768,768,quadtree_wse,quadtree_wse,wse,none,,,1500,35.0,"[28.0, 30.0, 32.0, 35.0]",512,cuda,,0.0001,32,False,150,,,l1,0.3,False,10000,2,0.0,0.02,0.15,6.0,1.0,30.8025,0.88071,0.9661,,30.159396807140634,observed,,10000,1500,False,,2.3519060611724854,6.9662206172943115
kodim07,results/datasets/abl004/kodak24/kodim07.png,512,768,768,aniso_onedge,aniso_onedge,wse,none,,,1500,35.0,"[28.0, 30.0, 32.0, 35.0]",512,cuda,,0.0001,32,False,150,,,l1,0.3,False,2000,2,0.0,0.02,0.15,6.0,1.0,25.5127,0.8759,0.94244,,27.411231719787477,observed,,2000,1500,False,,0.32287001609802246,5.293323755264282
kodim07,results/datasets/abl004/kodak24/kodim07.png,512,768,768,quadtree_wse,quadtree_wse,wse,none,,,1500,35.0,"[28.0, 30.0, 32.0, 35.0]",512,cuda,,0.0001,32,False,150,,,l1,0.3,False,2000,2,0.0,0.02,0.15,6.0,1.0,25.8213,0.87184,0.93911,,27.660275066749822,observed,,2000,1500,False,,0.6971166133880615,5.256027460098267
kodim07,results/datasets/abl004/kodak24/kodim07.png,512,768,768,aniso_onedge,aniso_onedge,wse,none,,,1500,35.0,"[28.0, 30.0, 32.0, 35.0]",512,cuda,,0.0001,32,False,150,,,l1,0.3,False,5000,2,0.0,0.02,0.15,6.0,1.0,33.7504,0.94502,0.98751,,33.142412926213915,observed,,5000,1500,False,,1.013453722000122,5.318051815032959
kodim07,results/datasets/abl004/kodak24/kodim07.png,512,768,768,quadtree_wse,quadtree_wse,wse,none,,,1500,35.0,"[28.0, 30.0, 32.0, 35.0]",512,cuda,,0.0001,32,False,150,,,l1,0.3,False,5000,2,0.0,0.02,0.15,6.0,1.0,33.2125,0.94447,0.98622,,32.808923139820266,observed,,5000,1500,False,,1.5269112586975098,5.174137115478516
kodim07,results/datasets/abl004/kodak24/kodim07.png,512,768,768,aniso_onedge,aniso_onedge,wse,none,,,1500,35.0,"[28.0, 30.0, 32.0, 35.0]",512,cuda,,0.0001,32,False,150,,,l1,0.3,False,10000,2,0.0,0.02,0.15,6.0,1.0,38.1813,0.96937,0.99481,,37.05700857914472,observed,105,10000,1500,False,,2.213590145111084,5.785456418991089
kodim07,results/datasets/abl004/kodak24/kodim07.png,512,768,768,quadtree_wse,quadtree_wse,wse,none,,,1500,35.0,"[28.0, 30.0, 32.0, 35.0]",512,cuda,,0.0001,32,False,150,,,l1,0.3,False,10000,2,0.0,0.02,0.15,6.0,1.0,38.1809,0.96995,0.99495,,37.106189367690035,observed,105,10000,1500,False,,2.7484397888183594,5.7439124584198
kodim08,results/datasets/abl004/kodak24/kodim08.png,512,768,768,aniso_onedge,aniso_onedge,wse,none,,,1500,35.0,"[28.0, 30.0, 32.0, 35.0]",512,cuda,,0.0001,32,False,150,,,l1,0.3,False,2000,2,0.0,0.02,0.15,6.0,1.0,20.5176,0.69159,0.87727,,20.969750174050972,observed,,2000,1500,False,,0.33287501335144043,4.330917835235596
kodim08,results/datasets/abl004/kodak24/kodim08.png,512,768,768,quadtree_wse,quadtree_wse,wse,none,,,1500,35.0,"[28.0, 30.0, 32.0, 35.0]",512,cuda,,0.0001,32,False,150,,,l1,0.3,False,2000,2,0.0,0.02,0.15,6.0,1.0,19.4636,0.6743,0.84774,,20.38062964510011,observed,,2000,1500,False,,0.727036714553833,5.427088975906372
kodim08,results/datasets/abl004/kodak24/kodim08.png,512,768,768,aniso_onedge,aniso_onedge,wse,none,,,1500,35.0,"[28.0, 30.0, 32.0, 35.0]",512,cuda,,0.0001,32,False,150,,,l1,0.3,False,5000,2,0.0,0.02,0.15,6.0,1.0,24.0434,0.79924,0.93448,,24.088104386740003,observed,,5000,1500,False,,0.9856114387512207,5.072619676589966
kodim08,results/datasets/abl004/kodak24/kodim08.png,512,768,768,quadtree_wse,quadtree_wse,wse,none,,,1500,35.0,"[28.0, 30.0, 32.0, 35.0]",512,cuda,,0.0001,32,False,150,,,l1,0.3,False,5000,2,0.0,0.02,0.15,6.0,1.0,24.4629,0.80606,0.94115,,24.220389260539537,observed,,5000,1500,False,,1.5689377784729004,4.828444719314575
kodim08,results/datasets/abl004/kodak24/kodim08.png,512,768,768,aniso_onedge,aniso_onedge,wse,none,,,1500,35.0,"[28.0, 30.0, 32.0, 35.0]",512,cuda,,0.0001,32,False,150,,,l1,0.3,False,10000,2,0.0,0.02,0.15,6.0,1.0,27.6835,0.87459,0.97021,,27.03628843891533,observed,,10000,1500,False,,2.1775565147399902,5.675797700881958
kodim08,results/datasets/abl004/kodak24/kodim08.png,512,768,768,quadtree_wse,quadtree_wse,wse,none,,,1500,35.0,"[28.0, 30.0, 32.0, 35.0]",512,cuda,,0.0001,32,False,150,,,l1,0.3,False,10000,2,0.0,0.02,0.15,6.0,1.0,27.482,0.87173,0.96777,,26.88272560430098,observed,,10000,1500,False,,2.794664144515991,5.586513996124268
kodim09,results/datasets/abl004/kodak24/kodim09.png,768,512,768,aniso_onedge,aniso_onedge,wse,none,,,1500,35.0,"[28.0, 30.0, 32.0, 35.0]",512,cuda,,0.0001,32,False,150,,,l1,0.3,False,2000,2,0.0,0.02,0.15,6.0,1.0,30.178,0.87508,0.96167,,30.280088870663736,observed,,2000,1500,False,,0.36983561515808105,5.512885093688965
kodim09,results/datasets/abl004/kodak24/kodim09.png,768,512,768,quadtree_wse,quadtree_wse,wse,none,,,1500,35.0,"[28.0, 30.0, 32.0, 35.0]",512,cuda,,0.0001,32,False,150,,,l1,0.3,False,2000,2,0.0,0.02,0.15,6.0,1.0,30.1444,0.8737,0.96182,,30.34907692253311,observed,,2000,1500,False,,0.6945312023162842,5.583556413650513
kodim09,results/datasets/abl004/kodak24/kodim09.png,768,512,768,aniso_onedge,aniso_onedge,wse,none,,,1500,35.0,"[28.0, 30.0, 32.0, 35.0]",512,cuda,,0.0001,32,False,150,,,l1,0.3,False,5000,2,0.0,0.02,0.15,6.0,1.0,34.3817,0.9185,0.98331,,33.605998210385295,observed,,5000,1500,False,,1.0248117446899414,5.462125301361084
kodim09,results/datasets/abl004/kodak24/kodim09.png,768,512,768,quadtree_wse,quadtree_wse,wse,none,,,1500,35.0,"[28.0, 30.0, 32.0, 35.0]",512,cuda,,0.0001,32,False,150,,,l1,0.3,False,5000,2,0.0,0.02,0.15,6.0,1.0,34.4162,0.91938,0.98329,,33.61922595181252,observed,,5000,1500,False,,1.3827755451202393,6.021636962890625
kodim09,results/datasets/abl004/kodak24/kodim09.png,768,512,768,aniso_onedge,aniso_onedge,wse,none,,,1500,35.0,"[28.0, 30.0, 32.0, 35.0]",512,cuda,,0.0001,32,False,150,,,l1,0.3,False,10000,2,0.0,0.02,0.15,6.0,1.0,37.2329,0.94177,0.99044,,36.35967512556996,observed,115,10000,1500,False,,2.402757167816162,6.3229639530181885
kodim09,results/datasets/abl004/kodak24/kodim09.png,768,512,768,quadtree_wse,quadtree_wse,wse,none,,,1500,35.0,"[28.0, 30.0, 32.0, 35.0]",512,cuda,,0.0001,32,False,150,,,l1,0.3,False,10000,2,0.0,0.02,0.15,6.0,1.0,37.3232,0.94156,0.99045,,36.42237926149782,observed,110,10000,1500,False,,2.5927932262420654,6.13431191444397
kodim10,results/datasets/abl004/kodak24/kodim10.png,768,512,768,aniso_onedge,aniso_onedge,wse,none,,,1500,35.0,"[28.0, 30.0, 32.0, 35.0]",512,cuda,,0.0001,32,False,150,,,l1,0.3,False,2000,2,0.0,0.02,0.15,6.0,1.0,31.2014,0.88748,0.96626,,30.89773788859321,observed,,2000,1500,False,,0.336275577545166,5.541947364807129
kodim10,results/datasets/abl004/kodak24/kodim10.png,768,512,768,quadtree_wse,quadtree_wse,wse,none,,,1500,35.0,"[28.0, 30.0, 32.0, 35.0]",512,cuda,,0.0001,32,False,150,,,l1,0.3,False,2000,2,0.0,0.02,0.15,6.0,1.0,31.6899,0.88713,0.96807,,31.00966468693973,observed,,2000,1500,False,,0.6882061958312988,5.530804395675659
kodim10,results/datasets/abl004/kodak24/kodim10.png,768,512,768,aniso_onedge,aniso_onedge,wse,none,,,1500,35.0,"[28.0, 30.0, 32.0, 35.0]",512,cuda,,0.0001,32,False,150,,,l1,0.3,False,5000,2,0.0,0.02,0.15,6.0,1.0,35.6669,0.9335,0.9868,,34.859202511553924,observed,321,5000,1500,False,,1.0435271263122559,5.8374247550964355
kodim10,results/datasets/abl004/kodak24/kodim10.png,768,512,768,quadtree_wse,quadtree_wse,wse,none,,,1500,35.0,"[28.0, 30.0, 32.0, 35.0]",512,cuda,,0.0001,32,False,150,,,l1,0.3,False,5000,2,0.0,0.02,0.15,6.0,1.0,35.7986,0.93384,0.98693,,34.9183913759584,observed,313,5000,1500,False,,1.4216740131378174,6.182862997055054
kodim10,results/datasets/abl004/kodak24/kodim10.png,768,512,768,aniso_onedge,aniso_onedge,wse,none,,,1500,35.0,"[28.0, 30.0, 32.0, 35.0]",512,cuda,,0.0001,32,False,150,,,l1,0.3,False,10000,2,0.0,0.02,0.15,6.0,1.0,38.8474,0.95305,0.99262,,37.879544824978126,observed,69,10000,1500,False,,2.4594924449920654,6.361357927322388
kodim10,results/datasets/abl004/kodak24/kodim10.png,768,512,768,quadtree_wse,quadtree_wse,wse,none,,,1500,35.0,"[28.0, 30.0, 32.0, 35.0]",512,cuda,,0.0001,32,False,150,,,l1,0.3,False,10000,2,0.0,0.02,0.15,6.0,1.0,38.9303,0.95317,0.99251,,37.93712993873764,observed,71,10000,1500,False,,2.5181782245635986,6.298825979232788
kodim11,results/datasets/abl004/kodak24/kodim11.png,512,768,768,aniso_onedge,aniso_onedge,wse,none,,,1500,35.0,"[28.0, 30.0, 32.0, 35.0]",512,cuda,,0.0001,32,False,150,,,l1,0.3,False,2000,2,0.0,0.02,0.15,6.0,1.0,26.7405,0.75931,0.91376,,26.68139126175161,observed,,2000,1500,False,,0.3304636478424072,5.298599004745483
kodim11,results/datasets/abl004/kodak24/kodim11.png,512,768,768,quadtree_wse,quadtree_wse,wse,none,,,1500,35.0,"[28.0, 30.0, 32.0, 35.0]",512,cuda,,0.0001,32,False,150,,,l1,0.3,False,2000,2,0.0,0.02,0.15,6.0,1.0,27.0451,0.75871,0.91296,,26.772630524842082,observed,,2000,1500,False,,0.6880526542663574,5.085321664810181
kodim11,results/datasets/abl004/kodak24/kodim11.png,512,768,768,aniso_onedge,aniso_onedge,wse,none,,,1500,35.0,"[28.0, 30.0, 32.0, 35.0]",512,cuda,,0.0001,32,False,150,,,l1,0.3,False,5000,2,0.0,0.02,0.15,6.0,1.0,30.1327,0.84225,0.95463,,29.55345297655,observed,,5000,1500,False,,1.0678954124450684,6.027167797088623
kodim11,results/datasets/abl004/kodak24/kodim11.png,512,768,768,quadtree_wse,quadtree_wse,wse,none,,,1500,35.0,"[28.0, 30.0, 32.0, 35.0]",512,cuda,,0.0001,32,False,150,,,l1,0.3,False,5000,2,0.0,0.02,0.15,6.0,1.0,30.1348,0.84142,0.95306,,29.57961613055147,observed,,5000,1500,False,,1.5023431777954102,5.847691059112549
kodim11,results/datasets/abl004/kodak24/kodim11.png,512,768,768,aniso_onedge,aniso_onedge,wse,none,,,1500,35.0,"[28.0, 30.0, 32.0, 35.0]",512,cuda,,0.0001,32,False,150,,,l1,0.3,False,10000,2,0.0,0.02,0.15,6.0,1.0,32.8552,0.8958,0.97482,,32.11354575942881,observed,,10000,1500,False,,2.252680778503418,6.830405950546265
kodim11,results/datasets/abl004/kodak24/kodim11.png,512,768,768,quadtree_wse,quadtree_wse,wse,none,,,1500,35.0,"[28.0, 30.0, 32.0, 35.0]",512,cuda,,0.0001,32,False,150,,,l1,0.3,False,10000,2,0.0,0.02,0.15,6.0,1.0,32.7844,0.89346,0.97321,,32.05543688569887,observed,,10000,1500,False,,2.6074702739715576,6.5533812046051025
kodim12,results/datasets/abl004/kodak24/kodim12.png,512,768,768,aniso_onedge,aniso_onedge,wse,none,,,1500,35.0,"[28.0, 30.0, 32.0, 35.0]",512,cuda,,0.0001,32,False,150,,,l1,0.3,False,2000,2,0.0,0.02,0.15,6.0,1.0,31.091,0.83141,0.94068,,30.783104562536728,observed,,2000,1500,False,,0.3313419818878174,5.250854015350342
kodim12,results/datasets/abl004/kodak24/kodim12.png,512,768,768,quadtree_wse,quadtree_wse,wse,none,,,1500,35.0,"[28.0, 30.0, 32.0, 35.0]",512,cuda,,0.0001,32,False,150,,,l1,0.3,False,2000,2,0.0,0.02,0.15,6.0,1.0,27.84,0.82659,0.91981,,30.307404225472215,observed,,2000,1500,False,,0.746774435043335,5.061199426651001
kodim12,results/datasets/abl004/kodak24/kodim12.png,512,768,768,aniso_onedge,aniso_onedge,wse,none,,,1500,35.0,"[28.0, 30.0, 32.0, 35.0]",512,cuda,,0.0001,32,False,150,,,l1,0.3,False,5000,2,0.0,0.02,0.15,6.0,1.0,33.7479,0.88607,0.96524,,33.250785926885015,observed,,5000,1500,False,,0.9355485439300537,6.071392059326172
kodim12,results/datasets/abl004/kodak24/kodim12.png,512,768,768,quadtree_wse,quadtree_wse,wse,none,,,1500,35.0,"[28.0, 30.0, 32.0, 35.0]",512,cuda,,0.0001,32,False,150,,,l1,0.3,False,5000,2,0.0,0.02,0.15,6.0,1.0,33.7294,0.88694,0.96636,,33.43238455077026,observed,,5000,1500,False,,1.4338040351867676,5.66005277633667
kodim12,results/datasets/abl004/kodak24/kodim12.png,512,768,768,aniso_onedge,aniso_onedge,wse,none,,,1500,35.0,"[28.0, 30.0, 32.0, 35.0]",512,cuda,,0.0001,32,False,150,,,l1,0.3,False,10000,2,0.0,0.02,0.15,6.0,1.0,36.5184,0.92498,0.98216,,35.80499815479607,observed,149,10000,1500,False,,2.2205333709716797,6.7445080280303955
kodim12,results/datasets/abl004/kodak24/kodim12.png,512,768,768,quadtree_wse,quadtree_wse,wse,none,,,1500,35.0,"[28.0, 30.0, 32.0, 35.0]",512,cuda,,0.0001,32,False,150,,,l1,0.3,False,10000,2,0.0,0.02,0.15,6.0,1.0,36.3796,0.92177,0.98057,,35.660133522140576,observed,161,10000,1500,False,,2.4761269092559814,6.404040575027466
kodim13,results/datasets/abl004/kodak24/kodim13.png,512,768,768,aniso_onedge,aniso_onedge,wse,none,,,1500,35.0,"[28.0, 30.0, 32.0, 35.0]",512,cuda,,0.0001,32,False,150,,,l1,0.3,False,2000,2,0.0,0.02,0.15,6.0,1.0,20.4642,0.51071,0.80561,,20.46945196282792,observed,,2000,1500,False,,0.3198812007904053,4.89391016960144
kodim13,results/datasets/abl004/kodak24/kodim13.png,512,768,768,quadtree_wse,quadtree_wse,wse,none,,,1500,35.0,"[28.0, 30.0, 32.0, 35.0]",512,cuda,,0.0001,32,False,150,,,l1,0.3,False,2000,2,0.0,0.02,0.15,6.0,1.0,20.4297,0.50967,0.80564,,20.472894905884317,observed,,2000,1500,False,,0.5881521701812744,4.979959011077881
kodim13,results/datasets/abl004/kodak24/kodim13.png,512,768,768,aniso_onedge,aniso_onedge,wse,none,,,1500,35.0,"[28.0, 30.0, 32.0, 35.0]",512,cuda,,0.0001,32,False,150,,,l1,0.3,False,5000,2,0.0,0.02,0.15,6.0,1.0,22.498,0.64632,0.8853,,22.34624607170161,observed,,5000,1500,False,,0.9301955699920654,5.00448751449585
kodim13,results/datasets/abl004/kodak24/kodim13.png,512,768,768,quadtree_wse,quadtree_wse,wse,none,,,1500,35.0,"[28.0, 30.0, 32.0, 35.0]",512,cuda,,0.0001,32,False,150,,,l1,0.3,False,5000,2,0.0,0.02,0.15,6.0,1.0,22.4191,0.64301,0.88111,,22.306468492829854,observed,,5000,1500,False,,1.2389497756958008,5.011179685592651
kodim13,results/datasets/abl004/kodak24/kodim13.png,512,768,768,aniso_onedge,aniso_onedge,wse,none,,,1500,35.0,"[28.0, 30.0, 32.0, 35.0]",512,cuda,,0.0001,32,False,150,,,l1,0.3,False,10000,2,0.0,0.02,0.15,6.0,1.0,24.891,0.75638,0.9333,,24.500232112495162,observed,,10000,1500,False,,2.289273262023926,5.6548261642456055
kodim13,results/datasets/abl004/kodak24/kodim13.png,512,768,768,quadtree_wse,quadtree_wse,wse,none,,,1500,35.0,"[28.0, 30.0, 32.0, 35.0]",512,cuda,,0.0001,32,False,150,,,l1,0.3,False,10000,2,0.0,0.02,0.15,6.0,1.0,24.7957,0.75213,0.93041,,24.431081904181646,observed,,10000,1500,False,,2.2601072788238525,5.808490753173828
kodim14,results/datasets/abl004/kodak24/kodim14.png,512,768,768,aniso_onedge,aniso_onedge,wse,none,,,1500,35.0,"[28.0, 30.0, 32.0, 35.0]",512,cuda,,0.0001,32,False,150,,,l1,0.3,False,2000,2,0.0,0.02,0.15,6.0,1.0,24.6912,0.68087,0.88942,,24.755780376538663,observed,,2000,1500,False,,0.3251926898956299,5.4721739292144775
kodim14,results/datasets/abl004/kodak24/kodim14.png,512,768,768,quadtree_wse,quadtree_wse,wse,none,,,1500,35.0,"[28.0, 30.0, 32.0, 35.0]",512,cuda,,0.0001,32,False,150,,,l1,0.3,False,2000,2,0.0,0.02,0.15,6.0,1.0,24.666,0.67322,0.88665,,24.75223619195125,observed,,2000,1500,False,,0.6358809471130371,5.451334714889526
kodim14,results/datasets/abl004/kodak24/kodim14.png,512,768,768,aniso_onedge,aniso_onedge,wse,none,,,1500,35.0,"[28.0, 30.0, 32.0, 35.0]",512,cuda,,0.0001,32,False,150,,,l1,0.3,False,5000,2,0.0,0.02,0.15,6.0,1.0,27.9246,0.79273,0.94654,,27.60634721574026,observed,,5000,1500,False,,0.9410996437072754,5.609689235687256
kodim14,results/datasets/abl004/kodak24/kodim14.png,512,768,768,quadtree_wse,quadtree_wse,wse,none,,,1500,35.0,"[28.0, 30.0, 32.0, 35.0]",512,cuda,,0.0001,32,False,150,,,l1,0.3,False,5000,2,0.0,0.02,0.15,6.0,1.0,28.0809,0.79198,0.9461,,27.6736833471867,observed,,5000,1500,False,,1.3684759140014648,5.35068154335022
kodim14,results/datasets/abl004/kodak24/kodim14.png,512,768,768,aniso_onedge,aniso_onedge,wse,none,,,1500,35.0,"[28.0, 30.0, 32.0, 35.0]",512,cuda,,0.0001,32,False,150,,,l1,0.3,False,10000,2,0.0,0.02,0.15,6.0,1.0,30.8365,0.86878,0.9732,,30.220795053096513,observed,,10000,1500,False,,2.291501760482788,6.588805913925171
kodim14,results/datasets/abl004/kodak24/kodim14.png,512,768,768,quadtree_wse,quadtree_wse,wse,none,,,1500,35.0,"[28.0, 30.0, 32.0, 35.0]",512,cuda,,0.0001,32,False,150,,,l1,0.3,False,10000,2,0.0,0.02,0.15,6.0,1.0,30.8372,0.86556,0.97193,,30.182300836106315,observed,,10000,1500,False,,2.4461464881896973,6.431581258773804
kodim15,results/datasets/abl004/kodak24/kodim15.png,512,768,768,aniso_onedge,aniso_onedge,wse,none,,,1500,35.0,"[28.0, 30.0, 32.0, 35.0]",512,cuda,,0.0001,32,False,150,,,l1,0.3,False,2000,2,0.0,0.02,0.15,6.0,1.0,30.3696,0.83538,0.9538,,29.93479405569187,observed,,2000,1500,False,,0.301410436630249,4.703129291534424
kodim15,results/datasets/abl004/kodak24/kodim15.png,512,768,768,quadtree_wse,quadtree_wse,wse,none,,,1500,35.0,"[28.0, 30.0, 32.0, 35.0]",512,cuda,,0.0001,32,False,150,,,l1,0.3,False,2000,2,0.0,0.02,0.15,6.0,1.0,30.272,0.83213,0.95154,,29.741390854299187,observed,,2000,1500,False,,0.8066933155059814,4.666583061218262
kodim15,results/datasets/abl004/kodak24/kodim15.png,512,768,768,aniso_onedge,aniso_onedge,wse,none,,,1500,35.0,"[28.0, 30.0, 32.0, 35.0]",512,cuda,,0.0001,32,False,150,,,l1,0.3,False,5000,2,0.0,0.02,0.15,6.0,1.0,32.5109,0.87919,0.97167,,31.886183982375783,observed,,5000,1500,False,,0.9258325099945068,5.29082465171814
kodim15,results/datasets/abl004/kodak24/kodim15.png,512,768,768,quadtree_wse,quadtree_wse,wse,none,,,1500,35.0,"[28.0, 30.0, 32.0, 35.0]",512,cuda,,0.0001,32,False,150,,,l1,0.3,False,5000,2,0.0,0.02,0.15,6.0,1.0,32.5755,0.88114,0.97253,,32.01266393858723,observed,,5000,1500,False,,1.562305212020874,5.186476230621338
kodim15,results/datasets/abl004/kodak24/kodim15.png,512,768,768,aniso_onedge,aniso_onedge,wse,none,,,1500,35.0,"[28.0, 30.0, 32.0, 35.0]",512,cuda,,0.0001,32,False,150,,,l1,0.3,False,10000,2,0.0,0.02,0.15,6.0,1.0,34.605,0.91155,0.98237,,33.922676550856906,observed,,10000,1500,False,,2.2931878566741943,6.339763641357422
kodim15,results/datasets/abl004/kodak24/kodim15.png,512,768,768,quadtree_wse,quadtree_wse,wse,none,,,1500,35.0,"[28.0, 30.0, 32.0, 35.0]",512,cuda,,0.0001,32,False,150,,,l1,0.3,False,10000,2,0.0,0.02,0.15,6.0,1.0,34.4738,0.90966,0.98171,,33.814706064368025,observed,,10000,1500,False,,2.681692361831665,6.273107051849365
kodim16,results/datasets/abl004/kodak24/kodim16.png,512,768,768,aniso_onedge,aniso_onedge,wse,none,,,1500,35.0,"[28.0, 30.0, 32.0, 35.0]",512,cuda,,0.0001,32,False,150,,,l1,0.3,False,2000,2,0.0,0.02,0.15,6.0,1.0,29.086,0.79244,0.92281,,28.83364267521019,observed,,2000,1500,False,,0.33563876152038574,5.125443935394287
kodim16,results/datasets/abl004/kodak24/kodim16.png,512,768,768,quadtree_wse,quadtree_wse,wse,none,,,1500,35.0,"[28.0, 30.0, 32.0, 35.0]",512,cuda,,0.0001,32,False,150,,,l1,0.3,False,2000,2,0.0,0.02,0.15,6.0,1.0,29.1289,0.79275,0.92384,,28.80418939062402,observed,,2000,1500,False,,0.6096923351287842,5.560756206512451
kodim16,results/datasets/abl004/kodak24/kodim16.png,512,768,768,aniso_onedge,aniso_onedge,wse,none,,,1500,35.0,"[28.0, 30.0, 32.0, 35.0]",512,cuda,,0.0001,32,False,150,,,l1,0.3,False,5000,2,0.0,0.02,0.15,6.0,1.0,31.8189,0.87083,0.9611,,31.341943944430973,observed,,5000,1500,False,,1.1577019691467285,6.035203456878662
kodim16,results/datasets/abl004/kodak24/kodim16.png,512,768,768,quadtree_wse,quadtree_wse,wse,none,,,1500,35.0,"[28.0, 30.0, 32.0, 35.0]",512,cuda,,0.0001,32,False,150,,,l1,0.3,False,5000,2,0.0,0.02,0.15,6.0,1.0,31.8796,0.87282,0.9616,,31.360093126303358,observed,,5000,1500,False,,1.439340353012085,6.003733158111572
kodim16,results/datasets/abl004/kodak24/kodim16.png,512,768,768,aniso_onedge,aniso_onedge,wse,none,,,1500,35.0,"[28.0, 30.0, 32.0, 35.0]",512,cuda,,0.0001,32,False,150,,,l1,0.3,False,10000,2,0.0,0.02,0.15,6.0,1.0,34.714,0.92097,0.98024,,34.02697249394087,observed,,10000,1500,False,,2.317440986633301,6.5562615394592285
kodim16,results/datasets/abl004/kodak24/kodim16.png,512,768,768,quadtree_wse,quadtree_wse,wse,none,,,1500,35.0,"[28.0, 30.0, 32.0, 35.0]",512,cuda,,0.0001,32,False,150,,,l1,0.3,False,10000,2,0.0,0.02,0.15,6.0,1.0,34.7526,0.92125,0.97998,,34.03926038964738,observed,,10000,1500,False,,2.342404842376709,6.393373966217041
kodim17,results/datasets/abl004/kodak24/kodim17.png,768,512,768,aniso_onedge,aniso_onedge,wse,none,,,1500,35.0,"[28.0, 30.0, 32.0, 35.0]",512,cuda,,0.0001,32,False,150,,,l1,0.3,False,2000,2,0.0,0.02,0.15,6.0,1.0,29.6054,0.84301,0.95402,,29.057730277750476,observed,,2000,1500,False,,0.3412587642669678,5.7039196491241455
kodim17,results/datasets/abl004/kodak24/kodim17.png,768,512,768,quadtree_wse,quadtree_wse,wse,none,,,1500,35.0,"[28.0, 30.0, 32.0, 35.0]",512,cuda,,0.0001,32,False,150,,,l1,0.3,False,2000,2,0.0,0.02,0.15,6.0,1.0,29.6597,0.84625,0.95498,,29.080290279681083,observed,,2000,1500,False,,0.6939373016357422,5.260067701339722
kodim17,results/datasets/abl004/kodak24/kodim17.png,768,512,768,aniso_onedge,aniso_onedge,wse,none,,,1500,35.0,"[28.0, 30.0, 32.0, 35.0]",512,cuda,,0.0001,32,False,150,,,l1,0.3,False,5000,2,0.0,0.02,0.15,6.0,1.0,33.1361,0.90639,0.9796,,32.43994956624118,observed,,5000,1500,False,,1.1314830780029297,6.026463270187378
kodim17,results/datasets/abl004/kodak24/kodim17.png,768,512,768,quadtree_wse,quadtree_wse,wse,none,,,1500,35.0,"[28.0, 30.0, 32.0, 35.0]",512,cuda,,0.0001,32,False,150,,,l1,0.3,False,5000,2,0.0,0.02,0.15,6.0,1.0,33.2005,0.90676,0.9796,,32.46358443928847,observed,,5000,1500,False,,1.4929864406585693,5.5947425365448
kodim17,results/datasets/abl004/kodak24/kodim17.png,768,512,768,aniso_onedge,aniso_onedge,wse,none,,,1500,35.0,"[28.0, 30.0, 32.0, 35.0]",512,cuda,,0.0001,32,False,150,,,l1,0.3,False,10000,2,0.0,0.02,0.15,6.0,1.0,36.3288,0.93972,0.98949,,35.495350074895306,observed,184,10000,1500,False,,3.4032371044158936,6.317478656768799
kodim17,results/datasets/abl004/kodak24/kodim17.png,768,512,768,quadtree_wse,quadtree_wse,wse,none,,,1500,35.0,"[28.0, 30.0, 32.0, 35.0]",512,cuda,,0.0001,32,False,150,,,l1,0.3,False,10000,2,0.0,0.02,0.15,6.0,1.0,36.401,0.93953,0.98939,,35.52830358661756,observed,181,10000,1500,False,,2.6177797317504883,6.629145622253418
kodim18,results/datasets/abl004/kodak24/kodim18.png,768,512,768,aniso_onedge,aniso_onedge,wse,none,,,1500,35.0,"[28.0, 30.0, 32.0, 35.0]",512,cuda,,0.0001,32,False,150,,,l1,0.3,False,2000,2,0.0,0.02,0.15,6.0,1.0,24.3107,0.67705,0.87541,,24.15366685573382,observed,,2000,1500,False,,0.3268134593963623,5.4139244556427
kodim18,results/datasets/abl004/kodak24/kodim18.png,768,512,768,quadtree_wse,quadtree_wse,wse,none,,,1500,35.0,"[28.0, 30.0, 32.0, 35.0]",512,cuda,,0.0001,32,False,150,,,l1,0.3,False,2000,2,0.0,0.02,0.15,6.0,1.0,24.1095,0.6696,0.86668,,24.05810334954443,observed,,2000,1500,False,,0.5613765716552734,5.48230767250061
kodim18,results/datasets/abl004/kodak24/kodim18.png,768,512,768,aniso_onedge,aniso_onedge,wse,none,,,1500,35.0,"[28.0, 30.0, 32.0, 35.0]",512,cuda,,0.0001,32,False,150,,,l1,0.3,False,5000,2,0.0,0.02,0.15,6.0,1.0,26.9251,0.79414,0.94194,,26.529618842193013,observed,,5000,1500,False,,1.1330316066741943,5.8278467655181885
kodim18,results/datasets/abl004/kodak24/kodim18.png,768,512,768,quadtree_wse,quadtree_wse,wse,none,,,1500,35.0,"[28.0, 30.0, 32.0, 35.0]",512,cuda,,0.0001,32,False,150,,,l1,0.3,False,5000,2,0.0,0.02,0.15,6.0,1.0,26.8302,0.79143,0.93992,,26.471642627805135,observed,,5000,1500,False,,1.2894809246063232,5.873496770858765
kodim18,results/datasets/abl004/kodak24/kodim18.png,768,512,768,aniso_onedge,aniso_onedge,wse,none,,,1500,35.0,"[28.0, 30.0, 32.0, 35.0]",512,cuda,,0.0001,32,False,150,,,l1,0.3,False,10000,2,0.0,0.02,0.15,6.0,1.0,29.6977,0.86864,0.97085,,29.05384588591491,observed,,10000,1500,False,,3.1692936420440674,6.49831223487854
kodim18,results/datasets/abl004/kodak24/kodim18.png,768,512,768,quadtree_wse,quadtree_wse,wse,none,,,1500,35.0,"[28.0, 30.0, 32.0, 35.0]",512,cuda,,0.0001,32,False,150,,,l1,0.3,False,10000,2,0.0,0.02,0.15,6.0,1.0,29.7458,0.86888,0.97067,,29.101267184155077,observed,,10000,1500,False,,2.37911057472229,6.350505828857422
kodim19,results/datasets/abl004/kodak24/kodim19.png,768,512,768,aniso_onedge,aniso_onedge,wse,none,,,1500,35.0,"[28.0, 30.0, 32.0, 35.0]",512,cuda,,0.0001,32,False,150,,,l1,0.3,False,2000,2,0.0,0.02,0.15,6.0,1.0,27.3781,0.77718,0.91695,,27.25771055991368,observed,,2000,1500,False,,0.350602388381958,5.885035037994385
kodim19,results/datasets/abl004/kodak24/kodim19.png,768,512,768,quadtree_wse,quadtree_wse,wse,none,,,1500,35.0,"[28.0, 30.0, 32.0, 35.0]",512,cuda,,0.0001,32,False,150,,,l1,0.3,False,2000,2,0.0,0.02,0.15,6.0,1.0,27.0377,0.77535,0.91322,,27.10307447714675,observed,,2000,1500,False,,0.5878245830535889,5.778030633926392
kodim19,results/datasets/abl004/kodak24/kodim19.png,768,512,768,aniso_onedge,aniso_onedge,wse,none,,,1500,35.0,"[28.0, 30.0, 32.0, 35.0]",512,cuda,,0.0001,32,False,150,,,l1,0.3,False,5000,2,0.0,0.02,0.15,6.0,1.0,30.2798,0.84024,0.95297,,29.86587230168318,observed,,5000,1500,False,,1.0625524520874023,6.448242664337158
kodim19,results/datasets/abl004/kodak24/kodim19.png,768,512,768,quadtree_wse,quadtree_wse,wse,none,,,1500,35.0,"[28.0, 30.0, 32.0, 35.0]",512,cuda,,0.0001,32,False,150,,,l1,0.3,False,5000,2,0.0,0.02,0.15,6.0,1.0,30.6351,0.84176,0.95501,,29.865269439549664,observed,,5000,1500,False,,1.2804286479949951,6.297582626342773
kodim19,results/datasets/abl004/kodak24/kodim19.png,768,512,768,aniso_onedge,aniso_onedge,wse,none,,,1500,35.0,"[28.0, 30.0, 32.0, 35.0]",512,cuda,,0.0001,32,False,150,,,l1,0.3,False,10000,2,0.0,0.02,0.15,6.0,1.0,32.5025,0.88022,0.97123,,31.770281399147283,observed,,10000,1500,False,,2.5276544094085693,7.295432806015015
kodim19,results/datasets/abl004/kodak24/kodim19.png,768,512,768,quadtree_wse,quadtree_wse,wse,none,,,1500,35.0,"[28.0, 30.0, 32.0, 35.0]",512,cuda,,0.0001,32,False,150,,,l1,0.3,False,10000,2,0.0,0.02,0.15,6.0,1.0,32.5115,0.87886,0.97067,,31.814973963507818,observed,,10000,1500,False,,2.809968948364258,7.277839183807373
kodim20,results/datasets/abl004/kodak24/kodim20.png,512,768,768,aniso_onedge,aniso_onedge,wse,none,,,1500,35.0,"[28.0, 30.0, 32.0, 35.0]",512,cuda,,0.0001,32,False,150,,,l1,0.3,False,2000,2,0.0,0.02,0.15,6.0,1.0,29.437,0.85374,0.9551,,29.358324039451595,observed,,2000,1500,False,,0.4472224712371826,5.719170808792114
kodim20,results/datasets/abl004/kodak24/kodim20.png,512,768,768,quadtree_wse,quadtree_wse,wse,none,,,1500,35.0,"[28.0, 30.0, 32.0, 35.0]",512,cuda,,0.0001,32,False,150,,,l1,0.3,False,2000,2,0.0,0.02,0.15,6.0,1.0,29.1718,0.8518,0.95151,,29.48944650768359,observed,,2000,1500,False,,0.7114510536193848,5.343396186828613
kodim20,results/datasets/abl004/kodak24/kodim20.png,512,768,768,aniso_onedge,aniso_onedge,wse,none,,,1500,35.0,"[28.0, 30.0, 32.0, 35.0]",512,cuda,,0.0001,32,False,150,,,l1,0.3,False,5000,2,0.0,0.02,0.15,6.0,1.0,32.6933,0.89222,0.9726,,32.14618494035086,observed,,5000,1500,False,,0.9829728603363037,6.921277046203613
kodim20,results/datasets/abl004/kodak24/kodim20.png,512,768,768,quadtree_wse,quadtree_wse,wse,none,,,1500,35.0,"[28.0, 30.0, 32.0, 35.0]",512,cuda,,0.0001,32,False,150,,,l1,0.3,False,5000,2,0.0,0.02,0.15,6.0,1.0,32.9328,0.89334,0.97395,,32.40300444716847,observed,,5000,1500,False,,1.4946885108947754,6.190532445907593
kodim20,results/datasets/abl004/kodak24/kodim20.png,512,768,768,aniso_onedge,aniso_onedge,wse,none,,,1500,35.0,"[28.0, 30.0, 32.0, 35.0]",512,cuda,,0.0001,32,False,150,,,l1,0.3,False,10000,2,0.0,0.02,0.15,6.0,1.0,34.9841,0.92027,0.98382,,34.352864973540306,observed,,10000,1500,False,,4.746751546859741,8.173068761825562
kodim20,results/datasets/abl004/kodak24/kodim20.png,512,768,768,quadtree_wse,quadtree_wse,wse,none,,,1500,35.0,"[28.0, 30.0, 32.0, 35.0]",512,cuda,,0.0001,32,False,150,,,l1,0.3,False,10000,2,0.0,0.02,0.15,6.0,1.0,34.8794,0.91938,0.98321,,34.29706527552182,observed,,10000,1500,False,,2.5260560512542725,7.757305145263672
kodim21,results/datasets/abl004/kodak24/kodim21.png,512,768,768,aniso_onedge,aniso_onedge,wse,none,,,1500,35.0,"[28.0, 30.0, 32.0, 35.0]",512,cuda,,0.0001,32,False,150,,,l1,0.3,False,2000,2,0.0,0.02,0.15,6.0,1.0,25.0506,0.78504,0.92852,,25.246769761943753,observed,,2000,1500,False,,0.33887457847595215,5.241715908050537
kodim21,results/datasets/abl004/kodak24/kodim21.png,512,768,768,quadtree_wse,quadtree_wse,wse,none,,,1500,35.0,"[28.0, 30.0, 32.0, 35.0]",512,cuda,,0.0001,32,False,150,,,l1,0.3,False,2000,2,0.0,0.02,0.15,6.0,1.0,24.9255,0.78447,0.928,,25.172396817630414,observed,,2000,1500,False,,0.6258249282836914,5.483192443847656
kodim21,results/datasets/abl004/kodak24/kodim21.png,512,768,768,aniso_onedge,aniso_onedge,wse,none,,,1500,35.0,"[28.0, 30.0, 32.0, 35.0]",512,cuda,,0.0001,32,False,150,,,l1,0.3,False,5000,2,0.0,0.02,0.15,6.0,1.0,28.6779,0.86495,0.96918,,28.267772804982986,observed,,5000,1500,False,,0.9890725612640381,5.636732339859009
kodim21,results/datasets/abl004/kodak24/kodim21.png,512,768,768,quadtree_wse,quadtree_wse,wse,none,,,1500,35.0,"[28.0, 30.0, 32.0, 35.0]",512,cuda,,0.0001,32,False,150,,,l1,0.3,False,5000,2,0.0,0.02,0.15,6.0,1.0,28.712,0.86649,0.9683,,28.33865294733232,observed,,5000,1500,False,,1.316169261932373,5.6989359855651855
kodim21,results/datasets/abl004/kodak24/kodim21.png,512,768,768,aniso_onedge,aniso_onedge,wse,none,,,1500,35.0,"[28.0, 30.0, 32.0, 35.0]",512,cuda,,0.0001,32,False,150,,,l1,0.3,False,10000,2,0.0,0.02,0.15,6.0,1.0,31.6643,0.91182,0.98391,,30.962482972809916,observed,,10000,1500,False,,2.385906934738159,6.82243275642395
kodim21,results/datasets/abl004/kodak24/kodim21.png,512,768,768,quadtree_wse,quadtree_wse,wse,none,,,1500,35.0,"[28.0, 30.0, 32.0, 35.0]",512,cuda,,0.0001,32,False,150,,,l1,0.3,False,10000,2,0.0,0.02,0.15,6.0,1.0,31.6541,0.91206,0.98373,,30.977363178617086,observed,,10000,1500,False,,2.4927823543548584,6.9726903438568115
kodim22,results/datasets/abl004/kodak24/kodim22.png,512,768,768,aniso_onedge,aniso_onedge,wse,none,,,1500,35.0,"[28.0, 30.0, 32.0, 35.0]",512,cuda,,0.0001,32,False,150,,,l1,0.3,False,2000,2,0.0,0.02,0.15,6.0,1.0,27.3455,0.73567,0.90084,,27.444218272284875,observed,,2000,1500,False,,0.588275671005249,5.030915021896362
kodim22,results/datasets/abl004/kodak24/kodim22.png,512,768,768,quadtree_wse,quadtree_wse,wse,none,,,1500,35.0,"[28.0, 30.0, 32.0, 35.0]",512,cuda,,0.0001,32,False,150,,,l1,0.3,False,2000,2,0.0,0.02,0.15,6.0,1.0,27.4852,0.73655,0.89986,,27.375350032193094,observed,,2000,1500,False,,1.2263994216918945,5.063941478729248
kodim22,results/datasets/abl004/kodak24/kodim22.png,512,768,768,aniso_onedge,aniso_onedge,wse,none,,,1500,35.0,"[28.0, 30.0, 32.0, 35.0]",512,cuda,,0.0001,32,False,150,,,l1,0.3,False,5000,2,0.0,0.02,0.15,6.0,1.0,29.935,0.82454,0.9483,,29.594360740284987,observed,,5000,1500,False,,1.0847272872924805,5.3972413539886475
kodim22,results/datasets/abl004/kodak24/kodim22.png,512,768,768,quadtree_wse,quadtree_wse,wse,none,,,1500,35.0,"[28.0, 30.0, 32.0, 35.0]",512,cuda,,0.0001,32,False,150,,,l1,0.3,False,5000,2,0.0,0.02,0.15,6.0,1.0,29.9707,0.82386,0.94912,,29.605344076328393,observed,,5000,1500,False,,1.3620262145996094,5.753129243850708
kodim22,results/datasets/abl004/kodak24/kodim22.png,512,768,768,aniso_onedge,aniso_onedge,wse,none,,,1500,35.0,"[28.0, 30.0, 32.0, 35.0]",512,cuda,,0.0001,32,False,150,,,l1,0.3,False,10000,2,0.0,0.02,0.15,6.0,1.0,32.2992,0.88407,0.97338,,31.74589046786196,observed,,10000,1500,False,,2.5008418560028076,6.768945693969727
kodim22,results/datasets/abl004/kodak24/kodim22.png,512,768,768,quadtree_wse,quadtree_wse,wse,none,,,1500,35.0,"[28.0, 30.0, 32.0, 35.0]",512,cuda,,0.0001,32,False,150,,,l1,0.3,False,10000,2,0.0,0.02,0.15,6.0,1.0,32.306,0.8837,0.97269,,31.757806721967885,observed,,10000,1500,False,,2.376864433288574,6.130819082260132
kodim23,results/datasets/abl004/kodak24/kodim23.png,512,768,768,aniso_onedge,aniso_onedge,wse,none,,,1500,35.0,"[28.0, 30.0, 32.0, 35.0]",512,cuda,,0.0001,32,False,150,,,l1,0.3,False,2000,2,0.0,0.02,0.15,6.0,1.0,33.9084,0.9117,0.97403,,33.08474317529028,observed,,2000,1500,False,,0.3432157039642334,5.364179611206055
kodim23,results/datasets/abl004/kodak24/kodim23.png,512,768,768,quadtree_wse,quadtree_wse,wse,none,,,1500,35.0,"[28.0, 30.0, 32.0, 35.0]",512,cuda,,0.0001,32,False,150,,,l1,0.3,False,2000,2,0.0,0.02,0.15,6.0,1.0,33.1782,0.9116,0.97388,,33.406854854733886,observed,,2000,1500,False,,0.5828003883361816,5.397900104522705
kodim23,results/datasets/abl004/kodak24/kodim23.png,512,768,768,aniso_onedge,aniso_onedge,wse,none,,,1500,35.0,"[28.0, 30.0, 32.0, 35.0]",512,cuda,,0.0001,32,False,150,,,l1,0.3,False,5000,2,0.0,0.02,0.15,6.0,1.0,37.7246,0.94349,0.98871,,36.84875201097403,observed,74,5000,1500,False,,1.0132355690002441,5.3159260749816895
kodim23,results/datasets/abl004/kodak24/kodim23.png,512,768,768,quadtree_wse,quadtree_wse,wse,none,,,1500,35.0,"[28.0, 30.0, 32.0, 35.0]",512,cuda,,0.0001,32,False,150,,,l1,0.3,False,5000,2,0.0,0.02,0.15,6.0,1.0,37.8327,0.94415,0.98893,,36.89000610163245,observed,77,5000,1500,False,,1.30501127243042,5.771424770355225
kodim23,results/datasets/abl004/kodak24/kodim23.png,512,768,768,aniso_onedge,aniso_onedge,wse,none,,,1500,35.0,"[28.0, 30.0, 32.0, 35.0]",512,cuda,,0.0001,32,False,150,,,l1,0.3,False,10000,2,0.0,0.02,0.15,6.0,1.0,40.4937,0.9598,0.99378,,39.567991487020805,observed,29,10000,1500,False,,2.471281051635742,6.225321531295776
kodim23,results/datasets/abl004/kodak24/kodim23.png,512,768,768,quadtree_wse,quadtree_wse,wse,none,,,1500,35.0,"[28.0, 30.0, 32.0, 35.0]",512,cuda,,0.0001,32,False,150,,,l1,0.3,False,10000,2,0.0,0.02,0.15,6.0,1.0,40.7207,0.95987,0.99369,,39.763937695015265,observed,29,10000,1500,False,,2.4493026733398438,6.205521583557129
kodim24,results/datasets/abl004/kodak24/kodim24.png,512,768,768,aniso_onedge,aniso_onedge,wse,none,,,1500,35.0,"[28.0, 30.0, 32.0, 35.0]",512,cuda,,0.0001,32,False,150,,,l1,0.3,False,2000,2,0.0,0.02,0.15,6.0,1.0,21.9745,0.70409,0.86074,,23.02442200554459,observed,,2000,1500,False,,0.31261658668518066,4.674082279205322
kodim24,results/datasets/abl004/kodak24/kodim24.png,512,768,768,quadtree_wse,quadtree_wse,wse,none,,,1500,35.0,"[28.0, 30.0, 32.0, 35.0]",512,cuda,,0.0001,32,False,150,,,l1,0.3,False,2000,2,0.0,0.02,0.15,6.0,1.0,21.8112,0.6933,0.84382,,22.691020696460605,observed,,2000,1500,False,,0.5971395969390869,5.142890691757202
kodim24,results/datasets/abl004/kodak24/kodim24.png,512,768,768,aniso_onedge,aniso_onedge,wse,none,,,1500,35.0,"[28.0, 30.0, 32.0, 35.0]",512,cuda,,0.0001,32,False,150,,,l1,0.3,False,5000,2,0.0,0.02,0.15,6.0,1.0,25.3304,0.81774,0.93741,,25.73043775590282,observed,,5000,1500,False,,1.001316785812378,5.387115001678467
kodim24,results/datasets/abl004/kodak24/kodim24.png,512,768,768,quadtree_wse,quadtree_wse,wse,none,,,1500,35.0,"[28.0, 30.0, 32.0, 35.0]",512,cuda,,0.0001,32,False,150,,,l1,0.3,False,5000,2,0.0,0.02,0.15,6.0,1.0,26.0345,0.82139,0.94324,,25.954507811853613,observed,,5000,1500,False,,1.296593189239502,6.128365993499756
kodim24,results/datasets/abl004/kodak24/kodim24.png,512,768,768,aniso_onedge,aniso_onedge,wse,none,,,1500,35.0,"[28.0, 30.0, 32.0, 35.0]",512,cuda,,0.0001,32,False,150,,,l1,0.3,False,10000,2,0.0,0.02,0.15,6.0,1.0,28.9548,0.89458,0.97398,,28.80146454715029,observed,,10000,1500,False,,2.24155330657959,6.152357339859009
kodim24,results/datasets/abl004/kodak24/kodim24.png,512,768,768,quadtree_wse,quadtree_wse,wse,none,,,1500,35.0,"[28.0, 30.0, 32.0, 35.0]",512,cuda,,0.0001,32,False,150,,,l1,0.3,False,10000,2,0.0,0.02,0.15,6.0,1.0,29.2693,0.89138,0.97271,,28.824000543081578,observed,,10000,1500,False,,2.2405853271484375,6.230605125427246
COCO_train2014_000000000009,tests/test_images/COCO_train2014_000000000009.jpg,480,640,768,aniso_onedge,aniso_onedge,wse,none,,,1500,35.0,"[28.0, 30.0, 32.0, 35.0]",512,cuda,,0.0001,32,False,150,,,l1,0.3,False,2000,2,0.0,0.02,0.15,6.0,1.0,24.8084,0.81632,0.9425,,24.539784192243683,observed,,2000,1500,False,,0.3124353885650635,4.670429944992065
COCO_train2014_000000000009,tests/test_images/COCO_train2014_000000000009.jpg,480,640,768,quadtree_wse,quadtree_wse,wse,none,,,1500,35.0,"[28.0, 30.0, 32.0, 35.0]",512,cuda,,0.0001,32,False,150,,,l1,0.3,False,2000,2,0.0,0.02,0.15,6.0,1.0,25.1106,0.8191,0.94465,,24.72790036191934,observed,,2000,1500,False,,0.6794748306274414,4.782955169677734
COCO_train2014_000000000009,tests/test_images/COCO_train2014_000000000009.jpg,480,640,768,aniso_onedge,aniso_onedge,wse,none,,,1500,35.0,"[28.0, 30.0, 32.0, 35.0]",512,cuda,,0.0001,32,False,150,,,l1,0.3,False,5000,2,0.0,0.02,0.15,6.0,1.0,27.8547,0.88953,0.97575,,27.30104392015433,observed,,5000,1500,False,,0.9086480140686035,5.174601078033447
COCO_train2014_000000000009,tests/test_images/COCO_train2014_000000000009.jpg,480,640,768,quadtree_wse,quadtree_wse,wse,none,,,1500,35.0,"[28.0, 30.0, 32.0, 35.0]",512,cuda,,0.0001,32,False,150,,,l1,0.3,False,5000,2,0.0,0.02,0.15,6.0,1.0,27.8122,0.88868,0.97472,,27.287532151739466,observed,,5000,1500,False,,1.4881713390350342,5.508063793182373
COCO_train2014_000000000009,tests/test_images/COCO_train2014_000000000009.jpg,480,640,768,aniso_onedge,aniso_onedge,wse,none,,,1500,35.0,"[28.0, 30.0, 32.0, 35.0]",512,cuda,,0.0001,32,False,150,,,l1,0.3,False,10000,2,0.0,0.02,0.15,6.0,1.0,30.7854,0.93183,0.98777,,30.065763367900377,observed,,10000,1500,False,,2.139089822769165,5.935586929321289
COCO_train2014_000000000009,tests/test_images/COCO_train2014_000000000009.jpg,480,640,768,quadtree_wse,quadtree_wse,wse,none,,,1500,35.0,"[28.0, 30.0, 32.0, 35.0]",512,cuda,,0.0001,32,False,150,,,l1,0.3,False,10000,2,0.0,0.02,0.15,6.0,1.0,30.8589,0.93229,0.98749,,30.091973082712286,observed,,10000,1500,False,,2.609193801879883,5.903024196624756
COCO_train2014_000000000025,tests/test_images/COCO_train2014_000000000025.jpg,426,640,768,aniso_onedge,aniso_onedge,wse,none,,,1500,35.0,"[28.0, 30.0, 32.0, 35.0]",512,cuda,,0.0001,32,False,150,,,l1,0.3,False,2000,2,0.0,0.02,0.15,6.0,1.0,19.3431,0.51407,0.82564,,19.55015162454596,observed,,2000,1500,False,,0.29669666290283203,3.8337647914886475
COCO_train2014_000000000025,tests/test_images/COCO_train2014_000000000025.jpg,426,640,768,quadtree_wse,quadtree_wse,wse,none,,,1500,35.0,"[28.0, 30.0, 32.0, 35.0]",512,cuda,,0.0001,32,False,150,,,l1,0.3,False,2000,2,0.0,0.02,0.15,6.0,1.0,19.4898,0.51391,0.82845,,19.5915372815428,observed,,2000,1500,False,,0.5396809577941895,3.9330577850341797
COCO_train2014_000000000025,tests/test_images/COCO_train2014_000000000025.jpg,426,640,768,aniso_onedge,aniso_onedge,wse,none,,,1500,35.0,"[28.0, 30.0, 32.0, 35.0]",512,cuda,,0.0001,32,False,150,,,l1,0.3,False,5000,2,0.0,0.02,0.15,6.0,1.0,21.562,0.66083,0.90515,,21.444774907616633,observed,,5000,1500,False,,0.859471321105957,4.247092247009277
COCO_train2014_000000000025,tests/test_images/COCO_train2014_000000000025.jpg,426,640,768,quadtree_wse,quadtree_wse,wse,none,,,1500,35.0,"[28.0, 30.0, 32.0, 35.0]",512,cuda,,0.0001,32,False,150,,,l1,0.3,False,5000,2,0.0,0.02,0.15,6.0,1.0,21.4675,0.65761,0.90426,,21.37603687428887,observed,,5000,1500,False,,1.1953651905059814,4.140902757644653
COCO_train2014_000000000025,tests/test_images/COCO_train2014_000000000025.jpg,426,640,768,aniso_onedge,aniso_onedge,wse,none,,,1500,35.0,"[28.0, 30.0, 32.0, 35.0]",512,cuda,,0.0001,32,False,150,,,l1,0.3,False,10000,2,0.0,0.02,0.15,6.0,1.0,23.7776,0.77174,0.94614,,23.40592858185364,observed,,10000,1500,False,,2.0210821628570557,4.654983043670654
COCO_train2014_000000000025,tests/test_images/COCO_train2014_000000000025.jpg,426,640,768,quadtree_wse,quadtree_wse,wse,none,,,1500,35.0,"[28.0, 30.0, 32.0, 35.0]",512,cuda,,0.0001,32,False,150,,,l1,0.3,False,10000,2,0.0,0.02,0.15,6.0,1.0,23.6974,0.77031,0.94586,,23.394049642561594,observed,,10000,1500,False,,2.1789090633392334,4.481638669967651
COCO_train2014_000000000030,tests/test_images/COCO_train2014_000000000030.jpg,428,640,768,aniso_onedge,aniso_onedge,wse,none,,,1500,35.0,"[28.0, 30.0, 32.0, 35.0]",512,cuda,,0.0001,32,False,150,,,l1,0.3,False,2000,2,0.0,0.02,0.15,6.0,1.0,30.5339,0.9255,0.98047,,30.390054106632814,observed,,2000,1500,False,,0.31291985511779785,4.0218541622161865
COCO_train2014_000000000030,tests/test_images/COCO_train2014_000000000030.jpg,428,640,768,quadtree_wse,quadtree_wse,wse,none,,,1500,35.0,"[28.0, 30.0, 32.0, 35.0]",512,cuda,,0.0001,32,False,150,,,l1,0.3,False,2000,2,0.0,0.02,0.15,6.0,1.0,31.3347,0.92837,0.98189,,30.7697956767219,observed,,2000,1500,False,,0.6170341968536377,3.795576810836792
COCO_train2014_000000000030,tests/test_images/COCO_train2014_000000000030.jpg,428,640,768,aniso_onedge,aniso_onedge,wse,none,,,1500,35.0,"[28.0, 30.0, 32.0, 35.0]",512,cuda,,0.0001,32,False,150,,,l1,0.3,False,5000,2,0.0,0.02,0.15,6.0,1.0,33.9606,0.95487,0.99091,,33.46389156568043,observed,,5000,1500,False,,0.895806074142456,4.272479772567749
COCO_train2014_000000000030,tests/test_images/COCO_train2014_000000000030.jpg,428,640,768,quadtree_wse,quadtree_wse,wse,none,,,1500,35.0,"[28.0, 30.0, 32.0, 35.0]",512,cuda,,0.0001,32,False,150,,,l1,0.3,False,5000,2,0.0,0.02,0.15,6.0,1.0,34.6474,0.95726,0.99155,,33.90835010408958,observed,,5000,1500,False,,1.301541805267334,4.182342529296875
COCO_train2014_000000000030,tests/test_images/COCO_train2014_000000000030.jpg,428,640,768,aniso_onedge,aniso_onedge,wse,none,,,1500,35.0,"[28.0, 30.0, 32.0, 35.0]",512,cuda,,0.0001,32,False,150,,,l1,0.3,False,10000,2,0.0,0.02,0.15,6.0,1.0,37.4857,0.97337,0.99528,,36.74006374555083,observed,97,10000,1500,False,,2.1707091331481934,5.311618089675903
COCO_train2014_000000000030,tests/test_images/COCO_train2014_000000000030.jpg,428,640,768,quadtree_wse,quadtree_wse,wse,none,,,1500,35.0,"[28.0, 30.0, 32.0, 35.0]",512,cuda,,0.0001,32,False,150,,,l1,0.3,False,10000,2,0.0,0.02,0.15,6.0,1.0,38.3833,0.97451,0.99549,,37.34352925652421,observed,89,10000,1500,False,,2.2641074657440186,4.866445064544678
COCO_train2014_000000000034,tests/test_images/COCO_train2014_000000000034.jpg,425,640,768,aniso_onedge,aniso_onedge,wse,none,,,1500,35.0,"[28.0, 30.0, 32.0, 35.0]",512,cuda,,0.0001,32,False,150,,,l1,0.3,False,2000,2,0.0,0.02,0.15,6.0,1.0,17.4886,0.46289,0.75538,,17.672941616330647,observed,,2000,1500,False,,0.29954004287719727,4.277971267700195
COCO_train2014_000000000034,tests/test_images/COCO_train2014_000000000034.jpg,425,640,768,quadtree_wse,quadtree_wse,wse,none,,,1500,35.0,"[28.0, 30.0, 32.0, 35.0]",512,cuda,,0.0001,32,False,150,,,l1,0.3,False,2000,2,0.0,0.02,0.15,6.0,1.0,17.6089,0.46223,0.75884,,17.645167241341436,observed,,2000,1500,False,,0.5286383628845215,4.144211053848267
COCO_train2014_000000000034,tests/test_images/COCO_train2014_000000000034.jpg,425,640,768,aniso_onedge,aniso_onedge,wse,none,,,1500,35.0,"[28.0, 30.0, 32.0, 35.0]",512,cuda,,0.0001,32,False,150,,,l1,0.3,False,5000,2,0.0,0.02,0.15,6.0,1.0,18.7243,0.58285,0.84047,,18.704462368222696,observed,,5000,1500,False,,0.9016134738922119,4.571645021438599
COCO_train2014_000000000034,tests/test_images/COCO_train2014_000000000034.jpg,425,640,768,quadtree_wse,quadtree_wse,wse,none,,,1500,35.0,"[28.0, 30.0, 32.0, 35.0]",512,cuda,,0.0001,32,False,150,,,l1,0.3,False,5000,2,0.0,0.02,0.15,6.0,1.0,18.565,0.57755,0.83256,,18.680932344000208,observed,,5000,1500,False,,1.2525994777679443,4.287853240966797
COCO_train2014_000000000034,tests/test_images/COCO_train2014_000000000034.jpg,425,640,768,aniso_onedge,aniso_onedge,wse,none,,,1500,35.0,"[28.0, 30.0, 32.0, 35.0]",512,cuda,,0.0001,32,False,150,,,l1,0.3,False,10000,2,0.0,0.02,0.15,6.0,1.0,20.009,0.68783,0.89636,,19.920507692511357,observed,,10000,1500,False,,2.142796516418457,5.411681175231934
COCO_train2014_000000000034,tests/test_images/COCO_train2014_000000000034.jpg,425,640,768,quadtree_wse,quadtree_wse,wse,none,,,1500,35.0,"[28.0, 30.0, 32.0, 35.0]",512,cuda,,0.0001,32,False,150,,,l1,0.3,False,10000,2,0.0,0.02,0.15,6.0,1.0,19.9913,0.6867,0.89575,,19.91755691474879,observed,,10000,1500,False,,2.2998206615448,5.219056844711304
