auc_psnr,error,feature_cap_px,final_budget,final_scale_max,final_scale_mean,final_scale_p95,fit_seconds,growth_rule,growth_waves,height,image,init_seconds,iterations_run,iters,lpips,luma_psnr,mae,max_side,method,method_label,method_note,method_track,ms_ssim,mse,n_gaussians,p95_abs_error,pixel_loss,psnr,reconstruction_path,renderer,scale_cap_input,scale_cap_max,scale_cap_reference_side,scale_cap_rule,seed,source_path,ssim,ssim_weight,start_budget,start_fraction,start_gaussians,status,stopped_early,support_fade,target_path,total_seconds,width
22.283891394744323,,,2000,768.0,12.888280868530273,42.0852165222168,4.924687623977661,residual_add,4,512,kodim01,0.15799427032470703,1500,1500,,23.308937072753906,0.04402387887239456,768,structsplat_onedge_residual,SS on-edge + residual,StructSplat on-edge initializer under the same residual-add growth as external analogues.,same-growth,0.8584486842155457,0.004543761257082224,2000,0.1433713436126709,l1,23.425846099853516,results/init008_feature_rel_caps_difficult4_2026_07_07/reconstructions/kodim01/2000/seed0_structsplat_onedge_residual.png,cuda,,,,,0,results/datasets/abl004/kodak24/kodim01.png,0.6393885016441345,0.3,1000,0.5,1000,ok,False,False,results/init008_feature_rel_caps_difficult4_2026_07_07/targets/kodim01.png,5.082681894302368,768
19.951733124741242,,57.599999999999994,2000,57.599998474121094,4.873317718505859,17.49161148071289,3.7299845218658447,residual_add,4,512,kodim01,0.1504511833190918,1500,1500,,18.92543601989746,0.06271789222955704,768,structsplat_onedge_residual_featurecap,SS on-edge + residual feature cap,StructSplat on-edge residual-add growth with feature-adaptive per-Gaussian scale caps.,same-growth+feature-cap,0.733465313911438,0.01254391297698021,2000,0.24313725531101227,l1,19.015668869018555,results/init008_feature_rel_caps_difficult4_2026_07_07/reconstructions/kodim01/2000/seed0_structsplat_onedge_residual_featurecap.png,cuda,12.0,57.599999999999994,160.0,feature,0,results/datasets/abl004/kodak24/kodim01.png,0.5518350601196289,0.3,1000,0.5,1000,ok,False,False,results/init008_feature_rel_caps_difficult4_2026_07_07/targets/kodim01.png,3.8804357051849365,768
22.083598507810546,,,2000,768.0,8.177379608154297,23.38654899597168,4.381748914718628,residual_add,4,512,kodim01,0.14969825744628906,1500,1500,,22.1658992767334,0.047562260180711746,768,structsplat_onedge_residual_feature_rel,SS on-edge + residual feature-rel cap,StructSplat on-edge residual-add growth with feature-relative local-radius scale caps.,same-growth+feature-rel-cap,0.8292620778083801,0.0059430403634905815,2000,0.156846821308136,l1,22.25991439819336,results/init008_feature_rel_caps_difficult4_2026_07_07/reconstructions/kodim01/2000/seed0_structsplat_onedge_residual_feature_rel.png,cuda,,,,feature_rel,0,results/datasets/abl004/kodak24/kodim01.png,0.6123272776603699,0.3,1000,0.5,1000,ok,False,False,results/init008_feature_rel_caps_difficult4_2026_07_07/targets/kodim01.png,4.531447172164917,768
22.366781088413596,,,2000,768.0,13.179150581359863,41.08745574951172,4.265998601913452,residual_tensor_add,4,512,kodim01,0.1611804962158203,1500,1500,,23.446823120117188,0.043884534388780594,768,structsplat_onedge_tensor,SS on-edge + tensor,StructSplat on-edge initializer plus tensor-aware residual growth.,tensor-growth,0.8600918650627136,0.004405194893479347,2000,0.14305062592029572,l1,23.560348510742188,results/init008_feature_rel_caps_difficult4_2026_07_07/reconstructions/kodim01/2000/seed0_structsplat_onedge_tensor.png,cuda,,,,,0,results/datasets/abl004/kodak24/kodim01.png,0.6400006413459778,0.3,1000,0.5,1000,ok,False,False,results/init008_feature_rel_caps_difficult4_2026_07_07/targets/kodim01.png,4.4271790981292725,768
20.4514129052089,,57.599999999999994,2000,57.599998474121094,4.8716254234313965,17.279132843017578,3.709348201751709,residual_tensor_add,4,512,kodim01,0.1601243019104004,1500,1500,,19.31715202331543,0.059088919311761856,768,structsplat_onedge_tensor_featurecap,SS on-edge + tensor feature cap,StructSplat on-edge tensor-aware residual growth with feature-adaptive scale caps.,tensor-growth+feature-cap,0.7465044260025024,0.011234520934522152,2000,0.21702460944652557,l1,19.49445343017578,results/init008_feature_rel_caps_difficult4_2026_07_07/reconstructions/kodim01/2000/seed0_structsplat_onedge_tensor_featurecap.png,cuda,12.0,57.599999999999994,160.0,feature,0,results/datasets/abl004/kodak24/kodim01.png,0.560070276260376,0.3,1000,0.5,1000,ok,False,False,results/init008_feature_rel_caps_difficult4_2026_07_07/targets/kodim01.png,3.8694725036621094,768
21.92637466445933,,,2000,768.0,8.267780303955078,23.660064697265625,4.489098310470581,residual_tensor_add,4,512,kodim01,0.15047407150268555,1500,1500,,21.90313720703125,0.04813578352332115,768,structsplat_onedge_tensor_feature_rel,SS on-edge + tensor feature-rel cap,StructSplat on-edge tensor-aware residual growth with feature-relative local-radius caps.,tensor-growth+feature-rel-cap,0.8234668374061584,0.0063211810775101185,2000,0.15935838222503662,l1,21.99201774597168,results/init008_feature_rel_caps_difficult4_2026_07_07/reconstructions/kodim01/2000/seed0_structsplat_onedge_tensor_feature_rel.png,cuda,,,,feature_rel,0,results/datasets/abl004/kodak24/kodim01.png,0.6126648783683777,0.3,1000,0.5,1000,ok,False,False,results/init008_feature_rel_caps_difficult4_2026_07_07/targets/kodim01.png,4.639572381973267,768
22.420247356600566,,,2000,768.0,12.640007972717285,41.781429290771484,4.764754056930542,residual_add,4,512,kodim01,0.384307861328125,1500,1500,,22.77988052368164,0.04562597721815109,768,structsplat_quadtree_wse_residual,SS qt-WSE + residual,StructSplat quadtree-WSE initializer under the same residual-add growth as external analogues.,same-growth,0.8435561656951904,0.005085146054625511,2000,0.14974063634872437,l1,22.936965942382812,results/init008_feature_rel_caps_difficult4_2026_07_07/reconstructions/kodim01/2000/seed0_structsplat_quadtree_wse_residual.png,cuda,,,,,0,results/datasets/abl004/kodak24/kodim01.png,0.6286541223526001,0.3,1000,0.5,1000,ok,False,False,results/init008_feature_rel_caps_difficult4_2026_07_07/targets/kodim01.png,5.149061918258667,768
20.570400251397455,,57.599999999999994,2000,57.599998474121094,4.836275100708008,17.576709747314453,3.720324993133545,residual_add,4,512,kodim01,0.3890066146850586,1500,1500,,19.78278350830078,0.05654051527380943,768,structsplat_quadtree_wse_residual_featurecap,SS qt-WSE + residual feature cap,StructSplat quadtree-WSE residual-add growth with feature-adaptive scale caps.,same-growth+feature-cap,0.7587108016014099,0.01011234987527132,2000,0.20264451205730438,l1,19.951480865478516,results/init008_feature_rel_caps_difficult4_2026_07_07/reconstructions/kodim01/2000/seed0_structsplat_quadtree_wse_residual_featurecap.png,cuda,12.0,57.599999999999994,160.0,feature,0,results/datasets/abl004/kodak24/kodim01.png,0.5753998160362244,0.3,1000,0.5,1000,ok,False,False,results/init008_feature_rel_caps_difficult4_2026_07_07/targets/kodim01.png,4.1093316078186035,768
22.201074390907618,,,2000,768.0,9.053507804870605,25.374765396118164,4.391770124435425,residual_add,4,512,kodim01,0.3864326477050781,1500,1500,,22.303884506225586,0.047107040882110596,768,structsplat_quadtree_wse_residual_feature_rel,SS qt-WSE + residual feature-rel cap,StructSplat quadtree-WSE residual-add growth with feature-relative local-radius caps.,same-growth+feature-rel-cap,0.8310287594795227,0.005717744585126638,2000,0.15585970878601074,l1,22.427751541137695,results/init008_feature_rel_caps_difficult4_2026_07_07/reconstructions/kodim01/2000/seed0_structsplat_quadtree_wse_residual_feature_rel.png,cuda,,,,feature_rel,0,results/datasets/abl004/kodak24/kodim01.png,0.612960934638977,0.3,1000,0.5,1000,ok,False,False,results/init008_feature_rel_caps_difficult4_2026_07_07/targets/kodim01.png,4.778202772140503,768
22.447293814696653,,,2000,768.0,13.791900634765625,43.6390266418457,4.911068916320801,residual_tensor_add,4,512,kodim01,0.38982319831848145,1500,1500,,22.913162231445312,0.045567430555820465,768,structsplat_quadtree_wse_tensor,SS qt-WSE + tensor,StructSplat quadtree-WSE initializer plus tensor-aware residual growth.,tensor-growth,0.8501912951469421,0.004947287496179342,2000,0.15025676786899567,l1,23.056331634521484,results/init008_feature_rel_caps_difficult4_2026_07_07/reconstructions/kodim01/2000/seed0_structsplat_quadtree_wse_tensor.png,cuda,,,,,0,results/datasets/abl004/kodak24/kodim01.png,0.6301735043525696,0.3,1000,0.5,1000,ok,False,False,results/init008_feature_rel_caps_difficult4_2026_07_07/targets/kodim01.png,5.300892114639282,768
20.816361821119273,,57.599999999999994,2000,57.599998474121094,4.996410846710205,18.279216766357422,3.738593816757202,residual_tensor_add,4,512,kodim01,0.39357876777648926,1500,1500,,19.608327865600586,0.05842946842312813,768,structsplat_quadtree_wse_tensor_featurecap,SS qt-WSE + tensor feature cap,StructSplat quadtree-WSE tensor-aware residual growth with feature-adaptive scale caps.,tensor-growth+feature-cap,0.7498513460159302,0.010658817365765572,2000,0.21065568923950195,l1,19.722911834716797,results/init008_feature_rel_caps_difficult4_2026_07_07/reconstructions/kodim01/2000/seed0_structsplat_quadtree_wse_tensor_featurecap.png,cuda,12.0,57.599999999999994,160.0,feature,0,results/datasets/abl004/kodak24/kodim01.png,0.5595892071723938,0.3,1000,0.5,1000,ok,False,False,results/init008_feature_rel_caps_difficult4_2026_07_07/targets/kodim01.png,4.132172584533691,768
22.120812675649123,,,2000,768.0,9.356439590454102,26.51659393310547,4.422774076461792,residual_tensor_add,4,512,kodim01,0.3863232135772705,1500,1500,,21.923877716064453,0.04791347309947014,768,structsplat_quadtree_wse_tensor_feature_rel,SS qt-WSE + tensor feature-rel cap,StructSplat quadtree-WSE tensor-aware residual growth with feature-relative local-radius caps.,tensor-growth+feature-rel-cap,0.8250002264976501,0.006231291685253382,2000,0.1574227511882782,l1,22.054218292236328,results/init008_feature_rel_caps_difficult4_2026_07_07/reconstructions/kodim01/2000/seed0_structsplat_quadtree_wse_tensor_feature_rel.png,cuda,,,,feature_rel,0,results/datasets/abl004/kodak24/kodim01.png,0.6163920164108276,0.3,1000,0.5,1000,ok,False,False,results/init008_feature_rel_caps_difficult4_2026_07_07/targets/kodim01.png,4.8090972900390625,768
24.219362145030075,,,5000,768.0,7.9322381019592285,27.389755249023438,4.673839807510376,residual_add,4,512,kodim01,0.391796350479126,1500,1500,,26.13452911376953,0.033152077347040176,768,structsplat_onedge_residual,SS on-edge + residual,StructSplat on-edge initializer under the same residual-add growth as external analogues.,same-growth,0.9351255893707275,0.002404893282800913,5000,0.10582272708415985,l1,26.189041137695312,results/init008_feature_rel_caps_difficult4_2026_07_07/reconstructions/kodim01/5000/seed0_structsplat_onedge_residual.png,cuda,,,,,0,results/datasets/abl004/kodak24/kodim01.png,0.768195390701294,0.3,2500,0.5,2500,ok,False,False,results/init008_feature_rel_caps_difficult4_2026_07_07/targets/kodim01.png,5.065636157989502,768
23.676657176638063,,57.599999999999994,5000,57.599998474121094,3.969970226287842,15.440550804138184,4.055256128311157,residual_add,4,512,kodim01,0.41071343421936035,1500,1500,,23.522174835205078,0.03857678174972534,768,structsplat_onedge_residual_featurecap,SS on-edge + residual feature cap,StructSplat on-edge residual-add growth with feature-adaptive per-Gaussian scale caps.,same-growth+feature-cap,0.8823846578598022,0.004328679759055376,5000,0.12513965368270874,l1,23.636445999145508,results/init008_feature_rel_caps_difficult4_2026_07_07/reconstructions/kodim01/5000/seed0_structsplat_onedge_residual_featurecap.png,cuda,12.0,57.599999999999994,160.0,feature,0,results/datasets/abl004/kodak24/kodim01.png,0.7143130302429199,0.3,2500,0.5,2500,ok,False,False,results/init008_feature_rel_caps_difficult4_2026_07_07/targets/kodim01.png,4.465969562530518,768
24.174885460342704,,,5000,768.0,5.947981834411621,17.924854278564453,4.308161020278931,residual_add,4,512,kodim01,0.454425573348999,1500,1500,,25.55392074584961,0.03404165804386139,768,structsplat_onedge_residual_feature_rel,SS on-edge + residual feature-rel cap,StructSplat on-edge residual-add growth with feature-relative local-radius scale caps.,same-growth+feature-rel-cap,0.9272137880325317,0.0027296473272144794,5000,0.10835947096347809,l1,25.638935089111328,results/init008_feature_rel_caps_difficult4_2026_07_07/reconstructions/kodim01/5000/seed0_structsplat_onedge_residual_feature_rel.png,cuda,,,,feature_rel,0,results/datasets/abl004/kodak24/kodim01.png,0.757775604724884,0.3,2500,0.5,2500,ok,False,False,results/init008_feature_rel_caps_difficult4_2026_07_07/targets/kodim01.png,4.76258659362793,768
24.248027756342974,,,5000,768.0,8.510514259338379,30.128210067749023,4.893098831176758,residual_tensor_add,4,512,kodim01,0.4170820713043213,1500,1500,,26.311227798461914,0.03282415121793747,768,structsplat_onedge_tensor,SS on-edge + tensor,StructSplat on-edge initializer plus tensor-aware residual growth.,tensor-growth,0.9382306337356567,0.0023147782776504755,5000,0.10426413267850876,l1,26.35490608215332,results/init008_feature_rel_caps_difficult4_2026_07_07/reconstructions/kodim01/5000/seed0_structsplat_onedge_tensor.png,cuda,,,,,0,results/datasets/abl004/kodak24/kodim01.png,0.7724804878234863,0.3,2500,0.5,2500,ok,False,False,results/init008_feature_rel_caps_difficult4_2026_07_07/targets/kodim01.png,5.310180902481079,768
23.72969694754694,,57.599999999999994,5000,57.599998474121094,4.116861820220947,15.26959228515625,4.012317419052124,residual_tensor_add,4,512,kodim01,0.43762874603271484,1500,1500,,23.526334762573242,0.038787681609392166,768,structsplat_onedge_tensor_featurecap,SS on-edge + tensor feature cap,StructSplat on-edge tensor-aware residual growth with feature-adaptive scale caps.,tensor-growth+feature-cap,0.8864128589630127,0.004390289541333914,5000,0.12574566900730133,l1,23.5750675201416,results/init008_feature_rel_caps_difficult4_2026_07_07/reconstructions/kodim01/5000/seed0_structsplat_onedge_tensor_featurecap.png,cuda,12.0,57.599999999999994,160.0,feature,0,results/datasets/abl004/kodak24/kodim01.png,0.7134622931480408,0.3,2500,0.5,2500,ok,False,False,results/init008_feature_rel_caps_difficult4_2026_07_07/targets/kodim01.png,4.449946165084839,768
24.169137351587665,,,5000,768.0,6.358125686645508,19.281017303466797,4.367859601974487,residual_tensor_add,4,512,kodim01,0.4144761562347412,1500,1500,,26.17283821105957,0.03290378302335739,768,structsplat_onedge_tensor_feature_rel,SS on-edge + tensor feature-rel cap,StructSplat on-edge tensor-aware residual growth with feature-relative local-radius caps.,tensor-growth+feature-rel-cap,0.9355511665344238,0.0023837899789214134,5000,0.10424014925956726,l1,26.227319717407227,results/init008_feature_rel_caps_difficult4_2026_07_07/reconstructions/kodim01/5000/seed0_structsplat_onedge_tensor_feature_rel.png,cuda,,,,feature_rel,0,results/datasets/abl004/kodak24/kodim01.png,0.769586980342865,0.3,2500,0.5,2500,ok,False,False,results/init008_feature_rel_caps_difficult4_2026_07_07/targets/kodim01.png,4.7823357582092285,768
24.202141672074596,,,5000,768.0,8.308977127075195,27.999727249145508,4.602121829986572,residual_add,4,512,kodim01,0.9101037979125977,1500,1500,,26.175167083740234,0.03297124430537224,768,structsplat_quadtree_wse_residual,SS qt-WSE + residual,StructSplat quadtree-WSE initializer under the same residual-add growth as external analogues.,same-growth,0.9376014471054077,0.002389579312875867,5000,0.10473357141017914,l1,26.216785430908203,results/init008_feature_rel_caps_difficult4_2026_07_07/reconstructions/kodim01/5000/seed0_structsplat_quadtree_wse_residual.png,cuda,,,,,0,results/datasets/abl004/kodak24/kodim01.png,0.7729159593582153,0.3,2500,0.5,2500,ok,False,False,results/init008_feature_rel_caps_difficult4_2026_07_07/targets/kodim01.png,5.51222562789917,768
23.858242168515584,,57.599999999999994,5000,57.599998474121094,4.153489589691162,15.585062980651855,4.028129577636719,residual_add,4,512,kodim01,0.9347019195556641,1500,1500,,23.771574020385742,0.03807612881064415,768,structsplat_quadtree_wse_residual_featurecap,SS qt-WSE + residual feature cap,StructSplat quadtree-WSE residual-add growth with feature-adaptive scale caps.,same-growth+feature-cap,0.8888782858848572,0.00412808358669281,5000,0.12309647351503372,l1,23.84251594543457,results/init008_feature_rel_caps_difficult4_2026_07_07/reconstructions/kodim01/5000/seed0_structsplat_quadtree_wse_residual_featurecap.png,cuda,12.0,57.599999999999994,160.0,feature,0,results/datasets/abl004/kodak24/kodim01.png,0.718837320804596,0.3,2500,0.5,2500,ok,False,False,results/init008_feature_rel_caps_difficult4_2026_07_07/targets/kodim01.png,4.962831497192383,768
24.18096090969521,,,5000,768.0,5.938896656036377,17.82538414001465,4.48312783241272,residual_add,4,512,kodim01,0.9137487411499023,1500,1500,,26.036540985107422,0.03307974711060524,768,structsplat_quadtree_wse_residual_feature_rel,SS qt-WSE + residual feature-rel cap,StructSplat quadtree-WSE residual-add growth with feature-relative local-radius caps.,same-growth+feature-rel-cap,0.9318932294845581,0.0024699124041944742,5000,0.10482815653085709,l1,26.073184967041016,results/init008_feature_rel_caps_difficult4_2026_07_07/reconstructions/kodim01/5000/seed0_structsplat_quadtree_wse_residual_feature_rel.png,cuda,,,,feature_rel,0,results/datasets/abl004/kodak24/kodim01.png,0.7660553455352783,0.3,2500,0.5,2500,ok,False,False,results/init008_feature_rel_caps_difficult4_2026_07_07/targets/kodim01.png,5.396876573562622,768
24.219495546189524,,,5000,768.0,8.586130142211914,28.265047073364258,4.641810417175293,residual_tensor_add,4,512,kodim01,0.9179949760437012,1500,1500,,26.24502944946289,0.032790202647447586,768,structsplat_quadtree_wse_tensor,SS qt-WSE + tensor,StructSplat quadtree-WSE initializer plus tensor-aware residual growth.,tensor-growth,0.9369572997093201,0.002347272355109453,5000,0.10392951965332031,l1,26.29436683654785,results/init008_feature_rel_caps_difficult4_2026_07_07/reconstructions/kodim01/5000/seed0_structsplat_quadtree_wse_tensor.png,cuda,,,,,0,results/datasets/abl004/kodak24/kodim01.png,0.7730129957199097,0.3,2500,0.5,2500,ok,False,False,results/init008_feature_rel_caps_difficult4_2026_07_07/targets/kodim01.png,5.559805393218994,768
23.910776675264387,,57.599999999999994,5000,57.599998474121094,4.14798641204834,15.867002487182617,4.0408689975738525,residual_tensor_add,4,512,kodim01,0.9234590530395508,1500,1500,,24.06781768798828,0.037394579499959946,768,structsplat_quadtree_wse_tensor_featurecap,SS qt-WSE + tensor feature cap,StructSplat quadtree-WSE tensor-aware residual growth with feature-adaptive scale caps.,tensor-growth+feature-cap,0.8962569236755371,0.003848697291687131,5000,0.12132344394922256,l1,24.146862030029297,results/init008_feature_rel_caps_difficult4_2026_07_07/reconstructions/kodim01/5000/seed0_structsplat_quadtree_wse_tensor_featurecap.png,cuda,12.0,57.599999999999994,160.0,feature,0,results/datasets/abl004/kodak24/kodim01.png,0.7220809459686279,0.3,2500,0.5,2500,ok,False,False,results/init008_feature_rel_caps_difficult4_2026_07_07/targets/kodim01.png,4.964328050613403,768
24.067271251054983,,,5000,768.0,6.062748432159424,17.988645553588867,4.371189832687378,residual_tensor_add,4,512,kodim01,0.9131045341491699,1500,1500,,25.991615295410156,0.03340424969792366,768,structsplat_quadtree_wse_tensor_feature_rel,SS qt-WSE + tensor feature-rel cap,StructSplat quadtree-WSE tensor-aware residual growth with feature-relative local-radius caps.,tensor-growth+feature-rel-cap,0.9314189553260803,0.0024864934384822845,5000,0.10690852999687195,l1,26.04412841796875,results/init008_feature_rel_caps_difficult4_2026_07_07/reconstructions/kodim01/5000/seed0_structsplat_quadtree_wse_tensor_feature_rel.png,cuda,,,,feature_rel,0,results/datasets/abl004/kodak24/kodim01.png,0.7627128958702087,0.3,2500,0.5,2500,ok,False,False,results/init008_feature_rel_caps_difficult4_2026_07_07/targets/kodim01.png,5.284294366836548,768
26.231289261098382,,,10000,768.0,6.261527061462402,22.880704879760742,5.1468329429626465,residual_add,4,512,kodim01,0.9891221523284912,1500,1500,,28.89586639404297,0.024721072986721992,768,structsplat_onedge_residual,SS on-edge + residual,StructSplat on-edge initializer under the same residual-add growth as external analogues.,same-growth,0.9694433212280273,0.0012953818077221513,10000,0.07786214351654053,l1,28.876020431518555,results/init008_feature_rel_caps_difficult4_2026_07_07/reconstructions/kodim01/10000/seed0_structsplat_onedge_residual.png,cuda,,,,,0,results/datasets/abl004/kodak24/kodim01.png,0.8561127781867981,0.3,5000,0.5,5000,ok,False,False,results/init008_feature_rel_caps_difficult4_2026_07_07/targets/kodim01.png,6.135955095291138,768
25.95655759896653,,57.599999999999994,10000,57.599998474121094,3.6725029945373535,14.666666984558105,4.554856538772583,residual_add,4,512,kodim01,1.0785579681396484,1500,1500,,28.73495101928711,0.024887599050998688,768,structsplat_onedge_residual_featurecap,SS on-edge + residual feature cap,StructSplat on-edge residual-add growth with feature-adaptive per-Gaussian scale caps.,same-growth+feature-cap,0.9666982889175415,0.0013448814861476421,10000,0.07862900197505951,l1,28.713159561157227,results/init008_feature_rel_caps_difficult4_2026_07_07/reconstructions/kodim01/10000/seed0_structsplat_onedge_residual_featurecap.png,cuda,12.0,57.599999999999994,160.0,feature,0,results/datasets/abl004/kodak24/kodim01.png,0.8507279753684998,0.3,5000,0.5,5000,ok,False,False,results/init008_feature_rel_caps_difficult4_2026_07_07/targets/kodim01.png,5.6334145069122314,768
26.185394058711058,,,10000,768.0,4.551410675048828,14.26708698272705,5.023058176040649,residual_add,4,512,kodim01,0.9894461631774902,1500,1500,,28.939247131347656,0.024614954367280006,768,structsplat_onedge_residual_feature_rel,SS on-edge + residual feature-rel cap,StructSplat on-edge residual-add growth with feature-relative local-radius scale caps.,same-growth+feature-rel-cap,0.9683919548988342,0.0012827985920011997,10000,0.07730156928300858,l1,28.91841697692871,results/init008_feature_rel_caps_difficult4_2026_07_07/reconstructions/kodim01/10000/seed0_structsplat_onedge_residual_feature_rel.png,cuda,,,,feature_rel,0,results/datasets/abl004/kodak24/kodim01.png,0.8537876009941101,0.3,5000,0.5,5000,ok,False,False,results/init008_feature_rel_caps_difficult4_2026_07_07/targets/kodim01.png,6.01250433921814,768
26.204953778975007,,,10000,768.0,6.701396942138672,24.050371170043945,5.065635681152344,residual_tensor_add,4,512,kodim01,1.0494141578674316,1500,1500,,28.842985153198242,0.024901704862713814,768,structsplat_onedge_tensor,SS on-edge + tensor,StructSplat on-edge initializer plus tensor-aware residual growth.,tensor-growth,0.9689441919326782,0.0013108545681461692,10000,0.07816016674041748,l1,28.82445526123047,results/init008_feature_rel_caps_difficult4_2026_07_07/reconstructions/kodim01/10000/seed0_structsplat_onedge_tensor.png,cuda,,,,,0,results/datasets/abl004/kodak24/kodim01.png,0.8568312525749207,0.3,5000,0.5,5000,ok,False,False,results/init008_feature_rel_caps_difficult4_2026_07_07/targets/kodim01.png,6.115049839019775,768
26.002433521736457,,57.599999999999994,10000,57.599998474121094,3.711066246032715,14.68537425994873,4.5222578048706055,residual_tensor_add,4,512,kodim01,0.9857997894287109,1500,1500,,28.56427001953125,0.025224395096302032,768,structsplat_onedge_tensor_featurecap,SS on-edge + tensor feature cap,StructSplat on-edge tensor-aware residual growth with feature-adaptive scale caps.,tensor-growth+feature-cap,0.9651657938957214,0.001395287225022912,10000,0.07963578402996063,l1,28.553363800048828,results/init008_feature_rel_caps_difficult4_2026_07_07/reconstructions/kodim01/10000/seed0_structsplat_onedge_tensor_featurecap.png,cuda,12.0,57.599999999999994,160.0,feature,0,results/datasets/abl004/kodak24/kodim01.png,0.8464667201042175,0.3,5000,0.5,5000,ok,False,False,results/init008_feature_rel_caps_difficult4_2026_07_07/targets/kodim01.png,5.508057594299316,768
26.109431040931177,,,10000,768.0,5.027963161468506,15.63840103149414,4.930523872375488,residual_tensor_add,4,512,kodim01,1.050142765045166,1500,1500,,28.847265243530273,0.024830598384141922,768,structsplat_onedge_tensor_feature_rel,SS on-edge + tensor feature-rel cap,StructSplat on-edge tensor-aware residual growth with feature-relative local-radius caps.,tensor-growth+feature-rel-cap,0.968611478805542,0.0013078179908916354,10000,0.07806511223316193,l1,28.834529876708984,results/init008_feature_rel_caps_difficult4_2026_07_07/reconstructions/kodim01/10000/seed0_structsplat_onedge_tensor_feature_rel.png,cuda,,,,feature_rel,0,results/datasets/abl004/kodak24/kodim01.png,0.8546617031097412,0.3,5000,0.5,5000,ok,False,False,results/init008_feature_rel_caps_difficult4_2026_07_07/targets/kodim01.png,5.980666637420654,768
26.267611335006215,,,10000,768.0,6.264768123626709,22.78002166748047,5.334468126296997,residual_add,4,512,kodim01,1.5964844226837158,1500,1500,,28.982223510742188,0.024636512622237206,768,structsplat_quadtree_wse_residual,SS qt-WSE + residual,StructSplat quadtree-WSE initializer under the same residual-add growth as external analogues.,same-growth,0.9698968529701233,0.0012726722052320838,10000,0.07736612856388092,l1,28.952835083007812,results/init008_feature_rel_caps_difficult4_2026_07_07/reconstructions/kodim01/10000/seed0_structsplat_quadtree_wse_residual.png,cuda,,,,,0,results/datasets/abl004/kodak24/kodim01.png,0.8579463362693787,0.3,5000,0.5,5000,ok,False,False,results/init008_feature_rel_caps_difficult4_2026_07_07/targets/kodim01.png,6.930952548980713,768
25.943154871980695,,57.599999999999994,10000,57.599998474121094,3.759073257446289,14.977521896362305,4.580609083175659,residual_add,4,512,kodim01,1.5741267204284668,1500,1500,,28.360727310180664,0.02531968615949154,768,structsplat_quadtree_wse_residual_featurecap,SS qt-WSE + residual feature cap,StructSplat quadtree-WSE residual-add growth with feature-adaptive scale caps.,same-growth+feature-cap,0.9634546637535095,0.0014589005149900913,10000,0.07989253103733063,l1,28.359745025634766,results/init008_feature_rel_caps_difficult4_2026_07_07/reconstructions/kodim01/10000/seed0_structsplat_quadtree_wse_residual_featurecap.png,cuda,12.0,57.599999999999994,160.0,feature,0,results/datasets/abl004/kodak24/kodim01.png,0.8476079106330872,0.3,5000,0.5,5000,ok,False,False,results/init008_feature_rel_caps_difficult4_2026_07_07/targets/kodim01.png,6.154735803604126,768
26.151943704937203,,,10000,768.0,4.4971723556518555,13.992277145385742,4.868696451187134,residual_add,4,512,kodim01,1.6160752773284912,1500,1500,,28.798309326171875,0.024665623903274536,768,structsplat_quadtree_wse_residual_feature_rel,SS qt-WSE + residual feature-rel cap,StructSplat quadtree-WSE residual-add growth with feature-relative local-radius caps.,same-growth+feature-rel-cap,0.9673753380775452,0.0013274246593937278,10000,0.0775829404592514,l1,28.769901275634766,results/init008_feature_rel_caps_difficult4_2026_07_07/reconstructions/kodim01/10000/seed0_structsplat_quadtree_wse_residual_feature_rel.png,cuda,,,,feature_rel,0,results/datasets/abl004/kodak24/kodim01.png,0.8550910949707031,0.3,5000,0.5,5000,ok,False,False,results/init008_feature_rel_caps_difficult4_2026_07_07/targets/kodim01.png,6.484771728515625,768
26.222468391428638,,,10000,768.0,6.560129642486572,23.769723892211914,5.071690082550049,residual_tensor_add,4,512,kodim01,1.5896050930023193,1500,1500,,28.755168914794922,0.024961769580841064,768,structsplat_quadtree_wse_tensor,SS qt-WSE + tensor,StructSplat quadtree-WSE initializer plus tensor-aware residual growth.,tensor-growth,0.9683926105499268,0.0013442093040794134,10000,0.07810106128454208,l1,28.71533203125,results/init008_feature_rel_caps_difficult4_2026_07_07/reconstructions/kodim01/10000/seed0_structsplat_quadtree_wse_tensor.png,cuda,,,,,0,results/datasets/abl004/kodak24/kodim01.png,0.8569797873497009,0.3,5000,0.5,5000,ok,False,False,results/init008_feature_rel_caps_difficult4_2026_07_07/targets/kodim01.png,6.661295175552368,768
26.02035922126185,,57.599999999999994,10000,57.599998474121094,3.8474068641662598,15.027715682983398,4.544924974441528,residual_tensor_add,4,512,kodim01,1.6467058658599854,1500,1500,,28.49144744873047,0.025186583399772644,768,structsplat_quadtree_wse_tensor_featurecap,SS qt-WSE + tensor feature cap,StructSplat quadtree-WSE tensor-aware residual growth with feature-adaptive scale caps.,tensor-growth+feature-cap,0.9645178914070129,0.001431680633686483,10000,0.07937236875295639,l1,28.441539764404297,results/init008_feature_rel_caps_difficult4_2026_07_07/reconstructions/kodim01/10000/seed0_structsplat_quadtree_wse_tensor_featurecap.png,cuda,12.0,57.599999999999994,160.0,feature,0,results/datasets/abl004/kodak24/kodim01.png,0.8478248715400696,0.3,5000,0.5,5000,ok,False,False,results/init008_feature_rel_caps_difficult4_2026_07_07/targets/kodim01.png,6.191630840301514,768
26.10918897624967,,,10000,768.0,4.911948204040527,15.320810317993164,4.918567180633545,residual_tensor_add,4,512,kodim01,1.566922664642334,1500,1500,,28.7376766204834,0.024905497208237648,768,structsplat_quadtree_wse_tensor_feature_rel,SS qt-WSE + tensor feature-rel cap,StructSplat quadtree-WSE tensor-aware residual growth with feature-relative local-radius caps.,tensor-growth+feature-rel-cap,0.9675248265266418,0.0013481993228197098,10000,0.07814131677150726,l1,28.70245933532715,results/init008_feature_rel_caps_difficult4_2026_07_07/reconstructions/kodim01/10000/seed0_structsplat_quadtree_wse_tensor_feature_rel.png,cuda,,,,feature_rel,0,results/datasets/abl004/kodak24/kodim01.png,0.854881227016449,0.3,5000,0.5,5000,ok,False,False,results/init008_feature_rel_caps_difficult4_2026_07_07/targets/kodim01.png,6.485489845275879,768
25.352703087484144,,,2000,768.0,8.267020225524902,24.320484161376953,5.182121515274048,residual_add,4,512,kodim07,0.15400290489196777,1500,1500,,25.977706909179688,0.023547524586319923,768,structsplat_onedge_residual,SS on-edge + residual,StructSplat on-edge initializer under the same residual-add growth as external analogues.,same-growth,0.9289878010749817,0.0027650229167193174,2000,0.08977809548377991,l1,25.58301544189453,results/init008_feature_rel_caps_difficult4_2026_07_07/reconstructions/kodim07/2000/seed0_structsplat_onedge_residual.png,cuda,,,,,0,results/datasets/abl004/kodak24/kodim07.png,0.8496220707893372,0.3,1000,0.5,1000,ok,False,False,results/init008_feature_rel_caps_difficult4_2026_07_07/targets/kodim07.png,5.336124420166016,768
22.581481161874642,,57.599999999999994,2000,57.599998474121094,4.496240139007568,14.152305603027344,3.8039913177490234,residual_add,4,512,kodim07,0.1663651466369629,1500,1500,,21.754642486572266,0.03210576996207237,768,structsplat_onedge_residual_featurecap,SS on-edge + residual feature cap,StructSplat on-edge residual-add growth with feature-adaptive per-Gaussian scale caps.,same-growth+feature-cap,0.8690064549446106,0.006387987174093723,2000,0.1420692652463913,l1,21.946361541748047,results/init008_feature_rel_caps_difficult4_2026_07_07/reconstructions/kodim07/2000/seed0_structsplat_onedge_residual_featurecap.png,cuda,12.0,57.599999999999994,160.0,feature,0,results/datasets/abl004/kodak24/kodim07.png,0.8046570420265198,0.3,1000,0.5,1000,ok,False,False,results/init008_feature_rel_caps_difficult4_2026_07_07/targets/kodim07.png,3.9703564643859863,768
24.35791737847204,,,2000,768.0,6.796388149261475,17.951692581176758,5.090955018997192,residual_add,4,512,kodim07,0.16368603706359863,1500,1500,,24.04110336303711,0.026251932606101036,768,structsplat_onedge_residual_feature_rel,SS on-edge + residual feature-rel cap,StructSplat on-edge residual-add growth with feature-relative local-radius scale caps.,same-growth+feature-rel-cap,0.908407986164093,0.004071003757417202,2000,0.10042598098516464,l1,23.902986526489258,results/init008_feature_rel_caps_difficult4_2026_07_07/reconstructions/kodim07/2000/seed0_structsplat_onedge_residual_feature_rel.png,cuda,,,,feature_rel,0,results/datasets/abl004/kodak24/kodim07.png,0.8389210104942322,0.3,1000,0.5,1000,ok,False,False,results/init008_feature_rel_caps_difficult4_2026_07_07/targets/kodim07.png,5.254641056060791,768
25.838280367962593,,,2000,768.0,9.848695755004883,29.004968643188477,5.254287004470825,residual_tensor_add,4,512,kodim07,0.15120434761047363,1500,1500,,26.92529296875,0.021811312064528465,768,structsplat_onedge_tensor,SS on-edge + tensor,StructSplat on-edge initializer plus tensor-aware residual growth.,tensor-growth,0.9402161836624146,0.0020649037323892117,2000,0.08219002932310104,l1,26.851003646850586,results/init008_feature_rel_caps_difficult4_2026_07_07/reconstructions/kodim07/2000/seed0_structsplat_onedge_tensor.png,cuda,,,,,0,results/datasets/abl004/kodak24/kodim07.png,0.8610439300537109,0.3,1000,0.5,1000,ok,False,False,results/init008_feature_rel_caps_difficult4_2026_07_07/targets/kodim07.png,5.405491352081299,768
22.72288832241412,,57.599999999999994,2000,57.599998474121094,4.420699596405029,12.969647407531738,3.8075666427612305,residual_tensor_add,4,512,kodim07,0.17206430435180664,1500,1500,,21.891216278076172,0.032093074172735214,768,structsplat_onedge_tensor_featurecap,SS on-edge + tensor feature cap,StructSplat on-edge tensor-aware residual growth with feature-adaptive scale caps.,tensor-growth+feature-cap,0.8748149871826172,0.006232212297618389,2000,0.14453795552253723,l1,22.053577423095703,results/init008_feature_rel_caps_difficult4_2026_07_07/reconstructions/kodim07/2000/seed0_structsplat_onedge_tensor_featurecap.png,cuda,12.0,57.599999999999994,160.0,feature,0,results/datasets/abl004/kodak24/kodim07.png,0.8015642166137695,0.3,1000,0.5,1000,ok,False,False,results/init008_feature_rel_caps_difficult4_2026_07_07/targets/kodim07.png,3.979630947113037,768
24.533551518323822,,,2000,768.0,6.851560115814209,19.234188079833984,5.0174736976623535,residual_tensor_add,4,512,kodim07,0.15568208694458008,1500,1500,,25.385784149169922,0.02402009814977646,768,structsplat_onedge_tensor_feature_rel,SS on-edge + tensor feature-rel cap,StructSplat on-edge tensor-aware residual growth with feature-relative local-radius caps.,tensor-growth+feature-rel-cap,0.9217232465744019,0.002877896185964346,2000,0.09417073428630829,l1,25.40924835205078,results/init008_feature_rel_caps_difficult4_2026_07_07/reconstructions/kodim07/2000/seed0_structsplat_onedge_tensor_feature_rel.png,cuda,,,,feature_rel,0,results/datasets/abl004/kodak24/kodim07.png,0.8447717428207397,0.3,1000,0.5,1000,ok,False,False,results/init008_feature_rel_caps_difficult4_2026_07_07/targets/kodim07.png,5.173155784606934,768
25.477560489952285,,,2000,768.0,8.9347505569458,24.481557846069336,5.186297416687012,residual_add,4,512,kodim07,0.3881688117980957,1500,1500,,26.864803314208984,0.022304890677332878,768,structsplat_quadtree_wse_residual,SS qt-WSE + residual,StructSplat quadtree-WSE initializer under the same residual-add growth as external analogues.,same-growth,0.9364421367645264,0.0021530920639634132,2000,0.08627451211214066,l1,26.669376373291016,results/init008_feature_rel_caps_difficult4_2026_07_07/reconstructions/kodim07/2000/seed0_structsplat_quadtree_wse_residual.png,cuda,,,,,0,results/datasets/abl004/kodak24/kodim07.png,0.8567432761192322,0.3,1000,0.5,1000,ok,False,False,results/init008_feature_rel_caps_difficult4_2026_07_07/targets/kodim07.png,5.574466228485107,768
22.01842958311624,,57.599999999999994,2000,57.599998474121094,4.695878505706787,15.231552124023438,3.78275990486145,residual_add,4,512,kodim07,0.39774322509765625,1500,1500,,21.090269088745117,0.034158460795879364,768,structsplat_quadtree_wse_residual_featurecap,SS qt-WSE + residual feature cap,StructSplat quadtree-WSE residual-add growth with feature-adaptive scale caps.,same-growth+feature-cap,0.8593305945396423,0.007671619299799204,2000,0.15294110774993896,l1,21.15113067626953,results/init008_feature_rel_caps_difficult4_2026_07_07/reconstructions/kodim07/2000/seed0_structsplat_quadtree_wse_residual_featurecap.png,cuda,12.0,57.599999999999994,160.0,feature,0,results/datasets/abl004/kodak24/kodim07.png,0.8008797764778137,0.3,1000,0.5,1000,ok,False,False,results/init008_feature_rel_caps_difficult4_2026_07_07/targets/kodim07.png,4.1805031299591064,768
24.722669593805946,,,2000,768.0,6.9707207679748535,18.337800979614258,5.103056907653809,residual_add,4,512,kodim07,0.3865187168121338,1500,1500,,24.855499267578125,0.025359423831105232,768,structsplat_quadtree_wse_residual_feature_rel,SS qt-WSE + residual feature-rel cap,StructSplat quadtree-WSE residual-add growth with feature-relative local-radius caps.,same-growth+feature-rel-cap,0.9142058491706848,0.003501489758491516,2000,0.09843717515468597,l1,24.557472229003906,results/init008_feature_rel_caps_difficult4_2026_07_07/reconstructions/kodim07/2000/seed0_structsplat_quadtree_wse_residual_feature_rel.png,cuda,,,,feature_rel,0,results/datasets/abl004/kodak24/kodim07.png,0.8387316465377808,0.3,1000,0.5,1000,ok,False,False,results/init008_feature_rel_caps_difficult4_2026_07_07/targets/kodim07.png,5.489575624465942,768
25.446073429038957,,,2000,768.0,9.164875030517578,25.622209548950195,5.068401575088501,residual_tensor_add,4,512,kodim07,0.38869333267211914,1500,1500,,27.187286376953125,0.021956762298941612,768,structsplat_quadtree_wse_tensor,SS qt-WSE + tensor,StructSplat quadtree-WSE initializer plus tensor-aware residual growth.,tensor-growth,0.9355711340904236,0.002005038084462285,2000,0.08466257154941559,l1,26.978775024414062,results/init008_feature_rel_caps_difficult4_2026_07_07/reconstructions/kodim07/2000/seed0_structsplat_quadtree_wse_tensor.png,cuda,,,,,0,results/datasets/abl004/kodak24/kodim07.png,0.8580242991447449,0.3,1000,0.5,1000,ok,False,False,results/init008_feature_rel_caps_difficult4_2026_07_07/targets/kodim07.png,5.45709490776062,768
22.351422480378968,,57.599999999999994,2000,57.599998474121094,4.760688781738281,15.386272430419922,3.7700555324554443,residual_tensor_add,4,512,kodim07,0.397998571395874,1500,1500,,21.25768280029297,0.03333677351474762,768,structsplat_quadtree_wse_tensor_featurecap,SS qt-WSE + tensor feature cap,StructSplat quadtree-WSE tensor-aware residual growth with feature-adaptive scale caps.,tensor-growth+feature-cap,0.8642980456352234,0.007301642093807459,2000,0.1528058648109436,l1,21.365795135498047,results/init008_feature_rel_caps_difficult4_2026_07_07/reconstructions/kodim07/2000/seed0_structsplat_quadtree_wse_tensor_featurecap.png,cuda,12.0,57.599999999999994,160.0,feature,0,results/datasets/abl004/kodak24/kodim07.png,0.8022273182868958,0.3,1000,0.5,1000,ok,False,False,results/init008_feature_rel_caps_difficult4_2026_07_07/targets/kodim07.png,4.168054103851318,768
24.945742673918435,,,2000,768.0,7.1556077003479,18.74750328063965,5.07016921043396,residual_tensor_add,4,512,kodim07,0.38772034645080566,1500,1500,,25.064029693603516,0.024098867550492287,768,structsplat_quadtree_wse_tensor_feature_rel,SS qt-WSE + tensor feature-rel cap,StructSplat quadtree-WSE tensor-aware residual growth with feature-relative local-radius caps.,tensor-growth+feature-rel-cap,0.9215059280395508,0.0031975528690963984,2000,0.09198363125324249,l1,24.95182228088379,results/init008_feature_rel_caps_difficult4_2026_07_07/reconstructions/kodim07/2000/seed0_structsplat_quadtree_wse_tensor_feature_rel.png,cuda,,,,feature_rel,0,results/datasets/abl004/kodak24/kodim07.png,0.8456948399543762,0.3,1000,0.5,1000,ok,False,False,results/init008_feature_rel_caps_difficult4_2026_07_07/targets/kodim07.png,5.457889556884766,768
30.659165548435286,,,5000,768.0,6.256210803985596,18.549076080322266,5.098665237426758,residual_add,4,512,kodim07,0.41431522369384766,1500,1500,,35.673526763916016,0.010277870111167431,768,structsplat_onedge_residual,SS on-edge + residual,StructSplat on-edge initializer under the same residual-add growth as external analogues.,same-growth,0.9892223477363586,0.00029740523314103484,5000,0.03520936146378517,l1,35.26651382446289,results/init008_feature_rel_caps_difficult4_2026_07_07/reconstructions/kodim07/5000/seed0_structsplat_onedge_residual.png,cuda,,,,,0,results/datasets/abl004/kodak24/kodim07.png,0.9516304731369019,0.3,2500,0.5,2500,ok,False,False,results/init008_feature_rel_caps_difficult4_2026_07_07/targets/kodim07.png,5.5129804611206055,768
29.503534090526905,,57.599999999999994,5000,57.599998474121094,4.359012603759766,14.433304786682129,4.221181154251099,residual_add,4,512,kodim07,0.434462308883667,1500,1500,,32.39305114746094,0.012221883051097393,768,structsplat_onedge_residual_featurecap,SS on-edge + residual feature cap,StructSplat on-edge residual-add growth with feature-adaptive per-Gaussian scale caps.,same-growth+feature-cap,0.9800629615783691,0.0007240460836328566,5000,0.043180737644433975,l1,31.402339935302734,results/init008_feature_rel_caps_difficult4_2026_07_07/reconstructions/kodim07/5000/seed0_structsplat_onedge_residual_featurecap.png,cuda,12.0,57.599999999999994,160.0,feature,0,results/datasets/abl004/kodak24/kodim07.png,0.934917151927948,0.3,2500,0.5,2500,ok,False,False,results/init008_feature_rel_caps_difficult4_2026_07_07/targets/kodim07.png,4.655643463134766,768
30.867031500767357,,,5000,768.0,5.627877235412598,15.918988227844238,5.1669535636901855,residual_add,4,512,kodim07,0.42294859886169434,1500,1500,,35.67204284667969,0.010295849293470383,768,structsplat_onedge_residual_feature_rel,SS on-edge + residual feature-rel cap,StructSplat on-edge residual-add growth with feature-relative local-radius scale caps.,same-growth+feature-rel-cap,0.9880759716033936,0.0003245343978051096,5000,0.03496553748846054,l1,34.887393951416016,results/init008_feature_rel_caps_difficult4_2026_07_07/reconstructions/kodim07/5000/seed0_structsplat_onedge_residual_feature_rel.png,cuda,,,,feature_rel,0,results/datasets/abl004/kodak24/kodim07.png,0.9510887861251831,0.3,2500,0.5,2500,ok,False,False,results/init008_feature_rel_caps_difficult4_2026_07_07/targets/kodim07.png,5.58990216255188,768
30.625038569414116,,,5000,768.0,6.851330280303955,20.256175994873047,5.3416588306427,residual_tensor_add,4,512,kodim07,0.4452950954437256,1500,1500,,35.760032653808594,0.010422809049487114,768,structsplat_onedge_tensor,SS on-edge + tensor,StructSplat on-edge initializer plus tensor-aware residual growth.,tensor-growth,0.9891370534896851,0.00029768465901724994,5000,0.036077968776226044,l1,35.2624397277832,results/init008_feature_rel_caps_difficult4_2026_07_07/reconstructions/kodim07/5000/seed0_structsplat_onedge_tensor.png,cuda,,,,,0,results/datasets/abl004/kodak24/kodim07.png,0.9508429765701294,0.3,2500,0.5,2500,ok,False,False,results/init008_feature_rel_caps_difficult4_2026_07_07/targets/kodim07.png,5.786953926086426,768
29.542717986459966,,57.599999999999994,5000,57.599998474121094,4.396450519561768,14.355244636535645,4.1975789070129395,residual_tensor_add,4,512,kodim07,0.44136786460876465,1500,1500,,32.37896728515625,0.012202938087284565,768,structsplat_onedge_tensor_featurecap,SS on-edge + tensor feature cap,StructSplat on-edge tensor-aware residual growth with feature-adaptive scale caps.,tensor-growth+feature-cap,0.9805741906166077,0.0006282256217673421,5000,0.043885111808776855,l1,32.01884460449219,results/init008_feature_rel_caps_difficult4_2026_07_07/reconstructions/kodim07/5000/seed0_structsplat_onedge_tensor_featurecap.png,cuda,12.0,57.599999999999994,160.0,feature,0,results/datasets/abl004/kodak24/kodim07.png,0.9328917264938354,0.3,2500,0.5,2500,ok,False,False,results/init008_feature_rel_caps_difficult4_2026_07_07/targets/kodim07.png,4.638946771621704,768
30.678399079000258,,,5000,768.0,6.318227291107178,16.577659606933594,5.409045934677124,residual_tensor_add,4,512,kodim07,0.40965938568115234,1500,1500,,35.92219543457031,0.01029003132134676,768,structsplat_onedge_tensor_feature_rel,SS on-edge + tensor feature-rel cap,StructSplat on-edge tensor-aware residual growth with feature-relative local-radius caps.,tensor-growth+feature-rel-cap,0.9889984726905823,0.00028600767836906016,5000,0.03515808656811714,l1,35.436222076416016,results/init008_feature_rel_caps_difficult4_2026_07_07/reconstructions/kodim07/5000/seed0_structsplat_onedge_tensor_feature_rel.png,cuda,,,,feature_rel,0,results/datasets/abl004/kodak24/kodim07.png,0.9516609311103821,0.3,2500,0.5,2500,ok,False,False,results/init008_feature_rel_caps_difficult4_2026_07_07/targets/kodim07.png,5.818705320358276,768
30.54148039076629,,,5000,768.0,6.5666117668151855,19.781566619873047,5.241393327713013,residual_add,4,512,kodim07,0.9261021614074707,1500,1500,,35.75712203979492,0.010427550412714481,768,structsplat_quadtree_wse_residual,SS qt-WSE + residual,StructSplat quadtree-WSE initializer under the same residual-add growth as external analogues.,same-growth,0.9886274933815002,0.00029693529359064996,5000,0.03613850474357605,l1,35.273380279541016,results/init008_feature_rel_caps_difficult4_2026_07_07/reconstructions/kodim07/5000/seed0_structsplat_quadtree_wse_residual.png,cuda,,,,,0,results/datasets/abl004/kodak24/kodim07.png,0.9504323601722717,0.3,2500,0.5,2500,ok,False,False,results/init008_feature_rel_caps_difficult4_2026_07_07/targets/kodim07.png,6.167495489120483,768
29.39935471329234,,57.599999999999994,5000,57.599998474121094,4.236505031585693,13.78501033782959,4.179197549819946,residual_add,4,512,kodim07,0.887218713760376,1500,1500,,32.2253303527832,0.01202963013201952,768,structsplat_quadtree_wse_residual_featurecap,SS qt-WSE + residual feature cap,StructSplat quadtree-WSE residual-add growth with feature-adaptive scale caps.,same-growth+feature-cap,0.9790511131286621,0.0006262015085667372,5000,0.04274548217654228,l1,32.032859802246094,results/init008_feature_rel_caps_difficult4_2026_07_07/reconstructions/kodim07/5000/seed0_structsplat_quadtree_wse_residual_featurecap.png,cuda,12.0,57.599999999999994,160.0,feature,0,results/datasets/abl004/kodak24/kodim07.png,0.9363105893135071,0.3,2500,0.5,2500,ok,False,False,results/init008_feature_rel_caps_difficult4_2026_07_07/targets/kodim07.png,5.066416263580322,768
30.415927378633484,,,5000,768.0,5.326488494873047,14.60874080657959,5.2172369956970215,residual_add,4,512,kodim07,0.8786270618438721,1500,1500,,34.747100830078125,0.010808194056153297,768,structsplat_quadtree_wse_residual_feature_rel,SS qt-WSE + residual feature-rel cap,StructSplat quadtree-WSE residual-add growth with feature-relative local-radius caps.,same-growth+feature-rel-cap,0.9869687557220459,0.00037011923268437386,5000,0.038055844604969025,l1,34.31658172607422,results/init008_feature_rel_caps_difficult4_2026_07_07/reconstructions/kodim07/5000/seed0_structsplat_quadtree_wse_residual_feature_rel.png,cuda,,,,feature_rel,0,results/datasets/abl004/kodak24/kodim07.png,0.9463954567909241,0.3,2500,0.5,2500,ok,False,False,results/init008_feature_rel_caps_difficult4_2026_07_07/targets/kodim07.png,6.0958640575408936,768
30.502530855683982,,,5000,768.0,6.867620944976807,19.8792724609375,5.294188976287842,residual_tensor_add,4,512,kodim07,0.8767411708831787,1500,1500,,35.73015594482422,0.010401141829788685,768,structsplat_quadtree_wse_tensor,SS qt-WSE + tensor,StructSplat quadtree-WSE initializer plus tensor-aware residual growth.,tensor-growth,0.988946259021759,0.00029610705678351223,5000,0.035837218165397644,l1,35.2855110168457,results/init008_feature_rel_caps_difficult4_2026_07_07/reconstructions/kodim07/5000/seed0_structsplat_quadtree_wse_tensor.png,cuda,,,,,0,results/datasets/abl004/kodak24/kodim07.png,0.9512154459953308,0.3,2500,0.5,2500,ok,False,False,results/init008_feature_rel_caps_difficult4_2026_07_07/targets/kodim07.png,6.1709301471710205,768
29.851366091442554,,57.599999999999994,5000,57.599998474121094,4.155045986175537,13.578537940979004,4.167509078979492,residual_tensor_add,4,512,kodim07,0.8825342655181885,1500,1500,,33.753482818603516,0.01108467299491167,768,structsplat_quadtree_wse_tensor_featurecap,SS qt-WSE + tensor feature cap,StructSplat quadtree-WSE tensor-aware residual growth with feature-adaptive scale caps.,tensor-growth+feature-cap,0.985062837600708,0.0004464565427042544,5000,0.039174288511276245,l1,33.5022087097168,results/init008_feature_rel_caps_difficult4_2026_07_07/reconstructions/kodim07/5000/seed0_structsplat_quadtree_wse_tensor_featurecap.png,cuda,12.0,57.599999999999994,160.0,feature,0,results/datasets/abl004/kodak24/kodim07.png,0.9430487155914307,0.3,2500,0.5,2500,ok,False,False,results/init008_feature_rel_caps_difficult4_2026_07_07/targets/kodim07.png,5.050043344497681,768
30.265777532540614,,,5000,768.0,5.752926349639893,15.29190731048584,5.019023418426514,residual_tensor_add,4,512,kodim07,0.9446010589599609,1500,1500,,35.38258361816406,0.01066701952368021,768,structsplat_quadtree_wse_tensor_feature_rel,SS qt-WSE + tensor feature-rel cap,StructSplat quadtree-WSE tensor-aware residual growth with feature-relative local-radius caps.,tensor-growth+feature-rel-cap,0.9878235459327698,0.00033042958239093423,5000,0.037348415702581406,l1,34.80921173095703,results/init008_feature_rel_caps_difficult4_2026_07_07/reconstructions/kodim07/5000/seed0_structsplat_quadtree_wse_tensor_feature_rel.png,cuda,,,,feature_rel,0,results/datasets/abl004/kodak24/kodim07.png,0.9482958912849426,0.3,2500,0.5,2500,ok,False,False,results/init008_feature_rel_caps_difficult4_2026_07_07/targets/kodim07.png,5.963624477386475,768
34.472216120077974,,,10000,768.0,5.109723091125488,17.59230613708496,5.3553948402404785,residual_add,4,512,kodim07,1.013789415359497,1500,1500,,41.090538024902344,0.006649243179708719,768,structsplat_onedge_residual,SS on-edge + residual,StructSplat on-edge initializer under the same residual-add growth as external analogues.,same-growth,0.995599627494812,9.30401511141099e-05,10000,0.01985079050064087,l1,40.313297271728516,results/init008_feature_rel_caps_difficult4_2026_07_07/reconstructions/kodim07/10000/seed0_structsplat_onedge_residual.png,cuda,,,,,0,results/datasets/abl004/kodak24/kodim07.png,0.974572479724884,0.3,5000,0.5,5000,ok,False,False,results/init008_feature_rel_caps_difficult4_2026_07_07/targets/kodim07.png,6.369184255599976,768
34.54910589616405,,57.599999999999994,10000,57.599998474121094,4.114468097686768,14.394618034362793,4.810283660888672,residual_add,4,512,kodim07,1.0333971977233887,1500,1500,,41.38109588623047,0.006500972900539637,768,structsplat_onedge_residual_featurecap,SS on-edge + residual feature cap,StructSplat on-edge residual-add growth with feature-adaptive per-Gaussian scale caps.,same-growth+feature-cap,0.995657205581665,8.750623965170234e-05,10000,0.019165977835655212,l1,40.57960891723633,results/init008_feature_rel_caps_difficult4_2026_07_07/reconstructions/kodim07/10000/seed0_structsplat_onedge_residual_featurecap.png,cuda,12.0,57.599999999999994,160.0,feature,0,results/datasets/abl004/kodak24/kodim07.png,0.9749324917793274,0.3,5000,0.5,5000,ok,False,False,results/init008_feature_rel_caps_difficult4_2026_07_07/targets/kodim07.png,5.8436808586120605,768
34.775770369969344,,,10000,768.0,4.726995944976807,14.504759788513184,5.243013381958008,residual_add,4,512,kodim07,1.0243890285491943,1500,1500,,41.429786682128906,0.00650444533675909,768,structsplat_onedge_residual_feature_rel,SS on-edge + residual feature-rel cap,StructSplat on-edge residual-add growth with feature-relative local-radius scale caps.,same-growth+feature-rel-cap,0.9956559538841248,8.652227552374825e-05,10000,0.01912221685051918,l1,40.628719329833984,results/init008_feature_rel_caps_difficult4_2026_07_07/reconstructions/kodim07/10000/seed0_structsplat_onedge_residual_feature_rel.png,cuda,,,,feature_rel,0,results/datasets/abl004/kodak24/kodim07.png,0.9750281572341919,0.3,5000,0.5,5000,ok,False,False,results/init008_feature_rel_caps_difficult4_2026_07_07/targets/kodim07.png,6.267402410507202,768
34.428193577135936,,,10000,768.0,5.528752326965332,18.346601486206055,5.434752941131592,residual_tensor_add,4,512,kodim07,0.995290994644165,1500,1500,,40.901451110839844,0.006756185553967953,768,structsplat_onedge_tensor,SS on-edge + tensor,StructSplat on-edge initializer plus tensor-aware residual growth.,tensor-growth,0.9955074787139893,9.629085252527148e-05,10000,0.020156826823949814,l1,40.16415023803711,results/init008_feature_rel_caps_difficult4_2026_07_07/reconstructions/kodim07/10000/seed0_structsplat_onedge_tensor.png,cuda,,,,,0,results/datasets/abl004/kodak24/kodim07.png,0.974125862121582,0.3,5000,0.5,5000,ok,False,False,results/init008_feature_rel_caps_difficult4_2026_07_07/targets/kodim07.png,6.430043935775757,768
34.74724829077641,,57.599999999999994,10000,57.599998474121094,4.180552005767822,14.440828323364258,4.778565406799316,residual_tensor_add,4,512,kodim07,1.120779037475586,1500,1500,,41.45610809326172,0.006466514430940151,768,structsplat_onedge_tensor_featurecap,SS on-edge + tensor feature cap,StructSplat on-edge tensor-aware residual growth with feature-adaptive scale caps.,tensor-growth+feature-cap,0.9956763982772827,8.617265120847151e-05,10000,0.01908119209110737,l1,40.646305084228516,results/init008_feature_rel_caps_difficult4_2026_07_07/reconstructions/kodim07/10000/seed0_structsplat_onedge_tensor_featurecap.png,cuda,12.0,57.599999999999994,160.0,feature,0,results/datasets/abl004/kodak24/kodim07.png,0.9749942421913147,0.3,5000,0.5,5000,ok,False,False,results/init008_feature_rel_caps_difficult4_2026_07_07/targets/kodim07.png,5.899344444274902,768
34.48286124465464,,,10000,768.0,5.069671154022217,15.5926513671875,5.3089680671691895,residual_tensor_add,4,512,kodim07,1.0864617824554443,1500,1500,,41.092010498046875,0.006653753109276295,768,structsplat_onedge_tensor_feature_rel,SS on-edge + tensor feature-rel cap,StructSplat on-edge tensor-aware residual growth with feature-relative local-radius caps.,tensor-growth+feature-rel-cap,0.9955494403839111,9.29292946239002e-05,10000,0.019821487367153168,l1,40.31847381591797,results/init008_feature_rel_caps_difficult4_2026_07_07/reconstructions/kodim07/10000/seed0_structsplat_onedge_tensor_feature_rel.png,cuda,,,,feature_rel,0,results/datasets/abl004/kodak24/kodim07.png,0.9743492603302002,0.3,5000,0.5,5000,ok,False,False,results/init008_feature_rel_caps_difficult4_2026_07_07/targets/kodim07.png,6.395429849624634,768
34.41246525011832,,,10000,768.0,5.270285129547119,17.14885711669922,5.236735105514526,residual_add,4,512,kodim07,1.5980515480041504,1500,1500,,41.038124084472656,0.006690002046525478,768,structsplat_quadtree_wse_residual,SS qt-WSE + residual,StructSplat quadtree-WSE initializer under the same residual-add growth as external analogues.,same-growth,0.9955058097839355,9.374009823659435e-05,10000,0.01994916796684265,l1,40.28074645996094,results/init008_feature_rel_caps_difficult4_2026_07_07/reconstructions/kodim07/10000/seed0_structsplat_quadtree_wse_residual.png,cuda,,,,,0,results/datasets/abl004/kodak24/kodim07.png,0.9744012951850891,0.3,5000,0.5,5000,ok,False,False,results/init008_feature_rel_caps_difficult4_2026_07_07/targets/kodim07.png,6.834786653518677,768
34.548716547013605,,57.599999999999994,10000,57.599998474121094,4.026413440704346,14.813838005065918,4.704666376113892,residual_add,4,512,kodim07,1.608776569366455,1500,1500,,41.383514404296875,0.006531345658004284,768,structsplat_quadtree_wse_residual_featurecap,SS qt-WSE + residual feature cap,StructSplat quadtree-WSE residual-add growth with feature-adaptive scale caps.,same-growth+feature-cap,0.9957001209259033,8.716038428246975e-05,10000,0.019150570034980774,l1,40.5968132019043,results/init008_feature_rel_caps_difficult4_2026_07_07/reconstructions/kodim07/10000/seed0_structsplat_quadtree_wse_residual_featurecap.png,cuda,12.0,57.599999999999994,160.0,feature,0,results/datasets/abl004/kodak24/kodim07.png,0.9752059578895569,0.3,5000,0.5,5000,ok,False,False,results/init008_feature_rel_caps_difficult4_2026_07_07/targets/kodim07.png,6.313442945480347,768
34.76202221311196,,,10000,768.0,4.681896686553955,14.270593643188477,5.295391321182251,residual_add,4,512,kodim07,1.6117146015167236,1500,1500,,41.38867950439453,0.00654453132301569,768,structsplat_quadtree_wse_residual_feature_rel,SS qt-WSE + residual feature-rel cap,StructSplat quadtree-WSE residual-add growth with feature-relative local-radius caps.,same-growth+feature-rel-cap,0.9955528378486633,8.73151293490082e-05,10000,0.019256044179201126,l1,40.58910369873047,results/init008_feature_rel_caps_difficult4_2026_07_07/reconstructions/kodim07/10000/seed0_structsplat_quadtree_wse_residual_feature_rel.png,cuda,,,,feature_rel,0,results/datasets/abl004/kodak24/kodim07.png,0.9746977686882019,0.3,5000,0.5,5000,ok,False,False,results/init008_feature_rel_caps_difficult4_2026_07_07/targets/kodim07.png,6.907105922698975,768
34.37814477000577,,,10000,768.0,5.568526268005371,17.696500778198242,5.245128631591797,residual_tensor_add,4,512,kodim07,1.5923662185668945,1500,1500,,40.81322479248047,0.0068049305118620396,768,structsplat_quadtree_wse_tensor,SS qt-WSE + tensor,StructSplat quadtree-WSE initializer plus tensor-aware residual growth.,tensor-growth,0.995478093624115,9.838293044595048e-05,10000,0.02047121152281761,l1,40.070804595947266,results/init008_feature_rel_caps_difficult4_2026_07_07/reconstructions/kodim07/10000/seed0_structsplat_quadtree_wse_tensor.png,cuda,,,,,0,results/datasets/abl004/kodak24/kodim07.png,0.9740399122238159,0.3,5000,0.5,5000,ok,False,False,results/init008_feature_rel_caps_difficult4_2026_07_07/targets/kodim07.png,6.837494850158691,768
34.69607848688473,,57.599999999999994,10000,57.599998474121094,4.134264945983887,14.705318450927734,4.763626575469971,residual_tensor_add,4,512,kodim07,1.5837852954864502,1500,1500,,41.369117736816406,0.006533206440508366,768,structsplat_quadtree_wse_tensor_featurecap,SS qt-WSE + tensor feature cap,StructSplat quadtree-WSE tensor-aware residual growth with feature-adaptive scale caps.,tensor-growth+feature-cap,0.9956533908843994,8.742976933717728e-05,10000,0.019212158396840096,l1,40.583412170410156,results/init008_feature_rel_caps_difficult4_2026_07_07/reconstructions/kodim07/10000/seed0_structsplat_quadtree_wse_tensor_featurecap.png,cuda,12.0,57.599999999999994,160.0,feature,0,results/datasets/abl004/kodak24/kodim07.png,0.974884033203125,0.3,5000,0.5,5000,ok,False,False,results/init008_feature_rel_caps_difficult4_2026_07_07/targets/kodim07.png,6.347411870956421,768
34.45618496615541,,,10000,768.0,4.997882843017578,14.819817543029785,5.199828624725342,residual_tensor_add,4,512,kodim07,1.599621057510376,1500,1500,,41.08861541748047,0.006667839828878641,768,structsplat_quadtree_wse_tensor_feature_rel,SS qt-WSE + tensor feature-rel cap,StructSplat quadtree-WSE tensor-aware residual growth with feature-relative local-radius caps.,tensor-growth+feature-rel-cap,0.995511531829834,9.336703078588471e-05,10000,0.019883770495653152,l1,40.298065185546875,results/init008_feature_rel_caps_difficult4_2026_07_07/reconstructions/kodim07/10000/seed0_structsplat_quadtree_wse_tensor_feature_rel.png,cuda,,,,feature_rel,0,results/datasets/abl004/kodak24/kodim07.png,0.974238932132721,0.3,5000,0.5,5000,ok,False,False,results/init008_feature_rel_caps_difficult4_2026_07_07/targets/kodim07.png,6.799449682235718,768
19.06120212241918,,,2000,768.0,12.027663230895996,45.601715087890625,5.331866979598999,residual_add,4,512,kodim13,0.13652729988098145,1500,1500,,20.53304672241211,0.06396554410457611,768,structsplat_onedge_residual,SS on-edge + residual,StructSplat on-edge initializer under the same residual-add growth as external analogues.,same-growth,0.7845375537872314,0.008616972714662552,2000,0.1975466012954712,l1,20.646455764770508,results/init008_feature_rel_caps_difficult4_2026_07_07/reconstructions/kodim13/2000/seed0_structsplat_onedge_residual.png,cuda,,,,,0,results/datasets/abl004/kodak24/kodim13.png,0.48589250445365906,0.3,1000,0.5,1000,ok,False,False,results/init008_feature_rel_caps_difficult4_2026_07_07/targets/kodim13.png,5.4683942794799805,768
18.23422137063849,,57.599999999999994,2000,57.599998474121094,4.063642978668213,13.36460018157959,3.8853304386138916,residual_add,4,512,kodim13,0.15077543258666992,1500,1500,,17.756269454956055,0.07821439206600189,768,structsplat_onedge_residual_featurecap,SS on-edge + residual feature cap,StructSplat on-edge residual-add growth with feature-adaptive per-Gaussian scale caps.,same-growth+feature-cap,0.6891171336174011,0.015814969316124916,2000,0.27843138575553894,l1,18.009315490722656,results/init008_feature_rel_caps_difficult4_2026_07_07/reconstructions/kodim13/2000/seed0_structsplat_onedge_residual_featurecap.png,cuda,12.0,57.599999999999994,160.0,feature,0,results/datasets/abl004/kodak24/kodim13.png,0.41247954964637756,0.3,1000,0.5,1000,ok,False,False,results/init008_feature_rel_caps_difficult4_2026_07_07/targets/kodim13.png,4.0361058712005615,768
19.17333839383421,,,2000,768.0,8.179024696350098,25.806062698364258,5.20668888092041,residual_add,4,512,kodim13,0.16076946258544922,1500,1500,,19.958377838134766,0.06543376296758652,768,structsplat_onedge_residual_feature_rel,SS on-edge + residual feature-rel cap,StructSplat on-edge residual-add growth with feature-relative local-radius scale caps.,same-growth+feature-rel-cap,0.7741151452064514,0.009813467040657997,2000,0.20572946965694427,l1,20.081775665283203,results/init008_feature_rel_caps_difficult4_2026_07_07/reconstructions/kodim13/2000/seed0_structsplat_onedge_residual_feature_rel.png,cuda,,,,feature_rel,0,results/datasets/abl004/kodak24/kodim13.png,0.46904176473617554,0.3,1000,0.5,1000,ok,False,False,results/init008_feature_rel_caps_difficult4_2026_07_07/targets/kodim13.png,5.367458343505859,768
19.127691665914075,,,2000,768.0,14.257075309753418,50.72825622558594,5.500041246414185,residual_tensor_add,4,512,kodim13,0.1509242057800293,1500,1500,,20.581905364990234,0.06360284239053726,768,structsplat_onedge_tensor,SS on-edge + tensor,StructSplat on-edge initializer plus tensor-aware residual growth.,tensor-growth,0.7912479043006897,0.008560304529964924,2000,0.19724275171756744,l1,20.675107955932617,results/init008_feature_rel_caps_difficult4_2026_07_07/reconstructions/kodim13/2000/seed0_structsplat_onedge_tensor.png,cuda,,,,,0,results/datasets/abl004/kodak24/kodim13.png,0.4880756437778473,0.3,1000,0.5,1000,ok,False,False,results/init008_feature_rel_caps_difficult4_2026_07_07/targets/kodim13.png,5.650965452194214,768
18.113696171491444,,57.599999999999994,2000,57.599998474121094,4.084457874298096,13.166465759277344,3.8839151859283447,residual_tensor_add,4,512,kodim13,0.14515066146850586,1500,1500,,17.435516357421875,0.08098127692937851,768,structsplat_onedge_tensor_featurecap,SS on-edge + tensor feature cap,StructSplat on-edge tensor-aware residual growth with feature-adaptive scale caps.,tensor-growth+feature-cap,0.6678763628005981,0.016883255913853645,2000,0.29075849056243896,l1,17.72543716430664,results/init008_feature_rel_caps_difficult4_2026_07_07/reconstructions/kodim13/2000/seed0_structsplat_onedge_tensor_featurecap.png,cuda,12.0,57.599999999999994,160.0,feature,0,results/datasets/abl004/kodak24/kodim13.png,0.3986894488334656,0.3,1000,0.5,1000,ok,False,False,results/init008_feature_rel_caps_difficult4_2026_07_07/targets/kodim13.png,4.029065847396851,768
18.9879240802004,,,2000,756.6461791992188,8.951211929321289,30.023664474487305,5.179903507232666,residual_tensor_add,4,512,kodim13,0.14852023124694824,1500,1500,,20.506441116333008,0.06367479264736176,768,structsplat_onedge_tensor_feature_rel,SS on-edge + tensor feature-rel cap,StructSplat on-edge tensor-aware residual growth with feature-relative local-radius caps.,tensor-growth+feature-rel-cap,0.7838340997695923,0.00869186595082283,2000,0.19784852862358093,l1,20.608871459960938,results/init008_feature_rel_caps_difficult4_2026_07_07/reconstructions/kodim13/2000/seed0_structsplat_onedge_tensor_feature_rel.png,cuda,,,,feature_rel,0,results/datasets/abl004/kodak24/kodim13.png,0.4816553294658661,0.3,1000,0.5,1000,ok,False,False,results/init008_feature_rel_caps_difficult4_2026_07_07/targets/kodim13.png,5.328423738479614,768
19.267825555451477,,,2000,768.0,13.480772018432617,50.35133361816406,5.508343458175659,residual_add,4,512,kodim13,0.3119959831237793,1500,1500,,20.70418930053711,0.06272617727518082,768,structsplat_quadtree_wse_residual,SS qt-WSE + residual,StructSplat quadtree-WSE initializer under the same residual-add growth as external analogues.,same-growth,0.7963206768035889,0.00833266880363226,2000,0.19425523281097412,l1,20.792160034179688,results/init008_feature_rel_caps_difficult4_2026_07_07/reconstructions/kodim13/2000/seed0_structsplat_quadtree_wse_residual.png,cuda,,,,,0,results/datasets/abl004/kodak24/kodim13.png,0.4890882670879364,0.3,1000,0.5,1000,ok,False,False,results/init008_feature_rel_caps_difficult4_2026_07_07/targets/kodim13.png,5.8203394412994385,768
17.983291791390386,,57.599999999999994,2000,57.599998474121094,3.8555102348327637,13.12036418914795,3.8663508892059326,residual_add,4,512,kodim13,0.31640076637268066,1500,1500,,17.715103149414062,0.07932281494140625,768,structsplat_quadtree_wse_residual_featurecap,SS qt-WSE + residual feature cap,StructSplat quadtree-WSE residual-add growth with feature-adaptive scale caps.,same-growth+feature-cap,0.6738320589065552,0.015849540010094643,2000,0.2862745225429535,l1,17.999834060668945,results/init008_feature_rel_caps_difficult4_2026_07_07/reconstructions/kodim13/2000/seed0_structsplat_quadtree_wse_residual_featurecap.png,cuda,12.0,57.599999999999994,160.0,feature,0,results/datasets/abl004/kodak24/kodim13.png,0.4117056131362915,0.3,1000,0.5,1000,ok,False,False,results/init008_feature_rel_caps_difficult4_2026_07_07/targets/kodim13.png,4.182751655578613,768
19.104056068863212,,,2000,768.0,7.908138275146484,25.78949737548828,4.986011266708374,residual_add,4,512,kodim13,0.3289353847503662,1500,1500,,20.355831146240234,0.0640651285648346,768,structsplat_quadtree_wse_residual_feature_rel,SS qt-WSE + residual feature-rel cap,StructSplat quadtree-WSE residual-add growth with feature-relative local-radius caps.,same-growth+feature-rel-cap,0.771443247795105,0.008980860933661461,2000,0.19970813393592834,l1,20.466821670532227,results/init008_feature_rel_caps_difficult4_2026_07_07/reconstructions/kodim13/2000/seed0_structsplat_quadtree_wse_residual_feature_rel.png,cuda,,,,feature_rel,0,results/datasets/abl004/kodak24/kodim13.png,0.473661333322525,0.3,1000,0.5,1000,ok,False,False,results/init008_feature_rel_caps_difficult4_2026_07_07/targets/kodim13.png,5.31494665145874,768
19.228947133680755,,,2000,768.0,13.77060317993164,53.15545654296875,5.676246643066406,residual_tensor_add,4,512,kodim13,0.313823938369751,1500,1500,,20.63854217529297,0.06317461282014847,768,structsplat_quadtree_wse_tensor,SS qt-WSE + tensor,StructSplat quadtree-WSE initializer plus tensor-aware residual growth.,tensor-growth,0.7950311899185181,0.008466503582894802,2000,0.19576598703861237,l1,20.722959518432617,results/init008_feature_rel_caps_difficult4_2026_07_07/reconstructions/kodim13/2000/seed0_structsplat_quadtree_wse_tensor.png,cuda,,,,,0,results/datasets/abl004/kodak24/kodim13.png,0.48525238037109375,0.3,1000,0.5,1000,ok,False,False,results/init008_feature_rel_caps_difficult4_2026_07_07/targets/kodim13.png,5.990070581436157,768
18.071211869594176,,57.599999999999994,2000,57.599998474121094,3.7086236476898193,12.226812362670898,3.8474860191345215,residual_tensor_add,4,512,kodim13,0.3751673698425293,1500,1500,,17.037200927734375,0.0844249576330185,768,structsplat_quadtree_wse_tensor_featurecap,SS qt-WSE + tensor feature cap,StructSplat quadtree-WSE tensor-aware residual growth with feature-adaptive scale caps.,tensor-growth+feature-cap,0.6520314812660217,0.01844934932887554,2000,0.3176470696926117,l1,17.34018898010254,results/init008_feature_rel_caps_difficult4_2026_07_07/reconstructions/kodim13/2000/seed0_structsplat_quadtree_wse_tensor_featurecap.png,cuda,12.0,57.599999999999994,160.0,feature,0,results/datasets/abl004/kodak24/kodim13.png,0.39886489510536194,0.3,1000,0.5,1000,ok,False,False,results/init008_feature_rel_caps_difficult4_2026_07_07/targets/kodim13.png,4.222653388977051,768
18.900391064619047,,,2000,768.0,8.596275329589844,27.871002197265625,5.081529855728149,residual_tensor_add,4,512,kodim13,0.3154921531677246,1500,1500,,20.259628295898438,0.06524722278118134,768,structsplat_quadtree_wse_tensor_feature_rel,SS qt-WSE + tensor feature-rel cap,StructSplat quadtree-WSE tensor-aware residual growth with feature-relative local-radius caps.,tensor-growth+feature-rel-cap,0.7699453830718994,0.00911837350577116,2000,0.2048472911119461,l1,20.400827407836914,results/init008_feature_rel_caps_difficult4_2026_07_07/reconstructions/kodim13/2000/seed0_structsplat_quadtree_wse_tensor_feature_rel.png,cuda,,,,feature_rel,0,results/datasets/abl004/kodak24/kodim13.png,0.4739322066307068,0.3,1000,0.5,1000,ok,False,False,results/init008_feature_rel_caps_difficult4_2026_07_07/targets/kodim13.png,5.397022008895874,768
20.893530759754142,,,5000,768.0,7.214135646820068,25.238704681396484,5.310607433319092,residual_add,4,512,kodim13,0.38895630836486816,1500,1500,,22.837188720703125,0.0501617006957531,768,structsplat_onedge_residual,SS on-edge + residual,StructSplat on-edge initializer under the same residual-add growth as external analogues.,same-growth,0.8724111914634705,0.005107225850224495,5000,0.15081579983234406,l1,22.918148040771484,results/init008_feature_rel_caps_difficult4_2026_07_07/reconstructions/kodim13/5000/seed0_structsplat_onedge_residual.png,cuda,,,,,0,results/datasets/abl004/kodak24/kodim13.png,0.6214348077774048,0.3,2500,0.5,2500,ok,False,False,results/init008_feature_rel_caps_difficult4_2026_07_07/targets/kodim13.png,5.69956374168396,768
20.247845491303693,,57.599999999999994,5000,57.599998474121094,3.1668965816497803,11.190718650817871,4.099615097045898,residual_add,4,512,kodim13,0.45385241508483887,1500,1500,,21.781009674072266,0.05322738736867905,768,structsplat_onedge_residual_featurecap,SS on-edge + residual feature cap,StructSplat on-edge residual-add growth with feature-adaptive per-Gaussian scale caps.,same-growth+feature-cap,0.8424840569496155,0.006382911000400782,5000,0.1643940806388855,l1,21.949813842773438,results/init008_feature_rel_caps_difficult4_2026_07_07/reconstructions/kodim13/5000/seed0_structsplat_onedge_residual_featurecap.png,cuda,12.0,57.599999999999994,160.0,feature,0,results/datasets/abl004/kodak24/kodim13.png,0.5854724049568176,0.3,2500,0.5,2500,ok,False,False,results/init008_feature_rel_caps_difficult4_2026_07_07/targets/kodim13.png,4.553467512130737,768
20.754604398766862,,,5000,768.0,5.019272327423096,16.224782943725586,4.993705987930298,residual_add,4,512,kodim13,0.40448760986328125,1500,1500,,22.459070205688477,0.05127895250916481,768,structsplat_onedge_residual_feature_rel,SS on-edge + residual feature-rel cap,StructSplat on-edge residual-add growth with feature-relative local-radius scale caps.,same-growth+feature-rel-cap,0.8568293452262878,0.0055102095939219,5000,0.1553288698196411,l1,22.588319778442383,results/init008_feature_rel_caps_difficult4_2026_07_07/reconstructions/kodim13/5000/seed0_structsplat_onedge_residual_feature_rel.png,cuda,,,,feature_rel,0,results/datasets/abl004/kodak24/kodim13.png,0.6062000393867493,0.3,2500,0.5,2500,ok,False,False,results/init008_feature_rel_caps_difficult4_2026_07_07/targets/kodim13.png,5.398193597793579,768
20.840607226411848,,,5000,768.0,7.812845230102539,28.068008422851562,5.304258108139038,residual_tensor_add,4,512,kodim13,0.3970348834991455,1500,1500,,22.72380828857422,0.050543807446956635,768,structsplat_onedge_tensor,SS on-edge + tensor,StructSplat on-edge initializer plus tensor-aware residual growth.,tensor-growth,0.8738536238670349,0.005256013013422489,5000,0.15314355492591858,l1,22.79343605041504,results/init008_feature_rel_caps_difficult4_2026_07_07/reconstructions/kodim13/5000/seed0_structsplat_onedge_tensor.png,cuda,,,,,0,results/datasets/abl004/kodak24/kodim13.png,0.6222121119499207,0.3,2500,0.5,2500,ok,False,False,results/init008_feature_rel_caps_difficult4_2026_07_07/targets/kodim13.png,5.701292991638184,768
20.315939557798867,,57.599999999999994,5000,57.599998474121094,3.1225764751434326,10.479778289794922,4.062707424163818,residual_tensor_add,4,512,kodim13,0.43802833557128906,1500,1500,,21.447792053222656,0.05464749038219452,768,structsplat_onedge_tensor_featurecap,SS on-edge + tensor feature cap,StructSplat on-edge tensor-aware residual growth with feature-adaptive scale caps.,tensor-growth+feature-cap,0.8315468430519104,0.006878291256725788,5000,0.17251896858215332,l1,21.625194549560547,results/init008_feature_rel_caps_difficult4_2026_07_07/reconstructions/kodim13/5000/seed0_structsplat_onedge_tensor_featurecap.png,cuda,12.0,57.599999999999994,160.0,feature,0,results/datasets/abl004/kodak24/kodim13.png,0.5751968026161194,0.3,2500,0.5,2500,ok,False,False,results/init008_feature_rel_caps_difficult4_2026_07_07/targets/kodim13.png,4.500735759735107,768
20.643486220173394,,,5000,768.0,5.410937309265137,17.038578033447266,5.419867038726807,residual_tensor_add,4,512,kodim13,0.3857409954071045,1500,1500,,22.593297958374023,0.05091264471411705,768,structsplat_onedge_tensor_feature_rel,SS on-edge + tensor feature-rel cap,StructSplat on-edge tensor-aware residual growth with feature-relative local-radius caps.,tensor-growth+feature-rel-cap,0.8629641532897949,0.005375317297875881,5000,0.15471988916397095,l1,22.695960998535156,results/init008_feature_rel_caps_difficult4_2026_07_07/reconstructions/kodim13/5000/seed0_structsplat_onedge_tensor_feature_rel.png,cuda,,,,feature_rel,0,results/datasets/abl004/kodak24/kodim13.png,0.6148360371589661,0.3,2500,0.5,2500,ok,False,False,results/init008_feature_rel_caps_difficult4_2026_07_07/targets/kodim13.png,5.805608034133911,768
20.909242290270335,,,5000,768.0,7.813535690307617,27.543485641479492,5.3777666091918945,residual_add,4,512,kodim13,0.7386476993560791,1500,1500,,22.876392364501953,0.04998040571808815,768,structsplat_quadtree_wse_residual,SS qt-WSE + residual,StructSplat quadtree-WSE initializer under the same residual-add growth as external analogues.,same-growth,0.8727431893348694,0.005074847489595413,5000,0.15093208849430084,l1,22.945770263671875,results/init008_feature_rel_caps_difficult4_2026_07_07/reconstructions/kodim13/5000/seed0_structsplat_quadtree_wse_residual.png,cuda,,,,,0,results/datasets/abl004/kodak24/kodim13.png,0.6208159327507019,0.3,2500,0.5,2500,ok,False,False,results/init008_feature_rel_caps_difficult4_2026_07_07/targets/kodim13.png,6.116414308547974,768
20.323609603413587,,57.599999999999994,5000,57.599998474121094,3.1646463871002197,10.895073890686035,4.1374192237854,residual_add,4,512,kodim13,0.7425882816314697,1500,1500,,21.778003692626953,0.05322016030550003,768,structsplat_quadtree_wse_residual_featurecap,SS qt-WSE + residual feature cap,StructSplat quadtree-WSE residual-add growth with feature-adaptive scale caps.,same-growth+feature-cap,0.8432536125183105,0.006393969990313053,5000,0.1652747094631195,l1,21.94229507446289,results/init008_feature_rel_caps_difficult4_2026_07_07/reconstructions/kodim13/5000/seed0_structsplat_quadtree_wse_residual_featurecap.png,cuda,12.0,57.599999999999994,160.0,feature,0,results/datasets/abl004/kodak24/kodim13.png,0.5867612361907959,0.3,2500,0.5,2500,ok,False,False,results/init008_feature_rel_caps_difficult4_2026_07_07/targets/kodim13.png,4.88000750541687,768
20.765448406110053,,,5000,768.0,5.175884246826172,15.96787166595459,4.797362327575684,residual_add,4,512,kodim13,0.7483816146850586,1500,1500,,22.5666446685791,0.05077516660094261,768,structsplat_quadtree_wse_residual_feature_rel,SS qt-WSE + residual feature-rel cap,StructSplat quadtree-WSE residual-add growth with feature-relative local-radius caps.,same-growth+feature-rel-cap,0.8578129410743713,0.005395019892603159,5000,0.1526014804840088,l1,22.680070877075195,results/init008_feature_rel_caps_difficult4_2026_07_07/reconstructions/kodim13/5000/seed0_structsplat_quadtree_wse_residual_feature_rel.png,cuda,,,,feature_rel,0,results/datasets/abl004/kodak24/kodim13.png,0.6078195571899414,0.3,2500,0.5,2500,ok,False,False,results/init008_feature_rel_caps_difficult4_2026_07_07/targets/kodim13.png,5.545743942260742,768
20.875427176747184,,,5000,768.0,8.386425018310547,30.39940071105957,5.604780912399292,residual_tensor_add,4,512,kodim13,0.7401719093322754,1500,1500,,22.769004821777344,0.05058048665523529,768,structsplat_quadtree_wse_tensor,SS qt-WSE + tensor,StructSplat quadtree-WSE initializer plus tensor-aware residual growth.,tensor-growth,0.8713653683662415,0.0051955170929431915,5000,0.15197515487670898,l1,22.843713760375977,results/init008_feature_rel_caps_difficult4_2026_07_07/reconstructions/kodim13/5000/seed0_structsplat_quadtree_wse_tensor.png,cuda,,,,,0,results/datasets/abl004/kodak24/kodim13.png,0.6203485131263733,0.3,2500,0.5,2500,ok,False,False,results/init008_feature_rel_caps_difficult4_2026_07_07/targets/kodim13.png,6.344952821731567,768
20.33407229817335,,57.599999999999994,5000,57.599998474121094,3.121028423309326,10.7466459274292,4.086836814880371,residual_tensor_add,4,512,kodim13,0.7386925220489502,1500,1500,,21.25897216796875,0.05542292073369026,768,structsplat_quadtree_wse_tensor_featurecap,SS qt-WSE + tensor feature cap,StructSplat quadtree-WSE tensor-aware residual growth with feature-adaptive scale caps.,tensor-growth+feature-cap,0.8285365700721741,0.007134305313229561,5000,0.1764705926179886,l1,21.46648406982422,results/init008_feature_rel_caps_difficult4_2026_07_07/reconstructions/kodim13/5000/seed0_structsplat_quadtree_wse_tensor_featurecap.png,cuda,12.0,57.599999999999994,160.0,feature,0,results/datasets/abl004/kodak24/kodim13.png,0.5775207281112671,0.3,2500,0.5,2500,ok,False,False,results/init008_feature_rel_caps_difficult4_2026_07_07/targets/kodim13.png,4.825529336929321,768
20.640685909187262,,,5000,768.0,5.728684425354004,17.14605712890625,4.764469623565674,residual_tensor_add,4,512,kodim13,0.7320470809936523,1500,1500,,22.538124084472656,0.05108949914574623,768,structsplat_quadtree_wse_tensor_feature_rel,SS qt-WSE + tensor feature-rel cap,StructSplat quadtree-WSE tensor-aware residual growth with feature-relative local-radius caps.,tensor-growth+feature-rel-cap,0.8607344627380371,0.005441358312964439,5000,0.1547686606645584,l1,22.642927169799805,results/init008_feature_rel_caps_difficult4_2026_07_07/reconstructions/kodim13/5000/seed0_structsplat_quadtree_wse_tensor_feature_rel.png,cuda,,,,feature_rel,0,results/datasets/abl004/kodak24/kodim13.png,0.6110212802886963,0.3,2500,0.5,2500,ok,False,False,results/init008_feature_rel_caps_difficult4_2026_07_07/targets/kodim13.png,5.496516704559326,768
22.87623724959706,,,10000,768.0,5.468751907348633,20.077865600585938,5.445410490036011,residual_add,4,512,kodim13,1.020127296447754,1500,1500,,25.370912551879883,0.0382043719291687,768,structsplat_onedge_residual,SS on-edge + residual,StructSplat on-edge initializer under the same residual-add growth as external analogues.,same-growth,0.9242694973945618,0.0028828990180045366,10000,0.11352014541625977,l1,25.40170669555664,results/init008_feature_rel_caps_difficult4_2026_07_07/reconstructions/kodim13/10000/seed0_structsplat_onedge_residual.png,cuda,,,,,0,results/datasets/abl004/kodak24/kodim13.png,0.7379177808761597,0.3,5000,0.5,5000,ok,False,False,results/init008_feature_rel_caps_difficult4_2026_07_07/targets/kodim13.png,6.465537786483765,768
22.44954341025731,,57.599999999999994,10000,57.599998474121094,2.739246368408203,9.729567527770996,4.569548606872559,residual_add,4,512,kodim13,0.981128454208374,1500,1500,,24.7189998626709,0.03949552774429321,768,structsplat_onedge_residual_featurecap,SS on-edge + residual feature cap,StructSplat on-edge residual-add growth with feature-adaptive per-Gaussian scale caps.,same-growth+feature-cap,0.9136705994606018,0.003312112530693412,10000,0.11860805004835129,l1,24.7989501953125,results/init008_feature_rel_caps_difficult4_2026_07_07/reconstructions/kodim13/10000/seed0_structsplat_onedge_residual_featurecap.png,cuda,12.0,57.599999999999994,160.0,feature,0,results/datasets/abl004/kodak24/kodim13.png,0.721501886844635,0.3,5000,0.5,5000,ok,False,False,results/init008_feature_rel_caps_difficult4_2026_07_07/targets/kodim13.png,5.550677061080933,768
22.75309459999293,,,10000,768.0,3.8167226314544678,12.101411819458008,5.056037902832031,residual_add,4,512,kodim13,0.9853291511535645,1500,1500,,25.125694274902344,0.03853367641568184,768,structsplat_onedge_residual_feature_rel,SS on-edge + residual feature-rel cap,StructSplat on-edge residual-add growth with feature-relative local-radius scale caps.,same-growth+feature-rel-cap,0.916795015335083,0.003018037648871541,10000,0.11464498937129974,l1,25.2027530670166,results/init008_feature_rel_caps_difficult4_2026_07_07/reconstructions/kodim13/10000/seed0_structsplat_onedge_residual_feature_rel.png,cuda,,,,feature_rel,0,results/datasets/abl004/kodak24/kodim13.png,0.7313501834869385,0.3,5000,0.5,5000,ok,False,False,results/init008_feature_rel_caps_difficult4_2026_07_07/targets/kodim13.png,6.041367053985596,768
22.813376189391562,,,10000,768.0,6.087894916534424,21.620222091674805,5.666831731796265,residual_tensor_add,4,512,kodim13,1.0018386840820312,1500,1500,,25.27935791015625,0.03861185535788536,768,structsplat_onedge_tensor,SS on-edge + tensor,StructSplat on-edge initializer plus tensor-aware residual growth.,tensor-growth,0.9247782230377197,0.002945682732388377,10000,0.1144065409898758,l1,25.30813980102539,results/init008_feature_rel_caps_difficult4_2026_07_07/reconstructions/kodim13/10000/seed0_structsplat_onedge_tensor.png,cuda,,,,,0,results/datasets/abl004/kodak24/kodim13.png,0.7380511164665222,0.3,5000,0.5,5000,ok,False,False,results/init008_feature_rel_caps_difficult4_2026_07_07/targets/kodim13.png,6.668670415878296,768
22.50825191037189,,57.599999999999994,10000,57.599998474121094,2.8400213718414307,10.0,4.607768535614014,residual_tensor_add,4,512,kodim13,0.9527688026428223,1500,1500,,24.53876495361328,0.04023096337914467,768,structsplat_onedge_tensor_featurecap,SS on-edge + tensor feature cap,StructSplat on-edge tensor-aware residual growth with feature-adaptive scale caps.,tensor-growth+feature-cap,0.910984992980957,0.0034456653520464897,10000,0.12158957868814468,l1,24.627267837524414,results/init008_feature_rel_caps_difficult4_2026_07_07/reconstructions/kodim13/10000/seed0_structsplat_onedge_tensor_featurecap.png,cuda,12.0,57.599999999999994,160.0,feature,0,results/datasets/abl004/kodak24/kodim13.png,0.7190219163894653,0.3,5000,0.5,5000,ok,False,False,results/init008_feature_rel_caps_difficult4_2026_07_07/targets/kodim13.png,5.560537338256836,768
22.67185131783005,,,10000,768.0,4.360479354858398,14.05003547668457,5.164435148239136,residual_tensor_add,4,512,kodim13,1.0280895233154297,1500,1500,,25.248085021972656,0.03854430466890335,768,structsplat_onedge_tensor_feature_rel,SS on-edge + tensor feature-rel cap,StructSplat on-edge tensor-aware residual growth with feature-relative local-radius caps.,tensor-growth+feature-rel-cap,0.9223280549049377,0.002959250705316663,10000,0.11447722464799881,l1,25.288183212280273,results/init008_feature_rel_caps_difficult4_2026_07_07/reconstructions/kodim13/10000/seed0_structsplat_onedge_tensor_feature_rel.png,cuda,,,,feature_rel,0,results/datasets/abl004/kodak24/kodim13.png,0.7351616621017456,0.3,5000,0.5,5000,ok,False,False,results/init008_feature_rel_caps_difficult4_2026_07_07/targets/kodim13.png,6.192524671554565,768
22.790540387902443,,,10000,768.0,5.061033725738525,16.88577651977539,5.337480783462524,residual_add,4,512,kodim13,1.297532320022583,1500,1500,,25.28909683227539,0.03856388106942177,768,structsplat_quadtree_wse_residual,SS qt-WSE + residual,StructSplat quadtree-WSE initializer under the same residual-add growth as external analogues.,same-growth,0.9239892363548279,0.0029391911812126637,10000,0.11457488685846329,l1,25.31772232055664,results/init008_feature_rel_caps_difficult4_2026_07_07/reconstructions/kodim13/10000/seed0_structsplat_quadtree_wse_residual.png,cuda,,,,,0,results/datasets/abl004/kodak24/kodim13.png,0.7364985346794128,0.3,5000,0.5,5000,ok,False,False,results/init008_feature_rel_caps_difficult4_2026_07_07/targets/kodim13.png,6.635013103485107,768
22.442214895201335,,57.599999999999994,10000,57.599998474121094,2.6692581176757812,9.184659004211426,4.566395282745361,residual_add,4,512,kodim13,1.37626051902771,1500,1500,,24.80185317993164,0.03924565762281418,768,structsplat_quadtree_wse_residual_featurecap,SS qt-WSE + residual feature cap,StructSplat quadtree-WSE residual-add growth with feature-adaptive scale caps.,same-growth+feature-cap,0.9132522940635681,0.003253448288887739,10000,0.11730290949344635,l1,24.87656021118164,results/init008_feature_rel_caps_difficult4_2026_07_07/reconstructions/kodim13/10000/seed0_structsplat_quadtree_wse_residual_featurecap.png,cuda,12.0,57.599999999999994,160.0,feature,0,results/datasets/abl004/kodak24/kodim13.png,0.7213348746299744,0.3,5000,0.5,5000,ok,False,False,results/init008_feature_rel_caps_difficult4_2026_07_07/targets/kodim13.png,5.942655801773071,768
22.7682097964958,,,10000,768.0,3.68741512298584,12.113487243652344,5.100383043289185,residual_add,4,512,kodim13,1.3316080570220947,1500,1500,,25.292680740356445,0.03829879313707352,768,structsplat_quadtree_wse_residual_feature_rel,SS qt-WSE + residual feature-rel cap,StructSplat quadtree-WSE residual-add growth with feature-relative local-radius caps.,same-growth+feature-rel-cap,0.920110285282135,0.0029174189548939466,10000,0.1132974624633789,l1,25.350013732910156,results/init008_feature_rel_caps_difficult4_2026_07_07/reconstructions/kodim13/10000/seed0_structsplat_quadtree_wse_residual_feature_rel.png,cuda,,,,feature_rel,0,results/datasets/abl004/kodak24/kodim13.png,0.7311342358589172,0.3,5000,0.5,5000,ok,False,False,results/init008_feature_rel_caps_difficult4_2026_07_07/targets/kodim13.png,6.431991100311279,768
22.77973573123558,,,10000,768.0,5.961899280548096,20.491878509521484,5.4689953327178955,residual_tensor_add,4,512,kodim13,1.290747880935669,1500,1500,,25.249217987060547,0.038747310638427734,768,structsplat_quadtree_wse_tensor,SS qt-WSE + tensor,StructSplat quadtree-WSE initializer plus tensor-aware residual growth.,tensor-growth,0.9229193329811096,0.0029670961666852236,10000,0.11494530737400055,l1,25.276683807373047,results/init008_feature_rel_caps_difficult4_2026_07_07/reconstructions/kodim13/10000/seed0_structsplat_quadtree_wse_tensor.png,cuda,,,,,0,results/datasets/abl004/kodak24/kodim13.png,0.7353682518005371,0.3,5000,0.5,5000,ok,False,False,results/init008_feature_rel_caps_difficult4_2026_07_07/targets/kodim13.png,6.7597432136535645,768
22.484263808827468,,57.599999999999994,10000,57.599998474121094,2.8403584957122803,9.734667778015137,4.565633773803711,residual_tensor_add,4,512,kodim13,1.3106744289398193,1500,1500,,24.77194595336914,0.039686813950538635,768,structsplat_quadtree_wse_tensor_featurecap,SS qt-WSE + tensor feature cap,StructSplat quadtree-WSE tensor-aware residual growth with feature-adaptive scale caps.,tensor-growth+feature-cap,0.9135329723358154,0.003276156960055232,10000,0.11946888267993927,l1,24.84635353088379,results/init008_feature_rel_caps_difficult4_2026_07_07/reconstructions/kodim13/10000/seed0_structsplat_quadtree_wse_tensor_featurecap.png,cuda,12.0,57.599999999999994,160.0,feature,0,results/datasets/abl004/kodak24/kodim13.png,0.7224176526069641,0.3,5000,0.5,5000,ok,False,False,results/init008_feature_rel_caps_difficult4_2026_07_07/targets/kodim13.png,5.87630820274353,768
22.6576484262824,,,10000,768.0,4.150888919830322,13.596817970275879,5.087181806564331,residual_tensor_add,4,512,kodim13,1.3005897998809814,1500,1500,,25.207155227661133,0.03866397216916084,768,structsplat_quadtree_wse_tensor_feature_rel,SS qt-WSE + tensor feature-rel cap,StructSplat quadtree-WSE tensor-aware residual growth with feature-relative local-radius caps.,tensor-growth+feature-rel-cap,0.9215468764305115,0.002988938707858324,10000,0.11476408690214157,l1,25.244831085205078,results/init008_feature_rel_caps_difficult4_2026_07_07/reconstructions/kodim13/10000/seed0_structsplat_quadtree_wse_tensor_feature_rel.png,cuda,,,,feature_rel,0,results/datasets/abl004/kodak24/kodim13.png,0.7335545420646667,0.3,5000,0.5,5000,ok,False,False,results/init008_feature_rel_caps_difficult4_2026_07_07/targets/kodim13.png,6.3877716064453125,768
25.341865709418055,,,2000,768.0,10.739937782287598,39.151123046875,5.3777992725372314,residual_add,4,768,kodim19,0.18497586250305176,1500,1500,,28.324871063232422,0.024211134761571884,768,structsplat_onedge_residual,SS on-edge + residual,StructSplat on-edge initializer under the same residual-add growth as external analogues.,same-growth,0.9111673831939697,0.0014868687139824033,2000,0.08252155780792236,l1,28.277273178100586,results/init008_feature_rel_caps_difficult4_2026_07_07/reconstructions/kodim19/2000/seed0_structsplat_onedge_residual.png,cuda,,,,,0,results/datasets/abl004/kodak24/kodim19.png,0.7725798487663269,0.3,1000,0.5,1000,ok,False,False,results/init008_feature_rel_caps_difficult4_2026_07_07/targets/kodim19.png,5.562775135040283,512
24.16710555131949,,57.599999999999994,2000,57.599998474121094,5.527909278869629,21.55339241027832,3.8963875770568848,residual_add,4,768,kodim19,0.17083072662353516,1500,1500,,24.61028289794922,0.02996709570288658,768,structsplat_onedge_residual_featurecap,SS on-edge + residual feature cap,StructSplat on-edge residual-add growth with feature-adaptive per-Gaussian scale caps.,same-growth+feature-cap,0.8630959987640381,0.0033558376599103212,2000,0.10419923067092896,l1,24.74199104309082,results/init008_feature_rel_caps_difficult4_2026_07_07/reconstructions/kodim19/2000/seed0_structsplat_onedge_residual_featurecap.png,cuda,12.0,57.599999999999994,160.0,feature,0,results/datasets/abl004/kodak24/kodim19.png,0.7305405735969543,0.3,1000,0.5,1000,ok,False,False,results/init008_feature_rel_caps_difficult4_2026_07_07/targets/kodim19.png,4.06721830368042,512
25.30106188854907,,,2000,768.0,10.003912925720215,34.72624206542969,5.366614580154419,residual_add,4,768,kodim19,0.18548250198364258,1500,1500,,27.23862075805664,0.025775015354156494,768,structsplat_onedge_residual_feature_rel,SS on-edge + residual feature-rel cap,StructSplat on-edge residual-add growth with feature-relative local-radius scale caps.,same-growth+feature-rel-cap,0.9003548622131348,0.0018959306180477142,2000,0.08805333077907562,l1,27.22177505493164,results/init008_feature_rel_caps_difficult4_2026_07_07/reconstructions/kodim19/2000/seed0_structsplat_onedge_residual_feature_rel.png,cuda,,,,feature_rel,0,results/datasets/abl004/kodak24/kodim19.png,0.7564145922660828,0.3,1000,0.5,1000,ok,False,False,results/init008_feature_rel_caps_difficult4_2026_07_07/targets/kodim19.png,5.5520970821380615,512
25.400119273800943,,,2000,768.0,11.062199592590332,37.590091705322266,5.386737108230591,residual_tensor_add,4,768,kodim19,0.20342659950256348,1500,1500,,28.32646942138672,0.024188995361328125,768,structsplat_onedge_tensor,SS on-edge + tensor,StructSplat on-edge initializer plus tensor-aware residual growth.,tensor-growth,0.9121077060699463,0.0014877461362630129,2000,0.08261837065219879,l1,28.27471160888672,results/init008_feature_rel_caps_difficult4_2026_07_07/reconstructions/kodim19/2000/seed0_structsplat_onedge_tensor.png,cuda,,,,,0,results/datasets/abl004/kodak24/kodim19.png,0.7739704251289368,0.3,1000,0.5,1000,ok,False,False,results/init008_feature_rel_caps_difficult4_2026_07_07/targets/kodim19.png,5.590163707733154,512
24.118831887731876,,57.599999999999994,2000,57.599998474121094,5.945720195770264,21.254804611206055,3.8951339721679688,residual_tensor_add,4,768,kodim19,0.17702913284301758,1500,1500,,24.211986541748047,0.030558938160538673,768,structsplat_onedge_tensor_featurecap,SS on-edge + tensor feature cap,StructSplat on-edge tensor-aware residual growth with feature-adaptive scale caps.,tensor-growth+feature-cap,0.8614838123321533,0.003659916343167424,2000,0.10699325054883957,l1,24.36528968811035,results/init008_feature_rel_caps_difficult4_2026_07_07/reconstructions/kodim19/2000/seed0_structsplat_onedge_tensor_featurecap.png,cuda,12.0,57.599999999999994,160.0,feature,0,results/datasets/abl004/kodak24/kodim19.png,0.7298925518989563,0.3,1000,0.5,1000,ok,False,False,results/init008_feature_rel_caps_difficult4_2026_07_07/targets/kodim19.png,4.072163105010986,512
25.365195993266955,,,2000,768.0,10.926911354064941,37.04889678955078,5.422698974609375,residual_tensor_add,4,768,kodim19,0.19934868812561035,1500,1500,,27.750446319580078,0.025000469759106636,768,structsplat_onedge_tensor_feature_rel,SS on-edge + tensor feature-rel cap,StructSplat on-edge tensor-aware residual growth with feature-relative local-radius caps.,tensor-growth+feature-rel-cap,0.9033656120300293,0.0016847088700160384,2000,0.08547105640172958,l1,27.734752655029297,results/init008_feature_rel_caps_difficult4_2026_07_07/reconstructions/kodim19/2000/seed0_structsplat_onedge_tensor_feature_rel.png,cuda,,,,feature_rel,0,results/datasets/abl004/kodak24/kodim19.png,0.7600361704826355,0.3,1000,0.5,1000,ok,False,False,results/init008_feature_rel_caps_difficult4_2026_07_07/targets/kodim19.png,5.622047662734985,512
25.572448049091037,,,2000,768.0,9.923863410949707,34.09922790527344,5.424263954162598,residual_add,4,768,kodim19,0.37528443336486816,1500,1500,,28.18657684326172,0.02457602322101593,768,structsplat_quadtree_wse_residual,SS qt-WSE + residual,StructSplat quadtree-WSE initializer under the same residual-add growth as external analogues.,same-growth,0.9031612277030945,0.001534191076643765,2000,0.0829574316740036,l1,28.141204833984375,results/init008_feature_rel_caps_difficult4_2026_07_07/reconstructions/kodim19/2000/seed0_structsplat_quadtree_wse_residual.png,cuda,,,,,0,results/datasets/abl004/kodak24/kodim19.png,0.7674477696418762,0.3,1000,0.5,1000,ok,False,False,results/init008_feature_rel_caps_difficult4_2026_07_07/targets/kodim19.png,5.799548387527466,512
24.07255416396779,,57.599999999999994,2000,57.599998474121094,5.083754062652588,19.233896255493164,3.867098569869995,residual_add,4,768,kodim19,0.34068942070007324,1500,1500,,24.21306800842285,0.031192217022180557,768,structsplat_quadtree_wse_residual_featurecap,SS qt-WSE + residual feature cap,StructSplat quadtree-WSE residual-add growth with feature-adaptive scale caps.,same-growth+feature-cap,0.8554205298423767,0.003593767760321498,2000,0.10923163592815399,l1,24.444501876831055,results/init008_feature_rel_caps_difficult4_2026_07_07/reconstructions/kodim19/2000/seed0_structsplat_quadtree_wse_residual_featurecap.png,cuda,12.0,57.599999999999994,160.0,feature,0,results/datasets/abl004/kodak24/kodim19.png,0.7350195050239563,0.3,1000,0.5,1000,ok,False,False,results/init008_feature_rel_caps_difficult4_2026_07_07/targets/kodim19.png,4.207787990570068,512
25.553927816018174,,,2000,768.0,8.5309476852417,27.973148345947266,5.266119956970215,residual_add,4,768,kodim19,0.3364710807800293,1500,1500,,27.41157341003418,0.025942984968423843,768,structsplat_quadtree_wse_residual_feature_rel,SS qt-WSE + residual feature-rel cap,StructSplat quadtree-WSE residual-add growth with feature-relative local-radius caps.,same-growth+feature-rel-cap,0.8959138989448547,0.00182717340067029,2000,0.08810993283987045,l1,27.3822021484375,results/init008_feature_rel_caps_difficult4_2026_07_07/reconstructions/kodim19/2000/seed0_structsplat_quadtree_wse_residual_feature_rel.png,cuda,,,,feature_rel,0,results/datasets/abl004/kodak24/kodim19.png,0.7557810544967651,0.3,1000,0.5,1000,ok,False,False,results/init008_feature_rel_caps_difficult4_2026_07_07/targets/kodim19.png,5.602591037750244,512
25.277723944131495,,,2000,768.0,10.633359909057617,37.37151336669922,5.560380697250366,residual_tensor_add,4,768,kodim19,0.3520967960357666,1500,1500,,27.857667922973633,0.025410426780581474,768,structsplat_quadtree_wse_tensor,SS qt-WSE + tensor,StructSplat quadtree-WSE initializer plus tensor-aware residual growth.,tensor-growth,0.9022650718688965,0.0016590250888839364,2000,0.08630575984716415,l1,27.801471710205078,results/init008_feature_rel_caps_difficult4_2026_07_07/reconstructions/kodim19/2000/seed0_structsplat_quadtree_wse_tensor.png,cuda,,,,,0,results/datasets/abl004/kodak24/kodim19.png,0.7592287659645081,0.3,1000,0.5,1000,ok,False,False,results/init008_feature_rel_caps_difficult4_2026_07_07/targets/kodim19.png,5.912477493286133,512
24.07841633827866,,57.599999999999994,2000,57.599998474121094,5.36246919631958,19.404197692871094,3.872927188873291,residual_tensor_add,4,768,kodim19,0.33933162689208984,1500,1500,,23.63729476928711,0.03233012557029724,768,structsplat_quadtree_wse_tensor_featurecap,SS qt-WSE + tensor feature cap,StructSplat quadtree-WSE tensor-aware residual growth with feature-adaptive scale caps.,tensor-growth+feature-cap,0.8493010997772217,0.0041641187854111195,2000,0.11518844217061996,l1,23.80476951599121,results/init008_feature_rel_caps_difficult4_2026_07_07/reconstructions/kodim19/2000/seed0_structsplat_quadtree_wse_tensor_featurecap.png,cuda,12.0,57.599999999999994,160.0,feature,0,results/datasets/abl004/kodak24/kodim19.png,0.7280941605567932,0.3,1000,0.5,1000,ok,False,False,results/init008_feature_rel_caps_difficult4_2026_07_07/targets/kodim19.png,4.212258815765381,512
25.514608824070173,,,2000,768.0,9.4125394821167,30.333494186401367,5.351122617721558,residual_tensor_add,4,768,kodim19,0.3385615348815918,1500,1500,,28.083160400390625,0.024760045111179352,768,structsplat_quadtree_wse_tensor_feature_rel,SS qt-WSE + tensor feature-rel cap,StructSplat quadtree-WSE tensor-aware residual growth with feature-relative local-radius caps.,tensor-growth+feature-rel-cap,0.9032381176948547,0.0015678087947890162,2000,0.08320960402488708,l1,28.047069549560547,results/init008_feature_rel_caps_difficult4_2026_07_07/reconstructions/kodim19/2000/seed0_structsplat_quadtree_wse_tensor_feature_rel.png,cuda,,,,feature_rel,0,results/datasets/abl004/kodak24/kodim19.png,0.7668406367301941,0.3,1000,0.5,1000,ok,False,False,results/init008_feature_rel_caps_difficult4_2026_07_07/targets/kodim19.png,5.689684152603149,512
28.450739562789785,,,5000,768.0,8.61086654663086,33.05991744995117,5.965545892715454,residual_add,4,768,kodim19,0.44965529441833496,1500,1500,,31.681293487548828,0.017576422542333603,768,structsplat_onedge_residual,SS on-edge + residual,StructSplat on-edge initializer under the same residual-add growth as external analogues.,same-growth,0.9577240347862244,0.0007032922585494816,5000,0.05916574224829674,l1,31.528642654418945,results/init008_feature_rel_caps_difficult4_2026_07_07/reconstructions/kodim19/5000/seed0_structsplat_onedge_residual.png,cuda,,,,,0,results/datasets/abl004/kodak24/kodim19.png,0.8517497181892395,0.3,2500,0.5,2500,ok,False,False,results/init008_feature_rel_caps_difficult4_2026_07_07/targets/kodim19.png,6.415201187133789,512
27.92625851596173,,57.599999999999994,5000,57.599998474121094,5.229389667510986,20.487071990966797,4.3671956062316895,residual_add,4,768,kodim19,0.4370918273925781,1500,1500,,30.96277618408203,0.018225278705358505,768,structsplat_onedge_residual_featurecap,SS on-edge + residual feature cap,StructSplat on-edge residual-add growth with feature-adaptive per-Gaussian scale caps.,same-growth+feature-cap,0.950833797454834,0.0008158665150403976,5000,0.061842065304517746,l1,30.88381004333496,results/init008_feature_rel_caps_difficult4_2026_07_07/reconstructions/kodim19/5000/seed0_structsplat_onedge_residual_featurecap.png,cuda,12.0,57.599999999999994,160.0,feature,0,results/datasets/abl004/kodak24/kodim19.png,0.8433939218521118,0.3,2500,0.5,2500,ok,False,False,results/init008_feature_rel_caps_difficult4_2026_07_07/targets/kodim19.png,4.804287433624268,512
28.48036329041647,,,5000,768.0,7.447638988494873,28.680999755859375,5.908492803573608,residual_add,4,768,kodim19,0.4438447952270508,1500,1500,,31.747161865234375,0.017392197623848915,768,structsplat_onedge_residual_feature_rel,SS on-edge + residual feature-rel cap,StructSplat on-edge residual-add growth with feature-relative local-radius scale caps.,same-growth+feature-rel-cap,0.9586337208747864,0.000693405163474381,5000,0.05872895196080208,l1,31.590129852294922,results/init008_feature_rel_caps_difficult4_2026_07_07/reconstructions/kodim19/5000/seed0_structsplat_onedge_residual_feature_rel.png,cuda,,,,feature_rel,0,results/datasets/abl004/kodak24/kodim19.png,0.8529986143112183,0.3,2500,0.5,2500,ok,False,False,results/init008_feature_rel_caps_difficult4_2026_07_07/targets/kodim19.png,6.352337598800659,512
28.427829455502277,,,5000,768.0,8.976609230041504,33.55548858642578,5.99246621131897,residual_tensor_add,4,768,kodim19,0.43880605697631836,1500,1500,,31.61043357849121,0.01765979267656803,768,structsplat_onedge_tensor,SS on-edge + tensor,StructSplat on-edge initializer plus tensor-aware residual growth.,tensor-growth,0.957139790058136,0.0007149818120524287,5000,0.05990422144532204,l1,31.45705223083496,results/init008_feature_rel_caps_difficult4_2026_07_07/reconstructions/kodim19/5000/seed0_structsplat_onedge_tensor.png,cuda,,,,,0,results/datasets/abl004/kodak24/kodim19.png,0.8506079316139221,0.3,2500,0.5,2500,ok,False,False,results/init008_feature_rel_caps_difficult4_2026_07_07/targets/kodim19.png,6.431272268295288,512
28.118721926347504,,57.599999999999994,5000,57.599998474121094,5.4766316413879395,20.762237548828125,4.419107437133789,residual_tensor_add,4,768,kodim19,0.4556717872619629,1500,1500,,31.02045440673828,0.018223021179437637,768,structsplat_onedge_tensor_featurecap,SS on-edge + tensor feature cap,StructSplat on-edge tensor-aware residual growth with feature-adaptive scale caps.,tensor-growth+feature-cap,0.9533819556236267,0.000811697740573436,5000,0.06167830526828766,l1,30.906057357788086,results/init008_feature_rel_caps_difficult4_2026_07_07/reconstructions/kodim19/5000/seed0_structsplat_onedge_tensor_featurecap.png,cuda,12.0,57.599999999999994,160.0,feature,0,results/datasets/abl004/kodak24/kodim19.png,0.844245433807373,0.3,2500,0.5,2500,ok,False,False,results/init008_feature_rel_caps_difficult4_2026_07_07/targets/kodim19.png,4.874779224395752,512
28.322480173091876,,,5000,768.0,7.984012126922607,29.482139587402344,5.877068519592285,residual_tensor_add,4,768,kodim19,0.4812159538269043,1500,1500,,31.560976028442383,0.01771942712366581,768,structsplat_onedge_tensor_feature_rel,SS on-edge + tensor feature-rel cap,StructSplat on-edge tensor-aware residual growth with feature-relative local-radius caps.,tensor-growth+feature-rel-cap,0.956859827041626,0.0007234944496303797,5000,0.060173001140356064,l1,31.405649185180664,results/init008_feature_rel_caps_difficult4_2026_07_07/reconstructions/kodim19/5000/seed0_structsplat_onedge_tensor_feature_rel.png,cuda,,,,feature_rel,0,results/datasets/abl004/kodak24/kodim19.png,0.8507235050201416,0.3,2500,0.5,2500,ok,False,False,results/init008_feature_rel_caps_difficult4_2026_07_07/targets/kodim19.png,6.3582844734191895,512
28.294312240442807,,,5000,768.0,7.915709018707275,31.445770263671875,5.811304569244385,residual_add,4,768,kodim19,0.7424719333648682,1500,1500,,31.572460174560547,0.017738157883286476,768,structsplat_quadtree_wse_residual,SS qt-WSE + residual,StructSplat quadtree-WSE initializer under the same residual-add growth as external analogues.,same-growth,0.9561150670051575,0.000717275426723063,5000,0.05987704545259476,l1,31.44314193725586,results/init008_feature_rel_caps_difficult4_2026_07_07/reconstructions/kodim19/5000/seed0_structsplat_quadtree_wse_residual.png,cuda,,,,,0,results/datasets/abl004/kodak24/kodim19.png,0.849075198173523,0.3,2500,0.5,2500,ok,False,False,results/init008_feature_rel_caps_difficult4_2026_07_07/targets/kodim19.png,6.553776502609253,512
28.017727183214102,,57.599999999999994,5000,57.599998474121094,5.2321271896362305,19.761194229125977,4.365174770355225,residual_add,4,768,kodim19,0.8053991794586182,1500,1500,,30.68967056274414,0.01829513907432556,768,structsplat_quadtree_wse_residual_featurecap,SS qt-WSE + residual feature cap,StructSplat quadtree-WSE residual-add growth with feature-adaptive scale caps.,same-growth+feature-cap,0.9506583213806152,0.0008657696307636797,5000,0.061666470021009445,l1,30.6259765625,results/init008_feature_rel_caps_difficult4_2026_07_07/reconstructions/kodim19/5000/seed0_structsplat_quadtree_wse_residual_featurecap.png,cuda,12.0,57.599999999999994,160.0,feature,0,results/datasets/abl004/kodak24/kodim19.png,0.8438844680786133,0.3,2500,0.5,2500,ok,False,False,results/init008_feature_rel_caps_difficult4_2026_07_07/targets/kodim19.png,5.170573949813843,512
28.301363324705484,,,5000,768.0,6.83090353012085,26.092947006225586,5.786879301071167,residual_add,4,768,kodim19,0.7561817169189453,1500,1500,,31.544343948364258,0.017797214910387993,768,structsplat_quadtree_wse_residual_feature_rel,SS qt-WSE + residual feature-rel cap,StructSplat quadtree-WSE residual-add growth with feature-relative local-radius caps.,same-growth+feature-rel-cap,0.9546818733215332,0.0007230876944959164,5000,0.06010429561138153,l1,31.408092498779297,results/init008_feature_rel_caps_difficult4_2026_07_07/reconstructions/kodim19/5000/seed0_structsplat_quadtree_wse_residual_feature_rel.png,cuda,,,,feature_rel,0,results/datasets/abl004/kodak24/kodim19.png,0.8471292853355408,0.3,2500,0.5,2500,ok,False,False,results/init008_feature_rel_caps_difficult4_2026_07_07/targets/kodim19.png,6.543061017990112,512
28.186323286772886,,,5000,768.0,8.322782516479492,31.99403953552246,5.896812438964844,residual_tensor_add,4,768,kodim19,0.7429401874542236,1500,1500,,31.422006607055664,0.01793345995247364,768,structsplat_quadtree_wse_tensor,SS qt-WSE + tensor,StructSplat quadtree-WSE initializer plus tensor-aware residual growth.,tensor-growth,0.9553288817405701,0.0007421293994411826,5000,0.060679227113723755,l1,31.295204162597656,results/init008_feature_rel_caps_difficult4_2026_07_07/reconstructions/kodim19/5000/seed0_structsplat_quadtree_wse_tensor.png,cuda,,,,,0,results/datasets/abl004/kodak24/kodim19.png,0.8476665616035461,0.3,2500,0.5,2500,ok,False,False,results/init008_feature_rel_caps_difficult4_2026_07_07/targets/kodim19.png,6.639752626419067,512
28.152450071644036,,57.599999999999994,5000,57.599998474121094,5.383712291717529,19.991905212402344,4.352972507476807,residual_tensor_add,4,768,kodim19,0.7607147693634033,1500,1500,,30.797710418701172,0.018350031226873398,768,structsplat_quadtree_wse_tensor_featurecap,SS qt-WSE + tensor feature cap,StructSplat quadtree-WSE tensor-aware residual growth with feature-adaptive scale caps.,tensor-growth+feature-cap,0.9487128257751465,0.000846213020849973,5000,0.06162405014038086,l1,30.725204467773438,results/init008_feature_rel_caps_difficult4_2026_07_07/reconstructions/kodim19/5000/seed0_structsplat_quadtree_wse_tensor_featurecap.png,cuda,12.0,57.599999999999994,160.0,feature,0,results/datasets/abl004/kodak24/kodim19.png,0.8440549373626709,0.3,2500,0.5,2500,ok,False,False,results/init008_feature_rel_caps_difficult4_2026_07_07/targets/kodim19.png,5.11368727684021,512
28.254890763179073,,,5000,768.0,7.428460597991943,26.323387145996094,5.862283706665039,residual_tensor_add,4,768,kodim19,0.7402868270874023,1500,1500,,31.51677131652832,0.017742333933711052,768,structsplat_quadtree_wse_tensor_feature_rel,SS qt-WSE + tensor feature-rel cap,StructSplat quadtree-WSE tensor-aware residual growth with feature-relative local-radius caps.,tensor-growth+feature-rel-cap,0.9551494717597961,0.0007277000113390386,5000,0.05978424847126007,l1,31.380477905273438,results/init008_feature_rel_caps_difficult4_2026_07_07/reconstructions/kodim19/5000/seed0_structsplat_quadtree_wse_tensor_feature_rel.png,cuda,,,,feature_rel,0,results/datasets/abl004/kodak24/kodim19.png,0.8491463661193848,0.3,2500,0.5,2500,ok,False,False,results/init008_feature_rel_caps_difficult4_2026_07_07/targets/kodim19.png,6.602570533752441,512
30.942988792684094,,,10000,768.0,7.251523971557617,29.579181671142578,6.433747053146362,residual_add,4,768,kodim19,1.1122496128082275,1500,1500,,34.60116958618164,0.013141239061951637,768,structsplat_onedge_residual,SS on-edge + residual,StructSplat on-edge initializer under the same residual-add growth as external analogues.,same-growth,0.9814293384552002,0.00036751391598954797,10000,0.0422346368432045,l1,34.34726333618164,results/init008_feature_rel_caps_difficult4_2026_07_07/reconstructions/kodim19/10000/seed0_structsplat_onedge_residual.png,cuda,,,,,0,results/datasets/abl004/kodak24/kodim19.png,0.9110988974571228,0.3,5000,0.5,5000,ok,False,False,results/init008_feature_rel_caps_difficult4_2026_07_07/targets/kodim19.png,7.54599666595459,512
30.489704228783545,,57.599999999999994,10000,57.599998474121094,4.774853229522705,19.437007904052734,5.044484376907349,residual_add,4,768,kodim19,1.153088092803955,1500,1500,,34.36057662963867,0.013359550386667252,768,structsplat_onedge_residual_featurecap,SS on-edge + residual feature cap,StructSplat on-edge residual-add growth with feature-adaptive per-Gaussian scale caps.,same-growth+feature-cap,0.9796702265739441,0.00038620183477178216,10000,0.04332876205444336,l1,34.131858825683594,results/init008_feature_rel_caps_difficult4_2026_07_07/reconstructions/kodim19/10000/seed0_structsplat_onedge_residual_featurecap.png,cuda,12.0,57.599999999999994,160.0,feature,0,results/datasets/abl004/kodak24/kodim19.png,0.9069644212722778,0.3,5000,0.5,5000,ok,False,False,results/init008_feature_rel_caps_difficult4_2026_07_07/targets/kodim19.png,6.197572469711304,512
30.95957673017465,,,10000,768.0,6.295446872711182,26.075199127197266,6.506627082824707,residual_add,4,768,kodim19,1.2109713554382324,1500,1500,,34.63521957397461,0.013092737644910812,768,structsplat_onedge_residual_feature_rel,SS on-edge + residual feature-rel cap,StructSplat on-edge residual-add growth with feature-relative local-radius scale caps.,same-growth+feature-rel-cap,0.9814008474349976,0.00036521407309919596,10000,0.04227929189801216,l1,34.37452697753906,results/init008_feature_rel_caps_difficult4_2026_07_07/reconstructions/kodim19/10000/seed0_structsplat_onedge_residual_feature_rel.png,cuda,,,,feature_rel,0,results/datasets/abl004/kodak24/kodim19.png,0.9102280139923096,0.3,5000,0.5,5000,ok,False,False,results/init008_feature_rel_caps_difficult4_2026_07_07/targets/kodim19.png,7.7175984382629395,512
30.847770457429995,,,10000,768.0,7.7162652015686035,30.822969436645508,6.532825231552124,residual_tensor_add,4,768,kodim19,1.041748285293579,1500,1500,,34.50111770629883,0.013242107816040516,768,structsplat_onedge_tensor,SS on-edge + tensor,StructSplat on-edge initializer plus tensor-aware residual growth.,tensor-growth,0.9813276529312134,0.00037576016620732844,10000,0.042863182723522186,l1,34.250892639160156,results/init008_feature_rel_caps_difficult4_2026_07_07/reconstructions/kodim19/10000/seed0_structsplat_onedge_tensor.png,cuda,,,,,0,results/datasets/abl004/kodak24/kodim19.png,0.9101965427398682,0.3,5000,0.5,5000,ok,False,False,results/init008_feature_rel_caps_difficult4_2026_07_07/targets/kodim19.png,7.574573516845703,512
30.52710549683472,,57.599999999999994,10000,57.599998474121094,4.920419692993164,18.963525772094727,5.064781427383423,residual_tensor_add,4,768,kodim19,1.2460393905639648,1500,1500,,34.22324752807617,0.013444261625409126,768,structsplat_onedge_tensor_featurecap,SS on-edge + tensor feature cap,StructSplat on-edge tensor-aware residual growth with feature-adaptive scale caps.,tensor-growth+feature-cap,0.9794117212295532,0.00039622109034098685,10000,0.04367758333683014,l1,34.02062225341797,results/init008_feature_rel_caps_difficult4_2026_07_07/reconstructions/kodim19/10000/seed0_structsplat_onedge_tensor_featurecap.png,cuda,12.0,57.599999999999994,160.0,feature,0,results/datasets/abl004/kodak24/kodim19.png,0.9060460329055786,0.3,5000,0.5,5000,ok,False,False,results/init008_feature_rel_caps_difficult4_2026_07_07/targets/kodim19.png,6.310820817947388,512
30.82302892391009,,,10000,768.0,6.89906644821167,27.999589920043945,6.622007846832275,residual_tensor_add,4,768,kodim19,1.0926620960235596,1500,1500,,34.55200958251953,0.013208415359258652,768,structsplat_onedge_tensor_feature_rel,SS on-edge + tensor feature-rel cap,StructSplat on-edge tensor-aware residual growth with feature-relative local-radius caps.,tensor-growth+feature-rel-cap,0.9811022877693176,0.0003719916276168078,10000,0.04259020462632179,l1,34.29467010498047,results/init008_feature_rel_caps_difficult4_2026_07_07/reconstructions/kodim19/10000/seed0_structsplat_onedge_tensor_feature_rel.png,cuda,,,,feature_rel,0,results/datasets/abl004/kodak24/kodim19.png,0.9096969962120056,0.3,5000,0.5,5000,ok,False,False,results/init008_feature_rel_caps_difficult4_2026_07_07/targets/kodim19.png,7.714669942855835,512
31.017544192262616,,,10000,768.0,7.09303092956543,28.7392578125,6.6114795207977295,residual_add,4,768,kodim19,1.4002304077148438,1500,1500,,34.68449401855469,0.013113398104906082,768,structsplat_quadtree_wse_residual,SS qt-WSE + residual,StructSplat quadtree-WSE initializer under the same residual-add growth as external analogues.,same-growth,0.9808993935585022,0.0003603113873396069,10000,0.04153953865170479,l1,34.43321990966797,results/init008_feature_rel_caps_difficult4_2026_07_07/reconstructions/kodim19/10000/seed0_structsplat_quadtree_wse_residual.png,cuda,,,,,0,results/datasets/abl004/kodak24/kodim19.png,0.9105885624885559,0.3,5000,0.5,5000,ok,False,False,results/init008_feature_rel_caps_difficult4_2026_07_07/targets/kodim19.png,8.011709928512573,512
30.579289439521368,,57.599999999999994,10000,57.599998474121094,4.5645833015441895,18.061006546020508,4.929354906082153,residual_add,4,768,kodim19,1.3654942512512207,1500,1500,,34.40248107910156,0.01334096398204565,768,structsplat_quadtree_wse_residual_featurecap,SS qt-WSE + residual feature cap,StructSplat quadtree-WSE residual-add growth with feature-adaptive scale caps.,same-growth+feature-cap,0.9788632392883301,0.00038222441799007356,10000,0.04259615018963814,l1,34.17681884765625,results/init008_feature_rel_caps_difficult4_2026_07_07/reconstructions/kodim19/10000/seed0_structsplat_quadtree_wse_residual_featurecap.png,cuda,12.0,57.599999999999994,160.0,feature,0,results/datasets/abl004/kodak24/kodim19.png,0.90669846534729,0.3,5000,0.5,5000,ok,False,False,results/init008_feature_rel_caps_difficult4_2026_07_07/targets/kodim19.png,6.294849157333374,512
31.035037578305378,,,10000,768.0,5.836679458618164,23.33860206604004,6.451783895492554,residual_add,4,768,kodim19,1.3080968856811523,1500,1500,,34.69451904296875,0.013168673031032085,768,structsplat_quadtree_wse_residual_feature_rel,SS qt-WSE + residual feature-rel cap,StructSplat quadtree-WSE residual-add growth with feature-relative local-radius caps.,same-growth+feature-rel-cap,0.9805836081504822,0.00035976944491267204,10000,0.04154786095023155,l1,34.43975830078125,results/init008_feature_rel_caps_difficult4_2026_07_07/reconstructions/kodim19/10000/seed0_structsplat_quadtree_wse_residual_feature_rel.png,cuda,,,,feature_rel,0,results/datasets/abl004/kodak24/kodim19.png,0.9100927710533142,0.3,5000,0.5,5000,ok,False,False,results/init008_feature_rel_caps_difficult4_2026_07_07/targets/kodim19.png,7.759880781173706,512
30.945704100687077,,,10000,768.0,7.263182640075684,27.604839324951172,6.601401090621948,residual_tensor_add,4,768,kodim19,1.3414225578308105,1500,1500,,34.517616271972656,0.013310333713889122,768,structsplat_quadtree_wse_tensor,SS qt-WSE + tensor,StructSplat quadtree-WSE initializer plus tensor-aware residual growth.,tensor-growth,0.9802497625350952,0.00037400127621367574,10000,0.04249497503042221,l1,34.271270751953125,results/init008_feature_rel_caps_difficult4_2026_07_07/reconstructions/kodim19/10000/seed0_structsplat_quadtree_wse_tensor.png,cuda,,,,,0,results/datasets/abl004/kodak24/kodim19.png,0.909087061882019,0.3,5000,0.5,5000,ok,False,False,results/init008_feature_rel_caps_difficult4_2026_07_07/targets/kodim19.png,7.942823648452759,512
30.63712118656497,,57.599999999999994,10000,57.599998474121094,4.7463579177856445,18.50583267211914,4.978652238845825,residual_tensor_add,4,768,kodim19,1.4084877967834473,1500,1500,,34.360687255859375,0.013461384922266006,768,structsplat_quadtree_wse_tensor_featurecap,SS qt-WSE + tensor feature cap,StructSplat quadtree-WSE tensor-aware residual growth with feature-adaptive scale caps.,tensor-growth+feature-cap,0.9789164662361145,0.00038660052814520895,10000,0.04314378276467323,l1,34.127376556396484,results/init008_feature_rel_caps_difficult4_2026_07_07/reconstructions/kodim19/10000/seed0_structsplat_quadtree_wse_tensor_featurecap.png,cuda,12.0,57.599999999999994,160.0,feature,0,results/datasets/abl004/kodak24/kodim19.png,0.9056797027587891,0.3,5000,0.5,5000,ok,False,False,results/init008_feature_rel_caps_difficult4_2026_07_07/targets/kodim19.png,6.3871400356292725,512
30.82514164971065,,,10000,768.0,6.15563440322876,23.984407424926758,6.436187744140625,residual_tensor_add,4,768,kodim19,1.3331663608551025,1500,1500,,34.28452682495117,0.013231858611106873,768,structsplat_quadtree_wse_tensor_feature_rel,SS qt-WSE + tensor feature-rel cap,StructSplat quadtree-WSE tensor-aware residual growth with feature-relative local-radius caps.,tensor-growth+feature-rel-cap,0.9798957705497742,0.0003917121503036469,10000,0.04215555265545845,l1,34.07032775878906,results/init008_feature_rel_caps_difficult4_2026_07_07/reconstructions/kodim19/10000/seed0_structsplat_quadtree_wse_tensor_feature_rel.png,cuda,,,,feature_rel,0,results/datasets/abl004/kodak24/kodim19.png,0.9087156653404236,0.3,5000,0.5,5000,ok,False,False,results/init008_feature_rel_caps_difficult4_2026_07_07/targets/kodim19.png,7.7693541049957275,512
