adaptive_count,auc_psnr,color_solve_every,color_solve_schedule,error,feature_cap_px,final_budget,final_scale_max,final_scale_mean,final_scale_p95,fit_seconds,growth_rule,growth_waves,height,image,init_seconds,iterations_run,iters,loss_weight_beta,loss_weighting,lpips,luma_psnr,mae,max_side,method,method_label,method_note,method_track,ms_ssim,mse,n_gaussians,p95_abs_error,pixel_loss,psnr,reconstruction_path,relocate_count_per_event,relocate_fraction,relocate_residual_downsample,relocate_rule,renderer,scale_cap_input,scale_cap_max,scale_cap_reference_side,scale_cap_rule,seed,source_path,ssim,ssim_weight,start_budget,start_fraction,start_gaussians,status,stopped_early,support_fade,target_path,total_seconds,variant_max_gaussians,width
False,24.44284215288793,,none,,12.0,640,12.0,2.895251989364624,9.432127952575684,1.797135829925537,residual_tensor_add,5,120,COCO_train2014_000000000009,0.06287288665771484,500,500,1.0,none,,28.66484832763672,0.026129990816116333,160,structsplat_best_default,SS best default,"Pinned current Gaussian-image winner: aniso_onedge + WSE, feature cap 12@160, tensor-aware residual growth, 5 growth waves, L1 + 0.3 SSIM.",best-default,0.9832349419593811,0.0017915957141667604,640,0.09379499405622482,l1,27.46759796142578,results/fair_gaussian_variants_20260710_full_external_same_hparams/reconstructions/COCO_train2014_000000000009/640/seed0_structsplat_best_default.png,,,,,cuda,12.0,12.0,160.0,feature,0,tests/test_images/COCO_train2014_000000000009.jpg,0.9056954979896545,0.3,320,0.5,320,ok,False,False,results/fair_gaussian_variants_20260710_full_external_same_hparams/targets/COCO_train2014_000000000009.png,1.860008716583252,,160
False,24.353393434283728,,none,,12.0,640,12.0,2.9282538890838623,9.67448616027832,1.0785496234893799,residual_tensor_add,5,120,COCO_train2014_000000000009,0.05380964279174805,500,500,1.0,none,,28.319828033447266,0.026073498651385307,160,structsplat_best_ssim010,SS best + SSIM 0.10,Best default geometry/growth with SSIM weight lowered to 0.10 for lower pixel diff.,best-loss-sweep,0.9809987545013428,0.001903248718008399,640,0.09729422628879547,l1,27.205045700073242,results/fair_gaussian_variants_20260710_full_external_same_hparams/reconstructions/COCO_train2014_000000000009/640/seed0_structsplat_best_ssim010.png,,,,,cuda,12.0,12.0,160.0,feature,0,tests/test_images/COCO_train2014_000000000009.jpg,0.8935073018074036,0.1,320,0.5,320,ok,False,False,results/fair_gaussian_variants_20260710_full_external_same_hparams/targets/COCO_train2014_000000000009.png,1.132359266281128,,160
False,23.947524672758604,,none,,12.0,640,12.0,3.0048298835754395,9.20430850982666,0.7880430221557617,residual_tensor_add,5,120,COCO_train2014_000000000009,0.05001211166381836,500,500,1.0,none,,27.717435836791992,0.027081454172730446,160,structsplat_best_l1_only,SS best + L1 only,Best default geometry/growth with pure L1 pixel loss and no SSIM term.,best-loss-sweep,0.9746109843254089,0.002222039271146059,640,0.10397123545408249,l1,26.532482147216797,results/fair_gaussian_variants_20260710_full_external_same_hparams/reconstructions/COCO_train2014_000000000009/640/seed0_structsplat_best_l1_only.png,,,,,cuda,12.0,12.0,160.0,feature,0,tests/test_images/COCO_train2014_000000000009.jpg,0.8657265901565552,0.0,320,0.5,320,ok,False,False,results/fair_gaussian_variants_20260710_full_external_same_hparams/targets/COCO_train2014_000000000009.png,0.8380551338195801,,160
False,24.394420403994634,,none,,12.0,640,12.0,2.939629316329956,9.793583869934082,1.098592758178711,residual_tensor_add,5,120,COCO_train2014_000000000009,0.049215078353881836,500,500,1.0,none,,28.353626251220703,0.025843460112810135,160,structsplat_best_charbonnier,SS best + Charbonnier,Best default geometry/growth with Charbonnier pixel loss and SSIM weight 0.10.,best-loss-sweep,0.981147050857544,0.0018734594341367483,640,0.09643670171499252,charbonnier,27.273557662963867,results/fair_gaussian_variants_20260710_full_external_same_hparams/reconstructions/COCO_train2014_000000000009/640/seed0_structsplat_best_charbonnier.png,,,,,cuda,12.0,12.0,160.0,feature,0,tests/test_images/COCO_train2014_000000000009.jpg,0.8939118385314941,0.1,320,0.5,320,ok,False,False,results/fair_gaussian_variants_20260710_full_external_same_hparams/targets/COCO_train2014_000000000009.png,1.1478078365325928,,160
False,24.426226067399693,,none,,12.0,640,12.0,2.9012868404388428,9.336045265197754,1.1815688610076904,residual_tensor_add,5,120,COCO_train2014_000000000009,0.0505373477935791,500,500,1.0,tensor,,28.648290634155273,0.026074932888150215,160,structsplat_best_tensor_loss,SS best + tensor loss,Best default geometry/growth with tensor-weighted pixel loss to emphasize edges.,best-edge-loss,0.983694314956665,0.0017688716761767864,640,0.09332332015037537,l1,27.52303695678711,results/fair_gaussian_variants_20260710_full_external_same_hparams/reconstructions/COCO_train2014_000000000009/640/seed0_structsplat_best_tensor_loss.png,,,,,cuda,12.0,12.0,160.0,feature,0,tests/test_images/COCO_train2014_000000000009.jpg,0.9059135317802429,0.3,320,0.5,320,ok,False,False,results/fair_gaussian_variants_20260710_full_external_same_hparams/targets/COCO_train2014_000000000009.png,1.2321062088012695,,160
False,24.371289817030302,,final,,12.0,640,12.0,2.9048731327056885,9.5369873046875,1.1909098625183105,residual_tensor_add,5,120,COCO_train2014_000000000009,0.05008864402770996,500,500,1.0,none,,28.74861717224121,0.026623180136084557,160,structsplat_best_color_final,SS best + final color solve,Best default geometry/growth with a final fixed-geometry RGB least-squares color solve.,best-color-polish,0.9830392003059387,0.0017341554630547762,640,0.09183839708566666,l1,27.609121322631836,results/fair_gaussian_variants_20260710_full_external_same_hparams/reconstructions/COCO_train2014_000000000009/640/seed0_structsplat_best_color_final.png,,,,,cuda,12.0,12.0,160.0,feature,0,tests/test_images/COCO_train2014_000000000009.jpg,0.899566113948822,0.3,320,0.5,320,ok,False,False,results/fair_gaussian_variants_20260710_full_external_same_hparams/targets/COCO_train2014_000000000009.png,1.2409985065460205,,160
False,24.211314065661842,,none,,12.0,640,12.0,3.004074811935425,9.559414863586426,1.201160192489624,residual_tensor_add+relocate,5,120,COCO_train2014_000000000009,0.05019831657409668,500,500,1.0,none,,28.23424530029297,0.027564121410250664,160,structsplat_best_relocate,SS best + split relocate,Best default geometry/growth plus split-scheduled residual relocation.,best-relocate,0.9806804060935974,0.002001376124098897,640,0.09854793548583984,l1,26.986713409423828,results/fair_gaussian_variants_20260710_full_external_same_hparams/reconstructions/COCO_train2014_000000000009/640/seed0_structsplat_best_relocate.png,16,0.25,4,at_split,cuda,12.0,12.0,160.0,feature,0,tests/test_images/COCO_train2014_000000000009.jpg,0.8958830237388611,0.3,320,0.5,320,ok,False,False,results/fair_gaussian_variants_20260710_full_external_same_hparams/targets/COCO_train2014_000000000009.png,1.2513585090637207,,160
True,25.100847532849514,,none,,12.0,640,12.0,2.6639959812164307,7.8906731605529785,1.119462251663208,residual_tensor_add,5,120,COCO_train2014_000000000009,0.05220198631286621,500,500,1.0,none,,30.658748626708984,0.021477200090885162,160,structsplat_best_adaptive_1p5x,SS best + adaptive 1.5x cap,Best default warm start with adaptive residual growth allowed up to 1.5x the requested cap.,best-adaptive-capacity,0.9886717796325684,0.001180222607217729,960,0.07500442117452621,l1,29.280359268188477,results/fair_gaussian_variants_20260710_full_external_same_hparams/reconstructions/COCO_train2014_000000000009/640/seed0_structsplat_best_adaptive_1p5x.png,,,,,cuda,12.0,12.0,160.0,feature,0,tests/test_images/COCO_train2014_000000000009.jpg,0.9317613840103149,0.3,320,0.5,320,ok,False,False,results/fair_gaussian_variants_20260710_full_external_same_hparams/targets/COCO_train2014_000000000009.png,1.1716642379760742,960,160
False,24.32433223151014,,none,,,640,66.74396514892578,3.574176073074341,10.769670486450195,1.1122376918792725,none,4,120,COCO_train2014_000000000009,0.0004017353057861328,500,500,1.0,none,,25.332340240478516,0.030176714062690735,160,gaussianimage_fixed_full,GaussianImage fixed,GaussianImage-style random fixed-count control; starts at the final cap and does not grow.,fixed-full,0.9738309979438782,0.0032122936099767685,640,0.113531693816185,l1,24.931848526000977,results/fair_gaussian_variants_20260710_full_external_same_hparams/reconstructions/COCO_train2014_000000000009/640/seed0_gaussianimage_fixed_full.png,,,,,cuda,,,,,0,tests/test_images/COCO_train2014_000000000009.jpg,0.8858842253684998,0.3,320,0.5,640,ok,False,False,results/fair_gaussian_variants_20260710_full_external_same_hparams/targets/COCO_train2014_000000000009.png,1.1126394271850586,,160
False,22.31428336428258,,none,,,640,66.92816925048828,3.667590379714966,10.613704681396484,1.098412036895752,residual_add,4,120,COCO_train2014_000000000009,0.00038433074951171875,500,500,1.0,none,,27.968177795410156,0.02813808061182499,160,gaussianimage_plus_residual,GaussianImage++ residual,GaussianImage++-style analogue: random half-budget start plus residual-add growth.,repo-growth,0.9819974303245544,0.0020844268146902323,640,0.10153254866600037,l1,26.81013298034668,results/fair_gaussian_variants_20260710_full_external_same_hparams/reconstructions/COCO_train2014_000000000009/640/seed0_gaussianimage_plus_residual.png,,,,,cuda,,,,,0,tests/test_images/COCO_train2014_000000000009.jpg,0.8960366249084473,0.3,320,0.5,320,ok,False,False,results/fair_gaussian_variants_20260710_full_external_same_hparams/targets/COCO_train2014_000000000009.png,1.0987963676452637,,160
False,22.758113846750202,,none,,,640,60.70972442626953,3.805271863937378,13.088773727416992,1.06907320022583,residual_add,4,120,COCO_train2014_000000000009,0.0031332969665527344,500,500,1.0,none,,28.222732543945312,0.027405239641666412,160,image_gs_residual,Image-GS residual,Image-GS-style analogue: gradient-density random half-budget start plus residual-add growth.,repo-growth,0.9826590418815613,0.001962917624041438,640,0.09858234226703644,l1,27.070980072021484,results/fair_gaussian_variants_20260710_full_external_same_hparams/reconstructions/COCO_train2014_000000000009/640/seed0_image_gs_residual.png,,,,,cuda,,,,,0,tests/test_images/COCO_train2014_000000000009.jpg,0.900371253490448,0.3,320,0.5,320,ok,False,False,results/fair_gaussian_variants_20260710_full_external_same_hparams/targets/COCO_train2014_000000000009.png,1.0722064971923828,,160
False,20.49613633948959,,none,,,640,33.17692565917969,1.741850733757019,4.776702880859375,1.0603609085083008,none,4,120,COCO_train2014_000000000009,0.484971284866333,500,500,1.0,none,,22.3369197845459,0.034842465072870255,160,instant_gi_quadtree_fixed,Instant-GI quadtree,Instant-GI quadtree/Delaunay fallback if STRUCTSPLAT_INSTANT_GI is configured; fixed count.,fixed-full,0.9548532366752625,0.006217072252184153,640,0.13411229848861694,l1,22.06414222717285,results/fair_gaussian_variants_20260710_full_external_same_hparams/reconstructions/COCO_train2014_000000000009/640/seed0_instant_gi_quadtree_fixed.png,,,,,cuda,,,,,0,tests/test_images/COCO_train2014_000000000009.jpg,0.8540547490119934,0.3,320,0.5,640,ok,False,False,results/fair_gaussian_variants_20260710_full_external_same_hparams/targets/COCO_train2014_000000000009.png,1.5453321933746338,,160
False,23.69433080218359,,none,,,640,138.31298828125,4.593148708343506,15.517776489257812,1.0896961688995361,residual_add,4,120,COCO_train2014_000000000009,0.04989004135131836,500,500,1.0,none,,28.307950973510742,0.027196722105145454,160,structsplat_onedge_residual,SS on-edge + residual,StructSplat on-edge initializer under the same residual-add growth as external analogues.,same-growth,0.9831583499908447,0.0019233259372413158,640,0.09704744070768356,l1,27.15947151184082,results/fair_gaussian_variants_20260710_full_external_same_hparams/reconstructions/COCO_train2014_000000000009/640/seed0_structsplat_onedge_residual.png,,,,,cuda,,,,,0,tests/test_images/COCO_train2014_000000000009.jpg,0.9007455110549927,0.3,320,0.5,320,ok,False,False,results/fair_gaussian_variants_20260710_full_external_same_hparams/targets/COCO_train2014_000000000009.png,1.1395862102508545,,160
False,23.34598130358006,,none,,,640,160.00001525878906,4.7439727783203125,15.462969779968262,1.1394777297973633,residual_add+relocate,4,120,COCO_train2014_000000000009,0.05012035369873047,500,500,1.0,none,,28.1149959564209,0.027514826506376266,160,structsplat_onedge_residual_relocate,SS on-edge + residual relocate,StructSplat on-edge residual-add growth plus split-scheduled residual relocation.,same-growth+relocate,0.981783390045166,0.001955026527866721,640,0.09879951179027557,l1,27.088472366333008,results/fair_gaussian_variants_20260710_full_external_same_hparams/reconstructions/COCO_train2014_000000000009/640/seed0_structsplat_onedge_residual_relocate.png,20,0.25,4,at_split,cuda,,,,,0,tests/test_images/COCO_train2014_000000000009.jpg,0.8955966234207153,0.3,320,0.5,320,ok,False,False,results/fair_gaussian_variants_20260710_full_external_same_hparams/targets/COCO_train2014_000000000009.png,1.1895980834960938,,160
False,23.54246511822473,,none,,12.0,640,12.0,2.712003231048584,9.028326988220215,1.1009604930877686,residual_add,4,120,COCO_train2014_000000000009,0.0502324104309082,500,500,1.0,none,,28.670940399169922,0.026292264461517334,160,structsplat_onedge_residual_featurecap,SS on-edge + residual feature cap,StructSplat on-edge residual-add growth with feature-adaptive per-Gaussian scale caps.,same-growth+feature-cap,0.9831236600875854,0.001783708343282342,640,0.09342198818922043,l1,27.48676109313965,results/fair_gaussian_variants_20260710_full_external_same_hparams/reconstructions/COCO_train2014_000000000009/640/seed0_structsplat_onedge_residual_featurecap.png,,,,,cuda,12.0,12.0,160.0,feature,0,tests/test_images/COCO_train2014_000000000009.jpg,0.9029048681259155,0.3,320,0.5,320,ok,False,False,results/fair_gaussian_variants_20260710_full_external_same_hparams/targets/COCO_train2014_000000000009.png,1.1511929035186768,,160
False,23.704703214412223,,none,,,640,103.71688842773438,3.877931594848633,10.85204029083252,1.1518480777740479,residual_add,4,120,COCO_train2014_000000000009,0.05342745780944824,500,500,1.0,none,,28.322872161865234,0.027435356751084328,160,structsplat_onedge_residual_feature_rel,SS on-edge + residual feature-rel cap,StructSplat on-edge residual-add growth with feature-relative local-radius scale caps.,same-growth+feature-rel-cap,0.9820318818092346,0.00192662188783288,640,0.0979337990283966,l1,27.152034759521484,results/fair_gaussian_variants_20260710_full_external_same_hparams/reconstructions/COCO_train2014_000000000009/640/seed0_structsplat_onedge_residual_feature_rel.png,,,,,cuda,,,,feature_rel,0,tests/test_images/COCO_train2014_000000000009.jpg,0.8977594971656799,0.3,320,0.5,320,ok,False,False,results/fair_gaussian_variants_20260710_full_external_same_hparams/targets/COCO_train2014_000000000009.png,1.205275535583496,,160
False,23.729763166698998,,none,,,640,113.4378433227539,4.873255252838135,15.875280380249023,1.086174726486206,residual_tensor_add,4,120,COCO_train2014_000000000009,0.05040574073791504,500,500,1.0,none,,28.232433319091797,0.02743869088590145,160,structsplat_onedge_tensor,SS on-edge + tensor,StructSplat on-edge initializer plus tensor-aware residual growth.,tensor-growth,0.9826791882514954,0.0019393933471292257,640,0.09807207435369492,l1,27.123340606689453,results/fair_gaussian_variants_20260710_full_external_same_hparams/reconstructions/COCO_train2014_000000000009/640/seed0_structsplat_onedge_tensor.png,,,,,cuda,,,,,0,tests/test_images/COCO_train2014_000000000009.jpg,0.9000014662742615,0.3,320,0.5,320,ok,False,False,results/fair_gaussian_variants_20260710_full_external_same_hparams/targets/COCO_train2014_000000000009.png,1.136580467224121,,160
False,23.803708674673565,,none,,12.0,640,12.0,2.816382884979248,9.32481575012207,1.1745431423187256,residual_tensor_add,4,120,COCO_train2014_000000000009,0.05111861228942871,500,500,1.0,none,,28.693950653076172,0.02583281695842743,160,structsplat_onedge_tensor_featurecap,SS on-edge + tensor feature cap,StructSplat on-edge tensor-aware residual growth with feature-adaptive scale caps.,tensor-growth+feature-cap,0.9833416938781738,0.0017303513595834374,640,0.0926205962896347,l1,27.6186580657959,results/fair_gaussian_variants_20260710_full_external_same_hparams/reconstructions/COCO_train2014_000000000009/640/seed0_structsplat_onedge_tensor_featurecap.png,,,,,cuda,12.0,12.0,160.0,feature,0,tests/test_images/COCO_train2014_000000000009.jpg,0.9050854444503784,0.3,320,0.5,320,ok,False,False,results/fair_gaussian_variants_20260710_full_external_same_hparams/targets/COCO_train2014_000000000009.png,1.2256617546081543,,160
False,23.67495002823029,,none,,,640,73.96237182617188,4.162484645843506,11.870526313781738,1.0812280178070068,residual_tensor_add,4,120,COCO_train2014_000000000009,0.049146175384521484,500,500,1.0,none,,28.197647094726562,0.02765573561191559,160,structsplat_onedge_tensor_feature_rel,SS on-edge + tensor feature-rel cap,StructSplat on-edge tensor-aware residual growth with feature-relative local-radius caps.,tensor-growth+feature-rel-cap,0.9820588231086731,0.001971296966075897,640,0.09893616288900375,l1,27.052478790283203,results/fair_gaussian_variants_20260710_full_external_same_hparams/reconstructions/COCO_train2014_000000000009/640/seed0_structsplat_onedge_tensor_feature_rel.png,,,,,cuda,,,,feature_rel,0,tests/test_images/COCO_train2014_000000000009.jpg,0.8984323740005493,0.3,320,0.5,320,ok,False,False,results/fair_gaussian_variants_20260710_full_external_same_hparams/targets/COCO_train2014_000000000009.png,1.1303741931915283,,160
False,23.73807068769344,,none,,,640,142.9073944091797,4.67488956451416,15.361846923828125,1.0609519481658936,residual_tensor_add,4,120,COCO_train2014_000000000009,0.05057573318481445,500,500,1.0,none,,28.49001693725586,0.02684452384710312,160,structsplat_flanking_tensor,SS flanking + tensor,StructSplat flanking initializer plus tensor-aware residual growth.,tensor-growth,0.982850968837738,0.0018947444623336196,640,0.09585830569267273,l1,27.22449493408203,results/fair_gaussian_variants_20260710_full_external_same_hparams/reconstructions/COCO_train2014_000000000009/640/seed0_structsplat_flanking_tensor.png,,,,,cuda,,,,,0,tests/test_images/COCO_train2014_000000000009.jpg,0.9033035635948181,0.3,320,0.5,320,ok,False,False,results/fair_gaussian_variants_20260710_full_external_same_hparams/targets/COCO_train2014_000000000009.png,1.111527681350708,,160
False,23.615235732886976,,none,,,640,160.00001525878906,4.407258033752441,14.159217834472656,1.1425974369049072,residual_add,4,120,COCO_train2014_000000000009,0.14950060844421387,500,500,1.0,none,,28.393417358398438,0.026729034259915352,160,structsplat_quadtree_wse_residual,SS qt-WSE + residual,StructSplat quadtree-WSE initializer under the same residual-add growth as external analogues.,same-growth,0.9834157824516296,0.0018632804276421666,640,0.0953359380364418,l1,27.297218322753906,results/fair_gaussian_variants_20260710_full_external_same_hparams/reconstructions/COCO_train2014_000000000009/640/seed0_structsplat_quadtree_wse_residual.png,,,,,cuda,,,,,0,tests/test_images/COCO_train2014_000000000009.jpg,0.9034835696220398,0.3,320,0.5,320,ok,False,False,results/fair_gaussian_variants_20260710_full_external_same_hparams/targets/COCO_train2014_000000000009.png,1.292098045349121,,160
False,23.443162590325,,none,,,640,160.00001525878906,4.462082862854004,14.783924102783203,1.1368067264556885,residual_add+relocate,4,120,COCO_train2014_000000000009,0.14815044403076172,500,500,1.0,none,,28.364774703979492,0.027042532339692116,160,structsplat_quadtree_wse_residual_relocate,SS qt-WSE + residual relocate,StructSplat quadtree-WSE residual-add growth plus split-scheduled residual relocation.,same-growth+relocate,0.9829921126365662,0.0019113927846774459,640,0.09650284051895142,l1,27.186500549316406,results/fair_gaussian_variants_20260710_full_external_same_hparams/reconstructions/COCO_train2014_000000000009/640/seed0_structsplat_quadtree_wse_residual_relocate.png,20,0.25,4,at_split,cuda,,,,,0,tests/test_images/COCO_train2014_000000000009.jpg,0.9014419913291931,0.3,320,0.5,320,ok,False,False,results/fair_gaussian_variants_20260710_full_external_same_hparams/targets/COCO_train2014_000000000009.png,1.2849571704864502,,160
False,23.530448361245806,,none,,12.0,640,12.0,2.732393980026245,8.772566795349121,1.0689988136291504,residual_add,4,120,COCO_train2014_000000000009,0.14861392974853516,500,500,1.0,none,,28.44902229309082,0.02622266858816147,160,structsplat_quadtree_wse_residual_featurecap,SS qt-WSE + residual feature cap,StructSplat quadtree-WSE residual-add growth with feature-adaptive scale caps.,same-growth+feature-cap,0.9840320944786072,0.0018283540848642588,640,0.0941963791847229,l1,27.379396438598633,results/fair_gaussian_variants_20260710_full_external_same_hparams/reconstructions/COCO_train2014_000000000009/640/seed0_structsplat_quadtree_wse_residual_featurecap.png,,,,,cuda,12.0,12.0,160.0,feature,0,tests/test_images/COCO_train2014_000000000009.jpg,0.9063600301742554,0.3,320,0.5,320,ok,False,False,results/fair_gaussian_variants_20260710_full_external_same_hparams/targets/COCO_train2014_000000000009.png,1.2176127433776855,,160
False,23.652332085167956,,none,,,640,89.60408782958984,3.890829086303711,12.673908233642578,1.103142499923706,residual_add,4,120,COCO_train2014_000000000009,0.14840221405029297,500,500,1.0,none,,28.31121063232422,0.027241745963692665,160,structsplat_quadtree_wse_residual_feature_rel,SS qt-WSE + residual feature-rel cap,StructSplat quadtree-WSE residual-add growth with feature-relative local-radius caps.,same-growth+feature-rel-cap,0.9827641844749451,0.0019149004947394133,640,0.09720053523778915,l1,27.178537368774414,results/fair_gaussian_variants_20260710_full_external_same_hparams/reconstructions/COCO_train2014_000000000009/640/seed0_structsplat_quadtree_wse_residual_feature_rel.png,,,,,cuda,,,,feature_rel,0,tests/test_images/COCO_train2014_000000000009.jpg,0.8999217748641968,0.3,320,0.5,320,ok,False,False,results/fair_gaussian_variants_20260710_full_external_same_hparams/targets/COCO_train2014_000000000009.png,1.251544713973999,,160
False,23.60528967805759,,none,,,640,160.00001525878906,4.752211093902588,14.91086483001709,1.1028039455413818,residual_tensor_add,4,120,COCO_train2014_000000000009,0.15416908264160156,500,500,1.0,none,,28.292253494262695,0.027317624539136887,160,structsplat_quadtree_wse_tensor,SS qt-WSE + tensor,StructSplat quadtree-WSE initializer plus tensor-aware residual growth.,tensor-growth,0.9817067384719849,0.001955224433913827,640,0.0982072651386261,l1,27.08803367614746,results/fair_gaussian_variants_20260710_full_external_same_hparams/reconstructions/COCO_train2014_000000000009/640/seed0_structsplat_quadtree_wse_tensor.png,,,,,cuda,,,,,0,tests/test_images/COCO_train2014_000000000009.jpg,0.8986661434173584,0.3,320,0.5,320,ok,False,False,results/fair_gaussian_variants_20260710_full_external_same_hparams/targets/COCO_train2014_000000000009.png,1.2569730281829834,,160
False,23.637572506386675,,none,,12.0,640,12.0,2.76532244682312,8.592212677001953,1.061826467514038,residual_tensor_add,4,120,COCO_train2014_000000000009,0.1497347354888916,500,500,1.0,none,,28.49491310119629,0.02615763247013092,160,structsplat_quadtree_wse_tensor_featurecap,SS qt-WSE + tensor feature cap,StructSplat quadtree-WSE tensor-aware residual growth with feature-adaptive scale caps.,tensor-growth+feature-cap,0.9831583499908447,0.0018441500142216682,640,0.09412244707345963,l1,27.342037200927734,results/fair_gaussian_variants_20260710_full_external_same_hparams/reconstructions/COCO_train2014_000000000009/640/seed0_structsplat_quadtree_wse_tensor_featurecap.png,,,,,cuda,12.0,12.0,160.0,feature,0,tests/test_images/COCO_train2014_000000000009.jpg,0.9033017754554749,0.3,320,0.5,320,ok,False,False,results/fair_gaussian_variants_20260710_full_external_same_hparams/targets/COCO_train2014_000000000009.png,1.2115612030029297,,160
False,23.678581085854876,,none,,,640,63.35891342163086,4.127688407897949,12.658988952636719,1.1374084949493408,residual_tensor_add,4,120,COCO_train2014_000000000009,0.14832162857055664,500,500,1.0,none,,28.110286712646484,0.027641020715236664,160,structsplat_quadtree_wse_tensor_feature_rel,SS qt-WSE + tensor feature-rel cap,StructSplat quadtree-WSE tensor-aware residual growth with feature-relative local-radius caps.,tensor-growth+feature-rel-cap,0.9810941815376282,0.002020355546846986,640,0.10000627487897873,l1,26.945722579956055,results/fair_gaussian_variants_20260710_full_external_same_hparams/reconstructions/COCO_train2014_000000000009/640/seed0_structsplat_quadtree_wse_tensor_feature_rel.png,,,,,cuda,,,,feature_rel,0,tests/test_images/COCO_train2014_000000000009.jpg,0.8966187834739685,0.3,320,0.5,320,ok,False,False,results/fair_gaussian_variants_20260710_full_external_same_hparams/targets/COCO_train2014_000000000009.png,1.2857301235198975,,160
False,23.579248250605826,,none,,,640,160.00001525878906,4.859738826751709,14.547341346740723,1.1188185214996338,residual_tensor_add,4,120,COCO_train2014_000000000009,0.06690073013305664,500,500,1.0,none,,28.273916244506836,0.027216874063014984,160,structsplat_quadtree_hybrid_tensor,SS qt-hybrid + tensor,StructSplat quadtree-hybrid initializer plus tensor-aware residual growth.,tensor-growth,0.9828119277954102,0.001962953945621848,640,0.09837531298398972,l1,27.070899963378906,results/fair_gaussian_variants_20260710_full_external_same_hparams/reconstructions/COCO_train2014_000000000009/640/seed0_structsplat_quadtree_hybrid_tensor.png,,,,,cuda,,,,,0,tests/test_images/COCO_train2014_000000000009.jpg,0.9018592834472656,0.3,320,0.5,320,ok,False,False,results/fair_gaussian_variants_20260710_full_external_same_hparams/targets/COCO_train2014_000000000009.png,1.1857192516326904,,160
False,22.80075379316219,,none,,,640,152.08229064941406,5.069358825683594,17.341367721557617,1.0966660976409912,residual_tensor_add,4,120,COCO_train2014_000000000009,0.023422718048095703,500,500,1.0,none,,27.795866012573242,0.029234617948532104,160,floyd_steinberg_tensor,Floyd + tensor,Floyd-Steinberg placement control plus tensor-aware residual growth.,tensor-growth-control,0.9793780446052551,0.002191313309594989,640,0.10463503003120422,l1,26.59295654296875,results/fair_gaussian_variants_20260710_full_external_same_hparams/reconstructions/COCO_train2014_000000000009/640/seed0_floyd_steinberg_tensor.png,,,,,cuda,,,,,0,tests/test_images/COCO_train2014_000000000009.jpg,0.8902493119239807,0.3,320,0.5,320,ok,False,False,results/fair_gaussian_variants_20260710_full_external_same_hparams/targets/COCO_train2014_000000000009.png,1.120088815689087,,160
False,24.345481449234224,,none,,12.0,640,12.0,2.958996295928955,9.627580642700195,1.1069269180297852,residual_tensor_add,5,120,COCO_train2014_000000000009,0.05208253860473633,500,500,1.0,none,,28.636045455932617,0.02615286223590374,160,structsplat_best_default,SS best default,"Pinned current Gaussian-image winner: aniso_onedge + WSE, feature cap 12@160, tensor-aware residual growth, 5 growth waves, L1 + 0.3 SSIM.",best-default,0.9827955365180969,0.0017931964248418808,640,0.0945197269320488,l1,27.463722229003906,results/fair_gaussian_variants_20260710_full_external_same_hparams/reconstructions/COCO_train2014_000000000009/640/seed1_structsplat_best_default.png,,,,,cuda,12.0,12.0,160.0,feature,1,tests/test_images/COCO_train2014_000000000009.jpg,0.9036860466003418,0.3,320,0.5,320,ok,False,False,results/fair_gaussian_variants_20260710_full_external_same_hparams/targets/COCO_train2014_000000000009.png,1.1590094566345215,,160
False,24.406023607464256,,none,,12.0,640,12.0,2.891439437866211,8.951711654663086,1.096897840499878,residual_tensor_add,5,120,COCO_train2014_000000000009,0.050765037536621094,500,500,1.0,none,,28.463533401489258,0.025839051231741905,160,structsplat_best_ssim010,SS best + SSIM 0.10,Best default geometry/growth with SSIM weight lowered to 0.10 for lower pixel diff.,best-loss-sweep,0.9814552664756775,0.0018710645381361246,640,0.09660623222589493,l1,27.279111862182617,results/fair_gaussian_variants_20260710_full_external_same_hparams/reconstructions/COCO_train2014_000000000009/640/seed1_structsplat_best_ssim010.png,,,,,cuda,12.0,12.0,160.0,feature,1,tests/test_images/COCO_train2014_000000000009.jpg,0.8945138454437256,0.1,320,0.5,320,ok,False,False,results/fair_gaussian_variants_20260710_full_external_same_hparams/targets/COCO_train2014_000000000009.png,1.147662878036499,,160
False,23.86270139403716,,none,,12.0,640,12.0,3.0596210956573486,8.991545677185059,0.7701148986816406,residual_tensor_add,5,120,COCO_train2014_000000000009,0.05570816993713379,500,500,1.0,none,,27.532459259033203,0.027222856879234314,160,structsplat_best_l1_only,SS best + L1 only,Best default geometry/growth with pure L1 pixel loss and no SSIM term.,best-loss-sweep,0.9730125069618225,0.002271892037242651,640,0.10565582662820816,l1,26.43612289428711,results/fair_gaussian_variants_20260710_full_external_same_hparams/reconstructions/COCO_train2014_000000000009/640/seed1_structsplat_best_l1_only.png,,,,,cuda,12.0,12.0,160.0,feature,1,tests/test_images/COCO_train2014_000000000009.jpg,0.8582160472869873,0.0,320,0.5,320,ok,False,False,results/fair_gaussian_variants_20260710_full_external_same_hparams/targets/COCO_train2014_000000000009.png,0.8258230686187744,,160
False,24.391926875334224,,none,,12.0,640,12.0,2.9046037197113037,9.093310356140137,1.0914664268493652,residual_tensor_add,5,120,COCO_train2014_000000000009,0.05113410949707031,500,500,1.0,none,,28.554004669189453,0.02566571533679962,160,structsplat_best_charbonnier,SS best + Charbonnier,Best default geometry/growth with Charbonnier pixel loss and SSIM weight 0.10.,best-loss-sweep,0.9816757440567017,0.0018254590686410666,640,0.0950949415564537,charbonnier,27.386281967163086,results/fair_gaussian_variants_20260710_full_external_same_hparams/reconstructions/COCO_train2014_000000000009/640/seed1_structsplat_best_charbonnier.png,,,,,cuda,12.0,12.0,160.0,feature,1,tests/test_images/COCO_train2014_000000000009.jpg,0.8959396481513977,0.1,320,0.5,320,ok,False,False,results/fair_gaussian_variants_20260710_full_external_same_hparams/targets/COCO_train2014_000000000009.png,1.1426005363464355,,160
False,24.419077597065776,,none,,12.0,640,12.0,2.882754325866699,9.324627876281738,1.1652472019195557,residual_tensor_add,5,120,COCO_train2014_000000000009,0.05335044860839844,500,500,1.0,tensor,,28.739450454711914,0.02585279382765293,160,structsplat_best_tensor_loss,SS best + tensor loss,Best default geometry/growth with tensor-weighted pixel loss to emphasize edges.,best-edge-loss,0.983152449131012,0.0017630790825933218,640,0.0931713730096817,l1,27.537281036376953,results/fair_gaussian_variants_20260710_full_external_same_hparams/reconstructions/COCO_train2014_000000000009/640/seed1_structsplat_best_tensor_loss.png,,,,,cuda,12.0,12.0,160.0,feature,1,tests/test_images/COCO_train2014_000000000009.jpg,0.9049546122550964,0.3,320,0.5,320,ok,False,False,results/fair_gaussian_variants_20260710_full_external_same_hparams/targets/COCO_train2014_000000000009.png,1.218597650527954,,160
False,24.3246560803874,,final,,12.0,640,12.0,2.938732147216797,9.440750122070312,1.1927769184112549,residual_tensor_add,5,120,COCO_train2014_000000000009,0.05547809600830078,500,500,1.0,none,,28.570520401000977,0.026656731963157654,160,structsplat_best_color_final,SS best + final color solve,Best default geometry/growth with a final fixed-geometry RGB least-squares color solve.,best-color-polish,0.9822619557380676,0.0017863098764792085,640,0.09300229698419571,l1,27.480432510375977,results/fair_gaussian_variants_20260710_full_external_same_hparams/reconstructions/COCO_train2014_000000000009/640/seed1_structsplat_best_color_final.png,,,,,cuda,12.0,12.0,160.0,feature,1,tests/test_images/COCO_train2014_000000000009.jpg,0.8976494669914246,0.3,320,0.5,320,ok,False,False,results/fair_gaussian_variants_20260710_full_external_same_hparams/targets/COCO_train2014_000000000009.png,1.2482550144195557,,160
False,24.205303051667606,,none,,12.0,640,12.0,3.1021995544433594,10.182303428649902,1.2145907878875732,residual_tensor_add+relocate,5,120,COCO_train2014_000000000009,0.05570220947265625,500,500,1.0,none,,27.854373931884766,0.02761213853955269,160,structsplat_best_relocate,SS best + split relocate,Best default geometry/growth plus split-scheduled residual relocation.,best-relocate,0.9800929427146912,0.002049676375463605,640,0.09975982457399368,l1,26.883148193359375,results/fair_gaussian_variants_20260710_full_external_same_hparams/reconstructions/COCO_train2014_000000000009/640/seed1_structsplat_best_relocate.png,16,0.25,4,at_split,cuda,12.0,12.0,160.0,feature,1,tests/test_images/COCO_train2014_000000000009.jpg,0.8930489420890808,0.3,320,0.5,320,ok,False,False,results/fair_gaussian_variants_20260710_full_external_same_hparams/targets/COCO_train2014_000000000009.png,1.2702929973602295,,160
True,25.294052342852513,,none,,12.0,640,12.0,2.6438722610473633,7.942525386810303,1.1338238716125488,residual_tensor_add,5,120,COCO_train2014_000000000009,0.05162668228149414,500,500,1.0,none,,30.944746017456055,0.02068217471241951,160,structsplat_best_adaptive_1p5x,SS best + adaptive 1.5x cap,Best default warm start with adaptive residual growth allowed up to 1.5x the requested cap.,best-adaptive-capacity,0.9902175068855286,0.0011042020050808787,960,0.07268806546926498,l1,29.569515228271484,results/fair_gaussian_variants_20260710_full_external_same_hparams/reconstructions/COCO_train2014_000000000009/640/seed1_structsplat_best_adaptive_1p5x.png,,,,,cuda,12.0,12.0,160.0,feature,1,tests/test_images/COCO_train2014_000000000009.jpg,0.93803471326828,0.3,320,0.5,320,ok,False,False,results/fair_gaussian_variants_20260710_full_external_same_hparams/targets/COCO_train2014_000000000009.png,1.185450553894043,960,160
False,24.424205470419597,,none,,,640,135.3991241455078,3.6564793586730957,10.883543014526367,1.0655732154846191,none,4,120,COCO_train2014_000000000009,0.00038743019104003906,500,500,1.0,none,,25.90338134765625,0.028840618208050728,160,gaussianimage_fixed_full,GaussianImage fixed,GaussianImage-style random fixed-count control; starts at the final cap and does not grow.,fixed-full,0.9790979027748108,0.0028937228489667177,640,0.10737190395593643,l1,25.385433197021484,results/fair_gaussian_variants_20260710_full_external_same_hparams/reconstructions/COCO_train2014_000000000009/640/seed1_gaussianimage_fixed_full.png,,,,,cuda,,,,,1,tests/test_images/COCO_train2014_000000000009.jpg,0.8928742408752441,0.3,320,0.5,640,ok,False,False,results/fair_gaussian_variants_20260710_full_external_same_hparams/targets/COCO_train2014_000000000009.png,1.0659606456756592,,160
False,22.246633554508307,,none,,,640,158.02438354492188,3.9206268787384033,12.289534568786621,1.141164779663086,residual_add,4,120,COCO_train2014_000000000009,0.0004525184631347656,500,500,1.0,none,,27.987520217895508,0.028212886303663254,160,gaussianimage_plus_residual,GaussianImage++ residual,GaussianImage++-style analogue: random half-budget start plus residual-add growth.,repo-growth,0.98211270570755,0.002037554048001766,640,0.09985318034887314,l1,26.908910751342773,results/fair_gaussian_variants_20260710_full_external_same_hparams/reconstructions/COCO_train2014_000000000009/640/seed1_gaussianimage_plus_residual.png,,,,,cuda,,,,,1,tests/test_images/COCO_train2014_000000000009.jpg,0.8982262015342712,0.3,320,0.5,320,ok,False,False,results/fair_gaussian_variants_20260710_full_external_same_hparams/targets/COCO_train2014_000000000009.png,1.1416172981262207,,160
False,22.925312367135394,,none,,,640,141.39913940429688,3.8388314247131348,11.595571517944336,1.112959623336792,residual_add,4,120,COCO_train2014_000000000009,0.002850055694580078,500,500,1.0,none,,28.140213012695312,0.027497215196490288,160,image_gs_residual,Image-GS residual,Image-GS-style analogue: gradient-density random half-budget start plus residual-add growth.,repo-growth,0.9832119941711426,0.0019794353283941746,640,0.09801812469959259,l1,27.034587860107422,results/fair_gaussian_variants_20260710_full_external_same_hparams/reconstructions/COCO_train2014_000000000009/640/seed1_image_gs_residual.png,,,,,cuda,,,,,1,tests/test_images/COCO_train2014_000000000009.jpg,0.9003379344940186,0.3,320,0.5,320,ok,False,False,results/fair_gaussian_variants_20260710_full_external_same_hparams/targets/COCO_train2014_000000000009.png,1.115809679031372,,160
False,20.284264835900437,,none,,,640,17.35365104675293,1.7349014282226562,5.128670692443848,1.0839567184448242,none,4,120,COCO_train2014_000000000009,0.19783782958984375,500,500,1.0,none,,23.209598541259766,0.03374497964978218,160,instant_gi_quadtree_fixed,Instant-GI quadtree,Instant-GI quadtree/Delaunay fallback if STRUCTSPLAT_INSTANT_GI is configured; fixed count.,fixed-full,0.9572271108627319,0.0062605286948382854,640,0.12631386518478394,l1,22.033889770507812,results/fair_gaussian_variants_20260710_full_external_same_hparams/reconstructions/COCO_train2014_000000000009/640/seed1_instant_gi_quadtree_fixed.png,,,,,cuda,,,,,1,tests/test_images/COCO_train2014_000000000009.jpg,0.8610877990722656,0.3,320,0.5,640,ok,False,False,results/fair_gaussian_variants_20260710_full_external_same_hparams/targets/COCO_train2014_000000000009.png,1.281794548034668,,160
False,23.640927736171502,,none,,,640,147.89328002929688,4.486668109893799,15.313180923461914,1.090437412261963,residual_add,4,120,COCO_train2014_000000000009,0.05144858360290527,500,500,1.0,none,,28.370986938476562,0.02673161029815674,160,structsplat_onedge_residual,SS on-edge + residual,StructSplat on-edge initializer under the same residual-add growth as external analogues.,same-growth,0.9835138320922852,0.0018879141425713897,640,0.09597546607255936,l1,27.24017906188965,results/fair_gaussian_variants_20260710_full_external_same_hparams/reconstructions/COCO_train2014_000000000009/640/seed1_structsplat_onedge_residual.png,,,,,cuda,,,,,1,tests/test_images/COCO_train2014_000000000009.jpg,0.9041680693626404,0.3,320,0.5,320,ok,False,False,results/fair_gaussian_variants_20260710_full_external_same_hparams/targets/COCO_train2014_000000000009.png,1.1418859958648682,,160
False,23.35957656642478,,none,,,640,160.00001525878906,4.599507808685303,14.335159301757812,1.170781135559082,residual_add+relocate,4,120,COCO_train2014_000000000009,0.05070161819458008,500,500,1.0,none,,28.1585693359375,0.02741815336048603,160,structsplat_onedge_residual_relocate,SS on-edge + residual relocate,StructSplat on-edge residual-add growth plus split-scheduled residual relocation.,same-growth+relocate,0.9828184843063354,0.0020041707903146744,640,0.09840930998325348,l1,26.98065185546875,results/fair_gaussian_variants_20260710_full_external_same_hparams/reconstructions/COCO_train2014_000000000009/640/seed1_structsplat_onedge_residual_relocate.png,20,0.25,4,at_split,cuda,,,,,1,tests/test_images/COCO_train2014_000000000009.jpg,0.9010171294212341,0.3,320,0.5,320,ok,False,False,results/fair_gaussian_variants_20260710_full_external_same_hparams/targets/COCO_train2014_000000000009.png,1.221482753753662,,160
False,23.624493215748206,,none,,12.0,640,12.0,2.7606139183044434,8.808326721191406,1.091113805770874,residual_add,4,120,COCO_train2014_000000000009,0.0507049560546875,500,500,1.0,none,,28.77513885498047,0.02576432190835476,160,structsplat_onedge_residual_featurecap,SS on-edge + residual feature cap,StructSplat on-edge residual-add growth with feature-adaptive per-Gaussian scale caps.,same-growth+feature-cap,0.9830701947212219,0.0017414313042536378,640,0.09127303212881088,l1,27.590938568115234,results/fair_gaussian_variants_20260710_full_external_same_hparams/reconstructions/COCO_train2014_000000000009/640/seed1_structsplat_onedge_residual_featurecap.png,,,,,cuda,12.0,12.0,160.0,feature,1,tests/test_images/COCO_train2014_000000000009.jpg,0.903790295124054,0.3,320,0.5,320,ok,False,False,results/fair_gaussian_variants_20260710_full_external_same_hparams/targets/COCO_train2014_000000000009.png,1.1418187618255615,,160
False,23.753034365201046,,none,,,640,120.78672790527344,3.8246116638183594,11.624606132507324,1.0940308570861816,residual_add,4,120,COCO_train2014_000000000009,0.05093717575073242,500,500,1.0,none,,28.598934173583984,0.02650030143558979,160,structsplat_onedge_residual_feature_rel,SS on-edge + residual feature-rel cap,StructSplat on-edge residual-add growth with feature-relative local-radius scale caps.,same-growth+feature-rel-cap,0.9834346771240234,0.0017985552549362183,640,0.09383748471736908,l1,27.450763702392578,results/fair_gaussian_variants_20260710_full_external_same_hparams/reconstructions/COCO_train2014_000000000009/640/seed1_structsplat_onedge_residual_feature_rel.png,,,,,cuda,,,,feature_rel,1,tests/test_images/COCO_train2014_000000000009.jpg,0.9029681086540222,0.3,320,0.5,320,ok,False,False,results/fair_gaussian_variants_20260710_full_external_same_hparams/targets/COCO_train2014_000000000009.png,1.144968032836914,,160
False,23.660353197124536,,none,,,640,160.00001525878906,4.637872695922852,14.706026077270508,1.1475539207458496,residual_tensor_add,4,120,COCO_train2014_000000000009,0.05333232879638672,500,500,1.0,none,,28.45063018798828,0.02656121551990509,160,structsplat_onedge_tensor,SS on-edge + tensor,StructSplat on-edge initializer plus tensor-aware residual growth.,tensor-growth,0.9835187792778015,0.0018783477135002613,640,0.09581610560417175,l1,27.26224136352539,results/fair_gaussian_variants_20260710_full_external_same_hparams/reconstructions/COCO_train2014_000000000009/640/seed1_structsplat_onedge_tensor.png,,,,,cuda,,,,,1,tests/test_images/COCO_train2014_000000000009.jpg,0.903472363948822,0.3,320,0.5,320,ok,False,False,results/fair_gaussian_variants_20260710_full_external_same_hparams/targets/COCO_train2014_000000000009.png,1.2008862495422363,,160
False,23.884926094559724,,none,,12.0,640,12.0,2.892241954803467,9.37220287322998,1.1179208755493164,residual_tensor_add,4,120,COCO_train2014_000000000009,0.06860542297363281,500,500,1.0,none,,28.845426559448242,0.025635316967964172,160,structsplat_onedge_tensor_featurecap,SS on-edge + tensor feature cap,StructSplat on-edge tensor-aware residual growth with feature-adaptive scale caps.,tensor-growth+feature-cap,0.9842028617858887,0.0017196382395923138,640,0.09209030866622925,l1,27.645627975463867,results/fair_gaussian_variants_20260710_full_external_same_hparams/reconstructions/COCO_train2014_000000000009/640/seed1_structsplat_onedge_tensor_featurecap.png,,,,,cuda,12.0,12.0,160.0,feature,1,tests/test_images/COCO_train2014_000000000009.jpg,0.9064474105834961,0.3,320,0.5,320,ok,False,False,results/fair_gaussian_variants_20260710_full_external_same_hparams/targets/COCO_train2014_000000000009.png,1.1865262985229492,,160
False,23.773966660241566,,none,,,640,147.46429443359375,4.31752872467041,12.772765159606934,1.0977771282196045,residual_tensor_add,4,120,COCO_train2014_000000000009,0.05113649368286133,500,500,1.0,none,,28.371978759765625,0.026945708319544792,160,structsplat_onedge_tensor_feature_rel,SS on-edge + tensor feature-rel cap,StructSplat on-edge tensor-aware residual growth with feature-relative local-radius caps.,tensor-growth+feature-rel-cap,0.9828193187713623,0.0018777177901938558,640,0.09625265747308731,l1,27.263696670532227,results/fair_gaussian_variants_20260710_full_external_same_hparams/reconstructions/COCO_train2014_000000000009/640/seed1_structsplat_onedge_tensor_feature_rel.png,,,,,cuda,,,,feature_rel,1,tests/test_images/COCO_train2014_000000000009.jpg,0.9017637968063354,0.3,320,0.5,320,ok,False,False,results/fair_gaussian_variants_20260710_full_external_same_hparams/targets/COCO_train2014_000000000009.png,1.1489136219024658,,160
False,23.666528830786266,,none,,,640,126.02799224853516,4.499877452850342,15.138556480407715,1.1220643520355225,residual_tensor_add,4,120,COCO_train2014_000000000009,0.05193281173706055,500,500,1.0,none,,28.251930236816406,0.027110528200864792,160,structsplat_flanking_tensor,SS flanking + tensor,StructSplat flanking initializer plus tensor-aware residual growth.,tensor-growth,0.982684314250946,0.0019274927908554673,640,0.09661515057086945,l1,27.150074005126953,results/fair_gaussian_variants_20260710_full_external_same_hparams/reconstructions/COCO_train2014_000000000009/640/seed1_structsplat_flanking_tensor.png,,,,,cuda,,,,,1,tests/test_images/COCO_train2014_000000000009.jpg,0.8986623883247375,0.3,320,0.5,320,ok,False,False,results/fair_gaussian_variants_20260710_full_external_same_hparams/targets/COCO_train2014_000000000009.png,1.173997163772583,,160
False,23.5738796604898,,none,,,640,160.00001525878906,4.244657039642334,15.077921867370605,1.0787067413330078,residual_add,4,120,COCO_train2014_000000000009,0.14911389350891113,500,500,1.0,none,,28.484378814697266,0.026896625757217407,160,structsplat_quadtree_wse_residual,SS qt-WSE + residual,StructSplat quadtree-WSE initializer under the same residual-add growth as external analogues.,same-growth,0.9834517240524292,0.0018762167310342193,640,0.0949043557047844,l1,27.26717185974121,results/fair_gaussian_variants_20260710_full_external_same_hparams/reconstructions/COCO_train2014_000000000009/640/seed1_structsplat_quadtree_wse_residual.png,,,,,cuda,,,,,1,tests/test_images/COCO_train2014_000000000009.jpg,0.9033530354499817,0.3,320,0.5,320,ok,False,False,results/fair_gaussian_variants_20260710_full_external_same_hparams/targets/COCO_train2014_000000000009.png,1.227820634841919,,160
False,23.2654397578421,,none,,,640,160.00001525878906,4.541480541229248,15.345131874084473,1.1669416427612305,residual_add+relocate,4,120,COCO_train2014_000000000009,0.14763951301574707,500,500,1.0,none,,28.24475860595703,0.027433354407548904,160,structsplat_quadtree_wse_residual_relocate,SS qt-WSE + residual relocate,StructSplat quadtree-WSE residual-add growth plus split-scheduled residual relocation.,same-growth+relocate,0.9830876588821411,0.0019501916831359267,640,0.09772948920726776,l1,27.099227905273438,results/fair_gaussian_variants_20260710_full_external_same_hparams/reconstructions/COCO_train2014_000000000009/640/seed1_structsplat_quadtree_wse_residual_relocate.png,20,0.25,4,at_split,cuda,,,,,1,tests/test_images/COCO_train2014_000000000009.jpg,0.9003018140792847,0.3,320,0.5,320,ok,False,False,results/fair_gaussian_variants_20260710_full_external_same_hparams/targets/COCO_train2014_000000000009.png,1.3145811557769775,,160
False,23.34712770515549,,none,,12.0,640,12.0,2.679563045501709,8.885229110717773,1.1049087047576904,residual_add,4,120,COCO_train2014_000000000009,0.1493978500366211,500,500,1.0,none,,28.40843391418457,0.026741279289126396,160,structsplat_quadtree_wse_residual_featurecap,SS qt-WSE + residual feature cap,StructSplat quadtree-WSE residual-add growth with feature-adaptive scale caps.,same-growth+feature-cap,0.9824626445770264,0.0018796924268826842,640,0.09657436609268188,l1,27.259132385253906,results/fair_gaussian_variants_20260710_full_external_same_hparams/reconstructions/COCO_train2014_000000000009/640/seed1_structsplat_quadtree_wse_residual_featurecap.png,,,,,cuda,12.0,12.0,160.0,feature,1,tests/test_images/COCO_train2014_000000000009.jpg,0.8994402885437012,0.3,320,0.5,320,ok,False,False,results/fair_gaussian_variants_20260710_full_external_same_hparams/targets/COCO_train2014_000000000009.png,1.2543065547943115,,160
False,23.585338885894043,,none,,,640,97.77064514160156,3.5978591442108154,10.517481803894043,1.1583538055419922,residual_add,4,120,COCO_train2014_000000000009,0.14905500411987305,500,500,1.0,none,,28.454702377319336,0.026519427075982094,160,structsplat_quadtree_wse_residual_feature_rel,SS qt-WSE + residual feature-rel cap,StructSplat quadtree-WSE residual-add growth with feature-relative local-radius caps.,same-growth+feature-rel-cap,0.9831269383430481,0.0018431415082886815,640,0.09555582702159882,l1,27.34441375732422,results/fair_gaussian_variants_20260710_full_external_same_hparams/reconstructions/COCO_train2014_000000000009/640/seed1_structsplat_quadtree_wse_residual_feature_rel.png,,,,,cuda,,,,feature_rel,1,tests/test_images/COCO_train2014_000000000009.jpg,0.9027535319328308,0.3,320,0.5,320,ok,False,False,results/fair_gaussian_variants_20260710_full_external_same_hparams/targets/COCO_train2014_000000000009.png,1.3074088096618652,,160
False,23.654432411423187,,none,,,640,159.98184204101562,4.4616804122924805,15.285102844238281,1.128967523574829,residual_tensor_add,4,120,COCO_train2014_000000000009,0.14693546295166016,500,500,1.0,none,,28.49853515625,0.026658806949853897,160,structsplat_quadtree_wse_tensor,SS qt-WSE + tensor,StructSplat quadtree-WSE initializer plus tensor-aware residual growth.,tensor-growth,0.9833930730819702,0.0018515121191740036,640,0.09556758403778076,l1,27.324735641479492,results/fair_gaussian_variants_20260710_full_external_same_hparams/reconstructions/COCO_train2014_000000000009/640/seed1_structsplat_quadtree_wse_tensor.png,,,,,cuda,,,,,1,tests/test_images/COCO_train2014_000000000009.jpg,0.9052141904830933,0.3,320,0.5,320,ok,False,False,results/fair_gaussian_variants_20260710_full_external_same_hparams/targets/COCO_train2014_000000000009.png,1.2759029865264893,,160
False,23.48075046520195,,none,,12.0,640,12.0,2.7080399990081787,8.403237342834473,1.1919159889221191,residual_tensor_add,4,120,COCO_train2014_000000000009,0.1526031494140625,500,500,1.0,none,,28.232118606567383,0.026894522830843925,160,structsplat_quadtree_wse_tensor_featurecap,SS qt-WSE + tensor feature cap,StructSplat quadtree-WSE tensor-aware residual growth with feature-adaptive scale caps.,tensor-growth+feature-cap,0.9819653630256653,0.0019279823172837496,640,0.09648752957582474,l1,27.148969650268555,results/fair_gaussian_variants_20260710_full_external_same_hparams/reconstructions/COCO_train2014_000000000009/640/seed1_structsplat_quadtree_wse_tensor_featurecap.png,,,,,cuda,12.0,12.0,160.0,feature,1,tests/test_images/COCO_train2014_000000000009.jpg,0.898455023765564,0.3,320,0.5,320,ok,False,False,results/fair_gaussian_variants_20260710_full_external_same_hparams/targets/COCO_train2014_000000000009.png,1.3445191383361816,,160
False,23.562007604954477,,none,,,640,91.73987579345703,3.9850013256073,12.043522834777832,1.153580665588379,residual_tensor_add,4,120,COCO_train2014_000000000009,0.1702134609222412,500,500,1.0,none,,28.283241271972656,0.027056889608502388,160,structsplat_quadtree_wse_tensor_feature_rel,SS qt-WSE + tensor feature-rel cap,StructSplat quadtree-WSE tensor-aware residual growth with feature-relative local-radius caps.,tensor-growth+feature-rel-cap,0.9822810888290405,0.0019415259594097733,640,0.09686974436044693,l1,27.118568420410156,results/fair_gaussian_variants_20260710_full_external_same_hparams/reconstructions/COCO_train2014_000000000009/640/seed1_structsplat_quadtree_wse_tensor_feature_rel.png,,,,,cuda,,,,feature_rel,1,tests/test_images/COCO_train2014_000000000009.jpg,0.9010956883430481,0.3,320,0.5,320,ok,False,False,results/fair_gaussian_variants_20260710_full_external_same_hparams/targets/COCO_train2014_000000000009.png,1.3237941265106201,,160
False,23.49852387938566,,none,,,640,145.0075225830078,4.632032871246338,14.45301342010498,1.1330070495605469,residual_tensor_add,4,120,COCO_train2014_000000000009,0.06639719009399414,500,500,1.0,none,,28.16094207763672,0.027617530897259712,160,structsplat_quadtree_hybrid_tensor,SS qt-hybrid + tensor,StructSplat quadtree-hybrid initializer plus tensor-aware residual growth.,tensor-growth,0.9825365543365479,0.001965693896636367,640,0.09889112412929535,l1,27.06484031677246,results/fair_gaussian_variants_20260710_full_external_same_hparams/reconstructions/COCO_train2014_000000000009/640/seed1_structsplat_quadtree_hybrid_tensor.png,,,,,cuda,,,,,1,tests/test_images/COCO_train2014_000000000009.jpg,0.9015200138092041,0.3,320,0.5,320,ok,False,False,results/fair_gaussian_variants_20260710_full_external_same_hparams/targets/COCO_train2014_000000000009.png,1.199404239654541,,160
False,22.865284683709156,,none,,,640,156.23587036132812,4.949659824371338,18.13345718383789,1.1470768451690674,residual_tensor_add,4,120,COCO_train2014_000000000009,0.024926185607910156,500,500,1.0,none,,27.711883544921875,0.029467372223734856,160,floyd_steinberg_tensor,Floyd + tensor,Floyd-Steinberg placement control plus tensor-aware residual growth.,tensor-growth-control,0.9786446690559387,0.002218326786532998,640,0.10431236028671265,l1,26.539745330810547,results/fair_gaussian_variants_20260710_full_external_same_hparams/reconstructions/COCO_train2014_000000000009/640/seed1_floyd_steinberg_tensor.png,,,,,cuda,,,,,1,tests/test_images/COCO_train2014_000000000009.jpg,0.8888134956359863,0.3,320,0.5,320,ok,False,False,results/fair_gaussian_variants_20260710_full_external_same_hparams/targets/COCO_train2014_000000000009.png,1.1720030307769775,,160
False,23.17580275831815,,none,,12.0,640,12.0,2.566826581954956,8.297043800354004,1.2342374324798584,residual_tensor_add,5,106,COCO_train2014_000000000025,0.052301645278930664,500,500,1.0,none,,25.447277069091797,0.037953704595565796,160,structsplat_best_default,SS best default,"Pinned current Gaussian-image winner: aniso_onedge + WSE, feature cap 12@160, tensor-aware residual growth, 5 growth waves, L1 + 0.3 SSIM.",best-default,0.9654766917228699,0.002931691473349929,640,0.11499486118555069,l1,25.32881736755371,results/fair_gaussian_variants_20260710_full_external_same_hparams/reconstructions/COCO_train2014_000000000025/640/seed0_structsplat_best_default.png,,,,,cuda,12.0,12.0,160.0,feature,0,tests/test_images/COCO_train2014_000000000025.jpg,0.823469877243042,0.3,320,0.5,320,ok,False,False,results/fair_gaussian_variants_20260710_full_external_same_hparams/targets/COCO_train2014_000000000025.png,1.286539077758789,,160
False,23.221697671618873,,none,,12.0,640,12.0,2.6397125720977783,8.41496753692627,1.1306579113006592,residual_tensor_add,5,106,COCO_train2014_000000000025,0.04956483840942383,500,500,1.0,none,,25.33189582824707,0.03761357441544533,160,structsplat_best_ssim010,SS best + SSIM 0.10,Best default geometry/growth with SSIM weight lowered to 0.10 for lower pixel diff.,best-loss-sweep,0.9660597443580627,0.0030100017320364714,640,0.11839038878679276,l1,25.214332580566406,results/fair_gaussian_variants_20260710_full_external_same_hparams/reconstructions/COCO_train2014_000000000025/640/seed0_structsplat_best_ssim010.png,,,,,cuda,12.0,12.0,160.0,feature,0,tests/test_images/COCO_train2014_000000000025.jpg,0.8081167340278625,0.1,320,0.5,320,ok,False,False,results/fair_gaussian_variants_20260710_full_external_same_hparams/targets/COCO_train2014_000000000025.png,1.180222749710083,,160
False,22.816461740849252,,none,,12.0,640,12.0,2.8624534606933594,8.805325508117676,0.796647310256958,residual_tensor_add,5,106,COCO_train2014_000000000025,0.04770994186401367,500,500,1.0,none,,24.730329513549805,0.03891284391283989,160,structsplat_best_l1_only,SS best + L1 only,Best default geometry/growth with pure L1 pixel loss and no SSIM term.,best-loss-sweep,0.9545691609382629,0.0034400266595184803,640,0.13042716681957245,l1,24.634382247924805,results/fair_gaussian_variants_20260710_full_external_same_hparams/reconstructions/COCO_train2014_000000000025/640/seed0_structsplat_best_l1_only.png,,,,,cuda,12.0,12.0,160.0,feature,0,tests/test_images/COCO_train2014_000000000025.jpg,0.758539617061615,0.0,320,0.5,320,ok,False,False,results/fair_gaussian_variants_20260710_full_external_same_hparams/targets/COCO_train2014_000000000025.png,0.8443572521209717,,160
False,23.216927813145823,,none,,12.0,640,12.0,2.6270101070404053,8.005440711975098,1.1312425136566162,residual_tensor_add,5,106,COCO_train2014_000000000025,0.04775214195251465,500,500,1.0,none,,25.163150787353516,0.037667166441679,160,structsplat_best_charbonnier,SS best + Charbonnier,Best default geometry/growth with Charbonnier pixel loss and SSIM weight 0.10.,best-loss-sweep,0.9649103879928589,0.0031329805497080088,640,0.1193774938583374,charbonnier,25.040424346923828,results/fair_gaussian_variants_20260710_full_external_same_hparams/reconstructions/COCO_train2014_000000000025/640/seed0_structsplat_best_charbonnier.png,,,,,cuda,12.0,12.0,160.0,feature,0,tests/test_images/COCO_train2014_000000000025.jpg,0.8063561916351318,0.1,320,0.5,320,ok,False,False,results/fair_gaussian_variants_20260710_full_external_same_hparams/targets/COCO_train2014_000000000025.png,1.1789946556091309,,160
False,23.182769398889942,,none,,12.0,640,12.0,2.5608627796173096,8.412505149841309,1.1443262100219727,residual_tensor_add,5,106,COCO_train2014_000000000025,0.04839015007019043,500,500,1.0,tensor,,25.491172790527344,0.03795713558793068,160,structsplat_best_tensor_loss,SS best + tensor loss,Best default geometry/growth with tensor-weighted pixel loss to emphasize edges.,best-edge-loss,0.965512752532959,0.0029192385263741016,640,0.11627878993749619,l1,25.347305297851562,results/fair_gaussian_variants_20260710_full_external_same_hparams/reconstructions/COCO_train2014_000000000025/640/seed0_structsplat_best_tensor_loss.png,,,,,cuda,12.0,12.0,160.0,feature,0,tests/test_images/COCO_train2014_000000000025.jpg,0.8241649866104126,0.3,320,0.5,320,ok,False,False,results/fair_gaussian_variants_20260710_full_external_same_hparams/targets/COCO_train2014_000000000025.png,1.192716360092163,,160
False,23.143612043652123,,final,,12.0,640,12.0,2.5648419857025146,8.063230514526367,1.2262485027313232,residual_tensor_add,5,106,COCO_train2014_000000000025,0.04749107360839844,500,500,1.0,none,,25.616046905517578,0.03775519132614136,160,structsplat_best_color_final,SS best + final color solve,Best default geometry/growth with a final fixed-geometry RGB least-squares color solve.,best-color-polish,0.9667304754257202,0.002813679166138172,640,0.11192740499973297,l1,25.50725555419922,results/fair_gaussian_variants_20260710_full_external_same_hparams/reconstructions/COCO_train2014_000000000025/640/seed0_structsplat_best_color_final.png,,,,,cuda,12.0,12.0,160.0,feature,0,tests/test_images/COCO_train2014_000000000025.jpg,0.8173028230667114,0.3,320,0.5,320,ok,False,False,results/fair_gaussian_variants_20260710_full_external_same_hparams/targets/COCO_train2014_000000000025.png,1.2737395763397217,,160
False,23.019298572578506,,none,,12.0,640,12.0,2.7164628505706787,8.688801765441895,1.1856293678283691,residual_tensor_add+relocate,5,106,COCO_train2014_000000000025,0.04842710494995117,500,500,1.0,none,,24.807510375976562,0.04010022059082985,160,structsplat_best_relocate,SS best + split relocate,Best default geometry/growth plus split-scheduled residual relocation.,best-relocate,0.9584842324256897,0.0033737607300281525,640,0.12097830325365067,l1,24.718856811523438,results/fair_gaussian_variants_20260710_full_external_same_hparams/reconstructions/COCO_train2014_000000000025/640/seed0_structsplat_best_relocate.png,16,0.25,4,at_split,cuda,12.0,12.0,160.0,feature,0,tests/test_images/COCO_train2014_000000000025.jpg,0.8108265995979309,0.3,320,0.5,320,ok,False,False,results/fair_gaussian_variants_20260710_full_external_same_hparams/targets/COCO_train2014_000000000025.png,1.2340564727783203,,160
True,23.93331276773212,,none,,12.0,640,12.0,2.344245433807373,7.669501781463623,1.1200923919677734,residual_tensor_add,5,106,COCO_train2014_000000000025,0.04939913749694824,500,500,1.0,none,,26.701852798461914,0.03185794875025749,160,structsplat_best_adaptive_1p5x,SS best + adaptive 1.5x cap,Best default warm start with adaptive residual growth allowed up to 1.5x the requested cap.,best-adaptive-capacity,0.9766879677772522,0.002232529688626528,960,0.09655939042568207,l1,26.51202964782715,results/fair_gaussian_variants_20260710_full_external_same_hparams/reconstructions/COCO_train2014_000000000025/640/seed0_structsplat_best_adaptive_1p5x.png,,,,,cuda,12.0,12.0,160.0,feature,0,tests/test_images/COCO_train2014_000000000025.jpg,0.8703296184539795,0.3,320,0.5,320,ok,False,False,results/fair_gaussian_variants_20260710_full_external_same_hparams/targets/COCO_train2014_000000000025.png,1.1694915294647217,960,160
False,23.564540016388367,,none,,,640,107.4100112915039,3.973759412765503,12.829302787780762,1.1096045970916748,none,4,106,COCO_train2014_000000000025,0.00054931640625,500,500,1.0,none,,24.866222381591797,0.039100032299757004,160,gaussianimage_fixed_full,GaussianImage fixed,GaussianImage-style random fixed-count control; starts at the final cap and does not grow.,fixed-full,0.970359742641449,0.003347426187247038,640,0.12296272069215775,l1,24.752891540527344,results/fair_gaussian_variants_20260710_full_external_same_hparams/reconstructions/COCO_train2014_000000000025/640/seed0_gaussianimage_fixed_full.png,,,,,cuda,,,,,0,tests/test_images/COCO_train2014_000000000025.jpg,0.8385866284370422,0.3,320,0.5,640,ok,False,False,results/fair_gaussian_variants_20260710_full_external_same_hparams/targets/COCO_train2014_000000000025.png,1.1101539134979248,,160
False,22.205708249537405,,none,,,640,110.53607177734375,4.306162357330322,16.99220085144043,1.0846717357635498,residual_add,4,106,COCO_train2014_000000000025,0.0005054473876953125,500,500,1.0,none,,25.354368209838867,0.038626231253147125,160,gaussianimage_plus_residual,GaussianImage++ residual,GaussianImage++-style analogue: random half-budget start plus residual-add growth.,repo-growth,0.9685763120651245,0.003022272139787674,640,0.11783702671527863,l1,25.196664810180664,results/fair_gaussian_variants_20260710_full_external_same_hparams/reconstructions/COCO_train2014_000000000025/640/seed0_gaussianimage_plus_residual.png,,,,,cuda,,,,,0,tests/test_images/COCO_train2014_000000000025.jpg,0.8279574513435364,0.3,320,0.5,320,ok,False,False,results/fair_gaussian_variants_20260710_full_external_same_hparams/targets/COCO_train2014_000000000025.png,1.0851771831512451,,160
False,22.388510316072818,,none,,,640,75.99785614013672,4.000255584716797,14.826068878173828,1.080824851989746,residual_add,4,106,COCO_train2014_000000000025,0.0027773380279541016,500,500,1.0,none,,25.358659744262695,0.03855093941092491,160,image_gs_residual,Image-GS residual,Image-GS-style analogue: gradient-density random half-budget start plus residual-add growth.,repo-growth,0.968981146812439,0.003012007335200906,640,0.1180545836687088,l1,25.211441040039062,results/fair_gaussian_variants_20260710_full_external_same_hparams/reconstructions/COCO_train2014_000000000025/640/seed0_image_gs_residual.png,,,,,cuda,,,,,0,tests/test_images/COCO_train2014_000000000025.jpg,0.8287278413772583,0.3,320,0.5,320,ok,False,False,results/fair_gaussian_variants_20260710_full_external_same_hparams/targets/COCO_train2014_000000000025.png,1.0836021900177002,,160
False,20.56444066320966,,none,,,640,12.146939277648926,1.1576061248779297,2.832005262374878,1.085151195526123,none,4,106,COCO_train2014_000000000025,0.12299823760986328,500,500,1.0,none,,21.001136779785156,0.04898333549499512,160,instant_gi_quadtree_fixed,Instant-GI quadtree,Instant-GI quadtree/Delaunay fallback if STRUCTSPLAT_INSTANT_GI is configured; fixed count.,fixed-full,0.9228352904319763,0.007762659341096878,640,0.15916064381599426,l1,21.099895477294922,results/fair_gaussian_variants_20260710_full_external_same_hparams/reconstructions/COCO_train2014_000000000025/640/seed0_instant_gi_quadtree_fixed.png,,,,,cuda,,,,,0,tests/test_images/COCO_train2014_000000000025.jpg,0.7558807730674744,0.3,320,0.5,640,ok,False,False,results/fair_gaussian_variants_20260710_full_external_same_hparams/targets/COCO_train2014_000000000025.png,1.2081494331359863,,160
False,22.76811380902369,,none,,,640,160.00001525878906,4.376990795135498,16.618980407714844,1.181830644607544,residual_add,4,106,COCO_train2014_000000000025,0.052141666412353516,500,500,1.0,none,,25.535459518432617,0.037821654230356216,160,structsplat_onedge_residual,SS on-edge + residual,StructSplat on-edge initializer under the same residual-add growth as external analogues.,same-growth,0.9690372943878174,0.002906329696998,640,0.11602350324392319,l1,25.366552352905273,results/fair_gaussian_variants_20260710_full_external_same_hparams/reconstructions/COCO_train2014_000000000025/640/seed0_structsplat_onedge_residual.png,,,,,cuda,,,,,0,tests/test_images/COCO_train2014_000000000025.jpg,0.830642580986023,0.3,320,0.5,320,ok,False,False,results/fair_gaussian_variants_20260710_full_external_same_hparams/targets/COCO_train2014_000000000025.png,1.2339723110198975,,160
False,22.60819296368616,,none,,,640,160.00001525878906,4.892609596252441,17.08066177368164,1.1740009784698486,residual_add+relocate,4,106,COCO_train2014_000000000025,0.05038285255432129,500,500,1.0,none,,25.34033966064453,0.038653694093227386,160,structsplat_onedge_residual_relocate,SS on-edge + residual relocate,StructSplat on-edge residual-add growth plus split-scheduled residual relocation.,same-growth+relocate,0.9677663445472717,0.00301623553968966,640,0.11730640381574631,l1,25.205347061157227,results/fair_gaussian_variants_20260710_full_external_same_hparams/reconstructions/COCO_train2014_000000000025/640/seed0_structsplat_onedge_residual_relocate.png,20,0.25,4,at_split,cuda,,,,,0,tests/test_images/COCO_train2014_000000000025.jpg,0.8273576498031616,0.3,320,0.5,320,ok,False,False,results/fair_gaussian_variants_20260710_full_external_same_hparams/targets/COCO_train2014_000000000025.png,1.22438383102417,,160
False,22.585417319395262,,none,,12.0,640,12.0,2.491551160812378,8.180535316467285,1.0929973125457764,residual_add,4,106,COCO_train2014_000000000025,0.04912281036376953,500,500,1.0,none,,25.58962631225586,0.03767147660255432,160,structsplat_onedge_residual_featurecap,SS on-edge + residual feature cap,StructSplat on-edge residual-add growth with feature-adaptive per-Gaussian scale caps.,same-growth+feature-cap,0.9684908390045166,0.002852813573554158,640,0.11454301327466965,l1,25.447265625,results/fair_gaussian_variants_20260710_full_external_same_hparams/reconstructions/COCO_train2014_000000000025/640/seed0_structsplat_onedge_residual_featurecap.png,,,,,cuda,12.0,12.0,160.0,feature,0,tests/test_images/COCO_train2014_000000000025.jpg,0.8283050060272217,0.3,320,0.5,320,ok,False,False,results/fair_gaussian_variants_20260710_full_external_same_hparams/targets/COCO_train2014_000000000025.png,1.142120122909546,,160
False,22.80899144556814,,none,,,640,96.1120834350586,3.609105348587036,11.829092979431152,1.108349084854126,residual_add,4,106,COCO_train2014_000000000025,0.046880483627319336,500,500,1.0,none,,25.518701553344727,0.03822751343250275,160,structsplat_onedge_residual_feature_rel,SS on-edge + residual feature-rel cap,StructSplat on-edge residual-add growth with feature-relative local-radius scale caps.,same-growth+feature-rel-cap,0.9667088985443115,0.0029095958452671766,640,0.1160176694393158,l1,25.36167335510254,results/fair_gaussian_variants_20260710_full_external_same_hparams/reconstructions/COCO_train2014_000000000025/640/seed0_structsplat_onedge_residual_feature_rel.png,,,,,cuda,,,,feature_rel,0,tests/test_images/COCO_train2014_000000000025.jpg,0.8252963423728943,0.3,320,0.5,320,ok,False,False,results/fair_gaussian_variants_20260710_full_external_same_hparams/targets/COCO_train2014_000000000025.png,1.1552295684814453,,160
False,22.732727947120438,,none,,,640,151.38343811035156,5.10644006729126,19.698320388793945,1.138071060180664,residual_tensor_add,4,106,COCO_train2014_000000000025,0.047766685485839844,500,500,1.0,none,,25.31098175048828,0.03884383291006088,160,structsplat_onedge_tensor,SS on-edge + tensor,StructSplat on-edge initializer plus tensor-aware residual growth.,tensor-growth,0.967360258102417,0.003039260394871235,640,0.11896936595439911,l1,25.172321319580078,results/fair_gaussian_variants_20260710_full_external_same_hparams/reconstructions/COCO_train2014_000000000025/640/seed0_structsplat_onedge_tensor.png,,,,,cuda,,,,,0,tests/test_images/COCO_train2014_000000000025.jpg,0.8254460692405701,0.3,320,0.5,320,ok,False,False,results/fair_gaussian_variants_20260710_full_external_same_hparams/targets/COCO_train2014_000000000025.png,1.185837745666504,,160
False,22.677234502498038,,none,,12.0,640,12.0,2.625255823135376,8.631706237792969,1.1743955612182617,residual_tensor_add,4,106,COCO_train2014_000000000025,0.05083322525024414,500,500,1.0,none,,25.269624710083008,0.03853177651762962,160,structsplat_onedge_tensor_featurecap,SS on-edge + tensor feature cap,StructSplat on-edge tensor-aware residual growth with feature-adaptive scale caps.,tensor-growth+feature-cap,0.9642124772071838,0.0030575445853173733,640,0.11748354882001877,l1,25.146272659301758,results/fair_gaussian_variants_20260710_full_external_same_hparams/reconstructions/COCO_train2014_000000000025/640/seed0_structsplat_onedge_tensor_featurecap.png,,,,,cuda,12.0,12.0,160.0,feature,0,tests/test_images/COCO_train2014_000000000025.jpg,0.8179100155830383,0.3,320,0.5,320,ok,False,False,results/fair_gaussian_variants_20260710_full_external_same_hparams/targets/COCO_train2014_000000000025.png,1.2252287864685059,,160
False,22.72499417016406,,none,,,640,160.00001525878906,4.195338249206543,13.499959945678711,1.1038882732391357,residual_tensor_add,4,106,COCO_train2014_000000000025,0.04855632781982422,500,500,1.0,none,,25.289716720581055,0.038721635937690735,160,structsplat_onedge_tensor_feature_rel,SS on-edge + tensor feature-rel cap,StructSplat on-edge tensor-aware residual growth with feature-relative local-radius caps.,tensor-growth+feature-rel-cap,0.9668416976928711,0.003053019056096673,640,0.11790385097265244,l1,25.1527042388916,results/fair_gaussian_variants_20260710_full_external_same_hparams/reconstructions/COCO_train2014_000000000025/640/seed0_structsplat_onedge_tensor_feature_rel.png,,,,,cuda,,,,feature_rel,0,tests/test_images/COCO_train2014_000000000025.jpg,0.8240604996681213,0.3,320,0.5,320,ok,False,False,results/fair_gaussian_variants_20260710_full_external_same_hparams/targets/COCO_train2014_000000000025.png,1.15244460105896,,160
False,22.770969578163896,,none,,,640,160.00001525878906,5.4346113204956055,19.013607025146484,1.1599600315093994,residual_tensor_add,4,106,COCO_train2014_000000000025,0.04703330993652344,500,500,1.0,none,,25.213775634765625,0.03891471400856972,160,structsplat_flanking_tensor,SS flanking + tensor,StructSplat flanking initializer plus tensor-aware residual growth.,tensor-growth,0.9669486284255981,0.0031029656529426575,640,0.11934293806552887,l1,25.082229614257812,results/fair_gaussian_variants_20260710_full_external_same_hparams/reconstructions/COCO_train2014_000000000025/640/seed0_structsplat_flanking_tensor.png,,,,,cuda,,,,,0,tests/test_images/COCO_train2014_000000000025.jpg,0.8251250386238098,0.3,320,0.5,320,ok,False,False,results/fair_gaussian_variants_20260710_full_external_same_hparams/targets/COCO_train2014_000000000025.png,1.2069933414459229,,160
False,22.696481658843812,,none,,,640,160.00001525878906,4.732540130615234,17.811058044433594,1.0947620868682861,residual_add,4,106,COCO_train2014_000000000025,0.12015676498413086,500,500,1.0,none,,25.421817779541016,0.03847311809659004,160,structsplat_quadtree_wse_residual,SS qt-WSE + residual,StructSplat quadtree-WSE initializer under the same residual-add growth as external analogues.,same-growth,0.9679978489875793,0.0029821977950632572,640,0.11714939773082733,l1,25.254638671875,results/fair_gaussian_variants_20260710_full_external_same_hparams/reconstructions/COCO_train2014_000000000025/640/seed0_structsplat_quadtree_wse_residual.png,,,,,cuda,,,,,0,tests/test_images/COCO_train2014_000000000025.jpg,0.8286269903182983,0.3,320,0.5,320,ok,False,False,results/fair_gaussian_variants_20260710_full_external_same_hparams/targets/COCO_train2014_000000000025.png,1.214918851852417,,160
False,22.522162102984044,,none,,,640,160.00001525878906,4.9252448081970215,18.131221771240234,1.1122727394104004,residual_add+relocate,4,106,COCO_train2014_000000000025,0.1153266429901123,500,500,1.0,none,,25.297927856445312,0.0389716699719429,160,structsplat_quadtree_wse_residual_relocate,SS qt-WSE + residual relocate,StructSplat quadtree-WSE residual-add growth plus split-scheduled residual relocation.,same-growth+relocate,0.9675260782241821,0.0030504073947668076,640,0.11881662905216217,l1,25.156421661376953,results/fair_gaussian_variants_20260710_full_external_same_hparams/reconstructions/COCO_train2014_000000000025/640/seed0_structsplat_quadtree_wse_residual_relocate.png,20,0.25,4,at_split,cuda,,,,,0,tests/test_images/COCO_train2014_000000000025.jpg,0.8252350687980652,0.3,320,0.5,320,ok,False,False,results/fair_gaussian_variants_20260710_full_external_same_hparams/targets/COCO_train2014_000000000025.png,1.2275993824005127,,160
False,22.561222152862854,,none,,12.0,640,12.0,2.5707037448883057,8.363112449645996,1.1210365295410156,residual_add,4,106,COCO_train2014_000000000025,0.11592388153076172,500,500,1.0,none,,25.320280075073242,0.0385507196187973,160,structsplat_quadtree_wse_residual_featurecap,SS qt-WSE + residual feature cap,StructSplat quadtree-WSE residual-add growth with feature-adaptive scale caps.,same-growth+feature-cap,0.9657210111618042,0.0030265310779213905,640,0.11866249889135361,l1,25.190547943115234,results/fair_gaussian_variants_20260710_full_external_same_hparams/reconstructions/COCO_train2014_000000000025/640/seed0_structsplat_quadtree_wse_residual_featurecap.png,,,,,cuda,12.0,12.0,160.0,feature,0,tests/test_images/COCO_train2014_000000000025.jpg,0.8195989727973938,0.3,320,0.5,320,ok,False,False,results/fair_gaussian_variants_20260710_full_external_same_hparams/targets/COCO_train2014_000000000025.png,1.2369604110717773,,160
False,22.830637161621826,,none,,,640,160.00001525878906,4.024111747741699,12.927664756774902,1.0969493389129639,residual_add,4,106,COCO_train2014_000000000025,0.11580276489257812,500,500,1.0,none,,25.66901969909668,0.03755771368741989,160,structsplat_quadtree_wse_residual_feature_rel,SS qt-WSE + residual feature-rel cap,StructSplat quadtree-WSE residual-add growth with feature-relative local-radius caps.,same-growth+feature-rel-cap,0.9693688750267029,0.0028289363253861666,640,0.11390496045351028,l1,25.4837703704834,results/fair_gaussian_variants_20260710_full_external_same_hparams/reconstructions/COCO_train2014_000000000025/640/seed0_structsplat_quadtree_wse_residual_feature_rel.png,,,,,cuda,,,,feature_rel,0,tests/test_images/COCO_train2014_000000000025.jpg,0.830494225025177,0.3,320,0.5,320,ok,False,False,results/fair_gaussian_variants_20260710_full_external_same_hparams/targets/COCO_train2014_000000000025.png,1.212752103805542,,160
False,22.616049424440924,,none,,,640,160.00001525878906,5.077640056610107,17.757980346679688,1.1776454448699951,residual_tensor_add,4,106,COCO_train2014_000000000025,0.11669063568115234,500,500,1.0,none,,25.179710388183594,0.03926808387041092,160,structsplat_quadtree_wse_tensor,SS qt-WSE + tensor,StructSplat quadtree-WSE initializer plus tensor-aware residual growth.,tensor-growth,0.9638060331344604,0.003136102110147476,640,0.1195579469203949,l1,25.03609848022461,results/fair_gaussian_variants_20260710_full_external_same_hparams/reconstructions/COCO_train2014_000000000025/640/seed0_structsplat_quadtree_wse_tensor.png,,,,,cuda,,,,,0,tests/test_images/COCO_train2014_000000000025.jpg,0.8180856108665466,0.3,320,0.5,320,ok,False,False,results/fair_gaussian_variants_20260710_full_external_same_hparams/targets/COCO_train2014_000000000025.png,1.2943360805511475,,160
False,22.607294229801767,,none,,12.0,640,12.0,2.61664080619812,8.548379898071289,1.1885676383972168,residual_tensor_add,4,106,COCO_train2014_000000000025,0.11599898338317871,500,500,1.0,none,,25.135478973388672,0.0385449044406414,160,structsplat_quadtree_wse_tensor_featurecap,SS qt-WSE + tensor feature cap,StructSplat quadtree-WSE tensor-aware residual growth with feature-adaptive scale caps.,tensor-growth+feature-cap,0.9663904905319214,0.0031689528841525316,640,0.11737347394227982,l1,24.990842819213867,results/fair_gaussian_variants_20260710_full_external_same_hparams/reconstructions/COCO_train2014_000000000025/640/seed0_structsplat_quadtree_wse_tensor_featurecap.png,,,,,cuda,12.0,12.0,160.0,feature,0,tests/test_images/COCO_train2014_000000000025.jpg,0.8238085508346558,0.3,320,0.5,320,ok,False,False,results/fair_gaussian_variants_20260710_full_external_same_hparams/targets/COCO_train2014_000000000025.png,1.3045666217803955,,160
False,22.668488863713755,,none,,,640,160.00001525878906,4.760543346405029,15.515511512756348,1.129129409790039,residual_tensor_add,4,106,COCO_train2014_000000000025,0.11620569229125977,500,500,1.0,none,,25.34838104248047,0.03862663358449936,160,structsplat_quadtree_wse_tensor_feature_rel,SS qt-WSE + tensor feature-rel cap,StructSplat quadtree-WSE tensor-aware residual growth with feature-relative local-radius caps.,tensor-growth+feature-rel-cap,0.9666280150413513,0.0030126385390758514,640,0.11834927648305893,l1,25.210529327392578,results/fair_gaussian_variants_20260710_full_external_same_hparams/reconstructions/COCO_train2014_000000000025/640/seed0_structsplat_quadtree_wse_tensor_feature_rel.png,,,,,cuda,,,,feature_rel,0,tests/test_images/COCO_train2014_000000000025.jpg,0.8234606981277466,0.3,320,0.5,320,ok,False,False,results/fair_gaussian_variants_20260710_full_external_same_hparams/targets/COCO_train2014_000000000025.png,1.2453351020812988,,160
False,22.719206613146948,,none,,,640,160.00001525878906,5.006990432739258,18.060277938842773,1.103334903717041,residual_tensor_add,4,106,COCO_train2014_000000000025,0.06214261054992676,500,500,1.0,none,,25.411767959594727,0.03833618015050888,160,structsplat_quadtree_hybrid_tensor,SS qt-hybrid + tensor,StructSplat quadtree-hybrid initializer plus tensor-aware residual growth.,tensor-growth,0.9684224724769592,0.002966226078569889,640,0.11698635667562485,l1,25.2779598236084,results/fair_gaussian_variants_20260710_full_external_same_hparams/reconstructions/COCO_train2014_000000000025/640/seed0_structsplat_quadtree_hybrid_tensor.png,,,,,cuda,,,,,0,tests/test_images/COCO_train2014_000000000025.jpg,0.830453097820282,0.3,320,0.5,320,ok,False,False,results/fair_gaussian_variants_20260710_full_external_same_hparams/targets/COCO_train2014_000000000025.png,1.1654775142669678,,160
False,22.47036498725295,,none,,,640,160.00001525878906,5.99240779876709,23.20485496520996,1.137603521347046,residual_tensor_add,4,106,COCO_train2014_000000000025,0.02164602279663086,500,500,1.0,none,,25.06888198852539,0.04012013226747513,160,floyd_steinberg_tensor,Floyd + tensor,Floyd-Steinberg placement control plus tensor-aware residual growth.,tensor-growth-control,0.963762104511261,0.0032228808850049973,640,0.1219576820731163,l1,24.917556762695312,results/fair_gaussian_variants_20260710_full_external_same_hparams/reconstructions/COCO_train2014_000000000025/640/seed0_floyd_steinberg_tensor.png,,,,,cuda,,,,,0,tests/test_images/COCO_train2014_000000000025.jpg,0.8147831559181213,0.3,320,0.5,320,ok,False,False,results/fair_gaussian_variants_20260710_full_external_same_hparams/targets/COCO_train2014_000000000025.png,1.1592495441436768,,160
False,23.125387885527523,,none,,12.0,640,12.0,2.579209089279175,8.135912895202637,1.0728416442871094,residual_tensor_add,5,106,COCO_train2014_000000000025,0.04660391807556152,500,500,1.0,none,,25.364356994628906,0.03864792734384537,160,structsplat_best_default,SS best default,"Pinned current Gaussian-image winner: aniso_onedge + WSE, feature cap 12@160, tensor-aware residual growth, 5 growth waves, L1 + 0.3 SSIM.",best-default,0.9643811583518982,0.003005332313477993,640,0.11725117266178131,l1,25.22107696533203,results/fair_gaussian_variants_20260710_full_external_same_hparams/reconstructions/COCO_train2014_000000000025/640/seed1_structsplat_best_default.png,,,,,cuda,12.0,12.0,160.0,feature,1,tests/test_images/COCO_train2014_000000000025.jpg,0.8179745674133301,0.3,320,0.5,320,ok,False,False,results/fair_gaussian_variants_20260710_full_external_same_hparams/targets/COCO_train2014_000000000025.png,1.119445562362671,,160
False,23.24298125135158,,none,,12.0,640,12.0,2.706122636795044,8.690357208251953,1.0775973796844482,residual_tensor_add,5,106,COCO_train2014_000000000025,0.04686164855957031,500,500,1.0,none,,25.397932052612305,0.03736676648259163,160,structsplat_best_ssim010,SS best + SSIM 0.10,Best default geometry/growth with SSIM weight lowered to 0.10 for lower pixel diff.,best-loss-sweep,0.9639248251914978,0.0029803523793816566,640,0.11718747764825821,l1,25.25732421875,results/fair_gaussian_variants_20260710_full_external_same_hparams/reconstructions/COCO_train2014_000000000025/640/seed1_structsplat_best_ssim010.png,,,,,cuda,12.0,12.0,160.0,feature,1,tests/test_images/COCO_train2014_000000000025.jpg,0.8040422201156616,0.1,320,0.5,320,ok,False,False,results/fair_gaussian_variants_20260710_full_external_same_hparams/targets/COCO_train2014_000000000025.png,1.1244590282440186,,160
False,22.783191629306586,,none,,12.0,640,12.0,3.0029489994049072,9.734100341796875,0.7992627620697021,residual_tensor_add,5,106,COCO_train2014_000000000025,0.04659008979797363,500,500,1.0,none,,24.66316032409668,0.03902067616581917,160,structsplat_best_l1_only,SS best + L1 only,Best default geometry/growth with pure L1 pixel loss and no SSIM term.,best-loss-sweep,0.9542143940925598,0.003499040612950921,640,0.12932582199573517,l1,24.560510635375977,results/fair_gaussian_variants_20260710_full_external_same_hparams/reconstructions/COCO_train2014_000000000025/640/seed1_structsplat_best_l1_only.png,,,,,cuda,12.0,12.0,160.0,feature,1,tests/test_images/COCO_train2014_000000000025.jpg,0.7580751180648804,0.0,320,0.5,320,ok,False,False,results/fair_gaussian_variants_20260710_full_external_same_hparams/targets/COCO_train2014_000000000025.png,0.8458528518676758,,160
False,23.219431378320607,,none,,12.0,640,12.0,2.710594654083252,8.893808364868164,1.1208548545837402,residual_tensor_add,5,106,COCO_train2014_000000000025,0.04982614517211914,500,500,1.0,none,,25.297653198242188,0.03760998696088791,160,structsplat_best_charbonnier,SS best + Charbonnier,Best default geometry/growth with Charbonnier pixel loss and SSIM weight 0.10.,best-loss-sweep,0.9636930823326111,0.0030625397339463234,640,0.11996795237064362,charbonnier,25.139183044433594,results/fair_gaussian_variants_20260710_full_external_same_hparams/reconstructions/COCO_train2014_000000000025/640/seed1_structsplat_best_charbonnier.png,,,,,cuda,12.0,12.0,160.0,feature,1,tests/test_images/COCO_train2014_000000000025.jpg,0.8001188039779663,0.1,320,0.5,320,ok,False,False,results/fair_gaussian_variants_20260710_full_external_same_hparams/targets/COCO_train2014_000000000025.png,1.1706809997558594,,160
False,23.199193845531028,,none,,12.0,640,12.0,2.5729329586029053,8.319501876831055,1.166109561920166,residual_tensor_add,5,106,COCO_train2014_000000000025,0.04770970344543457,500,500,1.0,tensor,,25.496929168701172,0.03789437562227249,160,structsplat_best_tensor_loss,SS best + tensor loss,Best default geometry/growth with tensor-weighted pixel loss to emphasize edges.,best-edge-loss,0.9670632481575012,0.0029113811906427145,640,0.11610647290945053,l1,25.3590087890625,results/fair_gaussian_variants_20260710_full_external_same_hparams/reconstructions/COCO_train2014_000000000025/640/seed1_structsplat_best_tensor_loss.png,,,,,cuda,12.0,12.0,160.0,feature,1,tests/test_images/COCO_train2014_000000000025.jpg,0.8237473368644714,0.3,320,0.5,320,ok,False,False,results/fair_gaussian_variants_20260710_full_external_same_hparams/targets/COCO_train2014_000000000025.png,1.2138192653656006,,160
False,23.13363797678976,,final,,12.0,640,12.0,2.554593801498413,8.126465797424316,1.2671561241149902,residual_tensor_add,5,106,COCO_train2014_000000000025,0.0475313663482666,500,500,1.0,none,,25.690385818481445,0.03798411414027214,160,structsplat_best_color_final,SS best + final color solve,Best default geometry/growth with a final fixed-geometry RGB least-squares color solve.,best-color-polish,0.9681912064552307,0.002787981415167451,640,0.1126643568277359,l1,25.547101974487305,results/fair_gaussian_variants_20260710_full_external_same_hparams/reconstructions/COCO_train2014_000000000025/640/seed1_structsplat_best_color_final.png,,,,,cuda,12.0,12.0,160.0,feature,1,tests/test_images/COCO_train2014_000000000025.jpg,0.8164359331130981,0.3,320,0.5,320,ok,False,False,results/fair_gaussian_variants_20260710_full_external_same_hparams/targets/COCO_train2014_000000000025.png,1.3146874904632568,,160
False,22.950174679498158,,none,,12.0,640,12.0,2.7949893474578857,8.771036148071289,1.2771294116973877,residual_tensor_add+relocate,5,106,COCO_train2014_000000000025,0.0481107234954834,500,500,1.0,none,,24.73027992248535,0.04061904549598694,160,structsplat_best_relocate,SS best + split relocate,Best default geometry/growth plus split-scheduled residual relocation.,best-relocate,0.9549865126609802,0.0034244477283209562,640,0.1243574470281601,l1,24.654094696044922,results/fair_gaussian_variants_20260710_full_external_same_hparams/reconstructions/COCO_train2014_000000000025/640/seed1_structsplat_best_relocate.png,16,0.25,4,at_split,cuda,12.0,12.0,160.0,feature,1,tests/test_images/COCO_train2014_000000000025.jpg,0.8073443174362183,0.3,320,0.5,320,ok,False,False,results/fair_gaussian_variants_20260710_full_external_same_hparams/targets/COCO_train2014_000000000025.png,1.325240135192871,,160
True,24.0779285774919,,none,,12.0,640,12.0,2.506917953491211,8.187758445739746,1.1522126197814941,residual_tensor_add,5,106,COCO_train2014_000000000025,0.04716229438781738,500,500,1.0,none,,27.308168411254883,0.030980834737420082,160,structsplat_best_adaptive_1p5x,SS best + adaptive 1.5x cap,Best default warm start with adaptive residual growth allowed up to 1.5x the requested cap.,best-adaptive-capacity,0.9784621596336365,0.0019440057221800089,960,0.09417465329170227,l1,27.113025665283203,results/fair_gaussian_variants_20260710_full_external_same_hparams/reconstructions/COCO_train2014_000000000025/640/seed1_structsplat_best_adaptive_1p5x.png,,,,,cuda,12.0,12.0,160.0,feature,1,tests/test_images/COCO_train2014_000000000025.jpg,0.8760210871696472,0.3,320,0.5,320,ok,False,False,results/fair_gaussian_variants_20260710_full_external_same_hparams/targets/COCO_train2014_000000000025.png,1.1993749141693115,960,160
False,23.443550211155344,,none,,,640,156.51675415039062,4.0840888023376465,13.88886547088623,1.217972993850708,none,4,106,COCO_train2014_000000000025,0.00040030479431152344,500,500,1.0,none,,24.788345336914062,0.03911564126610756,160,gaussianimage_fixed_full,GaussianImage fixed,GaussianImage-style random fixed-count control; starts at the final cap and does not grow.,fixed-full,0.9691693186759949,0.0034476700238883495,640,0.12389270216226578,l1,24.624744415283203,results/fair_gaussian_variants_20260710_full_external_same_hparams/reconstructions/COCO_train2014_000000000025/640/seed1_gaussianimage_fixed_full.png,,,,,cuda,,,,,1,tests/test_images/COCO_train2014_000000000025.jpg,0.8344780206680298,0.3,320,0.5,640,ok,False,False,results/fair_gaussian_variants_20260710_full_external_same_hparams/targets/COCO_train2014_000000000025.png,1.2183732986450195,,160
False,22.176624145202027,,none,,,640,160.00001525878906,5.130953788757324,19.017105102539062,1.1456348896026611,residual_add,4,106,COCO_train2014_000000000025,0.00038623809814453125,500,500,1.0,none,,25.266822814941406,0.0392291359603405,160,gaussianimage_plus_residual,GaussianImage++ residual,GaussianImage++-style analogue: random half-budget start plus residual-add growth.,repo-growth,0.9675953388214111,0.003094885963946581,640,0.1199980080127716,l1,25.09355354309082,results/fair_gaussian_variants_20260710_full_external_same_hparams/reconstructions/COCO_train2014_000000000025/640/seed1_gaussianimage_plus_residual.png,,,,,cuda,,,,,1,tests/test_images/COCO_train2014_000000000025.jpg,0.8236140012741089,0.3,320,0.5,320,ok,False,False,results/fair_gaussian_variants_20260710_full_external_same_hparams/targets/COCO_train2014_000000000025.png,1.1460211277008057,,160
False,22.28182780049846,,none,,,640,143.20745849609375,4.445061683654785,16.788270950317383,1.0768358707427979,residual_add,4,106,COCO_train2014_000000000025,0.0027399063110351562,500,500,1.0,none,,25.289085388183594,0.03874807804822922,160,image_gs_residual,Image-GS residual,Image-GS-style analogue: gradient-density random half-budget start plus residual-add growth.,repo-growth,0.9688796997070312,0.0030623406637459993,640,0.11888810992240906,l1,25.13946533203125,results/fair_gaussian_variants_20260710_full_external_same_hparams/reconstructions/COCO_train2014_000000000025/640/seed1_image_gs_residual.png,,,,,cuda,,,,,1,tests/test_images/COCO_train2014_000000000025.jpg,0.8257516622543335,0.3,320,0.5,320,ok,False,False,results/fair_gaussian_variants_20260710_full_external_same_hparams/targets/COCO_train2014_000000000025.png,1.079575777053833,,160
False,17.82537058503451,,none,,,640,17.193288803100586,1.096680998802185,2.6599254608154297,1.099640130996704,none,4,106,COCO_train2014_000000000025,0.12218499183654785,500,500,1.0,none,,18.61934471130371,0.05852500721812248,160,instant_gi_quadtree_fixed,Instant-GI quadtree,Instant-GI quadtree/Delaunay fallback if STRUCTSPLAT_INSTANT_GI is configured; fixed count.,fixed-full,0.8904281258583069,0.013406558893620968,640,0.2086527794599533,l1,18.72682762145996,results/fair_gaussian_variants_20260710_full_external_same_hparams/reconstructions/COCO_train2014_000000000025/640/seed1_instant_gi_quadtree_fixed.png,,,,,cuda,,,,,1,tests/test_images/COCO_train2014_000000000025.jpg,0.7219518423080444,0.3,320,0.5,640,ok,False,False,results/fair_gaussian_variants_20260710_full_external_same_hparams/targets/COCO_train2014_000000000025.png,1.221825122833252,,160
False,22.673564863109398,,none,,,640,125.12732696533203,4.561772346496582,16.451974868774414,1.1213250160217285,residual_add,4,106,COCO_train2014_000000000025,0.046390533447265625,500,500,1.0,none,,25.467073440551758,0.03825175389647484,160,structsplat_onedge_residual,SS on-edge + residual,StructSplat on-edge initializer under the same residual-add growth as external analogues.,same-growth,0.9678459167480469,0.002943615894764662,640,0.11636839061975479,l1,25.311187744140625,results/fair_gaussian_variants_20260710_full_external_same_hparams/reconstructions/COCO_train2014_000000000025/640/seed1_structsplat_onedge_residual.png,,,,,cuda,,,,,1,tests/test_images/COCO_train2014_000000000025.jpg,0.826424777507782,0.3,320,0.5,320,ok,False,False,results/fair_gaussian_variants_20260710_full_external_same_hparams/targets/COCO_train2014_000000000025.png,1.1677155494689941,,160
False,22.403028748078434,,none,,,640,160.00001525878906,5.159489631652832,17.01035499572754,1.1220924854278564,residual_add+relocate,4,106,COCO_train2014_000000000025,0.04686999320983887,500,500,1.0,none,,25.174304962158203,0.0394420400261879,160,structsplat_onedge_residual_relocate,SS on-edge + residual relocate,StructSplat on-edge residual-add growth plus split-scheduled residual relocation.,same-growth+relocate,0.9655666351318359,0.003140064189210534,640,0.11989911645650864,l1,25.030614852905273,results/fair_gaussian_variants_20260710_full_external_same_hparams/reconstructions/COCO_train2014_000000000025/640/seed1_structsplat_onedge_residual_relocate.png,20,0.25,4,at_split,cuda,,,,,1,tests/test_images/COCO_train2014_000000000025.jpg,0.8184492588043213,0.3,320,0.5,320,ok,False,False,results/fair_gaussian_variants_20260710_full_external_same_hparams/targets/COCO_train2014_000000000025.png,1.1689624786376953,,160
False,22.50432494933715,,none,,12.0,640,12.0,2.6051065921783447,8.267719268798828,1.0645461082458496,residual_add,4,106,COCO_train2014_000000000025,0.04854011535644531,500,500,1.0,none,,25.13930320739746,0.03866031393408775,160,structsplat_onedge_residual_featurecap,SS on-edge + residual feature cap,StructSplat on-edge residual-add growth with feature-adaptive per-Gaussian scale caps.,same-growth+feature-cap,0.9657828211784363,0.0031449352391064167,640,0.11733195930719376,l1,25.023881912231445,results/fair_gaussian_variants_20260710_full_external_same_hparams/reconstructions/COCO_train2014_000000000025/640/seed1_structsplat_onedge_residual_featurecap.png,,,,,cuda,12.0,12.0,160.0,feature,1,tests/test_images/COCO_train2014_000000000025.jpg,0.8173151612281799,0.3,320,0.5,320,ok,False,False,results/fair_gaussian_variants_20260710_full_external_same_hparams/targets/COCO_train2014_000000000025.png,1.113086223602295,,160
False,22.79225719046736,,none,,,640,126.01602172851562,3.8907570838928223,12.638023376464844,1.130624532699585,residual_add,4,106,COCO_train2014_000000000025,0.04818248748779297,500,500,1.0,none,,25.402402877807617,0.038412485271692276,160,structsplat_onedge_residual_feature_rel,SS on-edge + residual feature-rel cap,StructSplat on-edge residual-add growth with feature-relative local-radius scale caps.,same-growth+feature-rel-cap,0.9671139717102051,0.0029820124618709087,640,0.11723233014345169,l1,25.254905700683594,results/fair_gaussian_variants_20260710_full_external_same_hparams/reconstructions/COCO_train2014_000000000025/640/seed1_structsplat_onedge_residual_feature_rel.png,,,,,cuda,,,,feature_rel,1,tests/test_images/COCO_train2014_000000000025.jpg,0.8230883479118347,0.3,320,0.5,320,ok,False,False,results/fair_gaussian_variants_20260710_full_external_same_hparams/targets/COCO_train2014_000000000025.png,1.178807020187378,,160
False,22.67111873626709,,none,,,640,160.00001525878906,5.18203067779541,18.009607315063477,1.0987589359283447,residual_tensor_add,4,106,COCO_train2014_000000000025,0.048593759536743164,500,500,1.0,none,,25.246261596679688,0.03918011859059334,160,structsplat_onedge_tensor,SS on-edge + tensor,StructSplat on-edge initializer plus tensor-aware residual growth.,tensor-growth,0.9655134677886963,0.0031011260580271482,640,0.11907322704792023,l1,25.08480453491211,results/fair_gaussian_variants_20260710_full_external_same_hparams/reconstructions/COCO_train2014_000000000025/640/seed1_structsplat_onedge_tensor.png,,,,,cuda,,,,,1,tests/test_images/COCO_train2014_000000000025.jpg,0.8230727314949036,0.3,320,0.5,320,ok,False,False,results/fair_gaussian_variants_20260710_full_external_same_hparams/targets/COCO_train2014_000000000025.png,1.147352695465088,,160
False,22.740242329293597,,none,,12.0,640,12.0,2.624028205871582,8.75275993347168,1.0817196369171143,residual_tensor_add,4,106,COCO_train2014_000000000025,0.047338247299194336,500,500,1.0,none,,25.40428352355957,0.03798521310091019,160,structsplat_onedge_tensor_featurecap,SS on-edge + tensor feature cap,StructSplat on-edge tensor-aware residual growth with feature-adaptive scale caps.,tensor-growth+feature-cap,0.9669628143310547,0.0029670516960322857,640,0.11598625034093857,l1,25.276748657226562,results/fair_gaussian_variants_20260710_full_external_same_hparams/reconstructions/COCO_train2014_000000000025/640/seed1_structsplat_onedge_tensor_featurecap.png,,,,,cuda,12.0,12.0,160.0,feature,1,tests/test_images/COCO_train2014_000000000025.jpg,0.8223667144775391,0.3,320,0.5,320,ok,False,False,results/fair_gaussian_variants_20260710_full_external_same_hparams/targets/COCO_train2014_000000000025.png,1.1290578842163086,,160
False,22.64378771084344,,none,,,640,160.00001525878906,4.3550310134887695,13.51114559173584,1.1557590961456299,residual_tensor_add,4,106,COCO_train2014_000000000025,0.04710268974304199,500,500,1.0,none,,25.24633026123047,0.038975562900304794,160,structsplat_onedge_tensor_feature_rel,SS on-edge + tensor feature-rel cap,StructSplat on-edge tensor-aware residual growth with feature-relative local-radius caps.,tensor-growth+feature-rel-cap,0.9665515422821045,0.003094576532021165,640,0.11970124393701553,l1,25.093990325927734,results/fair_gaussian_variants_20260710_full_external_same_hparams/reconstructions/COCO_train2014_000000000025/640/seed1_structsplat_onedge_tensor_feature_rel.png,,,,,cuda,,,,feature_rel,1,tests/test_images/COCO_train2014_000000000025.jpg,0.8237153887748718,0.3,320,0.5,320,ok,False,False,results/fair_gaussian_variants_20260710_full_external_same_hparams/targets/COCO_train2014_000000000025.png,1.2028617858886719,,160
False,22.779605584536384,,none,,,640,145.34506225585938,5.0081095695495605,19.323225021362305,1.1798388957977295,residual_tensor_add,4,106,COCO_train2014_000000000025,0.047981977462768555,500,500,1.0,none,,25.31664276123047,0.038857847452163696,160,structsplat_flanking_tensor,SS flanking + tensor,StructSplat flanking initializer plus tensor-aware residual growth.,tensor-growth,0.9669622778892517,0.00303720124065876,640,0.1175849586725235,l1,25.175264358520508,results/fair_gaussian_variants_20260710_full_external_same_hparams/reconstructions/COCO_train2014_000000000025/640/seed1_structsplat_flanking_tensor.png,,,,,cuda,,,,,1,tests/test_images/COCO_train2014_000000000025.jpg,0.8250871300697327,0.3,320,0.5,320,ok,False,False,results/fair_gaussian_variants_20260710_full_external_same_hparams/targets/COCO_train2014_000000000025.png,1.227820873260498,,160
False,22.729991052814857,,none,,,640,160.00001525878906,5.0850510597229,19.39720344543457,1.166733741760254,residual_add,4,106,COCO_train2014_000000000025,0.11480259895324707,500,500,1.0,none,,25.311424255371094,0.03880986198782921,160,structsplat_quadtree_wse_residual,SS qt-WSE + residual,StructSplat quadtree-WSE initializer under the same residual-add growth as external analogues.,same-growth,0.9665753841400146,0.0030465498566627502,640,0.11893989145755768,l1,25.161916732788086,results/fair_gaussian_variants_20260710_full_external_same_hparams/reconstructions/COCO_train2014_000000000025/640/seed1_structsplat_quadtree_wse_residual.png,,,,,cuda,,,,,1,tests/test_images/COCO_train2014_000000000025.jpg,0.821636974811554,0.3,320,0.5,320,ok,False,False,results/fair_gaussian_variants_20260710_full_external_same_hparams/targets/COCO_train2014_000000000025.png,1.281536340713501,,160
False,22.588130656607404,,none,,,640,160.00001525878906,6.141681671142578,21.948619842529297,1.2636058330535889,residual_add+relocate,4,106,COCO_train2014_000000000025,0.11666727066040039,500,500,1.0,none,,25.180768966674805,0.03929056599736214,160,structsplat_quadtree_wse_residual_relocate,SS qt-WSE + residual relocate,StructSplat quadtree-WSE residual-add growth plus split-scheduled residual relocation.,same-growth+relocate,0.9661896228790283,0.003116249805316329,640,0.1195874959230423,l1,25.063676834106445,results/fair_gaussian_variants_20260710_full_external_same_hparams/reconstructions/COCO_train2014_000000000025/640/seed1_structsplat_quadtree_wse_residual_relocate.png,20,0.25,4,at_split,cuda,,,,,1,tests/test_images/COCO_train2014_000000000025.jpg,0.8202422261238098,0.3,320,0.5,320,ok,False,False,results/fair_gaussian_variants_20260710_full_external_same_hparams/targets/COCO_train2014_000000000025.png,1.3802731037139893,,160
False,22.54242331135966,,none,,12.0,640,12.0,2.5905213356018066,8.43360424041748,1.1228978633880615,residual_add,4,106,COCO_train2014_000000000025,0.11803698539733887,500,500,1.0,none,,25.334739685058594,0.038692906498909,160,structsplat_quadtree_wse_residual_featurecap,SS qt-WSE + residual feature cap,StructSplat quadtree-WSE residual-add growth with feature-adaptive scale caps.,same-growth+feature-cap,0.9658532738685608,0.0030201475601643324,640,0.1182485893368721,l1,25.199718475341797,results/fair_gaussian_variants_20260710_full_external_same_hparams/reconstructions/COCO_train2014_000000000025/640/seed1_structsplat_quadtree_wse_residual_featurecap.png,,,,,cuda,12.0,12.0,160.0,feature,1,tests/test_images/COCO_train2014_000000000025.jpg,0.8181905150413513,0.3,320,0.5,320,ok,False,False,results/fair_gaussian_variants_20260710_full_external_same_hparams/targets/COCO_train2014_000000000025.png,1.2409348487854004,,160
False,22.947084839692813,,none,,,640,128.6414337158203,4.519714832305908,14.066859245300293,1.1082735061645508,residual_add,4,106,COCO_train2014_000000000025,0.1133275032043457,500,500,1.0,none,,25.4527645111084,0.038192857056856155,160,structsplat_quadtree_wse_residual_feature_rel,SS qt-WSE + residual feature-rel cap,StructSplat quadtree-WSE residual-add growth with feature-relative local-radius caps.,same-growth+feature-rel-cap,0.9686422944068909,0.002930967602878809,640,0.1170889213681221,l1,25.329891204833984,results/fair_gaussian_variants_20260710_full_external_same_hparams/reconstructions/COCO_train2014_000000000025/640/seed1_structsplat_quadtree_wse_residual_feature_rel.png,,,,,cuda,,,,feature_rel,1,tests/test_images/COCO_train2014_000000000025.jpg,0.8263481259346008,0.3,320,0.5,320,ok,False,False,results/fair_gaussian_variants_20260710_full_external_same_hparams/targets/COCO_train2014_000000000025.png,1.2216010093688965,,160
False,22.787034285092403,,none,,,640,160.00001525878906,5.743415355682373,19.665851593017578,1.166687250137329,residual_tensor_add,4,106,COCO_train2014_000000000025,0.11343097686767578,500,500,1.0,none,,25.26934051513672,0.03916315361857414,160,structsplat_quadtree_wse_tensor,SS qt-WSE + tensor,StructSplat quadtree-WSE initializer plus tensor-aware residual growth.,tensor-growth,0.9667015671730042,0.0030628161039203405,640,0.11924964189529419,l1,25.1387939453125,results/fair_gaussian_variants_20260710_full_external_same_hparams/reconstructions/COCO_train2014_000000000025/640/seed1_structsplat_quadtree_wse_tensor.png,,,,,cuda,,,,,1,tests/test_images/COCO_train2014_000000000025.jpg,0.8235074877738953,0.3,320,0.5,320,ok,False,False,results/fair_gaussian_variants_20260710_full_external_same_hparams/targets/COCO_train2014_000000000025.png,1.2801182270050049,,160
False,22.616619238155877,,none,,12.0,640,12.0,2.6826179027557373,8.586665153503418,1.1274266242980957,residual_tensor_add,4,106,COCO_train2014_000000000025,0.11547136306762695,500,500,1.0,none,,25.377620697021484,0.03853299841284752,160,structsplat_quadtree_wse_tensor_featurecap,SS qt-WSE + tensor feature cap,StructSplat quadtree-WSE tensor-aware residual growth with feature-adaptive scale caps.,tensor-growth+feature-cap,0.9645241498947144,0.0029960242100059986,640,0.11717575043439865,l1,25.234546661376953,results/fair_gaussian_variants_20260710_full_external_same_hparams/reconstructions/COCO_train2014_000000000025/640/seed1_structsplat_quadtree_wse_tensor_featurecap.png,,,,,cuda,12.0,12.0,160.0,feature,1,tests/test_images/COCO_train2014_000000000025.jpg,0.819830596446991,0.3,320,0.5,320,ok,False,False,results/fair_gaussian_variants_20260710_full_external_same_hparams/targets/COCO_train2014_000000000025.png,1.2428979873657227,,160
False,22.788761826937566,,none,,,640,160.00001525878906,4.830855846405029,14.85027027130127,1.1318364143371582,residual_tensor_add,4,106,COCO_train2014_000000000025,0.11671209335327148,500,500,1.0,none,,25.385101318359375,0.0385640449821949,160,structsplat_quadtree_wse_tensor_feature_rel,SS qt-WSE + tensor feature-rel cap,StructSplat quadtree-WSE tensor-aware residual growth with feature-relative local-radius caps.,tensor-growth+feature-rel-cap,0.968689501285553,0.0029949115123599768,640,0.11750436574220657,l1,25.236160278320312,results/fair_gaussian_variants_20260710_full_external_same_hparams/reconstructions/COCO_train2014_000000000025/640/seed1_structsplat_quadtree_wse_tensor_feature_rel.png,,,,,cuda,,,,feature_rel,1,tests/test_images/COCO_train2014_000000000025.jpg,0.8282604217529297,0.3,320,0.5,320,ok,False,False,results/fair_gaussian_variants_20260710_full_external_same_hparams/targets/COCO_train2014_000000000025.png,1.2485485076904297,,160
False,22.690081837182056,,none,,,640,160.00001525878906,5.426986217498779,21.24341583251953,1.0837194919586182,residual_tensor_add,4,106,COCO_train2014_000000000025,0.06034731864929199,500,500,1.0,none,,25.26675033569336,0.039134930819272995,160,structsplat_quadtree_hybrid_tensor,SS qt-hybrid + tensor,StructSplat quadtree-hybrid initializer plus tensor-aware residual growth.,tensor-growth,0.9666926264762878,0.0030961923766881227,640,0.11954635381698608,l1,25.09172248840332,results/fair_gaussian_variants_20260710_full_external_same_hparams/reconstructions/COCO_train2014_000000000025/640/seed1_structsplat_quadtree_hybrid_tensor.png,,,,,cuda,,,,,1,tests/test_images/COCO_train2014_000000000025.jpg,0.8210415840148926,0.3,320,0.5,320,ok,False,False,results/fair_gaussian_variants_20260710_full_external_same_hparams/targets/COCO_train2014_000000000025.png,1.1440668106079102,,160
False,22.49492996919131,,none,,,640,139.70455932617188,5.853382110595703,22.805042266845703,1.1073992252349854,residual_tensor_add,4,106,COCO_train2014_000000000025,0.021599769592285156,500,500,1.0,none,,25.198171615600586,0.03954034298658371,160,floyd_steinberg_tensor,Floyd + tensor,Floyd-Steinberg placement control plus tensor-aware residual growth.,tensor-growth-control,0.9663563966751099,0.003136001294478774,640,0.12047915160655975,l1,25.036237716674805,results/fair_gaussian_variants_20260710_full_external_same_hparams/reconstructions/COCO_train2014_000000000025/640/seed1_floyd_steinberg_tensor.png,,,,,cuda,,,,,1,tests/test_images/COCO_train2014_000000000025.jpg,0.8199103474617004,0.3,320,0.5,320,ok,False,False,results/fair_gaussian_variants_20260710_full_external_same_hparams/targets/COCO_train2014_000000000025.png,1.1289989948272705,,160
False,29.96781539343641,,none,,12.0,640,12.0,3.009279727935791,9.248594284057617,1.0938894748687744,residual_tensor_add,5,107,COCO_train2014_000000000030,0.05394339561462402,500,500,1.0,none,,35.68330383300781,0.012554424814879894,160,structsplat_best_default,SS best default,"Pinned current Gaussian-image winner: aniso_onedge + WSE, feature cap 12@160, tensor-aware residual growth, 5 growth waves, L1 + 0.3 SSIM.",best-default,0.9910072684288025,0.00038173390203155577,640,0.041980039328336716,l1,34.18239212036133,results/fair_gaussian_variants_20260710_full_external_same_hparams/reconstructions/COCO_train2014_000000000030/640/seed0_structsplat_best_default.png,,,,,cuda,12.0,12.0,160.0,feature,0,tests/test_images/COCO_train2014_000000000030.jpg,0.9532040953636169,0.3,320,0.5,320,ok,False,False,results/fair_gaussian_variants_20260710_full_external_same_hparams/targets/COCO_train2014_000000000030.png,1.1478328704833984,,160
False,29.872237526582094,,none,,12.0,640,12.0,2.964543104171753,9.458599090576172,1.1467163562774658,residual_tensor_add,5,107,COCO_train2014_000000000030,0.054120779037475586,500,500,1.0,none,,35.15306091308594,0.012720695696771145,160,structsplat_best_ssim010,SS best + SSIM 0.10,Best default geometry/growth with SSIM weight lowered to 0.10 for lower pixel diff.,best-loss-sweep,0.9899623394012451,0.0004243518924340606,640,0.04342272877693176,l1,33.722740173339844,results/fair_gaussian_variants_20260710_full_external_same_hparams/reconstructions/COCO_train2014_000000000030/640/seed0_structsplat_best_ssim010.png,,,,,cuda,12.0,12.0,160.0,feature,0,tests/test_images/COCO_train2014_000000000030.jpg,0.9466432929039001,0.1,320,0.5,320,ok,False,False,results/fair_gaussian_variants_20260710_full_external_same_hparams/targets/COCO_train2014_000000000030.png,1.2008371353149414,,160
False,29.187593744847483,,none,,12.0,640,12.0,3.04583477973938,9.666735649108887,0.7795536518096924,residual_tensor_add,5,107,COCO_train2014_000000000030,0.05340242385864258,500,500,1.0,none,,34.24661636352539,0.013482078909873962,160,structsplat_best_l1_only,SS best + L1 only,Best default geometry/growth with pure L1 pixel loss and no SSIM term.,best-loss-sweep,0.9872706532478333,0.0005113682709634304,640,0.046743348240852356,l1,32.91266632080078,results/fair_gaussian_variants_20260710_full_external_same_hparams/reconstructions/COCO_train2014_000000000030/640/seed0_structsplat_best_l1_only.png,,,,,cuda,12.0,12.0,160.0,feature,0,tests/test_images/COCO_train2014_000000000030.jpg,0.9326906800270081,0.0,320,0.5,320,ok,False,False,results/fair_gaussian_variants_20260710_full_external_same_hparams/targets/COCO_train2014_000000000030.png,0.832956075668335,,160
False,29.923506430968015,,none,,12.0,640,12.0,2.945599317550659,9.53502368927002,1.1099870204925537,residual_tensor_add,5,107,COCO_train2014_000000000030,0.054083824157714844,500,500,1.0,none,,35.01462936401367,0.012783294543623924,160,structsplat_best_charbonnier,SS best + Charbonnier,Best default geometry/growth with Charbonnier pixel loss and SSIM weight 0.10.,best-loss-sweep,0.9898043870925903,0.0004314827383495867,640,0.04429752007126808,charbonnier,33.65036392211914,results/fair_gaussian_variants_20260710_full_external_same_hparams/reconstructions/COCO_train2014_000000000030/640/seed0_structsplat_best_charbonnier.png,,,,,cuda,12.0,12.0,160.0,feature,0,tests/test_images/COCO_train2014_000000000030.jpg,0.9465307593345642,0.1,320,0.5,320,ok,False,False,results/fair_gaussian_variants_20260710_full_external_same_hparams/targets/COCO_train2014_000000000030.png,1.1640708446502686,,160
False,30.03307531161872,,none,,12.0,640,12.0,3.02057147026062,9.46854305267334,1.195014476776123,residual_tensor_add,5,107,COCO_train2014_000000000030,0.055196285247802734,500,500,1.0,tensor,,35.63096618652344,0.012516769580543041,160,structsplat_best_tensor_loss,SS best + tensor loss,Best default geometry/growth with tensor-weighted pixel loss to emphasize edges.,best-edge-loss,0.9914089441299438,0.00038366453372873366,640,0.041682276874780655,l1,34.160484313964844,results/fair_gaussian_variants_20260710_full_external_same_hparams/reconstructions/COCO_train2014_000000000030/640/seed0_structsplat_best_tensor_loss.png,,,,,cuda,12.0,12.0,160.0,feature,0,tests/test_images/COCO_train2014_000000000030.jpg,0.9540280699729919,0.3,320,0.5,320,ok,False,False,results/fair_gaussian_variants_20260710_full_external_same_hparams/targets/COCO_train2014_000000000030.png,1.2502107620239258,,160
False,29.98615701595146,,final,,12.0,640,12.0,2.9642179012298584,9.121818542480469,1.302412986755371,residual_tensor_add,5,107,COCO_train2014_000000000030,0.06654644012451172,500,500,1.0,none,,35.88896560668945,0.012432088144123554,160,structsplat_best_color_final,SS best + final color solve,Best default geometry/growth with a final fixed-geometry RGB least-squares color solve.,best-color-polish,0.9914293885231018,0.0003587259561754763,640,0.04032750800251961,l1,34.45237350463867,results/fair_gaussian_variants_20260710_full_external_same_hparams/reconstructions/COCO_train2014_000000000030/640/seed0_structsplat_best_color_final.png,,,,,cuda,12.0,12.0,160.0,feature,0,tests/test_images/COCO_train2014_000000000030.jpg,0.9540859460830688,0.3,320,0.5,320,ok,False,False,results/fair_gaussian_variants_20260710_full_external_same_hparams/targets/COCO_train2014_000000000030.png,1.3689594268798828,,160
False,29.753008215604183,,none,,12.0,640,12.0,3.105649471282959,9.5460844039917,1.205273151397705,residual_tensor_add+relocate,5,107,COCO_train2014_000000000030,0.05516457557678223,500,500,1.0,none,,34.96524429321289,0.013089925050735474,160,structsplat_best_relocate,SS best + split relocate,Best default geometry/growth plus split-scheduled residual relocation.,best-relocate,0.9908485412597656,0.00044108490692451596,640,0.044215209782123566,l1,33.554779052734375,results/fair_gaussian_variants_20260710_full_external_same_hparams/reconstructions/COCO_train2014_000000000030/640/seed0_structsplat_best_relocate.png,16,0.25,4,at_split,cuda,12.0,12.0,160.0,feature,0,tests/test_images/COCO_train2014_000000000030.jpg,0.9506577253341675,0.3,320,0.5,320,ok,False,False,results/fair_gaussian_variants_20260710_full_external_same_hparams/targets/COCO_train2014_000000000030.png,1.2604377269744873,,160
True,30.72149667950097,,none,,12.0,640,12.0,2.8539888858795166,8.579729080200195,1.1168076992034912,residual_tensor_add,5,107,COCO_train2014_000000000030,0.05394887924194336,500,500,1.0,none,,35.456905364990234,0.012722508981823921,160,structsplat_best_adaptive_1p5x,SS best + adaptive 1.5x cap,Best default warm start with adaptive residual growth allowed up to 1.5x the requested cap.,best-adaptive-capacity,0.9913314580917358,0.00038833144935779274,960,0.041010886430740356,l1,34.107975006103516,results/fair_gaussian_variants_20260710_full_external_same_hparams/reconstructions/COCO_train2014_000000000030/640/seed0_structsplat_best_adaptive_1p5x.png,,,,,cuda,12.0,12.0,160.0,feature,0,tests/test_images/COCO_train2014_000000000030.jpg,0.9578546285629272,0.3,320,0.5,320,ok,False,False,results/fair_gaussian_variants_20260710_full_external_same_hparams/targets/COCO_train2014_000000000030.png,1.1707565784454346,960,160
False,29.312397484788914,,none,,,640,160.00001525878906,5.252289772033691,16.48583221435547,1.0785133838653564,none,4,107,COCO_train2014_000000000030,0.0004818439483642578,500,500,1.0,none,,32.527374267578125,0.013429475948214531,160,gaussianimage_fixed_full,GaussianImage fixed,GaussianImage-style random fixed-count control; starts at the final cap and does not grow.,fixed-full,0.9938709735870361,0.0007319803698919713,640,0.05457046627998352,l1,31.35500717163086,results/fair_gaussian_variants_20260710_full_external_same_hparams/reconstructions/COCO_train2014_000000000030/640/seed0_gaussianimage_fixed_full.png,,,,,cuda,,,,,0,tests/test_images/COCO_train2014_000000000030.jpg,0.9584377408027649,0.3,320,0.5,640,ok,False,False,results/fair_gaussian_variants_20260710_full_external_same_hparams/targets/COCO_train2014_000000000030.png,1.0789952278137207,,160
False,27.450422311832526,,none,,,640,160.00001525878906,4.908550262451172,17.32134437561035,1.1032564640045166,residual_add,4,107,COCO_train2014_000000000030,0.000514984130859375,500,500,1.0,none,,34.6211051940918,0.01306665875017643,160,gaussianimage_plus_residual,GaussianImage++ residual,GaussianImage++-style analogue: random half-budget start plus residual-add growth.,repo-growth,0.9937103986740112,0.0004631276533473283,640,0.04603194445371628,l1,33.342994689941406,results/fair_gaussian_variants_20260710_full_external_same_hparams/reconstructions/COCO_train2014_000000000030/640/seed0_gaussianimage_plus_residual.png,,,,,cuda,,,,,0,tests/test_images/COCO_train2014_000000000030.jpg,0.9593669176101685,0.3,320,0.5,320,ok,False,False,results/fair_gaussian_variants_20260710_full_external_same_hparams/targets/COCO_train2014_000000000030.png,1.103771448135376,,160
False,28.141550752108465,,none,,,640,151.96652221679688,4.495105266571045,12.088763236999512,1.145017385482788,residual_add,4,107,COCO_train2014_000000000030,0.0035598278045654297,500,500,1.0,none,,34.52001190185547,0.013127927668392658,160,image_gs_residual,Image-GS residual,Image-GS-style analogue: gradient-density random half-budget start plus residual-add growth.,repo-growth,0.9925448298454285,0.00046870156074874103,640,0.04648248106241226,l1,33.291038513183594,results/fair_gaussian_variants_20260710_full_external_same_hparams/reconstructions/COCO_train2014_000000000030/640/seed0_image_gs_residual.png,,,,,cuda,,,,,0,tests/test_images/COCO_train2014_000000000030.jpg,0.9546023011207581,0.3,320,0.5,320,ok,False,False,results/fair_gaussian_variants_20260710_full_external_same_hparams/targets/COCO_train2014_000000000030.png,1.1485772132873535,,160
False,27.269408448664603,,none,,,640,41.23207092285156,2.012193441390991,4.868183612823486,1.0877070426940918,none,4,107,COCO_train2014_000000000030,0.0958409309387207,500,500,1.0,none,,30.325927734375,0.013180945999920368,160,instant_gi_quadtree_fixed,Instant-GI quadtree,Instant-GI quadtree/Delaunay fallback if STRUCTSPLAT_INSTANT_GI is configured; fixed count.,fixed-full,0.9909711480140686,0.001031946507282555,640,0.047536179423332214,l1,29.86343002319336,results/fair_gaussian_variants_20260710_full_external_same_hparams/reconstructions/COCO_train2014_000000000030/640/seed0_instant_gi_quadtree_fixed.png,,,,,cuda,,,,,0,tests/test_images/COCO_train2014_000000000030.jpg,0.9552537202835083,0.3,320,0.5,640,ok,False,False,results/fair_gaussian_variants_20260710_full_external_same_hparams/targets/COCO_train2014_000000000030.png,1.1835479736328125,,160
False,28.884244435296985,,none,,,640,160.00001525878906,5.784932613372803,19.123268127441406,1.1095781326293945,residual_add,4,107,COCO_train2014_000000000030,0.05437183380126953,500,500,1.0,none,,34.6944465637207,0.013040108606219292,160,structsplat_onedge_residual,SS on-edge + residual,StructSplat on-edge initializer under the same residual-add growth as external analogues.,same-growth,0.9922589659690857,0.00045799766667187214,640,0.04544772207736969,l1,33.3913688659668,results/fair_gaussian_variants_20260710_full_external_same_hparams/reconstructions/COCO_train2014_000000000030/640/seed0_structsplat_onedge_residual.png,,,,,cuda,,,,,0,tests/test_images/COCO_train2014_000000000030.jpg,0.9545208811759949,0.3,320,0.5,320,ok,False,False,results/fair_gaussian_variants_20260710_full_external_same_hparams/targets/COCO_train2014_000000000030.png,1.163949966430664,,160
False,28.56442414400334,,none,,,640,160.00001525878906,5.968814849853516,18.57547950744629,1.1720123291015625,residual_add+relocate,4,107,COCO_train2014_000000000030,0.05307483673095703,500,500,1.0,none,,34.71937942504883,0.013112138025462627,160,structsplat_onedge_residual_relocate,SS on-edge + residual relocate,StructSplat on-edge residual-add growth plus split-scheduled residual relocation.,same-growth+relocate,0.9926729798316956,0.000457755260867998,640,0.04559660702943802,l1,33.39366912841797,results/fair_gaussian_variants_20260710_full_external_same_hparams/reconstructions/COCO_train2014_000000000030/640/seed0_structsplat_onedge_residual_relocate.png,20,0.25,4,at_split,cuda,,,,,0,tests/test_images/COCO_train2014_000000000030.jpg,0.9559713006019592,0.3,320,0.5,320,ok,False,False,results/fair_gaussian_variants_20260710_full_external_same_hparams/targets/COCO_train2014_000000000030.png,1.2250871658325195,,160
False,28.761718583728126,,none,,12.0,640,12.0,2.9567315578460693,9.001667022705078,1.246985673904419,residual_add,4,107,COCO_train2014_000000000030,0.05423617362976074,500,500,1.0,none,,34.88710021972656,0.013036353513598442,160,structsplat_onedge_residual_featurecap,SS on-edge + residual feature cap,StructSplat on-edge residual-add growth with feature-adaptive per-Gaussian scale caps.,same-growth+feature-cap,0.9913052320480347,0.0004400502657517791,640,0.04391239210963249,l1,33.564979553222656,results/fair_gaussian_variants_20260710_full_external_same_hparams/reconstructions/COCO_train2014_000000000030/640/seed0_structsplat_onedge_residual_featurecap.png,,,,,cuda,12.0,12.0,160.0,feature,0,tests/test_images/COCO_train2014_000000000030.jpg,0.9530810713768005,0.3,320,0.5,320,ok,False,False,results/fair_gaussian_variants_20260710_full_external_same_hparams/targets/COCO_train2014_000000000030.png,1.3012218475341797,,160
False,29.19165943237488,,none,,,640,160.00001525878906,5.4608283042907715,17.34028434753418,1.1943671703338623,residual_add,4,107,COCO_train2014_000000000030,0.053872108459472656,500,500,1.0,none,,34.812957763671875,0.013041703030467033,160,structsplat_onedge_residual_feature_rel,SS on-edge + residual feature-rel cap,StructSplat on-edge residual-add growth with feature-relative local-radius scale caps.,same-growth+feature-rel-cap,0.9912234544754028,0.00043749474571086466,640,0.04439680650830269,l1,33.590274810791016,results/fair_gaussian_variants_20260710_full_external_same_hparams/reconstructions/COCO_train2014_000000000030/640/seed0_structsplat_onedge_residual_feature_rel.png,,,,,cuda,,,,feature_rel,0,tests/test_images/COCO_train2014_000000000030.jpg,0.9515947103500366,0.3,320,0.5,320,ok,False,False,results/fair_gaussian_variants_20260710_full_external_same_hparams/targets/COCO_train2014_000000000030.png,1.248239278793335,,160
False,28.80204167681371,,none,,,640,160.00001525878906,6.289671421051025,17.702882766723633,1.082578420639038,residual_tensor_add,4,107,COCO_train2014_000000000030,0.054399728775024414,500,500,1.0,none,,34.2574462890625,0.013571846298873425,160,structsplat_onedge_tensor,SS on-edge + tensor,StructSplat on-edge initializer plus tensor-aware residual growth.,tensor-growth,0.9918934106826782,0.0005113682709634304,640,0.047490302473306656,l1,32.91266632080078,results/fair_gaussian_variants_20260710_full_external_same_hparams/reconstructions/COCO_train2014_000000000030/640/seed0_structsplat_onedge_tensor.png,,,,,cuda,,,,,0,tests/test_images/COCO_train2014_000000000030.jpg,0.9547351002693176,0.3,320,0.5,320,ok,False,False,results/fair_gaussian_variants_20260710_full_external_same_hparams/targets/COCO_train2014_000000000030.png,1.1369781494140625,,160
False,29.21338443908997,,none,,12.0,640,12.0,2.995680570602417,9.471022605895996,1.2572135925292969,residual_tensor_add,4,107,COCO_train2014_000000000030,0.054752349853515625,500,500,1.0,none,,35.39986038208008,0.01272838469594717,160,structsplat_onedge_tensor_featurecap,SS on-edge + tensor feature cap,StructSplat on-edge tensor-aware residual growth with feature-adaptive scale caps.,tensor-growth+feature-cap,0.9909937977790833,0.00039826493593864143,640,0.04249030351638794,l1,33.9982795715332,results/fair_gaussian_variants_20260710_full_external_same_hparams/reconstructions/COCO_train2014_000000000030/640/seed0_structsplat_onedge_tensor_featurecap.png,,,,,cuda,12.0,12.0,160.0,feature,0,tests/test_images/COCO_train2014_000000000030.jpg,0.9510564208030701,0.3,320,0.5,320,ok,False,False,results/fair_gaussian_variants_20260710_full_external_same_hparams/targets/COCO_train2014_000000000030.png,1.3119659423828125,,160
False,29.035215054819723,,none,,,640,160.00001525878906,5.829439163208008,18.218616485595703,1.1443941593170166,residual_tensor_add,4,107,COCO_train2014_000000000030,0.054039716720581055,500,500,1.0,none,,34.690372467041016,0.01310667209327221,160,structsplat_onedge_tensor_feature_rel,SS on-edge + tensor feature-rel cap,StructSplat on-edge tensor-aware residual growth with feature-relative local-radius caps.,tensor-growth+feature-rel-cap,0.9921426177024841,0.00046239173389039934,640,0.04543526843190193,l1,33.34989929199219,results/fair_gaussian_variants_20260710_full_external_same_hparams/reconstructions/COCO_train2014_000000000030/640/seed0_structsplat_onedge_tensor_feature_rel.png,,,,,cuda,,,,feature_rel,0,tests/test_images/COCO_train2014_000000000030.jpg,0.9541603922843933,0.3,320,0.5,320,ok,False,False,results/fair_gaussian_variants_20260710_full_external_same_hparams/targets/COCO_train2014_000000000030.png,1.1984338760375977,,160
False,28.821397745059823,,none,,,640,160.00001525878906,6.370385646820068,19.65794563293457,1.157606601715088,residual_tensor_add,4,107,COCO_train2014_000000000030,0.05416989326477051,500,500,1.0,none,,34.381004333496094,0.01358576025813818,160,structsplat_flanking_tensor,SS flanking + tensor,StructSplat flanking initializer plus tensor-aware residual growth.,tensor-growth,0.9915096163749695,0.0004989827866666019,640,0.04749408736824989,l1,33.01914596557617,results/fair_gaussian_variants_20260710_full_external_same_hparams/reconstructions/COCO_train2014_000000000030/640/seed0_structsplat_flanking_tensor.png,,,,,cuda,,,,,0,tests/test_images/COCO_train2014_000000000030.jpg,0.9520044922828674,0.3,320,0.5,320,ok,False,False,results/fair_gaussian_variants_20260710_full_external_same_hparams/targets/COCO_train2014_000000000030.png,1.2117764949798584,,160
False,28.80342740381887,,none,,,640,160.00001525878906,5.348010063171387,17.743200302124023,1.0805296897888184,residual_add,4,107,COCO_train2014_000000000030,0.16196823120117188,500,500,1.0,none,,34.73179626464844,0.013052783906459808,160,structsplat_quadtree_wse_residual,SS qt-WSE + residual,StructSplat quadtree-WSE initializer under the same residual-add growth as external analogues.,same-growth,0.9923327565193176,0.00044088283902965486,640,0.044597502797842026,l1,33.55677032470703,results/fair_gaussian_variants_20260710_full_external_same_hparams/reconstructions/COCO_train2014_000000000030/640/seed0_structsplat_quadtree_wse_residual.png,,,,,cuda,,,,,0,tests/test_images/COCO_train2014_000000000030.jpg,0.9564839005470276,0.3,320,0.5,320,ok,False,False,results/fair_gaussian_variants_20260710_full_external_same_hparams/targets/COCO_train2014_000000000030.png,1.2424979209899902,,160
False,28.39258051778606,,none,,,640,160.00001525878906,5.816524505615234,18.498292922973633,1.139164924621582,residual_add+relocate,4,107,COCO_train2014_000000000030,0.16086721420288086,500,500,1.0,none,,34.37031173706055,0.0132591025903821,160,structsplat_quadtree_wse_residual_relocate,SS qt-WSE + residual relocate,StructSplat quadtree-WSE residual-add growth plus split-scheduled residual relocation.,same-growth+relocate,0.9926694631576538,0.0004785526543855667,640,0.04628744348883629,l1,33.20070266723633,results/fair_gaussian_variants_20260710_full_external_same_hparams/reconstructions/COCO_train2014_000000000030/640/seed0_structsplat_quadtree_wse_residual_relocate.png,20,0.25,4,at_split,cuda,,,,,0,tests/test_images/COCO_train2014_000000000030.jpg,0.9559363722801208,0.3,320,0.5,320,ok,False,False,results/fair_gaussian_variants_20260710_full_external_same_hparams/targets/COCO_train2014_000000000030.png,1.300032138824463,,160
False,28.775171161414626,,none,,12.0,640,12.0,2.92895770072937,9.635809898376465,1.1075584888458252,residual_add,4,107,COCO_train2014_000000000030,0.1609804630279541,500,500,1.0,none,,34.540897369384766,0.01330700982362032,160,structsplat_quadtree_wse_residual_featurecap,SS qt-WSE + residual feature cap,StructSplat quadtree-WSE residual-add growth with feature-adaptive scale caps.,same-growth+feature-cap,0.9899303317070007,0.00046590762212872505,640,0.04466482624411583,l1,33.31700134277344,results/fair_gaussian_variants_20260710_full_external_same_hparams/reconstructions/COCO_train2014_000000000030/640/seed0_structsplat_quadtree_wse_residual_featurecap.png,,,,,cuda,12.0,12.0,160.0,feature,0,tests/test_images/COCO_train2014_000000000030.jpg,0.9492258429527283,0.3,320,0.5,320,ok,False,False,results/fair_gaussian_variants_20260710_full_external_same_hparams/targets/COCO_train2014_000000000030.png,1.2685389518737793,,160
False,29.16727997735889,,none,,,640,160.00001525878906,4.916518688201904,14.6535062789917,1.0979304313659668,residual_add,4,107,COCO_train2014_000000000030,0.1605241298675537,500,500,1.0,none,,35.279666900634766,0.01280964259058237,160,structsplat_quadtree_wse_residual_feature_rel,SS qt-WSE + residual feature-rel cap,StructSplat quadtree-WSE residual-add growth with feature-relative local-radius caps.,same-growth+feature-rel-cap,0.9918339252471924,0.0004090889124199748,640,0.043008167296648026,l1,33.8818244934082,results/fair_gaussian_variants_20260710_full_external_same_hparams/reconstructions/COCO_train2014_000000000030/640/seed0_structsplat_quadtree_wse_residual_feature_rel.png,,,,,cuda,,,,feature_rel,0,tests/test_images/COCO_train2014_000000000030.jpg,0.956152617931366,0.3,320,0.5,320,ok,False,False,results/fair_gaussian_variants_20260710_full_external_same_hparams/targets/COCO_train2014_000000000030.png,1.2584545612335205,,160
False,28.79249245179201,,none,,,640,160.00001525878906,6.0747294425964355,18.444812774658203,1.092346429824829,residual_tensor_add,4,107,COCO_train2014_000000000030,0.16306757926940918,500,500,1.0,none,,34.462406158447266,0.013374351896345615,160,structsplat_quadtree_wse_tensor,SS qt-WSE + tensor,StructSplat quadtree-WSE initializer plus tensor-aware residual growth.,tensor-growth,0.9926115274429321,0.00048987747868523,640,0.04675716161727905,l1,33.099124908447266,results/fair_gaussian_variants_20260710_full_external_same_hparams/reconstructions/COCO_train2014_000000000030/640/seed0_structsplat_quadtree_wse_tensor.png,,,,,cuda,,,,,0,tests/test_images/COCO_train2014_000000000030.jpg,0.9561206698417664,0.3,320,0.5,320,ok,False,False,results/fair_gaussian_variants_20260710_full_external_same_hparams/targets/COCO_train2014_000000000030.png,1.2554140090942383,,160
False,28.997374062547703,,none,,12.0,640,12.0,3.109727144241333,9.919411659240723,1.1286835670471191,residual_tensor_add,4,107,COCO_train2014_000000000030,0.16092896461486816,500,500,1.0,none,,35.33483123779297,0.012880322523415089,160,structsplat_quadtree_wse_tensor_featurecap,SS qt-WSE + tensor feature cap,StructSplat quadtree-WSE tensor-aware residual growth with feature-adaptive scale caps.,tensor-growth+feature-cap,0.9911446571350098,0.0004110224836040288,640,0.043238185346126556,l1,33.86134338378906,results/fair_gaussian_variants_20260710_full_external_same_hparams/reconstructions/COCO_train2014_000000000030/640/seed0_structsplat_quadtree_wse_tensor_featurecap.png,,,,,cuda,12.0,12.0,160.0,feature,0,tests/test_images/COCO_train2014_000000000030.jpg,0.9530664682388306,0.3,320,0.5,320,ok,False,False,results/fair_gaussian_variants_20260710_full_external_same_hparams/targets/COCO_train2014_000000000030.png,1.2896125316619873,,160
False,28.897578434380357,,none,,,640,160.00001525878906,5.4405903816223145,14.960541725158691,1.1152245998382568,residual_tensor_add,4,107,COCO_train2014_000000000030,0.16077637672424316,500,500,1.0,none,,34.703983306884766,0.013029088266193867,160,structsplat_quadtree_wse_tensor_feature_rel,SS qt-WSE + tensor feature-rel cap,StructSplat quadtree-WSE tensor-aware residual growth with feature-relative local-radius caps.,tensor-growth+feature-rel-cap,0.9926690459251404,0.0004656740347854793,640,0.04538446292281151,l1,33.31917953491211,results/fair_gaussian_variants_20260710_full_external_same_hparams/reconstructions/COCO_train2014_000000000030/640/seed0_structsplat_quadtree_wse_tensor_feature_rel.png,,,,,cuda,,,,feature_rel,0,tests/test_images/COCO_train2014_000000000030.jpg,0.9570741653442383,0.3,320,0.5,320,ok,False,False,results/fair_gaussian_variants_20260710_full_external_same_hparams/targets/COCO_train2014_000000000030.png,1.2760009765625,,160
False,28.784081252638945,,none,,,640,160.00001525878906,6.124261379241943,18.472774505615234,1.0548081398010254,residual_tensor_add,4,107,COCO_train2014_000000000030,0.07552981376647949,500,500,1.0,none,,34.37566375732422,0.013261277228593826,160,structsplat_quadtree_hybrid_tensor,SS qt-hybrid + tensor,StructSplat quadtree-hybrid initializer plus tensor-aware residual growth.,tensor-growth,0.992385983467102,0.0004833053390029818,640,0.04601486027240753,l1,33.15778350830078,results/fair_gaussian_variants_20260710_full_external_same_hparams/reconstructions/COCO_train2014_000000000030/640/seed0_structsplat_quadtree_hybrid_tensor.png,,,,,cuda,,,,,0,tests/test_images/COCO_train2014_000000000030.jpg,0.9561648368835449,0.3,320,0.5,320,ok,False,False,results/fair_gaussian_variants_20260710_full_external_same_hparams/targets/COCO_train2014_000000000030.png,1.1303379535675049,,160
False,28.03810899960015,,none,,,640,160.00001525878906,7.028861999511719,19.89564323425293,1.0963537693023682,residual_tensor_add,4,107,COCO_train2014_000000000030,0.020923376083374023,500,500,1.0,none,,33.574440002441406,0.014834933914244175,160,floyd_steinberg_tensor,Floyd + tensor,Floyd-Steinberg placement control plus tensor-aware residual growth.,tensor-growth-control,0.9901930689811707,0.000591965508647263,640,0.05182374268770218,l1,32.277034759521484,results/fair_gaussian_variants_20260710_full_external_same_hparams/reconstructions/COCO_train2014_000000000030/640/seed0_floyd_steinberg_tensor.png,,,,,cuda,,,,,0,tests/test_images/COCO_train2014_000000000030.jpg,0.9472762942314148,0.3,320,0.5,320,ok,False,False,results/fair_gaussian_variants_20260710_full_external_same_hparams/targets/COCO_train2014_000000000030.png,1.1172771453857422,,160
False,30.01789932021636,,none,,12.0,640,12.0,3.0551083087921143,9.004073143005371,1.196763515472412,residual_tensor_add,5,107,COCO_train2014_000000000030,0.05388045310974121,500,500,1.0,none,,35.25220489501953,0.013055713847279549,160,structsplat_best_default,SS best default,"Pinned current Gaussian-image winner: aniso_onedge + WSE, feature cap 12@160, tensor-aware residual growth, 5 growth waves, L1 + 0.3 SSIM.",best-default,0.9907125234603882,0.00042299384949728847,640,0.04370155185461044,l1,33.73666000366211,results/fair_gaussian_variants_20260710_full_external_same_hparams/reconstructions/COCO_train2014_000000000030/640/seed1_structsplat_best_default.png,,,,,cuda,12.0,12.0,160.0,feature,1,tests/test_images/COCO_train2014_000000000030.jpg,0.9521365165710449,0.3,320,0.5,320,ok,False,False,results/fair_gaussian_variants_20260710_full_external_same_hparams/targets/COCO_train2014_000000000030.png,1.2506439685821533,,160
False,29.836521897860663,,none,,12.0,640,12.0,3.125673294067383,10.041302680969238,1.081937313079834,residual_tensor_add,5,107,COCO_train2014_000000000030,0.05390191078186035,500,500,1.0,none,,35.09901809692383,0.01281951554119587,160,structsplat_best_ssim010,SS best + SSIM 0.10,Best default geometry/growth with SSIM weight lowered to 0.10 for lower pixel diff.,best-loss-sweep,0.9896310567855835,0.0004272162332199514,640,0.043673790991306305,l1,33.69352340698242,results/fair_gaussian_variants_20260710_full_external_same_hparams/reconstructions/COCO_train2014_000000000030/640/seed1_structsplat_best_ssim010.png,,,,,cuda,12.0,12.0,160.0,feature,1,tests/test_images/COCO_train2014_000000000030.jpg,0.9464266896247864,0.1,320,0.5,320,ok,False,False,results/fair_gaussian_variants_20260710_full_external_same_hparams/targets/COCO_train2014_000000000030.png,1.1358392238616943,,160
False,29.46207583930067,,none,,12.0,640,12.0,3.0936241149902344,9.66556167602539,0.7834625244140625,residual_tensor_add,5,107,COCO_train2014_000000000030,0.0553135871887207,500,500,1.0,none,,34.49822998046875,0.01331326924264431,160,structsplat_best_l1_only,SS best + L1 only,Best default geometry/growth with pure L1 pixel loss and no SSIM term.,best-loss-sweep,0.987117350101471,0.0004830628458876163,640,0.04617207124829292,l1,33.15996551513672,results/fair_gaussian_variants_20260710_full_external_same_hparams/reconstructions/COCO_train2014_000000000030/640/seed1_structsplat_best_l1_only.png,,,,,cuda,12.0,12.0,160.0,feature,1,tests/test_images/COCO_train2014_000000000030.jpg,0.9343770742416382,0.0,320,0.5,320,ok,False,False,results/fair_gaussian_variants_20260710_full_external_same_hparams/targets/COCO_train2014_000000000030.png,0.8387761116027832,,160
False,29.951830487451954,,none,,12.0,640,12.0,3.090975284576416,9.471683502197266,1.0974271297454834,residual_tensor_add,5,107,COCO_train2014_000000000030,0.054929256439208984,500,500,1.0,none,,35.04463577270508,0.012853903695940971,160,structsplat_best_charbonnier,SS best + Charbonnier,Best default geometry/growth with Charbonnier pixel loss and SSIM weight 0.10.,best-loss-sweep,0.9896532893180847,0.000426978018367663,640,0.0434066466987133,charbonnier,33.695945739746094,results/fair_gaussian_variants_20260710_full_external_same_hparams/reconstructions/COCO_train2014_000000000030/640/seed1_structsplat_best_charbonnier.png,,,,,cuda,12.0,12.0,160.0,feature,1,tests/test_images/COCO_train2014_000000000030.jpg,0.946294903755188,0.1,320,0.5,320,ok,False,False,results/fair_gaussian_variants_20260710_full_external_same_hparams/targets/COCO_train2014_000000000030.png,1.1523563861846924,,160
False,30.062000568978533,,none,,12.0,640,12.0,3.006431818008423,9.369378089904785,1.1219663619995117,residual_tensor_add,5,107,COCO_train2014_000000000030,0.05537772178649902,500,500,1.0,tensor,,35.220428466796875,0.012765959836542606,160,structsplat_best_tensor_loss,SS best + tensor loss,Best default geometry/growth with tensor-weighted pixel loss to emphasize edges.,best-edge-loss,0.9906743764877319,0.0004073441377840936,640,0.04252124950289726,l1,33.900386810302734,results/fair_gaussian_variants_20260710_full_external_same_hparams/reconstructions/COCO_train2014_000000000030/640/seed1_structsplat_best_tensor_loss.png,,,,,cuda,12.0,12.0,160.0,feature,1,tests/test_images/COCO_train2014_000000000030.jpg,0.9518489837646484,0.3,320,0.5,320,ok,False,False,results/fair_gaussian_variants_20260710_full_external_same_hparams/targets/COCO_train2014_000000000030.png,1.1773440837860107,,160
False,29.9038224344502,,final,,12.0,640,12.0,3.0927910804748535,9.148711204528809,1.2265019416809082,residual_tensor_add,5,107,COCO_train2014_000000000030,0.05499863624572754,500,500,1.0,none,,35.032859802246094,0.013276776298880577,160,structsplat_best_color_final,SS best + final color solve,Best default geometry/growth with a final fixed-geometry RGB least-squares color solve.,best-color-polish,0.990425169467926,0.0004268898337613791,640,0.04360763728618622,l1,33.696842193603516,results/fair_gaussian_variants_20260710_full_external_same_hparams/reconstructions/COCO_train2014_000000000030/640/seed1_structsplat_best_color_final.png,,,,,cuda,12.0,12.0,160.0,feature,1,tests/test_images/COCO_train2014_000000000030.jpg,0.9495211243629456,0.3,320,0.5,320,ok,False,False,results/fair_gaussian_variants_20260710_full_external_same_hparams/targets/COCO_train2014_000000000030.png,1.2815005779266357,,160
False,29.60567363517318,,none,,12.0,640,12.0,3.1790778636932373,9.001382827758789,1.135814905166626,residual_tensor_add+relocate,5,107,COCO_train2014_000000000030,0.05446267127990723,500,500,1.0,none,,34.75355911254883,0.013376681134104729,160,structsplat_best_relocate,SS best + split relocate,Best default geometry/growth plus split-scheduled residual relocation.,best-relocate,0.9905791878700256,0.0004657137906178832,640,0.04545789211988449,l1,33.318809509277344,results/fair_gaussian_variants_20260710_full_external_same_hparams/reconstructions/COCO_train2014_000000000030/640/seed1_structsplat_best_relocate.png,16,0.25,4,at_split,cuda,12.0,12.0,160.0,feature,1,tests/test_images/COCO_train2014_000000000030.jpg,0.9509297013282776,0.3,320,0.5,320,ok,False,False,results/fair_gaussian_variants_20260710_full_external_same_hparams/targets/COCO_train2014_000000000030.png,1.1902775764465332,,160
True,30.537863064385608,,none,,12.0,640,12.0,2.8834540843963623,8.394634246826172,1.089658498764038,residual_tensor_add,5,107,COCO_train2014_000000000030,0.05492401123046875,500,500,1.0,none,,34.32210922241211,0.014059698209166527,160,structsplat_best_adaptive_1p5x,SS best + adaptive 1.5x cap,Best default warm start with adaptive residual growth allowed up to 1.5x the requested cap.,best-adaptive-capacity,0.9892230033874512,0.0004889379488304257,896,0.04647490382194519,l1,33.107460021972656,results/fair_gaussian_variants_20260710_full_external_same_hparams/reconstructions/COCO_train2014_000000000030/640/seed1_structsplat_best_adaptive_1p5x.png,,,,,cuda,12.0,12.0,160.0,feature,1,tests/test_images/COCO_train2014_000000000030.jpg,0.9505007863044739,0.3,320,0.5,320,ok,False,False,results/fair_gaussian_variants_20260710_full_external_same_hparams/targets/COCO_train2014_000000000030.png,1.1445825099945068,960,160
False,29.05818734522573,,none,,,640,117.59844207763672,5.030013084411621,16.633827209472656,1.0807957649230957,none,4,107,COCO_train2014_000000000030,0.0003867149353027344,500,500,1.0,none,,31.853126525878906,0.013853595592081547,160,gaussianimage_fixed_full,GaussianImage fixed,GaussianImage-style random fixed-count control; starts at the final cap and does not grow.,fixed-full,0.9930664300918579,0.0008424351690337062,640,0.057318706065416336,l1,30.744632720947266,results/fair_gaussian_variants_20260710_full_external_same_hparams/reconstructions/COCO_train2014_000000000030/640/seed1_gaussianimage_fixed_full.png,,,,,cuda,,,,,1,tests/test_images/COCO_train2014_000000000030.jpg,0.9563417434692383,0.3,320,0.5,640,ok,False,False,results/fair_gaussian_variants_20260710_full_external_same_hparams/targets/COCO_train2014_000000000030.png,1.0811824798583984,,160
False,27.273710153384773,,none,,,640,160.00001525878906,5.246313571929932,15.016315460205078,1.0674123764038086,residual_add,4,107,COCO_train2014_000000000030,0.0005002021789550781,500,500,1.0,none,,34.793277740478516,0.012750638648867607,160,gaussianimage_plus_residual,GaussianImage++ residual,GaussianImage++-style analogue: random half-budget start plus residual-add growth.,repo-growth,0.9936093091964722,0.0004480883071664721,640,0.04506099596619606,l1,33.48636245727539,results/fair_gaussian_variants_20260710_full_external_same_hparams/reconstructions/COCO_train2014_000000000030/640/seed1_gaussianimage_plus_residual.png,,,,,cuda,,,,,1,tests/test_images/COCO_train2014_000000000030.jpg,0.9583675265312195,0.3,320,0.5,320,ok,False,False,results/fair_gaussian_variants_20260710_full_external_same_hparams/targets/COCO_train2014_000000000030.png,1.0679125785827637,,160
False,28.31143091389077,,none,,,640,160.00001525878906,4.563731670379639,12.986443519592285,1.0856082439422607,residual_add,4,107,COCO_train2014_000000000030,0.002671957015991211,500,500,1.0,none,,34.79030227661133,0.012966657057404518,160,image_gs_residual,Image-GS residual,Image-GS-style analogue: gradient-density random half-budget start plus residual-add growth.,repo-growth,0.9926580786705017,0.0004562878457363695,640,0.044995393604040146,l1,33.40761184692383,results/fair_gaussian_variants_20260710_full_external_same_hparams/reconstructions/COCO_train2014_000000000030/640/seed1_image_gs_residual.png,,,,,cuda,,,,,1,tests/test_images/COCO_train2014_000000000030.jpg,0.9563443064689636,0.3,320,0.5,320,ok,False,False,results/fair_gaussian_variants_20260710_full_external_same_hparams/targets/COCO_train2014_000000000030.png,1.088280200958252,,160
False,26.09702661950029,,none,,,640,30.964244842529297,2.0004043579101562,5.002857208251953,1.0788393020629883,none,4,107,COCO_train2014_000000000030,0.09506702423095703,500,500,1.0,none,,29.22564697265625,0.013622978702187538,160,instant_gi_quadtree_fixed,Instant-GI quadtree,Instant-GI quadtree/Delaunay fallback if STRUCTSPLAT_INSTANT_GI is configured; fixed count.,fixed-full,0.9894765615463257,0.0013304080348461866,640,0.049175526946783066,l1,28.760150909423828,results/fair_gaussian_variants_20260710_full_external_same_hparams/reconstructions/COCO_train2014_000000000030/640/seed1_instant_gi_quadtree_fixed.png,,,,,cuda,,,,,1,tests/test_images/COCO_train2014_000000000030.jpg,0.950943648815155,0.3,320,0.5,640,ok,False,False,results/fair_gaussian_variants_20260710_full_external_same_hparams/targets/COCO_train2014_000000000030.png,1.1739063262939453,,160
False,28.97320035273183,,none,,,640,160.00001525878906,5.240878582000732,17.21820831298828,1.0874507427215576,residual_add,4,107,COCO_train2014_000000000030,0.0546567440032959,500,500,1.0,none,,34.69975662231445,0.013023038394749165,160,structsplat_onedge_residual,SS on-edge + residual,StructSplat on-edge initializer under the same residual-add growth as external analogues.,same-growth,0.9917460680007935,0.0004496568290051073,640,0.04487030208110809,l1,33.471187591552734,results/fair_gaussian_variants_20260710_full_external_same_hparams/reconstructions/COCO_train2014_000000000030/640/seed1_structsplat_onedge_residual.png,,,,,cuda,,,,,1,tests/test_images/COCO_train2014_000000000030.jpg,0.9553852081298828,0.3,320,0.5,320,ok,False,False,results/fair_gaussian_variants_20260710_full_external_same_hparams/targets/COCO_train2014_000000000030.png,1.1421074867248535,,160
False,28.317476207603196,,none,,,640,159.98153686523438,5.213117599487305,17.27120018005371,1.2479963302612305,residual_add+relocate,4,107,COCO_train2014_000000000030,0.0539853572845459,500,500,1.0,none,,34.25077819824219,0.013689636252820492,160,structsplat_onedge_residual_relocate,SS on-edge + residual relocate,StructSplat on-edge residual-add growth plus split-scheduled residual relocation.,same-growth+relocate,0.9912809729576111,0.0005013241316191852,640,0.04747311770915985,l1,32.99881362915039,results/fair_gaussian_variants_20260710_full_external_same_hparams/reconstructions/COCO_train2014_000000000030/640/seed1_structsplat_onedge_residual_relocate.png,20,0.25,4,at_split,cuda,,,,,1,tests/test_images/COCO_train2014_000000000030.jpg,0.9521850943565369,0.3,320,0.5,320,ok,False,False,results/fair_gaussian_variants_20260710_full_external_same_hparams/targets/COCO_train2014_000000000030.png,1.3019816875457764,,160
False,28.92628702228676,,none,,12.0,640,12.0,2.982661724090576,9.41714859008789,1.1801347732543945,residual_add,4,107,COCO_train2014_000000000030,0.05442619323730469,500,500,1.0,none,,34.894554138183594,0.013217200525105,160,structsplat_onedge_residual_featurecap,SS on-edge + residual feature cap,StructSplat on-edge residual-add growth with feature-adaptive per-Gaussian scale caps.,same-growth+feature-cap,0.990831732749939,0.0004390486574266106,640,0.04481547325849533,l1,33.57487487792969,results/fair_gaussian_variants_20260710_full_external_same_hparams/reconstructions/COCO_train2014_000000000030/640/seed1_structsplat_onedge_residual_featurecap.png,,,,,cuda,12.0,12.0,160.0,feature,1,tests/test_images/COCO_train2014_000000000030.jpg,0.9522200226783752,0.3,320,0.5,320,ok,False,False,results/fair_gaussian_variants_20260710_full_external_same_hparams/targets/COCO_train2014_000000000030.png,1.2345609664916992,,160
False,29.239726334153293,,none,,,640,160.00001525878906,4.567962169647217,13.04703140258789,1.0911400318145752,residual_add,4,107,COCO_train2014_000000000030,0.05627918243408203,500,500,1.0,none,,34.96128463745117,0.013043257407844067,160,structsplat_onedge_residual_feature_rel,SS on-edge + residual feature-rel cap,StructSplat on-edge residual-add growth with feature-relative local-radius scale caps.,same-growth+feature-rel-cap,0.9913692474365234,0.00043769407784566283,640,0.044539302587509155,l1,33.58829116821289,results/fair_gaussian_variants_20260710_full_external_same_hparams/reconstructions/COCO_train2014_000000000030/640/seed1_structsplat_onedge_residual_feature_rel.png,,,,,cuda,,,,feature_rel,1,tests/test_images/COCO_train2014_000000000030.jpg,0.9538754820823669,0.3,320,0.5,320,ok,False,False,results/fair_gaussian_variants_20260710_full_external_same_hparams/targets/COCO_train2014_000000000030.png,1.1474192142486572,,160
False,28.89223536413036,,none,,,640,160.00001525878906,5.630279064178467,18.12173843383789,1.0728836059570312,residual_tensor_add,4,107,COCO_train2014_000000000030,0.055823564529418945,500,500,1.0,none,,34.529823303222656,0.013509023934602737,160,structsplat_onedge_tensor,SS on-edge + tensor,StructSplat on-edge initializer plus tensor-aware residual growth.,tensor-growth,0.9915947914123535,0.0004850734258070588,640,0.04661687836050987,l1,33.14192581176758,results/fair_gaussian_variants_20260710_full_external_same_hparams/reconstructions/COCO_train2014_000000000030/640/seed1_structsplat_onedge_tensor.png,,,,,cuda,,,,,1,tests/test_images/COCO_train2014_000000000030.jpg,0.9543683528900146,0.3,320,0.5,320,ok,False,False,results/fair_gaussian_variants_20260710_full_external_same_hparams/targets/COCO_train2014_000000000030.png,1.1287071704864502,,160
False,29.29356947690547,,none,,12.0,640,12.0,3.0920791625976562,9.007711410522461,1.121955156326294,residual_tensor_add,4,107,COCO_train2014_000000000030,0.053690195083618164,500,500,1.0,none,,35.301246643066406,0.012866320088505745,160,structsplat_onedge_tensor_featurecap,SS on-edge + tensor feature cap,StructSplat on-edge tensor-aware residual growth with feature-adaptive scale caps.,tensor-growth+feature-cap,0.9911313652992249,0.00040636686026118696,640,0.04276874661445618,l1,33.91082000732422,results/fair_gaussian_variants_20260710_full_external_same_hparams/reconstructions/COCO_train2014_000000000030/640/seed1_structsplat_onedge_tensor_featurecap.png,,,,,cuda,12.0,12.0,160.0,feature,1,tests/test_images/COCO_train2014_000000000030.jpg,0.9538958668708801,0.3,320,0.5,320,ok,False,False,results/fair_gaussian_variants_20260710_full_external_same_hparams/targets/COCO_train2014_000000000030.png,1.175645351409912,,160
False,29.035259130244743,,none,,,640,160.00001525878906,5.07006311416626,14.34679126739502,1.1232433319091797,residual_tensor_add,4,107,COCO_train2014_000000000030,0.05416297912597656,500,500,1.0,none,,34.65577697753906,0.013294102624058723,160,structsplat_onedge_tensor_feature_rel,SS on-edge + tensor feature-rel cap,StructSplat on-edge tensor-aware residual growth with feature-relative local-radius caps.,tensor-growth+feature-rel-cap,0.9914458990097046,0.00047116464702412486,640,0.046231381595134735,l1,33.26827621459961,results/fair_gaussian_variants_20260710_full_external_same_hparams/reconstructions/COCO_train2014_000000000030/640/seed1_structsplat_onedge_tensor_feature_rel.png,,,,,cuda,,,,feature_rel,1,tests/test_images/COCO_train2014_000000000030.jpg,0.9533808827400208,0.3,320,0.5,320,ok,False,False,results/fair_gaussian_variants_20260710_full_external_same_hparams/targets/COCO_train2014_000000000030.png,1.1774063110351562,,160
False,28.767839882799045,,none,,,640,160.00001525878906,5.941261291503906,17.70521354675293,1.0527229309082031,residual_tensor_add,4,107,COCO_train2014_000000000030,0.05389690399169922,500,500,1.0,none,,34.45109939575195,0.01370830275118351,160,structsplat_flanking_tensor,SS flanking + tensor,StructSplat flanking initializer plus tensor-aware residual growth.,tensor-growth,0.9915651679039001,0.0004955773474648595,640,0.047960903495550156,l1,33.048885345458984,results/fair_gaussian_variants_20260710_full_external_same_hparams/reconstructions/COCO_train2014_000000000030/640/seed1_structsplat_flanking_tensor.png,,,,,cuda,,,,,1,tests/test_images/COCO_train2014_000000000030.jpg,0.9529997110366821,0.3,320,0.5,320,ok,False,False,results/fair_gaussian_variants_20260710_full_external_same_hparams/targets/COCO_train2014_000000000030.png,1.1066198348999023,,160
False,28.8573848173948,,none,,,640,160.00001525878906,5.094598293304443,18.11187744140625,1.1075520515441895,residual_add,4,107,COCO_train2014_000000000030,0.17566967010498047,500,500,1.0,none,,34.650856018066406,0.013116342946887016,160,structsplat_quadtree_wse_residual,SS qt-WSE + residual,StructSplat quadtree-WSE initializer under the same residual-add growth as external analogues.,same-growth,0.9921683669090271,0.00046484541962854564,640,0.04552079364657402,l1,33.3269157409668,results/fair_gaussian_variants_20260710_full_external_same_hparams/reconstructions/COCO_train2014_000000000030/640/seed1_structsplat_quadtree_wse_residual.png,,,,,cuda,,,,,1,tests/test_images/COCO_train2014_000000000030.jpg,0.9548710584640503,0.3,320,0.5,320,ok,False,False,results/fair_gaussian_variants_20260710_full_external_same_hparams/targets/COCO_train2014_000000000030.png,1.28322172164917,,160
False,28.520546720118706,,none,,,640,160.00001525878906,5.440110683441162,17.30412483215332,1.1644988059997559,residual_add+relocate,4,107,COCO_train2014_000000000030,0.16746258735656738,500,500,1.0,none,,34.315792083740234,0.013342732563614845,160,structsplat_quadtree_wse_residual_relocate,SS qt-WSE + residual relocate,StructSplat quadtree-WSE residual-add growth plus split-scheduled residual relocation.,same-growth+relocate,0.9922028183937073,0.0004837324086111039,640,0.046440720558166504,l1,33.15394973754883,results/fair_gaussian_variants_20260710_full_external_same_hparams/reconstructions/COCO_train2014_000000000030/640/seed1_structsplat_quadtree_wse_residual_relocate.png,20,0.25,4,at_split,cuda,,,,,1,tests/test_images/COCO_train2014_000000000030.jpg,0.9553523063659668,0.3,320,0.5,320,ok,False,False,results/fair_gaussian_variants_20260710_full_external_same_hparams/targets/COCO_train2014_000000000030.png,1.3319613933563232,,160
False,28.87287178498232,,none,,12.0,640,12.0,3.1266210079193115,9.154312133789062,1.1201653480529785,residual_add,4,107,COCO_train2014_000000000030,0.17435956001281738,500,500,1.0,none,,34.88172912597656,0.01306679006665945,160,structsplat_quadtree_wse_residual_featurecap,SS qt-WSE + residual feature cap,StructSplat quadtree-WSE residual-add growth with feature-adaptive scale caps.,same-growth+feature-cap,0.9923738837242126,0.00045047595631331205,640,0.04462816193699837,l1,33.46328353881836,results/fair_gaussian_variants_20260710_full_external_same_hparams/reconstructions/COCO_train2014_000000000030/640/seed1_structsplat_quadtree_wse_residual_featurecap.png,,,,,cuda,12.0,12.0,160.0,feature,1,tests/test_images/COCO_train2014_000000000030.jpg,0.9551489949226379,0.3,320,0.5,320,ok,False,False,results/fair_gaussian_variants_20260710_full_external_same_hparams/targets/COCO_train2014_000000000030.png,1.294524908065796,,160
False,29.252457341593587,,none,,,640,160.00001525878906,4.800023555755615,16.050575256347656,1.1492931842803955,residual_add,4,107,COCO_train2014_000000000030,0.16768264770507812,500,500,1.0,none,,35.257904052734375,0.012953563593327999,160,structsplat_quadtree_wse_residual_feature_rel,SS qt-WSE + residual feature-rel cap,StructSplat quadtree-WSE residual-add growth with feature-relative local-radius caps.,same-growth+feature-rel-cap,0.9925945401191711,0.00041538086952641606,640,0.043504498898983,l1,33.81553649902344,results/fair_gaussian_variants_20260710_full_external_same_hparams/reconstructions/COCO_train2014_000000000030/640/seed1_structsplat_quadtree_wse_residual_feature_rel.png,,,,,cuda,,,,feature_rel,1,tests/test_images/COCO_train2014_000000000030.jpg,0.9574227333068848,0.3,320,0.5,320,ok,False,False,results/fair_gaussian_variants_20260710_full_external_same_hparams/targets/COCO_train2014_000000000030.png,1.3169758319854736,,160
False,28.75525463081314,,none,,,640,160.00001525878906,5.95546817779541,19.226900100708008,1.1132421493530273,residual_tensor_add,4,107,COCO_train2014_000000000030,0.16698670387268066,500,500,1.0,none,,34.3116569519043,0.013448785059154034,160,structsplat_quadtree_wse_tensor,SS qt-WSE + tensor,StructSplat quadtree-WSE initializer plus tensor-aware residual growth.,tensor-growth,0.992094099521637,0.0005072465864941478,640,0.047641489654779434,l1,32.947811126708984,results/fair_gaussian_variants_20260710_full_external_same_hparams/reconstructions/COCO_train2014_000000000030/640/seed1_structsplat_quadtree_wse_tensor.png,,,,,cuda,,,,,1,tests/test_images/COCO_train2014_000000000030.jpg,0.9547997117042542,0.3,320,0.5,320,ok,False,False,results/fair_gaussian_variants_20260710_full_external_same_hparams/targets/COCO_train2014_000000000030.png,1.280228853225708,,160
False,29.23768199087384,,none,,12.0,640,12.0,3.1364991664886475,10.001839637756348,1.1890182495117188,residual_tensor_add,4,107,COCO_train2014_000000000030,0.1677391529083252,500,500,1.0,none,,35.35930252075195,0.012871170416474342,160,structsplat_quadtree_wse_tensor_featurecap,SS qt-WSE + tensor feature cap,StructSplat quadtree-WSE tensor-aware residual growth with feature-adaptive scale caps.,tensor-growth+feature-cap,0.9913836717605591,0.00042062031570822,640,0.04373685270547867,l1,33.7610969543457,results/fair_gaussian_variants_20260710_full_external_same_hparams/reconstructions/COCO_train2014_000000000030/640/seed1_structsplat_quadtree_wse_tensor_featurecap.png,,,,,cuda,12.0,12.0,160.0,feature,1,tests/test_images/COCO_train2014_000000000030.jpg,0.9551929235458374,0.3,320,0.5,320,ok,False,False,results/fair_gaussian_variants_20260710_full_external_same_hparams/targets/COCO_train2014_000000000030.png,1.356757402420044,,160
False,28.82917745509941,,none,,,640,160.00001525878906,5.383628845214844,17.013166427612305,1.0738356113433838,residual_tensor_add,4,107,COCO_train2014_000000000030,0.16822504997253418,500,500,1.0,none,,34.26021957397461,0.013497757725417614,160,structsplat_quadtree_wse_tensor_feature_rel,SS qt-WSE + tensor feature-rel cap,StructSplat quadtree-WSE tensor-aware residual growth with feature-relative local-radius caps.,tensor-growth+feature-rel-cap,0.9914061427116394,0.0005025220452807844,640,0.04695966839790344,l1,32.98844909667969,results/fair_gaussian_variants_20260710_full_external_same_hparams/reconstructions/COCO_train2014_000000000030/640/seed1_structsplat_quadtree_wse_tensor_feature_rel.png,,,,,cuda,,,,feature_rel,1,tests/test_images/COCO_train2014_000000000030.jpg,0.9532881379127502,0.3,320,0.5,320,ok,False,False,results/fair_gaussian_variants_20260710_full_external_same_hparams/targets/COCO_train2014_000000000030.png,1.242060661315918,,160
False,28.70688418348232,,none,,,640,160.00001525878906,5.851418972015381,18.008821487426758,1.0698673725128174,residual_tensor_add,4,107,COCO_train2014_000000000030,0.07152414321899414,500,500,1.0,none,,34.29366683959961,0.01352834701538086,160,structsplat_quadtree_hybrid_tensor,SS qt-hybrid + tensor,StructSplat quadtree-hybrid initializer plus tensor-aware residual growth.,tensor-growth,0.9921055436134338,0.000503578397911042,640,0.047962792217731476,l1,32.97932815551758,results/fair_gaussian_variants_20260710_full_external_same_hparams/reconstructions/COCO_train2014_000000000030/640/seed1_structsplat_quadtree_hybrid_tensor.png,,,,,cuda,,,,,1,tests/test_images/COCO_train2014_000000000030.jpg,0.9546608328819275,0.3,320,0.5,320,ok,False,False,results/fair_gaussian_variants_20260710_full_external_same_hparams/targets/COCO_train2014_000000000030.png,1.1413915157318115,,160
False,28.028635699667767,,none,,,640,160.00001525878906,6.953887939453125,20.755157470703125,1.098264455795288,residual_tensor_add,4,107,COCO_train2014_000000000030,0.021094322204589844,500,500,1.0,none,,33.56798553466797,0.01498974859714508,160,floyd_steinberg_tensor,Floyd + tensor,Floyd-Steinberg placement control plus tensor-aware residual growth.,tensor-growth-control,0.9891687631607056,0.0005963360890746117,640,0.0516340397298336,l1,32.24509048461914,results/fair_gaussian_variants_20260710_full_external_same_hparams/reconstructions/COCO_train2014_000000000030/640/seed1_floyd_steinberg_tensor.png,,,,,cuda,,,,,1,tests/test_images/COCO_train2014_000000000030.jpg,0.9448783993721008,0.3,320,0.5,320,ok,False,False,results/fair_gaussian_variants_20260710_full_external_same_hparams/targets/COCO_train2014_000000000030.png,1.119358777999878,,160
False,21.90228871783178,,none,,12.0,640,12.0,2.5948245525360107,7.784829616546631,1.077392816543579,residual_tensor_add,5,106,COCO_train2014_000000000034,0.051828622817993164,500,500,1.0,none,,25.445777893066406,0.04380692541599274,160,structsplat_best_default,SS best default,"Pinned current Gaussian-image winner: aniso_onedge + WSE, feature cap 12@160, tensor-aware residual growth, 5 growth waves, L1 + 0.3 SSIM.",best-default,0.9461877942085266,0.0036135732661932707,640,0.12621255218982697,l1,24.42063331604004,results/fair_gaussian_variants_20260710_full_external_same_hparams/reconstructions/COCO_train2014_000000000034/640/seed0_structsplat_best_default.png,,,,,cuda,12.0,12.0,160.0,feature,0,tests/test_images/COCO_train2014_000000000034.jpg,0.7652345895767212,0.3,320,0.5,320,ok,False,False,results/fair_gaussian_variants_20260710_full_external_same_hparams/targets/COCO_train2014_000000000034.png,1.1292214393615723,,160
False,21.858962995494775,,none,,12.0,640,12.0,2.6390748023986816,8.108338356018066,1.1639599800109863,residual_tensor_add,5,106,COCO_train2014_000000000034,0.052546024322509766,500,500,1.0,none,,25.38853645324707,0.043582066893577576,160,structsplat_best_ssim010,SS best + SSIM 0.10,Best default geometry/growth with SSIM weight lowered to 0.10 for lower pixel diff.,best-loss-sweep,0.9423549771308899,0.003702359739691019,640,0.12790869176387787,l1,24.315214157104492,results/fair_gaussian_variants_20260710_full_external_same_hparams/reconstructions/COCO_train2014_000000000034/640/seed0_structsplat_best_ssim010.png,,,,,cuda,12.0,12.0,160.0,feature,0,tests/test_images/COCO_train2014_000000000034.jpg,0.7371894121170044,0.1,320,0.5,320,ok,False,False,results/fair_gaussian_variants_20260710_full_external_same_hparams/targets/COCO_train2014_000000000034.png,1.216506004333496,,160
False,21.479585739319216,,none,,12.0,640,12.0,2.8140971660614014,8.809844017028809,0.7793004512786865,residual_tensor_add,5,106,COCO_train2014_000000000034,0.05283164978027344,500,500,1.0,none,,24.880807876586914,0.0448211133480072,160,structsplat_best_l1_only,SS best + L1 only,Best default geometry/growth with pure L1 pixel loss and no SSIM term.,best-loss-sweep,0.9237419962882996,0.004135921131819487,640,0.13684533536434174,l1,23.834278106689453,results/fair_gaussian_variants_20260710_full_external_same_hparams/reconstructions/COCO_train2014_000000000034/640/seed0_structsplat_best_l1_only.png,,,,,cuda,12.0,12.0,160.0,feature,0,tests/test_images/COCO_train2014_000000000034.jpg,0.6750748157501221,0.0,320,0.5,320,ok,False,False,results/fair_gaussian_variants_20260710_full_external_same_hparams/targets/COCO_train2014_000000000034.png,0.83213210105896,,160
False,21.78572585921966,,none,,12.0,640,12.0,2.6876060962677,8.293794631958008,1.1260278224945068,residual_tensor_add,5,106,COCO_train2014_000000000034,0.05627799034118652,500,500,1.0,none,,25.325912475585938,0.04372720792889595,160,structsplat_best_charbonnier,SS best + Charbonnier,Best default geometry/growth with Charbonnier pixel loss and SSIM weight 0.10.,best-loss-sweep,0.9376563429832458,0.003772294381633401,640,0.13011829555034637,charbonnier,24.233943939208984,results/fair_gaussian_variants_20260710_full_external_same_hparams/reconstructions/COCO_train2014_000000000034/640/seed0_structsplat_best_charbonnier.png,,,,,cuda,12.0,12.0,160.0,feature,0,tests/test_images/COCO_train2014_000000000034.jpg,0.7289732098579407,0.1,320,0.5,320,ok,False,False,results/fair_gaussian_variants_20260710_full_external_same_hparams/targets/COCO_train2014_000000000034.png,1.1823058128356934,,160
False,21.697379672216748,,none,,12.0,640,12.0,2.5546107292175293,7.740233421325684,1.1100761890411377,residual_tensor_add,5,106,COCO_train2014_000000000034,0.05030512809753418,500,500,1.0,tensor,,24.93633270263672,0.04585052654147148,160,structsplat_best_tensor_loss,SS best + tensor loss,Best default geometry/growth with tensor-weighted pixel loss to emphasize edges.,best-edge-loss,0.9396263360977173,0.004089602269232273,640,0.13420259952545166,l1,23.883190155029297,results/fair_gaussian_variants_20260710_full_external_same_hparams/reconstructions/COCO_train2014_000000000034/640/seed0_structsplat_best_tensor_loss.png,,,,,cuda,12.0,12.0,160.0,feature,0,tests/test_images/COCO_train2014_000000000034.jpg,0.755559504032135,0.3,320,0.5,320,ok,False,False,results/fair_gaussian_variants_20260710_full_external_same_hparams/targets/COCO_train2014_000000000034.png,1.1603813171386719,,160
False,21.951312223751703,,final,,12.0,640,12.0,2.5721054077148438,8.116822242736816,1.1930594444274902,residual_tensor_add,5,106,COCO_train2014_000000000034,0.050492048263549805,500,500,1.0,none,,25.724048614501953,0.04302596673369408,160,structsplat_best_color_final,SS best + final color solve,Best default geometry/growth with a final fixed-geometry RGB least-squares color solve.,best-color-polish,0.9479996562004089,0.003423668211326003,640,0.12111594527959824,l1,24.65508460998535,results/fair_gaussian_variants_20260710_full_external_same_hparams/reconstructions/COCO_train2014_000000000034/640/seed0_structsplat_best_color_final.png,,,,,cuda,12.0,12.0,160.0,feature,0,tests/test_images/COCO_train2014_000000000034.jpg,0.7538809180259705,0.3,320,0.5,320,ok,False,False,results/fair_gaussian_variants_20260710_full_external_same_hparams/targets/COCO_train2014_000000000034.png,1.24355149269104,,160
False,21.695006429790734,,none,,12.0,640,12.0,2.64139723777771,7.604597091674805,1.1713330745697021,residual_tensor_add+relocate,5,106,COCO_train2014_000000000034,0.05021405220031738,500,500,1.0,none,,25.10986328125,0.045594729483127594,160,structsplat_best_relocate,SS best + split relocate,Best default geometry/growth plus split-scheduled residual relocation.,best-relocate,0.9396643042564392,0.0039338767528533936,640,0.13130652904510498,l1,24.05179214477539,results/fair_gaussian_variants_20260710_full_external_same_hparams/reconstructions/COCO_train2014_000000000034/640/seed0_structsplat_best_relocate.png,16,0.25,4,at_split,cuda,12.0,12.0,160.0,feature,0,tests/test_images/COCO_train2014_000000000034.jpg,0.7524197697639465,0.3,320,0.5,320,ok,False,False,results/fair_gaussian_variants_20260710_full_external_same_hparams/targets/COCO_train2014_000000000034.png,1.2215471267700195,,160
True,22.290578824962548,,none,,12.0,640,12.0,2.34824538230896,7.000474452972412,1.1159868240356445,residual_tensor_add,5,106,COCO_train2014_000000000034,0.05174970626831055,500,500,1.0,none,,26.543941497802734,0.03868942707777023,160,structsplat_best_adaptive_1p5x,SS best + adaptive 1.5x cap,Best default warm start with adaptive residual growth allowed up to 1.5x the requested cap.,best-adaptive-capacity,0.9557278156280518,0.0028836196288466454,960,0.11332821100950241,l1,25.40062141418457,results/fair_gaussian_variants_20260710_full_external_same_hparams/reconstructions/COCO_train2014_000000000034/640/seed0_structsplat_best_adaptive_1p5x.png,,,,,cuda,12.0,12.0,160.0,feature,0,tests/test_images/COCO_train2014_000000000034.jpg,0.8005847930908203,0.3,320,0.5,320,ok,False,False,results/fair_gaussian_variants_20260710_full_external_same_hparams/targets/COCO_train2014_000000000034.png,1.167736530303955,960,160
False,20.675863581334422,,none,,,640,160.00001525878906,3.8642983436584473,12.44582748413086,1.0646462440490723,none,4,106,COCO_train2014_000000000034,0.0013186931610107422,500,500,1.0,none,,22.767333984375,0.051369693130254745,160,gaussianimage_fixed_full,GaussianImage fixed,GaussianImage-style random fixed-count control; starts at the final cap and does not grow.,fixed-full,0.9523561596870422,0.005964136216789484,640,0.1542433798313141,l1,22.244525909423828,results/fair_gaussian_variants_20260710_full_external_same_hparams/reconstructions/COCO_train2014_000000000034/640/seed0_gaussianimage_fixed_full.png,,,,,cuda,,,,,0,tests/test_images/COCO_train2014_000000000034.jpg,0.7854105234146118,0.3,320,0.5,640,ok,False,False,results/fair_gaussian_variants_20260710_full_external_same_hparams/targets/COCO_train2014_000000000034.png,1.065964937210083,,160
False,20.04534305599266,,none,,,640,160.00001525878906,4.341263294219971,13.588462829589844,1.1603431701660156,residual_add,4,106,COCO_train2014_000000000034,0.00033855438232421875,500,500,1.0,none,,24.953214645385742,0.04589357227087021,160,gaussianimage_plus_residual,GaussianImage++ residual,GaussianImage++-style analogue: random half-budget start plus residual-add growth.,repo-growth,0.9485135674476624,0.003993878606706858,640,0.1327218860387802,l1,23.986053466796875,results/fair_gaussian_variants_20260710_full_external_same_hparams/reconstructions/COCO_train2014_000000000034/640/seed0_gaussianimage_plus_residual.png,,,,,cuda,,,,,0,tests/test_images/COCO_train2014_000000000034.jpg,0.766785740852356,0.3,320,0.5,320,ok,False,False,results/fair_gaussian_variants_20260710_full_external_same_hparams/targets/COCO_train2014_000000000034.png,1.1606817245483398,,160
False,20.26170092641949,,none,,,640,160.00001525878906,4.266854286193848,14.22378921508789,1.1088924407958984,residual_add,4,106,COCO_train2014_000000000034,0.002850055694580078,500,500,1.0,none,,25.030223846435547,0.04579244181513786,160,image_gs_residual,Image-GS residual,Image-GS-style analogue: gradient-density random half-budget start plus residual-add growth.,repo-growth,0.9420891404151917,0.0039560613222420216,640,0.13176468014717102,l1,24.02737045288086,results/fair_gaussian_variants_20260710_full_external_same_hparams/reconstructions/COCO_train2014_000000000034/640/seed0_image_gs_residual.png,,,,,cuda,,,,,0,tests/test_images/COCO_train2014_000000000034.jpg,0.7519409656524658,0.3,320,0.5,320,ok,False,False,results/fair_gaussian_variants_20260710_full_external_same_hparams/targets/COCO_train2014_000000000034.png,1.1117424964904785,,160
False,18.323678983715112,,none,,,640,9.714424133300781,1.2918472290039062,3.4841299057006836,1.0733435153961182,none,4,106,COCO_train2014_000000000034,0.12814879417419434,500,500,1.0,none,,19.74323081970215,0.060788605362176895,160,instant_gi_quadtree_fixed,Instant-GI quadtree,Instant-GI quadtree/Delaunay fallback if STRUCTSPLAT_INSTANT_GI is configured; fixed count.,fixed-full,0.8970656991004944,0.010137388482689857,640,0.18940576910972595,l1,19.94074058532715,results/fair_gaussian_variants_20260710_full_external_same_hparams/reconstructions/COCO_train2014_000000000034/640/seed0_instant_gi_quadtree_fixed.png,,,,,cuda,,,,,0,tests/test_images/COCO_train2014_000000000034.jpg,0.7121409773826599,0.3,320,0.5,640,ok,False,False,results/fair_gaussian_variants_20260710_full_external_same_hparams/targets/COCO_train2014_000000000034.png,1.2014923095703125,,160
False,21.424144431441007,,none,,,640,160.00001525878906,4.752057075500488,15.801000595092773,1.106360912322998,residual_add,4,106,COCO_train2014_000000000034,0.05021953582763672,500,500,1.0,none,,25.320844650268555,0.04476030543446541,160,structsplat_onedge_residual,SS on-edge + residual,StructSplat on-edge initializer under the same residual-add growth as external analogues.,same-growth,0.9450269937515259,0.0037188834976404905,640,0.12680673599243164,l1,24.295873641967773,results/fair_gaussian_variants_20260710_full_external_same_hparams/reconstructions/COCO_train2014_000000000034/640/seed0_structsplat_onedge_residual.png,,,,,cuda,,,,,0,tests/test_images/COCO_train2014_000000000034.jpg,0.7628431916236877,0.3,320,0.5,320,ok,False,False,results/fair_gaussian_variants_20260710_full_external_same_hparams/targets/COCO_train2014_000000000034.png,1.1565804481506348,,160
False,21.330789917695498,,none,,,640,160.00001525878906,4.74220609664917,15.352919578552246,1.1410284042358398,residual_add+relocate,4,106,COCO_train2014_000000000034,0.05082964897155762,500,500,1.0,none,,25.408878326416016,0.044392939656972885,160,structsplat_onedge_residual_relocate,SS on-edge + residual relocate,StructSplat on-edge residual-add growth plus split-scheduled residual relocation.,same-growth+relocate,0.9472865462303162,0.003668498946353793,640,0.12604273855686188,l1,24.35511589050293,results/fair_gaussian_variants_20260710_full_external_same_hparams/reconstructions/COCO_train2014_000000000034/640/seed0_structsplat_onedge_residual_relocate.png,20,0.25,4,at_split,cuda,,,,,0,tests/test_images/COCO_train2014_000000000034.jpg,0.7702613472938538,0.3,320,0.5,320,ok,False,False,results/fair_gaussian_variants_20260710_full_external_same_hparams/targets/COCO_train2014_000000000034.png,1.1918580532073975,,160
False,21.300204437576937,,none,,12.0,640,12.0,2.4191012382507324,7.6019511222839355,1.0622975826263428,residual_add,4,106,COCO_train2014_000000000034,0.0510859489440918,500,500,1.0,none,,25.125370025634766,0.044751252979040146,160,structsplat_onedge_residual_featurecap,SS on-edge + residual feature cap,StructSplat on-edge residual-add growth with feature-adaptive per-Gaussian scale caps.,same-growth+feature-cap,0.9380521178245544,0.003863612189888954,640,0.12952521443367004,l1,24.13006591796875,results/fair_gaussian_variants_20260710_full_external_same_hparams/reconstructions/COCO_train2014_000000000034/640/seed0_structsplat_onedge_residual_featurecap.png,,,,,cuda,12.0,12.0,160.0,feature,0,tests/test_images/COCO_train2014_000000000034.jpg,0.7534134387969971,0.3,320,0.5,320,ok,False,False,results/fair_gaussian_variants_20260710_full_external_same_hparams/targets/COCO_train2014_000000000034.png,1.1133835315704346,,160
False,21.451442049596018,,none,,,640,160.00001525878906,4.310560703277588,12.664200782775879,1.0722863674163818,residual_add,4,106,COCO_train2014_000000000034,0.05092597007751465,500,500,1.0,none,,25.31884002685547,0.044660065323114395,160,structsplat_onedge_residual_feature_rel,SS on-edge + residual feature-rel cap,StructSplat on-edge residual-add growth with feature-relative local-radius scale caps.,same-growth+feature-rel-cap,0.9431765079498291,0.0037299019750207663,640,0.1279767006635666,l1,24.28302764892578,results/fair_gaussian_variants_20260710_full_external_same_hparams/reconstructions/COCO_train2014_000000000034/640/seed0_structsplat_onedge_residual_feature_rel.png,,,,,cuda,,,,feature_rel,0,tests/test_images/COCO_train2014_000000000034.jpg,0.7601125240325928,0.3,320,0.5,320,ok,False,False,results/fair_gaussian_variants_20260710_full_external_same_hparams/targets/COCO_train2014_000000000034.png,1.1232123374938965,,160
False,21.513353336311294,,none,,,640,160.00001525878906,5.298550605773926,15.981012344360352,1.0985276699066162,residual_tensor_add,4,106,COCO_train2014_000000000034,0.05089735984802246,500,500,1.0,none,,25.13359260559082,0.045748401433229446,160,structsplat_onedge_tensor,SS on-edge + tensor,StructSplat on-edge initializer plus tensor-aware residual growth.,tensor-growth,0.9431779980659485,0.003868226893246174,640,0.13015542924404144,l1,24.124881744384766,results/fair_gaussian_variants_20260710_full_external_same_hparams/reconstructions/COCO_train2014_000000000034/640/seed0_structsplat_onedge_tensor.png,,,,,cuda,,,,,0,tests/test_images/COCO_train2014_000000000034.jpg,0.7599862813949585,0.3,320,0.5,320,ok,False,False,results/fair_gaussian_variants_20260710_full_external_same_hparams/targets/COCO_train2014_000000000034.png,1.1494250297546387,,160
False,21.475099567420976,,none,,12.0,640,12.0,2.504816770553589,7.767500400543213,1.119349479675293,residual_tensor_add,4,106,COCO_train2014_000000000034,0.05417919158935547,500,500,1.0,none,,24.843624114990234,0.045235611498355865,160,structsplat_onedge_tensor_featurecap,SS on-edge + tensor feature cap,StructSplat on-edge tensor-aware residual growth with feature-adaptive scale caps.,tensor-growth+feature-cap,0.9387112259864807,0.004010473843663931,640,0.12867601215839386,l1,23.96804428100586,results/fair_gaussian_variants_20260710_full_external_same_hparams/reconstructions/COCO_train2014_000000000034/640/seed0_structsplat_onedge_tensor_featurecap.png,,,,,cuda,12.0,12.0,160.0,feature,0,tests/test_images/COCO_train2014_000000000034.jpg,0.7564055919647217,0.3,320,0.5,320,ok,False,False,results/fair_gaussian_variants_20260710_full_external_same_hparams/targets/COCO_train2014_000000000034.png,1.1735286712646484,,160
False,21.449432434204347,,none,,,640,160.00001525878906,4.56715202331543,14.22362232208252,1.1632192134857178,residual_tensor_add,4,106,COCO_train2014_000000000034,0.04985499382019043,500,500,1.0,none,,25.271167755126953,0.04497231915593147,160,structsplat_onedge_tensor_feature_rel,SS on-edge + tensor feature-rel cap,StructSplat on-edge tensor-aware residual growth with feature-relative local-radius caps.,tensor-growth+feature-rel-cap,0.9439789056777954,0.0037892095278948545,640,0.12767483294010162,l1,24.214513778686523,results/fair_gaussian_variants_20260710_full_external_same_hparams/reconstructions/COCO_train2014_000000000034/640/seed0_structsplat_onedge_tensor_feature_rel.png,,,,,cuda,,,,feature_rel,0,tests/test_images/COCO_train2014_000000000034.jpg,0.7612537741661072,0.3,320,0.5,320,ok,False,False,results/fair_gaussian_variants_20260710_full_external_same_hparams/targets/COCO_train2014_000000000034.png,1.2130742073059082,,160
False,21.544484344895235,,none,,,640,160.00001525878906,5.597182750701904,20.782283782958984,1.1244795322418213,residual_tensor_add,4,106,COCO_train2014_000000000034,0.05133199691772461,500,500,1.0,none,,25.143238067626953,0.04569985717535019,160,structsplat_flanking_tensor,SS flanking + tensor,StructSplat flanking initializer plus tensor-aware residual growth.,tensor-growth,0.9442726373672485,0.0038781219627708197,640,0.129430890083313,l1,24.113786697387695,results/fair_gaussian_variants_20260710_full_external_same_hparams/reconstructions/COCO_train2014_000000000034/640/seed0_structsplat_flanking_tensor.png,,,,,cuda,,,,,0,tests/test_images/COCO_train2014_000000000034.jpg,0.7649162411689758,0.3,320,0.5,320,ok,False,False,results/fair_gaussian_variants_20260710_full_external_same_hparams/targets/COCO_train2014_000000000034.png,1.175811529159546,,160
False,21.315135823939748,,none,,,640,160.00001525878906,5.32351541519165,16.736719131469727,1.1299400329589844,residual_add,4,106,COCO_train2014_000000000034,0.1142721176147461,500,500,1.0,none,,25.2982120513916,0.045149095356464386,160,structsplat_quadtree_wse_residual,SS qt-WSE + residual,StructSplat quadtree-WSE initializer under the same residual-add growth as external analogues.,same-growth,0.9435014724731445,0.0037782087456434965,640,0.12880927324295044,l1,24.227142333984375,results/fair_gaussian_variants_20260710_full_external_same_hparams/reconstructions/COCO_train2014_000000000034/640/seed0_structsplat_quadtree_wse_residual.png,,,,,cuda,,,,,0,tests/test_images/COCO_train2014_000000000034.jpg,0.7594125866889954,0.3,320,0.5,320,ok,False,False,results/fair_gaussian_variants_20260710_full_external_same_hparams/targets/COCO_train2014_000000000034.png,1.2442121505737305,,160
False,21.222787864700347,,none,,,640,160.00001525878906,5.218852519989014,17.567630767822266,1.2122695446014404,residual_add+relocate,4,106,COCO_train2014_000000000034,0.1129913330078125,500,500,1.0,none,,25.26116180419922,0.04527483135461807,160,structsplat_quadtree_wse_residual_relocate,SS qt-WSE + residual relocate,StructSplat quadtree-WSE residual-add growth plus split-scheduled residual relocation.,same-growth+relocate,0.9451861381530762,0.0037888085935264826,640,0.12879469990730286,l1,24.21497344970703,results/fair_gaussian_variants_20260710_full_external_same_hparams/reconstructions/COCO_train2014_000000000034/640/seed0_structsplat_quadtree_wse_residual_relocate.png,20,0.25,4,at_split,cuda,,,,,0,tests/test_images/COCO_train2014_000000000034.jpg,0.7643592357635498,0.3,320,0.5,320,ok,False,False,results/fair_gaussian_variants_20260710_full_external_same_hparams/targets/COCO_train2014_000000000034.png,1.325260877609253,,160
False,21.111982350358982,,none,,12.0,640,12.0,2.5355770587921143,7.826053142547607,1.1802966594696045,residual_add,4,106,COCO_train2014_000000000034,0.11706089973449707,500,500,1.0,none,,24.94003677368164,0.04557439684867859,160,structsplat_quadtree_wse_residual_featurecap,SS qt-WSE + residual feature cap,StructSplat quadtree-WSE residual-add growth with feature-adaptive scale caps.,same-growth+feature-cap,0.9400037527084351,0.004044763278216124,640,0.13277286291122437,l1,23.931068420410156,results/fair_gaussian_variants_20260710_full_external_same_hparams/reconstructions/COCO_train2014_000000000034/640/seed0_structsplat_quadtree_wse_residual_featurecap.png,,,,,cuda,12.0,12.0,160.0,feature,0,tests/test_images/COCO_train2014_000000000034.jpg,0.7551011443138123,0.3,320,0.5,320,ok,False,False,results/fair_gaussian_variants_20260710_full_external_same_hparams/targets/COCO_train2014_000000000034.png,1.2973575592041016,,160
False,21.398914563631962,,none,,,640,160.00001525878906,4.252845764160156,13.058106422424316,1.1019320487976074,residual_add,4,106,COCO_train2014_000000000034,0.1119375228881836,500,500,1.0,none,,25.35833168029785,0.04478016123175621,160,structsplat_quadtree_wse_residual_feature_rel,SS qt-WSE + residual feature-rel cap,StructSplat quadtree-WSE residual-add growth with feature-relative local-radius caps.,same-growth+feature-rel-cap,0.9440422654151917,0.003736784914508462,640,0.12739600241184235,l1,24.2750186920166,results/fair_gaussian_variants_20260710_full_external_same_hparams/reconstructions/COCO_train2014_000000000034/640/seed0_structsplat_quadtree_wse_residual_feature_rel.png,,,,,cuda,,,,feature_rel,0,tests/test_images/COCO_train2014_000000000034.jpg,0.7625591158866882,0.3,320,0.5,320,ok,False,False,results/fair_gaussian_variants_20260710_full_external_same_hparams/targets/COCO_train2014_000000000034.png,1.213869571685791,,160
False,21.489578078887266,,none,,,640,160.00001525878906,5.795964241027832,20.44348907470703,1.0667102336883545,residual_tensor_add,4,106,COCO_train2014_000000000034,0.11223220825195312,500,500,1.0,none,,25.30787467956543,0.04499848559498787,160,structsplat_quadtree_wse_tensor,SS qt-WSE + tensor,StructSplat quadtree-WSE initializer plus tensor-aware residual growth.,tensor-growth,0.9461135864257812,0.0037456245627254248,640,0.12784543633460999,l1,24.26475715637207,results/fair_gaussian_variants_20260710_full_external_same_hparams/reconstructions/COCO_train2014_000000000034/640/seed0_structsplat_quadtree_wse_tensor.png,,,,,cuda,,,,,0,tests/test_images/COCO_train2014_000000000034.jpg,0.764896035194397,0.3,320,0.5,320,ok,False,False,results/fair_gaussian_variants_20260710_full_external_same_hparams/targets/COCO_train2014_000000000034.png,1.1789424419403076,,160
False,21.330949791925466,,none,,12.0,640,12.0,2.6694767475128174,7.882985591888428,1.082890272140503,residual_tensor_add,4,106,COCO_train2014_000000000034,0.11350297927856445,500,500,1.0,none,,25.052349090576172,0.04550187289714813,160,structsplat_quadtree_wse_tensor_featurecap,SS qt-WSE + tensor feature cap,StructSplat quadtree-WSE tensor-aware residual growth with feature-adaptive scale caps.,tensor-growth+feature-cap,0.9430978298187256,0.0039992486126720905,640,0.13072651624679565,l1,23.98021697998047,results/fair_gaussian_variants_20260710_full_external_same_hparams/reconstructions/COCO_train2014_000000000034/640/seed0_structsplat_quadtree_wse_tensor_featurecap.png,,,,,cuda,12.0,12.0,160.0,feature,0,tests/test_images/COCO_train2014_000000000034.jpg,0.7596932649612427,0.3,320,0.5,320,ok,False,False,results/fair_gaussian_variants_20260710_full_external_same_hparams/targets/COCO_train2014_000000000034.png,1.1963932514190674,,160
False,21.42150038277697,,none,,,640,160.00001525878906,4.451447486877441,13.83452033996582,1.0984697341918945,residual_tensor_add,4,106,COCO_train2014_000000000034,0.11117219924926758,500,500,1.0,none,,25.2196044921875,0.045111823827028275,160,structsplat_quadtree_wse_tensor_feature_rel,SS qt-WSE + tensor feature-rel cap,StructSplat quadtree-WSE tensor-aware residual growth with feature-relative local-radius caps.,tensor-growth+feature-rel-cap,0.9437023401260376,0.003815825330093503,640,0.1290571689605713,l1,24.184114456176758,results/fair_gaussian_variants_20260710_full_external_same_hparams/reconstructions/COCO_train2014_000000000034/640/seed0_structsplat_quadtree_wse_tensor_feature_rel.png,,,,,cuda,,,,feature_rel,0,tests/test_images/COCO_train2014_000000000034.jpg,0.7595497369766235,0.3,320,0.5,320,ok,False,False,results/fair_gaussian_variants_20260710_full_external_same_hparams/targets/COCO_train2014_000000000034.png,1.209641933441162,,160
False,21.533612406086586,,none,,,640,160.00001525878906,5.123265743255615,17.859485626220703,1.1882643699645996,residual_tensor_add,4,106,COCO_train2014_000000000034,0.06870651245117188,500,500,1.0,none,,25.292949676513672,0.044981833547353745,160,structsplat_quadtree_hybrid_tensor,SS qt-hybrid + tensor,StructSplat quadtree-hybrid initializer plus tensor-aware residual growth.,tensor-growth,0.9471098780632019,0.003767111338675022,640,0.1287735253572464,l1,24.239913940429688,results/fair_gaussian_variants_20260710_full_external_same_hparams/reconstructions/COCO_train2014_000000000034/640/seed0_structsplat_quadtree_hybrid_tensor.png,,,,,cuda,,,,,0,tests/test_images/COCO_train2014_000000000034.jpg,0.768794059753418,0.3,320,0.5,320,ok,False,False,results/fair_gaussian_variants_20260710_full_external_same_hparams/targets/COCO_train2014_000000000034.png,1.2569708824157715,,160
False,20.96872554847855,,none,,,640,94.4969253540039,4.9096879959106445,18.84426498413086,1.078432321548462,residual_tensor_add,4,106,COCO_train2014_000000000034,0.021150827407836914,500,500,1.0,none,,24.982284545898438,0.0465155728161335,160,floyd_steinberg_tensor,Floyd + tensor,Floyd-Steinberg placement control plus tensor-aware residual growth.,tensor-growth-control,0.936507523059845,0.0040166643448174,640,0.13313540816307068,l1,23.961345672607422,results/fair_gaussian_variants_20260710_full_external_same_hparams/reconstructions/COCO_train2014_000000000034/640/seed0_floyd_steinberg_tensor.png,,,,,cuda,,,,,0,tests/test_images/COCO_train2014_000000000034.jpg,0.7487636208534241,0.3,320,0.5,320,ok,False,False,results/fair_gaussian_variants_20260710_full_external_same_hparams/targets/COCO_train2014_000000000034.png,1.0995831489562988,,160
False,21.826394811183036,,none,,12.0,640,12.0,2.5724103450775146,8.0,1.164484977722168,residual_tensor_add,5,106,COCO_train2014_000000000034,0.051117658615112305,500,500,1.0,none,,25.23075294494629,0.04468664899468422,160,structsplat_best_default,SS best default,"Pinned current Gaussian-image winner: aniso_onedge + WSE, feature cap 12@160, tensor-aware residual growth, 5 growth waves, L1 + 0.3 SSIM.",best-default,0.9435819983482361,0.003803211497142911,640,0.1300371140241623,l1,24.198495864868164,results/fair_gaussian_variants_20260710_full_external_same_hparams/reconstructions/COCO_train2014_000000000034/640/seed1_structsplat_best_default.png,,,,,cuda,12.0,12.0,160.0,feature,1,tests/test_images/COCO_train2014_000000000034.jpg,0.7576608061790466,0.3,320,0.5,320,ok,False,False,results/fair_gaussian_variants_20260710_full_external_same_hparams/targets/COCO_train2014_000000000034.png,1.2156026363372803,,160
False,21.720218130964078,,none,,12.0,640,12.0,2.647489547729492,8.246258735656738,1.0840997695922852,residual_tensor_add,5,106,COCO_train2014_000000000034,0.051216840744018555,500,500,1.0,none,,25.32416534423828,0.04372129216790199,160,structsplat_best_ssim010,SS best + SSIM 0.10,Best default geometry/growth with SSIM weight lowered to 0.10 for lower pixel diff.,best-loss-sweep,0.9390676617622375,0.0037598363123834133,640,0.12989570200443268,l1,24.24831199645996,results/fair_gaussian_variants_20260710_full_external_same_hparams/reconstructions/COCO_train2014_000000000034/640/seed1_structsplat_best_ssim010.png,,,,,cuda,12.0,12.0,160.0,feature,1,tests/test_images/COCO_train2014_000000000034.jpg,0.7278103828430176,0.1,320,0.5,320,ok,False,False,results/fair_gaussian_variants_20260710_full_external_same_hparams/targets/COCO_train2014_000000000034.png,1.1353166103363037,,160
False,21.341868843965397,,none,,12.0,640,12.0,2.8070759773254395,8.853082656860352,0.7986481189727783,residual_tensor_add,5,106,COCO_train2014_000000000034,0.05155467987060547,500,500,1.0,none,,24.779399871826172,0.04503921791911125,160,structsplat_best_l1_only,SS best + L1 only,Best default geometry/growth with pure L1 pixel loss and no SSIM term.,best-loss-sweep,0.9243787527084351,0.00422558281570673,640,0.13809770345687866,l1,23.741132736206055,results/fair_gaussian_variants_20260710_full_external_same_hparams/reconstructions/COCO_train2014_000000000034/640/seed1_structsplat_best_l1_only.png,,,,,cuda,12.0,12.0,160.0,feature,1,tests/test_images/COCO_train2014_000000000034.jpg,0.671371340751648,0.0,320,0.5,320,ok,False,False,results/fair_gaussian_variants_20260710_full_external_same_hparams/targets/COCO_train2014_000000000034.png,0.8502027988433838,,160
False,21.698332908875003,,none,,12.0,640,12.0,2.6183948516845703,7.901957988739014,1.1556646823883057,residual_tensor_add,5,106,COCO_train2014_000000000034,0.0513918399810791,500,500,1.0,none,,25.278350830078125,0.04386499524116516,160,structsplat_best_charbonnier,SS best + Charbonnier,Best default geometry/growth with Charbonnier pixel loss and SSIM weight 0.10.,best-loss-sweep,0.9371350407600403,0.0038199257105588913,640,0.13098520040512085,charbonnier,24.17945098876953,results/fair_gaussian_variants_20260710_full_external_same_hparams/reconstructions/COCO_train2014_000000000034/640/seed1_structsplat_best_charbonnier.png,,,,,cuda,12.0,12.0,160.0,feature,1,tests/test_images/COCO_train2014_000000000034.jpg,0.7246214747428894,0.1,320,0.5,320,ok,False,False,results/fair_gaussian_variants_20260710_full_external_same_hparams/targets/COCO_train2014_000000000034.png,1.2070565223693848,,160
False,21.880877290316718,,none,,12.0,640,12.0,2.6344428062438965,7.996074199676514,1.1253080368041992,residual_tensor_add,5,106,COCO_train2014_000000000034,0.05500292778015137,500,500,1.0,tensor,,25.455219268798828,0.04400018975138664,160,structsplat_best_tensor_loss,SS best + tensor loss,Best default geometry/growth with tensor-weighted pixel loss to emphasize edges.,best-edge-loss,0.9443489909172058,0.003627727273851633,640,0.12628856301307678,l1,24.403656005859375,results/fair_gaussian_variants_20260710_full_external_same_hparams/reconstructions/COCO_train2014_000000000034/640/seed1_structsplat_best_tensor_loss.png,,,,,cuda,12.0,12.0,160.0,feature,1,tests/test_images/COCO_train2014_000000000034.jpg,0.7642390727996826,0.3,320,0.5,320,ok,False,False,results/fair_gaussian_variants_20260710_full_external_same_hparams/targets/COCO_train2014_000000000034.png,1.1803109645843506,,160
False,21.84615991588585,,final,,12.0,640,12.0,2.538292407989502,7.769527912139893,1.2503955364227295,residual_tensor_add,5,106,COCO_train2014_000000000034,0.051405906677246094,500,500,1.0,none,,25.642635345458984,0.04328138008713722,160,structsplat_best_color_final,SS best + final color solve,Best default geometry/growth with a final fixed-geometry RGB least-squares color solve.,best-color-polish,0.9501695036888123,0.0034520297776907682,640,0.12265311181545258,l1,24.61925506591797,results/fair_gaussian_variants_20260710_full_external_same_hparams/reconstructions/COCO_train2014_000000000034/640/seed1_structsplat_best_color_final.png,,,,,cuda,12.0,12.0,160.0,feature,1,tests/test_images/COCO_train2014_000000000034.jpg,0.7512388229370117,0.3,320,0.5,320,ok,False,False,results/fair_gaussian_variants_20260710_full_external_same_hparams/targets/COCO_train2014_000000000034.png,1.3018014430999756,,160
False,21.673357181893085,,none,,12.0,640,12.0,2.7463595867156982,8.50533676147461,1.1982598304748535,residual_tensor_add+relocate,5,106,COCO_train2014_000000000034,0.057332515716552734,500,500,1.0,none,,24.903736114501953,0.046064190566539764,160,structsplat_best_relocate,SS best + split relocate,Best default geometry/growth plus split-scheduled residual relocation.,best-relocate,0.9435389637947083,0.0040267338044941425,640,0.1324807107448578,l1,23.950471878051758,results/fair_gaussian_variants_20260710_full_external_same_hparams/reconstructions/COCO_train2014_000000000034/640/seed1_structsplat_best_relocate.png,16,0.25,4,at_split,cuda,12.0,12.0,160.0,feature,1,tests/test_images/COCO_train2014_000000000034.jpg,0.752312421798706,0.3,320,0.5,320,ok,False,False,results/fair_gaussian_variants_20260710_full_external_same_hparams/targets/COCO_train2014_000000000034.png,1.2555923461914062,,160
True,22.36784167662412,,none,,12.0,640,12.0,2.3262031078338623,6.828846454620361,1.1144883632659912,residual_tensor_add,5,106,COCO_train2014_000000000034,0.05340409278869629,500,500,1.0,none,,26.127246856689453,0.038972046226263046,160,structsplat_best_adaptive_1p5x,SS best + adaptive 1.5x cap,Best default warm start with adaptive residual growth allowed up to 1.5x the requested cap.,best-adaptive-capacity,0.9574180841445923,0.0030544938053935766,960,0.11327234655618668,l1,25.15060806274414,results/fair_gaussian_variants_20260710_full_external_same_hparams/reconstructions/COCO_train2014_000000000034/640/seed1_structsplat_best_adaptive_1p5x.png,,,,,cuda,12.0,12.0,160.0,feature,1,tests/test_images/COCO_train2014_000000000034.jpg,0.8051897287368774,0.3,320,0.5,320,ok,False,False,results/fair_gaussian_variants_20260710_full_external_same_hparams/targets/COCO_train2014_000000000034.png,1.1678924560546875,960,160
False,20.60736083411024,,none,,,640,160.00001525878906,4.064674377441406,13.383834838867188,1.1492483615875244,none,4,106,COCO_train2014_000000000034,0.0005719661712646484,500,500,1.0,none,,22.83917999267578,0.05113730579614639,160,gaussianimage_fixed_full,GaussianImage fixed,GaussianImage-style random fixed-count control; starts at the final cap and does not grow.,fixed-full,0.9486636519432068,0.005896596238017082,640,0.1510584056377411,l1,22.293987274169922,results/fair_gaussian_variants_20260710_full_external_same_hparams/reconstructions/COCO_train2014_000000000034/640/seed1_gaussianimage_fixed_full.png,,,,,cuda,,,,,1,tests/test_images/COCO_train2014_000000000034.jpg,0.785010039806366,0.3,320,0.5,640,ok,False,False,results/fair_gaussian_variants_20260710_full_external_same_hparams/targets/COCO_train2014_000000000034.png,1.149820327758789,,160
False,20.222575162837884,,none,,,640,160.00001525878906,4.705097198486328,14.834275245666504,1.0585463047027588,residual_add,4,106,COCO_train2014_000000000034,0.00040268898010253906,500,500,1.0,none,,25.262910842895508,0.04484862834215164,160,gaussianimage_plus_residual,GaussianImage++ residual,GaussianImage++-style analogue: random half-budget start plus residual-add growth.,repo-growth,0.9498063325881958,0.003759764600545168,640,0.1278051733970642,l1,24.24839210510254,results/fair_gaussian_variants_20260710_full_external_same_hparams/reconstructions/COCO_train2014_000000000034/640/seed1_gaussianimage_plus_residual.png,,,,,cuda,,,,,1,tests/test_images/COCO_train2014_000000000034.jpg,0.7743664979934692,0.3,320,0.5,320,ok,False,False,results/fair_gaussian_variants_20260710_full_external_same_hparams/targets/COCO_train2014_000000000034.png,1.0589489936828613,,160
False,20.330893608276735,,none,,,640,160.00001525878906,5.153899669647217,16.757448196411133,1.0616693496704102,residual_add,4,106,COCO_train2014_000000000034,0.0025603771209716797,500,500,1.0,none,,25.177448272705078,0.045457832515239716,160,image_gs_residual,Image-GS residual,Image-GS-style analogue: gradient-density random half-budget start plus residual-add growth.,repo-growth,0.9442123174667358,0.003871297463774681,640,0.13053041696548462,l1,24.121437072753906,results/fair_gaussian_variants_20260710_full_external_same_hparams/reconstructions/COCO_train2014_000000000034/640/seed1_image_gs_residual.png,,,,,cuda,,,,,1,tests/test_images/COCO_train2014_000000000034.jpg,0.7600894570350647,0.3,320,0.5,320,ok,False,False,results/fair_gaussian_variants_20260710_full_external_same_hparams/targets/COCO_train2014_000000000034.png,1.0642297267913818,,160
False,17.954324229207927,,none,,,640,8.630663871765137,1.204993724822998,2.9947662353515625,1.1149353981018066,none,4,106,COCO_train2014_000000000034,0.12654638290405273,500,500,1.0,none,,18.798175811767578,0.06489210575819016,160,instant_gi_quadtree_fixed,Instant-GI quadtree,Instant-GI quadtree/Delaunay fallback if STRUCTSPLAT_INSTANT_GI is configured; fixed count.,fixed-full,0.8765456080436707,0.012729516252875328,640,0.21359941363334656,l1,18.951881408691406,results/fair_gaussian_variants_20260710_full_external_same_hparams/reconstructions/COCO_train2014_000000000034/640/seed1_instant_gi_quadtree_fixed.png,,,,,cuda,,,,,1,tests/test_images/COCO_train2014_000000000034.jpg,0.6810140013694763,0.3,320,0.5,640,ok,False,False,results/fair_gaussian_variants_20260710_full_external_same_hparams/targets/COCO_train2014_000000000034.png,1.2414817810058594,,160
False,21.45579327371173,,none,,,640,160.00001525878906,5.328085899353027,17.247835159301758,1.1424658298492432,residual_add,4,106,COCO_train2014_000000000034,0.050534725189208984,500,500,1.0,none,,25.398836135864258,0.044585566967725754,160,structsplat_onedge_residual,SS on-edge + residual,StructSplat on-edge initializer under the same residual-add growth as external analogues.,same-growth,0.9471896886825562,0.0036989187356084585,640,0.12716390192508698,l1,24.319252014160156,results/fair_gaussian_variants_20260710_full_external_same_hparams/reconstructions/COCO_train2014_000000000034/640/seed1_structsplat_onedge_residual.png,,,,,cuda,,,,,1,tests/test_images/COCO_train2014_000000000034.jpg,0.766609251499176,0.3,320,0.5,320,ok,False,False,results/fair_gaussian_variants_20260710_full_external_same_hparams/targets/COCO_train2014_000000000034.png,1.1930005550384521,,160
False,21.176614338983754,,none,,,640,160.00001525878906,4.986911296844482,17.711803436279297,1.1685616970062256,residual_add+relocate,4,106,COCO_train2014_000000000034,0.05226254463195801,500,500,1.0,none,,25.164024353027344,0.04553244635462761,160,structsplat_onedge_residual_relocate,SS on-edge + residual relocate,StructSplat on-edge residual-add growth plus split-scheduled residual relocation.,same-growth+relocate,0.9429234862327576,0.0038651502691209316,640,0.13013915717601776,l1,24.128337860107422,results/fair_gaussian_variants_20260710_full_external_same_hparams/reconstructions/COCO_train2014_000000000034/640/seed1_structsplat_onedge_residual_relocate.png,20,0.25,4,at_split,cuda,,,,,1,tests/test_images/COCO_train2014_000000000034.jpg,0.7592741250991821,0.3,320,0.5,320,ok,False,False,results/fair_gaussian_variants_20260710_full_external_same_hparams/targets/COCO_train2014_000000000034.png,1.2208242416381836,,160
False,21.181998606435283,,none,,12.0,640,12.0,2.447967290878296,7.589875221252441,1.0800414085388184,residual_add,4,106,COCO_train2014_000000000034,0.05169987678527832,500,500,1.0,none,,25.093246459960938,0.04508998990058899,160,structsplat_onedge_residual_featurecap,SS on-edge + residual feature cap,StructSplat on-edge residual-add growth with feature-adaptive per-Gaussian scale caps.,same-growth+feature-cap,0.9424452781677246,0.003890945576131344,640,0.1304880678653717,l1,24.099449157714844,results/fair_gaussian_variants_20260710_full_external_same_hparams/reconstructions/COCO_train2014_000000000034/640/seed1_structsplat_onedge_residual_featurecap.png,,,,,cuda,12.0,12.0,160.0,feature,1,tests/test_images/COCO_train2014_000000000034.jpg,0.7546564936637878,0.3,320,0.5,320,ok,False,False,results/fair_gaussian_variants_20260710_full_external_same_hparams/targets/COCO_train2014_000000000034.png,1.1317412853240967,,160
False,21.483681286026336,,none,,,640,160.00001525878906,4.283230304718018,12.73193359375,1.0920889377593994,residual_add,4,106,COCO_train2014_000000000034,0.051137685775756836,500,500,1.0,none,,25.31559944152832,0.044553715735673904,160,structsplat_onedge_residual_feature_rel,SS on-edge + residual feature-rel cap,StructSplat on-edge residual-add growth with feature-relative local-radius scale caps.,same-growth+feature-rel-cap,0.9447608590126038,0.00372511544264853,640,0.1274772435426712,l1,24.288604736328125,results/fair_gaussian_variants_20260710_full_external_same_hparams/reconstructions/COCO_train2014_000000000034/640/seed1_structsplat_onedge_residual_feature_rel.png,,,,,cuda,,,,feature_rel,1,tests/test_images/COCO_train2014_000000000034.jpg,0.7631368041038513,0.3,320,0.5,320,ok,False,False,results/fair_gaussian_variants_20260710_full_external_same_hparams/targets/COCO_train2014_000000000034.png,1.1432266235351562,,160
False,21.437807042995292,,none,,,640,160.00001525878906,5.682004451751709,19.66703224182129,1.1230196952819824,residual_tensor_add,4,106,COCO_train2014_000000000034,0.05038928985595703,500,500,1.0,none,,25.202417373657227,0.045168567448854446,160,structsplat_onedge_tensor,SS on-edge + tensor,StructSplat on-edge initializer plus tensor-aware residual growth.,tensor-growth,0.945393979549408,0.0038269872311502695,640,0.12867654860019684,l1,24.171430587768555,results/fair_gaussian_variants_20260710_full_external_same_hparams/reconstructions/COCO_train2014_000000000034/640/seed1_structsplat_onedge_tensor.png,,,,,cuda,,,,,1,tests/test_images/COCO_train2014_000000000034.jpg,0.7637693881988525,0.3,320,0.5,320,ok,False,False,results/fair_gaussian_variants_20260710_full_external_same_hparams/targets/COCO_train2014_000000000034.png,1.1734089851379395,,160
False,21.29514558520728,,none,,12.0,640,12.0,2.5731968879699707,7.977329730987549,1.118757963180542,residual_tensor_add,4,106,COCO_train2014_000000000034,0.05141878128051758,500,500,1.0,none,,25.289134979248047,0.04493781924247742,160,structsplat_onedge_tensor_featurecap,SS on-edge + tensor feature cap,StructSplat on-edge tensor-aware residual growth with feature-adaptive scale caps.,tensor-growth+feature-cap,0.9446330070495605,0.0037761651910841465,640,0.12846846878528595,l1,24.229490280151367,results/fair_gaussian_variants_20260710_full_external_same_hparams/reconstructions/COCO_train2014_000000000034/640/seed1_structsplat_onedge_tensor_featurecap.png,,,,,cuda,12.0,12.0,160.0,feature,1,tests/test_images/COCO_train2014_000000000034.jpg,0.7639029622077942,0.3,320,0.5,320,ok,False,False,results/fair_gaussian_variants_20260710_full_external_same_hparams/targets/COCO_train2014_000000000034.png,1.1701767444610596,,160
False,21.54133783218139,,none,,,640,160.00001525878906,4.560511112213135,12.72854995727539,1.153165340423584,residual_tensor_add,4,106,COCO_train2014_000000000034,0.05428314208984375,500,500,1.0,none,,25.210359573364258,0.04511471465229988,160,structsplat_onedge_tensor_feature_rel,SS on-edge + tensor feature-rel cap,StructSplat on-edge tensor-aware residual growth with feature-relative local-radius caps.,tensor-growth+feature-rel-cap,0.9424815773963928,0.0038334287237375975,640,0.1289401799440384,l1,24.164127349853516,results/fair_gaussian_variants_20260710_full_external_same_hparams/reconstructions/COCO_train2014_000000000034/640/seed1_structsplat_onedge_tensor_feature_rel.png,,,,,cuda,,,,feature_rel,1,tests/test_images/COCO_train2014_000000000034.jpg,0.7610386610031128,0.3,320,0.5,320,ok,False,False,results/fair_gaussian_variants_20260710_full_external_same_hparams/targets/COCO_train2014_000000000034.png,1.2074484825134277,,160
False,21.326247175136405,,none,,,640,160.00001525878906,4.972987651824951,15.261630058288574,1.0561351776123047,residual_tensor_add,4,106,COCO_train2014_000000000034,0.054268836975097656,500,500,1.0,none,,25.217506408691406,0.04511404037475586,160,structsplat_flanking_tensor,SS flanking + tensor,StructSplat flanking initializer plus tensor-aware residual growth.,tensor-growth,0.9458437561988831,0.0038454150781035423,640,0.12945382297039032,l1,24.150569915771484,results/fair_gaussian_variants_20260710_full_external_same_hparams/reconstructions/COCO_train2014_000000000034/640/seed1_structsplat_flanking_tensor.png,,,,,cuda,,,,,1,tests/test_images/COCO_train2014_000000000034.jpg,0.7637011408805847,0.3,320,0.5,320,ok,False,False,results/fair_gaussian_variants_20260710_full_external_same_hparams/targets/COCO_train2014_000000000034.png,1.1104040145874023,,160
False,21.34444255675964,,none,,,640,160.00001525878906,4.759148120880127,14.78554916381836,1.1121571063995361,residual_add,4,106,COCO_train2014_000000000034,0.11247587203979492,500,500,1.0,none,,25.246164321899414,0.045091286301612854,160,structsplat_quadtree_wse_residual,SS qt-WSE + residual,StructSplat quadtree-WSE initializer under the same residual-add growth as external analogues.,same-growth,0.9447737336158752,0.0038026950787752867,640,0.12896063923835754,l1,24.199085235595703,results/fair_gaussian_variants_20260710_full_external_same_hparams/reconstructions/COCO_train2014_000000000034/640/seed1_structsplat_quadtree_wse_residual.png,,,,,cuda,,,,,1,tests/test_images/COCO_train2014_000000000034.jpg,0.7604815363883972,0.3,320,0.5,320,ok,False,False,results/fair_gaussian_variants_20260710_full_external_same_hparams/targets/COCO_train2014_000000000034.png,1.224632978439331,,160
False,21.139483872300875,,none,,,640,160.00001525878906,5.182705879211426,16.650192260742188,1.1871373653411865,residual_add+relocate,4,106,COCO_train2014_000000000034,0.12097549438476562,500,500,1.0,none,,25.22665023803711,0.04533101245760918,160,structsplat_quadtree_wse_residual_relocate,SS qt-WSE + residual relocate,StructSplat quadtree-WSE residual-add growth plus split-scheduled residual relocation.,same-growth+relocate,0.945155680179596,0.0038220433052629232,640,0.12905649840831757,l1,24.177045822143555,results/fair_gaussian_variants_20260710_full_external_same_hparams/reconstructions/COCO_train2014_000000000034/640/seed1_structsplat_quadtree_wse_residual_relocate.png,20,0.25,4,at_split,cuda,,,,,1,tests/test_images/COCO_train2014_000000000034.jpg,0.7615870833396912,0.3,320,0.5,320,ok,False,False,results/fair_gaussian_variants_20260710_full_external_same_hparams/targets/COCO_train2014_000000000034.png,1.3081128597259521,,160
False,21.06971618789948,,none,,12.0,640,12.0,2.493264675140381,7.801684379577637,1.0693159103393555,residual_add,4,106,COCO_train2014_000000000034,0.11287784576416016,500,500,1.0,none,,24.8269100189209,0.045812517404556274,160,structsplat_quadtree_wse_residual_featurecap,SS qt-WSE + residual feature cap,StructSplat quadtree-WSE residual-add growth with feature-adaptive scale caps.,same-growth+feature-cap,0.9389232993125916,0.004095998592674732,640,0.1331435889005661,l1,23.876401901245117,results/fair_gaussian_variants_20260710_full_external_same_hparams/reconstructions/COCO_train2014_000000000034/640/seed1_structsplat_quadtree_wse_residual_featurecap.png,,,,,cuda,12.0,12.0,160.0,feature,1,tests/test_images/COCO_train2014_000000000034.jpg,0.7524237632751465,0.3,320,0.5,320,ok,False,False,results/fair_gaussian_variants_20260710_full_external_same_hparams/targets/COCO_train2014_000000000034.png,1.1821937561035156,,160
False,21.4213713108896,,none,,,640,160.00001525878906,4.118657112121582,13.03915786743164,1.1321887969970703,residual_add,4,106,COCO_train2014_000000000034,0.10956072807312012,500,500,1.0,none,,25.297832489013672,0.04471594840288162,160,structsplat_quadtree_wse_residual_feature_rel,SS qt-WSE + residual feature-rel cap,StructSplat quadtree-WSE residual-add growth with feature-relative local-radius caps.,same-growth+feature-rel-cap,0.9431080222129822,0.0037627993151545525,640,0.12846839427947998,l1,24.244890213012695,results/fair_gaussian_variants_20260710_full_external_same_hparams/reconstructions/COCO_train2014_000000000034/640/seed1_structsplat_quadtree_wse_residual_feature_rel.png,,,,,cuda,,,,feature_rel,1,tests/test_images/COCO_train2014_000000000034.jpg,0.7585590481758118,0.3,320,0.5,320,ok,False,False,results/fair_gaussian_variants_20260710_full_external_same_hparams/targets/COCO_train2014_000000000034.png,1.2417495250701904,,160
False,21.53211349380279,,none,,,640,160.00001525878906,5.0512919425964355,15.486482620239258,1.1274797916412354,residual_tensor_add,4,106,COCO_train2014_000000000034,0.1118006706237793,500,500,1.0,none,,25.41053581237793,0.04460875317454338,160,structsplat_quadtree_wse_tensor,SS qt-WSE + tensor,StructSplat quadtree-WSE initializer plus tensor-aware residual growth.,tensor-growth,0.9485193490982056,0.0036841833498328924,640,0.12618468701839447,l1,24.33658790588379,results/fair_gaussian_variants_20260710_full_external_same_hparams/reconstructions/COCO_train2014_000000000034/640/seed1_structsplat_quadtree_wse_tensor.png,,,,,cuda,,,,,1,tests/test_images/COCO_train2014_000000000034.jpg,0.7710598111152649,0.3,320,0.5,320,ok,False,False,results/fair_gaussian_variants_20260710_full_external_same_hparams/targets/COCO_train2014_000000000034.png,1.2392804622650146,,160
False,21.325876256984795,,none,,12.0,640,12.0,2.5767970085144043,7.654163360595703,1.075864553451538,residual_tensor_add,4,106,COCO_train2014_000000000034,0.11038374900817871,500,500,1.0,none,,25.254337310791016,0.044764164835214615,160,structsplat_quadtree_wse_tensor_featurecap,SS qt-WSE + tensor feature cap,StructSplat quadtree-WSE tensor-aware residual growth with feature-adaptive scale caps.,tensor-growth+feature-cap,0.9405792951583862,0.003845944069325924,640,0.12986019253730774,l1,24.14997100830078,results/fair_gaussian_variants_20260710_full_external_same_hparams/reconstructions/COCO_train2014_000000000034/640/seed1_structsplat_quadtree_wse_tensor_featurecap.png,,,,,cuda,12.0,12.0,160.0,feature,1,tests/test_images/COCO_train2014_000000000034.jpg,0.7592981457710266,0.3,320,0.5,320,ok,False,False,results/fair_gaussian_variants_20260710_full_external_same_hparams/targets/COCO_train2014_000000000034.png,1.1862483024597168,,160
False,21.519741742548817,,none,,,640,160.00001525878906,4.342869758605957,13.41891098022461,1.0772159099578857,residual_tensor_add,4,106,COCO_train2014_000000000034,0.11012458801269531,500,500,1.0,none,,25.32012176513672,0.04437243193387985,160,structsplat_quadtree_wse_tensor_feature_rel,SS qt-WSE + tensor feature-rel cap,StructSplat quadtree-WSE tensor-aware residual growth with feature-relative local-radius caps.,tensor-growth+feature-rel-cap,0.9455544352531433,0.003714446909725666,640,0.127859428524971,l1,24.30105972290039,results/fair_gaussian_variants_20260710_full_external_same_hparams/reconstructions/COCO_train2014_000000000034/640/seed1_structsplat_quadtree_wse_tensor_feature_rel.png,,,,,cuda,,,,feature_rel,1,tests/test_images/COCO_train2014_000000000034.jpg,0.7642172574996948,0.3,320,0.5,320,ok,False,False,results/fair_gaussian_variants_20260710_full_external_same_hparams/targets/COCO_train2014_000000000034.png,1.187340497970581,,160
False,21.393056429937513,,none,,,640,160.00001525878906,5.306180477142334,18.317607879638672,1.0856153964996338,residual_tensor_add,4,106,COCO_train2014_000000000034,0.07476091384887695,500,500,1.0,none,,25.13643455505371,0.045623067766427994,160,structsplat_quadtree_hybrid_tensor,SS qt-hybrid + tensor,StructSplat quadtree-hybrid initializer plus tensor-aware residual growth.,tensor-growth,0.9436454176902771,0.0038542128168046474,640,0.1294853389263153,l1,24.140644073486328,results/fair_gaussian_variants_20260710_full_external_same_hparams/reconstructions/COCO_train2014_000000000034/640/seed1_structsplat_quadtree_hybrid_tensor.png,,,,,cuda,,,,,1,tests/test_images/COCO_train2014_000000000034.jpg,0.7599368095397949,0.3,320,0.5,320,ok,False,False,results/fair_gaussian_variants_20260710_full_external_same_hparams/targets/COCO_train2014_000000000034.png,1.1603763103485107,,160
False,20.94758157978555,,none,,,640,97.32099914550781,4.918071746826172,19.72440528869629,1.1009140014648438,residual_tensor_add,4,106,COCO_train2014_000000000034,0.0216219425201416,500,500,1.0,none,,24.921615600585938,0.04684523120522499,160,floyd_steinberg_tensor,Floyd + tensor,Floyd-Steinberg placement control plus tensor-aware residual growth.,tensor-growth-control,0.9381243586540222,0.004047236405313015,640,0.13174667954444885,l1,23.92841339111328,results/fair_gaussian_variants_20260710_full_external_same_hparams/reconstructions/COCO_train2014_000000000034/640/seed1_floyd_steinberg_tensor.png,,,,,cuda,,,,,1,tests/test_images/COCO_train2014_000000000034.jpg,0.7499595284461975,0.3,320,0.5,320,ok,False,False,results/fair_gaussian_variants_20260710_full_external_same_hparams/targets/COCO_train2014_000000000034.png,1.1225359439849854,,160
